timestamp,station,channel,data_type,view,value,units
2026-04-08T17:30:00.000Z,BOU,X,adjusted,channel,20458.891,nT
2026-04-08T17:31:00.000Z,BOU,X,adjusted,channel,20458.913,nT
2026-04-08T17:32:00.000Z,BOU,X,adjusted,channel,20458.716,nT
2026-04-08T17:33:00.000Z,BOU,X,adjusted,channel,20458.909,nT
2026-04-08T17:34:00.000Z,BOU,X,adjusted,channel,20459.12,nT
2026-04-08T17:35:00.000Z,BOU,X,adjusted,channel,20459.098,nT
2026-04-08T17:36:00.000Z,BOU,X,adjusted,channel,20458.93,nT
2026-04-08T17:37:00.000Z,BOU,X,adjusted,channel,20458.733,nT
2026-04-08T17:38:00.000Z,BOU,X,adjusted,channel,20458.659,nT
2026-04-08T17:39:00.000Z,BOU,X,adjusted,channel,20458.621,nT
2026-04-08T17:40:00.000Z,BOU,X,adjusted,channel,20458.621,nT
2026-04-08T17:41:00.000Z,BOU,X,adjusted,channel,20458.418,nT
2026-04-08T17:42:00.000Z,BOU,X,adjusted,channel,20458.297,nT
2026-04-08T17:43:00.000Z,BOU,X,adjusted,channel,20458.377,nT
2026-04-08T17:44:00.000Z,BOU,X,adjusted,channel,20458.375,nT
2026-04-08T17:45:00.000Z,BOU,X,adjusted,channel,20458.471,nT
2026-04-08T17:46:00.000Z,BOU,X,adjusted,channel,20458.458,nT
2026-04-08T17:47:00.000Z,BOU,X,adjusted,channel,20458.003,nT
2026-04-08T17:48:00.000Z,BOU,X,adjusted,channel,20457.41,nT
2026-04-08T17:49:00.000Z,BOU,X,adjusted,channel,20457.104,nT
2026-04-08T17:50:00.000Z,BOU,X,adjusted,channel,20456.659,nT
2026-04-08T17:51:00.000Z,BOU,X,adjusted,channel,20456.138,nT
2026-04-08T17:52:00.000Z,BOU,X,adjusted,channel,20455.938,nT
2026-04-08T17:53:00.000Z,BOU,X,adjusted,channel,20455.637,nT
2026-04-08T17:54:00.000Z,BOU,X,adjusted,channel,20455.61,nT
2026-04-08T17:55:00.000Z,BOU,X,adjusted,channel,20455.617,nT
2026-04-08T17:56:00.000Z,BOU,X,adjusted,channel,20455.839,nT
2026-04-08T17:57:00.000Z,BOU,X,adjusted,channel,20455.79,nT
2026-04-08T17:58:00.000Z,BOU,X,adjusted,channel,20456.135,nT
2026-04-08T17:59:00.000Z,BOU,X,adjusted,channel,20456.515,nT
2026-04-08T18:00:00.000Z,BOU,X,adjusted,channel,20456.819,nT
2026-04-08T18:01:00.000Z,BOU,X,adjusted,channel,20457.129,nT
2026-04-08T18:02:00.000Z,BOU,X,adjusted,channel,20457.27,nT
2026-04-08T18:03:00.000Z,BOU,X,adjusted,channel,20457.505,nT
2026-04-08T18:04:00.000Z,BOU,X,adjusted,channel,20457.707,nT
2026-04-08T18:05:00.000Z,BOU,X,adjusted,channel,20457.838,nT
2026-04-08T18:06:00.000Z,BOU,X,adjusted,channel,20458.084,nT
2026-04-08T18:07:00.000Z,BOU,X,adjusted,channel,20458.564,nT
2026-04-08T18:08:00.000Z,BOU,X,adjusted,channel,20458.544,nT
2026-04-08T18:09:00.000Z,BOU,X,adjusted,channel,20458.463,nT
2026-04-08T18:10:00.000Z,BOU,X,adjusted,channel,20458.562,nT
2026-04-08T18:11:00.000Z,BOU,X,adjusted,channel,20458.647,nT
2026-04-08T18:12:00.000Z,BOU,X,adjusted,channel,20458.679,nT
2026-04-08T18:13:00.000Z,BOU,X,adjusted,channel,20458.796,nT
2026-04-08T18:14:00.000Z,BOU,X,adjusted,channel,20458.676,nT
2026-04-08T18:15:00.000Z,BOU,X,adjusted,channel,20458.408,nT
2026-04-08T18:16:00.000Z,BOU,X,adjusted,channel,20458.503,nT
2026-04-08T18:17:00.000Z,BOU,X,adjusted,channel,20458.746,nT
2026-04-08T18:18:00.000Z,BOU,X,adjusted,channel,20459.101,nT
2026-04-08T18:19:00.000Z,BOU,X,adjusted,channel,20459.244,nT
2026-04-08T18:20:00.000Z,BOU,X,adjusted,channel,20459.523,nT
2026-04-08T18:21:00.000Z,BOU,X,adjusted,channel,20459.423,nT
2026-04-08T18:22:00.000Z,BOU,X,adjusted,channel,20458.982,nT
2026-04-08T18:23:00.000Z,BOU,X,adjusted,channel,20458.416,nT
2026-04-08T18:24:00.000Z,BOU,X,adjusted,channel,20457.95,nT
2026-04-08T18:25:00.000Z,BOU,X,adjusted,channel,20458.02,nT
2026-04-08T18:26:00.000Z,BOU,X,adjusted,channel,20457.721,nT
2026-04-08T18:27:00.000Z,BOU,X,adjusted,channel,20457.549,nT
2026-04-08T18:28:00.000Z,BOU,X,adjusted,channel,20457.286,nT
2026-04-08T18:29:00.000Z,BOU,X,adjusted,channel,20456.998,nT
2026-04-08T18:30:00.000Z,BOU,X,adjusted,channel,20456.743,nT
2026-04-08T18:31:00.000Z,BOU,X,adjusted,channel,20456.69,nT
2026-04-08T18:32:00.000Z,BOU,X,adjusted,channel,20456.775,nT
2026-04-08T18:33:00.000Z,BOU,X,adjusted,channel,20456.406,nT
2026-04-08T18:34:00.000Z,BOU,X,adjusted,channel,20456.443,nT
2026-04-08T18:35:00.000Z,BOU,X,adjusted,channel,20456.218,nT
2026-04-08T18:36:00.000Z,BOU,X,adjusted,channel,20456.327,nT
2026-04-08T18:37:00.000Z,BOU,X,adjusted,channel,20456.567,nT
2026-04-08T18:38:00.000Z,BOU,X,adjusted,channel,20456.482,nT
2026-04-08T18:39:00.000Z,BOU,X,adjusted,channel,20456.666,nT
2026-04-08T18:40:00.000Z,BOU,X,adjusted,channel,20456.825,nT
2026-04-08T18:41:00.000Z,BOU,X,adjusted,channel,20457.003,nT
2026-04-08T18:42:00.000Z,BOU,X,adjusted,channel,20456.697,nT
2026-04-08T18:43:00.000Z,BOU,X,adjusted,channel,20456.635,nT
2026-04-08T18:44:00.000Z,BOU,X,adjusted,channel,20456.441,nT
2026-04-08T18:45:00.000Z,BOU,X,adjusted,channel,20456.388,nT
2026-04-08T18:46:00.000Z,BOU,X,adjusted,channel,20456.439,nT
2026-04-08T18:47:00.000Z,BOU,X,adjusted,channel,20456.341,nT
2026-04-08T18:48:00.000Z,BOU,X,adjusted,channel,20456.13,nT
2026-04-08T18:49:00.000Z,BOU,X,adjusted,channel,20455.726,nT
2026-04-08T18:50:00.000Z,BOU,X,adjusted,channel,20455.779,nT
2026-04-08T18:51:00.000Z,BOU,X,adjusted,channel,20455.421,nT
2026-04-08T18:52:00.000Z,BOU,X,adjusted,channel,20454.703,nT
2026-04-08T18:53:00.000Z,BOU,X,adjusted,channel,20454.658,nT
2026-04-08T18:54:00.000Z,BOU,X,adjusted,channel,20454.545,nT
2026-04-08T18:55:00.000Z,BOU,X,adjusted,channel,20453.968,nT
2026-04-08T18:56:00.000Z,BOU,X,adjusted,channel,20453.123,nT
2026-04-08T18:57:00.000Z,BOU,X,adjusted,channel,20452.904,nT
2026-04-08T18:58:00.000Z,BOU,X,adjusted,channel,20452.657,nT
2026-04-08T18:59:00.000Z,BOU,X,adjusted,channel,20452.606,nT
2026-04-08T19:00:00.000Z,BOU,X,adjusted,channel,20452.599,nT
2026-04-08T19:01:00.000Z,BOU,X,adjusted,channel,20452.691,nT
2026-04-08T19:02:00.000Z,BOU,X,adjusted,channel,20452.678,nT
2026-04-08T19:03:00.000Z,BOU,X,adjusted,channel,20452.644,nT
2026-04-08T19:04:00.000Z,BOU,X,adjusted,channel,20452.732,nT
2026-04-08T19:05:00.000Z,BOU,X,adjusted,channel,20452.711,nT
2026-04-08T19:06:00.000Z,BOU,X,adjusted,channel,20452.949,nT
2026-04-08T19:07:00.000Z,BOU,X,adjusted,channel,20453.302,nT
2026-04-08T19:08:00.000Z,BOU,X,adjusted,channel,20453.381,nT
2026-04-08T19:09:00.000Z,BOU,X,adjusted,channel,20453.556,nT
2026-04-08T19:10:00.000Z,BOU,X,adjusted,channel,20453.79,nT
2026-04-08T19:11:00.000Z,BOU,X,adjusted,channel,20453.803,nT
2026-04-08T19:12:00.000Z,BOU,X,adjusted,channel,20453.799,nT
2026-04-08T19:13:00.000Z,BOU,X,adjusted,channel,20454.228,nT
2026-04-08T19:14:00.000Z,BOU,X,adjusted,channel,20454.793,nT
2026-04-08T19:15:00.000Z,BOU,X,adjusted,channel,20454.961,nT
2026-04-08T19:16:00.000Z,BOU,X,adjusted,channel,20454.716,nT
2026-04-08T19:17:00.000Z,BOU,X,adjusted,channel,20454.643,nT
2026-04-08T19:18:00.000Z,BOU,X,adjusted,channel,20454.68,nT
2026-04-08T19:19:00.000Z,BOU,X,adjusted,channel,20454.618,nT
2026-04-08T19:20:00.000Z,BOU,X,adjusted,channel,20454.471,nT
2026-04-08T19:21:00.000Z,BOU,X,adjusted,channel,20454.347,nT
2026-04-08T19:22:00.000Z,BOU,X,adjusted,channel,20454.126,nT
2026-04-08T19:23:00.000Z,BOU,X,adjusted,channel,20453.659,nT
2026-04-08T19:24:00.000Z,BOU,X,adjusted,channel,20453.031,nT
2026-04-08T19:25:00.000Z,BOU,X,adjusted,channel,20452.855,nT
2026-04-08T19:26:00.000Z,BOU,X,adjusted,channel,20452.575,nT
2026-04-08T19:27:00.000Z,BOU,X,adjusted,channel,20452.101,nT
2026-04-08T19:28:00.000Z,BOU,X,adjusted,channel,20452.014,nT
2026-04-08T19:29:00.000Z,BOU,X,adjusted,channel,20451.867,nT
2026-04-08T19:30:00.000Z,BOU,X,adjusted,channel,20451.603,nT
2026-04-08T19:31:00.000Z,BOU,X,adjusted,channel,20451.456,nT
2026-04-08T19:32:00.000Z,BOU,X,adjusted,channel,20450.997,nT
2026-04-08T19:33:00.000Z,BOU,X,adjusted,channel,20450.75,nT
2026-04-08T19:34:00.000Z,BOU,X,adjusted,channel,20450.867,nT
2026-04-08T19:35:00.000Z,BOU,X,adjusted,channel,20450.519,nT
2026-04-08T19:36:00.000Z,BOU,X,adjusted,channel,20450.246,nT
2026-04-08T19:37:00.000Z,BOU,X,adjusted,channel,20450.453,nT
2026-04-08T19:38:00.000Z,BOU,X,adjusted,channel,20450.867,nT
2026-04-08T19:39:00.000Z,BOU,X,adjusted,channel,20451.075,nT
2026-04-08T19:40:00.000Z,BOU,X,adjusted,channel,20451.325,nT
2026-04-08T19:41:00.000Z,BOU,X,adjusted,channel,20451.409,nT
2026-04-08T19:42:00.000Z,BOU,X,adjusted,channel,20451.604,nT
2026-04-08T19:43:00.000Z,BOU,X,adjusted,channel,20451.898,nT
2026-04-08T19:44:00.000Z,BOU,X,adjusted,channel,20451.853,nT
2026-04-08T19:45:00.000Z,BOU,X,adjusted,channel,20451.93,nT
2026-04-08T19:46:00.000Z,BOU,X,adjusted,channel,20452.023,nT
2026-04-08T19:47:00.000Z,BOU,X,adjusted,channel,20452.251,nT
2026-04-08T19:48:00.000Z,BOU,X,adjusted,channel,20452.214,nT
2026-04-08T19:49:00.000Z,BOU,X,adjusted,channel,20452.199,nT
2026-04-08T19:50:00.000Z,BOU,X,adjusted,channel,20452.486,nT
2026-04-08T19:51:00.000Z,BOU,X,adjusted,channel,20452.836,nT
2026-04-08T19:52:00.000Z,BOU,X,adjusted,channel,20452.783,nT
2026-04-08T19:53:00.000Z,BOU,X,adjusted,channel,20452.785,nT
2026-04-08T19:54:00.000Z,BOU,X,adjusted,channel,20452.701,nT
2026-04-08T19:55:00.000Z,BOU,X,adjusted,channel,20452.754,nT
2026-04-08T19:56:00.000Z,BOU,X,adjusted,channel,20453.044,nT
2026-04-08T19:57:00.000Z,BOU,X,adjusted,channel,20452.664,nT
2026-04-08T19:58:00.000Z,BOU,X,adjusted,channel,20452.744,nT
2026-04-08T19:59:00.000Z,BOU,X,adjusted,channel,20453.077,nT
2026-04-08T20:00:00.000Z,BOU,X,adjusted,channel,20453.133,nT
2026-04-08T20:01:00.000Z,BOU,X,adjusted,channel,20453.367,nT
2026-04-08T20:02:00.000Z,BOU,X,adjusted,channel,20453.511,nT
2026-04-08T20:03:00.000Z,BOU,X,adjusted,channel,20453.747,nT
2026-04-08T20:04:00.000Z,BOU,X,adjusted,channel,20453.925,nT
2026-04-08T20:05:00.000Z,BOU,X,adjusted,channel,20454.209,nT
2026-04-08T20:06:00.000Z,BOU,X,adjusted,channel,20454.284,nT
2026-04-08T20:07:00.000Z,BOU,X,adjusted,channel,20454.38,nT
2026-04-08T20:08:00.000Z,BOU,X,adjusted,channel,20454.175,nT
2026-04-08T20:09:00.000Z,BOU,X,adjusted,channel,20454.001,nT
2026-04-08T20:10:00.000Z,BOU,X,adjusted,channel,20454.342,nT
2026-04-08T20:11:00.000Z,BOU,X,adjusted,channel,20454.925,nT
2026-04-08T20:12:00.000Z,BOU,X,adjusted,channel,20455.239,nT
2026-04-08T20:13:00.000Z,BOU,X,adjusted,channel,20455.448,nT
2026-04-08T20:14:00.000Z,BOU,X,adjusted,channel,20455.472,nT
2026-04-08T20:15:00.000Z,BOU,X,adjusted,channel,20455.61,nT
2026-04-08T20:16:00.000Z,BOU,X,adjusted,channel,20456.986,nT
2026-04-08T20:17:00.000Z,BOU,X,adjusted,channel,20456.924,nT
2026-04-08T20:18:00.000Z,BOU,X,adjusted,channel,20457.404,nT
2026-04-08T20:19:00.000Z,BOU,X,adjusted,channel,20457.048,nT
2026-04-08T20:20:00.000Z,BOU,X,adjusted,channel,20457.554,nT
2026-04-08T20:21:00.000Z,BOU,X,adjusted,channel,20457.716,nT
2026-04-08T20:22:00.000Z,BOU,X,adjusted,channel,20457.944,nT
2026-04-08T20:23:00.000Z,BOU,X,adjusted,channel,20458.262,nT
2026-04-08T20:24:00.000Z,BOU,X,adjusted,channel,20458.406,nT
2026-04-08T20:25:00.000Z,BOU,X,adjusted,channel,20458.825,nT
2026-04-08T20:26:00.000Z,BOU,X,adjusted,channel,20459.492,nT
2026-04-08T20:27:00.000Z,BOU,X,adjusted,channel,20460.072,nT
2026-04-08T20:28:00.000Z,BOU,X,adjusted,channel,20459.493,nT
2026-04-08T20:29:00.000Z,BOU,X,adjusted,channel,20459.989,nT
2026-04-08T20:30:00.000Z,BOU,X,adjusted,channel,20460.447,nT
2026-04-08T20:31:00.000Z,BOU,X,adjusted,channel,20461.75,nT
2026-04-08T20:32:00.000Z,BOU,X,adjusted,channel,20462.415,nT
2026-04-08T20:33:00.000Z,BOU,X,adjusted,channel,20461.806,nT
2026-04-08T20:34:00.000Z,BOU,X,adjusted,channel,20461.402,nT
2026-04-08T20:35:00.000Z,BOU,X,adjusted,channel,20460.457,nT
2026-04-08T20:36:00.000Z,BOU,X,adjusted,channel,20459.092,nT
2026-04-08T20:37:00.000Z,BOU,X,adjusted,channel,20458.512,nT
2026-04-08T20:38:00.000Z,BOU,X,adjusted,channel,20458.77,nT
2026-04-08T20:39:00.000Z,BOU,X,adjusted,channel,20459.049,nT
2026-04-08T20:40:00.000Z,BOU,X,adjusted,channel,20458.561,nT
2026-04-08T20:41:00.000Z,BOU,X,adjusted,channel,20458.748,nT
2026-04-08T20:42:00.000Z,BOU,X,adjusted,channel,20459.02,nT
2026-04-08T20:43:00.000Z,BOU,X,adjusted,channel,20459.226,nT
2026-04-08T20:44:00.000Z,BOU,X,adjusted,channel,20459.051,nT
2026-04-08T20:45:00.000Z,BOU,X,adjusted,channel,20458.986,nT
2026-04-08T20:46:00.000Z,BOU,X,adjusted,channel,20459.574,nT
2026-04-08T20:47:00.000Z,BOU,X,adjusted,channel,20460.261,nT
2026-04-08T20:48:00.000Z,BOU,X,adjusted,channel,20460.455,nT
2026-04-08T20:49:00.000Z,BOU,X,adjusted,channel,20461.833,nT
2026-04-08T20:50:00.000Z,BOU,X,adjusted,channel,20462.959,nT
2026-04-08T20:51:00.000Z,BOU,X,adjusted,channel,20463.184,nT
2026-04-08T20:52:00.000Z,BOU,X,adjusted,channel,20462.932,nT
2026-04-08T20:53:00.000Z,BOU,X,adjusted,channel,20462.523,nT
2026-04-08T20:54:00.000Z,BOU,X,adjusted,channel,20462.34,nT
2026-04-08T20:55:00.000Z,BOU,X,adjusted,channel,20462.379,nT
2026-04-08T20:56:00.000Z,BOU,X,adjusted,channel,20461.92,nT
2026-04-08T20:57:00.000Z,BOU,X,adjusted,channel,20462.331,nT
2026-04-08T20:58:00.000Z,BOU,X,adjusted,channel,20462.738,nT
2026-04-08T20:59:00.000Z,BOU,X,adjusted,channel,20462.847,nT
2026-04-08T21:00:00.000Z,BOU,X,adjusted,channel,20463.712,nT
2026-04-08T21:01:00.000Z,BOU,X,adjusted,channel,20464.097,nT
2026-04-08T21:02:00.000Z,BOU,X,adjusted,channel,20464.575,nT
2026-04-08T21:03:00.000Z,BOU,X,adjusted,channel,20465.186,nT
2026-04-08T21:04:00.000Z,BOU,X,adjusted,channel,20465.849,nT
2026-04-08T21:05:00.000Z,BOU,X,adjusted,channel,20466.03,nT
2026-04-08T21:06:00.000Z,BOU,X,adjusted,channel,20466.197,nT
2026-04-08T21:07:00.000Z,BOU,X,adjusted,channel,20466.724,nT
2026-04-08T21:08:00.000Z,BOU,X,adjusted,channel,20467.134,nT
2026-04-08T21:09:00.000Z,BOU,X,adjusted,channel,20467.207,nT
2026-04-08T21:10:00.000Z,BOU,X,adjusted,channel,20467.498,nT
2026-04-08T21:11:00.000Z,BOU,X,adjusted,channel,20467.722,nT
2026-04-08T21:12:00.000Z,BOU,X,adjusted,channel,20467.557,nT
2026-04-08T21:13:00.000Z,BOU,X,adjusted,channel,20467.509,nT
2026-04-08T21:14:00.000Z,BOU,X,adjusted,channel,20467.821,nT
2026-04-08T21:15:00.000Z,BOU,X,adjusted,channel,20468.262,nT
2026-04-08T21:16:00.000Z,BOU,X,adjusted,channel,20468.229,nT
2026-04-08T21:17:00.000Z,BOU,X,adjusted,channel,20468.174,nT
2026-04-08T21:18:00.000Z,BOU,X,adjusted,channel,20468.096,nT
2026-04-08T21:19:00.000Z,BOU,X,adjusted,channel,20468.216,nT
2026-04-08T21:20:00.000Z,BOU,X,adjusted,channel,20468.418,nT
2026-04-08T21:21:00.000Z,BOU,X,adjusted,channel,20468.614,nT
2026-04-08T21:22:00.000Z,BOU,X,adjusted,channel,20468.61,nT
2026-04-08T21:23:00.000Z,BOU,X,adjusted,channel,20468.794,nT
2026-04-08T21:24:00.000Z,BOU,X,adjusted,channel,20469.219,nT
2026-04-08T21:25:00.000Z,BOU,X,adjusted,channel,20469.398,nT
2026-04-08T21:26:00.000Z,BOU,X,adjusted,channel,20469.859,nT
2026-04-08T21:27:00.000Z,BOU,X,adjusted,channel,20470.38,nT
2026-04-08T21:28:00.000Z,BOU,X,adjusted,channel,20470.963,nT
2026-04-08T21:29:00.000Z,BOU,X,adjusted,channel,20471.606,nT
2026-04-08T21:30:00.000Z,BOU,X,adjusted,channel,20471.852,nT
2026-04-08T21:31:00.000Z,BOU,X,adjusted,channel,20471.828,nT
2026-04-08T21:32:00.000Z,BOU,X,adjusted,channel,20471.738,nT
2026-04-08T21:33:00.000Z,BOU,X,adjusted,channel,20471.999,nT
2026-04-08T21:34:00.000Z,BOU,X,adjusted,channel,20472.206,nT
2026-04-08T21:35:00.000Z,BOU,X,adjusted,channel,20472.337,nT
2026-04-08T21:36:00.000Z,BOU,X,adjusted,channel,20472.682,nT
2026-04-08T21:37:00.000Z,BOU,X,adjusted,channel,20473.043,nT
2026-04-08T21:38:00.000Z,BOU,X,adjusted,channel,20473.304,nT
2026-04-08T21:39:00.000Z,BOU,X,adjusted,channel,20473.527,nT
2026-04-08T21:40:00.000Z,BOU,X,adjusted,channel,20473.792,nT
2026-04-08T21:41:00.000Z,BOU,X,adjusted,channel,20474.045,nT
2026-04-08T21:42:00.000Z,BOU,X,adjusted,channel,20473.844,nT
2026-04-08T21:43:00.000Z,BOU,X,adjusted,channel,20473.594,nT
2026-04-08T21:44:00.000Z,BOU,X,adjusted,channel,20473.511,nT
2026-04-08T21:45:00.000Z,BOU,X,adjusted,channel,20473.323,nT
2026-04-08T21:46:00.000Z,BOU,X,adjusted,channel,20473.202,nT
2026-04-08T21:47:00.000Z,BOU,X,adjusted,channel,20473.541,nT
2026-04-08T21:48:00.000Z,BOU,X,adjusted,channel,20473.976,nT
2026-04-08T21:49:00.000Z,BOU,X,adjusted,channel,20474.419,nT
2026-04-08T21:50:00.000Z,BOU,X,adjusted,channel,20474.414,nT
2026-04-08T21:51:00.000Z,BOU,X,adjusted,channel,20474.33,nT
2026-04-08T21:52:00.000Z,BOU,X,adjusted,channel,20474.812,nT
2026-04-08T21:53:00.000Z,BOU,X,adjusted,channel,20475.038,nT
2026-04-08T21:54:00.000Z,BOU,X,adjusted,channel,20475.13,nT
2026-04-08T21:55:00.000Z,BOU,X,adjusted,channel,20475.123,nT
2026-04-08T21:56:00.000Z,BOU,X,adjusted,channel,20475.247,nT
2026-04-08T21:57:00.000Z,BOU,X,adjusted,channel,20475.519,nT
2026-04-08T21:58:00.000Z,BOU,X,adjusted,channel,20475.85,nT
2026-04-08T21:59:00.000Z,BOU,X,adjusted,channel,20476.123,nT
2026-04-08T22:00:00.000Z,BOU,X,adjusted,channel,20476.538,nT
2026-04-08T22:01:00.000Z,BOU,X,adjusted,channel,20476.744,nT
2026-04-08T22:02:00.000Z,BOU,X,adjusted,channel,20476.949,nT
2026-04-08T22:03:00.000Z,BOU,X,adjusted,channel,20477.248,nT
2026-04-08T22:04:00.000Z,BOU,X,adjusted,channel,20476.997,nT
2026-04-08T22:05:00.000Z,BOU,X,adjusted,channel,20476.968,nT
2026-04-08T22:06:00.000Z,BOU,X,adjusted,channel,20476.827,nT
2026-04-08T22:07:00.000Z,BOU,X,adjusted,channel,20476.396,nT
2026-04-08T22:08:00.000Z,BOU,X,adjusted,channel,20476.009,nT
2026-04-08T22:09:00.000Z,BOU,X,adjusted,channel,20476.336,nT
2026-04-08T22:10:00.000Z,BOU,X,adjusted,channel,20476.546,nT
2026-04-08T22:11:00.000Z,BOU,X,adjusted,channel,20476.356,nT
2026-04-08T22:12:00.000Z,BOU,X,adjusted,channel,20476.478,nT
2026-04-08T22:13:00.000Z,BOU,X,adjusted,channel,20476.94,nT
2026-04-08T22:14:00.000Z,BOU,X,adjusted,channel,20477.291,nT
2026-04-08T22:15:00.000Z,BOU,X,adjusted,channel,20477.485,nT
2026-04-08T22:16:00.000Z,BOU,X,adjusted,channel,20477.947,nT
2026-04-08T22:17:00.000Z,BOU,X,adjusted,channel,20478.632,nT
2026-04-08T22:18:00.000Z,BOU,X,adjusted,channel,20478.979,nT
2026-04-08T22:19:00.000Z,BOU,X,adjusted,channel,20479.24,nT
2026-04-08T22:20:00.000Z,BOU,X,adjusted,channel,20479.198,nT
2026-04-08T22:21:00.000Z,BOU,X,adjusted,channel,20479.725,nT
2026-04-08T22:22:00.000Z,BOU,X,adjusted,channel,20480.195,nT
2026-04-08T22:23:00.000Z,BOU,X,adjusted,channel,20480.639,nT
2026-04-08T22:24:00.000Z,BOU,X,adjusted,channel,20480.576,nT
2026-04-08T22:25:00.000Z,BOU,X,adjusted,channel,20480.675,nT
2026-04-08T22:26:00.000Z,BOU,X,adjusted,channel,20480.874,nT
2026-04-08T22:27:00.000Z,BOU,X,adjusted,channel,20480.753,nT
2026-04-08T22:28:00.000Z,BOU,X,adjusted,channel,20480.452,nT
2026-04-08T22:29:00.000Z,BOU,X,adjusted,channel,20480.18,nT
2026-04-08T22:30:00.000Z,BOU,X,adjusted,channel,20480.339,nT
2026-04-08T22:31:00.000Z,BOU,X,adjusted,channel,20480.917,nT
2026-04-08T22:32:00.000Z,BOU,X,adjusted,channel,20481.166,nT
2026-04-08T22:33:00.000Z,BOU,X,adjusted,channel,20481.31,nT
2026-04-08T22:34:00.000Z,BOU,X,adjusted,channel,20481.368,nT
2026-04-08T22:35:00.000Z,BOU,X,adjusted,channel,20481.689,nT
2026-04-08T22:36:00.000Z,BOU,X,adjusted,channel,20481.865,nT
2026-04-08T22:37:00.000Z,BOU,X,adjusted,channel,20481.697,nT
2026-04-08T22:38:00.000Z,BOU,X,adjusted,channel,20481.588,nT
2026-04-08T22:39:00.000Z,BOU,X,adjusted,channel,20481.311,nT
2026-04-08T22:40:00.000Z,BOU,X,adjusted,channel,20480.916,nT
2026-04-08T22:41:00.000Z,BOU,X,adjusted,channel,20480.801,nT
2026-04-08T22:42:00.000Z,BOU,X,adjusted,channel,20480.839,nT
2026-04-08T22:43:00.000Z,BOU,X,adjusted,channel,20481.129,nT
2026-04-08T22:44:00.000Z,BOU,X,adjusted,channel,20480.992,nT
2026-04-08T22:45:00.000Z,BOU,X,adjusted,channel,20481.036,nT
2026-04-08T22:46:00.000Z,BOU,X,adjusted,channel,20481.151,nT
2026-04-08T22:47:00.000Z,BOU,X,adjusted,channel,20481.355,nT
2026-04-08T22:48:00.000Z,BOU,X,adjusted,channel,20481.684,nT
2026-04-08T22:49:00.000Z,BOU,X,adjusted,channel,20481.884,nT
2026-04-08T22:50:00.000Z,BOU,X,adjusted,channel,20482.324,nT
2026-04-08T22:51:00.000Z,BOU,X,adjusted,channel,20482.723,nT
2026-04-08T22:52:00.000Z,BOU,X,adjusted,channel,20483.232,nT
2026-04-08T22:53:00.000Z,BOU,X,adjusted,channel,20483.446,nT
2026-04-08T22:54:00.000Z,BOU,X,adjusted,channel,20484.067,nT
2026-04-08T22:55:00.000Z,BOU,X,adjusted,channel,20484.192,nT
2026-04-08T22:56:00.000Z,BOU,X,adjusted,channel,20483.547,nT
2026-04-08T22:57:00.000Z,BOU,X,adjusted,channel,20483.471,nT
2026-04-08T22:58:00.000Z,BOU,X,adjusted,channel,20483.279,nT
2026-04-08T22:59:00.000Z,BOU,X,adjusted,channel,20483.068,nT
2026-04-08T23:00:00.000Z,BOU,X,adjusted,channel,20483.55,nT
2026-04-08T23:01:00.000Z,BOU,X,adjusted,channel,20483.828,nT
2026-04-08T23:02:00.000Z,BOU,X,adjusted,channel,20484.812,nT
2026-04-08T23:03:00.000Z,BOU,X,adjusted,channel,20485.252,nT
2026-04-08T23:04:00.000Z,BOU,X,adjusted,channel,20485.258,nT
2026-04-08T23:05:00.000Z,BOU,X,adjusted,channel,20485.751,nT
2026-04-08T23:06:00.000Z,BOU,X,adjusted,channel,20486.62,nT
2026-04-08T23:07:00.000Z,BOU,X,adjusted,channel,20486.852,nT
2026-04-08T23:08:00.000Z,BOU,X,adjusted,channel,20486.773,nT
2026-04-08T23:09:00.000Z,BOU,X,adjusted,channel,20486.987,nT
2026-04-08T23:10:00.000Z,BOU,X,adjusted,channel,20486.793,nT
2026-04-08T23:11:00.000Z,BOU,X,adjusted,channel,20486.201,nT
2026-04-08T23:12:00.000Z,BOU,X,adjusted,channel,20485.769,nT
2026-04-08T23:13:00.000Z,BOU,X,adjusted,channel,20485.519,nT
2026-04-08T23:14:00.000Z,BOU,X,adjusted,channel,20485.381,nT
2026-04-08T23:15:00.000Z,BOU,X,adjusted,channel,20485.432,nT
2026-04-08T23:16:00.000Z,BOU,X,adjusted,channel,20485.353,nT
2026-04-08T23:17:00.000Z,BOU,X,adjusted,channel,20485.305,nT
2026-04-08T23:18:00.000Z,BOU,X,adjusted,channel,20485.382,nT
2026-04-08T23:19:00.000Z,BOU,X,adjusted,channel,20485.257,nT
2026-04-08T23:20:00.000Z,BOU,X,adjusted,channel,20485.529,nT
2026-04-08T23:21:00.000Z,BOU,X,adjusted,channel,20485.321,nT
2026-04-08T23:22:00.000Z,BOU,X,adjusted,channel,20485.539,nT
2026-04-08T23:23:00.000Z,BOU,X,adjusted,channel,20485.907,nT
2026-04-08T23:24:00.000Z,BOU,X,adjusted,channel,20485.966,nT
2026-04-08T23:25:00.000Z,BOU,X,adjusted,channel,20486.035,nT
2026-04-08T23:26:00.000Z,BOU,X,adjusted,channel,20485.924,nT
2026-04-08T23:27:00.000Z,BOU,X,adjusted,channel,20485.906,nT
2026-04-08T23:28:00.000Z,BOU,X,adjusted,channel,20485.598,nT
2026-04-08T23:29:00.000Z,BOU,X,adjusted,channel,20485.467,nT
2026-04-08T23:30:00.000Z,BOU,X,adjusted,channel,20485.435,nT
2026-04-08T23:31:00.000Z,BOU,X,adjusted,channel,20485.502,nT
2026-04-08T23:32:00.000Z,BOU,X,adjusted,channel,20485.4,nT
2026-04-08T23:33:00.000Z,BOU,X,adjusted,channel,20485.17,nT
2026-04-08T23:34:00.000Z,BOU,X,adjusted,channel,20484.699,nT
2026-04-08T23:35:00.000Z,BOU,X,adjusted,channel,20484.47,nT
2026-04-08T23:36:00.000Z,BOU,X,adjusted,channel,20484.482,nT
2026-04-08T23:37:00.000Z,BOU,X,adjusted,channel,20484.307,nT
2026-04-08T23:38:00.000Z,BOU,X,adjusted,channel,20484.365,nT
2026-04-08T23:39:00.000Z,BOU,X,adjusted,channel,20484.161,nT
2026-04-08T23:40:00.000Z,BOU,X,adjusted,channel,20483.793,nT
2026-04-08T23:41:00.000Z,BOU,X,adjusted,channel,20483.663,nT
2026-04-08T23:42:00.000Z,BOU,X,adjusted,channel,20483.182,nT
2026-04-08T23:43:00.000Z,BOU,X,adjusted,channel,20482.347,nT
2026-04-08T23:44:00.000Z,BOU,X,adjusted,channel,20481.804,nT
2026-04-08T23:45:00.000Z,BOU,X,adjusted,channel,20481.651,nT
2026-04-08T23:46:00.000Z,BOU,X,adjusted,channel,20482.179,nT
2026-04-08T23:47:00.000Z,BOU,X,adjusted,channel,20481.924,nT
2026-04-08T23:48:00.000Z,BOU,X,adjusted,channel,20481.471,nT
2026-04-08T23:49:00.000Z,BOU,X,adjusted,channel,20481.093,nT
2026-04-08T23:50:00.000Z,BOU,X,adjusted,channel,20480.849,nT
2026-04-08T23:51:00.000Z,BOU,X,adjusted,channel,20480.357,nT
2026-04-08T23:52:00.000Z,BOU,X,adjusted,channel,20479.513,nT
2026-04-08T23:53:00.000Z,BOU,X,adjusted,channel,20479.048,nT
2026-04-08T23:54:00.000Z,BOU,X,adjusted,channel,20479.368,nT
2026-04-08T23:55:00.000Z,BOU,X,adjusted,channel,20479.668,nT
2026-04-08T23:56:00.000Z,BOU,X,adjusted,channel,20479.405,nT
2026-04-08T23:57:00.000Z,BOU,X,adjusted,channel,20479.031,nT
2026-04-08T23:58:00.000Z,BOU,X,adjusted,channel,20479.061,nT
2026-04-08T23:59:00.000Z,BOU,X,adjusted,channel,20479.119,nT
2026-04-09T00:00:00.000Z,BOU,X,adjusted,channel,20479.064,nT
2026-04-09T00:01:00.000Z,BOU,X,adjusted,channel,20478.74,nT
2026-04-09T00:02:00.000Z,BOU,X,adjusted,channel,20478.435,nT
2026-04-09T00:03:00.000Z,BOU,X,adjusted,channel,20478.486,nT
2026-04-09T00:04:00.000Z,BOU,X,adjusted,channel,20479.225,nT
2026-04-09T00:05:00.000Z,BOU,X,adjusted,channel,20479.875,nT
2026-04-09T00:06:00.000Z,BOU,X,adjusted,channel,20480.18,nT
2026-04-09T00:07:00.000Z,BOU,X,adjusted,channel,20480.577,nT
2026-04-09T00:08:00.000Z,BOU,X,adjusted,channel,20481.117,nT
2026-04-09T00:09:00.000Z,BOU,X,adjusted,channel,20481.461,nT
2026-04-09T00:10:00.000Z,BOU,X,adjusted,channel,20481.591,nT
2026-04-09T00:11:00.000Z,BOU,X,adjusted,channel,20482.03,nT
2026-04-09T00:12:00.000Z,BOU,X,adjusted,channel,20482.373,nT
2026-04-09T00:13:00.000Z,BOU,X,adjusted,channel,20483.056,nT
2026-04-09T00:14:00.000Z,BOU,X,adjusted,channel,20483.152,nT
2026-04-09T00:15:00.000Z,BOU,X,adjusted,channel,20482.952,nT
2026-04-09T00:16:00.000Z,BOU,X,adjusted,channel,20483.016,nT
2026-04-09T00:17:00.000Z,BOU,X,adjusted,channel,20482.861,nT
2026-04-09T00:18:00.000Z,BOU,X,adjusted,channel,20482.669,nT
2026-04-09T00:19:00.000Z,BOU,X,adjusted,channel,20482.669,nT
2026-04-09T00:20:00.000Z,BOU,X,adjusted,channel,20482.594,nT
2026-04-09T00:21:00.000Z,BOU,X,adjusted,channel,20482.613,nT
2026-04-09T00:22:00.000Z,BOU,X,adjusted,channel,20482.616,nT
2026-04-09T00:23:00.000Z,BOU,X,adjusted,channel,20482.728,nT
2026-04-09T00:24:00.000Z,BOU,X,adjusted,channel,20482.923,nT
2026-04-09T00:25:00.000Z,BOU,X,adjusted,channel,20482.873,nT
2026-04-09T00:26:00.000Z,BOU,X,adjusted,channel,20482.561,nT
2026-04-09T00:27:00.000Z,BOU,X,adjusted,channel,20482.374,nT
2026-04-09T00:28:00.000Z,BOU,X,adjusted,channel,20482.162,nT
2026-04-09T00:29:00.000Z,BOU,X,adjusted,channel,20481.916,nT
2026-04-09T00:30:00.000Z,BOU,X,adjusted,channel,20481.663,nT
2026-04-09T00:31:00.000Z,BOU,X,adjusted,channel,20481.434,nT
2026-04-09T00:32:00.000Z,BOU,X,adjusted,channel,20481.289,nT
2026-04-09T00:33:00.000Z,BOU,X,adjusted,channel,20481.339,nT
2026-04-09T00:34:00.000Z,BOU,X,adjusted,channel,20481.296,nT
2026-04-09T00:35:00.000Z,BOU,X,adjusted,channel,20481.327,nT
2026-04-09T00:36:00.000Z,BOU,X,adjusted,channel,20481.149,nT
2026-04-09T00:37:00.000Z,BOU,X,adjusted,channel,20480.99,nT
2026-04-09T00:38:00.000Z,BOU,X,adjusted,channel,20480.796,nT
2026-04-09T00:39:00.000Z,BOU,X,adjusted,channel,20480.618,nT
2026-04-09T00:40:00.000Z,BOU,X,adjusted,channel,20480.668,nT
2026-04-09T00:41:00.000Z,BOU,X,adjusted,channel,20480.761,nT
2026-04-09T00:42:00.000Z,BOU,X,adjusted,channel,20480.729,nT
2026-04-09T00:43:00.000Z,BOU,X,adjusted,channel,20480.72,nT
2026-04-09T00:44:00.000Z,BOU,X,adjusted,channel,20480.739,nT
2026-04-09T00:45:00.000Z,BOU,X,adjusted,channel,20480.629,nT
2026-04-09T00:46:00.000Z,BOU,X,adjusted,channel,20480.723,nT
2026-04-09T00:47:00.000Z,BOU,X,adjusted,channel,20480.941,nT
2026-04-09T00:48:00.000Z,BOU,X,adjusted,channel,20481.255,nT
2026-04-09T00:49:00.000Z,BOU,X,adjusted,channel,20481.47,nT
2026-04-09T00:50:00.000Z,BOU,X,adjusted,channel,20481.624,nT
2026-04-09T00:51:00.000Z,BOU,X,adjusted,channel,20481.819,nT
2026-04-09T00:52:00.000Z,BOU,X,adjusted,channel,20481.908,nT
2026-04-09T00:53:00.000Z,BOU,X,adjusted,channel,20481.976,nT
2026-04-09T00:54:00.000Z,BOU,X,adjusted,channel,20481.903,nT
2026-04-09T00:55:00.000Z,BOU,X,adjusted,channel,20481.766,nT
2026-04-09T00:56:00.000Z,BOU,X,adjusted,channel,20481.859,nT
2026-04-09T00:57:00.000Z,BOU,X,adjusted,channel,20481.851,nT
2026-04-09T00:58:00.000Z,BOU,X,adjusted,channel,20481.92,nT
2026-04-09T00:59:00.000Z,BOU,X,adjusted,channel,20481.667,nT
2026-04-09T01:00:00.000Z,BOU,X,adjusted,channel,20481.266,nT
2026-04-09T01:01:00.000Z,BOU,X,adjusted,channel,20481.152,nT
2026-04-09T01:02:00.000Z,BOU,X,adjusted,channel,20481.097,nT
2026-04-09T01:03:00.000Z,BOU,X,adjusted,channel,20480.891,nT
2026-04-09T01:04:00.000Z,BOU,X,adjusted,channel,20480.805,nT
2026-04-09T01:05:00.000Z,BOU,X,adjusted,channel,20480.522,nT
2026-04-09T01:06:00.000Z,BOU,X,adjusted,channel,20480.208,nT
2026-04-09T01:07:00.000Z,BOU,X,adjusted,channel,20480.026,nT
2026-04-09T01:08:00.000Z,BOU,X,adjusted,channel,20479.929,nT
2026-04-09T01:09:00.000Z,BOU,X,adjusted,channel,20480.064,nT
2026-04-09T01:10:00.000Z,BOU,X,adjusted,channel,20480.644,nT
2026-04-09T01:11:00.000Z,BOU,X,adjusted,channel,20481.035,nT
2026-04-09T01:12:00.000Z,BOU,X,adjusted,channel,20481.073,nT
2026-04-09T01:13:00.000Z,BOU,X,adjusted,channel,20480.773,nT
2026-04-09T01:14:00.000Z,BOU,X,adjusted,channel,20480.576,nT
2026-04-09T01:15:00.000Z,BOU,X,adjusted,channel,20480.217,nT
2026-04-09T01:16:00.000Z,BOU,X,adjusted,channel,20480.113,nT
2026-04-09T01:17:00.000Z,BOU,X,adjusted,channel,20480.124,nT
2026-04-09T01:18:00.000Z,BOU,X,adjusted,channel,20480.297,nT
2026-04-09T01:19:00.000Z,BOU,X,adjusted,channel,20480.669,nT
2026-04-09T01:20:00.000Z,BOU,X,adjusted,channel,20480.845,nT
2026-04-09T01:21:00.000Z,BOU,X,adjusted,channel,20480.803,nT
2026-04-09T01:22:00.000Z,BOU,X,adjusted,channel,20480.515,nT
2026-04-09T01:23:00.000Z,BOU,X,adjusted,channel,20480.441,nT
2026-04-09T01:24:00.000Z,BOU,X,adjusted,channel,20480.522,nT
2026-04-09T01:25:00.000Z,BOU,X,adjusted,channel,20480.379,nT
2026-04-09T01:26:00.000Z,BOU,X,adjusted,channel,20480.345,nT
2026-04-09T01:27:00.000Z,BOU,X,adjusted,channel,20480.373,nT
2026-04-09T01:28:00.000Z,BOU,X,adjusted,channel,20480.131,nT
2026-04-09T01:29:00.000Z,BOU,X,adjusted,channel,20479.982,nT
2026-04-09T01:30:00.000Z,BOU,X,adjusted,channel,20479.928,nT
2026-04-09T01:31:00.000Z,BOU,X,adjusted,channel,20479.847,nT
2026-04-09T01:32:00.000Z,BOU,X,adjusted,channel,20479.838,nT
2026-04-09T01:33:00.000Z,BOU,X,adjusted,channel,20479.859,nT
2026-04-09T01:34:00.000Z,BOU,X,adjusted,channel,20479.854,nT
2026-04-09T01:35:00.000Z,BOU,X,adjusted,channel,20479.822,nT
2026-04-09T01:36:00.000Z,BOU,X,adjusted,channel,20479.9,nT
2026-04-09T01:37:00.000Z,BOU,X,adjusted,channel,20479.986,nT
2026-04-09T01:38:00.000Z,BOU,X,adjusted,channel,20480.149,nT
2026-04-09T01:39:00.000Z,BOU,X,adjusted,channel,20480.132,nT
2026-04-09T01:40:00.000Z,BOU,X,adjusted,channel,20480.081,nT
2026-04-09T01:41:00.000Z,BOU,X,adjusted,channel,20479.785,nT
2026-04-09T01:42:00.000Z,BOU,X,adjusted,channel,20479.78,nT
2026-04-09T01:43:00.000Z,BOU,X,adjusted,channel,20479.806,nT
2026-04-09T01:44:00.000Z,BOU,X,adjusted,channel,20479.756,nT
2026-04-09T01:45:00.000Z,BOU,X,adjusted,channel,20479.732,nT
2026-04-09T01:46:00.000Z,BOU,X,adjusted,channel,20479.861,nT
2026-04-09T01:47:00.000Z,BOU,X,adjusted,channel,20479.968,nT
2026-04-09T01:48:00.000Z,BOU,X,adjusted,channel,20480.1,nT
2026-04-09T01:49:00.000Z,BOU,X,adjusted,channel,20480.174,nT
2026-04-09T01:50:00.000Z,BOU,X,adjusted,channel,20480.314,nT
2026-04-09T01:51:00.000Z,BOU,X,adjusted,channel,20480.295,nT
2026-04-09T01:52:00.000Z,BOU,X,adjusted,channel,20480.467,nT
2026-04-09T01:53:00.000Z,BOU,X,adjusted,channel,20480.609,nT
2026-04-09T01:54:00.000Z,BOU,X,adjusted,channel,20480.803,nT
2026-04-09T01:55:00.000Z,BOU,X,adjusted,channel,20480.911,nT
2026-04-09T01:56:00.000Z,BOU,X,adjusted,channel,20480.907,nT
2026-04-09T01:57:00.000Z,BOU,X,adjusted,channel,20481.056,nT
2026-04-09T01:58:00.000Z,BOU,X,adjusted,channel,20481.115,nT
2026-04-09T01:59:00.000Z,BOU,X,adjusted,channel,20481.229,nT
2026-04-09T02:00:00.000Z,BOU,X,adjusted,channel,20481.35,nT
2026-04-09T02:01:00.000Z,BOU,X,adjusted,channel,20481.608,nT
2026-04-09T02:02:00.000Z,BOU,X,adjusted,channel,20481.793,nT
2026-04-09T02:03:00.000Z,BOU,X,adjusted,channel,20481.928,nT
2026-04-09T02:04:00.000Z,BOU,X,adjusted,channel,20481.99,nT
2026-04-09T02:05:00.000Z,BOU,X,adjusted,channel,20482.042,nT
2026-04-09T02:06:00.000Z,BOU,X,adjusted,channel,20482.022,nT
2026-04-09T02:07:00.000Z,BOU,X,adjusted,channel,20482.064,nT
2026-04-09T02:08:00.000Z,BOU,X,adjusted,channel,20482.048,nT
2026-04-09T02:09:00.000Z,BOU,X,adjusted,channel,20482.109,nT
2026-04-09T02:10:00.000Z,BOU,X,adjusted,channel,20482.216,nT
2026-04-09T02:11:00.000Z,BOU,X,adjusted,channel,20482.444,nT
2026-04-09T02:12:00.000Z,BOU,X,adjusted,channel,20482.586,nT
2026-04-09T02:13:00.000Z,BOU,X,adjusted,channel,20482.69,nT
2026-04-09T02:14:00.000Z,BOU,X,adjusted,channel,20482.779,nT
2026-04-09T02:15:00.000Z,BOU,X,adjusted,channel,20482.936,nT
2026-04-09T02:16:00.000Z,BOU,X,adjusted,channel,20482.992,nT
2026-04-09T02:17:00.000Z,BOU,X,adjusted,channel,20482.978,nT
2026-04-09T02:18:00.000Z,BOU,X,adjusted,channel,20482.94,nT
2026-04-09T02:19:00.000Z,BOU,X,adjusted,channel,20483.059,nT
2026-04-09T02:20:00.000Z,BOU,X,adjusted,channel,20483.181,nT
2026-04-09T02:21:00.000Z,BOU,X,adjusted,channel,20483.101,nT
2026-04-09T02:22:00.000Z,BOU,X,adjusted,channel,20483.179,nT
2026-04-09T02:23:00.000Z,BOU,X,adjusted,channel,20483.284,nT
2026-04-09T02:24:00.000Z,BOU,X,adjusted,channel,20483.397,nT
2026-04-09T02:25:00.000Z,BOU,X,adjusted,channel,20483.492,nT
2026-04-09T02:26:00.000Z,BOU,X,adjusted,channel,20483.593,nT
2026-04-09T02:27:00.000Z,BOU,X,adjusted,channel,20483.682,nT
2026-04-09T02:28:00.000Z,BOU,X,adjusted,channel,20483.794,nT
2026-04-09T02:29:00.000Z,BOU,X,adjusted,channel,20483.88,nT
2026-04-09T02:30:00.000Z,BOU,X,adjusted,channel,20483.884,nT
2026-04-09T02:31:00.000Z,BOU,X,adjusted,channel,20483.86,nT
2026-04-09T02:32:00.000Z,BOU,X,adjusted,channel,20483.992,nT
2026-04-09T02:33:00.000Z,BOU,X,adjusted,channel,20483.884,nT
2026-04-09T02:34:00.000Z,BOU,X,adjusted,channel,20483.862,nT
2026-04-09T02:35:00.000Z,BOU,X,adjusted,channel,20483.911,nT
2026-04-09T02:36:00.000Z,BOU,X,adjusted,channel,20483.792,nT
2026-04-09T02:37:00.000Z,BOU,X,adjusted,channel,20483.732,nT
2026-04-09T02:38:00.000Z,BOU,X,adjusted,channel,20483.786,nT
2026-04-09T02:39:00.000Z,BOU,X,adjusted,channel,20483.969,nT
2026-04-09T02:40:00.000Z,BOU,X,adjusted,channel,20484.079,nT
2026-04-09T02:41:00.000Z,BOU,X,adjusted,channel,20484.037,nT
2026-04-09T02:42:00.000Z,BOU,X,adjusted,channel,20483.951,nT
2026-04-09T02:43:00.000Z,BOU,X,adjusted,channel,20483.878,nT
2026-04-09T02:44:00.000Z,BOU,X,adjusted,channel,20483.792,nT
2026-04-09T02:45:00.000Z,BOU,X,adjusted,channel,20483.766,nT
2026-04-09T02:46:00.000Z,BOU,X,adjusted,channel,20483.854,nT
2026-04-09T02:47:00.000Z,BOU,X,adjusted,channel,20483.963,nT
2026-04-09T02:48:00.000Z,BOU,X,adjusted,channel,20483.963,nT
2026-04-09T02:49:00.000Z,BOU,X,adjusted,channel,20484.011,nT
2026-04-09T02:50:00.000Z,BOU,X,adjusted,channel,20484.231,nT
2026-04-09T02:51:00.000Z,BOU,X,adjusted,channel,20484.502,nT
2026-04-09T02:52:00.000Z,BOU,X,adjusted,channel,20484.685,nT
2026-04-09T02:53:00.000Z,BOU,X,adjusted,channel,20484.742,nT
2026-04-09T02:54:00.000Z,BOU,X,adjusted,channel,20484.807,nT
2026-04-09T02:55:00.000Z,BOU,X,adjusted,channel,20484.883,nT
2026-04-09T02:56:00.000Z,BOU,X,adjusted,channel,20484.846,nT
2026-04-09T02:57:00.000Z,BOU,X,adjusted,channel,20484.791,nT
2026-04-09T02:58:00.000Z,BOU,X,adjusted,channel,20484.785,nT
2026-04-09T02:59:00.000Z,BOU,X,adjusted,channel,20484.742,nT
2026-04-09T03:00:00.000Z,BOU,X,adjusted,channel,20484.6,nT
2026-04-09T03:01:00.000Z,BOU,X,adjusted,channel,20484.51,nT
2026-04-09T03:02:00.000Z,BOU,X,adjusted,channel,20484.509,nT
2026-04-09T03:03:00.000Z,BOU,X,adjusted,channel,20484.642,nT
2026-04-09T03:04:00.000Z,BOU,X,adjusted,channel,20484.761,nT
2026-04-09T03:05:00.000Z,BOU,X,adjusted,channel,20484.814,nT
2026-04-09T03:06:00.000Z,BOU,X,adjusted,channel,20484.854,nT
2026-04-09T03:07:00.000Z,BOU,X,adjusted,channel,20484.812,nT
2026-04-09T03:08:00.000Z,BOU,X,adjusted,channel,20484.843,nT
2026-04-09T03:09:00.000Z,BOU,X,adjusted,channel,20484.973,nT
2026-04-09T03:10:00.000Z,BOU,X,adjusted,channel,20485.114,nT
2026-04-09T03:11:00.000Z,BOU,X,adjusted,channel,20485.2,nT
2026-04-09T03:12:00.000Z,BOU,X,adjusted,channel,20485.332,nT
2026-04-09T03:13:00.000Z,BOU,X,adjusted,channel,20485.519,nT
2026-04-09T03:14:00.000Z,BOU,X,adjusted,channel,20485.487,nT
2026-04-09T03:15:00.000Z,BOU,X,adjusted,channel,20485.398,nT
2026-04-09T03:16:00.000Z,BOU,X,adjusted,channel,20485.313,nT
2026-04-09T03:17:00.000Z,BOU,X,adjusted,channel,20485.22,nT
2026-04-09T03:18:00.000Z,BOU,X,adjusted,channel,20485.265,nT
2026-04-09T03:19:00.000Z,BOU,X,adjusted,channel,20485.338,nT
2026-04-09T03:20:00.000Z,BOU,X,adjusted,channel,20485.376,nT
2026-04-09T03:21:00.000Z,BOU,X,adjusted,channel,20485.506,nT
2026-04-09T03:22:00.000Z,BOU,X,adjusted,channel,20485.562,nT
2026-04-09T03:23:00.000Z,BOU,X,adjusted,channel,20485.585,nT
2026-04-09T03:24:00.000Z,BOU,X,adjusted,channel,20485.522,nT
2026-04-09T03:25:00.000Z,BOU,X,adjusted,channel,20485.485,nT
2026-04-09T03:26:00.000Z,BOU,X,adjusted,channel,20485.487,nT
2026-04-09T03:27:00.000Z,BOU,X,adjusted,channel,20485.53,nT
2026-04-09T03:28:00.000Z,BOU,X,adjusted,channel,20485.591,nT
2026-04-09T03:29:00.000Z,BOU,X,adjusted,channel,20485.571,nT
2026-04-09T03:30:00.000Z,BOU,X,adjusted,channel,20485.577,nT
2026-04-09T03:31:00.000Z,BOU,X,adjusted,channel,20485.635,nT
2026-04-09T03:32:00.000Z,BOU,X,adjusted,channel,20485.768,nT
2026-04-09T03:33:00.000Z,BOU,X,adjusted,channel,20485.912,nT
2026-04-09T03:34:00.000Z,BOU,X,adjusted,channel,20486.022,nT
2026-04-09T03:35:00.000Z,BOU,X,adjusted,channel,20486.244,nT
2026-04-09T03:36:00.000Z,BOU,X,adjusted,channel,20486.644,nT
2026-04-09T03:37:00.000Z,BOU,X,adjusted,channel,20487.083,nT
2026-04-09T03:38:00.000Z,BOU,X,adjusted,channel,20487.35,nT
2026-04-09T03:39:00.000Z,BOU,X,adjusted,channel,20487.475,nT
2026-04-09T03:40:00.000Z,BOU,X,adjusted,channel,20487.693,nT
2026-04-09T03:41:00.000Z,BOU,X,adjusted,channel,20487.879,nT
2026-04-09T03:42:00.000Z,BOU,X,adjusted,channel,20487.961,nT
2026-04-09T03:43:00.000Z,BOU,X,adjusted,channel,20488.082,nT
2026-04-09T03:44:00.000Z,BOU,X,adjusted,channel,20488.057,nT
2026-04-09T03:45:00.000Z,BOU,X,adjusted,channel,20488.059,nT
2026-04-09T03:46:00.000Z,BOU,X,adjusted,channel,20488.074,nT
2026-04-09T03:47:00.000Z,BOU,X,adjusted,channel,20488.04,nT
2026-04-09T03:48:00.000Z,BOU,X,adjusted,channel,20488.098,nT
2026-04-09T03:49:00.000Z,BOU,X,adjusted,channel,20488.124,nT
2026-04-09T03:50:00.000Z,BOU,X,adjusted,channel,20488.217,nT
2026-04-09T03:51:00.000Z,BOU,X,adjusted,channel,20488.276,nT
2026-04-09T03:52:00.000Z,BOU,X,adjusted,channel,20488.376,nT
2026-04-09T03:53:00.000Z,BOU,X,adjusted,channel,20488.451,nT
2026-04-09T03:54:00.000Z,BOU,X,adjusted,channel,20488.44,nT
2026-04-09T03:55:00.000Z,BOU,X,adjusted,channel,20488.433,nT
2026-04-09T03:56:00.000Z,BOU,X,adjusted,channel,20488.452,nT
2026-04-09T03:57:00.000Z,BOU,X,adjusted,channel,20488.41,nT
2026-04-09T03:58:00.000Z,BOU,X,adjusted,channel,20488.441,nT
2026-04-09T03:59:00.000Z,BOU,X,adjusted,channel,20488.413,nT
2026-04-09T04:00:00.000Z,BOU,X,adjusted,channel,20488.469,nT
2026-04-09T04:01:00.000Z,BOU,X,adjusted,channel,20488.55,nT
2026-04-09T04:02:00.000Z,BOU,X,adjusted,channel,20488.587,nT
2026-04-09T04:03:00.000Z,BOU,X,adjusted,channel,20488.653,nT
2026-04-09T04:04:00.000Z,BOU,X,adjusted,channel,20488.67,nT
2026-04-09T04:05:00.000Z,BOU,X,adjusted,channel,20488.691,nT
2026-04-09T04:06:00.000Z,BOU,X,adjusted,channel,20488.756,nT
2026-04-09T04:07:00.000Z,BOU,X,adjusted,channel,20488.789,nT
2026-04-09T04:08:00.000Z,BOU,X,adjusted,channel,20488.806,nT
2026-04-09T04:09:00.000Z,BOU,X,adjusted,channel,20488.872,nT
2026-04-09T04:10:00.000Z,BOU,X,adjusted,channel,20489.054,nT
2026-04-09T04:11:00.000Z,BOU,X,adjusted,channel,20489.216,nT
2026-04-09T04:12:00.000Z,BOU,X,adjusted,channel,20489.115,nT
2026-04-09T04:13:00.000Z,BOU,X,adjusted,channel,20488.938,nT
2026-04-09T04:14:00.000Z,BOU,X,adjusted,channel,20488.802,nT
2026-04-09T04:15:00.000Z,BOU,X,adjusted,channel,20488.706,nT
2026-04-09T04:16:00.000Z,BOU,X,adjusted,channel,20488.694,nT
2026-04-09T04:17:00.000Z,BOU,X,adjusted,channel,20488.677,nT
2026-04-09T04:18:00.000Z,BOU,X,adjusted,channel,20488.557,nT
2026-04-09T04:19:00.000Z,BOU,X,adjusted,channel,20488.398,nT
2026-04-09T04:20:00.000Z,BOU,X,adjusted,channel,20488.325,nT
2026-04-09T04:21:00.000Z,BOU,X,adjusted,channel,20488.191,nT
2026-04-09T04:22:00.000Z,BOU,X,adjusted,channel,20487.918,nT
2026-04-09T04:23:00.000Z,BOU,X,adjusted,channel,20487.733,nT
2026-04-09T04:24:00.000Z,BOU,X,adjusted,channel,20487.511,nT
2026-04-09T04:25:00.000Z,BOU,X,adjusted,channel,20487.225,nT
2026-04-09T04:26:00.000Z,BOU,X,adjusted,channel,20487.074,nT
2026-04-09T04:27:00.000Z,BOU,X,adjusted,channel,20486.953,nT
2026-04-09T04:28:00.000Z,BOU,X,adjusted,channel,20486.835,nT
2026-04-09T04:29:00.000Z,BOU,X,adjusted,channel,20486.678,nT
2026-04-09T04:30:00.000Z,BOU,X,adjusted,channel,20486.749,nT
2026-04-09T04:31:00.000Z,BOU,X,adjusted,channel,20486.895,nT
2026-04-09T04:32:00.000Z,BOU,X,adjusted,channel,20487.109,nT
2026-04-09T04:33:00.000Z,BOU,X,adjusted,channel,20487.34,nT
2026-04-09T04:34:00.000Z,BOU,X,adjusted,channel,20487.449,nT
2026-04-09T04:35:00.000Z,BOU,X,adjusted,channel,20487.652,nT
2026-04-09T04:36:00.000Z,BOU,X,adjusted,channel,20487.963,nT
2026-04-09T04:37:00.000Z,BOU,X,adjusted,channel,20488.158,nT
2026-04-09T04:38:00.000Z,BOU,X,adjusted,channel,20488.278,nT
2026-04-09T04:39:00.000Z,BOU,X,adjusted,channel,20488.416,nT
2026-04-09T04:40:00.000Z,BOU,X,adjusted,channel,20488.551,nT
2026-04-09T04:41:00.000Z,BOU,X,adjusted,channel,20488.646,nT
2026-04-09T04:42:00.000Z,BOU,X,adjusted,channel,20488.519,nT
2026-04-09T04:43:00.000Z,BOU,X,adjusted,channel,20488.583,nT
2026-04-09T04:44:00.000Z,BOU,X,adjusted,channel,20488.902,nT
2026-04-09T04:45:00.000Z,BOU,X,adjusted,channel,20488.701,nT
2026-04-09T04:46:00.000Z,BOU,X,adjusted,channel,20488.35,nT
2026-04-09T04:47:00.000Z,BOU,X,adjusted,channel,20488.279,nT
2026-04-09T04:48:00.000Z,BOU,X,adjusted,channel,20488.178,nT
2026-04-09T04:49:00.000Z,BOU,X,adjusted,channel,20488.04,nT
2026-04-09T04:50:00.000Z,BOU,X,adjusted,channel,20487.832,nT
2026-04-09T04:51:00.000Z,BOU,X,adjusted,channel,20487.822,nT
2026-04-09T04:52:00.000Z,BOU,X,adjusted,channel,20487.737,nT
2026-04-09T04:53:00.000Z,BOU,X,adjusted,channel,20487.542,nT
2026-04-09T04:54:00.000Z,BOU,X,adjusted,channel,20487.484,nT
2026-04-09T04:55:00.000Z,BOU,X,adjusted,channel,20487.475,nT
2026-04-09T04:56:00.000Z,BOU,X,adjusted,channel,20487.377,nT
2026-04-09T04:57:00.000Z,BOU,X,adjusted,channel,20487.319,nT
2026-04-09T04:58:00.000Z,BOU,X,adjusted,channel,20487.236,nT
2026-04-09T04:59:00.000Z,BOU,X,adjusted,channel,20487.237,nT
2026-04-09T05:00:00.000Z,BOU,X,adjusted,channel,20487.372,nT
2026-04-09T05:01:00.000Z,BOU,X,adjusted,channel,20487.471,nT
2026-04-09T05:02:00.000Z,BOU,X,adjusted,channel,20487.487,nT
2026-04-09T05:03:00.000Z,BOU,X,adjusted,channel,20487.529,nT
2026-04-09T05:04:00.000Z,BOU,X,adjusted,channel,20487.456,nT
2026-04-09T05:05:00.000Z,BOU,X,adjusted,channel,20487.334,nT
2026-04-09T05:06:00.000Z,BOU,X,adjusted,channel,20487.526,nT
2026-04-09T05:07:00.000Z,BOU,X,adjusted,channel,20487.693,nT
2026-04-09T05:08:00.000Z,BOU,X,adjusted,channel,20487.642,nT
2026-04-09T05:09:00.000Z,BOU,X,adjusted,channel,20488.597,nT
2026-04-09T05:10:00.000Z,BOU,X,adjusted,channel,20487.944,nT
2026-04-09T05:11:00.000Z,BOU,X,adjusted,channel,20488.599,nT
2026-04-09T05:12:00.000Z,BOU,X,adjusted,channel,20488.61,nT
2026-04-09T05:13:00.000Z,BOU,X,adjusted,channel,20488.953,nT
2026-04-09T05:14:00.000Z,BOU,X,adjusted,channel,20489.193,nT
2026-04-09T05:15:00.000Z,BOU,X,adjusted,channel,20489.253,nT
2026-04-09T05:16:00.000Z,BOU,X,adjusted,channel,20489.101,nT
2026-04-09T05:17:00.000Z,BOU,X,adjusted,channel,20489.631,nT
2026-04-09T05:18:00.000Z,BOU,X,adjusted,channel,20489.487,nT
2026-04-09T05:19:00.000Z,BOU,X,adjusted,channel,20489.736,nT
2026-04-09T05:20:00.000Z,BOU,X,adjusted,channel,20489.931,nT
2026-04-09T05:21:00.000Z,BOU,X,adjusted,channel,20490.161,nT
2026-04-09T05:22:00.000Z,BOU,X,adjusted,channel,20490.458,nT
2026-04-09T05:23:00.000Z,BOU,X,adjusted,channel,20490.388,nT
2026-04-09T05:24:00.000Z,BOU,X,adjusted,channel,20490.424,nT
2026-04-09T05:25:00.000Z,BOU,X,adjusted,channel,20490.519,nT
2026-04-09T05:26:00.000Z,BOU,X,adjusted,channel,20490.685,nT
2026-04-09T05:27:00.000Z,BOU,X,adjusted,channel,20490.577,nT
2026-04-09T05:28:00.000Z,BOU,X,adjusted,channel,20490.755,nT
2026-04-09T05:29:00.000Z,BOU,X,adjusted,channel,20490.889,nT
2026-04-09T05:30:00.000Z,BOU,X,adjusted,channel,20491.133,nT
2026-04-09T05:31:00.000Z,BOU,X,adjusted,channel,20491.418,nT
2026-04-09T05:32:00.000Z,BOU,X,adjusted,channel,20491.522,nT
2026-04-09T05:33:00.000Z,BOU,X,adjusted,channel,20491.13,nT
2026-04-09T05:34:00.000Z,BOU,X,adjusted,channel,20491.726,nT
2026-04-09T05:35:00.000Z,BOU,X,adjusted,channel,20491.308,nT
2026-04-09T05:36:00.000Z,BOU,X,adjusted,channel,20491.078,nT
2026-04-09T05:37:00.000Z,BOU,X,adjusted,channel,20491.037,nT
2026-04-09T05:38:00.000Z,BOU,X,adjusted,channel,20491.117,nT
2026-04-09T05:39:00.000Z,BOU,X,adjusted,channel,20491.22,nT
2026-04-09T05:40:00.000Z,BOU,X,adjusted,channel,20491.288,nT
2026-04-09T05:41:00.000Z,BOU,X,adjusted,channel,20491.149,nT
2026-04-09T05:42:00.000Z,BOU,X,adjusted,channel,20491.08,nT
2026-04-09T05:43:00.000Z,BOU,X,adjusted,channel,20491.111,nT
2026-04-09T05:44:00.000Z,BOU,X,adjusted,channel,20490.714,nT
2026-04-09T05:45:00.000Z,BOU,X,adjusted,channel,20490.504,nT
2026-04-09T05:46:00.000Z,BOU,X,adjusted,channel,20490.413,nT
2026-04-09T05:47:00.000Z,BOU,X,adjusted,channel,20490.214,nT
2026-04-09T05:48:00.000Z,BOU,X,adjusted,channel,20490.03,nT
2026-04-09T05:49:00.000Z,BOU,X,adjusted,channel,20490.057,nT
2026-04-09T05:50:00.000Z,BOU,X,adjusted,channel,20489.916,nT
2026-04-09T05:51:00.000Z,BOU,X,adjusted,channel,20489.575,nT
2026-04-09T05:52:00.000Z,BOU,X,adjusted,channel,20489.314,nT
2026-04-09T05:53:00.000Z,BOU,X,adjusted,channel,20489.305,nT
2026-04-09T05:54:00.000Z,BOU,X,adjusted,channel,20489.137,nT
2026-04-09T05:55:00.000Z,BOU,X,adjusted,channel,20488.866,nT
2026-04-09T05:56:00.000Z,BOU,X,adjusted,channel,20488.509,nT
2026-04-09T05:57:00.000Z,BOU,X,adjusted,channel,20488.25,nT
2026-04-09T05:58:00.000Z,BOU,X,adjusted,channel,20488.117,nT
2026-04-09T05:59:00.000Z,BOU,X,adjusted,channel,20488.253,nT
2026-04-09T06:00:00.000Z,BOU,X,adjusted,channel,20487.797,nT
2026-04-09T06:01:00.000Z,BOU,X,adjusted,channel,20488.347,nT
2026-04-09T06:02:00.000Z,BOU,X,adjusted,channel,20488.252,nT
2026-04-09T06:03:00.000Z,BOU,X,adjusted,channel,20488.952,nT
2026-04-09T06:04:00.000Z,BOU,X,adjusted,channel,20489.834,nT
2026-04-09T06:05:00.000Z,BOU,X,adjusted,channel,20492.089,nT
2026-04-09T06:06:00.000Z,BOU,X,adjusted,channel,20493.596,nT
2026-04-09T06:07:00.000Z,BOU,X,adjusted,channel,20495.331,nT
2026-04-09T06:08:00.000Z,BOU,X,adjusted,channel,20497.242,nT
2026-04-09T06:09:00.000Z,BOU,X,adjusted,channel,20498.04,nT
2026-04-09T06:10:00.000Z,BOU,X,adjusted,channel,20498.805,nT
2026-04-09T06:11:00.000Z,BOU,X,adjusted,channel,20499.634,nT
2026-04-09T06:12:00.000Z,BOU,X,adjusted,channel,20500.602,nT
2026-04-09T06:13:00.000Z,BOU,X,adjusted,channel,20501.673,nT
2026-04-09T06:14:00.000Z,BOU,X,adjusted,channel,20501.638,nT
2026-04-09T06:15:00.000Z,BOU,X,adjusted,channel,20502.7,nT
2026-04-09T06:16:00.000Z,BOU,X,adjusted,channel,20502.352,nT
2026-04-09T06:17:00.000Z,BOU,X,adjusted,channel,20502.787,nT
2026-04-09T06:18:00.000Z,BOU,X,adjusted,channel,20502.79,nT
2026-04-09T06:19:00.000Z,BOU,X,adjusted,channel,20502.463,nT
2026-04-09T06:20:00.000Z,BOU,X,adjusted,channel,20501.933,nT
2026-04-09T06:21:00.000Z,BOU,X,adjusted,channel,20501.256,nT
2026-04-09T06:22:00.000Z,BOU,X,adjusted,channel,20500.712,nT
2026-04-09T06:23:00.000Z,BOU,X,adjusted,channel,20500.09,nT
2026-04-09T06:24:00.000Z,BOU,X,adjusted,channel,20499.401,nT
2026-04-09T06:25:00.000Z,BOU,X,adjusted,channel,20498.361,nT
2026-04-09T06:26:00.000Z,BOU,X,adjusted,channel,20497.428,nT
2026-04-09T06:27:00.000Z,BOU,X,adjusted,channel,20496.403,nT
2026-04-09T06:28:00.000Z,BOU,X,adjusted,channel,20495.591,nT
2026-04-09T06:29:00.000Z,BOU,X,adjusted,channel,20494.589,nT
2026-04-09T06:30:00.000Z,BOU,X,adjusted,channel,20493.638,nT
2026-04-09T06:31:00.000Z,BOU,X,adjusted,channel,20492.787,nT
2026-04-09T06:32:00.000Z,BOU,X,adjusted,channel,20492.09,nT
2026-04-09T06:33:00.000Z,BOU,X,adjusted,channel,20491.489,nT
2026-04-09T06:34:00.000Z,BOU,X,adjusted,channel,20491.347,nT
2026-04-09T06:35:00.000Z,BOU,X,adjusted,channel,20490.703,nT
2026-04-09T06:36:00.000Z,BOU,X,adjusted,channel,20490.253,nT
2026-04-09T06:37:00.000Z,BOU,X,adjusted,channel,20489.177,nT
2026-04-09T06:38:00.000Z,BOU,X,adjusted,channel,20488.169,nT
2026-04-09T06:39:00.000Z,BOU,X,adjusted,channel,20487.074,nT
2026-04-09T06:40:00.000Z,BOU,X,adjusted,channel,20486.149,nT
2026-04-09T06:41:00.000Z,BOU,X,adjusted,channel,20485.409,nT
2026-04-09T06:42:00.000Z,BOU,X,adjusted,channel,20484.919,nT
2026-04-09T06:43:00.000Z,BOU,X,adjusted,channel,20484.355,nT
2026-04-09T06:44:00.000Z,BOU,X,adjusted,channel,20483.57,nT
2026-04-09T06:45:00.000Z,BOU,X,adjusted,channel,20483.142,nT
2026-04-09T06:46:00.000Z,BOU,X,adjusted,channel,20482.459,nT
2026-04-09T06:47:00.000Z,BOU,X,adjusted,channel,20482.236,nT
2026-04-09T06:48:00.000Z,BOU,X,adjusted,channel,20481.895,nT
2026-04-09T06:49:00.000Z,BOU,X,adjusted,channel,20481.681,nT
2026-04-09T06:50:00.000Z,BOU,X,adjusted,channel,20481.573,nT
2026-04-09T06:51:00.000Z,BOU,X,adjusted,channel,20481.457,nT
2026-04-09T06:52:00.000Z,BOU,X,adjusted,channel,20481.482,nT
2026-04-09T06:53:00.000Z,BOU,X,adjusted,channel,20481.397,nT
2026-04-09T06:54:00.000Z,BOU,X,adjusted,channel,20481.306,nT
2026-04-09T06:55:00.000Z,BOU,X,adjusted,channel,20481.213,nT
2026-04-09T06:56:00.000Z,BOU,X,adjusted,channel,20481.232,nT
2026-04-09T06:57:00.000Z,BOU,X,adjusted,channel,20481.497,nT
2026-04-09T06:58:00.000Z,BOU,X,adjusted,channel,20481.466,nT
2026-04-09T06:59:00.000Z,BOU,X,adjusted,channel,20481.278,nT
2026-04-09T07:00:00.000Z,BOU,X,adjusted,channel,20480.938,nT
2026-04-09T07:01:00.000Z,BOU,X,adjusted,channel,20480.847,nT
2026-04-09T07:02:00.000Z,BOU,X,adjusted,channel,20480.81,nT
2026-04-09T07:03:00.000Z,BOU,X,adjusted,channel,20480.916,nT
2026-04-09T07:04:00.000Z,BOU,X,adjusted,channel,20481.159,nT
2026-04-09T07:05:00.000Z,BOU,X,adjusted,channel,20481.384,nT
2026-04-09T07:06:00.000Z,BOU,X,adjusted,channel,20481.722,nT
2026-04-09T07:07:00.000Z,BOU,X,adjusted,channel,20481.97,nT
2026-04-09T07:08:00.000Z,BOU,X,adjusted,channel,20482.072,nT
2026-04-09T07:09:00.000Z,BOU,X,adjusted,channel,20482.211,nT
2026-04-09T07:10:00.000Z,BOU,X,adjusted,channel,20482.418,nT
2026-04-09T07:11:00.000Z,BOU,X,adjusted,channel,20482.611,nT
2026-04-09T07:12:00.000Z,BOU,X,adjusted,channel,20482.984,nT
2026-04-09T07:13:00.000Z,BOU,X,adjusted,channel,20483.478,nT
2026-04-09T07:14:00.000Z,BOU,X,adjusted,channel,20483.716,nT
2026-04-09T07:15:00.000Z,BOU,X,adjusted,channel,20483.997,nT
2026-04-09T07:16:00.000Z,BOU,X,adjusted,channel,20484.295,nT
2026-04-09T07:17:00.000Z,BOU,X,adjusted,channel,20484.421,nT
2026-04-09T07:18:00.000Z,BOU,X,adjusted,channel,20484.44,nT
2026-04-09T07:19:00.000Z,BOU,X,adjusted,channel,20484.181,nT
2026-04-09T07:20:00.000Z,BOU,X,adjusted,channel,20483.992,nT
2026-04-09T07:21:00.000Z,BOU,X,adjusted,channel,20484.007,nT
2026-04-09T07:22:00.000Z,BOU,X,adjusted,channel,20483.959,nT
2026-04-09T07:23:00.000Z,BOU,X,adjusted,channel,20483.966,nT
2026-04-09T07:24:00.000Z,BOU,X,adjusted,channel,20483.984,nT
2026-04-09T07:25:00.000Z,BOU,X,adjusted,channel,20483.938,nT
2026-04-09T07:26:00.000Z,BOU,X,adjusted,channel,20484.128,nT
2026-04-09T07:27:00.000Z,BOU,X,adjusted,channel,20484.237,nT
2026-04-09T07:28:00.000Z,BOU,X,adjusted,channel,20484.429,nT
2026-04-09T07:29:00.000Z,BOU,X,adjusted,channel,20484.407,nT
2026-04-09T07:30:00.000Z,BOU,X,adjusted,channel,20484.338,nT
2026-04-09T07:31:00.000Z,BOU,X,adjusted,channel,20484.362,nT
2026-04-09T07:32:00.000Z,BOU,X,adjusted,channel,20484.682,nT
2026-04-09T07:33:00.000Z,BOU,X,adjusted,channel,20484.978,nT
2026-04-09T07:34:00.000Z,BOU,X,adjusted,channel,20485.082,nT
2026-04-09T07:35:00.000Z,BOU,X,adjusted,channel,20485.357,nT
2026-04-09T07:36:00.000Z,BOU,X,adjusted,channel,20485.275,nT
2026-04-09T07:37:00.000Z,BOU,X,adjusted,channel,20485.312,nT
2026-04-09T07:38:00.000Z,BOU,X,adjusted,channel,20485.344,nT
2026-04-09T07:39:00.000Z,BOU,X,adjusted,channel,20485.297,nT
2026-04-09T07:40:00.000Z,BOU,X,adjusted,channel,20485.276,nT
2026-04-09T07:41:00.000Z,BOU,X,adjusted,channel,20485.203,nT
2026-04-09T07:42:00.000Z,BOU,X,adjusted,channel,20485.187,nT
2026-04-09T07:43:00.000Z,BOU,X,adjusted,channel,20485.287,nT
2026-04-09T07:44:00.000Z,BOU,X,adjusted,channel,20485.418,nT
2026-04-09T07:45:00.000Z,BOU,X,adjusted,channel,20485.25,nT
2026-04-09T07:46:00.000Z,BOU,X,adjusted,channel,20484.908,nT
2026-04-09T07:47:00.000Z,BOU,X,adjusted,channel,20484.635,nT
2026-04-09T07:48:00.000Z,BOU,X,adjusted,channel,20484.459,nT
2026-04-09T07:49:00.000Z,BOU,X,adjusted,channel,20484.239,nT
2026-04-09T07:50:00.000Z,BOU,X,adjusted,channel,20483.891,nT
2026-04-09T07:51:00.000Z,BOU,X,adjusted,channel,20483.681,nT
2026-04-09T07:52:00.000Z,BOU,X,adjusted,channel,20483.586,nT
2026-04-09T07:53:00.000Z,BOU,X,adjusted,channel,20483.755,nT
2026-04-09T07:54:00.000Z,BOU,X,adjusted,channel,20483.965,nT
2026-04-09T07:55:00.000Z,BOU,X,adjusted,channel,20484.233,nT
2026-04-09T07:56:00.000Z,BOU,X,adjusted,channel,20485.198,nT
2026-04-09T07:57:00.000Z,BOU,X,adjusted,channel,20486.358,nT
2026-04-09T07:58:00.000Z,BOU,X,adjusted,channel,20487.08,nT
2026-04-09T07:59:00.000Z,BOU,X,adjusted,channel,20487.643,nT
2026-04-09T08:00:00.000Z,BOU,X,adjusted,channel,20489.801,nT
2026-04-09T08:01:00.000Z,BOU,X,adjusted,channel,20491.02,nT
2026-04-09T08:02:00.000Z,BOU,X,adjusted,channel,20492.298,nT
2026-04-09T08:03:00.000Z,BOU,X,adjusted,channel,20493.724,nT
2026-04-09T08:04:00.000Z,BOU,X,adjusted,channel,20494.935,nT
2026-04-09T08:05:00.000Z,BOU,X,adjusted,channel,20496.03,nT
2026-04-09T08:06:00.000Z,BOU,X,adjusted,channel,20497.339,nT
2026-04-09T08:07:00.000Z,BOU,X,adjusted,channel,20497.509,nT
2026-04-09T08:08:00.000Z,BOU,X,adjusted,channel,20498.045,nT
2026-04-09T08:09:00.000Z,BOU,X,adjusted,channel,20498.473,nT
2026-04-09T08:10:00.000Z,BOU,X,adjusted,channel,20498.513,nT
2026-04-09T08:11:00.000Z,BOU,X,adjusted,channel,20498.998,nT
2026-04-09T08:12:00.000Z,BOU,X,adjusted,channel,20499.08,nT
2026-04-09T08:13:00.000Z,BOU,X,adjusted,channel,20498.935,nT
2026-04-09T08:14:00.000Z,BOU,X,adjusted,channel,20498.908,nT
2026-04-09T08:15:00.000Z,BOU,X,adjusted,channel,20498.769,nT
2026-04-09T08:16:00.000Z,BOU,X,adjusted,channel,20498.325,nT
2026-04-09T08:17:00.000Z,BOU,X,adjusted,channel,20497.987,nT
2026-04-09T08:18:00.000Z,BOU,X,adjusted,channel,20497.392,nT
2026-04-09T08:19:00.000Z,BOU,X,adjusted,channel,20497.07,nT
2026-04-09T08:20:00.000Z,BOU,X,adjusted,channel,20496.409,nT
2026-04-09T08:21:00.000Z,BOU,X,adjusted,channel,20495.697,nT
2026-04-09T08:22:00.000Z,BOU,X,adjusted,channel,20495.413,nT
2026-04-09T08:23:00.000Z,BOU,X,adjusted,channel,20494.646,nT
2026-04-09T08:24:00.000Z,BOU,X,adjusted,channel,20494.345,nT
2026-04-09T08:25:00.000Z,BOU,X,adjusted,channel,20493.921,nT
2026-04-09T08:26:00.000Z,BOU,X,adjusted,channel,20493.332,nT
2026-04-09T08:27:00.000Z,BOU,X,adjusted,channel,20492.954,nT
2026-04-09T08:28:00.000Z,BOU,X,adjusted,channel,20492.609,nT
2026-04-09T08:29:00.000Z,BOU,X,adjusted,channel,20492.276,nT
2026-04-09T08:30:00.000Z,BOU,X,adjusted,channel,20491.889,nT
2026-04-09T08:31:00.000Z,BOU,X,adjusted,channel,20491.474,nT
2026-04-09T08:32:00.000Z,BOU,X,adjusted,channel,20491.111,nT
2026-04-09T08:33:00.000Z,BOU,X,adjusted,channel,20490.598,nT
2026-04-09T08:34:00.000Z,BOU,X,adjusted,channel,20490.249,nT
2026-04-09T08:35:00.000Z,BOU,X,adjusted,channel,20489.744,nT
2026-04-09T08:36:00.000Z,BOU,X,adjusted,channel,20489.332,nT
2026-04-09T08:37:00.000Z,BOU,X,adjusted,channel,20488.861,nT
2026-04-09T08:38:00.000Z,BOU,X,adjusted,channel,20488.447,nT
2026-04-09T08:39:00.000Z,BOU,X,adjusted,channel,20488.088,nT
2026-04-09T08:40:00.000Z,BOU,X,adjusted,channel,20487.594,nT
2026-04-09T08:41:00.000Z,BOU,X,adjusted,channel,20487.074,nT
2026-04-09T08:42:00.000Z,BOU,X,adjusted,channel,20486.476,nT
2026-04-09T08:43:00.000Z,BOU,X,adjusted,channel,20485.691,nT
2026-04-09T08:44:00.000Z,BOU,X,adjusted,channel,20484.925,nT
2026-04-09T08:45:00.000Z,BOU,X,adjusted,channel,20484.069,nT
2026-04-09T08:46:00.000Z,BOU,X,adjusted,channel,20483.247,nT
2026-04-09T08:47:00.000Z,BOU,X,adjusted,channel,20482.62,nT
2026-04-09T08:48:00.000Z,BOU,X,adjusted,channel,20482.022,nT
2026-04-09T08:49:00.000Z,BOU,X,adjusted,channel,20481.772,nT
2026-04-09T08:50:00.000Z,BOU,X,adjusted,channel,20481.716,nT
2026-04-09T08:51:00.000Z,BOU,X,adjusted,channel,20481.692,nT
2026-04-09T08:52:00.000Z,BOU,X,adjusted,channel,20481.634,nT
2026-04-09T08:53:00.000Z,BOU,X,adjusted,channel,20481.325,nT
2026-04-09T08:54:00.000Z,BOU,X,adjusted,channel,20481.109,nT
2026-04-09T08:55:00.000Z,BOU,X,adjusted,channel,20480.816,nT
2026-04-09T08:56:00.000Z,BOU,X,adjusted,channel,20480.701,nT
2026-04-09T08:57:00.000Z,BOU,X,adjusted,channel,20480.597,nT
2026-04-09T08:58:00.000Z,BOU,X,adjusted,channel,20480.576,nT
2026-04-09T08:59:00.000Z,BOU,X,adjusted,channel,20480.561,nT
2026-04-09T09:00:00.000Z,BOU,X,adjusted,channel,20480.709,nT
2026-04-09T09:01:00.000Z,BOU,X,adjusted,channel,20480.933,nT
2026-04-09T09:02:00.000Z,BOU,X,adjusted,channel,20481.252,nT
2026-04-09T09:03:00.000Z,BOU,X,adjusted,channel,20481.66,nT
2026-04-09T09:04:00.000Z,BOU,X,adjusted,channel,20482.165,nT
2026-04-09T09:05:00.000Z,BOU,X,adjusted,channel,20482.619,nT
2026-04-09T09:06:00.000Z,BOU,X,adjusted,channel,20483.022,nT
2026-04-09T09:07:00.000Z,BOU,X,adjusted,channel,20483.46,nT
2026-04-09T09:08:00.000Z,BOU,X,adjusted,channel,20483.816,nT
2026-04-09T09:09:00.000Z,BOU,X,adjusted,channel,20484.211,nT
2026-04-09T09:10:00.000Z,BOU,X,adjusted,channel,20484.458,nT
2026-04-09T09:11:00.000Z,BOU,X,adjusted,channel,20484.619,nT
2026-04-09T09:12:00.000Z,BOU,X,adjusted,channel,20484.797,nT
2026-04-09T09:13:00.000Z,BOU,X,adjusted,channel,20484.903,nT
2026-04-09T09:14:00.000Z,BOU,X,adjusted,channel,20484.967,nT
2026-04-09T09:15:00.000Z,BOU,X,adjusted,channel,20484.776,nT
2026-04-09T09:16:00.000Z,BOU,X,adjusted,channel,20484.474,nT
2026-04-09T09:17:00.000Z,BOU,X,adjusted,channel,20484.159,nT
2026-04-09T09:18:00.000Z,BOU,X,adjusted,channel,20483.889,nT
2026-04-09T09:19:00.000Z,BOU,X,adjusted,channel,20483.948,nT
2026-04-09T09:20:00.000Z,BOU,X,adjusted,channel,20484.009,nT
2026-04-09T09:21:00.000Z,BOU,X,adjusted,channel,20483.948,nT
2026-04-09T09:22:00.000Z,BOU,X,adjusted,channel,20483.969,nT
2026-04-09T09:23:00.000Z,BOU,X,adjusted,channel,20483.986,nT
2026-04-09T09:24:00.000Z,BOU,X,adjusted,channel,20484.087,nT
2026-04-09T09:25:00.000Z,BOU,X,adjusted,channel,20484.241,nT
2026-04-09T09:26:00.000Z,BOU,X,adjusted,channel,20484.366,nT
2026-04-09T09:27:00.000Z,BOU,X,adjusted,channel,20484.456,nT
2026-04-09T09:28:00.000Z,BOU,X,adjusted,channel,20484.572,nT
2026-04-09T09:29:00.000Z,BOU,X,adjusted,channel,20484.737,nT
2026-04-09T09:30:00.000Z,BOU,X,adjusted,channel,20485.026,nT
2026-04-09T09:31:00.000Z,BOU,X,adjusted,channel,20485.37,nT
2026-04-09T09:32:00.000Z,BOU,X,adjusted,channel,20485.661,nT
2026-04-09T09:33:00.000Z,BOU,X,adjusted,channel,20486.003,nT
2026-04-09T09:34:00.000Z,BOU,X,adjusted,channel,20486.371,nT
2026-04-09T09:35:00.000Z,BOU,X,adjusted,channel,20486.716,nT
2026-04-09T09:36:00.000Z,BOU,X,adjusted,channel,20486.853,nT
2026-04-09T09:37:00.000Z,BOU,X,adjusted,channel,20486.821,nT
2026-04-09T09:38:00.000Z,BOU,X,adjusted,channel,20486.672,nT
2026-04-09T09:39:00.000Z,BOU,X,adjusted,channel,20486.637,nT
2026-04-09T09:40:00.000Z,BOU,X,adjusted,channel,20486.748,nT
2026-04-09T09:41:00.000Z,BOU,X,adjusted,channel,20486.786,nT
2026-04-09T09:42:00.000Z,BOU,X,adjusted,channel,20486.619,nT
2026-04-09T09:43:00.000Z,BOU,X,adjusted,channel,20486.626,nT
2026-04-09T09:44:00.000Z,BOU,X,adjusted,channel,20486.749,nT
2026-04-09T09:45:00.000Z,BOU,X,adjusted,channel,20486.831,nT
2026-04-09T09:46:00.000Z,BOU,X,adjusted,channel,20486.845,nT
2026-04-09T09:47:00.000Z,BOU,X,adjusted,channel,20486.851,nT
2026-04-09T09:48:00.000Z,BOU,X,adjusted,channel,20486.879,nT
2026-04-09T09:49:00.000Z,BOU,X,adjusted,channel,20486.893,nT
2026-04-09T09:50:00.000Z,BOU,X,adjusted,channel,20486.898,nT
2026-04-09T09:51:00.000Z,BOU,X,adjusted,channel,20486.962,nT
2026-04-09T09:52:00.000Z,BOU,X,adjusted,channel,20486.969,nT
2026-04-09T09:53:00.000Z,BOU,X,adjusted,channel,20486.988,nT
2026-04-09T09:54:00.000Z,BOU,X,adjusted,channel,20486.966,nT
2026-04-09T09:55:00.000Z,BOU,X,adjusted,channel,20487.019,nT
2026-04-09T09:56:00.000Z,BOU,X,adjusted,channel,20487.148,nT
2026-04-09T09:57:00.000Z,BOU,X,adjusted,channel,20487.247,nT
2026-04-09T09:58:00.000Z,BOU,X,adjusted,channel,20487.272,nT
2026-04-09T09:59:00.000Z,BOU,X,adjusted,channel,20487.263,nT
2026-04-09T10:00:00.000Z,BOU,X,adjusted,channel,20487.307,nT
2026-04-09T10:01:00.000Z,BOU,X,adjusted,channel,20487.445,nT
2026-04-09T10:02:00.000Z,BOU,X,adjusted,channel,20487.633,nT
2026-04-09T10:03:00.000Z,BOU,X,adjusted,channel,20487.697,nT
2026-04-09T10:04:00.000Z,BOU,X,adjusted,channel,20487.714,nT
2026-04-09T10:05:00.000Z,BOU,X,adjusted,channel,20487.632,nT
2026-04-09T10:06:00.000Z,BOU,X,adjusted,channel,20487.655,nT
2026-04-09T10:07:00.000Z,BOU,X,adjusted,channel,20487.651,nT
2026-04-09T10:08:00.000Z,BOU,X,adjusted,channel,20487.605,nT
2026-04-09T10:09:00.000Z,BOU,X,adjusted,channel,20487.536,nT
2026-04-09T10:10:00.000Z,BOU,X,adjusted,channel,20487.557,nT
2026-04-09T10:11:00.000Z,BOU,X,adjusted,channel,20487.513,nT
2026-04-09T10:12:00.000Z,BOU,X,adjusted,channel,20487.45,nT
2026-04-09T10:13:00.000Z,BOU,X,adjusted,channel,20487.443,nT
2026-04-09T10:14:00.000Z,BOU,X,adjusted,channel,20487.508,nT
2026-04-09T10:15:00.000Z,BOU,X,adjusted,channel,20487.628,nT
2026-04-09T10:16:00.000Z,BOU,X,adjusted,channel,20487.696,nT
2026-04-09T10:17:00.000Z,BOU,X,adjusted,channel,20487.709,nT
2026-04-09T10:18:00.000Z,BOU,X,adjusted,channel,20487.732,nT
2026-04-09T10:19:00.000Z,BOU,X,adjusted,channel,20487.669,nT
2026-04-09T10:20:00.000Z,BOU,X,adjusted,channel,20487.676,nT
2026-04-09T10:21:00.000Z,BOU,X,adjusted,channel,20487.748,nT
2026-04-09T10:22:00.000Z,BOU,X,adjusted,channel,20487.703,nT
2026-04-09T10:23:00.000Z,BOU,X,adjusted,channel,20487.655,nT
2026-04-09T10:24:00.000Z,BOU,X,adjusted,channel,20487.59,nT
2026-04-09T10:25:00.000Z,BOU,X,adjusted,channel,20487.617,nT
2026-04-09T10:26:00.000Z,BOU,X,adjusted,channel,20487.623,nT
2026-04-09T10:27:00.000Z,BOU,X,adjusted,channel,20487.63,nT
2026-04-09T10:28:00.000Z,BOU,X,adjusted,channel,20487.698,nT
2026-04-09T10:29:00.000Z,BOU,X,adjusted,channel,20487.784,nT
2026-04-09T10:30:00.000Z,BOU,X,adjusted,channel,20487.923,nT
2026-04-09T10:31:00.000Z,BOU,X,adjusted,channel,20488.106,nT
2026-04-09T10:32:00.000Z,BOU,X,adjusted,channel,20488.122,nT
2026-04-09T10:33:00.000Z,BOU,X,adjusted,channel,20488.134,nT
2026-04-09T10:34:00.000Z,BOU,X,adjusted,channel,20488.175,nT
2026-04-09T10:35:00.000Z,BOU,X,adjusted,channel,20488.148,nT
2026-04-09T10:36:00.000Z,BOU,X,adjusted,channel,20488.096,nT
2026-04-09T10:37:00.000Z,BOU,X,adjusted,channel,20488.057,nT
2026-04-09T10:38:00.000Z,BOU,X,adjusted,channel,20488.055,nT
2026-04-09T10:39:00.000Z,BOU,X,adjusted,channel,20488.041,nT
2026-04-09T10:40:00.000Z,BOU,X,adjusted,channel,20488.039,nT
2026-04-09T10:41:00.000Z,BOU,X,adjusted,channel,20487.93,nT
2026-04-09T10:42:00.000Z,BOU,X,adjusted,channel,20487.899,nT
2026-04-09T10:43:00.000Z,BOU,X,adjusted,channel,20487.773,nT
2026-04-09T10:44:00.000Z,BOU,X,adjusted,channel,20487.702,nT
2026-04-09T10:45:00.000Z,BOU,X,adjusted,channel,20487.618,nT
2026-04-09T10:46:00.000Z,BOU,X,adjusted,channel,20487.591,nT
2026-04-09T10:47:00.000Z,BOU,X,adjusted,channel,20487.527,nT
2026-04-09T10:48:00.000Z,BOU,X,adjusted,channel,20487.573,nT
2026-04-09T10:49:00.000Z,BOU,X,adjusted,channel,20487.705,nT
2026-04-09T10:50:00.000Z,BOU,X,adjusted,channel,20487.89,nT
2026-04-09T10:51:00.000Z,BOU,X,adjusted,channel,20487.942,nT
2026-04-09T10:52:00.000Z,BOU,X,adjusted,channel,20487.978,nT
2026-04-09T10:53:00.000Z,BOU,X,adjusted,channel,20488.04,nT
2026-04-09T10:54:00.000Z,BOU,X,adjusted,channel,20488.054,nT
2026-04-09T10:55:00.000Z,BOU,X,adjusted,channel,20488.111,nT
2026-04-09T10:56:00.000Z,BOU,X,adjusted,channel,20488.196,nT
2026-04-09T10:57:00.000Z,BOU,X,adjusted,channel,20488.318,nT
2026-04-09T10:58:00.000Z,BOU,X,adjusted,channel,20488.483,nT
2026-04-09T10:59:00.000Z,BOU,X,adjusted,channel,20488.578,nT
2026-04-09T11:00:00.000Z,BOU,X,adjusted,channel,20488.601,nT
2026-04-09T11:01:00.000Z,BOU,X,adjusted,channel,20488.567,nT
2026-04-09T11:02:00.000Z,BOU,X,adjusted,channel,20488.493,nT
2026-04-09T11:03:00.000Z,BOU,X,adjusted,channel,20488.536,nT
2026-04-09T11:04:00.000Z,BOU,X,adjusted,channel,20488.491,nT
2026-04-09T11:05:00.000Z,BOU,X,adjusted,channel,20488.475,nT
2026-04-09T11:06:00.000Z,BOU,X,adjusted,channel,20488.524,nT
2026-04-09T11:07:00.000Z,BOU,X,adjusted,channel,20488.552,nT
2026-04-09T11:08:00.000Z,BOU,X,adjusted,channel,20488.556,nT
2026-04-09T11:09:00.000Z,BOU,X,adjusted,channel,20488.55,nT
2026-04-09T11:10:00.000Z,BOU,X,adjusted,channel,20488.402,nT
2026-04-09T11:11:00.000Z,BOU,X,adjusted,channel,20488.324,nT
2026-04-09T11:12:00.000Z,BOU,X,adjusted,channel,20488.373,nT
2026-04-09T11:13:00.000Z,BOU,X,adjusted,channel,20488.355,nT
2026-04-09T11:14:00.000Z,BOU,X,adjusted,channel,20488.488,nT
2026-04-09T11:15:00.000Z,BOU,X,adjusted,channel,20488.766,nT
2026-04-09T11:16:00.000Z,BOU,X,adjusted,channel,20489.013,nT
2026-04-09T11:17:00.000Z,BOU,X,adjusted,channel,20489.213,nT
2026-04-09T11:18:00.000Z,BOU,X,adjusted,channel,20489.327,nT
2026-04-09T11:19:00.000Z,BOU,X,adjusted,channel,20489.341,nT
2026-04-09T11:20:00.000Z,BOU,X,adjusted,channel,20489.221,nT
2026-04-09T11:21:00.000Z,BOU,X,adjusted,channel,20488.981,nT
2026-04-09T11:22:00.000Z,BOU,X,adjusted,channel,20488.685,nT
2026-04-09T11:23:00.000Z,BOU,X,adjusted,channel,20488.563,nT
2026-04-09T11:24:00.000Z,BOU,X,adjusted,channel,20488.59,nT
2026-04-09T11:25:00.000Z,BOU,X,adjusted,channel,20488.716,nT
2026-04-09T11:26:00.000Z,BOU,X,adjusted,channel,20488.813,nT
2026-04-09T11:27:00.000Z,BOU,X,adjusted,channel,20489.014,nT
2026-04-09T11:28:00.000Z,BOU,X,adjusted,channel,20489.388,nT
2026-04-09T11:29:00.000Z,BOU,X,adjusted,channel,20489.81,nT
2026-04-09T11:30:00.000Z,BOU,X,adjusted,channel,20490.395,nT
2026-04-09T11:31:00.000Z,BOU,X,adjusted,channel,20490.77,nT
2026-04-09T11:32:00.000Z,BOU,X,adjusted,channel,20490.95,nT
2026-04-09T11:33:00.000Z,BOU,X,adjusted,channel,20491.143,nT
2026-04-09T11:34:00.000Z,BOU,X,adjusted,channel,20491.045,nT
2026-04-09T11:35:00.000Z,BOU,X,adjusted,channel,20490.752,nT
2026-04-09T11:36:00.000Z,BOU,X,adjusted,channel,20490.572,nT
2026-04-09T11:37:00.000Z,BOU,X,adjusted,channel,20490.196,nT
2026-04-09T11:38:00.000Z,BOU,X,adjusted,channel,20489.695,nT
2026-04-09T11:39:00.000Z,BOU,X,adjusted,channel,20489.361,nT
2026-04-09T11:40:00.000Z,BOU,X,adjusted,channel,20489.298,nT
2026-04-09T11:41:00.000Z,BOU,X,adjusted,channel,20489.394,nT
2026-04-09T11:42:00.000Z,BOU,X,adjusted,channel,20489.515,nT
2026-04-09T11:43:00.000Z,BOU,X,adjusted,channel,20489.89,nT
2026-04-09T11:44:00.000Z,BOU,X,adjusted,channel,20490.327,nT
2026-04-09T11:45:00.000Z,BOU,X,adjusted,channel,20490.87,nT
2026-04-09T11:46:00.000Z,BOU,X,adjusted,channel,20491.138,nT
2026-04-09T11:47:00.000Z,BOU,X,adjusted,channel,20491.265,nT
2026-04-09T11:48:00.000Z,BOU,X,adjusted,channel,20491.465,nT
2026-04-09T11:49:00.000Z,BOU,X,adjusted,channel,20491.626,nT
2026-04-09T11:50:00.000Z,BOU,X,adjusted,channel,20491.658,nT
2026-04-09T11:51:00.000Z,BOU,X,adjusted,channel,20491.559,nT
2026-04-09T11:52:00.000Z,BOU,X,adjusted,channel,20491.163,nT
2026-04-09T11:53:00.000Z,BOU,X,adjusted,channel,20490.894,nT
2026-04-09T11:54:00.000Z,BOU,X,adjusted,channel,20490.634,nT
2026-04-09T11:55:00.000Z,BOU,X,adjusted,channel,20490.381,nT
2026-04-09T11:56:00.000Z,BOU,X,adjusted,channel,20490.15,nT
2026-04-09T11:57:00.000Z,BOU,X,adjusted,channel,20490.135,nT
2026-04-09T11:58:00.000Z,BOU,X,adjusted,channel,20490.331,nT
2026-04-09T11:59:00.000Z,BOU,X,adjusted,channel,20490.674,nT
2026-04-09T12:00:00.000Z,BOU,X,adjusted,channel,20491.045,nT
2026-04-09T12:01:00.000Z,BOU,X,adjusted,channel,20491.255,nT
2026-04-09T12:02:00.000Z,BOU,X,adjusted,channel,20491.469,nT
2026-04-09T12:03:00.000Z,BOU,X,adjusted,channel,20491.504,nT
2026-04-09T12:04:00.000Z,BOU,X,adjusted,channel,20491.325,nT
2026-04-09T12:05:00.000Z,BOU,X,adjusted,channel,20490.954,nT
2026-04-09T12:06:00.000Z,BOU,X,adjusted,channel,20490.378,nT
2026-04-09T12:07:00.000Z,BOU,X,adjusted,channel,20490.043,nT
2026-04-09T12:08:00.000Z,BOU,X,adjusted,channel,20489.729,nT
2026-04-09T12:09:00.000Z,BOU,X,adjusted,channel,20489.506,nT
2026-04-09T12:10:00.000Z,BOU,X,adjusted,channel,20489.406,nT
2026-04-09T12:11:00.000Z,BOU,X,adjusted,channel,20489.779,nT
2026-04-09T12:12:00.000Z,BOU,X,adjusted,channel,20490.036,nT
2026-04-09T12:13:00.000Z,BOU,X,adjusted,channel,20490.539,nT
2026-04-09T12:14:00.000Z,BOU,X,adjusted,channel,20490.766,nT
2026-04-09T12:15:00.000Z,BOU,X,adjusted,channel,20491.468,nT
2026-04-09T12:16:00.000Z,BOU,X,adjusted,channel,20492.212,nT
2026-04-09T12:17:00.000Z,BOU,X,adjusted,channel,20492.922,nT
2026-04-09T12:18:00.000Z,BOU,X,adjusted,channel,20493.708,nT
2026-04-09T12:19:00.000Z,BOU,X,adjusted,channel,20494.258,nT
2026-04-09T12:20:00.000Z,BOU,X,adjusted,channel,20494.626,nT
2026-04-09T12:21:00.000Z,BOU,X,adjusted,channel,20494.747,nT
2026-04-09T12:22:00.000Z,BOU,X,adjusted,channel,20494.403,nT
2026-04-09T12:23:00.000Z,BOU,X,adjusted,channel,20494.02,nT
2026-04-09T12:24:00.000Z,BOU,X,adjusted,channel,20493.9,nT
2026-04-09T12:25:00.000Z,BOU,X,adjusted,channel,20493.824,nT
2026-04-09T12:26:00.000Z,BOU,X,adjusted,channel,20493.974,nT
2026-04-09T12:27:00.000Z,BOU,X,adjusted,channel,20494.177,nT
2026-04-09T12:28:00.000Z,BOU,X,adjusted,channel,20494.594,nT
2026-04-09T12:29:00.000Z,BOU,X,adjusted,channel,20494.928,nT
2026-04-09T12:30:00.000Z,BOU,X,adjusted,channel,20495.384,nT
2026-04-09T12:31:00.000Z,BOU,X,adjusted,channel,20495.667,nT
2026-04-09T12:32:00.000Z,BOU,X,adjusted,channel,20495.633,nT
2026-04-09T12:33:00.000Z,BOU,X,adjusted,channel,20495.746,nT
2026-04-09T12:34:00.000Z,BOU,X,adjusted,channel,20496.219,nT
2026-04-09T12:35:00.000Z,BOU,X,adjusted,channel,20496.434,nT
2026-04-09T12:36:00.000Z,BOU,X,adjusted,channel,20496.423,nT
2026-04-09T12:37:00.000Z,BOU,X,adjusted,channel,20496.48,nT
2026-04-09T12:38:00.000Z,BOU,X,adjusted,channel,20496.694,nT
2026-04-09T12:39:00.000Z,BOU,X,adjusted,channel,20496.952,nT
2026-04-09T12:40:00.000Z,BOU,X,adjusted,channel,20497.134,nT
2026-04-09T12:41:00.000Z,BOU,X,adjusted,channel,20497.217,nT
2026-04-09T12:42:00.000Z,BOU,X,adjusted,channel,20497.331,nT
2026-04-09T12:43:00.000Z,BOU,X,adjusted,channel,20497.301,nT
2026-04-09T12:44:00.000Z,BOU,X,adjusted,channel,20496.93,nT
2026-04-09T12:45:00.000Z,BOU,X,adjusted,channel,20496.638,nT
2026-04-09T12:46:00.000Z,BOU,X,adjusted,channel,20496.201,nT
2026-04-09T12:47:00.000Z,BOU,X,adjusted,channel,20495.885,nT
2026-04-09T12:48:00.000Z,BOU,X,adjusted,channel,20495.794,nT
2026-04-09T12:49:00.000Z,BOU,X,adjusted,channel,20495.786,nT
2026-04-09T12:50:00.000Z,BOU,X,adjusted,channel,20495.814,nT
2026-04-09T12:51:00.000Z,BOU,X,adjusted,channel,20495.746,nT
2026-04-09T12:52:00.000Z,BOU,X,adjusted,channel,20495.606,nT
2026-04-09T12:53:00.000Z,BOU,X,adjusted,channel,20495.421,nT
2026-04-09T12:54:00.000Z,BOU,X,adjusted,channel,20495.445,nT
2026-04-09T12:55:00.000Z,BOU,X,adjusted,channel,20495.422,nT
2026-04-09T12:56:00.000Z,BOU,X,adjusted,channel,20495.405,nT
2026-04-09T12:57:00.000Z,BOU,X,adjusted,channel,20495.508,nT
2026-04-09T12:58:00.000Z,BOU,X,adjusted,channel,20495.708,nT
2026-04-09T12:59:00.000Z,BOU,X,adjusted,channel,20495.76,nT
2026-04-09T13:00:00.000Z,BOU,X,adjusted,channel,20495.584,nT
2026-04-09T13:01:00.000Z,BOU,X,adjusted,channel,20495.593,nT
2026-04-09T13:02:00.000Z,BOU,X,adjusted,channel,20494.808,nT
2026-04-09T13:03:00.000Z,BOU,X,adjusted,channel,20493.92,nT
2026-04-09T13:04:00.000Z,BOU,X,adjusted,channel,20493.495,nT
2026-04-09T13:05:00.000Z,BOU,X,adjusted,channel,20493.358,nT
2026-04-09T13:06:00.000Z,BOU,X,adjusted,channel,20492.847,nT
2026-04-09T13:07:00.000Z,BOU,X,adjusted,channel,20492.506,nT
2026-04-09T13:08:00.000Z,BOU,X,adjusted,channel,20492.024,nT
2026-04-09T13:09:00.000Z,BOU,X,adjusted,channel,20492.052,nT
2026-04-09T13:10:00.000Z,BOU,X,adjusted,channel,20492.228,nT
2026-04-09T13:11:00.000Z,BOU,X,adjusted,channel,20492.18,nT
2026-04-09T13:12:00.000Z,BOU,X,adjusted,channel,20491.843,nT
2026-04-09T13:13:00.000Z,BOU,X,adjusted,channel,20491.722,nT
2026-04-09T13:14:00.000Z,BOU,X,adjusted,channel,20491.723,nT
2026-04-09T13:15:00.000Z,BOU,X,adjusted,channel,20491.702,nT
2026-04-09T13:16:00.000Z,BOU,X,adjusted,channel,20491.577,nT
2026-04-09T13:17:00.000Z,BOU,X,adjusted,channel,20491.5,nT
2026-04-09T13:18:00.000Z,BOU,X,adjusted,channel,20491.691,nT
2026-04-09T13:19:00.000Z,BOU,X,adjusted,channel,20491.68,nT
2026-04-09T13:20:00.000Z,BOU,X,adjusted,channel,20491.775,nT
2026-04-09T13:21:00.000Z,BOU,X,adjusted,channel,20491.224,nT
2026-04-09T13:22:00.000Z,BOU,X,adjusted,channel,20490.701,nT
2026-04-09T13:23:00.000Z,BOU,X,adjusted,channel,20489.899,nT
2026-04-09T13:24:00.000Z,BOU,X,adjusted,channel,20489.329,nT
2026-04-09T13:25:00.000Z,BOU,X,adjusted,channel,20488.126,nT
2026-04-09T13:26:00.000Z,BOU,X,adjusted,channel,20487.065,nT
2026-04-09T13:27:00.000Z,BOU,X,adjusted,channel,20486.179,nT
2026-04-09T13:28:00.000Z,BOU,X,adjusted,channel,20486.076,nT
2026-04-09T13:29:00.000Z,BOU,X,adjusted,channel,20485.157,nT
2026-04-09T13:30:00.000Z,BOU,X,adjusted,channel,20484.476,nT
2026-04-09T13:31:00.000Z,BOU,X,adjusted,channel,20484.151,nT
2026-04-09T13:32:00.000Z,BOU,X,adjusted,channel,20483.497,nT
2026-04-09T13:33:00.000Z,BOU,X,adjusted,channel,20483.064,nT
2026-04-09T13:34:00.000Z,BOU,X,adjusted,channel,20482.764,nT
2026-04-09T13:35:00.000Z,BOU,X,adjusted,channel,20482.638,nT
2026-04-09T13:36:00.000Z,BOU,X,adjusted,channel,20482.687,nT
2026-04-09T13:37:00.000Z,BOU,X,adjusted,channel,20482.382,nT
2026-04-09T13:38:00.000Z,BOU,X,adjusted,channel,20482.35,nT
2026-04-09T13:39:00.000Z,BOU,X,adjusted,channel,20481.903,nT
2026-04-09T13:40:00.000Z,BOU,X,adjusted,channel,20481.664,nT
2026-04-09T13:41:00.000Z,BOU,X,adjusted,channel,20481.504,nT
2026-04-09T13:42:00.000Z,BOU,X,adjusted,channel,20481.544,nT
2026-04-09T13:43:00.000Z,BOU,X,adjusted,channel,20481.516,nT
2026-04-09T13:44:00.000Z,BOU,X,adjusted,channel,20481.381,nT
2026-04-09T13:45:00.000Z,BOU,X,adjusted,channel,20481.301,nT
2026-04-09T13:46:00.000Z,BOU,X,adjusted,channel,20481.444,nT
2026-04-09T13:47:00.000Z,BOU,X,adjusted,channel,20481.445,nT
2026-04-09T13:48:00.000Z,BOU,X,adjusted,channel,20481.243,nT
2026-04-09T13:49:00.000Z,BOU,X,adjusted,channel,20481.351,nT
2026-04-09T13:50:00.000Z,BOU,X,adjusted,channel,20481.619,nT
2026-04-09T13:51:00.000Z,BOU,X,adjusted,channel,20481.327,nT
2026-04-09T13:52:00.000Z,BOU,X,adjusted,channel,20481.267,nT
2026-04-09T13:53:00.000Z,BOU,X,adjusted,channel,20481.616,nT
2026-04-09T13:54:00.000Z,BOU,X,adjusted,channel,20481.691,nT
2026-04-09T13:55:00.000Z,BOU,X,adjusted,channel,20481.232,nT
2026-04-09T13:56:00.000Z,BOU,X,adjusted,channel,20481.426,nT
2026-04-09T13:57:00.000Z,BOU,X,adjusted,channel,20481.489,nT
2026-04-09T13:58:00.000Z,BOU,X,adjusted,channel,20481.689,nT
2026-04-09T13:59:00.000Z,BOU,X,adjusted,channel,20481.731,nT
2026-04-09T14:00:00.000Z,BOU,X,adjusted,channel,20481.971,nT
2026-04-09T14:01:00.000Z,BOU,X,adjusted,channel,20482.103,nT
2026-04-09T14:02:00.000Z,BOU,X,adjusted,channel,20482.117,nT
2026-04-09T14:03:00.000Z,BOU,X,adjusted,channel,20481.729,nT
2026-04-09T14:04:00.000Z,BOU,X,adjusted,channel,20481.481,nT
2026-04-09T14:05:00.000Z,BOU,X,adjusted,channel,20480.814,nT
2026-04-09T14:06:00.000Z,BOU,X,adjusted,channel,20480.841,nT
2026-04-09T14:07:00.000Z,BOU,X,adjusted,channel,20481.044,nT
2026-04-09T14:08:00.000Z,BOU,X,adjusted,channel,20481.284,nT
2026-04-09T14:09:00.000Z,BOU,X,adjusted,channel,20481.489,nT
2026-04-09T14:10:00.000Z,BOU,X,adjusted,channel,20481.883,nT
2026-04-09T14:11:00.000Z,BOU,X,adjusted,channel,20482.171,nT
2026-04-09T14:12:00.000Z,BOU,X,adjusted,channel,20482.3,nT
2026-04-09T14:13:00.000Z,BOU,X,adjusted,channel,20482.316,nT
2026-04-09T14:14:00.000Z,BOU,X,adjusted,channel,20482.397,nT
2026-04-09T14:15:00.000Z,BOU,X,adjusted,channel,20482.689,nT
2026-04-09T14:16:00.000Z,BOU,X,adjusted,channel,20483.255,nT
2026-04-09T14:17:00.000Z,BOU,X,adjusted,channel,20483.552,nT
2026-04-09T14:18:00.000Z,BOU,X,adjusted,channel,20483.891,nT
2026-04-09T14:19:00.000Z,BOU,X,adjusted,channel,20484.186,nT
2026-04-09T14:20:00.000Z,BOU,X,adjusted,channel,20484.028,nT
2026-04-09T14:21:00.000Z,BOU,X,adjusted,channel,20484.212,nT
2026-04-09T14:22:00.000Z,BOU,X,adjusted,channel,20484.268,nT
2026-04-09T14:23:00.000Z,BOU,X,adjusted,channel,20484.182,nT
2026-04-09T14:24:00.000Z,BOU,X,adjusted,channel,20484.061,nT
2026-04-09T14:25:00.000Z,BOU,X,adjusted,channel,20483.847,nT
2026-04-09T14:26:00.000Z,BOU,X,adjusted,channel,20483.639,nT
2026-04-09T14:27:00.000Z,BOU,X,adjusted,channel,20483.379,nT
2026-04-09T14:28:00.000Z,BOU,X,adjusted,channel,20483.292,nT
2026-04-09T14:29:00.000Z,BOU,X,adjusted,channel,20483.377,nT
2026-04-09T14:30:00.000Z,BOU,X,adjusted,channel,20483.446,nT
2026-04-09T14:31:00.000Z,BOU,X,adjusted,channel,20483.286,nT
2026-04-09T14:32:00.000Z,BOU,X,adjusted,channel,20483.157,nT
2026-04-09T14:33:00.000Z,BOU,X,adjusted,channel,20483.298,nT
2026-04-09T14:34:00.000Z,BOU,X,adjusted,channel,20483.011,nT
2026-04-09T14:35:00.000Z,BOU,X,adjusted,channel,20482.826,nT
2026-04-09T14:36:00.000Z,BOU,X,adjusted,channel,20482.358,nT
2026-04-09T14:37:00.000Z,BOU,X,adjusted,channel,20481.913,nT
2026-04-09T14:38:00.000Z,BOU,X,adjusted,channel,20481.272,nT
2026-04-09T14:39:00.000Z,BOU,X,adjusted,channel,20480.551,nT
2026-04-09T14:40:00.000Z,BOU,X,adjusted,channel,20480.206,nT
2026-04-09T14:41:00.000Z,BOU,X,adjusted,channel,20479.562,nT
2026-04-09T14:42:00.000Z,BOU,X,adjusted,channel,20479.099,nT
2026-04-09T14:43:00.000Z,BOU,X,adjusted,channel,20478.227,nT
2026-04-09T14:44:00.000Z,BOU,X,adjusted,channel,20477.702,nT
2026-04-09T14:45:00.000Z,BOU,X,adjusted,channel,20477.223,nT
2026-04-09T14:46:00.000Z,BOU,X,adjusted,channel,20477.013,nT
2026-04-09T14:47:00.000Z,BOU,X,adjusted,channel,20476.833,nT
2026-04-09T14:48:00.000Z,BOU,X,adjusted,channel,20476.6,nT
2026-04-09T14:49:00.000Z,BOU,X,adjusted,channel,20476.56,nT
2026-04-09T14:50:00.000Z,BOU,X,adjusted,channel,20476.321,nT
2026-04-09T14:51:00.000Z,BOU,X,adjusted,channel,20476.566,nT
2026-04-09T14:52:00.000Z,BOU,X,adjusted,channel,20476.464,nT
2026-04-09T14:53:00.000Z,BOU,X,adjusted,channel,20476.105,nT
2026-04-09T14:54:00.000Z,BOU,X,adjusted,channel,20475.629,nT
2026-04-09T14:55:00.000Z,BOU,X,adjusted,channel,20474.984,nT
2026-04-09T14:56:00.000Z,BOU,X,adjusted,channel,20475.091,nT
2026-04-09T14:57:00.000Z,BOU,X,adjusted,channel,20474.697,nT
2026-04-09T14:58:00.000Z,BOU,X,adjusted,channel,20475.237,nT
2026-04-09T14:59:00.000Z,BOU,X,adjusted,channel,20475.001,nT
2026-04-09T15:00:00.000Z,BOU,X,adjusted,channel,20474.868,nT
2026-04-09T15:01:00.000Z,BOU,X,adjusted,channel,20474.52,nT
2026-04-09T15:02:00.000Z,BOU,X,adjusted,channel,20474.092,nT
2026-04-09T15:03:00.000Z,BOU,X,adjusted,channel,20473.692,nT
2026-04-09T15:04:00.000Z,BOU,X,adjusted,channel,20473.105,nT
2026-04-09T15:05:00.000Z,BOU,X,adjusted,channel,20472.817,nT
2026-04-09T15:06:00.000Z,BOU,X,adjusted,channel,20472.454,nT
2026-04-09T15:07:00.000Z,BOU,X,adjusted,channel,20472.238,nT
2026-04-09T15:08:00.000Z,BOU,X,adjusted,channel,20472.044,nT
2026-04-09T15:09:00.000Z,BOU,X,adjusted,channel,20471.948,nT
2026-04-09T15:10:00.000Z,BOU,X,adjusted,channel,20471.913,nT
2026-04-09T15:11:00.000Z,BOU,X,adjusted,channel,20471.899,nT
2026-04-09T15:12:00.000Z,BOU,X,adjusted,channel,20471.799,nT
2026-04-09T15:13:00.000Z,BOU,X,adjusted,channel,20471.373,nT
2026-04-09T15:14:00.000Z,BOU,X,adjusted,channel,20471.5,nT
2026-04-09T15:15:00.000Z,BOU,X,adjusted,channel,20471.663,nT
2026-04-09T15:16:00.000Z,BOU,X,adjusted,channel,20471.574,nT
2026-04-09T15:17:00.000Z,BOU,X,adjusted,channel,20471.242,nT
2026-04-09T15:18:00.000Z,BOU,X,adjusted,channel,20471.027,nT
2026-04-09T15:19:00.000Z,BOU,X,adjusted,channel,20470.996,nT
2026-04-09T15:20:00.000Z,BOU,X,adjusted,channel,20471.157,nT
2026-04-09T15:21:00.000Z,BOU,X,adjusted,channel,20470.991,nT
2026-04-09T15:22:00.000Z,BOU,X,adjusted,channel,20471.009,nT
2026-04-09T15:23:00.000Z,BOU,X,adjusted,channel,20470.979,nT
2026-04-09T15:24:00.000Z,BOU,X,adjusted,channel,20471.208,nT
2026-04-09T15:25:00.000Z,BOU,X,adjusted,channel,20470.881,nT
2026-04-09T15:26:00.000Z,BOU,X,adjusted,channel,20471.114,nT
2026-04-09T15:27:00.000Z,BOU,X,adjusted,channel,20471.116,nT
2026-04-09T15:28:00.000Z,BOU,X,adjusted,channel,20471.576,nT
2026-04-09T15:29:00.000Z,BOU,X,adjusted,channel,20470.633,nT
2026-04-09T15:30:00.000Z,BOU,X,adjusted,channel,20470.151,nT
2026-04-09T15:31:00.000Z,BOU,X,adjusted,channel,20469.434,nT
2026-04-09T15:32:00.000Z,BOU,X,adjusted,channel,20469.424,nT
2026-04-09T15:33:00.000Z,BOU,X,adjusted,channel,20468.502,nT
2026-04-09T15:34:00.000Z,BOU,X,adjusted,channel,20468.085,nT
2026-04-09T15:35:00.000Z,BOU,X,adjusted,channel,20467.048,nT
2026-04-09T15:36:00.000Z,BOU,X,adjusted,channel,20466.772,nT
2026-04-09T15:37:00.000Z,BOU,X,adjusted,channel,20466.798,nT
2026-04-09T15:38:00.000Z,BOU,X,adjusted,channel,20466.69,nT
2026-04-09T15:39:00.000Z,BOU,X,adjusted,channel,20466.994,nT
2026-04-09T15:40:00.000Z,BOU,X,adjusted,channel,20466.553,nT
2026-04-09T15:41:00.000Z,BOU,X,adjusted,channel,20466.685,nT
2026-04-09T15:42:00.000Z,BOU,X,adjusted,channel,20466.775,nT
2026-04-09T15:43:00.000Z,BOU,X,adjusted,channel,20466.78,nT
2026-04-09T15:44:00.000Z,BOU,X,adjusted,channel,20466.451,nT
2026-04-09T15:45:00.000Z,BOU,X,adjusted,channel,20466.708,nT
2026-04-09T15:46:00.000Z,BOU,X,adjusted,channel,20466.943,nT
2026-04-09T15:47:00.000Z,BOU,X,adjusted,channel,20467.323,nT
2026-04-09T15:48:00.000Z,BOU,X,adjusted,channel,20467.544,nT
2026-04-09T15:49:00.000Z,BOU,X,adjusted,channel,20467.688,nT
2026-04-09T15:50:00.000Z,BOU,X,adjusted,channel,20467.682,nT
2026-04-09T15:51:00.000Z,BOU,X,adjusted,channel,20467.89,nT
2026-04-09T15:52:00.000Z,BOU,X,adjusted,channel,20468.121,nT
2026-04-09T15:53:00.000Z,BOU,X,adjusted,channel,20468.378,nT
2026-04-09T15:54:00.000Z,BOU,X,adjusted,channel,20468.271,nT
2026-04-09T15:55:00.000Z,BOU,X,adjusted,channel,20467.986,nT
2026-04-09T15:56:00.000Z,BOU,X,adjusted,channel,20467.985,nT
2026-04-09T15:57:00.000Z,BOU,X,adjusted,channel,20467.469,nT
2026-04-09T15:58:00.000Z,BOU,X,adjusted,channel,20467.277,nT
2026-04-09T15:59:00.000Z,BOU,X,adjusted,channel,20467.161,nT
2026-04-09T16:00:00.000Z,BOU,X,adjusted,channel,20466.916,nT
2026-04-09T16:01:00.000Z,BOU,X,adjusted,channel,20466.631,nT
2026-04-09T16:02:00.000Z,BOU,X,adjusted,channel,20465.888,nT
2026-04-09T16:03:00.000Z,BOU,X,adjusted,channel,20464.945,nT
2026-04-09T16:04:00.000Z,BOU,X,adjusted,channel,20464.286,nT
2026-04-09T16:05:00.000Z,BOU,X,adjusted,channel,20463.463,nT
2026-04-09T16:06:00.000Z,BOU,X,adjusted,channel,20463.298,nT
2026-04-09T16:07:00.000Z,BOU,X,adjusted,channel,20462.829,nT
2026-04-09T16:08:00.000Z,BOU,X,adjusted,channel,20462.144,nT
2026-04-09T16:09:00.000Z,BOU,X,adjusted,channel,20461.807,nT
2026-04-09T16:10:00.000Z,BOU,X,adjusted,channel,20461.213,nT
2026-04-09T16:11:00.000Z,BOU,X,adjusted,channel,20459.827,nT
2026-04-09T16:12:00.000Z,BOU,X,adjusted,channel,20459.392,nT
2026-04-09T16:13:00.000Z,BOU,X,adjusted,channel,20459.124,nT
2026-04-09T16:14:00.000Z,BOU,X,adjusted,channel,20459.111,nT
2026-04-09T16:15:00.000Z,BOU,X,adjusted,channel,20459.058,nT
2026-04-09T16:16:00.000Z,BOU,X,adjusted,channel,20459.731,nT
2026-04-09T16:17:00.000Z,BOU,X,adjusted,channel,20459.602,nT
2026-04-09T16:18:00.000Z,BOU,X,adjusted,channel,20460.035,nT
2026-04-09T16:19:00.000Z,BOU,X,adjusted,channel,20459.876,nT
2026-04-09T16:20:00.000Z,BOU,X,adjusted,channel,20459.93,nT
2026-04-09T16:21:00.000Z,BOU,X,adjusted,channel,20459.249,nT
2026-04-09T16:22:00.000Z,BOU,X,adjusted,channel,20458.431,nT
2026-04-09T16:23:00.000Z,BOU,X,adjusted,channel,20457.843,nT
2026-04-09T16:24:00.000Z,BOU,X,adjusted,channel,20457.35,nT
2026-04-09T16:25:00.000Z,BOU,X,adjusted,channel,20457.241,nT
2026-04-09T16:26:00.000Z,BOU,X,adjusted,channel,20456.931,nT
2026-04-09T16:27:00.000Z,BOU,X,adjusted,channel,20456.77,nT
2026-04-09T16:28:00.000Z,BOU,X,adjusted,channel,20456.481,nT
2026-04-09T16:29:00.000Z,BOU,X,adjusted,channel,20455.996,nT
2026-04-09T16:30:00.000Z,BOU,X,adjusted,channel,20455.471,nT
2026-04-09T16:31:00.000Z,BOU,X,adjusted,channel,20455.091,nT
2026-04-09T16:32:00.000Z,BOU,X,adjusted,channel,20454.656,nT
2026-04-09T16:33:00.000Z,BOU,X,adjusted,channel,20454.904,nT
2026-04-09T16:34:00.000Z,BOU,X,adjusted,channel,20453.593,nT
2026-04-09T16:35:00.000Z,BOU,X,adjusted,channel,20452.469,nT
2026-04-09T16:36:00.000Z,BOU,X,adjusted,channel,20451.516,nT
2026-04-09T16:37:00.000Z,BOU,X,adjusted,channel,20450.849,nT
2026-04-09T16:38:00.000Z,BOU,X,adjusted,channel,20451.01,nT
2026-04-09T16:39:00.000Z,BOU,X,adjusted,channel,20451.086,nT
2026-04-09T16:40:00.000Z,BOU,X,adjusted,channel,20451.143,nT
2026-04-09T16:41:00.000Z,BOU,X,adjusted,channel,20451.655,nT
2026-04-09T16:42:00.000Z,BOU,X,adjusted,channel,20452.226,nT
2026-04-09T16:43:00.000Z,BOU,X,adjusted,channel,20452.691,nT
2026-04-09T16:44:00.000Z,BOU,X,adjusted,channel,20453.115,nT
2026-04-09T16:45:00.000Z,BOU,X,adjusted,channel,20453.504,nT
2026-04-09T16:46:00.000Z,BOU,X,adjusted,channel,20454.157,nT
2026-04-09T16:47:00.000Z,BOU,X,adjusted,channel,20454.945,nT
2026-04-09T16:48:00.000Z,BOU,X,adjusted,channel,20455.647,nT
2026-04-09T16:49:00.000Z,BOU,X,adjusted,channel,20455.599,nT
2026-04-09T16:50:00.000Z,BOU,X,adjusted,channel,20455.53,nT
2026-04-09T16:51:00.000Z,BOU,X,adjusted,channel,20455.415,nT
2026-04-09T16:52:00.000Z,BOU,X,adjusted,channel,20455.318,nT
2026-04-09T16:53:00.000Z,BOU,X,adjusted,channel,20455.31,nT
2026-04-09T16:54:00.000Z,BOU,X,adjusted,channel,20456.416,nT
2026-04-09T16:55:00.000Z,BOU,X,adjusted,channel,20457.926,nT
2026-04-09T16:56:00.000Z,BOU,X,adjusted,channel,20459.097,nT
2026-04-09T16:57:00.000Z,BOU,X,adjusted,channel,20459.408,nT
2026-04-09T16:58:00.000Z,BOU,X,adjusted,channel,20459.155,nT
2026-04-09T16:59:00.000Z,BOU,X,adjusted,channel,20459.06,nT
2026-04-09T17:00:00.000Z,BOU,X,adjusted,channel,20458.859,nT
2026-04-09T17:01:00.000Z,BOU,X,adjusted,channel,20457.932,nT
2026-04-09T17:02:00.000Z,BOU,X,adjusted,channel,20457.896,nT
2026-04-09T17:03:00.000Z,BOU,X,adjusted,channel,20457.432,nT
2026-04-09T17:04:00.000Z,BOU,X,adjusted,channel,20457.952,nT
2026-04-09T17:05:00.000Z,BOU,X,adjusted,channel,20458.24,nT
2026-04-09T17:06:00.000Z,BOU,X,adjusted,channel,20458.913,nT
2026-04-09T17:07:00.000Z,BOU,X,adjusted,channel,20459.46,nT
2026-04-09T17:08:00.000Z,BOU,X,adjusted,channel,20459.966,nT
2026-04-09T17:09:00.000Z,BOU,X,adjusted,channel,20460.559,nT
2026-04-09T17:10:00.000Z,BOU,X,adjusted,channel,20461.188,nT
2026-04-09T17:11:00.000Z,BOU,X,adjusted,channel,20461.736,nT
2026-04-09T17:12:00.000Z,BOU,X,adjusted,channel,20462.106,nT
2026-04-09T17:13:00.000Z,BOU,X,adjusted,channel,20462.31,nT
2026-04-09T17:14:00.000Z,BOU,X,adjusted,channel,20462.193,nT
2026-04-09T17:15:00.000Z,BOU,X,adjusted,channel,20462.12,nT
2026-04-09T17:16:00.000Z,BOU,X,adjusted,channel,20462.373,nT
2026-04-09T17:17:00.000Z,BOU,X,adjusted,channel,20462.966,nT
2026-04-09T17:18:00.000Z,BOU,X,adjusted,channel,20463.485,nT
2026-04-09T17:19:00.000Z,BOU,X,adjusted,channel,20463.552,nT
2026-04-09T17:20:00.000Z,BOU,X,adjusted,channel,20463.289,nT
2026-04-09T17:21:00.000Z,BOU,X,adjusted,channel,20463.056,nT
2026-04-09T17:22:00.000Z,BOU,X,adjusted,channel,20463.163,nT
2026-04-09T17:23:00.000Z,BOU,X,adjusted,channel,20463.251,nT
2026-04-09T17:24:00.000Z,BOU,X,adjusted,channel,20463.679,nT
2026-04-09T17:25:00.000Z,BOU,X,adjusted,channel,20463.761,nT
2026-04-09T17:26:00.000Z,BOU,X,adjusted,channel,20463.806,nT
2026-04-09T17:27:00.000Z,BOU,X,adjusted,channel,20464.444,nT
2026-04-09T17:28:00.000Z,BOU,X,adjusted,channel,20464.101,nT
2026-04-09T17:29:00.000Z,BOU,X,adjusted,channel,20464.382,nT
2026-04-09T17:30:00.000Z,BOU,X,adjusted,channel,20464.557,nT
2026-04-09T17:31:00.000Z,BOU,X,adjusted,channel,20465.086,nT
2026-04-09T17:32:00.000Z,BOU,X,adjusted,channel,20465.099,nT
2026-04-09T17:33:00.000Z,BOU,X,adjusted,channel,20465.42,nT
2026-04-09T17:34:00.000Z,BOU,X,adjusted,channel,20465.707,nT
2026-04-09T17:35:00.000Z,BOU,X,adjusted,channel,20465.954,nT
2026-04-09T17:36:00.000Z,BOU,X,adjusted,channel,20465.939,nT
2026-04-09T17:37:00.000Z,BOU,X,adjusted,channel,20466.064,nT
2026-04-09T17:38:00.000Z,BOU,X,adjusted,channel,20466.195,nT
2026-04-09T17:39:00.000Z,BOU,X,adjusted,channel,20466.203,nT
2026-04-09T17:40:00.000Z,BOU,X,adjusted,channel,20465.698,nT
2026-04-09T17:41:00.000Z,BOU,X,adjusted,channel,20465.791,nT
2026-04-09T17:42:00.000Z,BOU,X,adjusted,channel,20465.721,nT
2026-04-09T17:43:00.000Z,BOU,X,adjusted,channel,20465.768,nT
2026-04-09T17:44:00.000Z,BOU,X,adjusted,channel,20465.803,nT
2026-04-09T17:45:00.000Z,BOU,X,adjusted,channel,20465.315,nT
2026-04-09T17:46:00.000Z,BOU,X,adjusted,channel,20465.185,nT
2026-04-09T17:47:00.000Z,BOU,X,adjusted,channel,20465.205,nT
2026-04-09T17:48:00.000Z,BOU,X,adjusted,channel,20465.327,nT
2026-04-09T17:49:00.000Z,BOU,X,adjusted,channel,20464.911,nT
2026-04-09T17:50:00.000Z,BOU,X,adjusted,channel,20464.7,nT
2026-04-09T17:51:00.000Z,BOU,X,adjusted,channel,20464.573,nT
2026-04-09T17:52:00.000Z,BOU,X,adjusted,channel,20463.637,nT
2026-04-09T17:53:00.000Z,BOU,X,adjusted,channel,20462.678,nT
2026-04-09T17:54:00.000Z,BOU,X,adjusted,channel,20462.085,nT
2026-04-09T17:55:00.000Z,BOU,X,adjusted,channel,20461.679,nT
2026-04-09T17:56:00.000Z,BOU,X,adjusted,channel,20461.445,nT
2026-04-09T17:57:00.000Z,BOU,X,adjusted,channel,20460.76,nT
2026-04-09T17:58:00.000Z,BOU,X,adjusted,channel,20459.984,nT
2026-04-09T17:59:00.000Z,BOU,X,adjusted,channel,20459.773,nT
2026-04-09T18:00:00.000Z,BOU,X,adjusted,channel,20459.181,nT
2026-04-09T18:01:00.000Z,BOU,X,adjusted,channel,20458.17,nT
2026-04-09T18:02:00.000Z,BOU,X,adjusted,channel,20458.114,nT
2026-04-09T18:03:00.000Z,BOU,X,adjusted,channel,20457.816,nT
2026-04-09T18:04:00.000Z,BOU,X,adjusted,channel,20457.824,nT
2026-04-09T18:05:00.000Z,BOU,X,adjusted,channel,20458.206,nT
2026-04-09T18:06:00.000Z,BOU,X,adjusted,channel,20458.466,nT
2026-04-09T18:07:00.000Z,BOU,X,adjusted,channel,20458.256,nT
2026-04-09T18:08:00.000Z,BOU,X,adjusted,channel,20458.069,nT
2026-04-09T18:09:00.000Z,BOU,X,adjusted,channel,20458.196,nT
2026-04-09T18:10:00.000Z,BOU,X,adjusted,channel,20458.298,nT
2026-04-09T18:11:00.000Z,BOU,X,adjusted,channel,20458.065,nT
2026-04-09T18:12:00.000Z,BOU,X,adjusted,channel,20457.569,nT
2026-04-09T18:13:00.000Z,BOU,X,adjusted,channel,20457.299,nT
2026-04-09T18:14:00.000Z,BOU,X,adjusted,channel,20457.915,nT
2026-04-09T18:15:00.000Z,BOU,X,adjusted,channel,20458.444,nT
2026-04-09T18:16:00.000Z,BOU,X,adjusted,channel,20458.905,nT
2026-04-09T18:17:00.000Z,BOU,X,adjusted,channel,20459.564,nT
2026-04-09T18:18:00.000Z,BOU,X,adjusted,channel,20460.293,nT
2026-04-09T18:19:00.000Z,BOU,X,adjusted,channel,20460.789,nT
2026-04-09T18:20:00.000Z,BOU,X,adjusted,channel,20461.534,nT
2026-04-09T18:21:00.000Z,BOU,X,adjusted,channel,20462.421,nT
2026-04-09T18:22:00.000Z,BOU,X,adjusted,channel,20463.221,nT
2026-04-09T18:23:00.000Z,BOU,X,adjusted,channel,20464.109,nT
2026-04-09T18:24:00.000Z,BOU,X,adjusted,channel,20464.406,nT
2026-04-09T18:25:00.000Z,BOU,X,adjusted,channel,20464.451,nT
2026-04-09T18:26:00.000Z,BOU,X,adjusted,channel,20464.744,nT
2026-04-09T18:27:00.000Z,BOU,X,adjusted,channel,20465.262,nT
2026-04-09T18:28:00.000Z,BOU,X,adjusted,channel,20465.327,nT
2026-04-09T18:29:00.000Z,BOU,X,adjusted,channel,20465.712,nT
2026-04-09T18:30:00.000Z,BOU,X,adjusted,channel,20465.988,nT
2026-04-09T18:31:00.000Z,BOU,X,adjusted,channel,20466.497,nT
2026-04-09T18:32:00.000Z,BOU,X,adjusted,channel,20467.119,nT
2026-04-09T18:33:00.000Z,BOU,X,adjusted,channel,20468.104,nT
2026-04-09T18:34:00.000Z,BOU,X,adjusted,channel,20468.773,nT
2026-04-09T18:35:00.000Z,BOU,X,adjusted,channel,20468.933,nT
2026-04-09T18:36:00.000Z,BOU,X,adjusted,channel,20468.928,nT
2026-04-09T18:37:00.000Z,BOU,X,adjusted,channel,20469.598,nT
2026-04-09T18:38:00.000Z,BOU,X,adjusted,channel,20469.722,nT
2026-04-09T18:39:00.000Z,BOU,X,adjusted,channel,20469.684,nT
2026-04-09T18:40:00.000Z,BOU,X,adjusted,channel,20469.481,nT
2026-04-09T18:41:00.000Z,BOU,X,adjusted,channel,20469.393,nT
2026-04-09T18:42:00.000Z,BOU,X,adjusted,channel,20469.474,nT
2026-04-09T18:43:00.000Z,BOU,X,adjusted,channel,20469.883,nT
2026-04-09T18:44:00.000Z,BOU,X,adjusted,channel,20470.148,nT
2026-04-09T18:45:00.000Z,BOU,X,adjusted,channel,20470.528,nT
2026-04-09T18:46:00.000Z,BOU,X,adjusted,channel,20470.606,nT
2026-04-09T18:47:00.000Z,BOU,X,adjusted,channel,20470.779,nT
2026-04-09T18:48:00.000Z,BOU,X,adjusted,channel,20471.109,nT
2026-04-09T18:49:00.000Z,BOU,X,adjusted,channel,20471.069,nT
2026-04-09T18:50:00.000Z,BOU,X,adjusted,channel,20471.132,nT
2026-04-09T18:51:00.000Z,BOU,X,adjusted,channel,20470.781,nT
2026-04-09T18:52:00.000Z,BOU,X,adjusted,channel,20470.661,nT
2026-04-09T18:53:00.000Z,BOU,X,adjusted,channel,20471.343,nT
2026-04-09T18:54:00.000Z,BOU,X,adjusted,channel,20471.676,nT
2026-04-09T18:55:00.000Z,BOU,X,adjusted,channel,20471.129,nT
2026-04-09T18:56:00.000Z,BOU,X,adjusted,channel,20471.266,nT
2026-04-09T18:57:00.000Z,BOU,X,adjusted,channel,20471.705,nT
2026-04-09T18:58:00.000Z,BOU,X,adjusted,channel,20472.003,nT
2026-04-09T18:59:00.000Z,BOU,X,adjusted,channel,20471.934,nT
2026-04-09T19:00:00.000Z,BOU,X,adjusted,channel,20472.038,nT
2026-04-09T19:01:00.000Z,BOU,X,adjusted,channel,20472.665,nT
2026-04-09T19:02:00.000Z,BOU,X,adjusted,channel,20473.543,nT
2026-04-09T19:03:00.000Z,BOU,X,adjusted,channel,20473.666,nT
2026-04-09T19:04:00.000Z,BOU,X,adjusted,channel,20473.629,nT
2026-04-09T19:05:00.000Z,BOU,X,adjusted,channel,20474.199,nT
2026-04-09T19:06:00.000Z,BOU,X,adjusted,channel,20474.126,nT
2026-04-09T19:07:00.000Z,BOU,X,adjusted,channel,20473.62,nT
2026-04-09T19:08:00.000Z,BOU,X,adjusted,channel,20473.009,nT
2026-04-09T19:09:00.000Z,BOU,X,adjusted,channel,20472.959,nT
2026-04-09T19:10:00.000Z,BOU,X,adjusted,channel,20472.351,nT
2026-04-09T19:11:00.000Z,BOU,X,adjusted,channel,20472.147,nT
2026-04-09T19:12:00.000Z,BOU,X,adjusted,channel,20471.868,nT
2026-04-09T19:13:00.000Z,BOU,X,adjusted,channel,20471.745,nT
2026-04-09T19:14:00.000Z,BOU,X,adjusted,channel,20472.09,nT
2026-04-09T19:15:00.000Z,BOU,X,adjusted,channel,20471.939,nT
2026-04-09T19:16:00.000Z,BOU,X,adjusted,channel,20471.879,nT
2026-04-09T19:17:00.000Z,BOU,X,adjusted,channel,20472.214,nT
2026-04-09T19:18:00.000Z,BOU,X,adjusted,channel,20472.511,nT
2026-04-09T19:19:00.000Z,BOU,X,adjusted,channel,20472.578,nT
2026-04-09T19:20:00.000Z,BOU,X,adjusted,channel,20472.463,nT
2026-04-09T19:21:00.000Z,BOU,X,adjusted,channel,20472.233,nT
2026-04-09T19:22:00.000Z,BOU,X,adjusted,channel,20472.772,nT
2026-04-09T19:23:00.000Z,BOU,X,adjusted,channel,20472.816,nT
2026-04-09T19:24:00.000Z,BOU,X,adjusted,channel,20472.401,nT
2026-04-09T19:25:00.000Z,BOU,X,adjusted,channel,20471.933,nT
2026-04-09T19:26:00.000Z,BOU,X,adjusted,channel,20471.973,nT
2026-04-09T19:27:00.000Z,BOU,X,adjusted,channel,20471.768,nT
2026-04-09T19:28:00.000Z,BOU,X,adjusted,channel,20471.35,nT
2026-04-09T19:29:00.000Z,BOU,X,adjusted,channel,20471.731,nT
2026-04-09T19:30:00.000Z,BOU,X,adjusted,channel,20472.724,nT
2026-04-09T19:31:00.000Z,BOU,X,adjusted,channel,20472.813,nT
2026-04-09T19:32:00.000Z,BOU,X,adjusted,channel,20472.235,nT
2026-04-09T19:33:00.000Z,BOU,X,adjusted,channel,20472.253,nT
2026-04-09T19:34:00.000Z,BOU,X,adjusted,channel,20472.725,nT
2026-04-09T19:35:00.000Z,BOU,X,adjusted,channel,20473.245,nT
2026-04-09T19:36:00.000Z,BOU,X,adjusted,channel,20473.436,nT
2026-04-09T19:37:00.000Z,BOU,X,adjusted,channel,20473.383,nT
2026-04-09T19:38:00.000Z,BOU,X,adjusted,channel,20473.576,nT
2026-04-09T19:39:00.000Z,BOU,X,adjusted,channel,20473.462,nT
2026-04-09T19:40:00.000Z,BOU,X,adjusted,channel,20473.537,nT
2026-04-09T19:41:00.000Z,BOU,X,adjusted,channel,20473.229,nT
2026-04-09T19:42:00.000Z,BOU,X,adjusted,channel,20473.363,nT
2026-04-09T19:43:00.000Z,BOU,X,adjusted,channel,20474.034,nT
2026-04-09T19:44:00.000Z,BOU,X,adjusted,channel,20474.282,nT
2026-04-09T19:45:00.000Z,BOU,X,adjusted,channel,20474.227,nT
2026-04-09T19:46:00.000Z,BOU,X,adjusted,channel,20474.232,nT
2026-04-09T19:47:00.000Z,BOU,X,adjusted,channel,20473.646,nT
2026-04-09T19:48:00.000Z,BOU,X,adjusted,channel,20473.241,nT
2026-04-09T19:49:00.000Z,BOU,X,adjusted,channel,20473.37,nT
2026-04-09T19:50:00.000Z,BOU,X,adjusted,channel,20473.048,nT
2026-04-09T19:51:00.000Z,BOU,X,adjusted,channel,20473.464,nT
2026-04-09T19:52:00.000Z,BOU,X,adjusted,channel,20473.977,nT
2026-04-09T19:53:00.000Z,BOU,X,adjusted,channel,20473.852,nT
2026-04-09T19:54:00.000Z,BOU,X,adjusted,channel,20474.166,nT
2026-04-09T19:55:00.000Z,BOU,X,adjusted,channel,20474.168,nT
2026-04-09T19:56:00.000Z,BOU,X,adjusted,channel,20474.008,nT
2026-04-09T19:57:00.000Z,BOU,X,adjusted,channel,20473.696,nT
2026-04-09T19:58:00.000Z,BOU,X,adjusted,channel,20473.75,nT
2026-04-09T19:59:00.000Z,BOU,X,adjusted,channel,20474.362,nT
2026-04-09T20:00:00.000Z,BOU,X,adjusted,channel,20474.731,nT
2026-04-09T20:01:00.000Z,BOU,X,adjusted,channel,20475.471,nT
2026-04-09T20:02:00.000Z,BOU,X,adjusted,channel,20475.955,nT
2026-04-09T20:03:00.000Z,BOU,X,adjusted,channel,20476.164,nT
2026-04-09T20:04:00.000Z,BOU,X,adjusted,channel,20476.202,nT
2026-04-09T20:05:00.000Z,BOU,X,adjusted,channel,20476.59,nT
2026-04-09T20:06:00.000Z,BOU,X,adjusted,channel,20477.368,nT
2026-04-09T20:07:00.000Z,BOU,X,adjusted,channel,20477.866,nT
2026-04-09T20:08:00.000Z,BOU,X,adjusted,channel,20478.098,nT
2026-04-09T20:09:00.000Z,BOU,X,adjusted,channel,20478.37,nT
2026-04-09T20:10:00.000Z,BOU,X,adjusted,channel,20478.988,nT
2026-04-09T20:11:00.000Z,BOU,X,adjusted,channel,20478.752,nT
2026-04-09T20:12:00.000Z,BOU,X,adjusted,channel,20479.492,nT
2026-04-09T20:13:00.000Z,BOU,X,adjusted,channel,20479.864,nT
2026-04-09T20:14:00.000Z,BOU,X,adjusted,channel,20480.013,nT
2026-04-09T20:15:00.000Z,BOU,X,adjusted,channel,20480.407,nT
2026-04-09T20:16:00.000Z,BOU,X,adjusted,channel,20480.366,nT
2026-04-09T20:17:00.000Z,BOU,X,adjusted,channel,20480.009,nT
2026-04-09T20:18:00.000Z,BOU,X,adjusted,channel,20479.88,nT
2026-04-09T20:19:00.000Z,BOU,X,adjusted,channel,20479.809,nT
2026-04-09T20:20:00.000Z,BOU,X,adjusted,channel,20479.627,nT
2026-04-09T20:21:00.000Z,BOU,X,adjusted,channel,20479.602,nT
2026-04-09T20:22:00.000Z,BOU,X,adjusted,channel,20479.347,nT
2026-04-09T20:23:00.000Z,BOU,X,adjusted,channel,20479.25,nT
2026-04-09T20:24:00.000Z,BOU,X,adjusted,channel,20478.815,nT
2026-04-09T20:25:00.000Z,BOU,X,adjusted,channel,20478.776,nT
2026-04-09T20:26:00.000Z,BOU,X,adjusted,channel,20478.873,nT
2026-04-09T20:27:00.000Z,BOU,X,adjusted,channel,20478.155,nT
2026-04-09T20:28:00.000Z,BOU,X,adjusted,channel,20477.578,nT
2026-04-09T20:29:00.000Z,BOU,X,adjusted,channel,20477.234,nT
2026-04-09T20:30:00.000Z,BOU,X,adjusted,channel,20477.228,nT
2026-04-09T20:31:00.000Z,BOU,X,adjusted,channel,20477.475,nT
2026-04-09T20:32:00.000Z,BOU,X,adjusted,channel,20477.76,nT
2026-04-09T20:33:00.000Z,BOU,X,adjusted,channel,20478.223,nT
2026-04-09T20:34:00.000Z,BOU,X,adjusted,channel,20478.678,nT
2026-04-09T20:35:00.000Z,BOU,X,adjusted,channel,20478.884,nT
2026-04-09T20:36:00.000Z,BOU,X,adjusted,channel,20479.056,nT
2026-04-09T20:37:00.000Z,BOU,X,adjusted,channel,20478.902,nT
2026-04-09T20:38:00.000Z,BOU,X,adjusted,channel,20479.054,nT
2026-04-09T20:39:00.000Z,BOU,X,adjusted,channel,20479.792,nT
2026-04-09T20:40:00.000Z,BOU,X,adjusted,channel,20480.38,nT
2026-04-09T20:41:00.000Z,BOU,X,adjusted,channel,20481.007,nT
2026-04-09T20:42:00.000Z,BOU,X,adjusted,channel,20481.11,nT
2026-04-09T20:43:00.000Z,BOU,X,adjusted,channel,20481.735,nT
2026-04-09T20:44:00.000Z,BOU,X,adjusted,channel,20481.654,nT
2026-04-09T20:45:00.000Z,BOU,X,adjusted,channel,20482.156,nT
2026-04-09T20:46:00.000Z,BOU,X,adjusted,channel,20482.561,nT
2026-04-09T20:47:00.000Z,BOU,X,adjusted,channel,20482.23,nT
2026-04-09T20:48:00.000Z,BOU,X,adjusted,channel,20482.379,nT
2026-04-09T20:49:00.000Z,BOU,X,adjusted,channel,20482.01,nT
2026-04-09T20:50:00.000Z,BOU,X,adjusted,channel,20481.722,nT
2026-04-09T20:51:00.000Z,BOU,X,adjusted,channel,20481.454,nT
2026-04-09T20:52:00.000Z,BOU,X,adjusted,channel,20481.72,nT
2026-04-09T20:53:00.000Z,BOU,X,adjusted,channel,20482.063,nT
2026-04-09T20:54:00.000Z,BOU,X,adjusted,channel,20481.885,nT
2026-04-09T20:55:00.000Z,BOU,X,adjusted,channel,20482.066,nT
2026-04-09T20:56:00.000Z,BOU,X,adjusted,channel,20481.662,nT
2026-04-09T20:57:00.000Z,BOU,X,adjusted,channel,20481.284,nT
2026-04-09T20:58:00.000Z,BOU,X,adjusted,channel,20481.2,nT
2026-04-09T20:59:00.000Z,BOU,X,adjusted,channel,20480.905,nT
2026-04-09T21:00:00.000Z,BOU,X,adjusted,channel,20480.115,nT
2026-04-09T21:01:00.000Z,BOU,X,adjusted,channel,20479.659,nT
2026-04-09T21:02:00.000Z,BOU,X,adjusted,channel,20479.768,nT
2026-04-09T21:03:00.000Z,BOU,X,adjusted,channel,20479.724,nT
2026-04-09T21:04:00.000Z,BOU,X,adjusted,channel,20480.008,nT
2026-04-09T21:05:00.000Z,BOU,X,adjusted,channel,20480.029,nT
2026-04-09T21:06:00.000Z,BOU,X,adjusted,channel,20480.47,nT
2026-04-09T21:07:00.000Z,BOU,X,adjusted,channel,20480.922,nT
2026-04-09T21:08:00.000Z,BOU,X,adjusted,channel,20480.704,nT
2026-04-09T21:09:00.000Z,BOU,X,adjusted,channel,20480.936,nT
2026-04-09T21:10:00.000Z,BOU,X,adjusted,channel,20480.557,nT
2026-04-09T21:11:00.000Z,BOU,X,adjusted,channel,20480.64,nT
2026-04-09T21:12:00.000Z,BOU,X,adjusted,channel,20480.765,nT
2026-04-09T21:13:00.000Z,BOU,X,adjusted,channel,20480.952,nT
2026-04-09T21:14:00.000Z,BOU,X,adjusted,channel,20480.482,nT
2026-04-09T21:15:00.000Z,BOU,X,adjusted,channel,20480.649,nT
2026-04-09T21:16:00.000Z,BOU,X,adjusted,channel,20480.431,nT
2026-04-09T21:17:00.000Z,BOU,X,adjusted,channel,20480.389,nT
2026-04-09T21:18:00.000Z,BOU,X,adjusted,channel,20480.638,nT
2026-04-09T21:19:00.000Z,BOU,X,adjusted,channel,20480.436,nT
2026-04-09T21:20:00.000Z,BOU,X,adjusted,channel,20480.013,nT
2026-04-09T21:21:00.000Z,BOU,X,adjusted,channel,20480.313,nT
2026-04-09T21:22:00.000Z,BOU,X,adjusted,channel,20480.154,nT
2026-04-09T21:23:00.000Z,BOU,X,adjusted,channel,20480.309,nT
2026-04-09T21:24:00.000Z,BOU,X,adjusted,channel,20480.13,nT
2026-04-09T21:25:00.000Z,BOU,X,adjusted,channel,20479.724,nT
2026-04-09T21:26:00.000Z,BOU,X,adjusted,channel,20479.591,nT
2026-04-09T21:27:00.000Z,BOU,X,adjusted,channel,20478.843,nT
2026-04-09T21:28:00.000Z,BOU,X,adjusted,channel,20478.049,nT
2026-04-09T21:29:00.000Z,BOU,X,adjusted,channel,20477.44,nT
2026-04-09T21:30:00.000Z,BOU,X,adjusted,channel,20477.113,nT
2026-04-09T21:31:00.000Z,BOU,X,adjusted,channel,20476.989,nT
2026-04-09T21:32:00.000Z,BOU,X,adjusted,channel,20477.208,nT
2026-04-09T21:33:00.000Z,BOU,X,adjusted,channel,20477.584,nT
2026-04-09T21:34:00.000Z,BOU,X,adjusted,channel,20477.411,nT
2026-04-09T21:35:00.000Z,BOU,X,adjusted,channel,20477.132,nT
2026-04-09T21:36:00.000Z,BOU,X,adjusted,channel,20476.967,nT
2026-04-09T21:37:00.000Z,BOU,X,adjusted,channel,20477.192,nT
2026-04-09T21:38:00.000Z,BOU,X,adjusted,channel,20477.594,nT
2026-04-09T21:39:00.000Z,BOU,X,adjusted,channel,20477.966,nT
2026-04-09T21:40:00.000Z,BOU,X,adjusted,channel,20478.312,nT
2026-04-09T21:41:00.000Z,BOU,X,adjusted,channel,20478.632,nT
2026-04-09T21:42:00.000Z,BOU,X,adjusted,channel,20478.445,nT
2026-04-09T21:43:00.000Z,BOU,X,adjusted,channel,20478.033,nT
2026-04-09T21:44:00.000Z,BOU,X,adjusted,channel,20478.2,nT
2026-04-09T21:45:00.000Z,BOU,X,adjusted,channel,20478.6,nT
2026-04-09T21:46:00.000Z,BOU,X,adjusted,channel,20478.456,nT
2026-04-09T21:47:00.000Z,BOU,X,adjusted,channel,20478.15,nT
2026-04-09T21:48:00.000Z,BOU,X,adjusted,channel,20478.205,nT
2026-04-09T21:49:00.000Z,BOU,X,adjusted,channel,20478.532,nT
2026-04-09T21:50:00.000Z,BOU,X,adjusted,channel,20479.361,nT
2026-04-09T21:51:00.000Z,BOU,X,adjusted,channel,20479.503,nT
2026-04-09T21:52:00.000Z,BOU,X,adjusted,channel,20479.216,nT
2026-04-09T21:53:00.000Z,BOU,X,adjusted,channel,20479.107,nT
2026-04-09T21:54:00.000Z,BOU,X,adjusted,channel,20479.218,nT
2026-04-09T21:55:00.000Z,BOU,X,adjusted,channel,20479.698,nT
2026-04-09T21:56:00.000Z,BOU,X,adjusted,channel,20479.749,nT
2026-04-09T21:57:00.000Z,BOU,X,adjusted,channel,20479.27,nT
2026-04-09T21:58:00.000Z,BOU,X,adjusted,channel,20479.346,nT
2026-04-09T21:59:00.000Z,BOU,X,adjusted,channel,20479.77,nT
2026-04-09T22:00:00.000Z,BOU,X,adjusted,channel,20480.108,nT
2026-04-09T22:01:00.000Z,BOU,X,adjusted,channel,20480.561,nT
2026-04-09T22:02:00.000Z,BOU,X,adjusted,channel,20481.297,nT
2026-04-09T22:03:00.000Z,BOU,X,adjusted,channel,20481.896,nT
2026-04-09T22:04:00.000Z,BOU,X,adjusted,channel,20482.618,nT
2026-04-09T22:05:00.000Z,BOU,X,adjusted,channel,20482.903,nT
2026-04-09T22:06:00.000Z,BOU,X,adjusted,channel,20483.243,nT
2026-04-09T22:07:00.000Z,BOU,X,adjusted,channel,20484.262,nT
2026-04-09T22:08:00.000Z,BOU,X,adjusted,channel,20485.567,nT
2026-04-09T22:09:00.000Z,BOU,X,adjusted,channel,20486.629,nT
2026-04-09T22:10:00.000Z,BOU,X,adjusted,channel,20487.741,nT
2026-04-09T22:11:00.000Z,BOU,X,adjusted,channel,20487.692,nT
2026-04-09T22:12:00.000Z,BOU,X,adjusted,channel,20487.428,nT
2026-04-09T22:13:00.000Z,BOU,X,adjusted,channel,20487.019,nT
2026-04-09T22:14:00.000Z,BOU,X,adjusted,channel,20486.573,nT
2026-04-09T22:15:00.000Z,BOU,X,adjusted,channel,20485.948,nT
2026-04-09T22:16:00.000Z,BOU,X,adjusted,channel,20485.196,nT
2026-04-09T22:17:00.000Z,BOU,X,adjusted,channel,20484.77,nT
2026-04-09T22:18:00.000Z,BOU,X,adjusted,channel,20484.614,nT
2026-04-09T22:19:00.000Z,BOU,X,adjusted,channel,20484.559,nT
2026-04-09T22:20:00.000Z,BOU,X,adjusted,channel,20484.925,nT
2026-04-09T22:21:00.000Z,BOU,X,adjusted,channel,20485.142,nT
2026-04-09T22:22:00.000Z,BOU,X,adjusted,channel,20485.103,nT
2026-04-09T22:23:00.000Z,BOU,X,adjusted,channel,20484.886,nT
2026-04-09T22:24:00.000Z,BOU,X,adjusted,channel,20485.029,nT
2026-04-09T22:25:00.000Z,BOU,X,adjusted,channel,20485.328,nT
2026-04-09T22:26:00.000Z,BOU,X,adjusted,channel,20485.546,nT
2026-04-09T22:27:00.000Z,BOU,X,adjusted,channel,20484.42,nT
2026-04-09T22:28:00.000Z,BOU,X,adjusted,channel,20483.863,nT
2026-04-09T22:29:00.000Z,BOU,X,adjusted,channel,20484.12,nT
2026-04-09T22:30:00.000Z,BOU,X,adjusted,channel,20484.584,nT
2026-04-09T22:31:00.000Z,BOU,X,adjusted,channel,20485.431,nT
2026-04-09T22:32:00.000Z,BOU,X,adjusted,channel,20486.005,nT
2026-04-09T22:33:00.000Z,BOU,X,adjusted,channel,20486.573,nT
2026-04-09T22:34:00.000Z,BOU,X,adjusted,channel,20485.803,nT
2026-04-09T22:35:00.000Z,BOU,X,adjusted,channel,20486.142,nT
2026-04-09T22:36:00.000Z,BOU,X,adjusted,channel,20486.396,nT
2026-04-09T22:37:00.000Z,BOU,X,adjusted,channel,20486.921,nT
2026-04-09T22:38:00.000Z,BOU,X,adjusted,channel,20486.574,nT
2026-04-09T22:39:00.000Z,BOU,X,adjusted,channel,20486.779,nT
2026-04-09T22:40:00.000Z,BOU,X,adjusted,channel,20487.119,nT
2026-04-09T22:41:00.000Z,BOU,X,adjusted,channel,20487.482,nT
2026-04-09T22:42:00.000Z,BOU,X,adjusted,channel,20487.206,nT
2026-04-09T22:43:00.000Z,BOU,X,adjusted,channel,20487.407,nT
2026-04-09T22:44:00.000Z,BOU,X,adjusted,channel,20487.082,nT
2026-04-09T22:45:00.000Z,BOU,X,adjusted,channel,20487.429,nT
2026-04-09T22:46:00.000Z,BOU,X,adjusted,channel,20487.1,nT
2026-04-09T22:47:00.000Z,BOU,X,adjusted,channel,20487.734,nT
2026-04-09T22:48:00.000Z,BOU,X,adjusted,channel,20487.41,nT
2026-04-09T22:49:00.000Z,BOU,X,adjusted,channel,20487.699,nT
2026-04-09T22:50:00.000Z,BOU,X,adjusted,channel,20486.94,nT
2026-04-09T22:51:00.000Z,BOU,X,adjusted,channel,20486.638,nT
2026-04-09T22:52:00.000Z,BOU,X,adjusted,channel,20485.94,nT
2026-04-09T22:53:00.000Z,BOU,X,adjusted,channel,20486.211,nT
2026-04-09T22:54:00.000Z,BOU,X,adjusted,channel,20486.523,nT
2026-04-09T22:55:00.000Z,BOU,X,adjusted,channel,20486.271,nT
2026-04-09T22:56:00.000Z,BOU,X,adjusted,channel,20486.593,nT
2026-04-09T22:57:00.000Z,BOU,X,adjusted,channel,20487.048,nT
2026-04-09T22:58:00.000Z,BOU,X,adjusted,channel,20487.612,nT
2026-04-09T22:59:00.000Z,BOU,X,adjusted,channel,20488.079,nT
2026-04-09T23:00:00.000Z,BOU,X,adjusted,channel,20488.156,nT
2026-04-09T23:01:00.000Z,BOU,X,adjusted,channel,20488.144,nT
2026-04-09T23:02:00.000Z,BOU,X,adjusted,channel,20487.772,nT
2026-04-09T23:03:00.000Z,BOU,X,adjusted,channel,20487.097,nT
2026-04-09T23:04:00.000Z,BOU,X,adjusted,channel,20486.223,nT
2026-04-09T23:05:00.000Z,BOU,X,adjusted,channel,20484.245,nT
2026-04-09T23:06:00.000Z,BOU,X,adjusted,channel,20482.661,nT
2026-04-09T23:07:00.000Z,BOU,X,adjusted,channel,20481.977,nT
2026-04-09T23:08:00.000Z,BOU,X,adjusted,channel,20481.977,nT
2026-04-09T23:09:00.000Z,BOU,X,adjusted,channel,20482.526,nT
2026-04-09T23:10:00.000Z,BOU,X,adjusted,channel,20482.431,nT
2026-04-09T23:11:00.000Z,BOU,X,adjusted,channel,20481.393,nT
2026-04-09T23:12:00.000Z,BOU,X,adjusted,channel,20480.806,nT
2026-04-09T23:13:00.000Z,BOU,X,adjusted,channel,20480.584,nT
2026-04-09T23:14:00.000Z,BOU,X,adjusted,channel,20480.41,nT
2026-04-09T23:15:00.000Z,BOU,X,adjusted,channel,20479.778,nT
2026-04-09T23:16:00.000Z,BOU,X,adjusted,channel,20479.814,nT
2026-04-09T23:17:00.000Z,BOU,X,adjusted,channel,20479.497,nT
2026-04-09T23:18:00.000Z,BOU,X,adjusted,channel,20479.413,nT
2026-04-09T23:19:00.000Z,BOU,X,adjusted,channel,20478.968,nT
2026-04-09T23:20:00.000Z,BOU,X,adjusted,channel,20478.728,nT
2026-04-09T23:21:00.000Z,BOU,X,adjusted,channel,20478.452,nT
2026-04-09T23:22:00.000Z,BOU,X,adjusted,channel,20477.537,nT
2026-04-09T23:23:00.000Z,BOU,X,adjusted,channel,20476.6,nT
2026-04-09T23:24:00.000Z,BOU,X,adjusted,channel,20476.02,nT
2026-04-09T23:25:00.000Z,BOU,X,adjusted,channel,20475.172,nT
2026-04-09T23:26:00.000Z,BOU,X,adjusted,channel,20474.05,nT
2026-04-09T23:27:00.000Z,BOU,X,adjusted,channel,20474.276,nT
2026-04-09T23:28:00.000Z,BOU,X,adjusted,channel,20474.085,nT
2026-04-09T23:29:00.000Z,BOU,X,adjusted,channel,20473.097,nT
2026-04-09T23:30:00.000Z,BOU,X,adjusted,channel,20472.596,nT
2026-04-09T23:31:00.000Z,BOU,X,adjusted,channel,20472.368,nT
2026-04-09T23:32:00.000Z,BOU,X,adjusted,channel,20473.011,nT
2026-04-09T23:33:00.000Z,BOU,X,adjusted,channel,20473.502,nT
2026-04-09T23:34:00.000Z,BOU,X,adjusted,channel,20473.995,nT
2026-04-09T23:35:00.000Z,BOU,X,adjusted,channel,20474.51,nT
2026-04-09T23:36:00.000Z,BOU,X,adjusted,channel,20474.837,nT
2026-04-09T23:37:00.000Z,BOU,X,adjusted,channel,20474.802,nT
2026-04-09T23:38:00.000Z,BOU,X,adjusted,channel,20474.935,nT
2026-04-09T23:39:00.000Z,BOU,X,adjusted,channel,20475.444,nT
2026-04-09T23:40:00.000Z,BOU,X,adjusted,channel,20475.624,nT
2026-04-09T23:41:00.000Z,BOU,X,adjusted,channel,20476.361,nT
2026-04-09T23:42:00.000Z,BOU,X,adjusted,channel,20477.263,nT
2026-04-09T23:43:00.000Z,BOU,X,adjusted,channel,20477.782,nT
2026-04-09T23:44:00.000Z,BOU,X,adjusted,channel,20479.059,nT
2026-04-09T23:45:00.000Z,BOU,X,adjusted,channel,20480.347,nT
2026-04-09T23:46:00.000Z,BOU,X,adjusted,channel,20481.678,nT
2026-04-09T23:47:00.000Z,BOU,X,adjusted,channel,20482.709,nT
2026-04-09T23:48:00.000Z,BOU,X,adjusted,channel,20483.452,nT
2026-04-09T23:49:00.000Z,BOU,X,adjusted,channel,20484.116,nT
2026-04-09T23:50:00.000Z,BOU,X,adjusted,channel,20484.641,nT
2026-04-09T23:51:00.000Z,BOU,X,adjusted,channel,20485.23,nT
2026-04-09T23:52:00.000Z,BOU,X,adjusted,channel,20485.334,nT
2026-04-09T23:53:00.000Z,BOU,X,adjusted,channel,20485.39,nT
2026-04-09T23:54:00.000Z,BOU,X,adjusted,channel,20485.194,nT
2026-04-09T23:55:00.000Z,BOU,X,adjusted,channel,20484.747,nT
2026-04-09T23:56:00.000Z,BOU,X,adjusted,channel,20484.489,nT
2026-04-09T23:57:00.000Z,BOU,X,adjusted,channel,20483.913,nT
2026-04-09T23:58:00.000Z,BOU,X,adjusted,channel,20483.199,nT
2026-04-09T23:59:00.000Z,BOU,X,adjusted,channel,20482.751,nT
2026-04-10T00:00:00.000Z,BOU,X,adjusted,channel,20482.526,nT
2026-04-10T00:01:00.000Z,BOU,X,adjusted,channel,20482.095,nT
2026-04-10T00:02:00.000Z,BOU,X,adjusted,channel,20481.739,nT
2026-04-10T00:03:00.000Z,BOU,X,adjusted,channel,20481.635,nT
2026-04-10T00:04:00.000Z,BOU,X,adjusted,channel,20481.57,nT
2026-04-10T00:05:00.000Z,BOU,X,adjusted,channel,20482.028,nT
2026-04-10T00:06:00.000Z,BOU,X,adjusted,channel,20482.411,nT
2026-04-10T00:07:00.000Z,BOU,X,adjusted,channel,20482.829,nT
2026-04-10T00:08:00.000Z,BOU,X,adjusted,channel,20483.401,nT
2026-04-10T00:09:00.000Z,BOU,X,adjusted,channel,20484.049,nT
2026-04-10T00:10:00.000Z,BOU,X,adjusted,channel,20484.426,nT
2026-04-10T00:11:00.000Z,BOU,X,adjusted,channel,20484.616,nT
2026-04-10T00:12:00.000Z,BOU,X,adjusted,channel,20485.078,nT
2026-04-10T00:13:00.000Z,BOU,X,adjusted,channel,20485.046,nT
2026-04-10T00:14:00.000Z,BOU,X,adjusted,channel,20485.275,nT
2026-04-10T00:15:00.000Z,BOU,X,adjusted,channel,20485.336,nT
2026-04-10T00:16:00.000Z,BOU,X,adjusted,channel,20485.606,nT
2026-04-10T00:17:00.000Z,BOU,X,adjusted,channel,20485.696,nT
2026-04-10T00:18:00.000Z,BOU,X,adjusted,channel,20486.165,nT
2026-04-10T00:19:00.000Z,BOU,X,adjusted,channel,20486.162,nT
2026-04-10T00:20:00.000Z,BOU,X,adjusted,channel,20486,nT
2026-04-10T00:21:00.000Z,BOU,X,adjusted,channel,20485.26,nT
2026-04-10T00:22:00.000Z,BOU,X,adjusted,channel,20485.175,nT
2026-04-10T00:23:00.000Z,BOU,X,adjusted,channel,20485.191,nT
2026-04-10T00:24:00.000Z,BOU,X,adjusted,channel,20484.701,nT
2026-04-10T00:25:00.000Z,BOU,X,adjusted,channel,20484.281,nT
2026-04-10T00:26:00.000Z,BOU,X,adjusted,channel,20483.649,nT
2026-04-10T00:27:00.000Z,BOU,X,adjusted,channel,20483.366,nT
2026-04-10T00:28:00.000Z,BOU,X,adjusted,channel,20482.87,nT
2026-04-10T00:29:00.000Z,BOU,X,adjusted,channel,20481.505,nT
2026-04-10T00:30:00.000Z,BOU,X,adjusted,channel,20480.607,nT
2026-04-10T00:31:00.000Z,BOU,X,adjusted,channel,20480.57,nT
2026-04-10T00:32:00.000Z,BOU,X,adjusted,channel,20480.86,nT
2026-04-10T00:33:00.000Z,BOU,X,adjusted,channel,20480.417,nT
2026-04-10T00:34:00.000Z,BOU,X,adjusted,channel,20480.078,nT
2026-04-10T00:35:00.000Z,BOU,X,adjusted,channel,20480.023,nT
2026-04-10T00:36:00.000Z,BOU,X,adjusted,channel,20480.002,nT
2026-04-10T00:37:00.000Z,BOU,X,adjusted,channel,20479.486,nT
2026-04-10T00:38:00.000Z,BOU,X,adjusted,channel,20479.281,nT
2026-04-10T00:39:00.000Z,BOU,X,adjusted,channel,20479.062,nT
2026-04-10T00:40:00.000Z,BOU,X,adjusted,channel,20478.812,nT
2026-04-10T00:41:00.000Z,BOU,X,adjusted,channel,20478.894,nT
2026-04-10T00:42:00.000Z,BOU,X,adjusted,channel,20478.802,nT
2026-04-10T00:43:00.000Z,BOU,X,adjusted,channel,20478.383,nT
2026-04-10T00:44:00.000Z,BOU,X,adjusted,channel,20477.898,nT
2026-04-10T00:45:00.000Z,BOU,X,adjusted,channel,20477.725,nT
2026-04-10T00:46:00.000Z,BOU,X,adjusted,channel,20477.244,nT
2026-04-10T00:47:00.000Z,BOU,X,adjusted,channel,20477.217,nT
2026-04-10T00:48:00.000Z,BOU,X,adjusted,channel,20477.947,nT
2026-04-10T00:49:00.000Z,BOU,X,adjusted,channel,20478.611,nT
2026-04-10T00:50:00.000Z,BOU,X,adjusted,channel,20479.273,nT
2026-04-10T00:51:00.000Z,BOU,X,adjusted,channel,20479.631,nT
2026-04-10T00:52:00.000Z,BOU,X,adjusted,channel,20479.312,nT
2026-04-10T00:53:00.000Z,BOU,X,adjusted,channel,20479.611,nT
2026-04-10T00:54:00.000Z,BOU,X,adjusted,channel,20479.536,nT
2026-04-10T00:55:00.000Z,BOU,X,adjusted,channel,20479.627,nT
2026-04-10T00:56:00.000Z,BOU,X,adjusted,channel,20480.099,nT
2026-04-10T00:57:00.000Z,BOU,X,adjusted,channel,20480.539,nT
2026-04-10T00:58:00.000Z,BOU,X,adjusted,channel,20480.875,nT
2026-04-10T00:59:00.000Z,BOU,X,adjusted,channel,20481.288,nT
2026-04-10T01:00:00.000Z,BOU,X,adjusted,channel,20481.274,nT
2026-04-10T01:01:00.000Z,BOU,X,adjusted,channel,20481.414,nT
2026-04-10T01:02:00.000Z,BOU,X,adjusted,channel,20481.892,nT
2026-04-10T01:03:00.000Z,BOU,X,adjusted,channel,20482.312,nT
2026-04-10T01:04:00.000Z,BOU,X,adjusted,channel,20482.38,nT
2026-04-10T01:05:00.000Z,BOU,X,adjusted,channel,20482.863,nT
2026-04-10T01:06:00.000Z,BOU,X,adjusted,channel,20483.459,nT
2026-04-10T01:07:00.000Z,BOU,X,adjusted,channel,20484.732,nT
2026-04-10T01:08:00.000Z,BOU,X,adjusted,channel,20485.796,nT
2026-04-10T01:09:00.000Z,BOU,X,adjusted,channel,20487.01,nT
2026-04-10T01:10:00.000Z,BOU,X,adjusted,channel,20487.775,nT
2026-04-10T01:11:00.000Z,BOU,X,adjusted,channel,20488.531,nT
2026-04-10T01:12:00.000Z,BOU,X,adjusted,channel,20488.916,nT
2026-04-10T01:13:00.000Z,BOU,X,adjusted,channel,20488.542,nT
2026-04-10T01:14:00.000Z,BOU,X,adjusted,channel,20487.458,nT
2026-04-10T01:15:00.000Z,BOU,X,adjusted,channel,20487.45,nT
2026-04-10T01:16:00.000Z,BOU,X,adjusted,channel,20487.925,nT
2026-04-10T01:17:00.000Z,BOU,X,adjusted,channel,20486.919,nT
2026-04-10T01:18:00.000Z,BOU,X,adjusted,channel,20486.641,nT
2026-04-10T01:19:00.000Z,BOU,X,adjusted,channel,20485.879,nT
2026-04-10T01:20:00.000Z,BOU,X,adjusted,channel,20485.951,nT
2026-04-10T01:21:00.000Z,BOU,X,adjusted,channel,20484.71,nT
2026-04-10T01:22:00.000Z,BOU,X,adjusted,channel,20483.897,nT
2026-04-10T01:23:00.000Z,BOU,X,adjusted,channel,20482.945,nT
2026-04-10T01:24:00.000Z,BOU,X,adjusted,channel,20482.363,nT
2026-04-10T01:25:00.000Z,BOU,X,adjusted,channel,20481.224,nT
2026-04-10T01:26:00.000Z,BOU,X,adjusted,channel,20481.542,nT
2026-04-10T01:27:00.000Z,BOU,X,adjusted,channel,20480.656,nT
2026-04-10T01:28:00.000Z,BOU,X,adjusted,channel,20479.645,nT
2026-04-10T01:29:00.000Z,BOU,X,adjusted,channel,20479.194,nT
2026-04-10T01:30:00.000Z,BOU,X,adjusted,channel,20477.698,nT
2026-04-10T01:31:00.000Z,BOU,X,adjusted,channel,20476.904,nT
2026-04-10T01:32:00.000Z,BOU,X,adjusted,channel,20476.709,nT
2026-04-10T01:33:00.000Z,BOU,X,adjusted,channel,20476.244,nT
2026-04-10T01:34:00.000Z,BOU,X,adjusted,channel,20475.853,nT
2026-04-10T01:35:00.000Z,BOU,X,adjusted,channel,20475.023,nT
2026-04-10T01:36:00.000Z,BOU,X,adjusted,channel,20474.262,nT
2026-04-10T01:37:00.000Z,BOU,X,adjusted,channel,20474.139,nT
2026-04-10T01:38:00.000Z,BOU,X,adjusted,channel,20472.807,nT
2026-04-10T01:39:00.000Z,BOU,X,adjusted,channel,20472.372,nT
2026-04-10T01:40:00.000Z,BOU,X,adjusted,channel,20471.83,nT
2026-04-10T01:41:00.000Z,BOU,X,adjusted,channel,20471.71,nT
2026-04-10T01:42:00.000Z,BOU,X,adjusted,channel,20470.108,nT
2026-04-10T01:43:00.000Z,BOU,X,adjusted,channel,20468.767,nT
2026-04-10T01:44:00.000Z,BOU,X,adjusted,channel,20467.461,nT
2026-04-10T01:45:00.000Z,BOU,X,adjusted,channel,20466.188,nT
2026-04-10T01:46:00.000Z,BOU,X,adjusted,channel,20463.618,nT
2026-04-10T01:47:00.000Z,BOU,X,adjusted,channel,20461.292,nT
2026-04-10T01:48:00.000Z,BOU,X,adjusted,channel,20459.271,nT
2026-04-10T01:49:00.000Z,BOU,X,adjusted,channel,20457.37,nT
2026-04-10T01:50:00.000Z,BOU,X,adjusted,channel,20455.229,nT
2026-04-10T01:51:00.000Z,BOU,X,adjusted,channel,20454.263,nT
2026-04-10T01:52:00.000Z,BOU,X,adjusted,channel,20453.535,nT
2026-04-10T01:53:00.000Z,BOU,X,adjusted,channel,20452.486,nT
2026-04-10T01:54:00.000Z,BOU,X,adjusted,channel,20451.75,nT
2026-04-10T01:55:00.000Z,BOU,X,adjusted,channel,20452.063,nT
2026-04-10T01:56:00.000Z,BOU,X,adjusted,channel,20451.909,nT
2026-04-10T01:57:00.000Z,BOU,X,adjusted,channel,20452.11,nT
2026-04-10T01:58:00.000Z,BOU,X,adjusted,channel,20453.103,nT
2026-04-10T01:59:00.000Z,BOU,X,adjusted,channel,20453.789,nT
2026-04-10T02:00:00.000Z,BOU,X,adjusted,channel,20455.153,nT
2026-04-10T02:01:00.000Z,BOU,X,adjusted,channel,20456.267,nT
2026-04-10T02:02:00.000Z,BOU,X,adjusted,channel,20457.198,nT
2026-04-10T02:03:00.000Z,BOU,X,adjusted,channel,20458.349,nT
2026-04-10T02:04:00.000Z,BOU,X,adjusted,channel,20459.205,nT
2026-04-10T02:05:00.000Z,BOU,X,adjusted,channel,20459.353,nT
2026-04-10T02:06:00.000Z,BOU,X,adjusted,channel,20460.215,nT
2026-04-10T02:07:00.000Z,BOU,X,adjusted,channel,20461.12,nT
2026-04-10T02:08:00.000Z,BOU,X,adjusted,channel,20461.6,nT
2026-04-10T02:09:00.000Z,BOU,X,adjusted,channel,20462.385,nT
2026-04-10T02:10:00.000Z,BOU,X,adjusted,channel,20463.197,nT
2026-04-10T02:11:00.000Z,BOU,X,adjusted,channel,20463.654,nT
2026-04-10T02:12:00.000Z,BOU,X,adjusted,channel,20464.509,nT
2026-04-10T02:13:00.000Z,BOU,X,adjusted,channel,20465.119,nT
2026-04-10T02:14:00.000Z,BOU,X,adjusted,channel,20465.54,nT
2026-04-10T02:15:00.000Z,BOU,X,adjusted,channel,20465.963,nT
2026-04-10T02:16:00.000Z,BOU,X,adjusted,channel,20466.926,nT
2026-04-10T02:17:00.000Z,BOU,X,adjusted,channel,20468.236,nT
2026-04-10T02:18:00.000Z,BOU,X,adjusted,channel,20469.008,nT
2026-04-10T02:19:00.000Z,BOU,X,adjusted,channel,20470.085,nT
2026-04-10T02:20:00.000Z,BOU,X,adjusted,channel,20471.131,nT
2026-04-10T02:21:00.000Z,BOU,X,adjusted,channel,20472.036,nT
2026-04-10T02:22:00.000Z,BOU,X,adjusted,channel,20472.707,nT
2026-04-10T02:23:00.000Z,BOU,X,adjusted,channel,20473.168,nT
2026-04-10T02:24:00.000Z,BOU,X,adjusted,channel,20473.662,nT
2026-04-10T02:25:00.000Z,BOU,X,adjusted,channel,20473.864,nT
2026-04-10T02:26:00.000Z,BOU,X,adjusted,channel,20474.435,nT
2026-04-10T02:27:00.000Z,BOU,X,adjusted,channel,20474.778,nT
2026-04-10T02:28:00.000Z,BOU,X,adjusted,channel,20474.544,nT
2026-04-10T02:29:00.000Z,BOU,X,adjusted,channel,20474.397,nT
2026-04-10T02:30:00.000Z,BOU,X,adjusted,channel,20474.197,nT
2026-04-10T02:31:00.000Z,BOU,X,adjusted,channel,20474.141,nT
2026-04-10T02:32:00.000Z,BOU,X,adjusted,channel,20474.302,nT
2026-04-10T02:33:00.000Z,BOU,X,adjusted,channel,20474.206,nT
2026-04-10T02:34:00.000Z,BOU,X,adjusted,channel,20474.011,nT
2026-04-10T02:35:00.000Z,BOU,X,adjusted,channel,20474.274,nT
2026-04-10T02:36:00.000Z,BOU,X,adjusted,channel,20473.998,nT
2026-04-10T02:37:00.000Z,BOU,X,adjusted,channel,20473.633,nT
2026-04-10T02:38:00.000Z,BOU,X,adjusted,channel,20473.616,nT
2026-04-10T02:39:00.000Z,BOU,X,adjusted,channel,20473.425,nT
2026-04-10T02:40:00.000Z,BOU,X,adjusted,channel,20473.371,nT
2026-04-10T02:41:00.000Z,BOU,X,adjusted,channel,20473.421,nT
2026-04-10T02:42:00.000Z,BOU,X,adjusted,channel,20472.98,nT
2026-04-10T02:43:00.000Z,BOU,X,adjusted,channel,20472.438,nT
2026-04-10T02:44:00.000Z,BOU,X,adjusted,channel,20471.893,nT
2026-04-10T02:45:00.000Z,BOU,X,adjusted,channel,20471.628,nT
2026-04-10T02:46:00.000Z,BOU,X,adjusted,channel,20471.462,nT
2026-04-10T02:47:00.000Z,BOU,X,adjusted,channel,20471.019,nT
2026-04-10T02:48:00.000Z,BOU,X,adjusted,channel,20470.877,nT
2026-04-10T02:49:00.000Z,BOU,X,adjusted,channel,20470.773,nT
2026-04-10T02:50:00.000Z,BOU,X,adjusted,channel,20470.48,nT
2026-04-10T02:51:00.000Z,BOU,X,adjusted,channel,20470.393,nT
2026-04-10T02:52:00.000Z,BOU,X,adjusted,channel,20470.14,nT
2026-04-10T02:53:00.000Z,BOU,X,adjusted,channel,20469.739,nT
2026-04-10T02:54:00.000Z,BOU,X,adjusted,channel,20469.101,nT
2026-04-10T02:55:00.000Z,BOU,X,adjusted,channel,20468.474,nT
2026-04-10T02:56:00.000Z,BOU,X,adjusted,channel,20468.227,nT
2026-04-10T02:57:00.000Z,BOU,X,adjusted,channel,20468.035,nT
2026-04-10T02:58:00.000Z,BOU,X,adjusted,channel,20468.109,nT
2026-04-10T02:59:00.000Z,BOU,X,adjusted,channel,20468.229,nT
2026-04-10T03:00:00.000Z,BOU,X,adjusted,channel,20468.483,nT
2026-04-10T03:01:00.000Z,BOU,X,adjusted,channel,20468.551,nT
2026-04-10T03:02:00.000Z,BOU,X,adjusted,channel,20468.875,nT
2026-04-10T03:03:00.000Z,BOU,X,adjusted,channel,20469.145,nT
2026-04-10T03:04:00.000Z,BOU,X,adjusted,channel,20469.362,nT
2026-04-10T03:05:00.000Z,BOU,X,adjusted,channel,20469.578,nT
2026-04-10T03:06:00.000Z,BOU,X,adjusted,channel,20469.447,nT
2026-04-10T03:07:00.000Z,BOU,X,adjusted,channel,20469.452,nT
2026-04-10T03:08:00.000Z,BOU,X,adjusted,channel,20469.39,nT
2026-04-10T03:09:00.000Z,BOU,X,adjusted,channel,20469.475,nT
2026-04-10T03:10:00.000Z,BOU,X,adjusted,channel,20469.645,nT
2026-04-10T03:11:00.000Z,BOU,X,adjusted,channel,20469.618,nT
2026-04-10T03:12:00.000Z,BOU,X,adjusted,channel,20469.838,nT
2026-04-10T03:13:00.000Z,BOU,X,adjusted,channel,20469.899,nT
2026-04-10T03:14:00.000Z,BOU,X,adjusted,channel,20470.52,nT
2026-04-10T03:15:00.000Z,BOU,X,adjusted,channel,20471.525,nT
2026-04-10T03:16:00.000Z,BOU,X,adjusted,channel,20472.305,nT
2026-04-10T03:17:00.000Z,BOU,X,adjusted,channel,20472.697,nT
2026-04-10T03:18:00.000Z,BOU,X,adjusted,channel,20472.879,nT
2026-04-10T03:19:00.000Z,BOU,X,adjusted,channel,20473.315,nT
2026-04-10T03:20:00.000Z,BOU,X,adjusted,channel,20474.159,nT
2026-04-10T03:21:00.000Z,BOU,X,adjusted,channel,20474.868,nT
2026-04-10T03:22:00.000Z,BOU,X,adjusted,channel,20475.273,nT
2026-04-10T03:23:00.000Z,BOU,X,adjusted,channel,20475.59,nT
2026-04-10T03:24:00.000Z,BOU,X,adjusted,channel,20476.187,nT
2026-04-10T03:25:00.000Z,BOU,X,adjusted,channel,20477.055,nT
2026-04-10T03:26:00.000Z,BOU,X,adjusted,channel,20478.404,nT
2026-04-10T03:27:00.000Z,BOU,X,adjusted,channel,20478.781,nT
2026-04-10T03:28:00.000Z,BOU,X,adjusted,channel,20479.573,nT
2026-04-10T03:29:00.000Z,BOU,X,adjusted,channel,20481.072,nT
2026-04-10T03:30:00.000Z,BOU,X,adjusted,channel,20482.618,nT
2026-04-10T03:31:00.000Z,BOU,X,adjusted,channel,20483.828,nT
2026-04-10T03:32:00.000Z,BOU,X,adjusted,channel,20484.494,nT
2026-04-10T03:33:00.000Z,BOU,X,adjusted,channel,20485.251,nT
2026-04-10T03:34:00.000Z,BOU,X,adjusted,channel,20485.84,nT
2026-04-10T03:35:00.000Z,BOU,X,adjusted,channel,20486.166,nT
2026-04-10T03:36:00.000Z,BOU,X,adjusted,channel,20485.854,nT
2026-04-10T03:37:00.000Z,BOU,X,adjusted,channel,20485.75,nT
2026-04-10T03:38:00.000Z,BOU,X,adjusted,channel,20485.472,nT
2026-04-10T03:39:00.000Z,BOU,X,adjusted,channel,20485.503,nT
2026-04-10T03:40:00.000Z,BOU,X,adjusted,channel,20485.529,nT
2026-04-10T03:41:00.000Z,BOU,X,adjusted,channel,20486.004,nT
2026-04-10T03:42:00.000Z,BOU,X,adjusted,channel,20486.353,nT
2026-04-10T03:43:00.000Z,BOU,X,adjusted,channel,20486.627,nT
2026-04-10T03:44:00.000Z,BOU,X,adjusted,channel,20486.445,nT
2026-04-10T03:45:00.000Z,BOU,X,adjusted,channel,20485.711,nT
2026-04-10T03:46:00.000Z,BOU,X,adjusted,channel,20484.627,nT
2026-04-10T03:47:00.000Z,BOU,X,adjusted,channel,20483.79,nT
2026-04-10T03:48:00.000Z,BOU,X,adjusted,channel,20483.1,nT
2026-04-10T03:49:00.000Z,BOU,X,adjusted,channel,20482.278,nT
2026-04-10T03:50:00.000Z,BOU,X,adjusted,channel,20481.105,nT
2026-04-10T03:51:00.000Z,BOU,X,adjusted,channel,20480.197,nT
2026-04-10T03:52:00.000Z,BOU,X,adjusted,channel,20479.66,nT
2026-04-10T03:53:00.000Z,BOU,X,adjusted,channel,20478.608,nT
2026-04-10T03:54:00.000Z,BOU,X,adjusted,channel,20477.872,nT
2026-04-10T03:55:00.000Z,BOU,X,adjusted,channel,20477.577,nT
2026-04-10T03:56:00.000Z,BOU,X,adjusted,channel,20477.099,nT
2026-04-10T03:57:00.000Z,BOU,X,adjusted,channel,20477.365,nT
2026-04-10T03:58:00.000Z,BOU,X,adjusted,channel,20479.298,nT
2026-04-10T03:59:00.000Z,BOU,X,adjusted,channel,20479.976,nT
2026-04-10T04:00:00.000Z,BOU,X,adjusted,channel,20481.173,nT
2026-04-10T04:01:00.000Z,BOU,X,adjusted,channel,20481.625,nT
2026-04-10T04:02:00.000Z,BOU,X,adjusted,channel,20482.369,nT
2026-04-10T04:03:00.000Z,BOU,X,adjusted,channel,20482.595,nT
2026-04-10T04:04:00.000Z,BOU,X,adjusted,channel,20482.724,nT
2026-04-10T04:05:00.000Z,BOU,X,adjusted,channel,20482.653,nT
2026-04-10T04:06:00.000Z,BOU,X,adjusted,channel,20482.474,nT
2026-04-10T04:07:00.000Z,BOU,X,adjusted,channel,20481.812,nT
2026-04-10T04:08:00.000Z,BOU,X,adjusted,channel,20481.345,nT
2026-04-10T04:09:00.000Z,BOU,X,adjusted,channel,20480.991,nT
2026-04-10T04:10:00.000Z,BOU,X,adjusted,channel,20480.895,nT
2026-04-10T04:11:00.000Z,BOU,X,adjusted,channel,20480.627,nT
2026-04-10T04:12:00.000Z,BOU,X,adjusted,channel,20480.223,nT
2026-04-10T04:13:00.000Z,BOU,X,adjusted,channel,20479.758,nT
2026-04-10T04:14:00.000Z,BOU,X,adjusted,channel,20479.411,nT
2026-04-10T04:15:00.000Z,BOU,X,adjusted,channel,20479.248,nT
2026-04-10T04:16:00.000Z,BOU,X,adjusted,channel,20479.051,nT
2026-04-10T04:17:00.000Z,BOU,X,adjusted,channel,20478.954,nT
2026-04-10T04:18:00.000Z,BOU,X,adjusted,channel,20479.104,nT
2026-04-10T04:19:00.000Z,BOU,X,adjusted,channel,20479.118,nT
2026-04-10T04:20:00.000Z,BOU,X,adjusted,channel,20479.213,nT
2026-04-10T04:21:00.000Z,BOU,X,adjusted,channel,20479.309,nT
2026-04-10T04:22:00.000Z,BOU,X,adjusted,channel,20479.381,nT
2026-04-10T04:23:00.000Z,BOU,X,adjusted,channel,20479.393,nT
2026-04-10T04:24:00.000Z,BOU,X,adjusted,channel,20479.523,nT
2026-04-10T04:25:00.000Z,BOU,X,adjusted,channel,20480.077,nT
2026-04-10T04:26:00.000Z,BOU,X,adjusted,channel,20480.388,nT
2026-04-10T04:27:00.000Z,BOU,X,adjusted,channel,20480.489,nT
2026-04-10T04:28:00.000Z,BOU,X,adjusted,channel,20480.775,nT
2026-04-10T04:29:00.000Z,BOU,X,adjusted,channel,20481.276,nT
2026-04-10T04:30:00.000Z,BOU,X,adjusted,channel,20481.901,nT
2026-04-10T04:31:00.000Z,BOU,X,adjusted,channel,20483.046,nT
2026-04-10T04:32:00.000Z,BOU,X,adjusted,channel,20484.138,nT
2026-04-10T04:33:00.000Z,BOU,X,adjusted,channel,20485.351,nT
2026-04-10T04:34:00.000Z,BOU,X,adjusted,channel,20486.373,nT
2026-04-10T04:35:00.000Z,BOU,X,adjusted,channel,20486.917,nT
2026-04-10T04:36:00.000Z,BOU,X,adjusted,channel,20487.299,nT
2026-04-10T04:37:00.000Z,BOU,X,adjusted,channel,20487.625,nT
2026-04-10T04:38:00.000Z,BOU,X,adjusted,channel,20487.851,nT
2026-04-10T04:39:00.000Z,BOU,X,adjusted,channel,20487.934,nT
2026-04-10T04:40:00.000Z,BOU,X,adjusted,channel,20488.086,nT
2026-04-10T04:41:00.000Z,BOU,X,adjusted,channel,20488.683,nT
2026-04-10T04:42:00.000Z,BOU,X,adjusted,channel,20490.032,nT
2026-04-10T04:43:00.000Z,BOU,X,adjusted,channel,20491.76,nT
2026-04-10T04:44:00.000Z,BOU,X,adjusted,channel,20492.777,nT
2026-04-10T04:45:00.000Z,BOU,X,adjusted,channel,20493.714,nT
2026-04-10T04:46:00.000Z,BOU,X,adjusted,channel,20495.002,nT
2026-04-10T04:47:00.000Z,BOU,X,adjusted,channel,20495.605,nT
2026-04-10T04:48:00.000Z,BOU,X,adjusted,channel,20495.929,nT
2026-04-10T04:49:00.000Z,BOU,X,adjusted,channel,20495.66,nT
2026-04-10T04:50:00.000Z,BOU,X,adjusted,channel,20495.281,nT
2026-04-10T04:51:00.000Z,BOU,X,adjusted,channel,20494.23,nT
2026-04-10T04:52:00.000Z,BOU,X,adjusted,channel,20492.866,nT
2026-04-10T04:53:00.000Z,BOU,X,adjusted,channel,20491.126,nT
2026-04-10T04:54:00.000Z,BOU,X,adjusted,channel,20489.77,nT
2026-04-10T04:55:00.000Z,BOU,X,adjusted,channel,20489.574,nT
2026-04-10T04:56:00.000Z,BOU,X,adjusted,channel,20490.007,nT
2026-04-10T04:57:00.000Z,BOU,X,adjusted,channel,20490.488,nT
2026-04-10T04:58:00.000Z,BOU,X,adjusted,channel,20491.03,nT
2026-04-10T04:59:00.000Z,BOU,X,adjusted,channel,20491.854,nT
2026-04-10T05:00:00.000Z,BOU,X,adjusted,channel,20492.19,nT
2026-04-10T05:01:00.000Z,BOU,X,adjusted,channel,20491.941,nT
2026-04-10T05:02:00.000Z,BOU,X,adjusted,channel,20491.718,nT
2026-04-10T05:03:00.000Z,BOU,X,adjusted,channel,20491.495,nT
2026-04-10T05:04:00.000Z,BOU,X,adjusted,channel,20491.146,nT
2026-04-10T05:05:00.000Z,BOU,X,adjusted,channel,20491.09,nT
2026-04-10T05:06:00.000Z,BOU,X,adjusted,channel,20491.61,nT
2026-04-10T05:07:00.000Z,BOU,X,adjusted,channel,20492.087,nT
2026-04-10T05:08:00.000Z,BOU,X,adjusted,channel,20492.672,nT
2026-04-10T05:09:00.000Z,BOU,X,adjusted,channel,20493.594,nT
2026-04-10T05:10:00.000Z,BOU,X,adjusted,channel,20494.468,nT
2026-04-10T05:11:00.000Z,BOU,X,adjusted,channel,20495.837,nT
2026-04-10T05:12:00.000Z,BOU,X,adjusted,channel,20497.124,nT
2026-04-10T05:13:00.000Z,BOU,X,adjusted,channel,20498.176,nT
2026-04-10T05:14:00.000Z,BOU,X,adjusted,channel,20498.58,nT
2026-04-10T05:15:00.000Z,BOU,X,adjusted,channel,20498.5,nT
2026-04-10T05:16:00.000Z,BOU,X,adjusted,channel,20498.176,nT
2026-04-10T05:17:00.000Z,BOU,X,adjusted,channel,20497.596,nT
2026-04-10T05:18:00.000Z,BOU,X,adjusted,channel,20497.133,nT
2026-04-10T05:19:00.000Z,BOU,X,adjusted,channel,20496.921,nT
2026-04-10T05:20:00.000Z,BOU,X,adjusted,channel,20496.999,nT
2026-04-10T05:21:00.000Z,BOU,X,adjusted,channel,20497.567,nT
2026-04-10T05:22:00.000Z,BOU,X,adjusted,channel,20497.957,nT
2026-04-10T05:23:00.000Z,BOU,X,adjusted,channel,20498.209,nT
2026-04-10T05:24:00.000Z,BOU,X,adjusted,channel,20498.285,nT
2026-04-10T05:25:00.000Z,BOU,X,adjusted,channel,20498.577,nT
2026-04-10T05:26:00.000Z,BOU,X,adjusted,channel,20498.603,nT
2026-04-10T05:27:00.000Z,BOU,X,adjusted,channel,20498.497,nT
2026-04-10T05:28:00.000Z,BOU,X,adjusted,channel,20498.292,nT
2026-04-10T05:29:00.000Z,BOU,X,adjusted,channel,20498,nT
2026-04-10T05:30:00.000Z,BOU,X,adjusted,channel,20497.785,nT
2026-04-10T05:31:00.000Z,BOU,X,adjusted,channel,20497.378,nT
2026-04-10T05:32:00.000Z,BOU,X,adjusted,channel,20497.064,nT
2026-04-10T05:33:00.000Z,BOU,X,adjusted,channel,20497.099,nT
2026-04-10T05:34:00.000Z,BOU,X,adjusted,channel,20497.424,nT
2026-04-10T05:35:00.000Z,BOU,X,adjusted,channel,20497.888,nT
2026-04-10T05:36:00.000Z,BOU,X,adjusted,channel,20498.481,nT
2026-04-10T05:37:00.000Z,BOU,X,adjusted,channel,20499.188,nT
2026-04-10T05:38:00.000Z,BOU,X,adjusted,channel,20499.641,nT
2026-04-10T05:39:00.000Z,BOU,X,adjusted,channel,20499.765,nT
2026-04-10T05:40:00.000Z,BOU,X,adjusted,channel,20499.577,nT
2026-04-10T05:41:00.000Z,BOU,X,adjusted,channel,20499.405,nT
2026-04-10T05:42:00.000Z,BOU,X,adjusted,channel,20499.164,nT
2026-04-10T05:43:00.000Z,BOU,X,adjusted,channel,20499.007,nT
2026-04-10T05:44:00.000Z,BOU,X,adjusted,channel,20499.319,nT
2026-04-10T05:45:00.000Z,BOU,X,adjusted,channel,20499.649,nT
2026-04-10T05:46:00.000Z,BOU,X,adjusted,channel,20499.761,nT
2026-04-10T05:47:00.000Z,BOU,X,adjusted,channel,20499.845,nT
2026-04-10T05:48:00.000Z,BOU,X,adjusted,channel,20499.774,nT
2026-04-10T05:49:00.000Z,BOU,X,adjusted,channel,20499.282,nT
2026-04-10T05:50:00.000Z,BOU,X,adjusted,channel,20499.218,nT
2026-04-10T05:51:00.000Z,BOU,X,adjusted,channel,20499.602,nT
2026-04-10T05:52:00.000Z,BOU,X,adjusted,channel,20499.857,nT
2026-04-10T05:53:00.000Z,BOU,X,adjusted,channel,20499.614,nT
2026-04-10T05:54:00.000Z,BOU,X,adjusted,channel,20499.174,nT
2026-04-10T05:55:00.000Z,BOU,X,adjusted,channel,20499.216,nT
2026-04-10T05:56:00.000Z,BOU,X,adjusted,channel,20499.316,nT
2026-04-10T05:57:00.000Z,BOU,X,adjusted,channel,20498.55,nT
2026-04-10T05:58:00.000Z,BOU,X,adjusted,channel,20497.834,nT
2026-04-10T05:59:00.000Z,BOU,X,adjusted,channel,20497.463,nT
2026-04-10T06:00:00.000Z,BOU,X,adjusted,channel,20497.365,nT
2026-04-10T06:01:00.000Z,BOU,X,adjusted,channel,20497.266,nT
2026-04-10T06:02:00.000Z,BOU,X,adjusted,channel,20497.181,nT
2026-04-10T06:03:00.000Z,BOU,X,adjusted,channel,20497.357,nT
2026-04-10T06:04:00.000Z,BOU,X,adjusted,channel,20497.593,nT
2026-04-10T06:05:00.000Z,BOU,X,adjusted,channel,20498.145,nT
2026-04-10T06:06:00.000Z,BOU,X,adjusted,channel,20498.765,nT
2026-04-10T06:07:00.000Z,BOU,X,adjusted,channel,20499.661,nT
2026-04-10T06:08:00.000Z,BOU,X,adjusted,channel,20500.804,nT
2026-04-10T06:09:00.000Z,BOU,X,adjusted,channel,20501.433,nT
2026-04-10T06:10:00.000Z,BOU,X,adjusted,channel,20501.854,nT
2026-04-10T06:11:00.000Z,BOU,X,adjusted,channel,20503.239,nT
2026-04-10T06:12:00.000Z,BOU,X,adjusted,channel,20505.256,nT
2026-04-10T06:13:00.000Z,BOU,X,adjusted,channel,20505.429,nT
2026-04-10T06:14:00.000Z,BOU,X,adjusted,channel,20505.247,nT
2026-04-10T06:15:00.000Z,BOU,X,adjusted,channel,20505.268,nT
2026-04-10T06:16:00.000Z,BOU,X,adjusted,channel,20505.339,nT
2026-04-10T06:17:00.000Z,BOU,X,adjusted,channel,20505.704,nT
2026-04-10T06:18:00.000Z,BOU,X,adjusted,channel,20506.625,nT
2026-04-10T06:19:00.000Z,BOU,X,adjusted,channel,20507.477,nT
2026-04-10T06:20:00.000Z,BOU,X,adjusted,channel,20507.788,nT
2026-04-10T06:21:00.000Z,BOU,X,adjusted,channel,20507.168,nT
2026-04-10T06:22:00.000Z,BOU,X,adjusted,channel,20506.639,nT
2026-04-10T06:23:00.000Z,BOU,X,adjusted,channel,20506.322,nT
2026-04-10T06:24:00.000Z,BOU,X,adjusted,channel,20506.034,nT
2026-04-10T06:25:00.000Z,BOU,X,adjusted,channel,20505.558,nT
2026-04-10T06:26:00.000Z,BOU,X,adjusted,channel,20504.984,nT
2026-04-10T06:27:00.000Z,BOU,X,adjusted,channel,20504.507,nT
2026-04-10T06:28:00.000Z,BOU,X,adjusted,channel,20504.859,nT
2026-04-10T06:29:00.000Z,BOU,X,adjusted,channel,20505.311,nT
2026-04-10T06:30:00.000Z,BOU,X,adjusted,channel,20505.691,nT
2026-04-10T06:31:00.000Z,BOU,X,adjusted,channel,20505.86,nT
2026-04-10T06:32:00.000Z,BOU,X,adjusted,channel,20506.171,nT
2026-04-10T06:33:00.000Z,BOU,X,adjusted,channel,20506.386,nT
2026-04-10T06:34:00.000Z,BOU,X,adjusted,channel,20505.946,nT
2026-04-10T06:35:00.000Z,BOU,X,adjusted,channel,20504.761,nT
2026-04-10T06:36:00.000Z,BOU,X,adjusted,channel,20503.569,nT
2026-04-10T06:37:00.000Z,BOU,X,adjusted,channel,20503.251,nT
2026-04-10T06:38:00.000Z,BOU,X,adjusted,channel,20503.436,nT
2026-04-10T06:39:00.000Z,BOU,X,adjusted,channel,20503.262,nT
2026-04-10T06:40:00.000Z,BOU,X,adjusted,channel,20502.502,nT
2026-04-10T06:41:00.000Z,BOU,X,adjusted,channel,20501.81,nT
2026-04-10T06:42:00.000Z,BOU,X,adjusted,channel,20500.114,nT
2026-04-10T06:43:00.000Z,BOU,X,adjusted,channel,20497.605,nT
2026-04-10T06:44:00.000Z,BOU,X,adjusted,channel,20495.304,nT
2026-04-10T06:45:00.000Z,BOU,X,adjusted,channel,20493.863,nT
2026-04-10T06:46:00.000Z,BOU,X,adjusted,channel,20492.824,nT
2026-04-10T06:47:00.000Z,BOU,X,adjusted,channel,20492.571,nT
2026-04-10T06:48:00.000Z,BOU,X,adjusted,channel,20493.016,nT
2026-04-10T06:49:00.000Z,BOU,X,adjusted,channel,20493.511,nT
2026-04-10T06:50:00.000Z,BOU,X,adjusted,channel,20494.087,nT
2026-04-10T06:51:00.000Z,BOU,X,adjusted,channel,20495.429,nT
2026-04-10T06:52:00.000Z,BOU,X,adjusted,channel,20497.289,nT
2026-04-10T06:53:00.000Z,BOU,X,adjusted,channel,20497.835,nT
2026-04-10T06:54:00.000Z,BOU,X,adjusted,channel,20497.729,nT
2026-04-10T06:55:00.000Z,BOU,X,adjusted,channel,20499.529,nT
2026-04-10T06:56:00.000Z,BOU,X,adjusted,channel,20498.412,nT
2026-04-10T06:57:00.000Z,BOU,X,adjusted,channel,20496.867,nT
2026-04-10T06:58:00.000Z,BOU,X,adjusted,channel,20498.584,nT
2026-04-10T06:59:00.000Z,BOU,X,adjusted,channel,20499.298,nT
2026-04-10T07:00:00.000Z,BOU,X,adjusted,channel,20498.813,nT
2026-04-10T07:01:00.000Z,BOU,X,adjusted,channel,20498.305,nT
2026-04-10T07:02:00.000Z,BOU,X,adjusted,channel,20497.981,nT
2026-04-10T07:03:00.000Z,BOU,X,adjusted,channel,20497.824,nT
2026-04-10T07:04:00.000Z,BOU,X,adjusted,channel,20497.567,nT
2026-04-10T07:05:00.000Z,BOU,X,adjusted,channel,20497.374,nT
2026-04-10T07:06:00.000Z,BOU,X,adjusted,channel,20497.513,nT
2026-04-10T07:07:00.000Z,BOU,X,adjusted,channel,20497.997,nT
2026-04-10T07:08:00.000Z,BOU,X,adjusted,channel,20499.283,nT
2026-04-10T07:09:00.000Z,BOU,X,adjusted,channel,20502.952,nT
2026-04-10T07:10:00.000Z,BOU,X,adjusted,channel,20506.493,nT
2026-04-10T07:11:00.000Z,BOU,X,adjusted,channel,20510.248,nT
2026-04-10T07:12:00.000Z,BOU,X,adjusted,channel,20512.939,nT
2026-04-10T07:13:00.000Z,BOU,X,adjusted,channel,20514.233,nT
2026-04-10T07:14:00.000Z,BOU,X,adjusted,channel,20514.477,nT
2026-04-10T07:15:00.000Z,BOU,X,adjusted,channel,20514.297,nT
2026-04-10T07:16:00.000Z,BOU,X,adjusted,channel,20513.277,nT
2026-04-10T07:17:00.000Z,BOU,X,adjusted,channel,20512.436,nT
2026-04-10T07:18:00.000Z,BOU,X,adjusted,channel,20511.868,nT
2026-04-10T07:19:00.000Z,BOU,X,adjusted,channel,20511.494,nT
2026-04-10T07:20:00.000Z,BOU,X,adjusted,channel,20510.462,nT
2026-04-10T07:21:00.000Z,BOU,X,adjusted,channel,20508.636,nT
2026-04-10T07:22:00.000Z,BOU,X,adjusted,channel,20506.416,nT
2026-04-10T07:23:00.000Z,BOU,X,adjusted,channel,20504.143,nT
2026-04-10T07:24:00.000Z,BOU,X,adjusted,channel,20501.93,nT
2026-04-10T07:25:00.000Z,BOU,X,adjusted,channel,20500.131,nT
2026-04-10T07:26:00.000Z,BOU,X,adjusted,channel,20497.149,nT
2026-04-10T07:27:00.000Z,BOU,X,adjusted,channel,20492.67,nT
2026-04-10T07:28:00.000Z,BOU,X,adjusted,channel,20488.971,nT
2026-04-10T07:29:00.000Z,BOU,X,adjusted,channel,20487.623,nT
2026-04-10T07:30:00.000Z,BOU,X,adjusted,channel,20487.695,nT
2026-04-10T07:31:00.000Z,BOU,X,adjusted,channel,20488.542,nT
2026-04-10T07:32:00.000Z,BOU,X,adjusted,channel,20489.88,nT
2026-04-10T07:33:00.000Z,BOU,X,adjusted,channel,20491.294,nT
2026-04-10T07:34:00.000Z,BOU,X,adjusted,channel,20492.766,nT
2026-04-10T07:35:00.000Z,BOU,X,adjusted,channel,20494.272,nT
2026-04-10T07:36:00.000Z,BOU,X,adjusted,channel,20495.566,nT
2026-04-10T07:37:00.000Z,BOU,X,adjusted,channel,20496.079,nT
2026-04-10T07:38:00.000Z,BOU,X,adjusted,channel,20496.134,nT
2026-04-10T07:39:00.000Z,BOU,X,adjusted,channel,20496.115,nT
2026-04-10T07:40:00.000Z,BOU,X,adjusted,channel,20496.022,nT
2026-04-10T07:41:00.000Z,BOU,X,adjusted,channel,20495.383,nT
2026-04-10T07:42:00.000Z,BOU,X,adjusted,channel,20494.185,nT
2026-04-10T07:43:00.000Z,BOU,X,adjusted,channel,20493.338,nT
2026-04-10T07:44:00.000Z,BOU,X,adjusted,channel,20493.388,nT
2026-04-10T07:45:00.000Z,BOU,X,adjusted,channel,20494.233,nT
2026-04-10T07:46:00.000Z,BOU,X,adjusted,channel,20495.293,nT
2026-04-10T07:47:00.000Z,BOU,X,adjusted,channel,20496.301,nT
2026-04-10T07:48:00.000Z,BOU,X,adjusted,channel,20497.407,nT
2026-04-10T07:49:00.000Z,BOU,X,adjusted,channel,20499.027,nT
2026-04-10T07:50:00.000Z,BOU,X,adjusted,channel,20497.984,nT
2026-04-10T07:51:00.000Z,BOU,X,adjusted,channel,20496.63,nT
2026-04-10T07:52:00.000Z,BOU,X,adjusted,channel,20496.843,nT
2026-04-10T07:53:00.000Z,BOU,X,adjusted,channel,20496.538,nT
2026-04-10T07:54:00.000Z,BOU,X,adjusted,channel,20495.585,nT
2026-04-10T07:55:00.000Z,BOU,X,adjusted,channel,20494.63,nT
2026-04-10T07:56:00.000Z,BOU,X,adjusted,channel,20494.319,nT
2026-04-10T07:57:00.000Z,BOU,X,adjusted,channel,20494.93,nT
2026-04-10T07:58:00.000Z,BOU,X,adjusted,channel,20495.758,nT
2026-04-10T07:59:00.000Z,BOU,X,adjusted,channel,20497.32,nT
2026-04-10T08:00:00.000Z,BOU,X,adjusted,channel,20498.853,nT
2026-04-10T08:01:00.000Z,BOU,X,adjusted,channel,20500.025,nT
2026-04-10T08:02:00.000Z,BOU,X,adjusted,channel,20501.348,nT
2026-04-10T08:03:00.000Z,BOU,X,adjusted,channel,20502.368,nT
2026-04-10T08:04:00.000Z,BOU,X,adjusted,channel,20502.905,nT
2026-04-10T08:05:00.000Z,BOU,X,adjusted,channel,20503.124,nT
2026-04-10T08:06:00.000Z,BOU,X,adjusted,channel,20503.204,nT
2026-04-10T08:07:00.000Z,BOU,X,adjusted,channel,20503.472,nT
2026-04-10T08:08:00.000Z,BOU,X,adjusted,channel,20503.73,nT
2026-04-10T08:09:00.000Z,BOU,X,adjusted,channel,20504.445,nT
2026-04-10T08:10:00.000Z,BOU,X,adjusted,channel,20504.411,nT
2026-04-10T08:11:00.000Z,BOU,X,adjusted,channel,20504.271,nT
2026-04-10T08:12:00.000Z,BOU,X,adjusted,channel,20504.586,nT
2026-04-10T08:13:00.000Z,BOU,X,adjusted,channel,20504.615,nT
2026-04-10T08:14:00.000Z,BOU,X,adjusted,channel,20504.175,nT
2026-04-10T08:15:00.000Z,BOU,X,adjusted,channel,20503.439,nT
2026-04-10T08:16:00.000Z,BOU,X,adjusted,channel,20502.539,nT
2026-04-10T08:17:00.000Z,BOU,X,adjusted,channel,20501.764,nT
2026-04-10T08:18:00.000Z,BOU,X,adjusted,channel,20500.748,nT
2026-04-10T08:19:00.000Z,BOU,X,adjusted,channel,20498.818,nT
2026-04-10T08:20:00.000Z,BOU,X,adjusted,channel,20496.925,nT
2026-04-10T08:21:00.000Z,BOU,X,adjusted,channel,20495.97,nT
2026-04-10T08:22:00.000Z,BOU,X,adjusted,channel,20495.708,nT
2026-04-10T08:23:00.000Z,BOU,X,adjusted,channel,20496.792,nT
2026-04-10T08:24:00.000Z,BOU,X,adjusted,channel,20499.739,nT
2026-04-10T08:25:00.000Z,BOU,X,adjusted,channel,20503.114,nT
2026-04-10T08:26:00.000Z,BOU,X,adjusted,channel,20505.745,nT
2026-04-10T08:27:00.000Z,BOU,X,adjusted,channel,20506.939,nT
2026-04-10T08:28:00.000Z,BOU,X,adjusted,channel,20507.545,nT
2026-04-10T08:29:00.000Z,BOU,X,adjusted,channel,20507.106,nT
2026-04-10T08:30:00.000Z,BOU,X,adjusted,channel,20506.012,nT
2026-04-10T08:31:00.000Z,BOU,X,adjusted,channel,20504.995,nT
2026-04-10T08:32:00.000Z,BOU,X,adjusted,channel,20504.287,nT
2026-04-10T08:33:00.000Z,BOU,X,adjusted,channel,20503.729,nT
2026-04-10T08:34:00.000Z,BOU,X,adjusted,channel,20503.467,nT
2026-04-10T08:35:00.000Z,BOU,X,adjusted,channel,20503.523,nT
2026-04-10T08:36:00.000Z,BOU,X,adjusted,channel,20503.724,nT
2026-04-10T08:37:00.000Z,BOU,X,adjusted,channel,20503.699,nT
2026-04-10T08:38:00.000Z,BOU,X,adjusted,channel,20504.233,nT
2026-04-10T08:39:00.000Z,BOU,X,adjusted,channel,20504.548,nT
2026-04-10T08:40:00.000Z,BOU,X,adjusted,channel,20504.971,nT
2026-04-10T08:41:00.000Z,BOU,X,adjusted,channel,20505.025,nT
2026-04-10T08:42:00.000Z,BOU,X,adjusted,channel,20503.822,nT
2026-04-10T08:43:00.000Z,BOU,X,adjusted,channel,20502.643,nT
2026-04-10T08:44:00.000Z,BOU,X,adjusted,channel,20501.855,nT
2026-04-10T08:45:00.000Z,BOU,X,adjusted,channel,20501.264,nT
2026-04-10T08:46:00.000Z,BOU,X,adjusted,channel,20501.504,nT
2026-04-10T08:47:00.000Z,BOU,X,adjusted,channel,20502.446,nT
2026-04-10T08:48:00.000Z,BOU,X,adjusted,channel,20504.29,nT
2026-04-10T08:49:00.000Z,BOU,X,adjusted,channel,20505.687,nT
2026-04-10T08:50:00.000Z,BOU,X,adjusted,channel,20506.891,nT
2026-04-10T08:51:00.000Z,BOU,X,adjusted,channel,20507.572,nT
2026-04-10T08:52:00.000Z,BOU,X,adjusted,channel,20508.101,nT
2026-04-10T08:53:00.000Z,BOU,X,adjusted,channel,20508.206,nT
2026-04-10T08:54:00.000Z,BOU,X,adjusted,channel,20508.236,nT
2026-04-10T08:55:00.000Z,BOU,X,adjusted,channel,20508.75,nT
2026-04-10T08:56:00.000Z,BOU,X,adjusted,channel,20509.233,nT
2026-04-10T08:57:00.000Z,BOU,X,adjusted,channel,20509.645,nT
2026-04-10T08:58:00.000Z,BOU,X,adjusted,channel,20510.127,nT
2026-04-10T08:59:00.000Z,BOU,X,adjusted,channel,20509.906,nT
2026-04-10T09:00:00.000Z,BOU,X,adjusted,channel,20509.273,nT
2026-04-10T09:01:00.000Z,BOU,X,adjusted,channel,20508.715,nT
2026-04-10T09:02:00.000Z,BOU,X,adjusted,channel,20508.47,nT
2026-04-10T09:03:00.000Z,BOU,X,adjusted,channel,20508.624,nT
2026-04-10T09:04:00.000Z,BOU,X,adjusted,channel,20508.767,nT
2026-04-10T09:05:00.000Z,BOU,X,adjusted,channel,20508.96,nT
2026-04-10T09:06:00.000Z,BOU,X,adjusted,channel,20509.118,nT
2026-04-10T09:07:00.000Z,BOU,X,adjusted,channel,20509.09,nT
2026-04-10T09:08:00.000Z,BOU,X,adjusted,channel,20509.16,nT
2026-04-10T09:09:00.000Z,BOU,X,adjusted,channel,20509.05,nT
2026-04-10T09:10:00.000Z,BOU,X,adjusted,channel,20508.789,nT
2026-04-10T09:11:00.000Z,BOU,X,adjusted,channel,20508.576,nT
2026-04-10T09:12:00.000Z,BOU,X,adjusted,channel,20508.419,nT
2026-04-10T09:13:00.000Z,BOU,X,adjusted,channel,20508.238,nT
2026-04-10T09:14:00.000Z,BOU,X,adjusted,channel,20508.091,nT
2026-04-10T09:15:00.000Z,BOU,X,adjusted,channel,20508.08,nT
2026-04-10T09:16:00.000Z,BOU,X,adjusted,channel,20508.071,nT
2026-04-10T09:17:00.000Z,BOU,X,adjusted,channel,20508.169,nT
2026-04-10T09:18:00.000Z,BOU,X,adjusted,channel,20508.183,nT
2026-04-10T09:19:00.000Z,BOU,X,adjusted,channel,20508.092,nT
2026-04-10T09:20:00.000Z,BOU,X,adjusted,channel,20507.934,nT
2026-04-10T09:21:00.000Z,BOU,X,adjusted,channel,20507.783,nT
2026-04-10T09:22:00.000Z,BOU,X,adjusted,channel,20507.684,nT
2026-04-10T09:23:00.000Z,BOU,X,adjusted,channel,20507.667,nT
2026-04-10T09:24:00.000Z,BOU,X,adjusted,channel,20507.609,nT
2026-04-10T09:25:00.000Z,BOU,X,adjusted,channel,20507.692,nT
2026-04-10T09:26:00.000Z,BOU,X,adjusted,channel,20507.795,nT
2026-04-10T09:27:00.000Z,BOU,X,adjusted,channel,20507.919,nT
2026-04-10T09:28:00.000Z,BOU,X,adjusted,channel,20508.093,nT
2026-04-10T09:29:00.000Z,BOU,X,adjusted,channel,20508.238,nT
2026-04-10T09:30:00.000Z,BOU,X,adjusted,channel,20507.882,nT
2026-04-10T09:31:00.000Z,BOU,X,adjusted,channel,20507.6,nT
2026-04-10T09:32:00.000Z,BOU,X,adjusted,channel,20507.355,nT
2026-04-10T09:33:00.000Z,BOU,X,adjusted,channel,20507.199,nT
2026-04-10T09:34:00.000Z,BOU,X,adjusted,channel,20507.048,nT
2026-04-10T09:35:00.000Z,BOU,X,adjusted,channel,20507.037,nT
2026-04-10T09:36:00.000Z,BOU,X,adjusted,channel,20507.286,nT
2026-04-10T09:37:00.000Z,BOU,X,adjusted,channel,20507.332,nT
2026-04-10T09:38:00.000Z,BOU,X,adjusted,channel,20507.06,nT
2026-04-10T09:39:00.000Z,BOU,X,adjusted,channel,20506.718,nT
2026-04-10T09:40:00.000Z,BOU,X,adjusted,channel,20506.319,nT
2026-04-10T09:41:00.000Z,BOU,X,adjusted,channel,20505.48,nT
2026-04-10T09:42:00.000Z,BOU,X,adjusted,channel,20504.763,nT
2026-04-10T09:43:00.000Z,BOU,X,adjusted,channel,20504.7,nT
2026-04-10T09:44:00.000Z,BOU,X,adjusted,channel,20504.706,nT
2026-04-10T09:45:00.000Z,BOU,X,adjusted,channel,20504.36,nT
2026-04-10T09:46:00.000Z,BOU,X,adjusted,channel,20504.173,nT
2026-04-10T09:47:00.000Z,BOU,X,adjusted,channel,20504.306,nT
2026-04-10T09:48:00.000Z,BOU,X,adjusted,channel,20504.596,nT
2026-04-10T09:49:00.000Z,BOU,X,adjusted,channel,20504.614,nT
2026-04-10T09:50:00.000Z,BOU,X,adjusted,channel,20504.562,nT
2026-04-10T09:51:00.000Z,BOU,X,adjusted,channel,20504.452,nT
2026-04-10T09:52:00.000Z,BOU,X,adjusted,channel,20504.585,nT
2026-04-10T09:53:00.000Z,BOU,X,adjusted,channel,20504.572,nT
2026-04-10T09:54:00.000Z,BOU,X,adjusted,channel,20504.804,nT
2026-04-10T09:55:00.000Z,BOU,X,adjusted,channel,20504.881,nT
2026-04-10T09:56:00.000Z,BOU,X,adjusted,channel,20504.85,nT
2026-04-10T09:57:00.000Z,BOU,X,adjusted,channel,20503.832,nT
2026-04-10T09:58:00.000Z,BOU,X,adjusted,channel,20502.259,nT
2026-04-10T09:59:00.000Z,BOU,X,adjusted,channel,20500.997,nT
2026-04-10T10:00:00.000Z,BOU,X,adjusted,channel,20500.127,nT
2026-04-10T10:01:00.000Z,BOU,X,adjusted,channel,20499.105,nT
2026-04-10T10:02:00.000Z,BOU,X,adjusted,channel,20498.152,nT
2026-04-10T10:03:00.000Z,BOU,X,adjusted,channel,20497.809,nT
2026-04-10T10:04:00.000Z,BOU,X,adjusted,channel,20498.004,nT
2026-04-10T10:05:00.000Z,BOU,X,adjusted,channel,20497.808,nT
2026-04-10T10:06:00.000Z,BOU,X,adjusted,channel,20497.497,nT
2026-04-10T10:07:00.000Z,BOU,X,adjusted,channel,20497.435,nT
2026-04-10T10:08:00.000Z,BOU,X,adjusted,channel,20497.875,nT
2026-04-10T10:09:00.000Z,BOU,X,adjusted,channel,20498.231,nT
2026-04-10T10:10:00.000Z,BOU,X,adjusted,channel,20498.465,nT
2026-04-10T10:11:00.000Z,BOU,X,adjusted,channel,20498.535,nT
2026-04-10T10:12:00.000Z,BOU,X,adjusted,channel,20498.99,nT
2026-04-10T10:13:00.000Z,BOU,X,adjusted,channel,20499.286,nT
2026-04-10T10:14:00.000Z,BOU,X,adjusted,channel,20499.42,nT
2026-04-10T10:15:00.000Z,BOU,X,adjusted,channel,20499.469,nT
2026-04-10T10:16:00.000Z,BOU,X,adjusted,channel,20499.776,nT
2026-04-10T10:17:00.000Z,BOU,X,adjusted,channel,20500.389,nT
2026-04-10T10:18:00.000Z,BOU,X,adjusted,channel,20501.639,nT
2026-04-10T10:19:00.000Z,BOU,X,adjusted,channel,20502.828,nT
2026-04-10T10:20:00.000Z,BOU,X,adjusted,channel,20503.671,nT
2026-04-10T10:21:00.000Z,BOU,X,adjusted,channel,20504.284,nT
2026-04-10T10:22:00.000Z,BOU,X,adjusted,channel,20504.708,nT
2026-04-10T10:23:00.000Z,BOU,X,adjusted,channel,20505.01,nT
2026-04-10T10:24:00.000Z,BOU,X,adjusted,channel,20504.846,nT
2026-04-10T10:25:00.000Z,BOU,X,adjusted,channel,20504.315,nT
2026-04-10T10:26:00.000Z,BOU,X,adjusted,channel,20504.242,nT
2026-04-10T10:27:00.000Z,BOU,X,adjusted,channel,20504.263,nT
2026-04-10T10:28:00.000Z,BOU,X,adjusted,channel,20504.252,nT
2026-04-10T10:29:00.000Z,BOU,X,adjusted,channel,20503.675,nT
2026-04-10T10:30:00.000Z,BOU,X,adjusted,channel,20503.139,nT
2026-04-10T10:31:00.000Z,BOU,X,adjusted,channel,20502.51,nT
2026-04-10T10:32:00.000Z,BOU,X,adjusted,channel,20502.223,nT
2026-04-10T10:33:00.000Z,BOU,X,adjusted,channel,20501.739,nT
2026-04-10T10:34:00.000Z,BOU,X,adjusted,channel,20501.393,nT
2026-04-10T10:35:00.000Z,BOU,X,adjusted,channel,20501.078,nT
2026-04-10T10:36:00.000Z,BOU,X,adjusted,channel,20500.294,nT
2026-04-10T10:37:00.000Z,BOU,X,adjusted,channel,20499.315,nT
2026-04-10T10:38:00.000Z,BOU,X,adjusted,channel,20498.415,nT
2026-04-10T10:39:00.000Z,BOU,X,adjusted,channel,20497.608,nT
2026-04-10T10:40:00.000Z,BOU,X,adjusted,channel,20497.182,nT
2026-04-10T10:41:00.000Z,BOU,X,adjusted,channel,20496.815,nT
2026-04-10T10:42:00.000Z,BOU,X,adjusted,channel,20496.46,nT
2026-04-10T10:43:00.000Z,BOU,X,adjusted,channel,20496.232,nT
2026-04-10T10:44:00.000Z,BOU,X,adjusted,channel,20496.465,nT
2026-04-10T10:45:00.000Z,BOU,X,adjusted,channel,20496.689,nT
2026-04-10T10:46:00.000Z,BOU,X,adjusted,channel,20497.168,nT
2026-04-10T10:47:00.000Z,BOU,X,adjusted,channel,20498.3,nT
2026-04-10T10:48:00.000Z,BOU,X,adjusted,channel,20499.83,nT
2026-04-10T10:49:00.000Z,BOU,X,adjusted,channel,20500.604,nT
2026-04-10T10:50:00.000Z,BOU,X,adjusted,channel,20500.373,nT
2026-04-10T10:51:00.000Z,BOU,X,adjusted,channel,20499.273,nT
2026-04-10T10:52:00.000Z,BOU,X,adjusted,channel,20498.676,nT
2026-04-10T10:53:00.000Z,BOU,X,adjusted,channel,20498.291,nT
2026-04-10T10:54:00.000Z,BOU,X,adjusted,channel,20498.267,nT
2026-04-10T10:55:00.000Z,BOU,X,adjusted,channel,20498.651,nT
2026-04-10T10:56:00.000Z,BOU,X,adjusted,channel,20499.137,nT
2026-04-10T10:57:00.000Z,BOU,X,adjusted,channel,20499.411,nT
2026-04-10T10:58:00.000Z,BOU,X,adjusted,channel,20499.286,nT
2026-04-10T10:59:00.000Z,BOU,X,adjusted,channel,20500.009,nT
2026-04-10T11:00:00.000Z,BOU,X,adjusted,channel,20501.186,nT
2026-04-10T11:01:00.000Z,BOU,X,adjusted,channel,20502.39,nT
2026-04-10T11:02:00.000Z,BOU,X,adjusted,channel,20503.238,nT
2026-04-10T11:03:00.000Z,BOU,X,adjusted,channel,20503.279,nT
2026-04-10T11:04:00.000Z,BOU,X,adjusted,channel,20501.962,nT
2026-04-10T11:05:00.000Z,BOU,X,adjusted,channel,20500.557,nT
2026-04-10T11:06:00.000Z,BOU,X,adjusted,channel,20499.78,nT
2026-04-10T11:07:00.000Z,BOU,X,adjusted,channel,20499.545,nT
2026-04-10T11:08:00.000Z,BOU,X,adjusted,channel,20499.271,nT
2026-04-10T11:09:00.000Z,BOU,X,adjusted,channel,20499.106,nT
2026-04-10T11:10:00.000Z,BOU,X,adjusted,channel,20498.955,nT
2026-04-10T11:11:00.000Z,BOU,X,adjusted,channel,20498.613,nT
2026-04-10T11:12:00.000Z,BOU,X,adjusted,channel,20498.451,nT
2026-04-10T11:13:00.000Z,BOU,X,adjusted,channel,20498.743,nT
2026-04-10T11:14:00.000Z,BOU,X,adjusted,channel,20498.981,nT
2026-04-10T11:15:00.000Z,BOU,X,adjusted,channel,20499.28,nT
2026-04-10T11:16:00.000Z,BOU,X,adjusted,channel,20499.587,nT
2026-04-10T11:17:00.000Z,BOU,X,adjusted,channel,20499.962,nT
2026-04-10T11:18:00.000Z,BOU,X,adjusted,channel,20500.059,nT
2026-04-10T11:19:00.000Z,BOU,X,adjusted,channel,20499.705,nT
2026-04-10T11:20:00.000Z,BOU,X,adjusted,channel,20499.434,nT
2026-04-10T11:21:00.000Z,BOU,X,adjusted,channel,20499.048,nT
2026-04-10T11:22:00.000Z,BOU,X,adjusted,channel,20498.691,nT
2026-04-10T11:23:00.000Z,BOU,X,adjusted,channel,20498.666,nT
2026-04-10T11:24:00.000Z,BOU,X,adjusted,channel,20498.816,nT
2026-04-10T11:25:00.000Z,BOU,X,adjusted,channel,20498.485,nT
2026-04-10T11:26:00.000Z,BOU,X,adjusted,channel,20498.178,nT
2026-04-10T11:27:00.000Z,BOU,X,adjusted,channel,20498.27,nT
2026-04-10T11:28:00.000Z,BOU,X,adjusted,channel,20498.58,nT
2026-04-10T11:29:00.000Z,BOU,X,adjusted,channel,20498.591,nT
2026-04-10T11:30:00.000Z,BOU,X,adjusted,channel,20498.877,nT
2026-04-10T11:31:00.000Z,BOU,X,adjusted,channel,20499.06,nT
2026-04-10T11:32:00.000Z,BOU,X,adjusted,channel,20499.2,nT
2026-04-10T11:33:00.000Z,BOU,X,adjusted,channel,20499.362,nT
2026-04-10T11:34:00.000Z,BOU,X,adjusted,channel,20499.818,nT
2026-04-10T11:35:00.000Z,BOU,X,adjusted,channel,20500.26,nT
2026-04-10T11:36:00.000Z,BOU,X,adjusted,channel,20501.6,nT
2026-04-10T11:37:00.000Z,BOU,X,adjusted,channel,20502.584,nT
2026-04-10T11:38:00.000Z,BOU,X,adjusted,channel,20502.552,nT
2026-04-10T11:39:00.000Z,BOU,X,adjusted,channel,20502.619,nT
2026-04-10T11:40:00.000Z,BOU,X,adjusted,channel,20503.106,nT
2026-04-10T11:41:00.000Z,BOU,X,adjusted,channel,20502.774,nT
2026-04-10T11:42:00.000Z,BOU,X,adjusted,channel,20502.527,nT
2026-04-10T11:43:00.000Z,BOU,X,adjusted,channel,20502.908,nT
2026-04-10T11:44:00.000Z,BOU,X,adjusted,channel,20502.676,nT
2026-04-10T11:45:00.000Z,BOU,X,adjusted,channel,20502.223,nT
2026-04-10T11:46:00.000Z,BOU,X,adjusted,channel,20502.229,nT
2026-04-10T11:47:00.000Z,BOU,X,adjusted,channel,20502.566,nT
2026-04-10T11:48:00.000Z,BOU,X,adjusted,channel,20502.337,nT
2026-04-10T11:49:00.000Z,BOU,X,adjusted,channel,20501.439,nT
2026-04-10T11:50:00.000Z,BOU,X,adjusted,channel,20500.606,nT
2026-04-10T11:51:00.000Z,BOU,X,adjusted,channel,20500.179,nT
2026-04-10T11:52:00.000Z,BOU,X,adjusted,channel,20499.563,nT
2026-04-10T11:53:00.000Z,BOU,X,adjusted,channel,20499.529,nT
2026-04-10T11:54:00.000Z,BOU,X,adjusted,channel,20499.615,nT
2026-04-10T11:55:00.000Z,BOU,X,adjusted,channel,20499.887,nT
2026-04-10T11:56:00.000Z,BOU,X,adjusted,channel,20499.846,nT
2026-04-10T11:57:00.000Z,BOU,X,adjusted,channel,20499.623,nT
2026-04-10T11:58:00.000Z,BOU,X,adjusted,channel,20499.503,nT
2026-04-10T11:59:00.000Z,BOU,X,adjusted,channel,20499.228,nT
2026-04-10T12:00:00.000Z,BOU,X,adjusted,channel,20498.805,nT
2026-04-10T12:01:00.000Z,BOU,X,adjusted,channel,20499.13,nT
2026-04-10T12:02:00.000Z,BOU,X,adjusted,channel,20499.472,nT
2026-04-10T12:03:00.000Z,BOU,X,adjusted,channel,20499.884,nT
2026-04-10T12:04:00.000Z,BOU,X,adjusted,channel,20500.072,nT
2026-04-10T12:05:00.000Z,BOU,X,adjusted,channel,20500.211,nT
2026-04-10T12:06:00.000Z,BOU,X,adjusted,channel,20500.614,nT
2026-04-10T12:07:00.000Z,BOU,X,adjusted,channel,20500.973,nT
2026-04-10T12:08:00.000Z,BOU,X,adjusted,channel,20500.653,nT
2026-04-10T12:09:00.000Z,BOU,X,adjusted,channel,20500.49,nT
2026-04-10T12:10:00.000Z,BOU,X,adjusted,channel,20500.384,nT
2026-04-10T12:11:00.000Z,BOU,X,adjusted,channel,20500.483,nT
2026-04-10T12:12:00.000Z,BOU,X,adjusted,channel,20500.259,nT
2026-04-10T12:13:00.000Z,BOU,X,adjusted,channel,20500.458,nT
2026-04-10T12:14:00.000Z,BOU,X,adjusted,channel,20500.363,nT
2026-04-10T12:15:00.000Z,BOU,X,adjusted,channel,20500.667,nT
2026-04-10T12:16:00.000Z,BOU,X,adjusted,channel,20500.272,nT
2026-04-10T12:17:00.000Z,BOU,X,adjusted,channel,20499.901,nT
2026-04-10T12:18:00.000Z,BOU,X,adjusted,channel,20499.502,nT
2026-04-10T12:19:00.000Z,BOU,X,adjusted,channel,20499.366,nT
2026-04-10T12:20:00.000Z,BOU,X,adjusted,channel,20499.08,nT
2026-04-10T12:21:00.000Z,BOU,X,adjusted,channel,20498.405,nT
2026-04-10T12:22:00.000Z,BOU,X,adjusted,channel,20498.112,nT
2026-04-10T12:23:00.000Z,BOU,X,adjusted,channel,20498.007,nT
2026-04-10T12:24:00.000Z,BOU,X,adjusted,channel,20497.257,nT
2026-04-10T12:25:00.000Z,BOU,X,adjusted,channel,20496.441,nT
2026-04-10T12:26:00.000Z,BOU,X,adjusted,channel,20495.835,nT
2026-04-10T12:27:00.000Z,BOU,X,adjusted,channel,20495.768,nT
2026-04-10T12:28:00.000Z,BOU,X,adjusted,channel,20495.768,nT
2026-04-10T12:29:00.000Z,BOU,X,adjusted,channel,20495.864,nT
2026-04-10T12:30:00.000Z,BOU,X,adjusted,channel,20495.607,nT
2026-04-10T12:31:00.000Z,BOU,X,adjusted,channel,20494.939,nT
2026-04-10T12:32:00.000Z,BOU,X,adjusted,channel,20494.41,nT
2026-04-10T12:33:00.000Z,BOU,X,adjusted,channel,20494.085,nT
2026-04-10T12:34:00.000Z,BOU,X,adjusted,channel,20494.166,nT
2026-04-10T12:35:00.000Z,BOU,X,adjusted,channel,20494.174,nT
2026-04-10T12:36:00.000Z,BOU,X,adjusted,channel,20494.094,nT
2026-04-10T12:37:00.000Z,BOU,X,adjusted,channel,20494.082,nT
2026-04-10T12:38:00.000Z,BOU,X,adjusted,channel,20493.908,nT
2026-04-10T12:39:00.000Z,BOU,X,adjusted,channel,20493.785,nT
2026-04-10T12:40:00.000Z,BOU,X,adjusted,channel,20493.282,nT
2026-04-10T12:41:00.000Z,BOU,X,adjusted,channel,20492.2,nT
2026-04-10T12:42:00.000Z,BOU,X,adjusted,channel,20491.871,nT
2026-04-10T12:43:00.000Z,BOU,X,adjusted,channel,20491.549,nT
2026-04-10T12:44:00.000Z,BOU,X,adjusted,channel,20491.154,nT
2026-04-10T12:45:00.000Z,BOU,X,adjusted,channel,20490.627,nT
2026-04-10T12:46:00.000Z,BOU,X,adjusted,channel,20490.477,nT
2026-04-10T12:47:00.000Z,BOU,X,adjusted,channel,20490.149,nT
2026-04-10T12:48:00.000Z,BOU,X,adjusted,channel,20489.381,nT
2026-04-10T12:49:00.000Z,BOU,X,adjusted,channel,20488.79,nT
2026-04-10T12:50:00.000Z,BOU,X,adjusted,channel,20488.882,nT
2026-04-10T12:51:00.000Z,BOU,X,adjusted,channel,20489.08,nT
2026-04-10T12:52:00.000Z,BOU,X,adjusted,channel,20488.738,nT
2026-04-10T12:53:00.000Z,BOU,X,adjusted,channel,20488.445,nT
2026-04-10T12:54:00.000Z,BOU,X,adjusted,channel,20488.298,nT
2026-04-10T12:55:00.000Z,BOU,X,adjusted,channel,20488.305,nT
2026-04-10T12:56:00.000Z,BOU,X,adjusted,channel,20488.114,nT
2026-04-10T12:57:00.000Z,BOU,X,adjusted,channel,20488.889,nT
2026-04-10T12:58:00.000Z,BOU,X,adjusted,channel,20489.698,nT
2026-04-10T12:59:00.000Z,BOU,X,adjusted,channel,20489.804,nT
2026-04-10T13:00:00.000Z,BOU,X,adjusted,channel,20489.732,nT
2026-04-10T13:01:00.000Z,BOU,X,adjusted,channel,20490.008,nT
2026-04-10T13:02:00.000Z,BOU,X,adjusted,channel,20490.461,nT
2026-04-10T13:03:00.000Z,BOU,X,adjusted,channel,20491.181,nT
2026-04-10T13:04:00.000Z,BOU,X,adjusted,channel,20491.513,nT
2026-04-10T13:05:00.000Z,BOU,X,adjusted,channel,20490.671,nT
2026-04-10T13:06:00.000Z,BOU,X,adjusted,channel,20489.066,nT
2026-04-10T13:07:00.000Z,BOU,X,adjusted,channel,20489.011,nT
2026-04-10T13:08:00.000Z,BOU,X,adjusted,channel,20490.195,nT
2026-04-10T13:09:00.000Z,BOU,X,adjusted,channel,20492.325,nT
2026-04-10T13:10:00.000Z,BOU,X,adjusted,channel,20494.583,nT
2026-04-10T13:11:00.000Z,BOU,X,adjusted,channel,20495.361,nT
2026-04-10T13:12:00.000Z,BOU,X,adjusted,channel,20493.779,nT
2026-04-10T13:13:00.000Z,BOU,X,adjusted,channel,20492.304,nT
2026-04-10T13:14:00.000Z,BOU,X,adjusted,channel,20491.16,nT
2026-04-10T13:15:00.000Z,BOU,X,adjusted,channel,20490.421,nT
2026-04-10T13:16:00.000Z,BOU,X,adjusted,channel,20490.053,nT
2026-04-10T13:17:00.000Z,BOU,X,adjusted,channel,20488.666,nT
2026-04-10T13:18:00.000Z,BOU,X,adjusted,channel,20486.729,nT
2026-04-10T13:19:00.000Z,BOU,X,adjusted,channel,20485.279,nT
2026-04-10T13:20:00.000Z,BOU,X,adjusted,channel,20484.59,nT
2026-04-10T13:21:00.000Z,BOU,X,adjusted,channel,20484.305,nT
2026-04-10T13:22:00.000Z,BOU,X,adjusted,channel,20484.515,nT
2026-04-10T13:23:00.000Z,BOU,X,adjusted,channel,20484.171,nT
2026-04-10T13:24:00.000Z,BOU,X,adjusted,channel,20482.907,nT
2026-04-10T13:25:00.000Z,BOU,X,adjusted,channel,20480.424,nT
2026-04-10T13:26:00.000Z,BOU,X,adjusted,channel,20478.872,nT
2026-04-10T13:27:00.000Z,BOU,X,adjusted,channel,20477.861,nT
2026-04-10T13:28:00.000Z,BOU,X,adjusted,channel,20476.008,nT
2026-04-10T13:29:00.000Z,BOU,X,adjusted,channel,20474.658,nT
2026-04-10T13:30:00.000Z,BOU,X,adjusted,channel,20473.912,nT
2026-04-10T13:31:00.000Z,BOU,X,adjusted,channel,20473.357,nT
2026-04-10T13:32:00.000Z,BOU,X,adjusted,channel,20472.244,nT
2026-04-10T13:33:00.000Z,BOU,X,adjusted,channel,20472.03,nT
2026-04-10T13:34:00.000Z,BOU,X,adjusted,channel,20471.202,nT
2026-04-10T13:35:00.000Z,BOU,X,adjusted,channel,20470.257,nT
2026-04-10T13:36:00.000Z,BOU,X,adjusted,channel,20469.565,nT
2026-04-10T13:37:00.000Z,BOU,X,adjusted,channel,20469.378,nT
2026-04-10T13:38:00.000Z,BOU,X,adjusted,channel,20469.512,nT
2026-04-10T13:39:00.000Z,BOU,X,adjusted,channel,20469.024,nT
2026-04-10T13:40:00.000Z,BOU,X,adjusted,channel,20469.029,nT
2026-04-10T13:41:00.000Z,BOU,X,adjusted,channel,20468.595,nT
2026-04-10T13:42:00.000Z,BOU,X,adjusted,channel,20467.421,nT
2026-04-10T13:43:00.000Z,BOU,X,adjusted,channel,20465.254,nT
2026-04-10T13:44:00.000Z,BOU,X,adjusted,channel,20463.429,nT
2026-04-10T13:45:00.000Z,BOU,X,adjusted,channel,20462.769,nT
2026-04-10T13:46:00.000Z,BOU,X,adjusted,channel,20462.78,nT
2026-04-10T13:47:00.000Z,BOU,X,adjusted,channel,20464.273,nT
2026-04-10T13:48:00.000Z,BOU,X,adjusted,channel,20469.331,nT
2026-04-10T13:49:00.000Z,BOU,X,adjusted,channel,20472.469,nT
2026-04-10T13:50:00.000Z,BOU,X,adjusted,channel,20474.917,nT
2026-04-10T13:51:00.000Z,BOU,X,adjusted,channel,20476.977,nT
2026-04-10T13:52:00.000Z,BOU,X,adjusted,channel,20478.044,nT
2026-04-10T13:53:00.000Z,BOU,X,adjusted,channel,20476.272,nT
2026-04-10T13:54:00.000Z,BOU,X,adjusted,channel,20475.578,nT
2026-04-10T13:55:00.000Z,BOU,X,adjusted,channel,20475.714,nT
2026-04-10T13:56:00.000Z,BOU,X,adjusted,channel,20475.505,nT
2026-04-10T13:57:00.000Z,BOU,X,adjusted,channel,20474.758,nT
2026-04-10T13:58:00.000Z,BOU,X,adjusted,channel,20474.629,nT
2026-04-10T13:59:00.000Z,BOU,X,adjusted,channel,20473.588,nT
2026-04-10T14:00:00.000Z,BOU,X,adjusted,channel,20473.456,nT
2026-04-10T14:01:00.000Z,BOU,X,adjusted,channel,20473.589,nT
2026-04-10T14:02:00.000Z,BOU,X,adjusted,channel,20472.203,nT
2026-04-10T14:03:00.000Z,BOU,X,adjusted,channel,20471.125,nT
2026-04-10T14:04:00.000Z,BOU,X,adjusted,channel,20469.932,nT
2026-04-10T14:05:00.000Z,BOU,X,adjusted,channel,20469.345,nT
2026-04-10T14:06:00.000Z,BOU,X,adjusted,channel,20469.104,nT
2026-04-10T14:07:00.000Z,BOU,X,adjusted,channel,20467.986,nT
2026-04-10T14:08:00.000Z,BOU,X,adjusted,channel,20467.903,nT
2026-04-10T14:09:00.000Z,BOU,X,adjusted,channel,20468.352,nT
2026-04-10T14:10:00.000Z,BOU,X,adjusted,channel,20467.953,nT
2026-04-10T14:11:00.000Z,BOU,X,adjusted,channel,20466.524,nT
2026-04-10T14:12:00.000Z,BOU,X,adjusted,channel,20466.808,nT
2026-04-10T14:13:00.000Z,BOU,X,adjusted,channel,20468.333,nT
2026-04-10T14:14:00.000Z,BOU,X,adjusted,channel,20468.925,nT
2026-04-10T14:15:00.000Z,BOU,X,adjusted,channel,20470.077,nT
2026-04-10T14:16:00.000Z,BOU,X,adjusted,channel,20472.33,nT
2026-04-10T14:17:00.000Z,BOU,X,adjusted,channel,20473.943,nT
2026-04-10T14:18:00.000Z,BOU,X,adjusted,channel,20475.298,nT
2026-04-10T14:19:00.000Z,BOU,X,adjusted,channel,20477.258,nT
2026-04-10T14:20:00.000Z,BOU,X,adjusted,channel,20479.068,nT
2026-04-10T14:21:00.000Z,BOU,X,adjusted,channel,20481.375,nT
2026-04-10T14:22:00.000Z,BOU,X,adjusted,channel,20483.849,nT
2026-04-10T14:23:00.000Z,BOU,X,adjusted,channel,20486.032,nT
2026-04-10T14:24:00.000Z,BOU,X,adjusted,channel,20487.71,nT
2026-04-10T14:25:00.000Z,BOU,X,adjusted,channel,20490.187,nT
2026-04-10T14:26:00.000Z,BOU,X,adjusted,channel,20491.829,nT
2026-04-10T14:27:00.000Z,BOU,X,adjusted,channel,20493.748,nT
2026-04-10T14:28:00.000Z,BOU,X,adjusted,channel,20494.677,nT
2026-04-10T14:29:00.000Z,BOU,X,adjusted,channel,20496.175,nT
2026-04-10T14:30:00.000Z,BOU,X,adjusted,channel,20497.725,nT
2026-04-10T14:31:00.000Z,BOU,X,adjusted,channel,20498.986,nT
2026-04-10T14:32:00.000Z,BOU,X,adjusted,channel,20499.896,nT
2026-04-10T14:33:00.000Z,BOU,X,adjusted,channel,20500.113,nT
2026-04-10T14:34:00.000Z,BOU,X,adjusted,channel,20501.959,nT
2026-04-10T14:35:00.000Z,BOU,X,adjusted,channel,20503.297,nT
2026-04-10T14:36:00.000Z,BOU,X,adjusted,channel,20503.924,nT
2026-04-10T14:37:00.000Z,BOU,X,adjusted,channel,20505.073,nT
2026-04-10T14:38:00.000Z,BOU,X,adjusted,channel,20505.249,nT
2026-04-10T14:39:00.000Z,BOU,X,adjusted,channel,20505.34,nT
2026-04-10T14:40:00.000Z,BOU,X,adjusted,channel,20506.105,nT
2026-04-10T14:41:00.000Z,BOU,X,adjusted,channel,20507.122,nT
2026-04-10T14:42:00.000Z,BOU,X,adjusted,channel,20507.78,nT
2026-04-10T14:43:00.000Z,BOU,X,adjusted,channel,20508.75,nT
2026-04-10T14:44:00.000Z,BOU,X,adjusted,channel,20509.786,nT
2026-04-10T14:45:00.000Z,BOU,X,adjusted,channel,20510.282,nT
2026-04-10T14:46:00.000Z,BOU,X,adjusted,channel,20510.439,nT
2026-04-10T14:47:00.000Z,BOU,X,adjusted,channel,20509.803,nT
2026-04-10T14:48:00.000Z,BOU,X,adjusted,channel,20509.452,nT
2026-04-10T14:49:00.000Z,BOU,X,adjusted,channel,20510.055,nT
2026-04-10T14:50:00.000Z,BOU,X,adjusted,channel,20510.37,nT
2026-04-10T14:51:00.000Z,BOU,X,adjusted,channel,20510.622,nT
2026-04-10T14:52:00.000Z,BOU,X,adjusted,channel,20511.67,nT
2026-04-10T14:53:00.000Z,BOU,X,adjusted,channel,20511.399,nT
2026-04-10T14:54:00.000Z,BOU,X,adjusted,channel,20511.423,nT
2026-04-10T14:55:00.000Z,BOU,X,adjusted,channel,20513.209,nT
2026-04-10T14:56:00.000Z,BOU,X,adjusted,channel,20514.59,nT
2026-04-10T14:57:00.000Z,BOU,X,adjusted,channel,20515.289,nT
2026-04-10T14:58:00.000Z,BOU,X,adjusted,channel,20514.234,nT
2026-04-10T14:59:00.000Z,BOU,X,adjusted,channel,20514.412,nT
2026-04-10T15:00:00.000Z,BOU,X,adjusted,channel,20516.674,nT
2026-04-10T15:01:00.000Z,BOU,X,adjusted,channel,20517.295,nT
2026-04-10T15:02:00.000Z,BOU,X,adjusted,channel,20513.672,nT
2026-04-10T15:03:00.000Z,BOU,X,adjusted,channel,20510.379,nT
2026-04-10T15:04:00.000Z,BOU,X,adjusted,channel,20501.462,nT
2026-04-10T15:05:00.000Z,BOU,X,adjusted,channel,20493.551,nT
2026-04-10T15:06:00.000Z,BOU,X,adjusted,channel,20496.264,nT
2026-04-10T15:07:00.000Z,BOU,X,adjusted,channel,20502.051,nT
2026-04-10T15:08:00.000Z,BOU,X,adjusted,channel,20501.762,nT
2026-04-10T15:09:00.000Z,BOU,X,adjusted,channel,20499.529,nT
2026-04-10T15:10:00.000Z,BOU,X,adjusted,channel,20498.975,nT
2026-04-10T15:11:00.000Z,BOU,X,adjusted,channel,20498.5,nT
2026-04-10T15:12:00.000Z,BOU,X,adjusted,channel,20497.038,nT
2026-04-10T15:13:00.000Z,BOU,X,adjusted,channel,20496.597,nT
2026-04-10T15:14:00.000Z,BOU,X,adjusted,channel,20496.522,nT
2026-04-10T15:15:00.000Z,BOU,X,adjusted,channel,20496.048,nT
2026-04-10T15:16:00.000Z,BOU,X,adjusted,channel,20496.081,nT
2026-04-10T15:17:00.000Z,BOU,X,adjusted,channel,20496.977,nT
2026-04-10T15:18:00.000Z,BOU,X,adjusted,channel,20497.948,nT
2026-04-10T15:19:00.000Z,BOU,X,adjusted,channel,20497.144,nT
2026-04-10T15:20:00.000Z,BOU,X,adjusted,channel,20496.462,nT
2026-04-10T15:21:00.000Z,BOU,X,adjusted,channel,20495.626,nT
2026-04-10T15:22:00.000Z,BOU,X,adjusted,channel,20495.343,nT
2026-04-10T15:23:00.000Z,BOU,X,adjusted,channel,20495.882,nT
2026-04-10T15:24:00.000Z,BOU,X,adjusted,channel,20495.789,nT
2026-04-10T15:25:00.000Z,BOU,X,adjusted,channel,20496.766,nT
2026-04-10T15:26:00.000Z,BOU,X,adjusted,channel,20497.758,nT
2026-04-10T15:27:00.000Z,BOU,X,adjusted,channel,20498.582,nT
2026-04-10T15:28:00.000Z,BOU,X,adjusted,channel,20499.54,nT
2026-04-10T15:29:00.000Z,BOU,X,adjusted,channel,20500.483,nT
2026-04-10T15:30:00.000Z,BOU,X,adjusted,channel,20501.087,nT
2026-04-10T15:31:00.000Z,BOU,X,adjusted,channel,20499.77,nT
2026-04-10T15:32:00.000Z,BOU,X,adjusted,channel,20499.511,nT
2026-04-10T15:33:00.000Z,BOU,X,adjusted,channel,20499.509,nT
2026-04-10T15:34:00.000Z,BOU,X,adjusted,channel,20499.162,nT
2026-04-10T15:35:00.000Z,BOU,X,adjusted,channel,20498.359,nT
2026-04-10T15:36:00.000Z,BOU,X,adjusted,channel,20497.458,nT
2026-04-10T15:37:00.000Z,BOU,X,adjusted,channel,20498.463,nT
2026-04-10T15:38:00.000Z,BOU,X,adjusted,channel,20499.304,nT
2026-04-10T15:39:00.000Z,BOU,X,adjusted,channel,20500.773,nT
2026-04-10T15:40:00.000Z,BOU,X,adjusted,channel,20501.119,nT
2026-04-10T15:41:00.000Z,BOU,X,adjusted,channel,20500.598,nT
2026-04-10T15:42:00.000Z,BOU,X,adjusted,channel,20500.022,nT
2026-04-10T15:43:00.000Z,BOU,X,adjusted,channel,20499.722,nT
2026-04-10T15:44:00.000Z,BOU,X,adjusted,channel,20499.336,nT
2026-04-10T15:45:00.000Z,BOU,X,adjusted,channel,20500.164,nT
2026-04-10T15:46:00.000Z,BOU,X,adjusted,channel,20501.2,nT
2026-04-10T15:47:00.000Z,BOU,X,adjusted,channel,20502.06,nT
2026-04-10T15:48:00.000Z,BOU,X,adjusted,channel,20502.23,nT
2026-04-10T15:49:00.000Z,BOU,X,adjusted,channel,20502.688,nT
2026-04-10T15:50:00.000Z,BOU,X,adjusted,channel,20503.625,nT
2026-04-10T15:51:00.000Z,BOU,X,adjusted,channel,20503.533,nT
2026-04-10T15:52:00.000Z,BOU,X,adjusted,channel,20502.829,nT
2026-04-10T15:53:00.000Z,BOU,X,adjusted,channel,20502.004,nT
2026-04-10T15:54:00.000Z,BOU,X,adjusted,channel,20501.71,nT
2026-04-10T15:55:00.000Z,BOU,X,adjusted,channel,20501.017,nT
2026-04-10T15:56:00.000Z,BOU,X,adjusted,channel,20500.019,nT
2026-04-10T15:57:00.000Z,BOU,X,adjusted,channel,20499.117,nT
2026-04-10T15:58:00.000Z,BOU,X,adjusted,channel,20500.421,nT
2026-04-10T15:59:00.000Z,BOU,X,adjusted,channel,20501.616,nT
2026-04-10T16:00:00.000Z,BOU,X,adjusted,channel,20501.519,nT
2026-04-10T16:01:00.000Z,BOU,X,adjusted,channel,20500.681,nT
2026-04-10T16:02:00.000Z,BOU,X,adjusted,channel,20499.583,nT
2026-04-10T16:03:00.000Z,BOU,X,adjusted,channel,20500.134,nT
2026-04-10T16:04:00.000Z,BOU,X,adjusted,channel,20499.238,nT
2026-04-10T16:05:00.000Z,BOU,X,adjusted,channel,20500.014,nT
2026-04-10T16:06:00.000Z,BOU,X,adjusted,channel,20500.73,nT
2026-04-10T16:07:00.000Z,BOU,X,adjusted,channel,20502.472,nT
2026-04-10T16:08:00.000Z,BOU,X,adjusted,channel,20499.961,nT
2026-04-10T16:09:00.000Z,BOU,X,adjusted,channel,20498.344,nT
2026-04-10T16:10:00.000Z,BOU,X,adjusted,channel,20496.358,nT
2026-04-10T16:11:00.000Z,BOU,X,adjusted,channel,20498.725,nT
2026-04-10T16:12:00.000Z,BOU,X,adjusted,channel,20499.259,nT
2026-04-10T16:13:00.000Z,BOU,X,adjusted,channel,20498.016,nT
2026-04-10T16:14:00.000Z,BOU,X,adjusted,channel,20496.443,nT
2026-04-10T16:15:00.000Z,BOU,X,adjusted,channel,20496.557,nT
2026-04-10T16:16:00.000Z,BOU,X,adjusted,channel,20496.535,nT
2026-04-10T16:17:00.000Z,BOU,X,adjusted,channel,20495.635,nT
2026-04-10T16:18:00.000Z,BOU,X,adjusted,channel,20495.2,nT
2026-04-10T16:19:00.000Z,BOU,X,adjusted,channel,20497.083,nT
2026-04-10T16:20:00.000Z,BOU,X,adjusted,channel,20499.16,nT
2026-04-10T16:21:00.000Z,BOU,X,adjusted,channel,20499.128,nT
2026-04-10T16:22:00.000Z,BOU,X,adjusted,channel,20495.987,nT
2026-04-10T16:23:00.000Z,BOU,X,adjusted,channel,20497.65,nT
2026-04-10T16:24:00.000Z,BOU,X,adjusted,channel,20500.579,nT
2026-04-10T16:25:00.000Z,BOU,X,adjusted,channel,20500.68,nT
2026-04-10T16:26:00.000Z,BOU,X,adjusted,channel,20497.477,nT
2026-04-10T16:27:00.000Z,BOU,X,adjusted,channel,20497.357,nT
2026-04-10T16:28:00.000Z,BOU,X,adjusted,channel,20495.608,nT
2026-04-10T16:29:00.000Z,BOU,X,adjusted,channel,20496.304,nT
2026-04-10T16:30:00.000Z,BOU,X,adjusted,channel,20497.146,nT
2026-04-10T16:31:00.000Z,BOU,X,adjusted,channel,20496.771,nT
2026-04-10T16:32:00.000Z,BOU,X,adjusted,channel,20496.145,nT
2026-04-10T16:33:00.000Z,BOU,X,adjusted,channel,20494.877,nT
2026-04-10T16:34:00.000Z,BOU,X,adjusted,channel,20494.193,nT
2026-04-10T16:35:00.000Z,BOU,X,adjusted,channel,20494.117,nT
2026-04-10T16:36:00.000Z,BOU,X,adjusted,channel,20494.353,nT
2026-04-10T16:37:00.000Z,BOU,X,adjusted,channel,20493.307,nT
2026-04-10T16:38:00.000Z,BOU,X,adjusted,channel,20492.131,nT
2026-04-10T16:39:00.000Z,BOU,X,adjusted,channel,20492.321,nT
2026-04-10T16:40:00.000Z,BOU,X,adjusted,channel,20492.253,nT
2026-04-10T16:41:00.000Z,BOU,X,adjusted,channel,20491.172,nT
2026-04-10T16:42:00.000Z,BOU,X,adjusted,channel,20488.593,nT
2026-04-10T16:43:00.000Z,BOU,X,adjusted,channel,20488.485,nT
2026-04-10T16:44:00.000Z,BOU,X,adjusted,channel,20488.602,nT
2026-04-10T16:45:00.000Z,BOU,X,adjusted,channel,20489.356,nT
2026-04-10T16:46:00.000Z,BOU,X,adjusted,channel,20498.297,nT
2026-04-10T16:47:00.000Z,BOU,X,adjusted,channel,20490.808,nT
2026-04-10T16:48:00.000Z,BOU,X,adjusted,channel,20489.652,nT
2026-04-10T16:49:00.000Z,BOU,X,adjusted,channel,20491.062,nT
2026-04-10T16:50:00.000Z,BOU,X,adjusted,channel,20492.59,nT
2026-04-10T16:51:00.000Z,BOU,X,adjusted,channel,20491.962,nT
2026-04-10T16:52:00.000Z,BOU,X,adjusted,channel,20490.636,nT
2026-04-10T16:53:00.000Z,BOU,X,adjusted,channel,20491.607,nT
2026-04-10T16:54:00.000Z,BOU,X,adjusted,channel,20492.235,nT
2026-04-10T16:55:00.000Z,BOU,X,adjusted,channel,20492.952,nT
2026-04-10T16:56:00.000Z,BOU,X,adjusted,channel,20494.134,nT
2026-04-10T16:57:00.000Z,BOU,X,adjusted,channel,20494.504,nT
2026-04-10T16:58:00.000Z,BOU,X,adjusted,channel,20493.761,nT
2026-04-10T16:59:00.000Z,BOU,X,adjusted,channel,20492.654,nT
2026-04-10T17:00:00.000Z,BOU,X,adjusted,channel,20492.74,nT
2026-04-10T17:01:00.000Z,BOU,X,adjusted,channel,20490.858,nT
2026-04-10T17:02:00.000Z,BOU,X,adjusted,channel,20491.225,nT
2026-04-10T17:03:00.000Z,BOU,X,adjusted,channel,20490.532,nT
2026-04-10T17:04:00.000Z,BOU,X,adjusted,channel,20491.025,nT
2026-04-10T17:05:00.000Z,BOU,X,adjusted,channel,20491.234,nT
2026-04-10T17:06:00.000Z,BOU,X,adjusted,channel,20490.801,nT
2026-04-10T17:07:00.000Z,BOU,X,adjusted,channel,20490.264,nT
2026-04-10T17:08:00.000Z,BOU,X,adjusted,channel,20490.351,nT
2026-04-10T17:09:00.000Z,BOU,X,adjusted,channel,20491.468,nT
2026-04-10T17:10:00.000Z,BOU,X,adjusted,channel,20492.248,nT
2026-04-10T17:11:00.000Z,BOU,X,adjusted,channel,20492.219,nT
2026-04-10T17:12:00.000Z,BOU,X,adjusted,channel,20492.396,nT
2026-04-10T17:13:00.000Z,BOU,X,adjusted,channel,20493.009,nT
2026-04-10T17:14:00.000Z,BOU,X,adjusted,channel,20491.363,nT
2026-04-10T17:15:00.000Z,BOU,X,adjusted,channel,20490.529,nT
2026-04-10T17:16:00.000Z,BOU,X,adjusted,channel,20491.091,nT
2026-04-10T17:17:00.000Z,BOU,X,adjusted,channel,20493.699,nT
2026-04-10T17:18:00.000Z,BOU,X,adjusted,channel,20495.26,nT
2026-04-10T17:19:00.000Z,BOU,X,adjusted,channel,20494.405,nT
2026-04-10T17:20:00.000Z,BOU,X,adjusted,channel,20491.538,nT
2026-04-10T17:21:00.000Z,BOU,X,adjusted,channel,20490.665,nT
2026-04-10T17:22:00.000Z,BOU,X,adjusted,channel,20491.186,nT
2026-04-10T17:23:00.000Z,BOU,X,adjusted,channel,20490.098,nT
2026-04-10T17:24:00.000Z,BOU,X,adjusted,channel,20489.816,nT
2026-04-10T17:25:00.000Z,BOU,X,adjusted,channel,20489.998,nT
2026-04-10T17:26:00.000Z,BOU,X,adjusted,channel,20489.025,nT
2026-04-10T17:27:00.000Z,BOU,X,adjusted,channel,20488.537,nT
2026-04-10T17:28:00.000Z,BOU,X,adjusted,channel,20489.175,nT
2026-04-10T17:29:00.000Z,BOU,X,adjusted,channel,20487.371,nT
2026-04-10T17:30:00.000Z,BOU,X,adjusted,channel,20484.445,nT
2026-04-10T17:31:00.000Z,BOU,X,adjusted,channel,20482.213,nT
2026-04-10T17:32:00.000Z,BOU,X,adjusted,channel,20481.347,nT
2026-04-10T17:33:00.000Z,BOU,X,adjusted,channel,20486.409,nT
2026-04-10T17:34:00.000Z,BOU,X,adjusted,channel,20488.463,nT
2026-04-10T17:35:00.000Z,BOU,X,adjusted,channel,20488.102,nT
2026-04-10T17:36:00.000Z,BOU,X,adjusted,channel,20485.817,nT
2026-04-10T17:37:00.000Z,BOU,X,adjusted,channel,20484.649,nT
2026-04-10T17:38:00.000Z,BOU,X,adjusted,channel,20484.997,nT
2026-04-10T17:39:00.000Z,BOU,X,adjusted,channel,20484.859,nT
2026-04-10T17:40:00.000Z,BOU,X,adjusted,channel,20484.747,nT
2026-04-10T17:41:00.000Z,BOU,X,adjusted,channel,20484.356,nT
2026-04-10T17:42:00.000Z,BOU,X,adjusted,channel,20483.957,nT
2026-04-10T17:43:00.000Z,BOU,X,adjusted,channel,20480.855,nT
2026-04-10T17:44:00.000Z,BOU,X,adjusted,channel,20477.754,nT
2026-04-10T17:45:00.000Z,BOU,X,adjusted,channel,20480.649,nT
2026-04-10T17:46:00.000Z,BOU,X,adjusted,channel,20483.395,nT
2026-04-10T17:47:00.000Z,BOU,X,adjusted,channel,20485.701,nT
2026-04-10T17:48:00.000Z,BOU,X,adjusted,channel,20485.533,nT
2026-04-10T17:49:00.000Z,BOU,X,adjusted,channel,20480.423,nT
2026-04-10T17:50:00.000Z,BOU,X,adjusted,channel,20482.169,nT
2026-04-10T17:51:00.000Z,BOU,X,adjusted,channel,20484.26,nT
2026-04-10T17:52:00.000Z,BOU,X,adjusted,channel,20483.644,nT
2026-04-10T17:53:00.000Z,BOU,X,adjusted,channel,20482.848,nT
2026-04-10T17:54:00.000Z,BOU,X,adjusted,channel,20480.784,nT
2026-04-10T17:55:00.000Z,BOU,X,adjusted,channel,20478.832,nT
2026-04-10T17:56:00.000Z,BOU,X,adjusted,channel,20477.098,nT
2026-04-10T17:57:00.000Z,BOU,X,adjusted,channel,20476.879,nT
2026-04-10T17:58:00.000Z,BOU,X,adjusted,channel,20476.307,nT
2026-04-10T17:59:00.000Z,BOU,X,adjusted,channel,20475.455,nT
2026-04-10T18:00:00.000Z,BOU,X,adjusted,channel,20473.941,nT
2026-04-10T18:01:00.000Z,BOU,X,adjusted,channel,20472.5,nT
2026-04-10T18:02:00.000Z,BOU,X,adjusted,channel,20472.728,nT
2026-04-10T18:03:00.000Z,BOU,X,adjusted,channel,20472.545,nT
2026-04-10T18:04:00.000Z,BOU,X,adjusted,channel,20471.698,nT
2026-04-10T18:05:00.000Z,BOU,X,adjusted,channel,20471.164,nT
2026-04-10T18:06:00.000Z,BOU,X,adjusted,channel,20472.273,nT
2026-04-10T18:07:00.000Z,BOU,X,adjusted,channel,20472.406,nT
2026-04-10T18:08:00.000Z,BOU,X,adjusted,channel,20469.974,nT
2026-04-10T18:09:00.000Z,BOU,X,adjusted,channel,20468.652,nT
2026-04-10T18:10:00.000Z,BOU,X,adjusted,channel,20467.923,nT
2026-04-10T18:11:00.000Z,BOU,X,adjusted,channel,20467.531,nT
2026-04-10T18:12:00.000Z,BOU,X,adjusted,channel,20469.292,nT
2026-04-10T18:13:00.000Z,BOU,X,adjusted,channel,20467.998,nT
2026-04-10T18:14:00.000Z,BOU,X,adjusted,channel,20467.696,nT
2026-04-10T18:15:00.000Z,BOU,X,adjusted,channel,20468.837,nT
2026-04-10T18:16:00.000Z,BOU,X,adjusted,channel,20469.574,nT
2026-04-10T18:17:00.000Z,BOU,X,adjusted,channel,20469.648,nT
2026-04-10T18:18:00.000Z,BOU,X,adjusted,channel,20467.977,nT
2026-04-10T18:19:00.000Z,BOU,X,adjusted,channel,20468.135,nT
2026-04-10T18:20:00.000Z,BOU,X,adjusted,channel,20468.878,nT
2026-04-10T18:21:00.000Z,BOU,X,adjusted,channel,20468.744,nT
2026-04-10T18:22:00.000Z,BOU,X,adjusted,channel,20469.902,nT
2026-04-10T18:23:00.000Z,BOU,X,adjusted,channel,20469.625,nT
2026-04-10T18:24:00.000Z,BOU,X,adjusted,channel,20468.766,nT
2026-04-10T18:25:00.000Z,BOU,X,adjusted,channel,20468.84,nT
2026-04-10T18:26:00.000Z,BOU,X,adjusted,channel,20468.844,nT
2026-04-10T18:27:00.000Z,BOU,X,adjusted,channel,20468.9,nT
2026-04-10T18:28:00.000Z,BOU,X,adjusted,channel,20470.631,nT
2026-04-10T18:29:00.000Z,BOU,X,adjusted,channel,20470.871,nT
2026-04-10T18:30:00.000Z,BOU,X,adjusted,channel,20470.8,nT
2026-04-10T18:31:00.000Z,BOU,X,adjusted,channel,20470.353,nT
2026-04-10T18:32:00.000Z,BOU,X,adjusted,channel,20472.184,nT
2026-04-10T18:33:00.000Z,BOU,X,adjusted,channel,20471.361,nT
2026-04-10T18:34:00.000Z,BOU,X,adjusted,channel,20471.412,nT
2026-04-10T18:35:00.000Z,BOU,X,adjusted,channel,20470.583,nT
2026-04-10T18:36:00.000Z,BOU,X,adjusted,channel,20469.083,nT
2026-04-10T18:37:00.000Z,BOU,X,adjusted,channel,20468.606,nT
2026-04-10T18:38:00.000Z,BOU,X,adjusted,channel,20469.21,nT
2026-04-10T18:39:00.000Z,BOU,X,adjusted,channel,20469.514,nT
2026-04-10T18:40:00.000Z,BOU,X,adjusted,channel,20468.851,nT
2026-04-10T18:41:00.000Z,BOU,X,adjusted,channel,20469.473,nT
2026-04-10T18:42:00.000Z,BOU,X,adjusted,channel,20468.051,nT
2026-04-10T18:43:00.000Z,BOU,X,adjusted,channel,20467.634,nT
2026-04-10T18:44:00.000Z,BOU,X,adjusted,channel,20467.404,nT
2026-04-10T18:45:00.000Z,BOU,X,adjusted,channel,20467.295,nT
2026-04-10T18:46:00.000Z,BOU,X,adjusted,channel,20469.157,nT
2026-04-10T18:47:00.000Z,BOU,X,adjusted,channel,20467.353,nT
2026-04-10T18:48:00.000Z,BOU,X,adjusted,channel,20466.526,nT
2026-04-10T18:49:00.000Z,BOU,X,adjusted,channel,20466.787,nT
2026-04-10T18:50:00.000Z,BOU,X,adjusted,channel,20467.124,nT
2026-04-10T18:51:00.000Z,BOU,X,adjusted,channel,20464.423,nT
2026-04-10T18:52:00.000Z,BOU,X,adjusted,channel,20465.633,nT
2026-04-10T18:53:00.000Z,BOU,X,adjusted,channel,20464.941,nT
2026-04-10T18:54:00.000Z,BOU,X,adjusted,channel,20462.87,nT
2026-04-10T18:55:00.000Z,BOU,X,adjusted,channel,20462.158,nT
2026-04-10T18:56:00.000Z,BOU,X,adjusted,channel,20463.088,nT
2026-04-10T18:57:00.000Z,BOU,X,adjusted,channel,20463.324,nT
2026-04-10T18:58:00.000Z,BOU,X,adjusted,channel,20464.467,nT
2026-04-10T18:59:00.000Z,BOU,X,adjusted,channel,20463.852,nT
2026-04-10T19:00:00.000Z,BOU,X,adjusted,channel,20460.489,nT
2026-04-10T19:01:00.000Z,BOU,X,adjusted,channel,20460.872,nT
2026-04-10T19:02:00.000Z,BOU,X,adjusted,channel,20461.423,nT
2026-04-10T19:03:00.000Z,BOU,X,adjusted,channel,20459.427,nT
2026-04-10T19:04:00.000Z,BOU,X,adjusted,channel,20460.564,nT
2026-04-10T19:05:00.000Z,BOU,X,adjusted,channel,20461.142,nT
2026-04-10T19:06:00.000Z,BOU,X,adjusted,channel,20460.426,nT
2026-04-10T19:07:00.000Z,BOU,X,adjusted,channel,20458.484,nT
2026-04-10T19:08:00.000Z,BOU,X,adjusted,channel,20459.789,nT
2026-04-10T19:09:00.000Z,BOU,X,adjusted,channel,20464.149,nT
2026-04-10T19:10:00.000Z,BOU,X,adjusted,channel,20465.263,nT
2026-04-10T19:11:00.000Z,BOU,X,adjusted,channel,20464.739,nT
2026-04-10T19:12:00.000Z,BOU,X,adjusted,channel,20464.501,nT
2026-04-10T19:13:00.000Z,BOU,X,adjusted,channel,20464.561,nT
2026-04-10T19:14:00.000Z,BOU,X,adjusted,channel,20465.388,nT
2026-04-10T19:15:00.000Z,BOU,X,adjusted,channel,20466.135,nT
2026-04-10T19:16:00.000Z,BOU,X,adjusted,channel,20465.685,nT
2026-04-10T19:17:00.000Z,BOU,X,adjusted,channel,20465.585,nT
2026-04-10T19:18:00.000Z,BOU,X,adjusted,channel,20466.459,nT
2026-04-10T19:19:00.000Z,BOU,X,adjusted,channel,20466.737,nT
2026-04-10T19:20:00.000Z,BOU,X,adjusted,channel,20467.159,nT
2026-04-10T19:21:00.000Z,BOU,X,adjusted,channel,20467.801,nT
2026-04-10T19:22:00.000Z,BOU,X,adjusted,channel,20467.497,nT
2026-04-10T19:23:00.000Z,BOU,X,adjusted,channel,20466.85,nT
2026-04-10T19:24:00.000Z,BOU,X,adjusted,channel,20466.932,nT
2026-04-10T19:25:00.000Z,BOU,X,adjusted,channel,20466.779,nT
2026-04-10T19:26:00.000Z,BOU,X,adjusted,channel,20467.311,nT
2026-04-10T19:27:00.000Z,BOU,X,adjusted,channel,20467.856,nT
2026-04-10T19:28:00.000Z,BOU,X,adjusted,channel,20467.149,nT
2026-04-10T19:29:00.000Z,BOU,X,adjusted,channel,20467.812,nT
2026-04-10T19:30:00.000Z,BOU,X,adjusted,channel,20468.691,nT
2026-04-10T19:31:00.000Z,BOU,X,adjusted,channel,20469.708,nT
2026-04-10T19:32:00.000Z,BOU,X,adjusted,channel,20470.765,nT
2026-04-10T19:33:00.000Z,BOU,X,adjusted,channel,20470.5,nT
2026-04-10T19:34:00.000Z,BOU,X,adjusted,channel,20470.478,nT
2026-04-10T19:35:00.000Z,BOU,X,adjusted,channel,20470.793,nT
2026-04-10T19:36:00.000Z,BOU,X,adjusted,channel,20470.776,nT
2026-04-10T19:37:00.000Z,BOU,X,adjusted,channel,20470.365,nT
2026-04-10T19:38:00.000Z,BOU,X,adjusted,channel,20471.108,nT
2026-04-10T19:39:00.000Z,BOU,X,adjusted,channel,20470.445,nT
2026-04-10T19:40:00.000Z,BOU,X,adjusted,channel,20469.906,nT
2026-04-10T19:41:00.000Z,BOU,X,adjusted,channel,20470.088,nT
2026-04-10T19:42:00.000Z,BOU,X,adjusted,channel,20470.218,nT
2026-04-10T19:43:00.000Z,BOU,X,adjusted,channel,20471.016,nT
2026-04-10T19:44:00.000Z,BOU,X,adjusted,channel,20471.712,nT
2026-04-10T19:45:00.000Z,BOU,X,adjusted,channel,20472.878,nT
2026-04-10T19:46:00.000Z,BOU,X,adjusted,channel,20473.02,nT
2026-04-10T19:47:00.000Z,BOU,X,adjusted,channel,20472.86,nT
2026-04-10T19:48:00.000Z,BOU,X,adjusted,channel,20472.398,nT
2026-04-10T19:49:00.000Z,BOU,X,adjusted,channel,20471.874,nT
2026-04-10T19:50:00.000Z,BOU,X,adjusted,channel,20471.164,nT
2026-04-10T19:51:00.000Z,BOU,X,adjusted,channel,20468.684,nT
2026-04-10T19:52:00.000Z,BOU,X,adjusted,channel,20469.078,nT
2026-04-10T19:53:00.000Z,BOU,X,adjusted,channel,20472.002,nT
2026-04-10T19:54:00.000Z,BOU,X,adjusted,channel,20472.558,nT
2026-04-10T19:55:00.000Z,BOU,X,adjusted,channel,20471.047,nT
2026-04-10T19:56:00.000Z,BOU,X,adjusted,channel,20469.725,nT
2026-04-10T19:57:00.000Z,BOU,X,adjusted,channel,20467.323,nT
2026-04-10T19:58:00.000Z,BOU,X,adjusted,channel,20466.446,nT
2026-04-10T19:59:00.000Z,BOU,X,adjusted,channel,20468.931,nT
2026-04-10T20:00:00.000Z,BOU,X,adjusted,channel,20472.369,nT
2026-04-10T20:01:00.000Z,BOU,X,adjusted,channel,20474.656,nT
2026-04-10T20:02:00.000Z,BOU,X,adjusted,channel,20475.446,nT
2026-04-10T20:03:00.000Z,BOU,X,adjusted,channel,20474.837,nT
2026-04-10T20:04:00.000Z,BOU,X,adjusted,channel,20472.786,nT
2026-04-10T20:05:00.000Z,BOU,X,adjusted,channel,20471.102,nT
2026-04-10T20:06:00.000Z,BOU,X,adjusted,channel,20471.049,nT
2026-04-10T20:07:00.000Z,BOU,X,adjusted,channel,20472.012,nT
2026-04-10T20:08:00.000Z,BOU,X,adjusted,channel,20473.678,nT
2026-04-10T20:09:00.000Z,BOU,X,adjusted,channel,20474.624,nT
2026-04-10T20:10:00.000Z,BOU,X,adjusted,channel,20475.55,nT
2026-04-10T20:11:00.000Z,BOU,X,adjusted,channel,20475.555,nT
2026-04-10T20:12:00.000Z,BOU,X,adjusted,channel,20474.872,nT
2026-04-10T20:13:00.000Z,BOU,X,adjusted,channel,20473.808,nT
2026-04-10T20:14:00.000Z,BOU,X,adjusted,channel,20473.552,nT
2026-04-10T20:15:00.000Z,BOU,X,adjusted,channel,20474.85,nT
2026-04-10T20:16:00.000Z,BOU,X,adjusted,channel,20476.738,nT
2026-04-10T20:17:00.000Z,BOU,X,adjusted,channel,20477.995,nT
2026-04-10T20:18:00.000Z,BOU,X,adjusted,channel,20476.879,nT
2026-04-10T20:19:00.000Z,BOU,X,adjusted,channel,20478.658,nT
2026-04-10T20:20:00.000Z,BOU,X,adjusted,channel,20479.878,nT
2026-04-10T20:21:00.000Z,BOU,X,adjusted,channel,20478.025,nT
2026-04-10T20:22:00.000Z,BOU,X,adjusted,channel,20475.41,nT
2026-04-10T20:23:00.000Z,BOU,X,adjusted,channel,20474.265,nT
2026-04-10T20:24:00.000Z,BOU,X,adjusted,channel,20475.229,nT
2026-04-10T20:25:00.000Z,BOU,X,adjusted,channel,20476.73,nT
2026-04-10T20:26:00.000Z,BOU,X,adjusted,channel,20479.371,nT
2026-04-10T20:27:00.000Z,BOU,X,adjusted,channel,20480.007,nT
2026-04-10T20:28:00.000Z,BOU,X,adjusted,channel,20479.029,nT
2026-04-10T20:29:00.000Z,BOU,X,adjusted,channel,20478.534,nT
2026-04-10T20:30:00.000Z,BOU,X,adjusted,channel,20478.121,nT
2026-04-10T20:31:00.000Z,BOU,X,adjusted,channel,20477.296,nT
2026-04-10T20:32:00.000Z,BOU,X,adjusted,channel,20475.764,nT
2026-04-10T20:33:00.000Z,BOU,X,adjusted,channel,20474.546,nT
2026-04-10T20:34:00.000Z,BOU,X,adjusted,channel,20474.742,nT
2026-04-10T20:35:00.000Z,BOU,X,adjusted,channel,20475.264,nT
2026-04-10T20:36:00.000Z,BOU,X,adjusted,channel,20475.097,nT
2026-04-10T20:37:00.000Z,BOU,X,adjusted,channel,20473.577,nT
2026-04-10T20:38:00.000Z,BOU,X,adjusted,channel,20472.259,nT
2026-04-10T20:39:00.000Z,BOU,X,adjusted,channel,20471.988,nT
2026-04-10T20:40:00.000Z,BOU,X,adjusted,channel,20471.065,nT
2026-04-10T20:41:00.000Z,BOU,X,adjusted,channel,20470.807,nT
2026-04-10T20:42:00.000Z,BOU,X,adjusted,channel,20472.004,nT
2026-04-10T20:43:00.000Z,BOU,X,adjusted,channel,20472.265,nT
2026-04-10T20:44:00.000Z,BOU,X,adjusted,channel,20472.167,nT
2026-04-10T20:45:00.000Z,BOU,X,adjusted,channel,20472.366,nT
2026-04-10T20:46:00.000Z,BOU,X,adjusted,channel,20472.61,nT
2026-04-10T20:47:00.000Z,BOU,X,adjusted,channel,20471.762,nT
2026-04-10T20:48:00.000Z,BOU,X,adjusted,channel,20471.475,nT
2026-04-10T20:49:00.000Z,BOU,X,adjusted,channel,20471.925,nT
2026-04-10T20:50:00.000Z,BOU,X,adjusted,channel,20471.318,nT
2026-04-10T20:51:00.000Z,BOU,X,adjusted,channel,20470.727,nT
2026-04-10T20:52:00.000Z,BOU,X,adjusted,channel,20470.447,nT
2026-04-10T20:53:00.000Z,BOU,X,adjusted,channel,20472.064,nT
2026-04-10T20:54:00.000Z,BOU,X,adjusted,channel,20471.782,nT
2026-04-10T20:55:00.000Z,BOU,X,adjusted,channel,20470.988,nT
2026-04-10T20:56:00.000Z,BOU,X,adjusted,channel,20472.893,nT
2026-04-10T20:57:00.000Z,BOU,X,adjusted,channel,20473.703,nT
2026-04-10T20:58:00.000Z,BOU,X,adjusted,channel,20472.785,nT
2026-04-10T20:59:00.000Z,BOU,X,adjusted,channel,20473.138,nT
2026-04-10T21:00:00.000Z,BOU,X,adjusted,channel,20473.373,nT
2026-04-10T21:01:00.000Z,BOU,X,adjusted,channel,20472.828,nT
2026-04-10T21:02:00.000Z,BOU,X,adjusted,channel,20472.126,nT
2026-04-10T21:03:00.000Z,BOU,X,adjusted,channel,20471.906,nT
2026-04-10T21:04:00.000Z,BOU,X,adjusted,channel,20472.24,nT
2026-04-10T21:05:00.000Z,BOU,X,adjusted,channel,20472.393,nT
2026-04-10T21:06:00.000Z,BOU,X,adjusted,channel,20473.786,nT
2026-04-10T21:07:00.000Z,BOU,X,adjusted,channel,20473.784,nT
2026-04-10T21:08:00.000Z,BOU,X,adjusted,channel,20471.563,nT
2026-04-10T21:09:00.000Z,BOU,X,adjusted,channel,20470.687,nT
2026-04-10T21:10:00.000Z,BOU,X,adjusted,channel,20469.608,nT
2026-04-10T21:11:00.000Z,BOU,X,adjusted,channel,20469.656,nT
2026-04-10T21:12:00.000Z,BOU,X,adjusted,channel,20469.702,nT
2026-04-10T21:13:00.000Z,BOU,X,adjusted,channel,20468.915,nT
2026-04-10T21:14:00.000Z,BOU,X,adjusted,channel,20468.708,nT
2026-04-10T21:15:00.000Z,BOU,X,adjusted,channel,20469.271,nT
2026-04-10T21:16:00.000Z,BOU,X,adjusted,channel,20469.939,nT
2026-04-10T21:17:00.000Z,BOU,X,adjusted,channel,20470.441,nT
2026-04-10T21:18:00.000Z,BOU,X,adjusted,channel,20471.025,nT
2026-04-10T21:19:00.000Z,BOU,X,adjusted,channel,20471.572,nT
2026-04-10T21:20:00.000Z,BOU,X,adjusted,channel,20472.739,nT
2026-04-10T21:21:00.000Z,BOU,X,adjusted,channel,20473.141,nT
2026-04-10T21:22:00.000Z,BOU,X,adjusted,channel,20474.186,nT
2026-04-10T21:23:00.000Z,BOU,X,adjusted,channel,20473.45,nT
2026-04-10T21:24:00.000Z,BOU,X,adjusted,channel,20473.459,nT
2026-04-10T21:25:00.000Z,BOU,X,adjusted,channel,20474.059,nT
2026-04-10T21:26:00.000Z,BOU,X,adjusted,channel,20474.413,nT
2026-04-10T21:27:00.000Z,BOU,X,adjusted,channel,20473.607,nT
2026-04-10T21:28:00.000Z,BOU,X,adjusted,channel,20472.622,nT
2026-04-10T21:29:00.000Z,BOU,X,adjusted,channel,20470.75,nT
2026-04-10T21:30:00.000Z,BOU,X,adjusted,channel,20470.46,nT
2026-04-10T21:31:00.000Z,BOU,X,adjusted,channel,20471.583,nT
2026-04-10T21:32:00.000Z,BOU,X,adjusted,channel,20473.24,nT
2026-04-10T21:33:00.000Z,BOU,X,adjusted,channel,20473.118,nT
2026-04-10T21:34:00.000Z,BOU,X,adjusted,channel,20472.359,nT
2026-04-10T21:35:00.000Z,BOU,X,adjusted,channel,20472.962,nT
2026-04-10T21:36:00.000Z,BOU,X,adjusted,channel,20474.501,nT
2026-04-10T21:37:00.000Z,BOU,X,adjusted,channel,20476.093,nT
2026-04-10T21:38:00.000Z,BOU,X,adjusted,channel,20476.965,nT
2026-04-10T21:39:00.000Z,BOU,X,adjusted,channel,20475.467,nT
2026-04-10T21:40:00.000Z,BOU,X,adjusted,channel,20473.318,nT
2026-04-10T21:41:00.000Z,BOU,X,adjusted,channel,20472.435,nT
2026-04-10T21:42:00.000Z,BOU,X,adjusted,channel,20471.631,nT
2026-04-10T21:43:00.000Z,BOU,X,adjusted,channel,20471.203,nT
2026-04-10T21:44:00.000Z,BOU,X,adjusted,channel,20470.696,nT
2026-04-10T21:45:00.000Z,BOU,X,adjusted,channel,20471.009,nT
2026-04-10T21:46:00.000Z,BOU,X,adjusted,channel,20471.557,nT
2026-04-10T21:47:00.000Z,BOU,X,adjusted,channel,20472.058,nT
2026-04-10T21:48:00.000Z,BOU,X,adjusted,channel,20472.781,nT
2026-04-10T21:49:00.000Z,BOU,X,adjusted,channel,20472.551,nT
2026-04-10T21:50:00.000Z,BOU,X,adjusted,channel,20472.989,nT
2026-04-10T21:51:00.000Z,BOU,X,adjusted,channel,20472.643,nT
2026-04-10T21:52:00.000Z,BOU,X,adjusted,channel,20472.668,nT
2026-04-10T21:53:00.000Z,BOU,X,adjusted,channel,20473.397,nT
2026-04-10T21:54:00.000Z,BOU,X,adjusted,channel,20473.498,nT
2026-04-10T21:55:00.000Z,BOU,X,adjusted,channel,20473.812,nT
2026-04-10T21:56:00.000Z,BOU,X,adjusted,channel,20473.701,nT
2026-04-10T21:57:00.000Z,BOU,X,adjusted,channel,20473.544,nT
2026-04-10T21:58:00.000Z,BOU,X,adjusted,channel,20472.942,nT
2026-04-10T21:59:00.000Z,BOU,X,adjusted,channel,20471.909,nT
2026-04-10T22:00:00.000Z,BOU,X,adjusted,channel,20471.327,nT
2026-04-10T22:01:00.000Z,BOU,X,adjusted,channel,20471.321,nT
2026-04-10T22:02:00.000Z,BOU,X,adjusted,channel,20471.409,nT
2026-04-10T22:03:00.000Z,BOU,X,adjusted,channel,20472.114,nT
2026-04-10T22:04:00.000Z,BOU,X,adjusted,channel,20473.276,nT
2026-04-10T22:05:00.000Z,BOU,X,adjusted,channel,20474.085,nT
2026-04-10T22:06:00.000Z,BOU,X,adjusted,channel,20474.311,nT
2026-04-10T22:07:00.000Z,BOU,X,adjusted,channel,20474.505,nT
2026-04-10T22:08:00.000Z,BOU,X,adjusted,channel,20474.478,nT
2026-04-10T22:09:00.000Z,BOU,X,adjusted,channel,20474.506,nT
2026-04-10T22:10:00.000Z,BOU,X,adjusted,channel,20474.486,nT
2026-04-10T22:11:00.000Z,BOU,X,adjusted,channel,20474.449,nT
2026-04-10T22:12:00.000Z,BOU,X,adjusted,channel,20474.332,nT
2026-04-10T22:13:00.000Z,BOU,X,adjusted,channel,20474.734,nT
2026-04-10T22:14:00.000Z,BOU,X,adjusted,channel,20475.454,nT
2026-04-10T22:15:00.000Z,BOU,X,adjusted,channel,20475.907,nT
2026-04-10T22:16:00.000Z,BOU,X,adjusted,channel,20475.552,nT
2026-04-10T22:17:00.000Z,BOU,X,adjusted,channel,20475.155,nT
2026-04-10T22:18:00.000Z,BOU,X,adjusted,channel,20475.147,nT
2026-04-10T22:19:00.000Z,BOU,X,adjusted,channel,20474.984,nT
2026-04-10T22:20:00.000Z,BOU,X,adjusted,channel,20475.555,nT
2026-04-10T22:21:00.000Z,BOU,X,adjusted,channel,20476.128,nT
2026-04-10T22:22:00.000Z,BOU,X,adjusted,channel,20476.214,nT
2026-04-10T22:23:00.000Z,BOU,X,adjusted,channel,20477.515,nT
2026-04-10T22:24:00.000Z,BOU,X,adjusted,channel,20478.418,nT
2026-04-10T22:25:00.000Z,BOU,X,adjusted,channel,20479.348,nT
2026-04-10T22:26:00.000Z,BOU,X,adjusted,channel,20479.816,nT
2026-04-10T22:27:00.000Z,BOU,X,adjusted,channel,20479.974,nT
2026-04-10T22:28:00.000Z,BOU,X,adjusted,channel,20480.772,nT
2026-04-10T22:29:00.000Z,BOU,X,adjusted,channel,20481.43,nT
2026-04-10T22:30:00.000Z,BOU,X,adjusted,channel,20482.074,nT
2026-04-10T22:31:00.000Z,BOU,X,adjusted,channel,20482.95,nT
2026-04-10T22:32:00.000Z,BOU,X,adjusted,channel,20484.002,nT
2026-04-10T22:33:00.000Z,BOU,X,adjusted,channel,20483.576,nT
2026-04-10T22:34:00.000Z,BOU,X,adjusted,channel,20483.505,nT
2026-04-10T22:35:00.000Z,BOU,X,adjusted,channel,20482.61,nT
2026-04-10T22:36:00.000Z,BOU,X,adjusted,channel,20482.741,nT
2026-04-10T22:37:00.000Z,BOU,X,adjusted,channel,20483.189,nT
2026-04-10T22:38:00.000Z,BOU,X,adjusted,channel,20483.459,nT
2026-04-10T22:39:00.000Z,BOU,X,adjusted,channel,20483.904,nT
2026-04-10T22:40:00.000Z,BOU,X,adjusted,channel,20484.585,nT
2026-04-10T22:41:00.000Z,BOU,X,adjusted,channel,20486.588,nT
2026-04-10T22:42:00.000Z,BOU,X,adjusted,channel,20485.644,nT
2026-04-10T22:43:00.000Z,BOU,X,adjusted,channel,20484.109,nT
2026-04-10T22:44:00.000Z,BOU,X,adjusted,channel,20483.069,nT
2026-04-10T22:45:00.000Z,BOU,X,adjusted,channel,20483.163,nT
2026-04-10T22:46:00.000Z,BOU,X,adjusted,channel,20483.737,nT
2026-04-10T22:47:00.000Z,BOU,X,adjusted,channel,20483.774,nT
2026-04-10T22:48:00.000Z,BOU,X,adjusted,channel,20483.281,nT
2026-04-10T22:49:00.000Z,BOU,X,adjusted,channel,20483.182,nT
2026-04-10T22:50:00.000Z,BOU,X,adjusted,channel,20482.943,nT
2026-04-10T22:51:00.000Z,BOU,X,adjusted,channel,20482.889,nT
2026-04-10T22:52:00.000Z,BOU,X,adjusted,channel,20483.063,nT
2026-04-10T22:53:00.000Z,BOU,X,adjusted,channel,20483.133,nT
2026-04-10T22:54:00.000Z,BOU,X,adjusted,channel,20482.961,nT
2026-04-10T22:55:00.000Z,BOU,X,adjusted,channel,20483.182,nT
2026-04-10T22:56:00.000Z,BOU,X,adjusted,channel,20483.594,nT
2026-04-10T22:57:00.000Z,BOU,X,adjusted,channel,20483.875,nT
2026-04-10T22:58:00.000Z,BOU,X,adjusted,channel,20483.934,nT
2026-04-10T22:59:00.000Z,BOU,X,adjusted,channel,20484.28,nT
2026-04-10T23:00:00.000Z,BOU,X,adjusted,channel,20484.857,nT
2026-04-10T23:01:00.000Z,BOU,X,adjusted,channel,20485.115,nT
2026-04-10T23:02:00.000Z,BOU,X,adjusted,channel,20484.841,nT
2026-04-10T23:03:00.000Z,BOU,X,adjusted,channel,20484.706,nT
2026-04-10T23:04:00.000Z,BOU,X,adjusted,channel,20484.526,nT
2026-04-10T23:05:00.000Z,BOU,X,adjusted,channel,20484.724,nT
2026-04-10T23:06:00.000Z,BOU,X,adjusted,channel,20484.776,nT
2026-04-10T23:07:00.000Z,BOU,X,adjusted,channel,20485.114,nT
2026-04-10T23:08:00.000Z,BOU,X,adjusted,channel,20485.121,nT
2026-04-10T23:09:00.000Z,BOU,X,adjusted,channel,20485.225,nT
2026-04-10T23:10:00.000Z,BOU,X,adjusted,channel,20485.661,nT
2026-04-10T23:11:00.000Z,BOU,X,adjusted,channel,20485.984,nT
2026-04-10T23:12:00.000Z,BOU,X,adjusted,channel,20486.443,nT
2026-04-10T23:13:00.000Z,BOU,X,adjusted,channel,20486.304,nT
2026-04-10T23:14:00.000Z,BOU,X,adjusted,channel,20486.25,nT
2026-04-10T23:15:00.000Z,BOU,X,adjusted,channel,20486.374,nT
2026-04-10T23:16:00.000Z,BOU,X,adjusted,channel,20486.792,nT
2026-04-10T23:17:00.000Z,BOU,X,adjusted,channel,20486.984,nT
2026-04-10T23:18:00.000Z,BOU,X,adjusted,channel,20487.395,nT
2026-04-10T23:19:00.000Z,BOU,X,adjusted,channel,20488.896,nT
2026-04-10T23:20:00.000Z,BOU,X,adjusted,channel,20489.441,nT
2026-04-10T23:21:00.000Z,BOU,X,adjusted,channel,20489.082,nT
2026-04-10T23:22:00.000Z,BOU,X,adjusted,channel,20488.984,nT
2026-04-10T23:23:00.000Z,BOU,X,adjusted,channel,20489.758,nT
2026-04-10T23:24:00.000Z,BOU,X,adjusted,channel,20490.618,nT
2026-04-10T23:25:00.000Z,BOU,X,adjusted,channel,20492.299,nT
2026-04-10T23:26:00.000Z,BOU,X,adjusted,channel,20493.844,nT
2026-04-10T23:27:00.000Z,BOU,X,adjusted,channel,20494.227,nT
2026-04-10T23:28:00.000Z,BOU,X,adjusted,channel,20494.512,nT
2026-04-10T23:29:00.000Z,BOU,X,adjusted,channel,20494.252,nT
2026-04-10T23:30:00.000Z,BOU,X,adjusted,channel,20493.58,nT
2026-04-10T23:31:00.000Z,BOU,X,adjusted,channel,20493.364,nT
2026-04-10T23:32:00.000Z,BOU,X,adjusted,channel,20493.26,nT
2026-04-10T23:33:00.000Z,BOU,X,adjusted,channel,20493.614,nT
2026-04-10T23:34:00.000Z,BOU,X,adjusted,channel,20494.056,nT
2026-04-10T23:35:00.000Z,BOU,X,adjusted,channel,20494.591,nT
2026-04-10T23:36:00.000Z,BOU,X,adjusted,channel,20495.924,nT
2026-04-10T23:37:00.000Z,BOU,X,adjusted,channel,20496.936,nT
2026-04-10T23:38:00.000Z,BOU,X,adjusted,channel,20497.649,nT
2026-04-10T23:39:00.000Z,BOU,X,adjusted,channel,20497.608,nT
2026-04-10T23:40:00.000Z,BOU,X,adjusted,channel,20496.925,nT
2026-04-10T23:41:00.000Z,BOU,X,adjusted,channel,20496.092,nT
2026-04-10T23:42:00.000Z,BOU,X,adjusted,channel,20495.971,nT
2026-04-10T23:43:00.000Z,BOU,X,adjusted,channel,20496.005,nT
2026-04-10T23:44:00.000Z,BOU,X,adjusted,channel,20495.781,nT
2026-04-10T23:45:00.000Z,BOU,X,adjusted,channel,20495.565,nT
2026-04-10T23:46:00.000Z,BOU,X,adjusted,channel,20495.412,nT
2026-04-10T23:47:00.000Z,BOU,X,adjusted,channel,20495.446,nT
2026-04-10T23:48:00.000Z,BOU,X,adjusted,channel,20495.686,nT
2026-04-10T23:49:00.000Z,BOU,X,adjusted,channel,20496.131,nT
2026-04-10T23:50:00.000Z,BOU,X,adjusted,channel,20496.736,nT
2026-04-10T23:51:00.000Z,BOU,X,adjusted,channel,20497.266,nT
2026-04-10T23:52:00.000Z,BOU,X,adjusted,channel,20497.503,nT
2026-04-10T23:53:00.000Z,BOU,X,adjusted,channel,20497.396,nT
2026-04-10T23:54:00.000Z,BOU,X,adjusted,channel,20497.306,nT
2026-04-10T23:55:00.000Z,BOU,X,adjusted,channel,20497.361,nT
2026-04-10T23:56:00.000Z,BOU,X,adjusted,channel,20496.938,nT
2026-04-10T23:57:00.000Z,BOU,X,adjusted,channel,20496.576,nT
2026-04-10T23:58:00.000Z,BOU,X,adjusted,channel,20495.982,nT
2026-04-10T23:59:00.000Z,BOU,X,adjusted,channel,20495.206,nT
2026-04-11T00:00:00.000Z,BOU,X,adjusted,channel,20494.423,nT
2026-04-11T00:01:00.000Z,BOU,X,adjusted,channel,20493.993,nT
2026-04-11T00:02:00.000Z,BOU,X,adjusted,channel,20494.084,nT
2026-04-11T00:03:00.000Z,BOU,X,adjusted,channel,20493.069,nT
2026-04-11T00:04:00.000Z,BOU,X,adjusted,channel,20492.001,nT
2026-04-11T00:05:00.000Z,BOU,X,adjusted,channel,20491.579,nT
2026-04-11T00:06:00.000Z,BOU,X,adjusted,channel,20491.64,nT
2026-04-11T00:07:00.000Z,BOU,X,adjusted,channel,20491.525,nT
2026-04-11T00:08:00.000Z,BOU,X,adjusted,channel,20491.487,nT
2026-04-11T00:09:00.000Z,BOU,X,adjusted,channel,20491.317,nT
2026-04-11T00:10:00.000Z,BOU,X,adjusted,channel,20491.359,nT
2026-04-11T00:11:00.000Z,BOU,X,adjusted,channel,20491.734,nT
2026-04-11T00:12:00.000Z,BOU,X,adjusted,channel,20492.178,nT
2026-04-11T00:13:00.000Z,BOU,X,adjusted,channel,20493.237,nT
2026-04-11T00:14:00.000Z,BOU,X,adjusted,channel,20494.168,nT
2026-04-11T00:15:00.000Z,BOU,X,adjusted,channel,20495.686,nT
2026-04-11T00:16:00.000Z,BOU,X,adjusted,channel,20497.796,nT
2026-04-11T00:17:00.000Z,BOU,X,adjusted,channel,20498.217,nT
2026-04-11T00:18:00.000Z,BOU,X,adjusted,channel,20497.818,nT
2026-04-11T00:19:00.000Z,BOU,X,adjusted,channel,20497.675,nT
2026-04-11T00:20:00.000Z,BOU,X,adjusted,channel,20497.04,nT
2026-04-11T00:21:00.000Z,BOU,X,adjusted,channel,20496.936,nT
2026-04-11T00:22:00.000Z,BOU,X,adjusted,channel,20497.281,nT
2026-04-11T00:23:00.000Z,BOU,X,adjusted,channel,20496.969,nT
2026-04-11T00:24:00.000Z,BOU,X,adjusted,channel,20496.43,nT
2026-04-11T00:25:00.000Z,BOU,X,adjusted,channel,20496.355,nT
2026-04-11T00:26:00.000Z,BOU,X,adjusted,channel,20496.506,nT
2026-04-11T00:27:00.000Z,BOU,X,adjusted,channel,20496.674,nT
2026-04-11T00:28:00.000Z,BOU,X,adjusted,channel,20497.049,nT
2026-04-11T00:29:00.000Z,BOU,X,adjusted,channel,20497.065,nT
2026-04-11T00:30:00.000Z,BOU,X,adjusted,channel,20497.264,nT
2026-04-11T00:31:00.000Z,BOU,X,adjusted,channel,20497.698,nT
2026-04-11T00:32:00.000Z,BOU,X,adjusted,channel,20497.834,nT
2026-04-11T00:33:00.000Z,BOU,X,adjusted,channel,20497.842,nT
2026-04-11T00:34:00.000Z,BOU,X,adjusted,channel,20497.978,nT
2026-04-11T00:35:00.000Z,BOU,X,adjusted,channel,20498.582,nT
2026-04-11T00:36:00.000Z,BOU,X,adjusted,channel,20497.87,nT
2026-04-11T00:37:00.000Z,BOU,X,adjusted,channel,20497.292,nT
2026-04-11T00:38:00.000Z,BOU,X,adjusted,channel,20497.742,nT
2026-04-11T00:39:00.000Z,BOU,X,adjusted,channel,20497.545,nT
2026-04-11T00:40:00.000Z,BOU,X,adjusted,channel,20497.457,nT
2026-04-11T00:41:00.000Z,BOU,X,adjusted,channel,20497.484,nT
2026-04-11T00:42:00.000Z,BOU,X,adjusted,channel,20497.713,nT
2026-04-11T00:43:00.000Z,BOU,X,adjusted,channel,20497.862,nT
2026-04-11T00:44:00.000Z,BOU,X,adjusted,channel,20498.057,nT
2026-04-11T00:45:00.000Z,BOU,X,adjusted,channel,20497.583,nT
2026-04-11T00:46:00.000Z,BOU,X,adjusted,channel,20497.049,nT
2026-04-11T00:47:00.000Z,BOU,X,adjusted,channel,20496.836,nT
2026-04-11T00:48:00.000Z,BOU,X,adjusted,channel,20496.654,nT
2026-04-11T00:49:00.000Z,BOU,X,adjusted,channel,20496.716,nT
2026-04-11T00:50:00.000Z,BOU,X,adjusted,channel,20496.681,nT
2026-04-11T00:51:00.000Z,BOU,X,adjusted,channel,20496.789,nT
2026-04-11T00:52:00.000Z,BOU,X,adjusted,channel,20497.2,nT
2026-04-11T00:53:00.000Z,BOU,X,adjusted,channel,20497.45,nT
2026-04-11T00:54:00.000Z,BOU,X,adjusted,channel,20497.795,nT
2026-04-11T00:55:00.000Z,BOU,X,adjusted,channel,20497.625,nT
2026-04-11T00:56:00.000Z,BOU,X,adjusted,channel,20497.13,nT
2026-04-11T00:57:00.000Z,BOU,X,adjusted,channel,20496.391,nT
2026-04-11T00:58:00.000Z,BOU,X,adjusted,channel,20495.643,nT
2026-04-11T00:59:00.000Z,BOU,X,adjusted,channel,20495.294,nT
2026-04-11T01:00:00.000Z,BOU,X,adjusted,channel,20495.648,nT
2026-04-11T01:01:00.000Z,BOU,X,adjusted,channel,20495.62,nT
2026-04-11T01:02:00.000Z,BOU,X,adjusted,channel,20496.358,nT
2026-04-11T01:03:00.000Z,BOU,X,adjusted,channel,20496.9,nT
2026-04-11T01:04:00.000Z,BOU,X,adjusted,channel,20497.054,nT
2026-04-11T01:05:00.000Z,BOU,X,adjusted,channel,20497.145,nT
2026-04-11T01:06:00.000Z,BOU,X,adjusted,channel,20497.157,nT
2026-04-11T01:07:00.000Z,BOU,X,adjusted,channel,20497.408,nT
2026-04-11T01:08:00.000Z,BOU,X,adjusted,channel,20497.333,nT
2026-04-11T01:09:00.000Z,BOU,X,adjusted,channel,20497.894,nT
2026-04-11T01:10:00.000Z,BOU,X,adjusted,channel,20498.443,nT
2026-04-11T01:11:00.000Z,BOU,X,adjusted,channel,20498.961,nT
2026-04-11T01:12:00.000Z,BOU,X,adjusted,channel,20498.566,nT
2026-04-11T01:13:00.000Z,BOU,X,adjusted,channel,20498.194,nT
2026-04-11T01:14:00.000Z,BOU,X,adjusted,channel,20497.662,nT
2026-04-11T01:15:00.000Z,BOU,X,adjusted,channel,20497.425,nT
2026-04-11T01:16:00.000Z,BOU,X,adjusted,channel,20497.061,nT
2026-04-11T01:17:00.000Z,BOU,X,adjusted,channel,20497.729,nT
2026-04-11T01:18:00.000Z,BOU,X,adjusted,channel,20498.198,nT
2026-04-11T01:19:00.000Z,BOU,X,adjusted,channel,20499.578,nT
2026-04-11T01:20:00.000Z,BOU,X,adjusted,channel,20500.409,nT
2026-04-11T01:21:00.000Z,BOU,X,adjusted,channel,20501.19,nT
2026-04-11T01:22:00.000Z,BOU,X,adjusted,channel,20501.155,nT
2026-04-11T01:23:00.000Z,BOU,X,adjusted,channel,20500.582,nT
2026-04-11T01:24:00.000Z,BOU,X,adjusted,channel,20499.9,nT
2026-04-11T01:25:00.000Z,BOU,X,adjusted,channel,20498.761,nT
2026-04-11T01:26:00.000Z,BOU,X,adjusted,channel,20499.524,nT
2026-04-11T01:27:00.000Z,BOU,X,adjusted,channel,20500.933,nT
2026-04-11T01:28:00.000Z,BOU,X,adjusted,channel,20502.056,nT
2026-04-11T01:29:00.000Z,BOU,X,adjusted,channel,20501.634,nT
2026-04-11T01:30:00.000Z,BOU,X,adjusted,channel,20501.315,nT
2026-04-11T01:31:00.000Z,BOU,X,adjusted,channel,20500.597,nT
2026-04-11T01:32:00.000Z,BOU,X,adjusted,channel,20499.287,nT
2026-04-11T01:33:00.000Z,BOU,X,adjusted,channel,20499.387,nT
2026-04-11T01:34:00.000Z,BOU,X,adjusted,channel,20500.59,nT
2026-04-11T01:35:00.000Z,BOU,X,adjusted,channel,20502.544,nT
2026-04-11T01:36:00.000Z,BOU,X,adjusted,channel,20504.641,nT
2026-04-11T01:37:00.000Z,BOU,X,adjusted,channel,20505.487,nT
2026-04-11T01:38:00.000Z,BOU,X,adjusted,channel,20505.259,nT
2026-04-11T01:39:00.000Z,BOU,X,adjusted,channel,20504.835,nT
2026-04-11T01:40:00.000Z,BOU,X,adjusted,channel,20504.356,nT
2026-04-11T01:41:00.000Z,BOU,X,adjusted,channel,20503.181,nT
2026-04-11T01:42:00.000Z,BOU,X,adjusted,channel,20501.481,nT
2026-04-11T01:43:00.000Z,BOU,X,adjusted,channel,20500.509,nT
2026-04-11T01:44:00.000Z,BOU,X,adjusted,channel,20500.406,nT
2026-04-11T01:45:00.000Z,BOU,X,adjusted,channel,20500.376,nT
2026-04-11T01:46:00.000Z,BOU,X,adjusted,channel,20500.134,nT
2026-04-11T01:47:00.000Z,BOU,X,adjusted,channel,20500.466,nT
2026-04-11T01:48:00.000Z,BOU,X,adjusted,channel,20500.586,nT
2026-04-11T01:49:00.000Z,BOU,X,adjusted,channel,20499.958,nT
2026-04-11T01:50:00.000Z,BOU,X,adjusted,channel,20499.261,nT
2026-04-11T01:51:00.000Z,BOU,X,adjusted,channel,20499.039,nT
2026-04-11T01:52:00.000Z,BOU,X,adjusted,channel,20497.701,nT
2026-04-11T01:53:00.000Z,BOU,X,adjusted,channel,20498.731,nT
2026-04-11T01:54:00.000Z,BOU,X,adjusted,channel,20499.766,nT
2026-04-11T01:55:00.000Z,BOU,X,adjusted,channel,20499.949,nT
2026-04-11T01:56:00.000Z,BOU,X,adjusted,channel,20499.848,nT
2026-04-11T01:57:00.000Z,BOU,X,adjusted,channel,20499.78,nT
2026-04-11T01:58:00.000Z,BOU,X,adjusted,channel,20499.446,nT
2026-04-11T01:59:00.000Z,BOU,X,adjusted,channel,20499.07,nT
2026-04-11T02:00:00.000Z,BOU,X,adjusted,channel,20499.06,nT
2026-04-11T02:01:00.000Z,BOU,X,adjusted,channel,20499.236,nT
2026-04-11T02:02:00.000Z,BOU,X,adjusted,channel,20498.955,nT
2026-04-11T02:03:00.000Z,BOU,X,adjusted,channel,20498.601,nT
2026-04-11T02:04:00.000Z,BOU,X,adjusted,channel,20498.55,nT
2026-04-11T02:05:00.000Z,BOU,X,adjusted,channel,20498.407,nT
2026-04-11T02:06:00.000Z,BOU,X,adjusted,channel,20498.405,nT
2026-04-11T02:07:00.000Z,BOU,X,adjusted,channel,20498.638,nT
2026-04-11T02:08:00.000Z,BOU,X,adjusted,channel,20499.263,nT
2026-04-11T02:09:00.000Z,BOU,X,adjusted,channel,20499.921,nT
2026-04-11T02:10:00.000Z,BOU,X,adjusted,channel,20500.149,nT
2026-04-11T02:11:00.000Z,BOU,X,adjusted,channel,20500.024,nT
2026-04-11T02:12:00.000Z,BOU,X,adjusted,channel,20500.035,nT
2026-04-11T02:13:00.000Z,BOU,X,adjusted,channel,20500.004,nT
2026-04-11T02:14:00.000Z,BOU,X,adjusted,channel,20499.905,nT
2026-04-11T02:15:00.000Z,BOU,X,adjusted,channel,20500.095,nT
2026-04-11T02:16:00.000Z,BOU,X,adjusted,channel,20500.015,nT
2026-04-11T02:17:00.000Z,BOU,X,adjusted,channel,20499.551,nT
2026-04-11T02:18:00.000Z,BOU,X,adjusted,channel,20499.164,nT
2026-04-11T02:19:00.000Z,BOU,X,adjusted,channel,20498.911,nT
2026-04-11T02:20:00.000Z,BOU,X,adjusted,channel,20498.658,nT
2026-04-11T02:21:00.000Z,BOU,X,adjusted,channel,20498.53,nT
2026-04-11T02:22:00.000Z,BOU,X,adjusted,channel,20498.384,nT
2026-04-11T02:23:00.000Z,BOU,X,adjusted,channel,20498.25,nT
2026-04-11T02:24:00.000Z,BOU,X,adjusted,channel,20498.053,nT
2026-04-11T02:25:00.000Z,BOU,X,adjusted,channel,20497.917,nT
2026-04-11T02:26:00.000Z,BOU,X,adjusted,channel,20498.688,nT
2026-04-11T02:27:00.000Z,BOU,X,adjusted,channel,20498.83,nT
2026-04-11T02:28:00.000Z,BOU,X,adjusted,channel,20499.076,nT
2026-04-11T02:29:00.000Z,BOU,X,adjusted,channel,20499.207,nT
2026-04-11T02:30:00.000Z,BOU,X,adjusted,channel,20499.005,nT
2026-04-11T02:31:00.000Z,BOU,X,adjusted,channel,20498.923,nT
2026-04-11T02:32:00.000Z,BOU,X,adjusted,channel,20499.547,nT
2026-04-11T02:33:00.000Z,BOU,X,adjusted,channel,20500.111,nT
2026-04-11T02:34:00.000Z,BOU,X,adjusted,channel,20500.503,nT
2026-04-11T02:35:00.000Z,BOU,X,adjusted,channel,20500.139,nT
2026-04-11T02:36:00.000Z,BOU,X,adjusted,channel,20499.686,nT
2026-04-11T02:37:00.000Z,BOU,X,adjusted,channel,20498.547,nT
2026-04-11T02:38:00.000Z,BOU,X,adjusted,channel,20498.354,nT
2026-04-11T02:39:00.000Z,BOU,X,adjusted,channel,20498.347,nT
2026-04-11T02:40:00.000Z,BOU,X,adjusted,channel,20498.441,nT
2026-04-11T02:41:00.000Z,BOU,X,adjusted,channel,20498.807,nT
2026-04-11T02:42:00.000Z,BOU,X,adjusted,channel,20499.216,nT
2026-04-11T02:43:00.000Z,BOU,X,adjusted,channel,20499.235,nT
2026-04-11T02:44:00.000Z,BOU,X,adjusted,channel,20499.481,nT
2026-04-11T02:45:00.000Z,BOU,X,adjusted,channel,20499.311,nT
2026-04-11T02:46:00.000Z,BOU,X,adjusted,channel,20499.48,nT
2026-04-11T02:47:00.000Z,BOU,X,adjusted,channel,20500.344,nT
2026-04-11T02:48:00.000Z,BOU,X,adjusted,channel,20501.02,nT
2026-04-11T02:49:00.000Z,BOU,X,adjusted,channel,20501.087,nT
2026-04-11T02:50:00.000Z,BOU,X,adjusted,channel,20501.819,nT
2026-04-11T02:51:00.000Z,BOU,X,adjusted,channel,20502.043,nT
2026-04-11T02:52:00.000Z,BOU,X,adjusted,channel,20501.768,nT
2026-04-11T02:53:00.000Z,BOU,X,adjusted,channel,20501.179,nT
2026-04-11T02:54:00.000Z,BOU,X,adjusted,channel,20500.578,nT
2026-04-11T02:55:00.000Z,BOU,X,adjusted,channel,20499.875,nT
2026-04-11T02:56:00.000Z,BOU,X,adjusted,channel,20498.774,nT
2026-04-11T02:57:00.000Z,BOU,X,adjusted,channel,20497.102,nT
2026-04-11T02:58:00.000Z,BOU,X,adjusted,channel,20495.559,nT
2026-04-11T02:59:00.000Z,BOU,X,adjusted,channel,20495.941,nT
2026-04-11T03:00:00.000Z,BOU,X,adjusted,channel,20496.518,nT
2026-04-11T03:01:00.000Z,BOU,X,adjusted,channel,20497.279,nT
2026-04-11T03:02:00.000Z,BOU,X,adjusted,channel,20497.662,nT
2026-04-11T03:03:00.000Z,BOU,X,adjusted,channel,20497.405,nT
2026-04-11T03:04:00.000Z,BOU,X,adjusted,channel,20497,nT
2026-04-11T03:05:00.000Z,BOU,X,adjusted,channel,20496.321,nT
2026-04-11T03:06:00.000Z,BOU,X,adjusted,channel,20494.826,nT
2026-04-11T03:07:00.000Z,BOU,X,adjusted,channel,20493.877,nT
2026-04-11T03:08:00.000Z,BOU,X,adjusted,channel,20493.365,nT
2026-04-11T03:09:00.000Z,BOU,X,adjusted,channel,20492.724,nT
2026-04-11T03:10:00.000Z,BOU,X,adjusted,channel,20492.347,nT
2026-04-11T03:11:00.000Z,BOU,X,adjusted,channel,20492.242,nT
2026-04-11T03:12:00.000Z,BOU,X,adjusted,channel,20492.236,nT
2026-04-11T03:13:00.000Z,BOU,X,adjusted,channel,20492.183,nT
2026-04-11T03:14:00.000Z,BOU,X,adjusted,channel,20491.968,nT
2026-04-11T03:15:00.000Z,BOU,X,adjusted,channel,20491.935,nT
2026-04-11T03:16:00.000Z,BOU,X,adjusted,channel,20491.697,nT
2026-04-11T03:17:00.000Z,BOU,X,adjusted,channel,20491.39,nT
2026-04-11T03:18:00.000Z,BOU,X,adjusted,channel,20490.643,nT
2026-04-11T03:19:00.000Z,BOU,X,adjusted,channel,20489.897,nT
2026-04-11T03:20:00.000Z,BOU,X,adjusted,channel,20489.111,nT
2026-04-11T03:21:00.000Z,BOU,X,adjusted,channel,20488.924,nT
2026-04-11T03:22:00.000Z,BOU,X,adjusted,channel,20488.955,nT
2026-04-11T03:23:00.000Z,BOU,X,adjusted,channel,20489.183,nT
2026-04-11T03:24:00.000Z,BOU,X,adjusted,channel,20489.372,nT
2026-04-11T03:25:00.000Z,BOU,X,adjusted,channel,20489.841,nT
2026-04-11T03:26:00.000Z,BOU,X,adjusted,channel,20490.317,nT
2026-04-11T03:27:00.000Z,BOU,X,adjusted,channel,20490.593,nT
2026-04-11T03:28:00.000Z,BOU,X,adjusted,channel,20490.489,nT
2026-04-11T03:29:00.000Z,BOU,X,adjusted,channel,20490.679,nT
2026-04-11T03:30:00.000Z,BOU,X,adjusted,channel,20490.871,nT
2026-04-11T03:31:00.000Z,BOU,X,adjusted,channel,20491.3,nT
2026-04-11T03:32:00.000Z,BOU,X,adjusted,channel,20491.271,nT
2026-04-11T03:33:00.000Z,BOU,X,adjusted,channel,20491.282,nT
2026-04-11T03:34:00.000Z,BOU,X,adjusted,channel,20491.502,nT
2026-04-11T03:35:00.000Z,BOU,X,adjusted,channel,20491.245,nT
2026-04-11T03:36:00.000Z,BOU,X,adjusted,channel,20490.485,nT
2026-04-11T03:37:00.000Z,BOU,X,adjusted,channel,20489.912,nT
2026-04-11T03:38:00.000Z,BOU,X,adjusted,channel,20489.249,nT
2026-04-11T03:39:00.000Z,BOU,X,adjusted,channel,20488.861,nT
2026-04-11T03:40:00.000Z,BOU,X,adjusted,channel,20488.376,nT
2026-04-11T03:41:00.000Z,BOU,X,adjusted,channel,20488.68,nT
2026-04-11T03:42:00.000Z,BOU,X,adjusted,channel,20488.084,nT
2026-04-11T03:43:00.000Z,BOU,X,adjusted,channel,20488.601,nT
2026-04-11T03:44:00.000Z,BOU,X,adjusted,channel,20488.668,nT
2026-04-11T03:45:00.000Z,BOU,X,adjusted,channel,20488.1,nT
2026-04-11T03:46:00.000Z,BOU,X,adjusted,channel,20487.24,nT
2026-04-11T03:47:00.000Z,BOU,X,adjusted,channel,20486.592,nT
2026-04-11T03:48:00.000Z,BOU,X,adjusted,channel,20486.558,nT
2026-04-11T03:49:00.000Z,BOU,X,adjusted,channel,20486.848,nT
2026-04-11T03:50:00.000Z,BOU,X,adjusted,channel,20487.352,nT
2026-04-11T03:51:00.000Z,BOU,X,adjusted,channel,20487.93,nT
2026-04-11T03:52:00.000Z,BOU,X,adjusted,channel,20488.375,nT
2026-04-11T03:53:00.000Z,BOU,X,adjusted,channel,20488.917,nT
2026-04-11T03:54:00.000Z,BOU,X,adjusted,channel,20489.646,nT
2026-04-11T03:55:00.000Z,BOU,X,adjusted,channel,20490.159,nT
2026-04-11T03:56:00.000Z,BOU,X,adjusted,channel,20490.099,nT
2026-04-11T03:57:00.000Z,BOU,X,adjusted,channel,20489.946,nT
2026-04-11T03:58:00.000Z,BOU,X,adjusted,channel,20490.167,nT
2026-04-11T03:59:00.000Z,BOU,X,adjusted,channel,20489.143,nT
2026-04-11T04:00:00.000Z,BOU,X,adjusted,channel,20488.222,nT
2026-04-11T04:01:00.000Z,BOU,X,adjusted,channel,20487.712,nT
2026-04-11T04:02:00.000Z,BOU,X,adjusted,channel,20487.648,nT
2026-04-11T04:03:00.000Z,BOU,X,adjusted,channel,20488.274,nT
2026-04-11T04:04:00.000Z,BOU,X,adjusted,channel,20488.982,nT
2026-04-11T04:05:00.000Z,BOU,X,adjusted,channel,20490.044,nT
2026-04-11T04:06:00.000Z,BOU,X,adjusted,channel,20490.833,nT
2026-04-11T04:07:00.000Z,BOU,X,adjusted,channel,20490.886,nT
2026-04-11T04:08:00.000Z,BOU,X,adjusted,channel,20490.812,nT
2026-04-11T04:09:00.000Z,BOU,X,adjusted,channel,20491.154,nT
2026-04-11T04:10:00.000Z,BOU,X,adjusted,channel,20491.073,nT
2026-04-11T04:11:00.000Z,BOU,X,adjusted,channel,20489.674,nT
2026-04-11T04:12:00.000Z,BOU,X,adjusted,channel,20487.363,nT
2026-04-11T04:13:00.000Z,BOU,X,adjusted,channel,20485.282,nT
2026-04-11T04:14:00.000Z,BOU,X,adjusted,channel,20484.452,nT
2026-04-11T04:15:00.000Z,BOU,X,adjusted,channel,20484.231,nT
2026-04-11T04:16:00.000Z,BOU,X,adjusted,channel,20484.895,nT
2026-04-11T04:17:00.000Z,BOU,X,adjusted,channel,20485.321,nT
2026-04-11T04:18:00.000Z,BOU,X,adjusted,channel,20485.549,nT
2026-04-11T04:19:00.000Z,BOU,X,adjusted,channel,20485.455,nT
2026-04-11T04:20:00.000Z,BOU,X,adjusted,channel,20484.748,nT
2026-04-11T04:21:00.000Z,BOU,X,adjusted,channel,20484.332,nT
2026-04-11T04:22:00.000Z,BOU,X,adjusted,channel,20484.365,nT
2026-04-11T04:23:00.000Z,BOU,X,adjusted,channel,20484.721,nT
2026-04-11T04:24:00.000Z,BOU,X,adjusted,channel,20485.715,nT
2026-04-11T04:25:00.000Z,BOU,X,adjusted,channel,20487.339,nT
2026-04-11T04:26:00.000Z,BOU,X,adjusted,channel,20487.736,nT
2026-04-11T04:27:00.000Z,BOU,X,adjusted,channel,20487.71,nT
2026-04-11T04:28:00.000Z,BOU,X,adjusted,channel,20488.144,nT
2026-04-11T04:29:00.000Z,BOU,X,adjusted,channel,20488.49,nT
2026-04-11T04:30:00.000Z,BOU,X,adjusted,channel,20489.121,nT
2026-04-11T04:31:00.000Z,BOU,X,adjusted,channel,20489.389,nT
2026-04-11T04:32:00.000Z,BOU,X,adjusted,channel,20489.07,nT
2026-04-11T04:33:00.000Z,BOU,X,adjusted,channel,20489.208,nT
2026-04-11T04:34:00.000Z,BOU,X,adjusted,channel,20489.311,nT
2026-04-11T04:35:00.000Z,BOU,X,adjusted,channel,20490.185,nT
2026-04-11T04:36:00.000Z,BOU,X,adjusted,channel,20490.834,nT
2026-04-11T04:37:00.000Z,BOU,X,adjusted,channel,20490.782,nT
2026-04-11T04:38:00.000Z,BOU,X,adjusted,channel,20490.558,nT
2026-04-11T04:39:00.000Z,BOU,X,adjusted,channel,20490.778,nT
2026-04-11T04:40:00.000Z,BOU,X,adjusted,channel,20491.414,nT
2026-04-11T04:41:00.000Z,BOU,X,adjusted,channel,20492.351,nT
2026-04-11T04:42:00.000Z,BOU,X,adjusted,channel,20493.413,nT
2026-04-11T04:43:00.000Z,BOU,X,adjusted,channel,20492.762,nT
2026-04-11T04:44:00.000Z,BOU,X,adjusted,channel,20492.536,nT
2026-04-11T04:45:00.000Z,BOU,X,adjusted,channel,20492.892,nT
2026-04-11T04:46:00.000Z,BOU,X,adjusted,channel,20493.595,nT
2026-04-11T04:47:00.000Z,BOU,X,adjusted,channel,20494.144,nT
2026-04-11T04:48:00.000Z,BOU,X,adjusted,channel,20493.649,nT
2026-04-11T04:49:00.000Z,BOU,X,adjusted,channel,20494.16,nT
2026-04-11T04:50:00.000Z,BOU,X,adjusted,channel,20495.521,nT
2026-04-11T04:51:00.000Z,BOU,X,adjusted,channel,20494.799,nT
2026-04-11T04:52:00.000Z,BOU,X,adjusted,channel,20495.645,nT
2026-04-11T04:53:00.000Z,BOU,X,adjusted,channel,20495.112,nT
2026-04-11T04:54:00.000Z,BOU,X,adjusted,channel,20494.736,nT
2026-04-11T04:55:00.000Z,BOU,X,adjusted,channel,20492.931,nT
2026-04-11T04:56:00.000Z,BOU,X,adjusted,channel,20492.778,nT
2026-04-11T04:57:00.000Z,BOU,X,adjusted,channel,20491.718,nT
2026-04-11T04:58:00.000Z,BOU,X,adjusted,channel,20490.396,nT
2026-04-11T04:59:00.000Z,BOU,X,adjusted,channel,20488.68,nT
2026-04-11T05:00:00.000Z,BOU,X,adjusted,channel,20488.276,nT
2026-04-11T05:01:00.000Z,BOU,X,adjusted,channel,20488.04,nT
2026-04-11T05:02:00.000Z,BOU,X,adjusted,channel,20487.648,nT
2026-04-11T05:03:00.000Z,BOU,X,adjusted,channel,20487.266,nT
2026-04-11T05:04:00.000Z,BOU,X,adjusted,channel,20486.731,nT
2026-04-11T05:05:00.000Z,BOU,X,adjusted,channel,20486.789,nT
2026-04-11T05:06:00.000Z,BOU,X,adjusted,channel,20486.845,nT
2026-04-11T05:07:00.000Z,BOU,X,adjusted,channel,20486.887,nT
2026-04-11T05:08:00.000Z,BOU,X,adjusted,channel,20486.973,nT
2026-04-11T05:09:00.000Z,BOU,X,adjusted,channel,20486.457,nT
2026-04-11T05:10:00.000Z,BOU,X,adjusted,channel,20486.151,nT
2026-04-11T05:11:00.000Z,BOU,X,adjusted,channel,20485.623,nT
2026-04-11T05:12:00.000Z,BOU,X,adjusted,channel,20485.491,nT
2026-04-11T05:13:00.000Z,BOU,X,adjusted,channel,20485.829,nT
2026-04-11T05:14:00.000Z,BOU,X,adjusted,channel,20485.23,nT
2026-04-11T05:15:00.000Z,BOU,X,adjusted,channel,20484.657,nT
2026-04-11T05:16:00.000Z,BOU,X,adjusted,channel,20484.097,nT
2026-04-11T05:17:00.000Z,BOU,X,adjusted,channel,20485.339,nT
2026-04-11T05:18:00.000Z,BOU,X,adjusted,channel,20486.626,nT
2026-04-11T05:19:00.000Z,BOU,X,adjusted,channel,20486.976,nT
2026-04-11T05:20:00.000Z,BOU,X,adjusted,channel,20487.225,nT
2026-04-11T05:21:00.000Z,BOU,X,adjusted,channel,20486.053,nT
2026-04-11T05:22:00.000Z,BOU,X,adjusted,channel,20483.684,nT
2026-04-11T05:23:00.000Z,BOU,X,adjusted,channel,20480.777,nT
2026-04-11T05:24:00.000Z,BOU,X,adjusted,channel,20478.136,nT
2026-04-11T05:25:00.000Z,BOU,X,adjusted,channel,20476.567,nT
2026-04-11T05:26:00.000Z,BOU,X,adjusted,channel,20475.158,nT
2026-04-11T05:27:00.000Z,BOU,X,adjusted,channel,20474.997,nT
2026-04-11T05:28:00.000Z,BOU,X,adjusted,channel,20475.301,nT
2026-04-11T05:29:00.000Z,BOU,X,adjusted,channel,20476.092,nT
2026-04-11T05:30:00.000Z,BOU,X,adjusted,channel,20476.179,nT
2026-04-11T05:31:00.000Z,BOU,X,adjusted,channel,20476.882,nT
2026-04-11T05:32:00.000Z,BOU,X,adjusted,channel,20477.235,nT
2026-04-11T05:33:00.000Z,BOU,X,adjusted,channel,20478.606,nT
2026-04-11T05:34:00.000Z,BOU,X,adjusted,channel,20479.644,nT
2026-04-11T05:35:00.000Z,BOU,X,adjusted,channel,20483.089,nT
2026-04-11T05:36:00.000Z,BOU,X,adjusted,channel,20486.95,nT
2026-04-11T05:37:00.000Z,BOU,X,adjusted,channel,20489.241,nT
2026-04-11T05:38:00.000Z,BOU,X,adjusted,channel,20493.255,nT
2026-04-11T05:39:00.000Z,BOU,X,adjusted,channel,20497.113,nT
2026-04-11T05:40:00.000Z,BOU,X,adjusted,channel,20499.9,nT
2026-04-11T05:41:00.000Z,BOU,X,adjusted,channel,20503.371,nT
2026-04-11T05:42:00.000Z,BOU,X,adjusted,channel,20506.277,nT
2026-04-11T05:43:00.000Z,BOU,X,adjusted,channel,20508.919,nT
2026-04-11T05:44:00.000Z,BOU,X,adjusted,channel,20511.916,nT
2026-04-11T05:45:00.000Z,BOU,X,adjusted,channel,20513.903,nT
2026-04-11T05:46:00.000Z,BOU,X,adjusted,channel,20516.169,nT
2026-04-11T05:47:00.000Z,BOU,X,adjusted,channel,20517.652,nT
2026-04-11T05:48:00.000Z,BOU,X,adjusted,channel,20519.065,nT
2026-04-11T05:49:00.000Z,BOU,X,adjusted,channel,20519.924,nT
2026-04-11T05:50:00.000Z,BOU,X,adjusted,channel,20520.104,nT
2026-04-11T05:51:00.000Z,BOU,X,adjusted,channel,20520.244,nT
2026-04-11T05:52:00.000Z,BOU,X,adjusted,channel,20520.563,nT
2026-04-11T05:53:00.000Z,BOU,X,adjusted,channel,20520.457,nT
2026-04-11T05:54:00.000Z,BOU,X,adjusted,channel,20519.709,nT
2026-04-11T05:55:00.000Z,BOU,X,adjusted,channel,20518.551,nT
2026-04-11T05:56:00.000Z,BOU,X,adjusted,channel,20517.18,nT
2026-04-11T05:57:00.000Z,BOU,X,adjusted,channel,20516.667,nT
2026-04-11T05:58:00.000Z,BOU,X,adjusted,channel,20515.574,nT
2026-04-11T05:59:00.000Z,BOU,X,adjusted,channel,20515.261,nT
2026-04-11T06:00:00.000Z,BOU,X,adjusted,channel,20514.499,nT
2026-04-11T06:01:00.000Z,BOU,X,adjusted,channel,20513.563,nT
2026-04-11T06:02:00.000Z,BOU,X,adjusted,channel,20512.345,nT
2026-04-11T06:03:00.000Z,BOU,X,adjusted,channel,20510.52,nT
2026-04-11T06:04:00.000Z,BOU,X,adjusted,channel,20510.273,nT
2026-04-11T06:05:00.000Z,BOU,X,adjusted,channel,20510.275,nT
2026-04-11T06:06:00.000Z,BOU,X,adjusted,channel,20509.973,nT
2026-04-11T06:07:00.000Z,BOU,X,adjusted,channel,20508.931,nT
2026-04-11T06:08:00.000Z,BOU,X,adjusted,channel,20508.276,nT
2026-04-11T06:09:00.000Z,BOU,X,adjusted,channel,20507.509,nT
2026-04-11T06:10:00.000Z,BOU,X,adjusted,channel,20506.84,nT
2026-04-11T06:11:00.000Z,BOU,X,adjusted,channel,20506.71,nT
2026-04-11T06:12:00.000Z,BOU,X,adjusted,channel,20505.898,nT
2026-04-11T06:13:00.000Z,BOU,X,adjusted,channel,20505.331,nT
2026-04-11T06:14:00.000Z,BOU,X,adjusted,channel,20504.668,nT
2026-04-11T06:15:00.000Z,BOU,X,adjusted,channel,20503.896,nT
2026-04-11T06:16:00.000Z,BOU,X,adjusted,channel,20503.549,nT
2026-04-11T06:17:00.000Z,BOU,X,adjusted,channel,20503.679,nT
2026-04-11T06:18:00.000Z,BOU,X,adjusted,channel,20502.977,nT
2026-04-11T06:19:00.000Z,BOU,X,adjusted,channel,20501.747,nT
2026-04-11T06:20:00.000Z,BOU,X,adjusted,channel,20501.29,nT
2026-04-11T06:21:00.000Z,BOU,X,adjusted,channel,20500.742,nT
2026-04-11T06:22:00.000Z,BOU,X,adjusted,channel,20501.211,nT
2026-04-11T06:23:00.000Z,BOU,X,adjusted,channel,20500.825,nT
2026-04-11T06:24:00.000Z,BOU,X,adjusted,channel,20501.004,nT
2026-04-11T06:25:00.000Z,BOU,X,adjusted,channel,20501.153,nT
2026-04-11T06:26:00.000Z,BOU,X,adjusted,channel,20500.86,nT
2026-04-11T06:27:00.000Z,BOU,X,adjusted,channel,20500.206,nT
2026-04-11T06:28:00.000Z,BOU,X,adjusted,channel,20500.146,nT
2026-04-11T06:29:00.000Z,BOU,X,adjusted,channel,20499.717,nT
2026-04-11T06:30:00.000Z,BOU,X,adjusted,channel,20499.718,nT
2026-04-11T06:31:00.000Z,BOU,X,adjusted,channel,20499.756,nT
2026-04-11T06:32:00.000Z,BOU,X,adjusted,channel,20500.273,nT
2026-04-11T06:33:00.000Z,BOU,X,adjusted,channel,20500.361,nT
2026-04-11T06:34:00.000Z,BOU,X,adjusted,channel,20500.807,nT
2026-04-11T06:35:00.000Z,BOU,X,adjusted,channel,20501.036,nT
2026-04-11T06:36:00.000Z,BOU,X,adjusted,channel,20500.862,nT
2026-04-11T06:37:00.000Z,BOU,X,adjusted,channel,20500.515,nT
2026-04-11T06:38:00.000Z,BOU,X,adjusted,channel,20499.423,nT
2026-04-11T06:39:00.000Z,BOU,X,adjusted,channel,20498.746,nT
2026-04-11T06:40:00.000Z,BOU,X,adjusted,channel,20497.786,nT
2026-04-11T06:41:00.000Z,BOU,X,adjusted,channel,20496.801,nT
2026-04-11T06:42:00.000Z,BOU,X,adjusted,channel,20495.533,nT
2026-04-11T06:43:00.000Z,BOU,X,adjusted,channel,20494.089,nT
2026-04-11T06:44:00.000Z,BOU,X,adjusted,channel,20492.479,nT
2026-04-11T06:45:00.000Z,BOU,X,adjusted,channel,20490.638,nT
2026-04-11T06:46:00.000Z,BOU,X,adjusted,channel,20489.395,nT
2026-04-11T06:47:00.000Z,BOU,X,adjusted,channel,20488.689,nT
2026-04-11T06:48:00.000Z,BOU,X,adjusted,channel,20488.942,nT
2026-04-11T06:49:00.000Z,BOU,X,adjusted,channel,20489.011,nT
2026-04-11T06:50:00.000Z,BOU,X,adjusted,channel,20488.353,nT
2026-04-11T06:51:00.000Z,BOU,X,adjusted,channel,20487.022,nT
2026-04-11T06:52:00.000Z,BOU,X,adjusted,channel,20485.651,nT
2026-04-11T06:53:00.000Z,BOU,X,adjusted,channel,20484.909,nT
2026-04-11T06:54:00.000Z,BOU,X,adjusted,channel,20483.835,nT
2026-04-11T06:55:00.000Z,BOU,X,adjusted,channel,20483.312,nT
2026-04-11T06:56:00.000Z,BOU,X,adjusted,channel,20483.622,nT
2026-04-11T06:57:00.000Z,BOU,X,adjusted,channel,20483.798,nT
2026-04-11T06:58:00.000Z,BOU,X,adjusted,channel,20484.331,nT
2026-04-11T06:59:00.000Z,BOU,X,adjusted,channel,20485.055,nT
2026-04-11T07:00:00.000Z,BOU,X,adjusted,channel,20485.498,nT
2026-04-11T07:01:00.000Z,BOU,X,adjusted,channel,20485.782,nT
2026-04-11T07:02:00.000Z,BOU,X,adjusted,channel,20485.388,nT
2026-04-11T07:03:00.000Z,BOU,X,adjusted,channel,20484.928,nT
2026-04-11T07:04:00.000Z,BOU,X,adjusted,channel,20484.65,nT
2026-04-11T07:05:00.000Z,BOU,X,adjusted,channel,20483.787,nT
2026-04-11T07:06:00.000Z,BOU,X,adjusted,channel,20482.752,nT
2026-04-11T07:07:00.000Z,BOU,X,adjusted,channel,20482.29,nT
2026-04-11T07:08:00.000Z,BOU,X,adjusted,channel,20481.673,nT
2026-04-11T07:09:00.000Z,BOU,X,adjusted,channel,20481.621,nT
2026-04-11T07:10:00.000Z,BOU,X,adjusted,channel,20481.556,nT
2026-04-11T07:11:00.000Z,BOU,X,adjusted,channel,20481.305,nT
2026-04-11T07:12:00.000Z,BOU,X,adjusted,channel,20480.785,nT
2026-04-11T07:13:00.000Z,BOU,X,adjusted,channel,20480.46,nT
2026-04-11T07:14:00.000Z,BOU,X,adjusted,channel,20481.065,nT
2026-04-11T07:15:00.000Z,BOU,X,adjusted,channel,20481.2,nT
2026-04-11T07:16:00.000Z,BOU,X,adjusted,channel,20481.496,nT
2026-04-11T07:17:00.000Z,BOU,X,adjusted,channel,20481.56,nT
2026-04-11T07:18:00.000Z,BOU,X,adjusted,channel,20481.104,nT
2026-04-11T07:19:00.000Z,BOU,X,adjusted,channel,20481.063,nT
2026-04-11T07:20:00.000Z,BOU,X,adjusted,channel,20481.421,nT
2026-04-11T07:21:00.000Z,BOU,X,adjusted,channel,20481.441,nT
2026-04-11T07:22:00.000Z,BOU,X,adjusted,channel,20481.503,nT
2026-04-11T07:23:00.000Z,BOU,X,adjusted,channel,20481.77,nT
2026-04-11T07:24:00.000Z,BOU,X,adjusted,channel,20482.433,nT
2026-04-11T07:25:00.000Z,BOU,X,adjusted,channel,20483.171,nT
2026-04-11T07:26:00.000Z,BOU,X,adjusted,channel,20483.78,nT
2026-04-11T07:27:00.000Z,BOU,X,adjusted,channel,20484.413,nT
2026-04-11T07:28:00.000Z,BOU,X,adjusted,channel,20485.237,nT
2026-04-11T07:29:00.000Z,BOU,X,adjusted,channel,20485.541,nT
2026-04-11T07:30:00.000Z,BOU,X,adjusted,channel,20485.467,nT
2026-04-11T07:31:00.000Z,BOU,X,adjusted,channel,20485.7,nT
2026-04-11T07:32:00.000Z,BOU,X,adjusted,channel,20486.141,nT
2026-04-11T07:33:00.000Z,BOU,X,adjusted,channel,20486.906,nT
2026-04-11T07:34:00.000Z,BOU,X,adjusted,channel,20487.563,nT
2026-04-11T07:35:00.000Z,BOU,X,adjusted,channel,20488.029,nT
2026-04-11T07:36:00.000Z,BOU,X,adjusted,channel,20488.294,nT
2026-04-11T07:37:00.000Z,BOU,X,adjusted,channel,20488.604,nT
2026-04-11T07:38:00.000Z,BOU,X,adjusted,channel,20488.578,nT
2026-04-11T07:39:00.000Z,BOU,X,adjusted,channel,20488.839,nT
2026-04-11T07:40:00.000Z,BOU,X,adjusted,channel,20489.38,nT
2026-04-11T07:41:00.000Z,BOU,X,adjusted,channel,20489.678,nT
2026-04-11T07:42:00.000Z,BOU,X,adjusted,channel,20490.196,nT
2026-04-11T07:43:00.000Z,BOU,X,adjusted,channel,20490.408,nT
2026-04-11T07:44:00.000Z,BOU,X,adjusted,channel,20490.448,nT
2026-04-11T07:45:00.000Z,BOU,X,adjusted,channel,20490.845,nT
2026-04-11T07:46:00.000Z,BOU,X,adjusted,channel,20491.224,nT
2026-04-11T07:47:00.000Z,BOU,X,adjusted,channel,20492.961,nT
2026-04-11T07:48:00.000Z,BOU,X,adjusted,channel,20495.076,nT
2026-04-11T07:49:00.000Z,BOU,X,adjusted,channel,20496.004,nT
2026-04-11T07:50:00.000Z,BOU,X,adjusted,channel,20496.686,nT
2026-04-11T07:51:00.000Z,BOU,X,adjusted,channel,20496.303,nT
2026-04-11T07:52:00.000Z,BOU,X,adjusted,channel,20495.731,nT
2026-04-11T07:53:00.000Z,BOU,X,adjusted,channel,20495.012,nT
2026-04-11T07:54:00.000Z,BOU,X,adjusted,channel,20494.077,nT
2026-04-11T07:55:00.000Z,BOU,X,adjusted,channel,20492.92,nT
2026-04-11T07:56:00.000Z,BOU,X,adjusted,channel,20491.681,nT
2026-04-11T07:57:00.000Z,BOU,X,adjusted,channel,20490.221,nT
2026-04-11T07:58:00.000Z,BOU,X,adjusted,channel,20489.008,nT
2026-04-11T07:59:00.000Z,BOU,X,adjusted,channel,20488.573,nT
2026-04-11T08:00:00.000Z,BOU,X,adjusted,channel,20488.123,nT
2026-04-11T08:01:00.000Z,BOU,X,adjusted,channel,20487.777,nT
2026-04-11T08:02:00.000Z,BOU,X,adjusted,channel,20487.582,nT
2026-04-11T08:03:00.000Z,BOU,X,adjusted,channel,20487.093,nT
2026-04-11T08:04:00.000Z,BOU,X,adjusted,channel,20487.068,nT
2026-04-11T08:05:00.000Z,BOU,X,adjusted,channel,20487.433,nT
2026-04-11T08:06:00.000Z,BOU,X,adjusted,channel,20487.705,nT
2026-04-11T08:07:00.000Z,BOU,X,adjusted,channel,20488.763,nT
2026-04-11T08:08:00.000Z,BOU,X,adjusted,channel,20489.023,nT
2026-04-11T08:09:00.000Z,BOU,X,adjusted,channel,20489.45,nT
2026-04-11T08:10:00.000Z,BOU,X,adjusted,channel,20489.544,nT
2026-04-11T08:11:00.000Z,BOU,X,adjusted,channel,20489.55,nT
2026-04-11T08:12:00.000Z,BOU,X,adjusted,channel,20489.808,nT
2026-04-11T08:13:00.000Z,BOU,X,adjusted,channel,20489.619,nT
2026-04-11T08:14:00.000Z,BOU,X,adjusted,channel,20488.963,nT
2026-04-11T08:15:00.000Z,BOU,X,adjusted,channel,20488.803,nT
2026-04-11T08:16:00.000Z,BOU,X,adjusted,channel,20488.448,nT
2026-04-11T08:17:00.000Z,BOU,X,adjusted,channel,20488.381,nT
2026-04-11T08:18:00.000Z,BOU,X,adjusted,channel,20488.317,nT
2026-04-11T08:19:00.000Z,BOU,X,adjusted,channel,20489.125,nT
2026-04-11T08:20:00.000Z,BOU,X,adjusted,channel,20489.171,nT
2026-04-11T08:21:00.000Z,BOU,X,adjusted,channel,20488.877,nT
2026-04-11T08:22:00.000Z,BOU,X,adjusted,channel,20489.239,nT
2026-04-11T08:23:00.000Z,BOU,X,adjusted,channel,20489.629,nT
2026-04-11T08:24:00.000Z,BOU,X,adjusted,channel,20489.914,nT
2026-04-11T08:25:00.000Z,BOU,X,adjusted,channel,20489.881,nT
2026-04-11T08:26:00.000Z,BOU,X,adjusted,channel,20490.119,nT
2026-04-11T08:27:00.000Z,BOU,X,adjusted,channel,20490.688,nT
2026-04-11T08:28:00.000Z,BOU,X,adjusted,channel,20491.134,nT
2026-04-11T08:29:00.000Z,BOU,X,adjusted,channel,20491.088,nT
2026-04-11T08:30:00.000Z,BOU,X,adjusted,channel,20490.843,nT
2026-04-11T08:31:00.000Z,BOU,X,adjusted,channel,20490.562,nT
2026-04-11T08:32:00.000Z,BOU,X,adjusted,channel,20491.071,nT
2026-04-11T08:33:00.000Z,BOU,X,adjusted,channel,20493.519,nT
2026-04-11T08:34:00.000Z,BOU,X,adjusted,channel,20496.771,nT
2026-04-11T08:35:00.000Z,BOU,X,adjusted,channel,20497.521,nT
2026-04-11T08:36:00.000Z,BOU,X,adjusted,channel,20496.517,nT
2026-04-11T08:37:00.000Z,BOU,X,adjusted,channel,20494.285,nT
2026-04-11T08:38:00.000Z,BOU,X,adjusted,channel,20492.625,nT
2026-04-11T08:39:00.000Z,BOU,X,adjusted,channel,20492.568,nT
2026-04-11T08:40:00.000Z,BOU,X,adjusted,channel,20493.446,nT
2026-04-11T08:41:00.000Z,BOU,X,adjusted,channel,20493.816,nT
2026-04-11T08:42:00.000Z,BOU,X,adjusted,channel,20493.438,nT
2026-04-11T08:43:00.000Z,BOU,X,adjusted,channel,20493.116,nT
2026-04-11T08:44:00.000Z,BOU,X,adjusted,channel,20493.031,nT
2026-04-11T08:45:00.000Z,BOU,X,adjusted,channel,20493.152,nT
2026-04-11T08:46:00.000Z,BOU,X,adjusted,channel,20493.047,nT
2026-04-11T08:47:00.000Z,BOU,X,adjusted,channel,20492.693,nT
2026-04-11T08:48:00.000Z,BOU,X,adjusted,channel,20492.204,nT
2026-04-11T08:49:00.000Z,BOU,X,adjusted,channel,20491.763,nT
2026-04-11T08:50:00.000Z,BOU,X,adjusted,channel,20492.139,nT
2026-04-11T08:51:00.000Z,BOU,X,adjusted,channel,20492.504,nT
2026-04-11T08:52:00.000Z,BOU,X,adjusted,channel,20492.918,nT
2026-04-11T08:53:00.000Z,BOU,X,adjusted,channel,20493.024,nT
2026-04-11T08:54:00.000Z,BOU,X,adjusted,channel,20492.942,nT
2026-04-11T08:55:00.000Z,BOU,X,adjusted,channel,20492.867,nT
2026-04-11T08:56:00.000Z,BOU,X,adjusted,channel,20492.702,nT
2026-04-11T08:57:00.000Z,BOU,X,adjusted,channel,20492.472,nT
2026-04-11T08:58:00.000Z,BOU,X,adjusted,channel,20492.195,nT
2026-04-11T08:59:00.000Z,BOU,X,adjusted,channel,20492.137,nT
2026-04-11T09:00:00.000Z,BOU,X,adjusted,channel,20492.038,nT
2026-04-11T09:01:00.000Z,BOU,X,adjusted,channel,20491.642,nT
2026-04-11T09:02:00.000Z,BOU,X,adjusted,channel,20491.539,nT
2026-04-11T09:03:00.000Z,BOU,X,adjusted,channel,20491.024,nT
2026-04-11T09:04:00.000Z,BOU,X,adjusted,channel,20490.333,nT
2026-04-11T09:05:00.000Z,BOU,X,adjusted,channel,20489.501,nT
2026-04-11T09:06:00.000Z,BOU,X,adjusted,channel,20489.416,nT
2026-04-11T09:07:00.000Z,BOU,X,adjusted,channel,20489.616,nT
2026-04-11T09:08:00.000Z,BOU,X,adjusted,channel,20490.291,nT
2026-04-11T09:09:00.000Z,BOU,X,adjusted,channel,20491.227,nT
2026-04-11T09:10:00.000Z,BOU,X,adjusted,channel,20493.797,nT
2026-04-11T09:11:00.000Z,BOU,X,adjusted,channel,20497.448,nT
2026-04-11T09:12:00.000Z,BOU,X,adjusted,channel,20498.85,nT
2026-04-11T09:13:00.000Z,BOU,X,adjusted,channel,20496.562,nT
2026-04-11T09:14:00.000Z,BOU,X,adjusted,channel,20495.023,nT
2026-04-11T09:15:00.000Z,BOU,X,adjusted,channel,20495.28,nT
2026-04-11T09:16:00.000Z,BOU,X,adjusted,channel,20496.984,nT
2026-04-11T09:17:00.000Z,BOU,X,adjusted,channel,20497.699,nT
2026-04-11T09:18:00.000Z,BOU,X,adjusted,channel,20496.89,nT
2026-04-11T09:19:00.000Z,BOU,X,adjusted,channel,20495.942,nT
2026-04-11T09:20:00.000Z,BOU,X,adjusted,channel,20494.191,nT
2026-04-11T09:21:00.000Z,BOU,X,adjusted,channel,20493.105,nT
2026-04-11T09:22:00.000Z,BOU,X,adjusted,channel,20493.11,nT
2026-04-11T09:23:00.000Z,BOU,X,adjusted,channel,20493.759,nT
2026-04-11T09:24:00.000Z,BOU,X,adjusted,channel,20494.157,nT
2026-04-11T09:25:00.000Z,BOU,X,adjusted,channel,20494.417,nT
2026-04-11T09:26:00.000Z,BOU,X,adjusted,channel,20494.866,nT
2026-04-11T09:27:00.000Z,BOU,X,adjusted,channel,20495.21,nT
2026-04-11T09:28:00.000Z,BOU,X,adjusted,channel,20495.039,nT
2026-04-11T09:29:00.000Z,BOU,X,adjusted,channel,20494.634,nT
2026-04-11T09:30:00.000Z,BOU,X,adjusted,channel,20494.247,nT
2026-04-11T09:31:00.000Z,BOU,X,adjusted,channel,20493.935,nT
2026-04-11T09:32:00.000Z,BOU,X,adjusted,channel,20494.083,nT
2026-04-11T09:33:00.000Z,BOU,X,adjusted,channel,20494.928,nT
2026-04-11T09:34:00.000Z,BOU,X,adjusted,channel,20495.51,nT
2026-04-11T09:35:00.000Z,BOU,X,adjusted,channel,20495.214,nT
2026-04-11T09:36:00.000Z,BOU,X,adjusted,channel,20495.214,nT
2026-04-11T09:37:00.000Z,BOU,X,adjusted,channel,20495.166,nT
2026-04-11T09:38:00.000Z,BOU,X,adjusted,channel,20494.187,nT
2026-04-11T09:39:00.000Z,BOU,X,adjusted,channel,20493.518,nT
2026-04-11T09:40:00.000Z,BOU,X,adjusted,channel,20494.01,nT
2026-04-11T09:41:00.000Z,BOU,X,adjusted,channel,20494.298,nT
2026-04-11T09:42:00.000Z,BOU,X,adjusted,channel,20493.704,nT
2026-04-11T09:43:00.000Z,BOU,X,adjusted,channel,20493.054,nT
2026-04-11T09:44:00.000Z,BOU,X,adjusted,channel,20492.468,nT
2026-04-11T09:45:00.000Z,BOU,X,adjusted,channel,20491.576,nT
2026-04-11T09:46:00.000Z,BOU,X,adjusted,channel,20490.624,nT
2026-04-11T09:47:00.000Z,BOU,X,adjusted,channel,20489.913,nT
2026-04-11T09:48:00.000Z,BOU,X,adjusted,channel,20490.034,nT
2026-04-11T09:49:00.000Z,BOU,X,adjusted,channel,20490.349,nT
2026-04-11T09:50:00.000Z,BOU,X,adjusted,channel,20490.394,nT
2026-04-11T09:51:00.000Z,BOU,X,adjusted,channel,20490.314,nT
2026-04-11T09:52:00.000Z,BOU,X,adjusted,channel,20490.76,nT
2026-04-11T09:53:00.000Z,BOU,X,adjusted,channel,20490.612,nT
2026-04-11T09:54:00.000Z,BOU,X,adjusted,channel,20489.076,nT
2026-04-11T09:55:00.000Z,BOU,X,adjusted,channel,20488.077,nT
2026-04-11T09:56:00.000Z,BOU,X,adjusted,channel,20488.134,nT
2026-04-11T09:57:00.000Z,BOU,X,adjusted,channel,20489.479,nT
2026-04-11T09:58:00.000Z,BOU,X,adjusted,channel,20490.992,nT
2026-04-11T09:59:00.000Z,BOU,X,adjusted,channel,20493.289,nT
2026-04-11T10:00:00.000Z,BOU,X,adjusted,channel,20495.246,nT
2026-04-11T10:01:00.000Z,BOU,X,adjusted,channel,20495.613,nT
2026-04-11T10:02:00.000Z,BOU,X,adjusted,channel,20494.172,nT
2026-04-11T10:03:00.000Z,BOU,X,adjusted,channel,20492.102,nT
2026-04-11T10:04:00.000Z,BOU,X,adjusted,channel,20491.008,nT
2026-04-11T10:05:00.000Z,BOU,X,adjusted,channel,20491.663,nT
2026-04-11T10:06:00.000Z,BOU,X,adjusted,channel,20493.176,nT
2026-04-11T10:07:00.000Z,BOU,X,adjusted,channel,20494.027,nT
2026-04-11T10:08:00.000Z,BOU,X,adjusted,channel,20494.162,nT
2026-04-11T10:09:00.000Z,BOU,X,adjusted,channel,20493.77,nT
2026-04-11T10:10:00.000Z,BOU,X,adjusted,channel,20493.593,nT
2026-04-11T10:11:00.000Z,BOU,X,adjusted,channel,20493.772,nT
2026-04-11T10:12:00.000Z,BOU,X,adjusted,channel,20494.089,nT
2026-04-11T10:13:00.000Z,BOU,X,adjusted,channel,20494.732,nT
2026-04-11T10:14:00.000Z,BOU,X,adjusted,channel,20495.039,nT
2026-04-11T10:15:00.000Z,BOU,X,adjusted,channel,20495.486,nT
2026-04-11T10:16:00.000Z,BOU,X,adjusted,channel,20496.065,nT
2026-04-11T10:17:00.000Z,BOU,X,adjusted,channel,20496.552,nT
2026-04-11T10:18:00.000Z,BOU,X,adjusted,channel,20496.965,nT
2026-04-11T10:19:00.000Z,BOU,X,adjusted,channel,20497.026,nT
2026-04-11T10:20:00.000Z,BOU,X,adjusted,channel,20497.728,nT
2026-04-11T10:21:00.000Z,BOU,X,adjusted,channel,20498.754,nT
2026-04-11T10:22:00.000Z,BOU,X,adjusted,channel,20499.657,nT
2026-04-11T10:23:00.000Z,BOU,X,adjusted,channel,20500.047,nT
2026-04-11T10:24:00.000Z,BOU,X,adjusted,channel,20500.288,nT
2026-04-11T10:25:00.000Z,BOU,X,adjusted,channel,20499.766,nT
2026-04-11T10:26:00.000Z,BOU,X,adjusted,channel,20498.946,nT
2026-04-11T10:27:00.000Z,BOU,X,adjusted,channel,20499.404,nT
2026-04-11T10:28:00.000Z,BOU,X,adjusted,channel,20500.709,nT
2026-04-11T10:29:00.000Z,BOU,X,adjusted,channel,20501.041,nT
2026-04-11T10:30:00.000Z,BOU,X,adjusted,channel,20501.898,nT
2026-04-11T10:31:00.000Z,BOU,X,adjusted,channel,20502.703,nT
2026-04-11T10:32:00.000Z,BOU,X,adjusted,channel,20502.941,nT
2026-04-11T10:33:00.000Z,BOU,X,adjusted,channel,20502.627,nT
2026-04-11T10:34:00.000Z,BOU,X,adjusted,channel,20502.42,nT
2026-04-11T10:35:00.000Z,BOU,X,adjusted,channel,20502.056,nT
2026-04-11T10:36:00.000Z,BOU,X,adjusted,channel,20501.753,nT
2026-04-11T10:37:00.000Z,BOU,X,adjusted,channel,20501.378,nT
2026-04-11T10:38:00.000Z,BOU,X,adjusted,channel,20501.221,nT
2026-04-11T10:39:00.000Z,BOU,X,adjusted,channel,20501.136,nT
2026-04-11T10:40:00.000Z,BOU,X,adjusted,channel,20501.052,nT
2026-04-11T10:41:00.000Z,BOU,X,adjusted,channel,20500.986,nT
2026-04-11T10:42:00.000Z,BOU,X,adjusted,channel,20500.908,nT
2026-04-11T10:43:00.000Z,BOU,X,adjusted,channel,20500.395,nT
2026-04-11T10:44:00.000Z,BOU,X,adjusted,channel,20499.698,nT
2026-04-11T10:45:00.000Z,BOU,X,adjusted,channel,20499.638,nT
2026-04-11T10:46:00.000Z,BOU,X,adjusted,channel,20499.931,nT
2026-04-11T10:47:00.000Z,BOU,X,adjusted,channel,20499.743,nT
2026-04-11T10:48:00.000Z,BOU,X,adjusted,channel,20499.387,nT
2026-04-11T10:49:00.000Z,BOU,X,adjusted,channel,20499.341,nT
2026-04-11T10:50:00.000Z,BOU,X,adjusted,channel,20499.261,nT
2026-04-11T10:51:00.000Z,BOU,X,adjusted,channel,20499.896,nT
2026-04-11T10:52:00.000Z,BOU,X,adjusted,channel,20500.867,nT
2026-04-11T10:53:00.000Z,BOU,X,adjusted,channel,20501.635,nT
2026-04-11T10:54:00.000Z,BOU,X,adjusted,channel,20501.781,nT
2026-04-11T10:55:00.000Z,BOU,X,adjusted,channel,20501.273,nT
2026-04-11T10:56:00.000Z,BOU,X,adjusted,channel,20500.801,nT
2026-04-11T10:57:00.000Z,BOU,X,adjusted,channel,20500.71,nT
2026-04-11T10:58:00.000Z,BOU,X,adjusted,channel,20500.642,nT
2026-04-11T10:59:00.000Z,BOU,X,adjusted,channel,20500.689,nT
2026-04-11T11:00:00.000Z,BOU,X,adjusted,channel,20500.729,nT
2026-04-11T11:01:00.000Z,BOU,X,adjusted,channel,20500.673,nT
2026-04-11T11:02:00.000Z,BOU,X,adjusted,channel,20500.334,nT
2026-04-11T11:03:00.000Z,BOU,X,adjusted,channel,20499.914,nT
2026-04-11T11:04:00.000Z,BOU,X,adjusted,channel,20499.742,nT
2026-04-11T11:05:00.000Z,BOU,X,adjusted,channel,20499.532,nT
2026-04-11T11:06:00.000Z,BOU,X,adjusted,channel,20499.251,nT
2026-04-11T11:07:00.000Z,BOU,X,adjusted,channel,20499.674,nT
2026-04-11T11:08:00.000Z,BOU,X,adjusted,channel,20500.327,nT
2026-04-11T11:09:00.000Z,BOU,X,adjusted,channel,20500.646,nT
2026-04-11T11:10:00.000Z,BOU,X,adjusted,channel,20500.859,nT
2026-04-11T11:11:00.000Z,BOU,X,adjusted,channel,20501.718,nT
2026-04-11T11:12:00.000Z,BOU,X,adjusted,channel,20502.66,nT
2026-04-11T11:13:00.000Z,BOU,X,adjusted,channel,20502.908,nT
2026-04-11T11:14:00.000Z,BOU,X,adjusted,channel,20502.175,nT
2026-04-11T11:15:00.000Z,BOU,X,adjusted,channel,20501.733,nT
2026-04-11T11:16:00.000Z,BOU,X,adjusted,channel,20501.753,nT
2026-04-11T11:17:00.000Z,BOU,X,adjusted,channel,20501.601,nT
2026-04-11T11:18:00.000Z,BOU,X,adjusted,channel,20501.567,nT
2026-04-11T11:19:00.000Z,BOU,X,adjusted,channel,20501.663,nT
2026-04-11T11:20:00.000Z,BOU,X,adjusted,channel,20501.506,nT
2026-04-11T11:21:00.000Z,BOU,X,adjusted,channel,20500.736,nT
2026-04-11T11:22:00.000Z,BOU,X,adjusted,channel,20500.332,nT
2026-04-11T11:23:00.000Z,BOU,X,adjusted,channel,20499.801,nT
2026-04-11T11:24:00.000Z,BOU,X,adjusted,channel,20499.503,nT
2026-04-11T11:25:00.000Z,BOU,X,adjusted,channel,20499.221,nT
2026-04-11T11:26:00.000Z,BOU,X,adjusted,channel,20499.448,nT
2026-04-11T11:27:00.000Z,BOU,X,adjusted,channel,20499.548,nT
2026-04-11T11:28:00.000Z,BOU,X,adjusted,channel,20499.847,nT
2026-04-11T11:29:00.000Z,BOU,X,adjusted,channel,20499.55,nT
2026-04-11T11:30:00.000Z,BOU,X,adjusted,channel,20499.365,nT
2026-04-11T11:31:00.000Z,BOU,X,adjusted,channel,20498.867,nT
2026-04-11T11:32:00.000Z,BOU,X,adjusted,channel,20498.796,nT
2026-04-11T11:33:00.000Z,BOU,X,adjusted,channel,20498.728,nT
2026-04-11T11:34:00.000Z,BOU,X,adjusted,channel,20498.418,nT
2026-04-11T11:35:00.000Z,BOU,X,adjusted,channel,20497.939,nT
2026-04-11T11:36:00.000Z,BOU,X,adjusted,channel,20497.453,nT
2026-04-11T11:37:00.000Z,BOU,X,adjusted,channel,20497.316,nT
2026-04-11T11:38:00.000Z,BOU,X,adjusted,channel,20497.743,nT
2026-04-11T11:39:00.000Z,BOU,X,adjusted,channel,20497.51,nT
2026-04-11T11:40:00.000Z,BOU,X,adjusted,channel,20497.549,nT
2026-04-11T11:41:00.000Z,BOU,X,adjusted,channel,20498.316,nT
2026-04-11T11:42:00.000Z,BOU,X,adjusted,channel,20498.729,nT
2026-04-11T11:43:00.000Z,BOU,X,adjusted,channel,20498.819,nT
2026-04-11T11:44:00.000Z,BOU,X,adjusted,channel,20498.969,nT
2026-04-11T11:45:00.000Z,BOU,X,adjusted,channel,20499.359,nT
2026-04-11T11:46:00.000Z,BOU,X,adjusted,channel,20498.962,nT
2026-04-11T11:47:00.000Z,BOU,X,adjusted,channel,20499.643,nT
2026-04-11T11:48:00.000Z,BOU,X,adjusted,channel,20500.695,nT
2026-04-11T11:49:00.000Z,BOU,X,adjusted,channel,20500.49,nT
2026-04-11T11:50:00.000Z,BOU,X,adjusted,channel,20500.71,nT
2026-04-11T11:51:00.000Z,BOU,X,adjusted,channel,20500.361,nT
2026-04-11T11:52:00.000Z,BOU,X,adjusted,channel,20499.581,nT
2026-04-11T11:53:00.000Z,BOU,X,adjusted,channel,20499.431,nT
2026-04-11T11:54:00.000Z,BOU,X,adjusted,channel,20499.168,nT
2026-04-11T11:55:00.000Z,BOU,X,adjusted,channel,20499.103,nT
2026-04-11T11:56:00.000Z,BOU,X,adjusted,channel,20499.094,nT
2026-04-11T11:57:00.000Z,BOU,X,adjusted,channel,20499.011,nT
2026-04-11T11:58:00.000Z,BOU,X,adjusted,channel,20498.606,nT
2026-04-11T11:59:00.000Z,BOU,X,adjusted,channel,20497.91,nT
2026-04-11T12:00:00.000Z,BOU,X,adjusted,channel,20497.628,nT
2026-04-11T12:01:00.000Z,BOU,X,adjusted,channel,20497.621,nT
2026-04-11T12:02:00.000Z,BOU,X,adjusted,channel,20497.822,nT
2026-04-11T12:03:00.000Z,BOU,X,adjusted,channel,20498.239,nT
2026-04-11T12:04:00.000Z,BOU,X,adjusted,channel,20498.292,nT
2026-04-11T12:05:00.000Z,BOU,X,adjusted,channel,20498.192,nT
2026-04-11T12:06:00.000Z,BOU,X,adjusted,channel,20497.936,nT
2026-04-11T12:07:00.000Z,BOU,X,adjusted,channel,20497.474,nT
2026-04-11T12:08:00.000Z,BOU,X,adjusted,channel,20496.946,nT
2026-04-11T12:09:00.000Z,BOU,X,adjusted,channel,20496.571,nT
2026-04-11T12:10:00.000Z,BOU,X,adjusted,channel,20496.57,nT
2026-04-11T12:11:00.000Z,BOU,X,adjusted,channel,20496.458,nT
2026-04-11T12:12:00.000Z,BOU,X,adjusted,channel,20496.391,nT
2026-04-11T12:13:00.000Z,BOU,X,adjusted,channel,20496.698,nT
2026-04-11T12:14:00.000Z,BOU,X,adjusted,channel,20496.826,nT
2026-04-11T12:15:00.000Z,BOU,X,adjusted,channel,20496.718,nT
2026-04-11T12:16:00.000Z,BOU,X,adjusted,channel,20496.515,nT
2026-04-11T12:17:00.000Z,BOU,X,adjusted,channel,20496.417,nT
2026-04-11T12:18:00.000Z,BOU,X,adjusted,channel,20496.248,nT
2026-04-11T12:19:00.000Z,BOU,X,adjusted,channel,20495.468,nT
2026-04-11T12:20:00.000Z,BOU,X,adjusted,channel,20495.152,nT
2026-04-11T12:21:00.000Z,BOU,X,adjusted,channel,20494.568,nT
2026-04-11T12:22:00.000Z,BOU,X,adjusted,channel,20493.818,nT
2026-04-11T12:23:00.000Z,BOU,X,adjusted,channel,20493.495,nT
2026-04-11T12:24:00.000Z,BOU,X,adjusted,channel,20493.54,nT
2026-04-11T12:25:00.000Z,BOU,X,adjusted,channel,20493.386,nT
2026-04-11T12:26:00.000Z,BOU,X,adjusted,channel,20493.073,nT
2026-04-11T12:27:00.000Z,BOU,X,adjusted,channel,20492.506,nT
2026-04-11T12:28:00.000Z,BOU,X,adjusted,channel,20492.384,nT
2026-04-11T12:29:00.000Z,BOU,X,adjusted,channel,20492.456,nT
2026-04-11T12:30:00.000Z,BOU,X,adjusted,channel,20492.738,nT
2026-04-11T12:31:00.000Z,BOU,X,adjusted,channel,20492.98,nT
2026-04-11T12:32:00.000Z,BOU,X,adjusted,channel,20493.211,nT
2026-04-11T12:33:00.000Z,BOU,X,adjusted,channel,20493.244,nT
2026-04-11T12:34:00.000Z,BOU,X,adjusted,channel,20493.322,nT
2026-04-11T12:35:00.000Z,BOU,X,adjusted,channel,20493.34,nT
2026-04-11T12:36:00.000Z,BOU,X,adjusted,channel,20493.232,nT
2026-04-11T12:37:00.000Z,BOU,X,adjusted,channel,20493.226,nT
2026-04-11T12:38:00.000Z,BOU,X,adjusted,channel,20493.64,nT
2026-04-11T12:39:00.000Z,BOU,X,adjusted,channel,20493.802,nT
2026-04-11T12:40:00.000Z,BOU,X,adjusted,channel,20494.188,nT
2026-04-11T12:41:00.000Z,BOU,X,adjusted,channel,20494.605,nT
2026-04-11T12:42:00.000Z,BOU,X,adjusted,channel,20494.969,nT
2026-04-11T12:43:00.000Z,BOU,X,adjusted,channel,20495.017,nT
2026-04-11T12:44:00.000Z,BOU,X,adjusted,channel,20495.115,nT
2026-04-11T12:45:00.000Z,BOU,X,adjusted,channel,20495.783,nT
2026-04-11T12:46:00.000Z,BOU,X,adjusted,channel,20496.224,nT
2026-04-11T12:47:00.000Z,BOU,X,adjusted,channel,20496.265,nT
2026-04-11T12:48:00.000Z,BOU,X,adjusted,channel,20496.157,nT
2026-04-11T12:49:00.000Z,BOU,X,adjusted,channel,20495.991,nT
2026-04-11T12:50:00.000Z,BOU,X,adjusted,channel,20495.811,nT
2026-04-11T12:51:00.000Z,BOU,X,adjusted,channel,20495.358,nT
2026-04-11T12:52:00.000Z,BOU,X,adjusted,channel,20495.079,nT
2026-04-11T12:53:00.000Z,BOU,X,adjusted,channel,20494.749,nT
2026-04-11T12:54:00.000Z,BOU,X,adjusted,channel,20494.905,nT
2026-04-11T12:55:00.000Z,BOU,X,adjusted,channel,20494.986,nT
2026-04-11T12:56:00.000Z,BOU,X,adjusted,channel,20495.358,nT
2026-04-11T12:57:00.000Z,BOU,X,adjusted,channel,20495.988,nT
2026-04-11T12:58:00.000Z,BOU,X,adjusted,channel,20494.858,nT
2026-04-11T12:59:00.000Z,BOU,X,adjusted,channel,20494.486,nT
2026-04-11T13:00:00.000Z,BOU,X,adjusted,channel,20494.537,nT
2026-04-11T13:01:00.000Z,BOU,X,adjusted,channel,20494.087,nT
2026-04-11T13:02:00.000Z,BOU,X,adjusted,channel,20493.875,nT
2026-04-11T13:03:00.000Z,BOU,X,adjusted,channel,20493.866,nT
2026-04-11T13:04:00.000Z,BOU,X,adjusted,channel,20493.855,nT
2026-04-11T13:05:00.000Z,BOU,X,adjusted,channel,20493.633,nT
2026-04-11T13:06:00.000Z,BOU,X,adjusted,channel,20493.144,nT
2026-04-11T13:07:00.000Z,BOU,X,adjusted,channel,20492.396,nT
2026-04-11T13:08:00.000Z,BOU,X,adjusted,channel,20492.121,nT
2026-04-11T13:09:00.000Z,BOU,X,adjusted,channel,20491.926,nT
2026-04-11T13:10:00.000Z,BOU,X,adjusted,channel,20491.961,nT
2026-04-11T13:11:00.000Z,BOU,X,adjusted,channel,20491.939,nT
2026-04-11T13:12:00.000Z,BOU,X,adjusted,channel,20491.58,nT
2026-04-11T13:13:00.000Z,BOU,X,adjusted,channel,20491.605,nT
2026-04-11T13:14:00.000Z,BOU,X,adjusted,channel,20491.375,nT
2026-04-11T13:15:00.000Z,BOU,X,adjusted,channel,20490.964,nT
2026-04-11T13:16:00.000Z,BOU,X,adjusted,channel,20489.891,nT
2026-04-11T13:17:00.000Z,BOU,X,adjusted,channel,20489.602,nT
2026-04-11T13:18:00.000Z,BOU,X,adjusted,channel,20489.34,nT
2026-04-11T13:19:00.000Z,BOU,X,adjusted,channel,20489.539,nT
2026-04-11T13:20:00.000Z,BOU,X,adjusted,channel,20489.287,nT
2026-04-11T13:21:00.000Z,BOU,X,adjusted,channel,20489.138,nT
2026-04-11T13:22:00.000Z,BOU,X,adjusted,channel,20489.614,nT
2026-04-11T13:23:00.000Z,BOU,X,adjusted,channel,20489.74,nT
2026-04-11T13:24:00.000Z,BOU,X,adjusted,channel,20490.04,nT
2026-04-11T13:25:00.000Z,BOU,X,adjusted,channel,20490.522,nT
2026-04-11T13:26:00.000Z,BOU,X,adjusted,channel,20491.16,nT
2026-04-11T13:27:00.000Z,BOU,X,adjusted,channel,20491.707,nT
2026-04-11T13:28:00.000Z,BOU,X,adjusted,channel,20490.755,nT
2026-04-11T13:29:00.000Z,BOU,X,adjusted,channel,20490.242,nT
2026-04-11T13:30:00.000Z,BOU,X,adjusted,channel,20489.825,nT
2026-04-11T13:31:00.000Z,BOU,X,adjusted,channel,20490.365,nT
2026-04-11T13:32:00.000Z,BOU,X,adjusted,channel,20491.499,nT
2026-04-11T13:33:00.000Z,BOU,X,adjusted,channel,20491.957,nT
2026-04-11T13:34:00.000Z,BOU,X,adjusted,channel,20492.473,nT
2026-04-11T13:35:00.000Z,BOU,X,adjusted,channel,20491.912,nT
2026-04-11T13:36:00.000Z,BOU,X,adjusted,channel,20490.889,nT
2026-04-11T13:37:00.000Z,BOU,X,adjusted,channel,20490.106,nT
2026-04-11T13:38:00.000Z,BOU,X,adjusted,channel,20489.663,nT
2026-04-11T13:39:00.000Z,BOU,X,adjusted,channel,20490.114,nT
2026-04-11T13:40:00.000Z,BOU,X,adjusted,channel,20489.64,nT
2026-04-11T13:41:00.000Z,BOU,X,adjusted,channel,20489.175,nT
2026-04-11T13:42:00.000Z,BOU,X,adjusted,channel,20489.105,nT
2026-04-11T13:43:00.000Z,BOU,X,adjusted,channel,20489.507,nT
2026-04-11T13:44:00.000Z,BOU,X,adjusted,channel,20489.439,nT
2026-04-11T13:45:00.000Z,BOU,X,adjusted,channel,20488.87,nT
2026-04-11T13:46:00.000Z,BOU,X,adjusted,channel,20488.379,nT
2026-04-11T13:47:00.000Z,BOU,X,adjusted,channel,20488.043,nT
2026-04-11T13:48:00.000Z,BOU,X,adjusted,channel,20487.808,nT
2026-04-11T13:49:00.000Z,BOU,X,adjusted,channel,20487.62,nT
2026-04-11T13:50:00.000Z,BOU,X,adjusted,channel,20487.077,nT
2026-04-11T13:51:00.000Z,BOU,X,adjusted,channel,20487.004,nT
2026-04-11T13:52:00.000Z,BOU,X,adjusted,channel,20486.898,nT
2026-04-11T13:53:00.000Z,BOU,X,adjusted,channel,20486.737,nT
2026-04-11T13:54:00.000Z,BOU,X,adjusted,channel,20486.749,nT
2026-04-11T13:55:00.000Z,BOU,X,adjusted,channel,20486.823,nT
2026-04-11T13:56:00.000Z,BOU,X,adjusted,channel,20486.81,nT
2026-04-11T13:57:00.000Z,BOU,X,adjusted,channel,20486.77,nT
2026-04-11T13:58:00.000Z,BOU,X,adjusted,channel,20486.417,nT
2026-04-11T13:59:00.000Z,BOU,X,adjusted,channel,20485.925,nT
2026-04-11T14:00:00.000Z,BOU,X,adjusted,channel,20485.381,nT
2026-04-11T14:01:00.000Z,BOU,X,adjusted,channel,20485.282,nT
2026-04-11T14:02:00.000Z,BOU,X,adjusted,channel,20485.289,nT
2026-04-11T14:03:00.000Z,BOU,X,adjusted,channel,20485.426,nT
2026-04-11T14:04:00.000Z,BOU,X,adjusted,channel,20485.185,nT
2026-04-11T14:05:00.000Z,BOU,X,adjusted,channel,20485.223,nT
2026-04-11T14:06:00.000Z,BOU,X,adjusted,channel,20484.785,nT
2026-04-11T14:07:00.000Z,BOU,X,adjusted,channel,20484.597,nT
2026-04-11T14:08:00.000Z,BOU,X,adjusted,channel,20484.503,nT
2026-04-11T14:09:00.000Z,BOU,X,adjusted,channel,20484.308,nT
2026-04-11T14:10:00.000Z,BOU,X,adjusted,channel,20484.245,nT
2026-04-11T14:11:00.000Z,BOU,X,adjusted,channel,20484.086,nT
2026-04-11T14:12:00.000Z,BOU,X,adjusted,channel,20484.179,nT
2026-04-11T14:13:00.000Z,BOU,X,adjusted,channel,20483.885,nT
2026-04-11T14:14:00.000Z,BOU,X,adjusted,channel,20483.38,nT
2026-04-11T14:15:00.000Z,BOU,X,adjusted,channel,20482.978,nT
2026-04-11T14:16:00.000Z,BOU,X,adjusted,channel,20482.986,nT
2026-04-11T14:17:00.000Z,BOU,X,adjusted,channel,20482.938,nT
2026-04-11T14:18:00.000Z,BOU,X,adjusted,channel,20482.601,nT
2026-04-11T14:19:00.000Z,BOU,X,adjusted,channel,20482.436,nT
2026-04-11T14:20:00.000Z,BOU,X,adjusted,channel,20482.271,nT
2026-04-11T14:21:00.000Z,BOU,X,adjusted,channel,20482.045,nT
2026-04-11T14:22:00.000Z,BOU,X,adjusted,channel,20481.723,nT
2026-04-11T14:23:00.000Z,BOU,X,adjusted,channel,20481.562,nT
2026-04-11T14:24:00.000Z,BOU,X,adjusted,channel,20481.162,nT
2026-04-11T14:25:00.000Z,BOU,X,adjusted,channel,20480.12,nT
2026-04-11T14:26:00.000Z,BOU,X,adjusted,channel,20479.444,nT
2026-04-11T14:27:00.000Z,BOU,X,adjusted,channel,20479.303,nT
2026-04-11T14:28:00.000Z,BOU,X,adjusted,channel,20478.593,nT
2026-04-11T14:29:00.000Z,BOU,X,adjusted,channel,20478.294,nT
2026-04-11T14:30:00.000Z,BOU,X,adjusted,channel,20477.588,nT
2026-04-11T14:31:00.000Z,BOU,X,adjusted,channel,20477.451,nT
2026-04-11T14:32:00.000Z,BOU,X,adjusted,channel,20477,nT
2026-04-11T14:33:00.000Z,BOU,X,adjusted,channel,20476.423,nT
2026-04-11T14:34:00.000Z,BOU,X,adjusted,channel,20477.068,nT
2026-04-11T14:35:00.000Z,BOU,X,adjusted,channel,20476.673,nT
2026-04-11T14:36:00.000Z,BOU,X,adjusted,channel,20475.486,nT
2026-04-11T14:37:00.000Z,BOU,X,adjusted,channel,20476.316,nT
2026-04-11T14:38:00.000Z,BOU,X,adjusted,channel,20476.779,nT
2026-04-11T14:39:00.000Z,BOU,X,adjusted,channel,20477.533,nT
2026-04-11T14:40:00.000Z,BOU,X,adjusted,channel,20475.839,nT
2026-04-11T14:41:00.000Z,BOU,X,adjusted,channel,20471.012,nT
2026-04-11T14:42:00.000Z,BOU,X,adjusted,channel,20472.341,nT
2026-04-11T14:43:00.000Z,BOU,X,adjusted,channel,20473.187,nT
2026-04-11T14:44:00.000Z,BOU,X,adjusted,channel,20473.088,nT
2026-04-11T14:45:00.000Z,BOU,X,adjusted,channel,20475.176,nT
2026-04-11T14:46:00.000Z,BOU,X,adjusted,channel,20476.961,nT
2026-04-11T14:47:00.000Z,BOU,X,adjusted,channel,20476.81,nT
2026-04-11T14:48:00.000Z,BOU,X,adjusted,channel,20475.498,nT
2026-04-11T14:49:00.000Z,BOU,X,adjusted,channel,20474.368,nT
2026-04-11T14:50:00.000Z,BOU,X,adjusted,channel,20475.486,nT
2026-04-11T14:51:00.000Z,BOU,X,adjusted,channel,20476.232,nT
2026-04-11T14:52:00.000Z,BOU,X,adjusted,channel,20474.948,nT
2026-04-11T14:53:00.000Z,BOU,X,adjusted,channel,20473.803,nT
2026-04-11T14:54:00.000Z,BOU,X,adjusted,channel,20475.317,nT
2026-04-11T14:55:00.000Z,BOU,X,adjusted,channel,20474.857,nT
2026-04-11T14:56:00.000Z,BOU,X,adjusted,channel,20476.028,nT
2026-04-11T14:57:00.000Z,BOU,X,adjusted,channel,20475.49,nT
2026-04-11T14:58:00.000Z,BOU,X,adjusted,channel,20476.238,nT
2026-04-11T14:59:00.000Z,BOU,X,adjusted,channel,20476.202,nT
2026-04-11T15:00:00.000Z,BOU,X,adjusted,channel,20475.888,nT
2026-04-11T15:01:00.000Z,BOU,X,adjusted,channel,20477.332,nT
2026-04-11T15:02:00.000Z,BOU,X,adjusted,channel,20474.197,nT
2026-04-11T15:03:00.000Z,BOU,X,adjusted,channel,20473.515,nT
2026-04-11T15:04:00.000Z,BOU,X,adjusted,channel,20474.111,nT
2026-04-11T15:05:00.000Z,BOU,X,adjusted,channel,20475.378,nT
2026-04-11T15:06:00.000Z,BOU,X,adjusted,channel,20474.777,nT
2026-04-11T15:07:00.000Z,BOU,X,adjusted,channel,20474.146,nT
2026-04-11T15:08:00.000Z,BOU,X,adjusted,channel,20473.782,nT
2026-04-11T15:09:00.000Z,BOU,X,adjusted,channel,20473.587,nT
2026-04-11T15:10:00.000Z,BOU,X,adjusted,channel,20473.956,nT
2026-04-11T15:11:00.000Z,BOU,X,adjusted,channel,20474.411,nT
2026-04-11T15:12:00.000Z,BOU,X,adjusted,channel,20474.072,nT
2026-04-11T15:13:00.000Z,BOU,X,adjusted,channel,20474.759,nT
2026-04-11T15:14:00.000Z,BOU,X,adjusted,channel,20474.555,nT
2026-04-11T15:15:00.000Z,BOU,X,adjusted,channel,20474.782,nT
2026-04-11T15:16:00.000Z,BOU,X,adjusted,channel,20475.013,nT
2026-04-11T15:17:00.000Z,BOU,X,adjusted,channel,20474.818,nT
2026-04-11T15:18:00.000Z,BOU,X,adjusted,channel,20474.107,nT
2026-04-11T15:19:00.000Z,BOU,X,adjusted,channel,20474.605,nT
2026-04-11T15:20:00.000Z,BOU,X,adjusted,channel,20476.173,nT
2026-04-11T15:21:00.000Z,BOU,X,adjusted,channel,20476.427,nT
2026-04-11T15:22:00.000Z,BOU,X,adjusted,channel,20475.94,nT
2026-04-11T15:23:00.000Z,BOU,X,adjusted,channel,20475.125,nT
2026-04-11T15:24:00.000Z,BOU,X,adjusted,channel,20475.097,nT
2026-04-11T15:25:00.000Z,BOU,X,adjusted,channel,20475.379,nT
2026-04-11T15:26:00.000Z,BOU,X,adjusted,channel,20474.383,nT
2026-04-11T15:27:00.000Z,BOU,X,adjusted,channel,20473.831,nT
2026-04-11T15:28:00.000Z,BOU,X,adjusted,channel,20472.681,nT
2026-04-11T15:29:00.000Z,BOU,X,adjusted,channel,20472.4,nT
2026-04-11T15:30:00.000Z,BOU,X,adjusted,channel,20471.633,nT
2026-04-11T15:31:00.000Z,BOU,X,adjusted,channel,20473.912,nT
2026-04-11T15:32:00.000Z,BOU,X,adjusted,channel,20472.405,nT
2026-04-11T15:33:00.000Z,BOU,X,adjusted,channel,20474.33,nT
2026-04-11T15:34:00.000Z,BOU,X,adjusted,channel,20472.49,nT
2026-04-11T15:35:00.000Z,BOU,X,adjusted,channel,20473.304,nT
2026-04-11T15:36:00.000Z,BOU,X,adjusted,channel,20470.273,nT
2026-04-11T15:37:00.000Z,BOU,X,adjusted,channel,20471.195,nT
2026-04-11T15:38:00.000Z,BOU,X,adjusted,channel,20470.206,nT
2026-04-11T15:39:00.000Z,BOU,X,adjusted,channel,20472.062,nT
2026-04-11T15:40:00.000Z,BOU,X,adjusted,channel,20472.324,nT
2026-04-11T15:41:00.000Z,BOU,X,adjusted,channel,20471.645,nT
2026-04-11T15:42:00.000Z,BOU,X,adjusted,channel,20470.663,nT
2026-04-11T15:43:00.000Z,BOU,X,adjusted,channel,20470.17,nT
2026-04-11T15:44:00.000Z,BOU,X,adjusted,channel,20470.449,nT
2026-04-11T15:45:00.000Z,BOU,X,adjusted,channel,20470.444,nT
2026-04-11T15:46:00.000Z,BOU,X,adjusted,channel,20470.842,nT
2026-04-11T15:47:00.000Z,BOU,X,adjusted,channel,20470.69,nT
2026-04-11T15:48:00.000Z,BOU,X,adjusted,channel,20470.025,nT
2026-04-11T15:49:00.000Z,BOU,X,adjusted,channel,20468.6,nT
2026-04-11T15:50:00.000Z,BOU,X,adjusted,channel,20467.626,nT
2026-04-11T15:51:00.000Z,BOU,X,adjusted,channel,20467.444,nT
2026-04-11T15:52:00.000Z,BOU,X,adjusted,channel,20467.132,nT
2026-04-11T15:53:00.000Z,BOU,X,adjusted,channel,20467.486,nT
2026-04-11T15:54:00.000Z,BOU,X,adjusted,channel,20466.811,nT
2026-04-11T15:55:00.000Z,BOU,X,adjusted,channel,20466.788,nT
2026-04-11T15:56:00.000Z,BOU,X,adjusted,channel,20467.049,nT
2026-04-11T15:57:00.000Z,BOU,X,adjusted,channel,20467.56,nT
2026-04-11T15:58:00.000Z,BOU,X,adjusted,channel,20467.801,nT
2026-04-11T15:59:00.000Z,BOU,X,adjusted,channel,20467.952,nT
2026-04-11T16:00:00.000Z,BOU,X,adjusted,channel,20467.91,nT
2026-04-11T16:01:00.000Z,BOU,X,adjusted,channel,20466.217,nT
2026-04-11T16:02:00.000Z,BOU,X,adjusted,channel,20466.174,nT
2026-04-11T16:03:00.000Z,BOU,X,adjusted,channel,20466.161,nT
2026-04-11T16:04:00.000Z,BOU,X,adjusted,channel,20467.187,nT
2026-04-11T16:05:00.000Z,BOU,X,adjusted,channel,20467.043,nT
2026-04-11T16:06:00.000Z,BOU,X,adjusted,channel,20467.417,nT
2026-04-11T16:07:00.000Z,BOU,X,adjusted,channel,20467.007,nT
2026-04-11T16:08:00.000Z,BOU,X,adjusted,channel,20466.857,nT
2026-04-11T16:09:00.000Z,BOU,X,adjusted,channel,20465.73,nT
2026-04-11T16:10:00.000Z,BOU,X,adjusted,channel,20466.178,nT
2026-04-11T16:11:00.000Z,BOU,X,adjusted,channel,20466.931,nT
2026-04-11T16:12:00.000Z,BOU,X,adjusted,channel,20466.619,nT
2026-04-11T16:13:00.000Z,BOU,X,adjusted,channel,20466.137,nT
2026-04-11T16:14:00.000Z,BOU,X,adjusted,channel,20466.325,nT
2026-04-11T16:15:00.000Z,BOU,X,adjusted,channel,20466.92,nT
2026-04-11T16:16:00.000Z,BOU,X,adjusted,channel,20467.22,nT
2026-04-11T16:17:00.000Z,BOU,X,adjusted,channel,20467.073,nT
2026-04-11T16:18:00.000Z,BOU,X,adjusted,channel,20466.67,nT
2026-04-11T16:19:00.000Z,BOU,X,adjusted,channel,20465.942,nT
2026-04-11T16:20:00.000Z,BOU,X,adjusted,channel,20465.953,nT
2026-04-11T16:21:00.000Z,BOU,X,adjusted,channel,20465.09,nT
2026-04-11T16:22:00.000Z,BOU,X,adjusted,channel,20465.335,nT
2026-04-11T16:23:00.000Z,BOU,X,adjusted,channel,20465.589,nT
2026-04-11T16:24:00.000Z,BOU,X,adjusted,channel,20465.098,nT
2026-04-11T16:25:00.000Z,BOU,X,adjusted,channel,20465.774,nT
2026-04-11T16:26:00.000Z,BOU,X,adjusted,channel,20466.124,nT
2026-04-11T16:27:00.000Z,BOU,X,adjusted,channel,20466.716,nT
2026-04-11T16:28:00.000Z,BOU,X,adjusted,channel,20466.152,nT
2026-04-11T16:29:00.000Z,BOU,X,adjusted,channel,20465.927,nT
2026-04-11T16:30:00.000Z,BOU,X,adjusted,channel,20466.396,nT
2026-04-11T16:31:00.000Z,BOU,X,adjusted,channel,20466.748,nT
2026-04-11T16:32:00.000Z,BOU,X,adjusted,channel,20466.675,nT
2026-04-11T16:33:00.000Z,BOU,X,adjusted,channel,20467.076,nT
2026-04-11T16:34:00.000Z,BOU,X,adjusted,channel,20467.005,nT
2026-04-11T16:35:00.000Z,BOU,X,adjusted,channel,20465.605,nT
2026-04-11T16:36:00.000Z,BOU,X,adjusted,channel,20466.771,nT
2026-04-11T16:37:00.000Z,BOU,X,adjusted,channel,20467.937,nT
2026-04-11T16:38:00.000Z,BOU,X,adjusted,channel,20467.855,nT
2026-04-11T16:39:00.000Z,BOU,X,adjusted,channel,20466.887,nT
2026-04-11T16:40:00.000Z,BOU,X,adjusted,channel,20467.921,nT
2026-04-11T16:41:00.000Z,BOU,X,adjusted,channel,20468.667,nT
2026-04-11T16:42:00.000Z,BOU,X,adjusted,channel,20468.57,nT
2026-04-11T16:43:00.000Z,BOU,X,adjusted,channel,20468.154,nT
2026-04-11T16:44:00.000Z,BOU,X,adjusted,channel,20468.26,nT
2026-04-11T16:45:00.000Z,BOU,X,adjusted,channel,20468.669,nT
2026-04-11T16:46:00.000Z,BOU,X,adjusted,channel,20469.254,nT
2026-04-11T16:47:00.000Z,BOU,X,adjusted,channel,20469.532,nT
2026-04-11T16:48:00.000Z,BOU,X,adjusted,channel,20469.776,nT
2026-04-11T16:49:00.000Z,BOU,X,adjusted,channel,20469.731,nT
2026-04-11T16:50:00.000Z,BOU,X,adjusted,channel,20469.603,nT
2026-04-11T16:51:00.000Z,BOU,X,adjusted,channel,20469.749,nT
2026-04-11T16:52:00.000Z,BOU,X,adjusted,channel,20469.652,nT
2026-04-11T16:53:00.000Z,BOU,X,adjusted,channel,20469.71,nT
2026-04-11T16:54:00.000Z,BOU,X,adjusted,channel,20469.506,nT
2026-04-11T16:55:00.000Z,BOU,X,adjusted,channel,20468.642,nT
2026-04-11T16:56:00.000Z,BOU,X,adjusted,channel,20468.304,nT
2026-04-11T16:57:00.000Z,BOU,X,adjusted,channel,20468.888,nT
2026-04-11T16:58:00.000Z,BOU,X,adjusted,channel,20468.363,nT
2026-04-11T16:59:00.000Z,BOU,X,adjusted,channel,20470.164,nT
2026-04-11T17:00:00.000Z,BOU,X,adjusted,channel,20469.253,nT
2026-04-11T17:01:00.000Z,BOU,X,adjusted,channel,20468.807,nT
2026-04-11T17:02:00.000Z,BOU,X,adjusted,channel,20468.756,nT
2026-04-11T17:03:00.000Z,BOU,X,adjusted,channel,20468.956,nT
2026-04-11T17:04:00.000Z,BOU,X,adjusted,channel,20468.681,nT
2026-04-11T17:05:00.000Z,BOU,X,adjusted,channel,20469.747,nT
2026-04-11T17:06:00.000Z,BOU,X,adjusted,channel,20469.597,nT
2026-04-11T17:07:00.000Z,BOU,X,adjusted,channel,20469.511,nT
2026-04-11T17:08:00.000Z,BOU,X,adjusted,channel,20469.443,nT
2026-04-11T17:09:00.000Z,BOU,X,adjusted,channel,20469.711,nT
2026-04-11T17:10:00.000Z,BOU,X,adjusted,channel,20469.969,nT
2026-04-11T17:11:00.000Z,BOU,X,adjusted,channel,20470.241,nT
2026-04-11T17:12:00.000Z,BOU,X,adjusted,channel,20470.149,nT
2026-04-11T17:13:00.000Z,BOU,X,adjusted,channel,20470.216,nT
2026-04-11T17:14:00.000Z,BOU,X,adjusted,channel,20469.338,nT
2026-04-11T17:15:00.000Z,BOU,X,adjusted,channel,20469.501,nT
2026-04-11T17:16:00.000Z,BOU,X,adjusted,channel,20469.164,nT
2026-04-11T17:17:00.000Z,BOU,X,adjusted,channel,20468.368,nT
2026-04-11T17:18:00.000Z,BOU,X,adjusted,channel,20468.629,nT
2026-04-11T17:19:00.000Z,BOU,X,adjusted,channel,20468.907,nT
2026-04-11T17:20:00.000Z,BOU,X,adjusted,channel,20468.337,nT
2026-04-11T17:21:00.000Z,BOU,X,adjusted,channel,20467.907,nT
2026-04-11T17:22:00.000Z,BOU,X,adjusted,channel,20467.741,nT
2026-04-11T17:23:00.000Z,BOU,X,adjusted,channel,20468.885,nT
2026-04-11T17:24:00.000Z,BOU,X,adjusted,channel,20470.037,nT
2026-04-11T17:25:00.000Z,BOU,X,adjusted,channel,20469.859,nT
2026-04-11T17:26:00.000Z,BOU,X,adjusted,channel,20469.392,nT
2026-04-11T17:27:00.000Z,BOU,X,adjusted,channel,20470.028,nT
2026-04-11T17:28:00.000Z,BOU,X,adjusted,channel,20470.948,nT
2026-04-11T17:29:00.000Z,BOU,X,adjusted,channel,20471.705,nT
2026-04-11T17:30:00.000Z,BOU,X,adjusted,channel,20471.438,nT
2026-04-11T17:31:00.000Z,BOU,X,adjusted,channel,20471.739,nT
2026-04-11T17:32:00.000Z,BOU,X,adjusted,channel,20471.192,nT
2026-04-11T17:33:00.000Z,BOU,X,adjusted,channel,20471.182,nT
2026-04-11T17:34:00.000Z,BOU,X,adjusted,channel,20470.842,nT
2026-04-11T17:35:00.000Z,BOU,X,adjusted,channel,20470.709,nT
2026-04-11T17:36:00.000Z,BOU,X,adjusted,channel,20470.763,nT
2026-04-11T17:37:00.000Z,BOU,X,adjusted,channel,20470.443,nT
2026-04-11T17:38:00.000Z,BOU,X,adjusted,channel,20470.844,nT
2026-04-11T17:39:00.000Z,BOU,X,adjusted,channel,20470.476,nT
2026-04-11T17:40:00.000Z,BOU,X,adjusted,channel,20470.542,nT
2026-04-11T17:41:00.000Z,BOU,X,adjusted,channel,20470.241,nT
2026-04-11T17:42:00.000Z,BOU,X,adjusted,channel,20470.629,nT
2026-04-11T17:43:00.000Z,BOU,X,adjusted,channel,20471.377,nT
2026-04-11T17:44:00.000Z,BOU,X,adjusted,channel,20471.799,nT
2026-04-11T17:45:00.000Z,BOU,X,adjusted,channel,20472.228,nT
2026-04-11T17:46:00.000Z,BOU,X,adjusted,channel,20471.403,nT
2026-04-11T17:47:00.000Z,BOU,X,adjusted,channel,20471.662,nT
2026-04-11T17:48:00.000Z,BOU,X,adjusted,channel,20471.551,nT
2026-04-11T17:49:00.000Z,BOU,X,adjusted,channel,20472.802,nT
2026-04-11T17:50:00.000Z,BOU,X,adjusted,channel,20472.9,nT
2026-04-11T17:51:00.000Z,BOU,X,adjusted,channel,20472.899,nT
2026-04-11T17:52:00.000Z,BOU,X,adjusted,channel,20473.512,nT
2026-04-11T17:53:00.000Z,BOU,X,adjusted,channel,20473.23,nT
2026-04-11T17:54:00.000Z,BOU,X,adjusted,channel,20472.329,nT
2026-04-11T17:55:00.000Z,BOU,X,adjusted,channel,20472.462,nT
2026-04-11T17:56:00.000Z,BOU,X,adjusted,channel,20472.239,nT
2026-04-11T17:57:00.000Z,BOU,X,adjusted,channel,20473.264,nT
2026-04-11T17:58:00.000Z,BOU,X,adjusted,channel,20473.59,nT
2026-04-11T17:59:00.000Z,BOU,X,adjusted,channel,20473.006,nT
2026-04-11T18:00:00.000Z,BOU,X,adjusted,channel,20472.645,nT
2026-04-11T18:01:00.000Z,BOU,X,adjusted,channel,20472.709,nT
2026-04-11T18:02:00.000Z,BOU,X,adjusted,channel,20473.181,nT
2026-04-11T18:03:00.000Z,BOU,X,adjusted,channel,20473.382,nT
2026-04-11T18:04:00.000Z,BOU,X,adjusted,channel,20473.655,nT
2026-04-11T18:05:00.000Z,BOU,X,adjusted,channel,20473.027,nT
2026-04-11T18:06:00.000Z,BOU,X,adjusted,channel,20473.037,nT
2026-04-11T18:07:00.000Z,BOU,X,adjusted,channel,20473.326,nT
2026-04-11T18:08:00.000Z,BOU,X,adjusted,channel,20473.151,nT
2026-04-11T18:09:00.000Z,BOU,X,adjusted,channel,20472.943,nT
2026-04-11T18:10:00.000Z,BOU,X,adjusted,channel,20472.67,nT
2026-04-11T18:11:00.000Z,BOU,X,adjusted,channel,20471.344,nT
2026-04-11T18:12:00.000Z,BOU,X,adjusted,channel,20471.351,nT
2026-04-11T18:13:00.000Z,BOU,X,adjusted,channel,20471.304,nT
2026-04-11T18:14:00.000Z,BOU,X,adjusted,channel,20470.709,nT
2026-04-11T18:15:00.000Z,BOU,X,adjusted,channel,20470.115,nT
2026-04-11T18:16:00.000Z,BOU,X,adjusted,channel,20470.181,nT
2026-04-11T18:17:00.000Z,BOU,X,adjusted,channel,20470.644,nT
2026-04-11T18:18:00.000Z,BOU,X,adjusted,channel,20470.678,nT
2026-04-11T18:19:00.000Z,BOU,X,adjusted,channel,20470.916,nT
2026-04-11T18:20:00.000Z,BOU,X,adjusted,channel,20471.491,nT
2026-04-11T18:21:00.000Z,BOU,X,adjusted,channel,20471.365,nT
2026-04-11T18:22:00.000Z,BOU,X,adjusted,channel,20471.873,nT
2026-04-11T18:23:00.000Z,BOU,X,adjusted,channel,20472.709,nT
2026-04-11T18:24:00.000Z,BOU,X,adjusted,channel,20472.935,nT
2026-04-11T18:25:00.000Z,BOU,X,adjusted,channel,20472.356,nT
2026-04-11T18:26:00.000Z,BOU,X,adjusted,channel,20472.752,nT
2026-04-11T18:27:00.000Z,BOU,X,adjusted,channel,20473.242,nT
2026-04-11T18:28:00.000Z,BOU,X,adjusted,channel,20473.36,nT
2026-04-11T18:29:00.000Z,BOU,X,adjusted,channel,20474.122,nT
2026-04-11T18:30:00.000Z,BOU,X,adjusted,channel,20474.448,nT
2026-04-11T18:31:00.000Z,BOU,X,adjusted,channel,20474.183,nT
2026-04-11T18:32:00.000Z,BOU,X,adjusted,channel,20474.397,nT
2026-04-11T18:33:00.000Z,BOU,X,adjusted,channel,20474.846,nT
2026-04-11T18:34:00.000Z,BOU,X,adjusted,channel,20475.295,nT
2026-04-11T18:35:00.000Z,BOU,X,adjusted,channel,20475.512,nT
2026-04-11T18:36:00.000Z,BOU,X,adjusted,channel,20475.707,nT
2026-04-11T18:37:00.000Z,BOU,X,adjusted,channel,20474.883,nT
2026-04-11T18:38:00.000Z,BOU,X,adjusted,channel,20473.597,nT
2026-04-11T18:39:00.000Z,BOU,X,adjusted,channel,20472.577,nT
2026-04-11T18:40:00.000Z,BOU,X,adjusted,channel,20472.127,nT
2026-04-11T18:41:00.000Z,BOU,X,adjusted,channel,20471.988,nT
2026-04-11T18:42:00.000Z,BOU,X,adjusted,channel,20471.91,nT
2026-04-11T18:43:00.000Z,BOU,X,adjusted,channel,20472.218,nT
2026-04-11T18:44:00.000Z,BOU,X,adjusted,channel,20473.704,nT
2026-04-11T18:45:00.000Z,BOU,X,adjusted,channel,20474.605,nT
2026-04-11T18:46:00.000Z,BOU,X,adjusted,channel,20474.727,nT
2026-04-11T18:47:00.000Z,BOU,X,adjusted,channel,20474.44,nT
2026-04-11T18:48:00.000Z,BOU,X,adjusted,channel,20474.092,nT
2026-04-11T18:49:00.000Z,BOU,X,adjusted,channel,20473.705,nT
2026-04-11T18:50:00.000Z,BOU,X,adjusted,channel,20473.365,nT
2026-04-11T18:51:00.000Z,BOU,X,adjusted,channel,20473.151,nT
2026-04-11T18:52:00.000Z,BOU,X,adjusted,channel,20473.156,nT
2026-04-11T18:53:00.000Z,BOU,X,adjusted,channel,20473.285,nT
2026-04-11T18:54:00.000Z,BOU,X,adjusted,channel,20473.445,nT
2026-04-11T18:55:00.000Z,BOU,X,adjusted,channel,20473.139,nT
2026-04-11T18:56:00.000Z,BOU,X,adjusted,channel,20473.418,nT
2026-04-11T18:57:00.000Z,BOU,X,adjusted,channel,20473.322,nT
2026-04-11T18:58:00.000Z,BOU,X,adjusted,channel,20473.53,nT
2026-04-11T18:59:00.000Z,BOU,X,adjusted,channel,20473.596,nT
2026-04-11T19:00:00.000Z,BOU,X,adjusted,channel,20472.943,nT
2026-04-11T19:01:00.000Z,BOU,X,adjusted,channel,20472.294,nT
2026-04-11T19:02:00.000Z,BOU,X,adjusted,channel,20471.946,nT
2026-04-11T19:03:00.000Z,BOU,X,adjusted,channel,20472.54,nT
2026-04-11T19:04:00.000Z,BOU,X,adjusted,channel,20473.287,nT
2026-04-11T19:05:00.000Z,BOU,X,adjusted,channel,20473.727,nT
2026-04-11T19:06:00.000Z,BOU,X,adjusted,channel,20473.815,nT
2026-04-11T19:07:00.000Z,BOU,X,adjusted,channel,20474.154,nT
2026-04-11T19:08:00.000Z,BOU,X,adjusted,channel,20473.688,nT
2026-04-11T19:09:00.000Z,BOU,X,adjusted,channel,20472.729,nT
2026-04-11T19:10:00.000Z,BOU,X,adjusted,channel,20472.098,nT
2026-04-11T19:11:00.000Z,BOU,X,adjusted,channel,20472.222,nT
2026-04-11T19:12:00.000Z,BOU,X,adjusted,channel,20472.769,nT
2026-04-11T19:13:00.000Z,BOU,X,adjusted,channel,20472.091,nT
2026-04-11T19:14:00.000Z,BOU,X,adjusted,channel,20471.529,nT
2026-04-11T19:15:00.000Z,BOU,X,adjusted,channel,20470.704,nT
2026-04-11T19:16:00.000Z,BOU,X,adjusted,channel,20470.949,nT
2026-04-11T19:17:00.000Z,BOU,X,adjusted,channel,20471.753,nT
2026-04-11T19:18:00.000Z,BOU,X,adjusted,channel,20471.774,nT
2026-04-11T19:19:00.000Z,BOU,X,adjusted,channel,20471.913,nT
2026-04-11T19:20:00.000Z,BOU,X,adjusted,channel,20471.91,nT
2026-04-11T19:21:00.000Z,BOU,X,adjusted,channel,20471.015,nT
2026-04-11T19:22:00.000Z,BOU,X,adjusted,channel,20470.878,nT
2026-04-11T19:23:00.000Z,BOU,X,adjusted,channel,20470.578,nT
2026-04-11T19:24:00.000Z,BOU,X,adjusted,channel,20470.772,nT
2026-04-11T19:25:00.000Z,BOU,X,adjusted,channel,20470.619,nT
2026-04-11T19:26:00.000Z,BOU,X,adjusted,channel,20471.531,nT
2026-04-11T19:27:00.000Z,BOU,X,adjusted,channel,20472.152,nT
2026-04-11T19:28:00.000Z,BOU,X,adjusted,channel,20471.372,nT
2026-04-11T19:29:00.000Z,BOU,X,adjusted,channel,20470.886,nT
2026-04-11T19:30:00.000Z,BOU,X,adjusted,channel,20471.047,nT
2026-04-11T19:31:00.000Z,BOU,X,adjusted,channel,20471.441,nT
2026-04-11T19:32:00.000Z,BOU,X,adjusted,channel,20471.514,nT
2026-04-11T19:33:00.000Z,BOU,X,adjusted,channel,20471.426,nT
2026-04-11T19:34:00.000Z,BOU,X,adjusted,channel,20471.085,nT
2026-04-11T19:35:00.000Z,BOU,X,adjusted,channel,20471.316,nT
2026-04-11T19:36:00.000Z,BOU,X,adjusted,channel,20471.529,nT
2026-04-11T19:37:00.000Z,BOU,X,adjusted,channel,20471.156,nT
2026-04-11T19:38:00.000Z,BOU,X,adjusted,channel,20470.844,nT
2026-04-11T19:39:00.000Z,BOU,X,adjusted,channel,20471.024,nT
2026-04-11T19:40:00.000Z,BOU,X,adjusted,channel,20471.576,nT
2026-04-11T19:41:00.000Z,BOU,X,adjusted,channel,20472.017,nT
2026-04-11T19:42:00.000Z,BOU,X,adjusted,channel,20471.683,nT
2026-04-11T19:43:00.000Z,BOU,X,adjusted,channel,20471.789,nT
2026-04-11T19:44:00.000Z,BOU,X,adjusted,channel,20472.118,nT
2026-04-11T19:45:00.000Z,BOU,X,adjusted,channel,20472.349,nT
2026-04-11T19:46:00.000Z,BOU,X,adjusted,channel,20472.234,nT
2026-04-11T19:47:00.000Z,BOU,X,adjusted,channel,20472.332,nT
2026-04-11T19:48:00.000Z,BOU,X,adjusted,channel,20472.397,nT
2026-04-11T19:49:00.000Z,BOU,X,adjusted,channel,20472.78,nT
2026-04-11T19:50:00.000Z,BOU,X,adjusted,channel,20472.652,nT
2026-04-11T19:51:00.000Z,BOU,X,adjusted,channel,20472.829,nT
2026-04-11T19:52:00.000Z,BOU,X,adjusted,channel,20472.665,nT
2026-04-11T19:53:00.000Z,BOU,X,adjusted,channel,20472.723,nT
2026-04-11T19:54:00.000Z,BOU,X,adjusted,channel,20472.747,nT
2026-04-11T19:55:00.000Z,BOU,X,adjusted,channel,20472.497,nT
2026-04-11T19:56:00.000Z,BOU,X,adjusted,channel,20472.967,nT
2026-04-11T19:57:00.000Z,BOU,X,adjusted,channel,20472.675,nT
2026-04-11T19:58:00.000Z,BOU,X,adjusted,channel,20472.732,nT
2026-04-11T19:59:00.000Z,BOU,X,adjusted,channel,20472.853,nT
2026-04-11T20:00:00.000Z,BOU,X,adjusted,channel,20472.827,nT
2026-04-11T20:01:00.000Z,BOU,X,adjusted,channel,20472.992,nT
2026-04-11T20:02:00.000Z,BOU,X,adjusted,channel,20473.191,nT
2026-04-11T20:03:00.000Z,BOU,X,adjusted,channel,20472.81,nT
2026-04-11T20:04:00.000Z,BOU,X,adjusted,channel,20472.552,nT
2026-04-11T20:05:00.000Z,BOU,X,adjusted,channel,20471.956,nT
2026-04-11T20:06:00.000Z,BOU,X,adjusted,channel,20472.239,nT
2026-04-11T20:07:00.000Z,BOU,X,adjusted,channel,20472.795,nT
2026-04-11T20:08:00.000Z,BOU,X,adjusted,channel,20472.639,nT
2026-04-11T20:09:00.000Z,BOU,X,adjusted,channel,20472.533,nT
2026-04-11T20:10:00.000Z,BOU,X,adjusted,channel,20472.703,nT
2026-04-11T20:11:00.000Z,BOU,X,adjusted,channel,20473.318,nT
2026-04-11T20:12:00.000Z,BOU,X,adjusted,channel,20472.84,nT
2026-04-11T20:13:00.000Z,BOU,X,adjusted,channel,20472.32,nT
2026-04-11T20:14:00.000Z,BOU,X,adjusted,channel,20472.117,nT
2026-04-11T20:15:00.000Z,BOU,X,adjusted,channel,20473.182,nT
2026-04-11T20:16:00.000Z,BOU,X,adjusted,channel,20473.893,nT
2026-04-11T20:17:00.000Z,BOU,X,adjusted,channel,20473.847,nT
2026-04-11T20:18:00.000Z,BOU,X,adjusted,channel,20473.886,nT
2026-04-11T20:19:00.000Z,BOU,X,adjusted,channel,20473.592,nT
2026-04-11T20:20:00.000Z,BOU,X,adjusted,channel,20473.71,nT
2026-04-11T20:21:00.000Z,BOU,X,adjusted,channel,20472.884,nT
2026-04-11T20:22:00.000Z,BOU,X,adjusted,channel,20471.346,nT
2026-04-11T20:23:00.000Z,BOU,X,adjusted,channel,20470.734,nT
2026-04-11T20:24:00.000Z,BOU,X,adjusted,channel,20470.228,nT
2026-04-11T20:25:00.000Z,BOU,X,adjusted,channel,20469.775,nT
2026-04-11T20:26:00.000Z,BOU,X,adjusted,channel,20470.071,nT
2026-04-11T20:27:00.000Z,BOU,X,adjusted,channel,20470.692,nT
2026-04-11T20:28:00.000Z,BOU,X,adjusted,channel,20470.619,nT
2026-04-11T20:29:00.000Z,BOU,X,adjusted,channel,20470.165,nT
2026-04-11T20:30:00.000Z,BOU,X,adjusted,channel,20470.302,nT
2026-04-11T20:31:00.000Z,BOU,X,adjusted,channel,20470.629,nT
2026-04-11T20:32:00.000Z,BOU,X,adjusted,channel,20470.93,nT
2026-04-11T20:33:00.000Z,BOU,X,adjusted,channel,20470.881,nT
2026-04-11T20:34:00.000Z,BOU,X,adjusted,channel,20471.417,nT
2026-04-11T20:35:00.000Z,BOU,X,adjusted,channel,20471.631,nT
2026-04-11T20:36:00.000Z,BOU,X,adjusted,channel,20472.338,nT
2026-04-11T20:37:00.000Z,BOU,X,adjusted,channel,20472.654,nT
2026-04-11T20:38:00.000Z,BOU,X,adjusted,channel,20472.048,nT
2026-04-11T20:39:00.000Z,BOU,X,adjusted,channel,20471.736,nT
2026-04-11T20:40:00.000Z,BOU,X,adjusted,channel,20471.669,nT
2026-04-11T20:41:00.000Z,BOU,X,adjusted,channel,20471.567,nT
2026-04-11T20:42:00.000Z,BOU,X,adjusted,channel,20471.885,nT
2026-04-11T20:43:00.000Z,BOU,X,adjusted,channel,20471.85,nT
2026-04-11T20:44:00.000Z,BOU,X,adjusted,channel,20471.548,nT
2026-04-11T20:45:00.000Z,BOU,X,adjusted,channel,20471.443,nT
2026-04-11T20:46:00.000Z,BOU,X,adjusted,channel,20471.928,nT
2026-04-11T20:47:00.000Z,BOU,X,adjusted,channel,20472.579,nT
2026-04-11T20:48:00.000Z,BOU,X,adjusted,channel,20473.337,nT
2026-04-11T20:49:00.000Z,BOU,X,adjusted,channel,20473.987,nT
2026-04-11T20:50:00.000Z,BOU,X,adjusted,channel,20475.06,nT
2026-04-11T20:51:00.000Z,BOU,X,adjusted,channel,20475.711,nT
2026-04-11T20:52:00.000Z,BOU,X,adjusted,channel,20476.126,nT
2026-04-11T20:53:00.000Z,BOU,X,adjusted,channel,20476.414,nT
2026-04-11T20:54:00.000Z,BOU,X,adjusted,channel,20477.208,nT
2026-04-11T20:55:00.000Z,BOU,X,adjusted,channel,20478.268,nT
2026-04-11T20:56:00.000Z,BOU,X,adjusted,channel,20478.988,nT
2026-04-11T20:57:00.000Z,BOU,X,adjusted,channel,20479.758,nT
2026-04-11T20:58:00.000Z,BOU,X,adjusted,channel,20480.845,nT
2026-04-11T20:59:00.000Z,BOU,X,adjusted,channel,20481.667,nT
2026-04-11T21:00:00.000Z,BOU,X,adjusted,channel,20481.662,nT
2026-04-11T21:01:00.000Z,BOU,X,adjusted,channel,20480.938,nT
2026-04-11T21:02:00.000Z,BOU,X,adjusted,channel,20479.839,nT
2026-04-11T21:03:00.000Z,BOU,X,adjusted,channel,20478.599,nT
2026-04-11T21:04:00.000Z,BOU,X,adjusted,channel,20478.478,nT
2026-04-11T21:05:00.000Z,BOU,X,adjusted,channel,20479.109,nT
2026-04-11T21:06:00.000Z,BOU,X,adjusted,channel,20480.45,nT
2026-04-11T21:07:00.000Z,BOU,X,adjusted,channel,20481.919,nT
2026-04-11T21:08:00.000Z,BOU,X,adjusted,channel,20482.519,nT
2026-04-11T21:09:00.000Z,BOU,X,adjusted,channel,20482.147,nT
2026-04-11T21:10:00.000Z,BOU,X,adjusted,channel,20481.943,nT
2026-04-11T21:11:00.000Z,BOU,X,adjusted,channel,20481.629,nT
2026-04-11T21:12:00.000Z,BOU,X,adjusted,channel,20481.996,nT
2026-04-11T21:13:00.000Z,BOU,X,adjusted,channel,20482.257,nT
2026-04-11T21:14:00.000Z,BOU,X,adjusted,channel,20482.426,nT
2026-04-11T21:15:00.000Z,BOU,X,adjusted,channel,20482.884,nT
2026-04-11T21:16:00.000Z,BOU,X,adjusted,channel,20483.239,nT
2026-04-11T21:17:00.000Z,BOU,X,adjusted,channel,20483.811,nT
2026-04-11T21:18:00.000Z,BOU,X,adjusted,channel,20484.866,nT
2026-04-11T21:19:00.000Z,BOU,X,adjusted,channel,20485.689,nT
2026-04-11T21:20:00.000Z,BOU,X,adjusted,channel,20485.888,nT
2026-04-11T21:21:00.000Z,BOU,X,adjusted,channel,20485.616,nT
2026-04-11T21:22:00.000Z,BOU,X,adjusted,channel,20485.512,nT
2026-04-11T21:23:00.000Z,BOU,X,adjusted,channel,20485.297,nT
2026-04-11T21:24:00.000Z,BOU,X,adjusted,channel,20485.056,nT
2026-04-11T21:25:00.000Z,BOU,X,adjusted,channel,20484.984,nT
2026-04-11T21:26:00.000Z,BOU,X,adjusted,channel,20485.052,nT
2026-04-11T21:27:00.000Z,BOU,X,adjusted,channel,20484.738,nT
2026-04-11T21:28:00.000Z,BOU,X,adjusted,channel,20484.749,nT
2026-04-11T21:29:00.000Z,BOU,X,adjusted,channel,20485.442,nT
2026-04-11T21:30:00.000Z,BOU,X,adjusted,channel,20485.843,nT
2026-04-11T21:31:00.000Z,BOU,X,adjusted,channel,20485.788,nT
2026-04-11T21:32:00.000Z,BOU,X,adjusted,channel,20486.037,nT
2026-04-11T21:33:00.000Z,BOU,X,adjusted,channel,20486.165,nT
2026-04-11T21:34:00.000Z,BOU,X,adjusted,channel,20486.572,nT
2026-04-11T21:35:00.000Z,BOU,X,adjusted,channel,20487.229,nT
2026-04-11T21:36:00.000Z,BOU,X,adjusted,channel,20487.893,nT
2026-04-11T21:37:00.000Z,BOU,X,adjusted,channel,20487.957,nT
2026-04-11T21:38:00.000Z,BOU,X,adjusted,channel,20487.675,nT
2026-04-11T21:39:00.000Z,BOU,X,adjusted,channel,20487.185,nT
2026-04-11T21:40:00.000Z,BOU,X,adjusted,channel,20486.783,nT
2026-04-11T21:41:00.000Z,BOU,X,adjusted,channel,20487.073,nT
2026-04-11T21:42:00.000Z,BOU,X,adjusted,channel,20487.871,nT
2026-04-11T21:43:00.000Z,BOU,X,adjusted,channel,20488.24,nT
2026-04-11T21:44:00.000Z,BOU,X,adjusted,channel,20488.291,nT
2026-04-11T21:45:00.000Z,BOU,X,adjusted,channel,20488.351,nT
2026-04-11T21:46:00.000Z,BOU,X,adjusted,channel,20488.284,nT
2026-04-11T21:47:00.000Z,BOU,X,adjusted,channel,20487.955,nT
2026-04-11T21:48:00.000Z,BOU,X,adjusted,channel,20487.99,nT
2026-04-11T21:49:00.000Z,BOU,X,adjusted,channel,20487.982,nT
2026-04-11T21:50:00.000Z,BOU,X,adjusted,channel,20488.539,nT
2026-04-11T21:51:00.000Z,BOU,X,adjusted,channel,20488.927,nT
2026-04-11T21:52:00.000Z,BOU,X,adjusted,channel,20489.13,nT
2026-04-11T21:53:00.000Z,BOU,X,adjusted,channel,20488.767,nT
2026-04-11T21:54:00.000Z,BOU,X,adjusted,channel,20489.475,nT
2026-04-11T21:55:00.000Z,BOU,X,adjusted,channel,20489.653,nT
2026-04-11T21:56:00.000Z,BOU,X,adjusted,channel,20489.605,nT
2026-04-11T21:57:00.000Z,BOU,X,adjusted,channel,20489.194,nT
2026-04-11T21:58:00.000Z,BOU,X,adjusted,channel,20489.469,nT
2026-04-11T21:59:00.000Z,BOU,X,adjusted,channel,20489.891,nT
2026-04-11T22:00:00.000Z,BOU,X,adjusted,channel,20490.059,nT
2026-04-11T22:01:00.000Z,BOU,X,adjusted,channel,20490.338,nT
2026-04-11T22:02:00.000Z,BOU,X,adjusted,channel,20490.311,nT
2026-04-11T22:03:00.000Z,BOU,X,adjusted,channel,20490.498,nT
2026-04-11T22:04:00.000Z,BOU,X,adjusted,channel,20490.894,nT
2026-04-11T22:05:00.000Z,BOU,X,adjusted,channel,20491.413,nT
2026-04-11T22:06:00.000Z,BOU,X,adjusted,channel,20491.337,nT
2026-04-11T22:07:00.000Z,BOU,X,adjusted,channel,20490.687,nT
2026-04-11T22:08:00.000Z,BOU,X,adjusted,channel,20491.189,nT
2026-04-11T22:09:00.000Z,BOU,X,adjusted,channel,20491.029,nT
2026-04-11T22:10:00.000Z,BOU,X,adjusted,channel,20491.288,nT
2026-04-11T22:11:00.000Z,BOU,X,adjusted,channel,20491.364,nT
2026-04-11T22:12:00.000Z,BOU,X,adjusted,channel,20491.438,nT
2026-04-11T22:13:00.000Z,BOU,X,adjusted,channel,20491.412,nT
2026-04-11T22:14:00.000Z,BOU,X,adjusted,channel,20491.176,nT
2026-04-11T22:15:00.000Z,BOU,X,adjusted,channel,20490.899,nT
2026-04-11T22:16:00.000Z,BOU,X,adjusted,channel,20491.443,nT
2026-04-11T22:17:00.000Z,BOU,X,adjusted,channel,20492.213,nT
2026-04-11T22:18:00.000Z,BOU,X,adjusted,channel,20494.045,nT
2026-04-11T22:19:00.000Z,BOU,X,adjusted,channel,20494.987,nT
2026-04-11T22:20:00.000Z,BOU,X,adjusted,channel,20494.321,nT
2026-04-11T22:21:00.000Z,BOU,X,adjusted,channel,20492.847,nT
2026-04-11T22:22:00.000Z,BOU,X,adjusted,channel,20492.949,nT
2026-04-11T22:23:00.000Z,BOU,X,adjusted,channel,20494.023,nT
2026-04-11T22:24:00.000Z,BOU,X,adjusted,channel,20494.464,nT
2026-04-11T22:25:00.000Z,BOU,X,adjusted,channel,20494.321,nT
2026-04-11T22:26:00.000Z,BOU,X,adjusted,channel,20493.744,nT
2026-04-11T22:27:00.000Z,BOU,X,adjusted,channel,20494.603,nT
2026-04-11T22:28:00.000Z,BOU,X,adjusted,channel,20494.986,nT
2026-04-11T22:29:00.000Z,BOU,X,adjusted,channel,20495.313,nT
2026-04-11T22:30:00.000Z,BOU,X,adjusted,channel,20493.968,nT
2026-04-11T22:31:00.000Z,BOU,X,adjusted,channel,20493.136,nT
2026-04-11T22:32:00.000Z,BOU,X,adjusted,channel,20493.648,nT
2026-04-11T22:33:00.000Z,BOU,X,adjusted,channel,20493.854,nT
2026-04-11T22:34:00.000Z,BOU,X,adjusted,channel,20494.181,nT
2026-04-11T22:35:00.000Z,BOU,X,adjusted,channel,20494.342,nT
2026-04-11T22:36:00.000Z,BOU,X,adjusted,channel,20493.326,nT
2026-04-11T22:37:00.000Z,BOU,X,adjusted,channel,20491.739,nT
2026-04-11T22:38:00.000Z,BOU,X,adjusted,channel,20490.997,nT
2026-04-11T22:39:00.000Z,BOU,X,adjusted,channel,20492.648,nT
2026-04-11T22:40:00.000Z,BOU,X,adjusted,channel,20493.999,nT
2026-04-11T22:41:00.000Z,BOU,X,adjusted,channel,20492.813,nT
2026-04-11T22:42:00.000Z,BOU,X,adjusted,channel,20492.577,nT
2026-04-11T22:43:00.000Z,BOU,X,adjusted,channel,20493.796,nT
2026-04-11T22:44:00.000Z,BOU,X,adjusted,channel,20494.855,nT
2026-04-11T22:45:00.000Z,BOU,X,adjusted,channel,20494.223,nT
2026-04-11T22:46:00.000Z,BOU,X,adjusted,channel,20491.983,nT
2026-04-11T22:47:00.000Z,BOU,X,adjusted,channel,20490.596,nT
2026-04-11T22:48:00.000Z,BOU,X,adjusted,channel,20491.039,nT
2026-04-11T22:49:00.000Z,BOU,X,adjusted,channel,20491.514,nT
2026-04-11T22:50:00.000Z,BOU,X,adjusted,channel,20492.052,nT
2026-04-11T22:51:00.000Z,BOU,X,adjusted,channel,20492.216,nT
2026-04-11T22:52:00.000Z,BOU,X,adjusted,channel,20492.332,nT
2026-04-11T22:53:00.000Z,BOU,X,adjusted,channel,20492.764,nT
2026-04-11T22:54:00.000Z,BOU,X,adjusted,channel,20492.396,nT
2026-04-11T22:55:00.000Z,BOU,X,adjusted,channel,20491.04,nT
2026-04-11T22:56:00.000Z,BOU,X,adjusted,channel,20490.388,nT
2026-04-11T22:57:00.000Z,BOU,X,adjusted,channel,20491.702,nT
2026-04-11T22:58:00.000Z,BOU,X,adjusted,channel,20492.442,nT
2026-04-11T22:59:00.000Z,BOU,X,adjusted,channel,20493.344,nT
2026-04-11T23:00:00.000Z,BOU,X,adjusted,channel,20491.773,nT
2026-04-11T23:01:00.000Z,BOU,X,adjusted,channel,20490.202,nT
2026-04-11T23:02:00.000Z,BOU,X,adjusted,channel,20489.628,nT
2026-04-11T23:03:00.000Z,BOU,X,adjusted,channel,20489.625,nT
2026-04-11T23:04:00.000Z,BOU,X,adjusted,channel,20489.642,nT
2026-04-11T23:05:00.000Z,BOU,X,adjusted,channel,20490.572,nT
2026-04-11T23:06:00.000Z,BOU,X,adjusted,channel,20491.61,nT
2026-04-11T23:07:00.000Z,BOU,X,adjusted,channel,20491.892,nT
2026-04-11T23:08:00.000Z,BOU,X,adjusted,channel,20491.506,nT
2026-04-11T23:09:00.000Z,BOU,X,adjusted,channel,20491.326,nT
2026-04-11T23:10:00.000Z,BOU,X,adjusted,channel,20491.368,nT
2026-04-11T23:11:00.000Z,BOU,X,adjusted,channel,20491.109,nT
2026-04-11T23:12:00.000Z,BOU,X,adjusted,channel,20490.563,nT
2026-04-11T23:13:00.000Z,BOU,X,adjusted,channel,20490.633,nT
2026-04-11T23:14:00.000Z,BOU,X,adjusted,channel,20490.433,nT
2026-04-11T23:15:00.000Z,BOU,X,adjusted,channel,20490.537,nT
2026-04-11T23:16:00.000Z,BOU,X,adjusted,channel,20490.666,nT
2026-04-11T23:17:00.000Z,BOU,X,adjusted,channel,20491.005,nT
2026-04-11T23:18:00.000Z,BOU,X,adjusted,channel,20490.972,nT
2026-04-11T23:19:00.000Z,BOU,X,adjusted,channel,20491.001,nT
2026-04-11T23:20:00.000Z,BOU,X,adjusted,channel,20490.268,nT
2026-04-11T23:21:00.000Z,BOU,X,adjusted,channel,20489.97,nT
2026-04-11T23:22:00.000Z,BOU,X,adjusted,channel,20490.184,nT
2026-04-11T23:23:00.000Z,BOU,X,adjusted,channel,20490.465,nT
2026-04-11T23:24:00.000Z,BOU,X,adjusted,channel,20490.174,nT
2026-04-11T23:25:00.000Z,BOU,X,adjusted,channel,20489.994,nT
2026-04-11T23:26:00.000Z,BOU,X,adjusted,channel,20489.677,nT
2026-04-11T23:27:00.000Z,BOU,X,adjusted,channel,20489.214,nT
2026-04-11T23:28:00.000Z,BOU,X,adjusted,channel,20489.286,nT
2026-04-11T23:29:00.000Z,BOU,X,adjusted,channel,20489.986,nT
2026-04-11T23:30:00.000Z,BOU,X,adjusted,channel,20490.237,nT
2026-04-11T23:31:00.000Z,BOU,X,adjusted,channel,20490.292,nT
2026-04-11T23:32:00.000Z,BOU,X,adjusted,channel,20490.182,nT
2026-04-11T23:33:00.000Z,BOU,X,adjusted,channel,20488.813,nT
2026-04-11T23:34:00.000Z,BOU,X,adjusted,channel,20488.764,nT
2026-04-11T23:35:00.000Z,BOU,X,adjusted,channel,20489.737,nT
2026-04-11T23:36:00.000Z,BOU,X,adjusted,channel,20490.855,nT
2026-04-11T23:37:00.000Z,BOU,X,adjusted,channel,20491.986,nT
2026-04-11T23:38:00.000Z,BOU,X,adjusted,channel,20491.404,nT
2026-04-11T23:39:00.000Z,BOU,X,adjusted,channel,20491.807,nT
2026-04-11T23:40:00.000Z,BOU,X,adjusted,channel,20492.001,nT
2026-04-11T23:41:00.000Z,BOU,X,adjusted,channel,20492.143,nT
2026-04-11T23:42:00.000Z,BOU,X,adjusted,channel,20492.028,nT
2026-04-11T23:43:00.000Z,BOU,X,adjusted,channel,20491.492,nT
2026-04-11T23:44:00.000Z,BOU,X,adjusted,channel,20492.014,nT
2026-04-11T23:45:00.000Z,BOU,X,adjusted,channel,20495.277,nT
2026-04-11T23:46:00.000Z,BOU,X,adjusted,channel,20498.666,nT
2026-04-11T23:47:00.000Z,BOU,X,adjusted,channel,20501.181,nT
2026-04-11T23:48:00.000Z,BOU,X,adjusted,channel,20499.906,nT
2026-04-11T23:49:00.000Z,BOU,X,adjusted,channel,20495.93,nT
2026-04-11T23:50:00.000Z,BOU,X,adjusted,channel,20494.282,nT
2026-04-11T23:51:00.000Z,BOU,X,adjusted,channel,20495.085,nT
2026-04-11T23:52:00.000Z,BOU,X,adjusted,channel,20497.186,nT
2026-04-11T23:53:00.000Z,BOU,X,adjusted,channel,20497.97,nT
2026-04-11T23:54:00.000Z,BOU,X,adjusted,channel,20497.957,nT
2026-04-11T23:55:00.000Z,BOU,X,adjusted,channel,20497.021,nT
2026-04-11T23:56:00.000Z,BOU,X,adjusted,channel,20497.342,nT
2026-04-11T23:57:00.000Z,BOU,X,adjusted,channel,20498.16,nT
2026-04-11T23:58:00.000Z,BOU,X,adjusted,channel,20497.145,nT
2026-04-11T23:59:00.000Z,BOU,X,adjusted,channel,20496.527,nT
2026-04-12T00:00:00.000Z,BOU,X,adjusted,channel,20496.787,nT
2026-04-12T00:01:00.000Z,BOU,X,adjusted,channel,20497.175,nT
2026-04-12T00:02:00.000Z,BOU,X,adjusted,channel,20497.101,nT
2026-04-12T00:03:00.000Z,BOU,X,adjusted,channel,20496.482,nT
2026-04-12T00:04:00.000Z,BOU,X,adjusted,channel,20496.656,nT
2026-04-12T00:05:00.000Z,BOU,X,adjusted,channel,20497.513,nT
2026-04-12T00:06:00.000Z,BOU,X,adjusted,channel,20497.456,nT
2026-04-12T00:07:00.000Z,BOU,X,adjusted,channel,20496.502,nT
2026-04-12T00:08:00.000Z,BOU,X,adjusted,channel,20496.454,nT
2026-04-12T00:09:00.000Z,BOU,X,adjusted,channel,20496.842,nT
2026-04-12T00:10:00.000Z,BOU,X,adjusted,channel,20496.777,nT
2026-04-12T00:11:00.000Z,BOU,X,adjusted,channel,20496.365,nT
2026-04-12T00:12:00.000Z,BOU,X,adjusted,channel,20495.918,nT
2026-04-12T00:13:00.000Z,BOU,X,adjusted,channel,20495.426,nT
2026-04-12T00:14:00.000Z,BOU,X,adjusted,channel,20495.285,nT
2026-04-12T00:15:00.000Z,BOU,X,adjusted,channel,20495.214,nT
2026-04-12T00:16:00.000Z,BOU,X,adjusted,channel,20495.667,nT
2026-04-12T00:17:00.000Z,BOU,X,adjusted,channel,20496.362,nT
2026-04-12T00:18:00.000Z,BOU,X,adjusted,channel,20496.782,nT
2026-04-12T00:19:00.000Z,BOU,X,adjusted,channel,20497.599,nT
2026-04-12T00:20:00.000Z,BOU,X,adjusted,channel,20497.87,nT
2026-04-12T00:21:00.000Z,BOU,X,adjusted,channel,20497.378,nT
2026-04-12T00:22:00.000Z,BOU,X,adjusted,channel,20496.734,nT
2026-04-12T00:23:00.000Z,BOU,X,adjusted,channel,20495.841,nT
2026-04-12T00:24:00.000Z,BOU,X,adjusted,channel,20495.721,nT
2026-04-12T00:25:00.000Z,BOU,X,adjusted,channel,20496.141,nT
2026-04-12T00:26:00.000Z,BOU,X,adjusted,channel,20496.533,nT
2026-04-12T00:27:00.000Z,BOU,X,adjusted,channel,20496.449,nT
2026-04-12T00:28:00.000Z,BOU,X,adjusted,channel,20497.229,nT
2026-04-12T00:29:00.000Z,BOU,X,adjusted,channel,20497.304,nT
2026-04-12T00:30:00.000Z,BOU,X,adjusted,channel,20496.893,nT
2026-04-12T00:31:00.000Z,BOU,X,adjusted,channel,20496.846,nT
2026-04-12T00:32:00.000Z,BOU,X,adjusted,channel,20498.108,nT
2026-04-12T00:33:00.000Z,BOU,X,adjusted,channel,20498.337,nT
2026-04-12T00:34:00.000Z,BOU,X,adjusted,channel,20497.867,nT
2026-04-12T00:35:00.000Z,BOU,X,adjusted,channel,20496.841,nT
2026-04-12T00:36:00.000Z,BOU,X,adjusted,channel,20496.299,nT
2026-04-12T00:37:00.000Z,BOU,X,adjusted,channel,20496.803,nT
2026-04-12T00:38:00.000Z,BOU,X,adjusted,channel,20498.345,nT
2026-04-12T00:39:00.000Z,BOU,X,adjusted,channel,20499.427,nT
2026-04-12T00:40:00.000Z,BOU,X,adjusted,channel,20499.106,nT
2026-04-12T00:41:00.000Z,BOU,X,adjusted,channel,20497.762,nT
2026-04-12T00:42:00.000Z,BOU,X,adjusted,channel,20497.341,nT
2026-04-12T00:43:00.000Z,BOU,X,adjusted,channel,20498.028,nT
2026-04-12T00:44:00.000Z,BOU,X,adjusted,channel,20498.588,nT
2026-04-12T00:45:00.000Z,BOU,X,adjusted,channel,20498.424,nT
2026-04-12T00:46:00.000Z,BOU,X,adjusted,channel,20498.462,nT
2026-04-12T00:47:00.000Z,BOU,X,adjusted,channel,20497.844,nT
2026-04-12T00:48:00.000Z,BOU,X,adjusted,channel,20497.616,nT
2026-04-12T00:49:00.000Z,BOU,X,adjusted,channel,20498.054,nT
2026-04-12T00:50:00.000Z,BOU,X,adjusted,channel,20497.87,nT
2026-04-12T00:51:00.000Z,BOU,X,adjusted,channel,20497.84,nT
2026-04-12T00:52:00.000Z,BOU,X,adjusted,channel,20497.951,nT
2026-04-12T00:53:00.000Z,BOU,X,adjusted,channel,20498.099,nT
2026-04-12T00:54:00.000Z,BOU,X,adjusted,channel,20498.515,nT
2026-04-12T00:55:00.000Z,BOU,X,adjusted,channel,20498.52,nT
2026-04-12T00:56:00.000Z,BOU,X,adjusted,channel,20497.209,nT
2026-04-12T00:57:00.000Z,BOU,X,adjusted,channel,20496.917,nT
2026-04-12T00:58:00.000Z,BOU,X,adjusted,channel,20496.992,nT
2026-04-12T00:59:00.000Z,BOU,X,adjusted,channel,20496.845,nT
2026-04-12T01:00:00.000Z,BOU,X,adjusted,channel,20496.721,nT
2026-04-12T01:01:00.000Z,BOU,X,adjusted,channel,20496.284,nT
2026-04-12T01:02:00.000Z,BOU,X,adjusted,channel,20496.192,nT
2026-04-12T01:03:00.000Z,BOU,X,adjusted,channel,20497.193,nT
2026-04-12T01:04:00.000Z,BOU,X,adjusted,channel,20498.175,nT
2026-04-12T01:05:00.000Z,BOU,X,adjusted,channel,20497.774,nT
2026-04-12T01:06:00.000Z,BOU,X,adjusted,channel,20496.585,nT
2026-04-12T01:07:00.000Z,BOU,X,adjusted,channel,20496.156,nT
2026-04-12T01:08:00.000Z,BOU,X,adjusted,channel,20496.604,nT
2026-04-12T01:09:00.000Z,BOU,X,adjusted,channel,20496.657,nT
2026-04-12T01:10:00.000Z,BOU,X,adjusted,channel,20496.423,nT
2026-04-12T01:11:00.000Z,BOU,X,adjusted,channel,20496.093,nT
2026-04-12T01:12:00.000Z,BOU,X,adjusted,channel,20495.859,nT
2026-04-12T01:13:00.000Z,BOU,X,adjusted,channel,20495.841,nT
2026-04-12T01:14:00.000Z,BOU,X,adjusted,channel,20496.181,nT
2026-04-12T01:15:00.000Z,BOU,X,adjusted,channel,20495.736,nT
2026-04-12T01:16:00.000Z,BOU,X,adjusted,channel,20494.678,nT
2026-04-12T01:17:00.000Z,BOU,X,adjusted,channel,20494.633,nT
2026-04-12T01:18:00.000Z,BOU,X,adjusted,channel,20495.058,nT
2026-04-12T01:19:00.000Z,BOU,X,adjusted,channel,20494.432,nT
2026-04-12T01:20:00.000Z,BOU,X,adjusted,channel,20494.749,nT
2026-04-12T01:21:00.000Z,BOU,X,adjusted,channel,20495.321,nT
2026-04-12T01:22:00.000Z,BOU,X,adjusted,channel,20495.467,nT
2026-04-12T01:23:00.000Z,BOU,X,adjusted,channel,20496.071,nT
2026-04-12T01:24:00.000Z,BOU,X,adjusted,channel,20496.477,nT
2026-04-12T01:25:00.000Z,BOU,X,adjusted,channel,20496.748,nT
2026-04-12T01:26:00.000Z,BOU,X,adjusted,channel,20497.184,nT
2026-04-12T01:27:00.000Z,BOU,X,adjusted,channel,20496.493,nT
2026-04-12T01:28:00.000Z,BOU,X,adjusted,channel,20495.668,nT
2026-04-12T01:29:00.000Z,BOU,X,adjusted,channel,20496.032,nT
2026-04-12T01:30:00.000Z,BOU,X,adjusted,channel,20496.96,nT
2026-04-12T01:31:00.000Z,BOU,X,adjusted,channel,20497.135,nT
2026-04-12T01:32:00.000Z,BOU,X,adjusted,channel,20496.802,nT
2026-04-12T01:33:00.000Z,BOU,X,adjusted,channel,20496.581,nT
2026-04-12T01:34:00.000Z,BOU,X,adjusted,channel,20496.766,nT
2026-04-12T01:35:00.000Z,BOU,X,adjusted,channel,20496.737,nT
2026-04-12T01:36:00.000Z,BOU,X,adjusted,channel,20496.316,nT
2026-04-12T01:37:00.000Z,BOU,X,adjusted,channel,20496.683,nT
2026-04-12T01:38:00.000Z,BOU,X,adjusted,channel,20496.523,nT
2026-04-12T01:39:00.000Z,BOU,X,adjusted,channel,20495.693,nT
2026-04-12T01:40:00.000Z,BOU,X,adjusted,channel,20495.131,nT
2026-04-12T01:41:00.000Z,BOU,X,adjusted,channel,20495.297,nT
2026-04-12T01:42:00.000Z,BOU,X,adjusted,channel,20495.191,nT
2026-04-12T01:43:00.000Z,BOU,X,adjusted,channel,20495.041,nT
2026-04-12T01:44:00.000Z,BOU,X,adjusted,channel,20494.869,nT
2026-04-12T01:45:00.000Z,BOU,X,adjusted,channel,20494.622,nT
2026-04-12T01:46:00.000Z,BOU,X,adjusted,channel,20494.506,nT
2026-04-12T01:47:00.000Z,BOU,X,adjusted,channel,20494.074,nT
2026-04-12T01:48:00.000Z,BOU,X,adjusted,channel,20493.567,nT
2026-04-12T01:49:00.000Z,BOU,X,adjusted,channel,20493.5,nT
2026-04-12T01:50:00.000Z,BOU,X,adjusted,channel,20493.946,nT
2026-04-12T01:51:00.000Z,BOU,X,adjusted,channel,20494.444,nT
2026-04-12T01:52:00.000Z,BOU,X,adjusted,channel,20494.264,nT
2026-04-12T01:53:00.000Z,BOU,X,adjusted,channel,20493.7,nT
2026-04-12T01:54:00.000Z,BOU,X,adjusted,channel,20493.227,nT
2026-04-12T01:55:00.000Z,BOU,X,adjusted,channel,20492.948,nT
2026-04-12T01:56:00.000Z,BOU,X,adjusted,channel,20493.052,nT
2026-04-12T01:57:00.000Z,BOU,X,adjusted,channel,20493.45,nT
2026-04-12T01:58:00.000Z,BOU,X,adjusted,channel,20493.26,nT
2026-04-12T01:59:00.000Z,BOU,X,adjusted,channel,20493.277,nT
2026-04-12T02:00:00.000Z,BOU,X,adjusted,channel,20493.237,nT
2026-04-12T02:01:00.000Z,BOU,X,adjusted,channel,20493.677,nT
2026-04-12T02:02:00.000Z,BOU,X,adjusted,channel,20494.149,nT
2026-04-12T02:03:00.000Z,BOU,X,adjusted,channel,20494.116,nT
2026-04-12T02:04:00.000Z,BOU,X,adjusted,channel,20494.308,nT
2026-04-12T02:05:00.000Z,BOU,X,adjusted,channel,20494.994,nT
2026-04-12T02:06:00.000Z,BOU,X,adjusted,channel,20495.081,nT
2026-04-12T02:07:00.000Z,BOU,X,adjusted,channel,20495.099,nT
2026-04-12T02:08:00.000Z,BOU,X,adjusted,channel,20495.731,nT
2026-04-12T02:09:00.000Z,BOU,X,adjusted,channel,20497.108,nT
2026-04-12T02:10:00.000Z,BOU,X,adjusted,channel,20498.533,nT
2026-04-12T02:11:00.000Z,BOU,X,adjusted,channel,20500.07,nT
2026-04-12T02:12:00.000Z,BOU,X,adjusted,channel,20500.355,nT
2026-04-12T02:13:00.000Z,BOU,X,adjusted,channel,20500.151,nT
2026-04-12T02:14:00.000Z,BOU,X,adjusted,channel,20500.23,nT
2026-04-12T02:15:00.000Z,BOU,X,adjusted,channel,20501.338,nT
2026-04-12T02:16:00.000Z,BOU,X,adjusted,channel,20501.595,nT
2026-04-12T02:17:00.000Z,BOU,X,adjusted,channel,20502.751,nT
2026-04-12T02:18:00.000Z,BOU,X,adjusted,channel,20503.423,nT
2026-04-12T02:19:00.000Z,BOU,X,adjusted,channel,20502.837,nT
2026-04-12T02:20:00.000Z,BOU,X,adjusted,channel,20501.902,nT
2026-04-12T02:21:00.000Z,BOU,X,adjusted,channel,20501.777,nT
2026-04-12T02:22:00.000Z,BOU,X,adjusted,channel,20502.01,nT
2026-04-12T02:23:00.000Z,BOU,X,adjusted,channel,20503.147,nT
2026-04-12T02:24:00.000Z,BOU,X,adjusted,channel,20501.887,nT
2026-04-12T02:25:00.000Z,BOU,X,adjusted,channel,20499.335,nT
2026-04-12T02:26:00.000Z,BOU,X,adjusted,channel,20497.456,nT
2026-04-12T02:27:00.000Z,BOU,X,adjusted,channel,20496.503,nT
2026-04-12T02:28:00.000Z,BOU,X,adjusted,channel,20495.593,nT
2026-04-12T02:29:00.000Z,BOU,X,adjusted,channel,20495.435,nT
2026-04-12T02:30:00.000Z,BOU,X,adjusted,channel,20495.004,nT
2026-04-12T02:31:00.000Z,BOU,X,adjusted,channel,20495.277,nT
2026-04-12T02:32:00.000Z,BOU,X,adjusted,channel,20495.187,nT
2026-04-12T02:33:00.000Z,BOU,X,adjusted,channel,20493.402,nT
2026-04-12T02:34:00.000Z,BOU,X,adjusted,channel,20491.505,nT
2026-04-12T02:35:00.000Z,BOU,X,adjusted,channel,20490.998,nT
2026-04-12T02:36:00.000Z,BOU,X,adjusted,channel,20489.979,nT
2026-04-12T02:37:00.000Z,BOU,X,adjusted,channel,20490.344,nT
2026-04-12T02:38:00.000Z,BOU,X,adjusted,channel,20490.129,nT
2026-04-12T02:39:00.000Z,BOU,X,adjusted,channel,20490.415,nT
2026-04-12T02:40:00.000Z,BOU,X,adjusted,channel,20490.436,nT
2026-04-12T02:41:00.000Z,BOU,X,adjusted,channel,20489.809,nT
2026-04-12T02:42:00.000Z,BOU,X,adjusted,channel,20489.836,nT
2026-04-12T02:43:00.000Z,BOU,X,adjusted,channel,20490.17,nT
2026-04-12T02:44:00.000Z,BOU,X,adjusted,channel,20490.667,nT
2026-04-12T02:45:00.000Z,BOU,X,adjusted,channel,20490.785,nT
2026-04-12T02:46:00.000Z,BOU,X,adjusted,channel,20490.651,nT
2026-04-12T02:47:00.000Z,BOU,X,adjusted,channel,20490.689,nT
2026-04-12T02:48:00.000Z,BOU,X,adjusted,channel,20490.409,nT
2026-04-12T02:49:00.000Z,BOU,X,adjusted,channel,20490.962,nT
2026-04-12T02:50:00.000Z,BOU,X,adjusted,channel,20491.1,nT
2026-04-12T02:51:00.000Z,BOU,X,adjusted,channel,20490.638,nT
2026-04-12T02:52:00.000Z,BOU,X,adjusted,channel,20491.166,nT
2026-04-12T02:53:00.000Z,BOU,X,adjusted,channel,20490.585,nT
2026-04-12T02:54:00.000Z,BOU,X,adjusted,channel,20491.198,nT
2026-04-12T02:55:00.000Z,BOU,X,adjusted,channel,20491.424,nT
2026-04-12T02:56:00.000Z,BOU,X,adjusted,channel,20490.917,nT
2026-04-12T02:57:00.000Z,BOU,X,adjusted,channel,20491.175,nT
2026-04-12T02:58:00.000Z,BOU,X,adjusted,channel,20491.112,nT
2026-04-12T02:59:00.000Z,BOU,X,adjusted,channel,20490.923,nT
2026-04-12T03:00:00.000Z,BOU,X,adjusted,channel,20491.138,nT
2026-04-12T03:01:00.000Z,BOU,X,adjusted,channel,20491.079,nT
2026-04-12T03:02:00.000Z,BOU,X,adjusted,channel,20490.309,nT
2026-04-12T03:03:00.000Z,BOU,X,adjusted,channel,20490.053,nT
2026-04-12T03:04:00.000Z,BOU,X,adjusted,channel,20490.335,nT
2026-04-12T03:05:00.000Z,BOU,X,adjusted,channel,20489.817,nT
2026-04-12T03:06:00.000Z,BOU,X,adjusted,channel,20489.754,nT
2026-04-12T03:07:00.000Z,BOU,X,adjusted,channel,20489.369,nT
2026-04-12T03:08:00.000Z,BOU,X,adjusted,channel,20489.619,nT
2026-04-12T03:09:00.000Z,BOU,X,adjusted,channel,20489.629,nT
2026-04-12T03:10:00.000Z,BOU,X,adjusted,channel,20488.433,nT
2026-04-12T03:11:00.000Z,BOU,X,adjusted,channel,20487.1,nT
2026-04-12T03:12:00.000Z,BOU,X,adjusted,channel,20488.256,nT
2026-04-12T03:13:00.000Z,BOU,X,adjusted,channel,20488.024,nT
2026-04-12T03:14:00.000Z,BOU,X,adjusted,channel,20488.53,nT
2026-04-12T03:15:00.000Z,BOU,X,adjusted,channel,20488.211,nT
2026-04-12T03:16:00.000Z,BOU,X,adjusted,channel,20488.049,nT
2026-04-12T03:17:00.000Z,BOU,X,adjusted,channel,20489.024,nT
2026-04-12T03:18:00.000Z,BOU,X,adjusted,channel,20489.248,nT
2026-04-12T03:19:00.000Z,BOU,X,adjusted,channel,20489.886,nT
2026-04-12T03:20:00.000Z,BOU,X,adjusted,channel,20490.688,nT
2026-04-12T03:21:00.000Z,BOU,X,adjusted,channel,20490.807,nT
2026-04-12T03:22:00.000Z,BOU,X,adjusted,channel,20490.706,nT
2026-04-12T03:23:00.000Z,BOU,X,adjusted,channel,20490.606,nT
2026-04-12T03:24:00.000Z,BOU,X,adjusted,channel,20490.652,nT
2026-04-12T03:25:00.000Z,BOU,X,adjusted,channel,20490.883,nT
2026-04-12T03:26:00.000Z,BOU,X,adjusted,channel,20491.803,nT
2026-04-12T03:27:00.000Z,BOU,X,adjusted,channel,20491.351,nT
2026-04-12T03:28:00.000Z,BOU,X,adjusted,channel,20491.448,nT
2026-04-12T03:29:00.000Z,BOU,X,adjusted,channel,20491.382,nT
2026-04-12T03:30:00.000Z,BOU,X,adjusted,channel,20491.215,nT
2026-04-12T03:31:00.000Z,BOU,X,adjusted,channel,20491.653,nT
2026-04-12T03:32:00.000Z,BOU,X,adjusted,channel,20486.075,nT
2026-04-12T03:33:00.000Z,BOU,X,adjusted,channel,20489.373,nT
2026-04-12T03:34:00.000Z,BOU,X,adjusted,channel,20490.602,nT
2026-04-12T03:35:00.000Z,BOU,X,adjusted,channel,20490.468,nT
2026-04-12T03:36:00.000Z,BOU,X,adjusted,channel,20491.122,nT
2026-04-12T03:37:00.000Z,BOU,X,adjusted,channel,20491.079,nT
2026-04-12T03:38:00.000Z,BOU,X,adjusted,channel,20490.973,nT
2026-04-12T03:39:00.000Z,BOU,X,adjusted,channel,20490.983,nT
2026-04-12T03:40:00.000Z,BOU,X,adjusted,channel,20491.053,nT
2026-04-12T03:41:00.000Z,BOU,X,adjusted,channel,20491.686,nT
2026-04-12T03:42:00.000Z,BOU,X,adjusted,channel,20492.105,nT
2026-04-12T03:43:00.000Z,BOU,X,adjusted,channel,20491.932,nT
2026-04-12T03:44:00.000Z,BOU,X,adjusted,channel,20492.892,nT
2026-04-12T03:45:00.000Z,BOU,X,adjusted,channel,20493.395,nT
2026-04-12T03:46:00.000Z,BOU,X,adjusted,channel,20493.327,nT
2026-04-12T03:47:00.000Z,BOU,X,adjusted,channel,20493.062,nT
2026-04-12T03:48:00.000Z,BOU,X,adjusted,channel,20493.317,nT
2026-04-12T03:49:00.000Z,BOU,X,adjusted,channel,20493.522,nT
2026-04-12T03:50:00.000Z,BOU,X,adjusted,channel,20494.29,nT
2026-04-12T03:51:00.000Z,BOU,X,adjusted,channel,20494.24,nT
2026-04-12T03:52:00.000Z,BOU,X,adjusted,channel,20494.872,nT
2026-04-12T03:53:00.000Z,BOU,X,adjusted,channel,20495.643,nT
2026-04-12T03:54:00.000Z,BOU,X,adjusted,channel,20495.673,nT
2026-04-12T03:55:00.000Z,BOU,X,adjusted,channel,20495.382,nT
2026-04-12T03:56:00.000Z,BOU,X,adjusted,channel,20495.298,nT
2026-04-12T03:57:00.000Z,BOU,X,adjusted,channel,20495.185,nT
2026-04-12T03:58:00.000Z,BOU,X,adjusted,channel,20495.255,nT
2026-04-12T03:59:00.000Z,BOU,X,adjusted,channel,20495.475,nT
2026-04-12T04:00:00.000Z,BOU,X,adjusted,channel,20495.298,nT
2026-04-12T04:01:00.000Z,BOU,X,adjusted,channel,20495.391,nT
2026-04-12T04:02:00.000Z,BOU,X,adjusted,channel,20495.156,nT
2026-04-12T04:03:00.000Z,BOU,X,adjusted,channel,20495.11,nT
2026-04-12T04:04:00.000Z,BOU,X,adjusted,channel,20495.005,nT
2026-04-12T04:05:00.000Z,BOU,X,adjusted,channel,20494.794,nT
2026-04-12T04:06:00.000Z,BOU,X,adjusted,channel,20494.86,nT
2026-04-12T04:07:00.000Z,BOU,X,adjusted,channel,20495.124,nT
2026-04-12T04:08:00.000Z,BOU,X,adjusted,channel,20495.342,nT
2026-04-12T04:09:00.000Z,BOU,X,adjusted,channel,20495.489,nT
2026-04-12T04:10:00.000Z,BOU,X,adjusted,channel,20495.563,nT
2026-04-12T04:11:00.000Z,BOU,X,adjusted,channel,20495.727,nT
2026-04-12T04:12:00.000Z,BOU,X,adjusted,channel,20496.024,nT
2026-04-12T04:13:00.000Z,BOU,X,adjusted,channel,20496.375,nT
2026-04-12T04:14:00.000Z,BOU,X,adjusted,channel,20496.556,nT
2026-04-12T04:15:00.000Z,BOU,X,adjusted,channel,20496.355,nT
2026-04-12T04:16:00.000Z,BOU,X,adjusted,channel,20496.094,nT
2026-04-12T04:17:00.000Z,BOU,X,adjusted,channel,20496.023,nT
2026-04-12T04:18:00.000Z,BOU,X,adjusted,channel,20495.911,nT
2026-04-12T04:19:00.000Z,BOU,X,adjusted,channel,20495.884,nT
2026-04-12T04:20:00.000Z,BOU,X,adjusted,channel,20495.71,nT
2026-04-12T04:21:00.000Z,BOU,X,adjusted,channel,20495.756,nT
2026-04-12T04:22:00.000Z,BOU,X,adjusted,channel,20495.663,nT
2026-04-12T04:23:00.000Z,BOU,X,adjusted,channel,20495.05,nT
2026-04-12T04:24:00.000Z,BOU,X,adjusted,channel,20494.832,nT
2026-04-12T04:25:00.000Z,BOU,X,adjusted,channel,20494.904,nT
2026-04-12T04:26:00.000Z,BOU,X,adjusted,channel,20495.035,nT
2026-04-12T04:27:00.000Z,BOU,X,adjusted,channel,20495.304,nT
2026-04-12T04:28:00.000Z,BOU,X,adjusted,channel,20495.763,nT
2026-04-12T04:29:00.000Z,BOU,X,adjusted,channel,20496.395,nT
2026-04-12T04:30:00.000Z,BOU,X,adjusted,channel,20496.951,nT
2026-04-12T04:31:00.000Z,BOU,X,adjusted,channel,20497.208,nT
2026-04-12T04:32:00.000Z,BOU,X,adjusted,channel,20497.421,nT
2026-04-12T04:33:00.000Z,BOU,X,adjusted,channel,20497.518,nT
2026-04-12T04:34:00.000Z,BOU,X,adjusted,channel,20497.38,nT
2026-04-12T04:35:00.000Z,BOU,X,adjusted,channel,20497.245,nT
2026-04-12T04:36:00.000Z,BOU,X,adjusted,channel,20497.353,nT
2026-04-12T04:37:00.000Z,BOU,X,adjusted,channel,20497.279,nT
2026-04-12T04:38:00.000Z,BOU,X,adjusted,channel,20497.116,nT
2026-04-12T04:39:00.000Z,BOU,X,adjusted,channel,20497.012,nT
2026-04-12T04:40:00.000Z,BOU,X,adjusted,channel,20496.668,nT
2026-04-12T04:41:00.000Z,BOU,X,adjusted,channel,20496.171,nT
2026-04-12T04:42:00.000Z,BOU,X,adjusted,channel,20496.327,nT
2026-04-12T04:43:00.000Z,BOU,X,adjusted,channel,20496.839,nT
2026-04-12T04:44:00.000Z,BOU,X,adjusted,channel,20497.211,nT
2026-04-12T04:45:00.000Z,BOU,X,adjusted,channel,20497.541,nT
2026-04-12T04:46:00.000Z,BOU,X,adjusted,channel,20498.181,nT
2026-04-12T04:47:00.000Z,BOU,X,adjusted,channel,20497.646,nT
2026-04-12T04:48:00.000Z,BOU,X,adjusted,channel,20497.546,nT
2026-04-12T04:49:00.000Z,BOU,X,adjusted,channel,20497.239,nT
2026-04-12T04:50:00.000Z,BOU,X,adjusted,channel,20496.971,nT
2026-04-12T04:51:00.000Z,BOU,X,adjusted,channel,20497.101,nT
2026-04-12T04:52:00.000Z,BOU,X,adjusted,channel,20496.716,nT
2026-04-12T04:53:00.000Z,BOU,X,adjusted,channel,20496.716,nT
2026-04-12T04:54:00.000Z,BOU,X,adjusted,channel,20496.24,nT
2026-04-12T04:55:00.000Z,BOU,X,adjusted,channel,20495.786,nT
2026-04-12T04:56:00.000Z,BOU,X,adjusted,channel,20495.828,nT
2026-04-12T04:57:00.000Z,BOU,X,adjusted,channel,20495.878,nT
2026-04-12T04:58:00.000Z,BOU,X,adjusted,channel,20495.752,nT
2026-04-12T04:59:00.000Z,BOU,X,adjusted,channel,20495.877,nT
2026-04-12T05:00:00.000Z,BOU,X,adjusted,channel,20496.199,nT
2026-04-12T05:01:00.000Z,BOU,X,adjusted,channel,20496.55,nT
2026-04-12T05:02:00.000Z,BOU,X,adjusted,channel,20496.594,nT
2026-04-12T05:03:00.000Z,BOU,X,adjusted,channel,20496.894,nT
2026-04-12T05:04:00.000Z,BOU,X,adjusted,channel,20496.771,nT
2026-04-12T05:05:00.000Z,BOU,X,adjusted,channel,20496.384,nT
2026-04-12T05:06:00.000Z,BOU,X,adjusted,channel,20496.39,nT
2026-04-12T05:07:00.000Z,BOU,X,adjusted,channel,20496.546,nT
2026-04-12T05:08:00.000Z,BOU,X,adjusted,channel,20496.46,nT
2026-04-12T05:09:00.000Z,BOU,X,adjusted,channel,20496.443,nT
2026-04-12T05:10:00.000Z,BOU,X,adjusted,channel,20495.775,nT
2026-04-12T05:11:00.000Z,BOU,X,adjusted,channel,20495.172,nT
2026-04-12T05:12:00.000Z,BOU,X,adjusted,channel,20494.571,nT
2026-04-12T05:13:00.000Z,BOU,X,adjusted,channel,20494.636,nT
2026-04-12T05:14:00.000Z,BOU,X,adjusted,channel,20494.952,nT
2026-04-12T05:15:00.000Z,BOU,X,adjusted,channel,20495.479,nT
2026-04-12T05:16:00.000Z,BOU,X,adjusted,channel,20495.879,nT
2026-04-12T05:17:00.000Z,BOU,X,adjusted,channel,20495.603,nT
2026-04-12T05:18:00.000Z,BOU,X,adjusted,channel,20495.853,nT
2026-04-12T05:19:00.000Z,BOU,X,adjusted,channel,20496.286,nT
2026-04-12T05:20:00.000Z,BOU,X,adjusted,channel,20496.473,nT
2026-04-12T05:21:00.000Z,BOU,X,adjusted,channel,20496.645,nT
2026-04-12T05:22:00.000Z,BOU,X,adjusted,channel,20496.843,nT
2026-04-12T05:23:00.000Z,BOU,X,adjusted,channel,20496.767,nT
2026-04-12T05:24:00.000Z,BOU,X,adjusted,channel,20496.369,nT
2026-04-12T05:25:00.000Z,BOU,X,adjusted,channel,20495.92,nT
2026-04-12T05:26:00.000Z,BOU,X,adjusted,channel,20495.627,nT
2026-04-12T05:27:00.000Z,BOU,X,adjusted,channel,20495.853,nT
2026-04-12T05:28:00.000Z,BOU,X,adjusted,channel,20496.558,nT
2026-04-12T05:29:00.000Z,BOU,X,adjusted,channel,20496.858,nT
2026-04-12T05:30:00.000Z,BOU,X,adjusted,channel,20496.686,nT
2026-04-12T05:31:00.000Z,BOU,X,adjusted,channel,20496.144,nT
2026-04-12T05:32:00.000Z,BOU,X,adjusted,channel,20495.635,nT
2026-04-12T05:33:00.000Z,BOU,X,adjusted,channel,20494.899,nT
2026-04-12T05:34:00.000Z,BOU,X,adjusted,channel,20494.626,nT
2026-04-12T05:35:00.000Z,BOU,X,adjusted,channel,20494.582,nT
2026-04-12T05:36:00.000Z,BOU,X,adjusted,channel,20494.412,nT
2026-04-12T05:37:00.000Z,BOU,X,adjusted,channel,20494.698,nT
2026-04-12T05:38:00.000Z,BOU,X,adjusted,channel,20494.662,nT
2026-04-12T05:39:00.000Z,BOU,X,adjusted,channel,20494.543,nT
2026-04-12T05:40:00.000Z,BOU,X,adjusted,channel,20494.713,nT
2026-04-12T05:41:00.000Z,BOU,X,adjusted,channel,20494.999,nT
2026-04-12T05:42:00.000Z,BOU,X,adjusted,channel,20495.509,nT
2026-04-12T05:43:00.000Z,BOU,X,adjusted,channel,20496.165,nT
2026-04-12T05:44:00.000Z,BOU,X,adjusted,channel,20496.465,nT
2026-04-12T05:45:00.000Z,BOU,X,adjusted,channel,20497.209,nT
2026-04-12T05:46:00.000Z,BOU,X,adjusted,channel,20496.398,nT
2026-04-12T05:47:00.000Z,BOU,X,adjusted,channel,20496.09,nT
2026-04-12T05:48:00.000Z,BOU,X,adjusted,channel,20496.209,nT
2026-04-12T05:49:00.000Z,BOU,X,adjusted,channel,20496.5,nT
2026-04-12T05:50:00.000Z,BOU,X,adjusted,channel,20495.47,nT
2026-04-12T05:51:00.000Z,BOU,X,adjusted,channel,20495.09,nT
2026-04-12T05:52:00.000Z,BOU,X,adjusted,channel,20494.704,nT
2026-04-12T05:53:00.000Z,BOU,X,adjusted,channel,20493.887,nT
2026-04-12T05:54:00.000Z,BOU,X,adjusted,channel,20494.754,nT
2026-04-12T05:55:00.000Z,BOU,X,adjusted,channel,20495.346,nT
2026-04-12T05:56:00.000Z,BOU,X,adjusted,channel,20497.125,nT
2026-04-12T05:57:00.000Z,BOU,X,adjusted,channel,20497.444,nT
2026-04-12T05:58:00.000Z,BOU,X,adjusted,channel,20497.67,nT
2026-04-12T05:59:00.000Z,BOU,X,adjusted,channel,20497.786,nT
2026-04-12T06:00:00.000Z,BOU,X,adjusted,channel,20498.244,nT
2026-04-12T06:01:00.000Z,BOU,X,adjusted,channel,20499.304,nT
2026-04-12T06:02:00.000Z,BOU,X,adjusted,channel,20500.87,nT
2026-04-12T06:03:00.000Z,BOU,X,adjusted,channel,20502.721,nT
2026-04-12T06:04:00.000Z,BOU,X,adjusted,channel,20503.459,nT
2026-04-12T06:05:00.000Z,BOU,X,adjusted,channel,20504.043,nT
2026-04-12T06:06:00.000Z,BOU,X,adjusted,channel,20504.811,nT
2026-04-12T06:07:00.000Z,BOU,X,adjusted,channel,20504.414,nT
2026-04-12T06:08:00.000Z,BOU,X,adjusted,channel,20504.406,nT
2026-04-12T06:09:00.000Z,BOU,X,adjusted,channel,20504.307,nT
2026-04-12T06:10:00.000Z,BOU,X,adjusted,channel,20505.007,nT
2026-04-12T06:11:00.000Z,BOU,X,adjusted,channel,20504.511,nT
2026-04-12T06:12:00.000Z,BOU,X,adjusted,channel,20504.771,nT
2026-04-12T06:13:00.000Z,BOU,X,adjusted,channel,20505.402,nT
2026-04-12T06:14:00.000Z,BOU,X,adjusted,channel,20506.47,nT
2026-04-12T06:15:00.000Z,BOU,X,adjusted,channel,20506.756,nT
2026-04-12T06:16:00.000Z,BOU,X,adjusted,channel,20506.444,nT
2026-04-12T06:17:00.000Z,BOU,X,adjusted,channel,20505.398,nT
2026-04-12T06:18:00.000Z,BOU,X,adjusted,channel,20504.634,nT
2026-04-12T06:19:00.000Z,BOU,X,adjusted,channel,20504.086,nT
2026-04-12T06:20:00.000Z,BOU,X,adjusted,channel,20504.387,nT
2026-04-12T06:21:00.000Z,BOU,X,adjusted,channel,20504.444,nT
2026-04-12T06:22:00.000Z,BOU,X,adjusted,channel,20504.152,nT
2026-04-12T06:23:00.000Z,BOU,X,adjusted,channel,20503.428,nT
2026-04-12T06:24:00.000Z,BOU,X,adjusted,channel,20502.616,nT
2026-04-12T06:25:00.000Z,BOU,X,adjusted,channel,20501.708,nT
2026-04-12T06:26:00.000Z,BOU,X,adjusted,channel,20500.676,nT
2026-04-12T06:27:00.000Z,BOU,X,adjusted,channel,20499.827,nT
2026-04-12T06:28:00.000Z,BOU,X,adjusted,channel,20499.119,nT
2026-04-12T06:29:00.000Z,BOU,X,adjusted,channel,20498.195,nT
2026-04-12T06:30:00.000Z,BOU,X,adjusted,channel,20497.502,nT
2026-04-12T06:31:00.000Z,BOU,X,adjusted,channel,20497.087,nT
2026-04-12T06:32:00.000Z,BOU,X,adjusted,channel,20496.819,nT
2026-04-12T06:33:00.000Z,BOU,X,adjusted,channel,20496.543,nT
2026-04-12T06:34:00.000Z,BOU,X,adjusted,channel,20496.057,nT
2026-04-12T06:35:00.000Z,BOU,X,adjusted,channel,20495.663,nT
2026-04-12T06:36:00.000Z,BOU,X,adjusted,channel,20495.543,nT
2026-04-12T06:37:00.000Z,BOU,X,adjusted,channel,20495.51,nT
2026-04-12T06:38:00.000Z,BOU,X,adjusted,channel,20495.389,nT
2026-04-12T06:39:00.000Z,BOU,X,adjusted,channel,20495.369,nT
2026-04-12T06:40:00.000Z,BOU,X,adjusted,channel,20495.195,nT
2026-04-12T06:41:00.000Z,BOU,X,adjusted,channel,20495.116,nT
2026-04-12T06:42:00.000Z,BOU,X,adjusted,channel,20494.963,nT
2026-04-12T06:43:00.000Z,BOU,X,adjusted,channel,20494.709,nT
2026-04-12T06:44:00.000Z,BOU,X,adjusted,channel,20494.417,nT
2026-04-12T06:45:00.000Z,BOU,X,adjusted,channel,20494.213,nT
2026-04-12T06:46:00.000Z,BOU,X,adjusted,channel,20494.035,nT
2026-04-12T06:47:00.000Z,BOU,X,adjusted,channel,20493.679,nT
2026-04-12T06:48:00.000Z,BOU,X,adjusted,channel,20493.234,nT
2026-04-12T06:49:00.000Z,BOU,X,adjusted,channel,20492.878,nT
2026-04-12T06:50:00.000Z,BOU,X,adjusted,channel,20492.575,nT
2026-04-12T06:51:00.000Z,BOU,X,adjusted,channel,20492.199,nT
2026-04-12T06:52:00.000Z,BOU,X,adjusted,channel,20491.727,nT
2026-04-12T06:53:00.000Z,BOU,X,adjusted,channel,20491.36,nT
2026-04-12T06:54:00.000Z,BOU,X,adjusted,channel,20491.034,nT
2026-04-12T06:55:00.000Z,BOU,X,adjusted,channel,20490.669,nT
2026-04-12T06:56:00.000Z,BOU,X,adjusted,channel,20490.465,nT
2026-04-12T06:57:00.000Z,BOU,X,adjusted,channel,20490.236,nT
2026-04-12T06:58:00.000Z,BOU,X,adjusted,channel,20489.902,nT
2026-04-12T06:59:00.000Z,BOU,X,adjusted,channel,20489.639,nT
2026-04-12T07:00:00.000Z,BOU,X,adjusted,channel,20489.804,nT
2026-04-12T07:01:00.000Z,BOU,X,adjusted,channel,20490.355,nT
2026-04-12T07:02:00.000Z,BOU,X,adjusted,channel,20490.806,nT
2026-04-12T07:03:00.000Z,BOU,X,adjusted,channel,20490.977,nT
2026-04-12T07:04:00.000Z,BOU,X,adjusted,channel,20491.047,nT
2026-04-12T07:05:00.000Z,BOU,X,adjusted,channel,20491.184,nT
2026-04-12T07:06:00.000Z,BOU,X,adjusted,channel,20491.486,nT
2026-04-12T07:07:00.000Z,BOU,X,adjusted,channel,20491.665,nT
2026-04-12T07:08:00.000Z,BOU,X,adjusted,channel,20491.731,nT
2026-04-12T07:09:00.000Z,BOU,X,adjusted,channel,20491.71,nT
2026-04-12T07:10:00.000Z,BOU,X,adjusted,channel,20491.827,nT
2026-04-12T07:11:00.000Z,BOU,X,adjusted,channel,20492.182,nT
2026-04-12T07:12:00.000Z,BOU,X,adjusted,channel,20493.565,nT
2026-04-12T07:13:00.000Z,BOU,X,adjusted,channel,20493.104,nT
2026-04-12T07:14:00.000Z,BOU,X,adjusted,channel,20495.335,nT
2026-04-12T07:15:00.000Z,BOU,X,adjusted,channel,20496.774,nT
2026-04-12T07:16:00.000Z,BOU,X,adjusted,channel,20497.33,nT
2026-04-12T07:17:00.000Z,BOU,X,adjusted,channel,20500.41,nT
2026-04-12T07:18:00.000Z,BOU,X,adjusted,channel,20500.11,nT
2026-04-12T07:19:00.000Z,BOU,X,adjusted,channel,20501.529,nT
2026-04-12T07:20:00.000Z,BOU,X,adjusted,channel,20501.928,nT
2026-04-12T07:21:00.000Z,BOU,X,adjusted,channel,20501.517,nT
2026-04-12T07:22:00.000Z,BOU,X,adjusted,channel,20502.641,nT
2026-04-12T07:23:00.000Z,BOU,X,adjusted,channel,20502.673,nT
2026-04-12T07:24:00.000Z,BOU,X,adjusted,channel,20503.535,nT
2026-04-12T07:25:00.000Z,BOU,X,adjusted,channel,20505.199,nT
2026-04-12T07:26:00.000Z,BOU,X,adjusted,channel,20505.366,nT
2026-04-12T07:27:00.000Z,BOU,X,adjusted,channel,20506.066,nT
2026-04-12T07:28:00.000Z,BOU,X,adjusted,channel,20506.015,nT
2026-04-12T07:29:00.000Z,BOU,X,adjusted,channel,20506.294,nT
2026-04-12T07:30:00.000Z,BOU,X,adjusted,channel,20507.181,nT
2026-04-12T07:31:00.000Z,BOU,X,adjusted,channel,20507.429,nT
2026-04-12T07:32:00.000Z,BOU,X,adjusted,channel,20507.401,nT
2026-04-12T07:33:00.000Z,BOU,X,adjusted,channel,20507.29,nT
2026-04-12T07:34:00.000Z,BOU,X,adjusted,channel,20506.684,nT
2026-04-12T07:35:00.000Z,BOU,X,adjusted,channel,20506.09,nT
2026-04-12T07:36:00.000Z,BOU,X,adjusted,channel,20505.839,nT
2026-04-12T07:37:00.000Z,BOU,X,adjusted,channel,20505.577,nT
2026-04-12T07:38:00.000Z,BOU,X,adjusted,channel,20505.484,nT
2026-04-12T07:39:00.000Z,BOU,X,adjusted,channel,20504.835,nT
2026-04-12T07:40:00.000Z,BOU,X,adjusted,channel,20503.999,nT
2026-04-12T07:41:00.000Z,BOU,X,adjusted,channel,20502.911,nT
2026-04-12T07:42:00.000Z,BOU,X,adjusted,channel,20501.84,nT
2026-04-12T07:43:00.000Z,BOU,X,adjusted,channel,20501.021,nT
2026-04-12T07:44:00.000Z,BOU,X,adjusted,channel,20500.164,nT
2026-04-12T07:45:00.000Z,BOU,X,adjusted,channel,20499.241,nT
2026-04-12T07:46:00.000Z,BOU,X,adjusted,channel,20498.242,nT
2026-04-12T07:47:00.000Z,BOU,X,adjusted,channel,20497.882,nT
2026-04-12T07:48:00.000Z,BOU,X,adjusted,channel,20497.464,nT
2026-04-12T07:49:00.000Z,BOU,X,adjusted,channel,20497.026,nT
2026-04-12T07:50:00.000Z,BOU,X,adjusted,channel,20497.644,nT
2026-04-12T07:51:00.000Z,BOU,X,adjusted,channel,20499.404,nT
2026-04-12T07:52:00.000Z,BOU,X,adjusted,channel,20500.492,nT
2026-04-12T07:53:00.000Z,BOU,X,adjusted,channel,20500.926,nT
2026-04-12T07:54:00.000Z,BOU,X,adjusted,channel,20501.046,nT
2026-04-12T07:55:00.000Z,BOU,X,adjusted,channel,20502.097,nT
2026-04-12T07:56:00.000Z,BOU,X,adjusted,channel,20501.887,nT
2026-04-12T07:57:00.000Z,BOU,X,adjusted,channel,20501.637,nT
2026-04-12T07:58:00.000Z,BOU,X,adjusted,channel,20501.704,nT
2026-04-12T07:59:00.000Z,BOU,X,adjusted,channel,20502.104,nT
2026-04-12T08:00:00.000Z,BOU,X,adjusted,channel,20502.198,nT
2026-04-12T08:01:00.000Z,BOU,X,adjusted,channel,20502.103,nT
2026-04-12T08:02:00.000Z,BOU,X,adjusted,channel,20501.076,nT
2026-04-12T08:03:00.000Z,BOU,X,adjusted,channel,20500.867,nT
2026-04-12T08:04:00.000Z,BOU,X,adjusted,channel,20500.577,nT
2026-04-12T08:05:00.000Z,BOU,X,adjusted,channel,20500.808,nT
2026-04-12T08:06:00.000Z,BOU,X,adjusted,channel,20501.123,nT
2026-04-12T08:07:00.000Z,BOU,X,adjusted,channel,20501.7,nT
2026-04-12T08:08:00.000Z,BOU,X,adjusted,channel,20503.254,nT
2026-04-12T08:09:00.000Z,BOU,X,adjusted,channel,20503.356,nT
2026-04-12T08:10:00.000Z,BOU,X,adjusted,channel,20503.898,nT
2026-04-12T08:11:00.000Z,BOU,X,adjusted,channel,20504.147,nT
2026-04-12T08:12:00.000Z,BOU,X,adjusted,channel,20504.648,nT
2026-04-12T08:13:00.000Z,BOU,X,adjusted,channel,20505.687,nT
2026-04-12T08:14:00.000Z,BOU,X,adjusted,channel,20505.468,nT
2026-04-12T08:15:00.000Z,BOU,X,adjusted,channel,20506.424,nT
2026-04-12T08:16:00.000Z,BOU,X,adjusted,channel,20506.674,nT
2026-04-12T08:17:00.000Z,BOU,X,adjusted,channel,20507.343,nT
2026-04-12T08:18:00.000Z,BOU,X,adjusted,channel,20507.638,nT
2026-04-12T08:19:00.000Z,BOU,X,adjusted,channel,20508.251,nT
2026-04-12T08:20:00.000Z,BOU,X,adjusted,channel,20508.836,nT
2026-04-12T08:21:00.000Z,BOU,X,adjusted,channel,20509.111,nT
2026-04-12T08:22:00.000Z,BOU,X,adjusted,channel,20509.36,nT
2026-04-12T08:23:00.000Z,BOU,X,adjusted,channel,20509.426,nT
2026-04-12T08:24:00.000Z,BOU,X,adjusted,channel,20509.438,nT
2026-04-12T08:25:00.000Z,BOU,X,adjusted,channel,20508.638,nT
2026-04-12T08:26:00.000Z,BOU,X,adjusted,channel,20508.819,nT
2026-04-12T08:27:00.000Z,BOU,X,adjusted,channel,20508.515,nT
2026-04-12T08:28:00.000Z,BOU,X,adjusted,channel,20508.008,nT
2026-04-12T08:29:00.000Z,BOU,X,adjusted,channel,20507.206,nT
2026-04-12T08:30:00.000Z,BOU,X,adjusted,channel,20506.461,nT
2026-04-12T08:31:00.000Z,BOU,X,adjusted,channel,20505.735,nT
2026-04-12T08:32:00.000Z,BOU,X,adjusted,channel,20505.393,nT
2026-04-12T08:33:00.000Z,BOU,X,adjusted,channel,20505.58,nT
2026-04-12T08:34:00.000Z,BOU,X,adjusted,channel,20505.448,nT
2026-04-12T08:35:00.000Z,BOU,X,adjusted,channel,20504.384,nT
2026-04-12T08:36:00.000Z,BOU,X,adjusted,channel,20502.587,nT
2026-04-12T08:37:00.000Z,BOU,X,adjusted,channel,20501.423,nT
2026-04-12T08:38:00.000Z,BOU,X,adjusted,channel,20500.078,nT
2026-04-12T08:39:00.000Z,BOU,X,adjusted,channel,20499.539,nT
2026-04-12T08:40:00.000Z,BOU,X,adjusted,channel,20498.582,nT
2026-04-12T08:41:00.000Z,BOU,X,adjusted,channel,20497.892,nT
2026-04-12T08:42:00.000Z,BOU,X,adjusted,channel,20496.722,nT
2026-04-12T08:43:00.000Z,BOU,X,adjusted,channel,20496.337,nT
2026-04-12T08:44:00.000Z,BOU,X,adjusted,channel,20495.942,nT
2026-04-12T08:45:00.000Z,BOU,X,adjusted,channel,20494.904,nT
2026-04-12T08:46:00.000Z,BOU,X,adjusted,channel,20494.24,nT
2026-04-12T08:47:00.000Z,BOU,X,adjusted,channel,20493.675,nT
2026-04-12T08:48:00.000Z,BOU,X,adjusted,channel,20493.306,nT
2026-04-12T08:49:00.000Z,BOU,X,adjusted,channel,20493.292,nT
2026-04-12T08:50:00.000Z,BOU,X,adjusted,channel,20493.548,nT
2026-04-12T08:51:00.000Z,BOU,X,adjusted,channel,20494.545,nT
2026-04-12T08:52:00.000Z,BOU,X,adjusted,channel,20495.547,nT
2026-04-12T08:53:00.000Z,BOU,X,adjusted,channel,20496.656,nT
2026-04-12T08:54:00.000Z,BOU,X,adjusted,channel,20497.278,nT
2026-04-12T08:55:00.000Z,BOU,X,adjusted,channel,20497.977,nT
2026-04-12T08:56:00.000Z,BOU,X,adjusted,channel,20498.963,nT
2026-04-12T08:57:00.000Z,BOU,X,adjusted,channel,20499.571,nT
2026-04-12T08:58:00.000Z,BOU,X,adjusted,channel,20500.513,nT
2026-04-12T08:59:00.000Z,BOU,X,adjusted,channel,20500.842,nT
2026-04-12T09:00:00.000Z,BOU,X,adjusted,channel,20501.036,nT
2026-04-12T09:01:00.000Z,BOU,X,adjusted,channel,20501.011,nT
2026-04-12T09:02:00.000Z,BOU,X,adjusted,channel,20501.231,nT
2026-04-12T09:03:00.000Z,BOU,X,adjusted,channel,20501.816,nT
2026-04-12T09:04:00.000Z,BOU,X,adjusted,channel,20502.346,nT
2026-04-12T09:05:00.000Z,BOU,X,adjusted,channel,20502.855,nT
2026-04-12T09:06:00.000Z,BOU,X,adjusted,channel,20502.973,nT
2026-04-12T09:07:00.000Z,BOU,X,adjusted,channel,20503.093,nT
2026-04-12T09:08:00.000Z,BOU,X,adjusted,channel,20503.342,nT
2026-04-12T09:09:00.000Z,BOU,X,adjusted,channel,20503.516,nT
2026-04-12T09:10:00.000Z,BOU,X,adjusted,channel,20503.574,nT
2026-04-12T09:11:00.000Z,BOU,X,adjusted,channel,20503.345,nT
2026-04-12T09:12:00.000Z,BOU,X,adjusted,channel,20503.026,nT
2026-04-12T09:13:00.000Z,BOU,X,adjusted,channel,20502.819,nT
2026-04-12T09:14:00.000Z,BOU,X,adjusted,channel,20502.797,nT
2026-04-12T09:15:00.000Z,BOU,X,adjusted,channel,20502.674,nT
2026-04-12T09:16:00.000Z,BOU,X,adjusted,channel,20502.515,nT
2026-04-12T09:17:00.000Z,BOU,X,adjusted,channel,20502.269,nT
2026-04-12T09:18:00.000Z,BOU,X,adjusted,channel,20502.491,nT
2026-04-12T09:19:00.000Z,BOU,X,adjusted,channel,20502.729,nT
2026-04-12T09:20:00.000Z,BOU,X,adjusted,channel,20503.058,nT
2026-04-12T09:21:00.000Z,BOU,X,adjusted,channel,20503.259,nT
2026-04-12T09:22:00.000Z,BOU,X,adjusted,channel,20503.505,nT
2026-04-12T09:23:00.000Z,BOU,X,adjusted,channel,20503.641,nT
2026-04-12T09:24:00.000Z,BOU,X,adjusted,channel,20503.45,nT
2026-04-12T09:25:00.000Z,BOU,X,adjusted,channel,20503.374,nT
2026-04-12T09:26:00.000Z,BOU,X,adjusted,channel,20503.452,nT
2026-04-12T09:27:00.000Z,BOU,X,adjusted,channel,20503.404,nT
2026-04-12T09:28:00.000Z,BOU,X,adjusted,channel,20503.353,nT
2026-04-12T09:29:00.000Z,BOU,X,adjusted,channel,20503.522,nT
2026-04-12T09:30:00.000Z,BOU,X,adjusted,channel,20503.656,nT
2026-04-12T09:31:00.000Z,BOU,X,adjusted,channel,20503.674,nT
2026-04-12T09:32:00.000Z,BOU,X,adjusted,channel,20503.613,nT
2026-04-12T09:33:00.000Z,BOU,X,adjusted,channel,20504.01,nT
2026-04-12T09:34:00.000Z,BOU,X,adjusted,channel,20504.386,nT
2026-04-12T09:35:00.000Z,BOU,X,adjusted,channel,20504.666,nT
2026-04-12T09:36:00.000Z,BOU,X,adjusted,channel,20505.175,nT
2026-04-12T09:37:00.000Z,BOU,X,adjusted,channel,20505.16,nT
2026-04-12T09:38:00.000Z,BOU,X,adjusted,channel,20505.061,nT
2026-04-12T09:39:00.000Z,BOU,X,adjusted,channel,20505.2,nT
2026-04-12T09:40:00.000Z,BOU,X,adjusted,channel,20505.109,nT
2026-04-12T09:41:00.000Z,BOU,X,adjusted,channel,20505.671,nT
2026-04-12T09:42:00.000Z,BOU,X,adjusted,channel,20506.293,nT
2026-04-12T09:43:00.000Z,BOU,X,adjusted,channel,20506.968,nT
2026-04-12T09:44:00.000Z,BOU,X,adjusted,channel,20507.47,nT
2026-04-12T09:45:00.000Z,BOU,X,adjusted,channel,20507.348,nT
2026-04-12T09:46:00.000Z,BOU,X,adjusted,channel,20507.358,nT
2026-04-12T09:47:00.000Z,BOU,X,adjusted,channel,20508.075,nT
2026-04-12T09:48:00.000Z,BOU,X,adjusted,channel,20508.388,nT
2026-04-12T09:49:00.000Z,BOU,X,adjusted,channel,20507.794,nT
2026-04-12T09:50:00.000Z,BOU,X,adjusted,channel,20507.286,nT
2026-04-12T09:51:00.000Z,BOU,X,adjusted,channel,20507.08,nT
2026-04-12T09:52:00.000Z,BOU,X,adjusted,channel,20506.732,nT
2026-04-12T09:53:00.000Z,BOU,X,adjusted,channel,20506.391,nT
2026-04-12T09:54:00.000Z,BOU,X,adjusted,channel,20505.857,nT
2026-04-12T09:55:00.000Z,BOU,X,adjusted,channel,20505.023,nT
2026-04-12T09:56:00.000Z,BOU,X,adjusted,channel,20504.294,nT
2026-04-12T09:57:00.000Z,BOU,X,adjusted,channel,20503.78,nT
2026-04-12T09:58:00.000Z,BOU,X,adjusted,channel,20503.037,nT
2026-04-12T09:59:00.000Z,BOU,X,adjusted,channel,20502.342,nT
2026-04-12T10:00:00.000Z,BOU,X,adjusted,channel,20501.984,nT
2026-04-12T10:01:00.000Z,BOU,X,adjusted,channel,20502.05,nT
2026-04-12T10:02:00.000Z,BOU,X,adjusted,channel,20502.181,nT
2026-04-12T10:03:00.000Z,BOU,X,adjusted,channel,20501.92,nT
2026-04-12T10:04:00.000Z,BOU,X,adjusted,channel,20501.57,nT
2026-04-12T10:05:00.000Z,BOU,X,adjusted,channel,20501.273,nT
2026-04-12T10:06:00.000Z,BOU,X,adjusted,channel,20501.018,nT
2026-04-12T10:07:00.000Z,BOU,X,adjusted,channel,20500.765,nT
2026-04-12T10:08:00.000Z,BOU,X,adjusted,channel,20500.435,nT
2026-04-12T10:09:00.000Z,BOU,X,adjusted,channel,20500.268,nT
2026-04-12T10:10:00.000Z,BOU,X,adjusted,channel,20500.178,nT
2026-04-12T10:11:00.000Z,BOU,X,adjusted,channel,20500.113,nT
2026-04-12T10:12:00.000Z,BOU,X,adjusted,channel,20499.958,nT
2026-04-12T10:13:00.000Z,BOU,X,adjusted,channel,20499.648,nT
2026-04-12T10:14:00.000Z,BOU,X,adjusted,channel,20499.622,nT
2026-04-12T10:15:00.000Z,BOU,X,adjusted,channel,20499.706,nT
2026-04-12T10:16:00.000Z,BOU,X,adjusted,channel,20499.923,nT
2026-04-12T10:17:00.000Z,BOU,X,adjusted,channel,20499.969,nT
2026-04-12T10:18:00.000Z,BOU,X,adjusted,channel,20499.841,nT
2026-04-12T10:19:00.000Z,BOU,X,adjusted,channel,20499.719,nT
2026-04-12T10:20:00.000Z,BOU,X,adjusted,channel,20499.641,nT
2026-04-12T10:21:00.000Z,BOU,X,adjusted,channel,20499.454,nT
2026-04-12T10:22:00.000Z,BOU,X,adjusted,channel,20499.298,nT
2026-04-12T10:23:00.000Z,BOU,X,adjusted,channel,20499.203,nT
2026-04-12T10:24:00.000Z,BOU,X,adjusted,channel,20499.188,nT
2026-04-12T10:25:00.000Z,BOU,X,adjusted,channel,20499.293,nT
2026-04-12T10:26:00.000Z,BOU,X,adjusted,channel,20499.151,nT
2026-04-12T10:27:00.000Z,BOU,X,adjusted,channel,20499.186,nT
2026-04-12T10:28:00.000Z,BOU,X,adjusted,channel,20499.463,nT
2026-04-12T10:29:00.000Z,BOU,X,adjusted,channel,20499.707,nT
2026-04-12T10:30:00.000Z,BOU,X,adjusted,channel,20499.511,nT
2026-04-12T10:31:00.000Z,BOU,X,adjusted,channel,20499.239,nT
2026-04-12T10:32:00.000Z,BOU,X,adjusted,channel,20499.047,nT
2026-04-12T10:33:00.000Z,BOU,X,adjusted,channel,20498.741,nT
2026-04-12T10:34:00.000Z,BOU,X,adjusted,channel,20498.384,nT
2026-04-12T10:35:00.000Z,BOU,X,adjusted,channel,20498.162,nT
2026-04-12T10:36:00.000Z,BOU,X,adjusted,channel,20498.024,nT
2026-04-12T10:37:00.000Z,BOU,X,adjusted,channel,20497.776,nT
2026-04-12T10:38:00.000Z,BOU,X,adjusted,channel,20497.549,nT
2026-04-12T10:39:00.000Z,BOU,X,adjusted,channel,20497.424,nT
2026-04-12T10:40:00.000Z,BOU,X,adjusted,channel,20497.364,nT
2026-04-12T10:41:00.000Z,BOU,X,adjusted,channel,20497.437,nT
2026-04-12T10:42:00.000Z,BOU,X,adjusted,channel,20497.866,nT
2026-04-12T10:43:00.000Z,BOU,X,adjusted,channel,20498.291,nT
2026-04-12T10:44:00.000Z,BOU,X,adjusted,channel,20498.039,nT
2026-04-12T10:45:00.000Z,BOU,X,adjusted,channel,20498.05,nT
2026-04-12T10:46:00.000Z,BOU,X,adjusted,channel,20497.8,nT
2026-04-12T10:47:00.000Z,BOU,X,adjusted,channel,20497.803,nT
2026-04-12T10:48:00.000Z,BOU,X,adjusted,channel,20497.713,nT
2026-04-12T10:49:00.000Z,BOU,X,adjusted,channel,20497.845,nT
2026-04-12T10:50:00.000Z,BOU,X,adjusted,channel,20497.713,nT
2026-04-12T10:51:00.000Z,BOU,X,adjusted,channel,20498.135,nT
2026-04-12T10:52:00.000Z,BOU,X,adjusted,channel,20498.328,nT
2026-04-12T10:53:00.000Z,BOU,X,adjusted,channel,20498.598,nT
2026-04-12T10:54:00.000Z,BOU,X,adjusted,channel,20498.564,nT
2026-04-12T10:55:00.000Z,BOU,X,adjusted,channel,20498.451,nT
2026-04-12T10:56:00.000Z,BOU,X,adjusted,channel,20498.18,nT
2026-04-12T10:57:00.000Z,BOU,X,adjusted,channel,20498.229,nT
2026-04-12T10:58:00.000Z,BOU,X,adjusted,channel,20498.426,nT
2026-04-12T10:59:00.000Z,BOU,X,adjusted,channel,20497.93,nT
2026-04-12T11:00:00.000Z,BOU,X,adjusted,channel,20498.003,nT
2026-04-12T11:01:00.000Z,BOU,X,adjusted,channel,20498.035,nT
2026-04-12T11:02:00.000Z,BOU,X,adjusted,channel,20497.899,nT
2026-04-12T11:03:00.000Z,BOU,X,adjusted,channel,20497.721,nT
2026-04-12T11:04:00.000Z,BOU,X,adjusted,channel,20497.46,nT
2026-04-12T11:05:00.000Z,BOU,X,adjusted,channel,20497.203,nT
2026-04-12T11:06:00.000Z,BOU,X,adjusted,channel,20496.907,nT
2026-04-12T11:07:00.000Z,BOU,X,adjusted,channel,20496.615,nT
2026-04-12T11:08:00.000Z,BOU,X,adjusted,channel,20496.152,nT
2026-04-12T11:09:00.000Z,BOU,X,adjusted,channel,20495.603,nT
2026-04-12T11:10:00.000Z,BOU,X,adjusted,channel,20494.96,nT
2026-04-12T11:11:00.000Z,BOU,X,adjusted,channel,20494.7,nT
2026-04-12T11:12:00.000Z,BOU,X,adjusted,channel,20494.257,nT
2026-04-12T11:13:00.000Z,BOU,X,adjusted,channel,20494.007,nT
2026-04-12T11:14:00.000Z,BOU,X,adjusted,channel,20493.498,nT
2026-04-12T11:15:00.000Z,BOU,X,adjusted,channel,20492.91,nT
2026-04-12T11:16:00.000Z,BOU,X,adjusted,channel,20492.309,nT
2026-04-12T11:17:00.000Z,BOU,X,adjusted,channel,20491.594,nT
2026-04-12T11:18:00.000Z,BOU,X,adjusted,channel,20491.279,nT
2026-04-12T11:19:00.000Z,BOU,X,adjusted,channel,20490.297,nT
2026-04-12T11:20:00.000Z,BOU,X,adjusted,channel,20489.806,nT
2026-04-12T11:21:00.000Z,BOU,X,adjusted,channel,20489.433,nT
2026-04-12T11:22:00.000Z,BOU,X,adjusted,channel,20489.098,nT
2026-04-12T11:23:00.000Z,BOU,X,adjusted,channel,20488.981,nT
2026-04-12T11:24:00.000Z,BOU,X,adjusted,channel,20489.4,nT
2026-04-12T11:25:00.000Z,BOU,X,adjusted,channel,20489.907,nT
2026-04-12T11:26:00.000Z,BOU,X,adjusted,channel,20490.074,nT
2026-04-12T11:27:00.000Z,BOU,X,adjusted,channel,20490.426,nT
2026-04-12T11:28:00.000Z,BOU,X,adjusted,channel,20491.229,nT
2026-04-12T11:29:00.000Z,BOU,X,adjusted,channel,20491.187,nT
2026-04-12T11:30:00.000Z,BOU,X,adjusted,channel,20491.249,nT
2026-04-12T11:31:00.000Z,BOU,X,adjusted,channel,20491.751,nT
2026-04-12T11:32:00.000Z,BOU,X,adjusted,channel,20492.495,nT
2026-04-12T11:33:00.000Z,BOU,X,adjusted,channel,20493.121,nT
2026-04-12T11:34:00.000Z,BOU,X,adjusted,channel,20493.957,nT
2026-04-12T11:35:00.000Z,BOU,X,adjusted,channel,20494.838,nT
2026-04-12T11:36:00.000Z,BOU,X,adjusted,channel,20495.552,nT
2026-04-12T11:37:00.000Z,BOU,X,adjusted,channel,20495.908,nT
2026-04-12T11:38:00.000Z,BOU,X,adjusted,channel,20496.137,nT
2026-04-12T11:39:00.000Z,BOU,X,adjusted,channel,20496.255,nT
2026-04-12T11:40:00.000Z,BOU,X,adjusted,channel,20496.622,nT
2026-04-12T11:41:00.000Z,BOU,X,adjusted,channel,20496.6,nT
2026-04-12T11:42:00.000Z,BOU,X,adjusted,channel,20496.57,nT
2026-04-12T11:43:00.000Z,BOU,X,adjusted,channel,20496.78,nT
2026-04-12T11:44:00.000Z,BOU,X,adjusted,channel,20496.426,nT
2026-04-12T11:45:00.000Z,BOU,X,adjusted,channel,20496.784,nT
2026-04-12T11:46:00.000Z,BOU,X,adjusted,channel,20497.106,nT
2026-04-12T11:47:00.000Z,BOU,X,adjusted,channel,20497.553,nT
2026-04-12T11:48:00.000Z,BOU,X,adjusted,channel,20497.426,nT
2026-04-12T11:49:00.000Z,BOU,X,adjusted,channel,20497.301,nT
2026-04-12T11:50:00.000Z,BOU,X,adjusted,channel,20496.683,nT
2026-04-12T11:51:00.000Z,BOU,X,adjusted,channel,20496.037,nT
2026-04-12T11:52:00.000Z,BOU,X,adjusted,channel,20495.795,nT
2026-04-12T11:53:00.000Z,BOU,X,adjusted,channel,20495.368,nT
2026-04-12T11:54:00.000Z,BOU,X,adjusted,channel,20495.729,nT
2026-04-12T11:55:00.000Z,BOU,X,adjusted,channel,20495.901,nT
2026-04-12T11:56:00.000Z,BOU,X,adjusted,channel,20496.092,nT
2026-04-12T11:57:00.000Z,BOU,X,adjusted,channel,20496.096,nT
2026-04-12T11:58:00.000Z,BOU,X,adjusted,channel,20495.672,nT
2026-04-12T11:59:00.000Z,BOU,X,adjusted,channel,20495.735,nT
2026-04-12T12:00:00.000Z,BOU,X,adjusted,channel,20495.677,nT
2026-04-12T12:01:00.000Z,BOU,X,adjusted,channel,20495.466,nT
2026-04-12T12:02:00.000Z,BOU,X,adjusted,channel,20495.179,nT
2026-04-12T12:03:00.000Z,BOU,X,adjusted,channel,20495.229,nT
2026-04-12T12:04:00.000Z,BOU,X,adjusted,channel,20495.089,nT
2026-04-12T12:05:00.000Z,BOU,X,adjusted,channel,20494.932,nT
2026-04-12T12:06:00.000Z,BOU,X,adjusted,channel,20494.934,nT
2026-04-12T12:07:00.000Z,BOU,X,adjusted,channel,20495.226,nT
2026-04-12T12:08:00.000Z,BOU,X,adjusted,channel,20495.28,nT
2026-04-12T12:09:00.000Z,BOU,X,adjusted,channel,20495.012,nT
2026-04-12T12:10:00.000Z,BOU,X,adjusted,channel,20494.37,nT
2026-04-12T12:11:00.000Z,BOU,X,adjusted,channel,20493.881,nT
2026-04-12T12:12:00.000Z,BOU,X,adjusted,channel,20494.205,nT
2026-04-12T12:13:00.000Z,BOU,X,adjusted,channel,20494.683,nT
2026-04-12T12:14:00.000Z,BOU,X,adjusted,channel,20495.405,nT
2026-04-12T12:15:00.000Z,BOU,X,adjusted,channel,20495.78,nT
2026-04-12T12:16:00.000Z,BOU,X,adjusted,channel,20495.904,nT
2026-04-12T12:17:00.000Z,BOU,X,adjusted,channel,20495.749,nT
2026-04-12T12:18:00.000Z,BOU,X,adjusted,channel,20495.858,nT
2026-04-12T12:19:00.000Z,BOU,X,adjusted,channel,20496.048,nT
2026-04-12T12:20:00.000Z,BOU,X,adjusted,channel,20496.158,nT
2026-04-12T12:21:00.000Z,BOU,X,adjusted,channel,20496.325,nT
2026-04-12T12:22:00.000Z,BOU,X,adjusted,channel,20496.495,nT
2026-04-12T12:23:00.000Z,BOU,X,adjusted,channel,20496.782,nT
2026-04-12T12:24:00.000Z,BOU,X,adjusted,channel,20496.78,nT
2026-04-12T12:25:00.000Z,BOU,X,adjusted,channel,20496.709,nT
2026-04-12T12:26:00.000Z,BOU,X,adjusted,channel,20496.851,nT
2026-04-12T12:27:00.000Z,BOU,X,adjusted,channel,20497.16,nT
2026-04-12T12:28:00.000Z,BOU,X,adjusted,channel,20497.424,nT
2026-04-12T12:29:00.000Z,BOU,X,adjusted,channel,20497.232,nT
2026-04-12T12:30:00.000Z,BOU,X,adjusted,channel,20497.221,nT
2026-04-12T12:31:00.000Z,BOU,X,adjusted,channel,20497.304,nT
2026-04-12T12:32:00.000Z,BOU,X,adjusted,channel,20497.302,nT
2026-04-12T12:33:00.000Z,BOU,X,adjusted,channel,20497.341,nT
2026-04-12T12:34:00.000Z,BOU,X,adjusted,channel,20497.551,nT
2026-04-12T12:35:00.000Z,BOU,X,adjusted,channel,20497.929,nT
2026-04-12T12:36:00.000Z,BOU,X,adjusted,channel,20498.285,nT
2026-04-12T12:37:00.000Z,BOU,X,adjusted,channel,20498.337,nT
2026-04-12T12:38:00.000Z,BOU,X,adjusted,channel,20498.179,nT
2026-04-12T12:39:00.000Z,BOU,X,adjusted,channel,20497.859,nT
2026-04-12T12:40:00.000Z,BOU,X,adjusted,channel,20497.779,nT
2026-04-12T12:41:00.000Z,BOU,X,adjusted,channel,20497.775,nT
2026-04-12T12:42:00.000Z,BOU,X,adjusted,channel,20497.911,nT
2026-04-12T12:43:00.000Z,BOU,X,adjusted,channel,20498.333,nT
2026-04-12T12:44:00.000Z,BOU,X,adjusted,channel,20498.499,nT
2026-04-12T12:45:00.000Z,BOU,X,adjusted,channel,20498.688,nT
2026-04-12T12:46:00.000Z,BOU,X,adjusted,channel,20498.848,nT
2026-04-12T12:47:00.000Z,BOU,X,adjusted,channel,20498.891,nT
2026-04-12T12:48:00.000Z,BOU,X,adjusted,channel,20498.694,nT
2026-04-12T12:49:00.000Z,BOU,X,adjusted,channel,20498.597,nT
2026-04-12T12:50:00.000Z,BOU,X,adjusted,channel,20498.674,nT
2026-04-12T12:51:00.000Z,BOU,X,adjusted,channel,20498.953,nT
2026-04-12T12:52:00.000Z,BOU,X,adjusted,channel,20499.243,nT
2026-04-12T12:53:00.000Z,BOU,X,adjusted,channel,20499.24,nT
2026-04-12T12:54:00.000Z,BOU,X,adjusted,channel,20499.125,nT
2026-04-12T12:55:00.000Z,BOU,X,adjusted,channel,20499.167,nT
2026-04-12T12:56:00.000Z,BOU,X,adjusted,channel,20499.245,nT
2026-04-12T12:57:00.000Z,BOU,X,adjusted,channel,20499.128,nT
2026-04-12T12:58:00.000Z,BOU,X,adjusted,channel,20498.81,nT
2026-04-12T12:59:00.000Z,BOU,X,adjusted,channel,20498.508,nT
2026-04-12T13:00:00.000Z,BOU,X,adjusted,channel,20498.209,nT
2026-04-12T13:01:00.000Z,BOU,X,adjusted,channel,20498.356,nT
2026-04-12T13:02:00.000Z,BOU,X,adjusted,channel,20497.889,nT
2026-04-12T13:03:00.000Z,BOU,X,adjusted,channel,20497.891,nT
2026-04-12T13:04:00.000Z,BOU,X,adjusted,channel,20498.297,nT
2026-04-12T13:05:00.000Z,BOU,X,adjusted,channel,20498.65,nT
2026-04-12T13:06:00.000Z,BOU,X,adjusted,channel,20498.392,nT
2026-04-12T13:07:00.000Z,BOU,X,adjusted,channel,20498.066,nT
2026-04-12T13:08:00.000Z,BOU,X,adjusted,channel,20497.453,nT
2026-04-12T13:09:00.000Z,BOU,X,adjusted,channel,20496.93,nT
2026-04-12T13:10:00.000Z,BOU,X,adjusted,channel,20496.673,nT
2026-04-12T13:11:00.000Z,BOU,X,adjusted,channel,20496.458,nT
2026-04-12T13:12:00.000Z,BOU,X,adjusted,channel,20495.956,nT
2026-04-12T13:13:00.000Z,BOU,X,adjusted,channel,20495.238,nT
2026-04-12T13:14:00.000Z,BOU,X,adjusted,channel,20494.825,nT
2026-04-12T13:15:00.000Z,BOU,X,adjusted,channel,20494.455,nT
2026-04-12T13:16:00.000Z,BOU,X,adjusted,channel,20493.876,nT
2026-04-12T13:17:00.000Z,BOU,X,adjusted,channel,20493.105,nT
2026-04-12T13:18:00.000Z,BOU,X,adjusted,channel,20492.695,nT
2026-04-12T13:19:00.000Z,BOU,X,adjusted,channel,20492.4,nT
2026-04-12T13:20:00.000Z,BOU,X,adjusted,channel,20491.821,nT
2026-04-12T13:21:00.000Z,BOU,X,adjusted,channel,20490.935,nT
2026-04-12T13:22:00.000Z,BOU,X,adjusted,channel,20490.457,nT
2026-04-12T13:23:00.000Z,BOU,X,adjusted,channel,20490.115,nT
2026-04-12T13:24:00.000Z,BOU,X,adjusted,channel,20489.633,nT
2026-04-12T13:25:00.000Z,BOU,X,adjusted,channel,20489.381,nT
2026-04-12T13:26:00.000Z,BOU,X,adjusted,channel,20489.076,nT
2026-04-12T13:27:00.000Z,BOU,X,adjusted,channel,20489.057,nT
2026-04-12T13:28:00.000Z,BOU,X,adjusted,channel,20488.988,nT
2026-04-12T13:29:00.000Z,BOU,X,adjusted,channel,20489.166,nT
2026-04-12T13:30:00.000Z,BOU,X,adjusted,channel,20489.244,nT
2026-04-12T13:31:00.000Z,BOU,X,adjusted,channel,20488.681,nT
2026-04-12T13:32:00.000Z,BOU,X,adjusted,channel,20487.165,nT
2026-04-12T13:33:00.000Z,BOU,X,adjusted,channel,20486.804,nT
2026-04-12T13:34:00.000Z,BOU,X,adjusted,channel,20486.815,nT
2026-04-12T13:35:00.000Z,BOU,X,adjusted,channel,20486.618,nT
2026-04-12T13:36:00.000Z,BOU,X,adjusted,channel,20486.528,nT
2026-04-12T13:37:00.000Z,BOU,X,adjusted,channel,20486.128,nT
2026-04-12T13:38:00.000Z,BOU,X,adjusted,channel,20485.66,nT
2026-04-12T13:39:00.000Z,BOU,X,adjusted,channel,20485.66,nT
2026-04-12T13:40:00.000Z,BOU,X,adjusted,channel,20484.737,nT
2026-04-12T13:41:00.000Z,BOU,X,adjusted,channel,20484.208,nT
2026-04-12T13:42:00.000Z,BOU,X,adjusted,channel,20484.026,nT
2026-04-12T13:43:00.000Z,BOU,X,adjusted,channel,20484.418,nT
2026-04-12T13:44:00.000Z,BOU,X,adjusted,channel,20485.207,nT
2026-04-12T13:45:00.000Z,BOU,X,adjusted,channel,20486.147,nT
2026-04-12T13:46:00.000Z,BOU,X,adjusted,channel,20486.543,nT
2026-04-12T13:47:00.000Z,BOU,X,adjusted,channel,20486.164,nT
2026-04-12T13:48:00.000Z,BOU,X,adjusted,channel,20486.537,nT
2026-04-12T13:49:00.000Z,BOU,X,adjusted,channel,20486.325,nT
2026-04-12T13:50:00.000Z,BOU,X,adjusted,channel,20486.39,nT
2026-04-12T13:51:00.000Z,BOU,X,adjusted,channel,20487.111,nT
2026-04-12T13:52:00.000Z,BOU,X,adjusted,channel,20487.358,nT
2026-04-12T13:53:00.000Z,BOU,X,adjusted,channel,20487.625,nT
2026-04-12T13:54:00.000Z,BOU,X,adjusted,channel,20488.504,nT
2026-04-12T13:55:00.000Z,BOU,X,adjusted,channel,20488.892,nT
2026-04-12T13:56:00.000Z,BOU,X,adjusted,channel,20489.278,nT
2026-04-12T13:57:00.000Z,BOU,X,adjusted,channel,20489.28,nT
2026-04-12T13:58:00.000Z,BOU,X,adjusted,channel,20488.963,nT
2026-04-12T13:59:00.000Z,BOU,X,adjusted,channel,20488.657,nT
2026-04-12T14:00:00.000Z,BOU,X,adjusted,channel,20487.543,nT
2026-04-12T14:01:00.000Z,BOU,X,adjusted,channel,20487.425,nT
2026-04-12T14:02:00.000Z,BOU,X,adjusted,channel,20486.706,nT
2026-04-12T14:03:00.000Z,BOU,X,adjusted,channel,20486.133,nT
2026-04-12T14:04:00.000Z,BOU,X,adjusted,channel,20485.643,nT
2026-04-12T14:05:00.000Z,BOU,X,adjusted,channel,20486.009,nT
2026-04-12T14:06:00.000Z,BOU,X,adjusted,channel,20485.277,nT
2026-04-12T14:07:00.000Z,BOU,X,adjusted,channel,20484.959,nT
2026-04-12T14:08:00.000Z,BOU,X,adjusted,channel,20484.846,nT
2026-04-12T14:09:00.000Z,BOU,X,adjusted,channel,20485.033,nT
2026-04-12T14:10:00.000Z,BOU,X,adjusted,channel,20484.74,nT
2026-04-12T14:11:00.000Z,BOU,X,adjusted,channel,20484.3,nT
2026-04-12T14:12:00.000Z,BOU,X,adjusted,channel,20483.446,nT
2026-04-12T14:13:00.000Z,BOU,X,adjusted,channel,20482.9,nT
2026-04-12T14:14:00.000Z,BOU,X,adjusted,channel,20482.557,nT
2026-04-12T14:15:00.000Z,BOU,X,adjusted,channel,20482.775,nT
2026-04-12T14:16:00.000Z,BOU,X,adjusted,channel,20482.526,nT
2026-04-12T14:17:00.000Z,BOU,X,adjusted,channel,20483.056,nT
2026-04-12T14:18:00.000Z,BOU,X,adjusted,channel,20481.861,nT
2026-04-12T14:19:00.000Z,BOU,X,adjusted,channel,20481.543,nT
2026-04-12T14:20:00.000Z,BOU,X,adjusted,channel,20480.645,nT
2026-04-12T14:21:00.000Z,BOU,X,adjusted,channel,20481.196,nT
2026-04-12T14:22:00.000Z,BOU,X,adjusted,channel,20481.385,nT
2026-04-12T14:23:00.000Z,BOU,X,adjusted,channel,20480.674,nT
2026-04-12T14:24:00.000Z,BOU,X,adjusted,channel,20480.425,nT
2026-04-12T14:25:00.000Z,BOU,X,adjusted,channel,20479.677,nT
2026-04-12T14:26:00.000Z,BOU,X,adjusted,channel,20480.67,nT
2026-04-12T14:27:00.000Z,BOU,X,adjusted,channel,20481.207,nT
2026-04-12T14:28:00.000Z,BOU,X,adjusted,channel,20481.128,nT
2026-04-12T14:29:00.000Z,BOU,X,adjusted,channel,20480.091,nT
2026-04-12T14:30:00.000Z,BOU,X,adjusted,channel,20479.697,nT
2026-04-12T14:31:00.000Z,BOU,X,adjusted,channel,20478.911,nT
2026-04-12T14:32:00.000Z,BOU,X,adjusted,channel,20478.849,nT
2026-04-12T14:33:00.000Z,BOU,X,adjusted,channel,20479.001,nT
2026-04-12T14:34:00.000Z,BOU,X,adjusted,channel,20479.496,nT
2026-04-12T14:35:00.000Z,BOU,X,adjusted,channel,20479.108,nT
2026-04-12T14:36:00.000Z,BOU,X,adjusted,channel,20477.538,nT
2026-04-12T14:37:00.000Z,BOU,X,adjusted,channel,20476.501,nT
2026-04-12T14:38:00.000Z,BOU,X,adjusted,channel,20476.529,nT
2026-04-12T14:39:00.000Z,BOU,X,adjusted,channel,20476.125,nT
2026-04-12T14:40:00.000Z,BOU,X,adjusted,channel,20475.307,nT
2026-04-12T14:41:00.000Z,BOU,X,adjusted,channel,20475.04,nT
2026-04-12T14:42:00.000Z,BOU,X,adjusted,channel,20476.605,nT
2026-04-12T14:43:00.000Z,BOU,X,adjusted,channel,20478.276,nT
2026-04-12T14:44:00.000Z,BOU,X,adjusted,channel,20479.631,nT
2026-04-12T14:45:00.000Z,BOU,X,adjusted,channel,20479.473,nT
2026-04-12T14:46:00.000Z,BOU,X,adjusted,channel,20477.402,nT
2026-04-12T14:47:00.000Z,BOU,X,adjusted,channel,20475.327,nT
2026-04-12T14:48:00.000Z,BOU,X,adjusted,channel,20473.964,nT
2026-04-12T14:49:00.000Z,BOU,X,adjusted,channel,20474.454,nT
2026-04-12T14:50:00.000Z,BOU,X,adjusted,channel,20475.145,nT
2026-04-12T14:51:00.000Z,BOU,X,adjusted,channel,20475.922,nT
2026-04-12T14:52:00.000Z,BOU,X,adjusted,channel,20476.357,nT
2026-04-12T14:53:00.000Z,BOU,X,adjusted,channel,20476.403,nT
2026-04-12T14:54:00.000Z,BOU,X,adjusted,channel,20476.854,nT
2026-04-12T14:55:00.000Z,BOU,X,adjusted,channel,20476.527,nT
2026-04-12T14:56:00.000Z,BOU,X,adjusted,channel,20477.029,nT
2026-04-12T14:57:00.000Z,BOU,X,adjusted,channel,20477.874,nT
2026-04-12T14:58:00.000Z,BOU,X,adjusted,channel,20479.136,nT
2026-04-12T14:59:00.000Z,BOU,X,adjusted,channel,20479.44,nT
2026-04-12T15:00:00.000Z,BOU,X,adjusted,channel,20479.686,nT
2026-04-12T15:01:00.000Z,BOU,X,adjusted,channel,20479.615,nT
2026-04-12T15:02:00.000Z,BOU,X,adjusted,channel,20479.57,nT
2026-04-12T15:03:00.000Z,BOU,X,adjusted,channel,20479.209,nT
2026-04-12T15:04:00.000Z,BOU,X,adjusted,channel,20479.086,nT
2026-04-12T15:05:00.000Z,BOU,X,adjusted,channel,20479.128,nT
2026-04-12T15:06:00.000Z,BOU,X,adjusted,channel,20478.883,nT
2026-04-12T15:07:00.000Z,BOU,X,adjusted,channel,20478.722,nT
2026-04-12T15:08:00.000Z,BOU,X,adjusted,channel,20478.481,nT
2026-04-12T15:09:00.000Z,BOU,X,adjusted,channel,20478.325,nT
2026-04-12T15:10:00.000Z,BOU,X,adjusted,channel,20478.116,nT
2026-04-12T15:11:00.000Z,BOU,X,adjusted,channel,20477.794,nT
2026-04-12T15:12:00.000Z,BOU,X,adjusted,channel,20477.867,nT
2026-04-12T15:13:00.000Z,BOU,X,adjusted,channel,20477.961,nT
2026-04-12T15:14:00.000Z,BOU,X,adjusted,channel,20477.827,nT
2026-04-12T15:15:00.000Z,BOU,X,adjusted,channel,20477.812,nT
2026-04-12T15:16:00.000Z,BOU,X,adjusted,channel,20477.728,nT
2026-04-12T15:17:00.000Z,BOU,X,adjusted,channel,20478.623,nT
2026-04-12T15:18:00.000Z,BOU,X,adjusted,channel,20479.173,nT
2026-04-12T15:19:00.000Z,BOU,X,adjusted,channel,20479.555,nT
2026-04-12T15:20:00.000Z,BOU,X,adjusted,channel,20479.155,nT
2026-04-12T15:21:00.000Z,BOU,X,adjusted,channel,20477.839,nT
2026-04-12T15:22:00.000Z,BOU,X,adjusted,channel,20476.458,nT
2026-04-12T15:23:00.000Z,BOU,X,adjusted,channel,20474.624,nT
2026-04-12T15:24:00.000Z,BOU,X,adjusted,channel,20473.812,nT
2026-04-12T15:25:00.000Z,BOU,X,adjusted,channel,20474.334,nT
2026-04-12T15:26:00.000Z,BOU,X,adjusted,channel,20475.107,nT
2026-04-12T15:27:00.000Z,BOU,X,adjusted,channel,20474.994,nT
2026-04-12T15:28:00.000Z,BOU,X,adjusted,channel,20474.305,nT
2026-04-12T15:29:00.000Z,BOU,X,adjusted,channel,20473.856,nT
2026-04-12T15:30:00.000Z,BOU,X,adjusted,channel,20474.107,nT
2026-04-12T15:31:00.000Z,BOU,X,adjusted,channel,20475.123,nT
2026-04-12T15:32:00.000Z,BOU,X,adjusted,channel,20475.133,nT
2026-04-12T15:33:00.000Z,BOU,X,adjusted,channel,20474.63,nT
2026-04-12T15:34:00.000Z,BOU,X,adjusted,channel,20475.639,nT
2026-04-12T15:35:00.000Z,BOU,X,adjusted,channel,20475.271,nT
2026-04-12T15:36:00.000Z,BOU,X,adjusted,channel,20474.36,nT
2026-04-12T15:37:00.000Z,BOU,X,adjusted,channel,20474.819,nT
2026-04-12T15:38:00.000Z,BOU,X,adjusted,channel,20475.368,nT
2026-04-12T15:39:00.000Z,BOU,X,adjusted,channel,20474.699,nT
2026-04-12T15:40:00.000Z,BOU,X,adjusted,channel,20473.819,nT
2026-04-12T15:41:00.000Z,BOU,X,adjusted,channel,20473.064,nT
2026-04-12T15:42:00.000Z,BOU,X,adjusted,channel,20472.613,nT
2026-04-12T15:43:00.000Z,BOU,X,adjusted,channel,20472.365,nT
2026-04-12T15:44:00.000Z,BOU,X,adjusted,channel,20471.805,nT
2026-04-12T15:45:00.000Z,BOU,X,adjusted,channel,20470.378,nT
2026-04-12T15:46:00.000Z,BOU,X,adjusted,channel,20469.388,nT
2026-04-12T15:47:00.000Z,BOU,X,adjusted,channel,20468.723,nT
2026-04-12T15:48:00.000Z,BOU,X,adjusted,channel,20469.013,nT
2026-04-12T15:49:00.000Z,BOU,X,adjusted,channel,20469.829,nT
2026-04-12T15:50:00.000Z,BOU,X,adjusted,channel,20470.353,nT
2026-04-12T15:51:00.000Z,BOU,X,adjusted,channel,20470.037,nT
2026-04-12T15:52:00.000Z,BOU,X,adjusted,channel,20469.107,nT
2026-04-12T15:53:00.000Z,BOU,X,adjusted,channel,20468.515,nT
2026-04-12T15:54:00.000Z,BOU,X,adjusted,channel,20468.552,nT
2026-04-12T15:55:00.000Z,BOU,X,adjusted,channel,20469.087,nT
2026-04-12T15:56:00.000Z,BOU,X,adjusted,channel,20468.953,nT
2026-04-12T15:57:00.000Z,BOU,X,adjusted,channel,20468.619,nT
2026-04-12T15:58:00.000Z,BOU,X,adjusted,channel,20468.858,nT
2026-04-12T15:59:00.000Z,BOU,X,adjusted,channel,20468.904,nT
2026-04-12T16:00:00.000Z,BOU,X,adjusted,channel,20469.57,nT
2026-04-12T16:01:00.000Z,BOU,X,adjusted,channel,20469.558,nT
2026-04-12T16:02:00.000Z,BOU,X,adjusted,channel,20469.944,nT
2026-04-12T16:03:00.000Z,BOU,X,adjusted,channel,20469.726,nT
2026-04-12T16:04:00.000Z,BOU,X,adjusted,channel,20469.392,nT
2026-04-12T16:05:00.000Z,BOU,X,adjusted,channel,20469.008,nT
2026-04-12T16:06:00.000Z,BOU,X,adjusted,channel,20468.904,nT
2026-04-12T16:07:00.000Z,BOU,X,adjusted,channel,20468.554,nT
2026-04-12T16:08:00.000Z,BOU,X,adjusted,channel,20468.283,nT
2026-04-12T16:09:00.000Z,BOU,X,adjusted,channel,20467.893,nT
2026-04-12T16:10:00.000Z,BOU,X,adjusted,channel,20468.293,nT
2026-04-12T16:11:00.000Z,BOU,X,adjusted,channel,20468.917,nT
2026-04-12T16:12:00.000Z,BOU,X,adjusted,channel,20469.52,nT
2026-04-12T16:13:00.000Z,BOU,X,adjusted,channel,20469.946,nT
2026-04-12T16:14:00.000Z,BOU,X,adjusted,channel,20470.279,nT
2026-04-12T16:15:00.000Z,BOU,X,adjusted,channel,20470.394,nT
2026-04-12T16:16:00.000Z,BOU,X,adjusted,channel,20470.423,nT
2026-04-12T16:17:00.000Z,BOU,X,adjusted,channel,20470.012,nT
2026-04-12T16:18:00.000Z,BOU,X,adjusted,channel,20470.142,nT
2026-04-12T16:19:00.000Z,BOU,X,adjusted,channel,20470.151,nT
2026-04-12T16:20:00.000Z,BOU,X,adjusted,channel,20470.092,nT
2026-04-12T16:21:00.000Z,BOU,X,adjusted,channel,20470.431,nT
2026-04-12T16:22:00.000Z,BOU,X,adjusted,channel,20469.958,nT
2026-04-12T16:23:00.000Z,BOU,X,adjusted,channel,20470.236,nT
2026-04-12T16:24:00.000Z,BOU,X,adjusted,channel,20469.842,nT
2026-04-12T16:25:00.000Z,BOU,X,adjusted,channel,20469.342,nT
2026-04-12T16:26:00.000Z,BOU,X,adjusted,channel,20468.677,nT
2026-04-12T16:27:00.000Z,BOU,X,adjusted,channel,20468.092,nT
2026-04-12T16:28:00.000Z,BOU,X,adjusted,channel,20467.097,nT
2026-04-12T16:29:00.000Z,BOU,X,adjusted,channel,20466.486,nT
2026-04-12T16:30:00.000Z,BOU,X,adjusted,channel,20466.293,nT
2026-04-12T16:31:00.000Z,BOU,X,adjusted,channel,20466.948,nT
2026-04-12T16:32:00.000Z,BOU,X,adjusted,channel,20467.205,nT
2026-04-12T16:33:00.000Z,BOU,X,adjusted,channel,20466.92,nT
2026-04-12T16:34:00.000Z,BOU,X,adjusted,channel,20466.915,nT
2026-04-12T16:35:00.000Z,BOU,X,adjusted,channel,20467.31,nT
2026-04-12T16:36:00.000Z,BOU,X,adjusted,channel,20467.984,nT
2026-04-12T16:37:00.000Z,BOU,X,adjusted,channel,20468.05,nT
2026-04-12T16:38:00.000Z,BOU,X,adjusted,channel,20467.885,nT
2026-04-12T16:39:00.000Z,BOU,X,adjusted,channel,20468.092,nT
2026-04-12T16:40:00.000Z,BOU,X,adjusted,channel,20468.541,nT
2026-04-12T16:41:00.000Z,BOU,X,adjusted,channel,20469.402,nT
2026-04-12T16:42:00.000Z,BOU,X,adjusted,channel,20469.99,nT
2026-04-12T16:43:00.000Z,BOU,X,adjusted,channel,20469.801,nT
2026-04-12T16:44:00.000Z,BOU,X,adjusted,channel,20469.411,nT
2026-04-12T16:45:00.000Z,BOU,X,adjusted,channel,20469.121,nT
2026-04-12T16:46:00.000Z,BOU,X,adjusted,channel,20468.755,nT
2026-04-12T16:47:00.000Z,BOU,X,adjusted,channel,20468.678,nT
2026-04-12T16:48:00.000Z,BOU,X,adjusted,channel,20468.807,nT
2026-04-12T16:49:00.000Z,BOU,X,adjusted,channel,20468.666,nT
2026-04-12T16:50:00.000Z,BOU,X,adjusted,channel,20468.667,nT
2026-04-12T16:51:00.000Z,BOU,X,adjusted,channel,20468.961,nT
2026-04-12T16:52:00.000Z,BOU,X,adjusted,channel,20469.262,nT
2026-04-12T16:53:00.000Z,BOU,X,adjusted,channel,20469.657,nT
2026-04-12T16:54:00.000Z,BOU,X,adjusted,channel,20469.738,nT
2026-04-12T16:55:00.000Z,BOU,X,adjusted,channel,20470.264,nT
2026-04-12T16:56:00.000Z,BOU,X,adjusted,channel,20470.379,nT
2026-04-12T16:57:00.000Z,BOU,X,adjusted,channel,20470.214,nT
2026-04-12T16:58:00.000Z,BOU,X,adjusted,channel,20470.758,nT
2026-04-12T16:59:00.000Z,BOU,X,adjusted,channel,20471.187,nT
2026-04-12T17:00:00.000Z,BOU,X,adjusted,channel,20471.299,nT
2026-04-12T17:01:00.000Z,BOU,X,adjusted,channel,20471.928,nT
2026-04-12T17:02:00.000Z,BOU,X,adjusted,channel,20471.292,nT
2026-04-12T17:03:00.000Z,BOU,X,adjusted,channel,20472.526,nT
2026-04-12T17:04:00.000Z,BOU,X,adjusted,channel,20473.432,nT
2026-04-12T17:05:00.000Z,BOU,X,adjusted,channel,20473.559,nT
2026-04-12T17:06:00.000Z,BOU,X,adjusted,channel,20473.347,nT
2026-04-12T17:07:00.000Z,BOU,X,adjusted,channel,20472.774,nT
2026-04-12T17:08:00.000Z,BOU,X,adjusted,channel,20472.446,nT
2026-04-12T17:09:00.000Z,BOU,X,adjusted,channel,20472.562,nT
2026-04-12T17:10:00.000Z,BOU,X,adjusted,channel,20472.747,nT
2026-04-12T17:11:00.000Z,BOU,X,adjusted,channel,20473.11,nT
2026-04-12T17:12:00.000Z,BOU,X,adjusted,channel,20473.557,nT
2026-04-12T17:13:00.000Z,BOU,X,adjusted,channel,20473.467,nT
2026-04-12T17:14:00.000Z,BOU,X,adjusted,channel,20473.449,nT
2026-04-12T17:15:00.000Z,BOU,X,adjusted,channel,20473.282,nT
2026-04-12T17:16:00.000Z,BOU,X,adjusted,channel,20473.302,nT
2026-04-12T17:17:00.000Z,BOU,X,adjusted,channel,20472.984,nT
2026-04-12T17:18:00.000Z,BOU,X,adjusted,channel,20472.524,nT
2026-04-12T17:19:00.000Z,BOU,X,adjusted,channel,20472.372,nT
2026-04-12T17:20:00.000Z,BOU,X,adjusted,channel,20472.535,nT
2026-04-12T17:21:00.000Z,BOU,X,adjusted,channel,20472.782,nT
2026-04-12T17:22:00.000Z,BOU,X,adjusted,channel,20473.161,nT
2026-04-12T17:23:00.000Z,BOU,X,adjusted,channel,20473.501,nT
2026-04-12T17:24:00.000Z,BOU,X,adjusted,channel,20473.386,nT
2026-04-12T17:25:00.000Z,BOU,X,adjusted,channel,20473.36,nT
2026-04-12T17:26:00.000Z,BOU,X,adjusted,channel,20473.384,nT
2026-04-12T17:27:00.000Z,BOU,X,adjusted,channel,20473.495,nT
2026-04-12T17:28:00.000Z,BOU,X,adjusted,channel,20473.595,nT
2026-04-12T17:29:00.000Z,BOU,X,adjusted,channel,20473.799,nT
2026-04-12T17:30:00.000Z,BOU,X,adjusted,channel,20473.856,nT
2026-04-12T17:31:00.000Z,BOU,X,adjusted,channel,20473.433,nT
2026-04-12T17:32:00.000Z,BOU,X,adjusted,channel,20472.998,nT
2026-04-12T17:33:00.000Z,BOU,X,adjusted,channel,20472.807,nT
2026-04-12T17:34:00.000Z,BOU,X,adjusted,channel,20473.217,nT
2026-04-12T17:35:00.000Z,BOU,X,adjusted,channel,20473.601,nT
2026-04-12T17:36:00.000Z,BOU,X,adjusted,channel,20474.27,nT
2026-04-12T17:37:00.000Z,BOU,X,adjusted,channel,20473.978,nT
2026-04-12T17:38:00.000Z,BOU,X,adjusted,channel,20474.187,nT
2026-04-12T17:39:00.000Z,BOU,X,adjusted,channel,20474.587,nT
2026-04-12T17:40:00.000Z,BOU,X,adjusted,channel,20474.827,nT
2026-04-12T17:41:00.000Z,BOU,X,adjusted,channel,20475.109,nT
2026-04-12T17:42:00.000Z,BOU,X,adjusted,channel,20475.334,nT
2026-04-12T17:43:00.000Z,BOU,X,adjusted,channel,20475.285,nT
2026-04-12T17:44:00.000Z,BOU,X,adjusted,channel,20475.107,nT
2026-04-12T17:45:00.000Z,BOU,X,adjusted,channel,20474.963,nT
2026-04-12T17:46:00.000Z,BOU,X,adjusted,channel,20475.15,nT
2026-04-12T17:47:00.000Z,BOU,X,adjusted,channel,20475.419,nT
2026-04-12T17:48:00.000Z,BOU,X,adjusted,channel,20475.361,nT
2026-04-12T17:49:00.000Z,BOU,X,adjusted,channel,20475.461,nT
2026-04-12T17:50:00.000Z,BOU,X,adjusted,channel,20475.183,nT
2026-04-12T17:51:00.000Z,BOU,X,adjusted,channel,20474.75,nT
2026-04-12T17:52:00.000Z,BOU,X,adjusted,channel,20474.353,nT
2026-04-12T17:53:00.000Z,BOU,X,adjusted,channel,20474,nT
2026-04-12T17:54:00.000Z,BOU,X,adjusted,channel,20473.612,nT
2026-04-12T17:55:00.000Z,BOU,X,adjusted,channel,20473.61,nT
2026-04-12T17:56:00.000Z,BOU,X,adjusted,channel,20473.873,nT
2026-04-12T17:57:00.000Z,BOU,X,adjusted,channel,20473.762,nT
2026-04-12T17:58:00.000Z,BOU,X,adjusted,channel,20473.381,nT
2026-04-12T17:59:00.000Z,BOU,X,adjusted,channel,20473.507,nT
2026-04-12T18:00:00.000Z,BOU,X,adjusted,channel,20473.335,nT
2026-04-12T18:01:00.000Z,BOU,X,adjusted,channel,20473.582,nT
2026-04-12T18:02:00.000Z,BOU,X,adjusted,channel,20474.202,nT
2026-04-12T18:03:00.000Z,BOU,X,adjusted,channel,20474.401,nT
2026-04-12T18:04:00.000Z,BOU,X,adjusted,channel,20474.556,nT
2026-04-12T18:05:00.000Z,BOU,X,adjusted,channel,20474.885,nT
2026-04-12T18:06:00.000Z,BOU,X,adjusted,channel,20475.231,nT
2026-04-12T18:07:00.000Z,BOU,X,adjusted,channel,20475.355,nT
2026-04-12T18:08:00.000Z,BOU,X,adjusted,channel,20475.422,nT
2026-04-12T18:09:00.000Z,BOU,X,adjusted,channel,20475.525,nT
2026-04-12T18:10:00.000Z,BOU,X,adjusted,channel,20475.381,nT
2026-04-12T18:11:00.000Z,BOU,X,adjusted,channel,20475.253,nT
2026-04-12T18:12:00.000Z,BOU,X,adjusted,channel,20475.783,nT
2026-04-12T18:13:00.000Z,BOU,X,adjusted,channel,20476.868,nT
2026-04-12T18:14:00.000Z,BOU,X,adjusted,channel,20477.106,nT
2026-04-12T18:15:00.000Z,BOU,X,adjusted,channel,20477.255,nT
2026-04-12T18:16:00.000Z,BOU,X,adjusted,channel,20477.53,nT
2026-04-12T18:17:00.000Z,BOU,X,adjusted,channel,20478.054,nT
2026-04-12T18:18:00.000Z,BOU,X,adjusted,channel,20477.658,nT
2026-04-12T18:19:00.000Z,BOU,X,adjusted,channel,20477.547,nT
2026-04-12T18:20:00.000Z,BOU,X,adjusted,channel,20477.634,nT
2026-04-12T18:21:00.000Z,BOU,X,adjusted,channel,20476.916,nT
2026-04-12T18:22:00.000Z,BOU,X,adjusted,channel,20476.012,nT
2026-04-12T18:23:00.000Z,BOU,X,adjusted,channel,20476.085,nT
2026-04-12T18:24:00.000Z,BOU,X,adjusted,channel,20476.428,nT
2026-04-12T18:25:00.000Z,BOU,X,adjusted,channel,20476.826,nT
2026-04-12T18:26:00.000Z,BOU,X,adjusted,channel,20476.666,nT
2026-04-12T18:27:00.000Z,BOU,X,adjusted,channel,20476.658,nT
2026-04-12T18:28:00.000Z,BOU,X,adjusted,channel,20476.583,nT
2026-04-12T18:29:00.000Z,BOU,X,adjusted,channel,20476.45,nT
2026-04-12T18:30:00.000Z,BOU,X,adjusted,channel,20476.327,nT
2026-04-12T18:31:00.000Z,BOU,X,adjusted,channel,20475.636,nT
2026-04-12T18:32:00.000Z,BOU,X,adjusted,channel,20474.917,nT
2026-04-12T18:33:00.000Z,BOU,X,adjusted,channel,20475.198,nT
2026-04-12T18:34:00.000Z,BOU,X,adjusted,channel,20475.641,nT
2026-04-12T18:35:00.000Z,BOU,X,adjusted,channel,20475.634,nT
2026-04-12T18:36:00.000Z,BOU,X,adjusted,channel,20475.355,nT
2026-04-12T18:37:00.000Z,BOU,X,adjusted,channel,20475.66,nT
2026-04-12T18:38:00.000Z,BOU,X,adjusted,channel,20475.798,nT
2026-04-12T18:39:00.000Z,BOU,X,adjusted,channel,20475.808,nT
2026-04-12T18:40:00.000Z,BOU,X,adjusted,channel,20475.747,nT
2026-04-12T18:41:00.000Z,BOU,X,adjusted,channel,20475.227,nT
2026-04-12T18:42:00.000Z,BOU,X,adjusted,channel,20474.122,nT
2026-04-12T18:43:00.000Z,BOU,X,adjusted,channel,20473.799,nT
2026-04-12T18:44:00.000Z,BOU,X,adjusted,channel,20474.49,nT
2026-04-12T18:45:00.000Z,BOU,X,adjusted,channel,20475.526,nT
2026-04-12T18:46:00.000Z,BOU,X,adjusted,channel,20476.897,nT
2026-04-12T18:47:00.000Z,BOU,X,adjusted,channel,20477.347,nT
2026-04-12T18:48:00.000Z,BOU,X,adjusted,channel,20476.922,nT
2026-04-12T18:49:00.000Z,BOU,X,adjusted,channel,20475.976,nT
2026-04-12T18:50:00.000Z,BOU,X,adjusted,channel,20475.23,nT
2026-04-12T18:51:00.000Z,BOU,X,adjusted,channel,20475.148,nT
2026-04-12T18:52:00.000Z,BOU,X,adjusted,channel,20475.454,nT
2026-04-12T18:53:00.000Z,BOU,X,adjusted,channel,20475.665,nT
2026-04-12T18:54:00.000Z,BOU,X,adjusted,channel,20475.506,nT
2026-04-12T18:55:00.000Z,BOU,X,adjusted,channel,20475.507,nT
2026-04-12T18:56:00.000Z,BOU,X,adjusted,channel,20475.457,nT
2026-04-12T18:57:00.000Z,BOU,X,adjusted,channel,20475.265,nT
2026-04-12T18:58:00.000Z,BOU,X,adjusted,channel,20475.015,nT
2026-04-12T18:59:00.000Z,BOU,X,adjusted,channel,20474.911,nT
2026-04-12T19:00:00.000Z,BOU,X,adjusted,channel,20474.798,nT
2026-04-12T19:01:00.000Z,BOU,X,adjusted,channel,20473.925,nT
2026-04-12T19:02:00.000Z,BOU,X,adjusted,channel,20473.378,nT
2026-04-12T19:03:00.000Z,BOU,X,adjusted,channel,20473.366,nT
2026-04-12T19:04:00.000Z,BOU,X,adjusted,channel,20473.866,nT
2026-04-12T19:05:00.000Z,BOU,X,adjusted,channel,20474.014,nT
2026-04-12T19:06:00.000Z,BOU,X,adjusted,channel,20474.346,nT
2026-04-12T19:07:00.000Z,BOU,X,adjusted,channel,20474.608,nT
2026-04-12T19:08:00.000Z,BOU,X,adjusted,channel,20474.271,nT
2026-04-12T19:09:00.000Z,BOU,X,adjusted,channel,20473.598,nT
2026-04-12T19:10:00.000Z,BOU,X,adjusted,channel,20473.07,nT
2026-04-12T19:11:00.000Z,BOU,X,adjusted,channel,20473.047,nT
2026-04-12T19:12:00.000Z,BOU,X,adjusted,channel,20472.82,nT
2026-04-12T19:13:00.000Z,BOU,X,adjusted,channel,20473.193,nT
2026-04-12T19:14:00.000Z,BOU,X,adjusted,channel,20472.67,nT
2026-04-12T19:15:00.000Z,BOU,X,adjusted,channel,20473.114,nT
2026-04-12T19:16:00.000Z,BOU,X,adjusted,channel,20472.948,nT
2026-04-12T19:17:00.000Z,BOU,X,adjusted,channel,20472.81,nT
2026-04-12T19:18:00.000Z,BOU,X,adjusted,channel,20471.816,nT
2026-04-12T19:19:00.000Z,BOU,X,adjusted,channel,20470.941,nT
2026-04-12T19:20:00.000Z,BOU,X,adjusted,channel,20471.268,nT
2026-04-12T19:21:00.000Z,BOU,X,adjusted,channel,20471.934,nT
2026-04-12T19:22:00.000Z,BOU,X,adjusted,channel,20471.357,nT
2026-04-12T19:23:00.000Z,BOU,X,adjusted,channel,20471.121,nT
2026-04-12T19:24:00.000Z,BOU,X,adjusted,channel,20471.452,nT
2026-04-12T19:25:00.000Z,BOU,X,adjusted,channel,20472.601,nT
2026-04-12T19:26:00.000Z,BOU,X,adjusted,channel,20472.838,nT
2026-04-12T19:27:00.000Z,BOU,X,adjusted,channel,20472.794,nT
2026-04-12T19:28:00.000Z,BOU,X,adjusted,channel,20473.032,nT
2026-04-12T19:29:00.000Z,BOU,X,adjusted,channel,20473.05,nT
2026-04-12T19:30:00.000Z,BOU,X,adjusted,channel,20473.215,nT
2026-04-12T19:31:00.000Z,BOU,X,adjusted,channel,20473.125,nT
2026-04-12T19:32:00.000Z,BOU,X,adjusted,channel,20473.098,nT
2026-04-12T19:33:00.000Z,BOU,X,adjusted,channel,20473.248,nT
2026-04-12T19:34:00.000Z,BOU,X,adjusted,channel,20473.485,nT
2026-04-12T19:35:00.000Z,BOU,X,adjusted,channel,20473.544,nT
2026-04-12T19:36:00.000Z,BOU,X,adjusted,channel,20473.894,nT
2026-04-12T19:37:00.000Z,BOU,X,adjusted,channel,20473.859,nT
2026-04-12T19:38:00.000Z,BOU,X,adjusted,channel,20473.981,nT
2026-04-12T19:39:00.000Z,BOU,X,adjusted,channel,20473.816,nT
2026-04-12T19:40:00.000Z,BOU,X,adjusted,channel,20473.829,nT
2026-04-12T19:41:00.000Z,BOU,X,adjusted,channel,20473.94,nT
2026-04-12T19:42:00.000Z,BOU,X,adjusted,channel,20474.352,nT
2026-04-12T19:43:00.000Z,BOU,X,adjusted,channel,20474.789,nT
2026-04-12T19:44:00.000Z,BOU,X,adjusted,channel,20475.073,nT
2026-04-12T19:45:00.000Z,BOU,X,adjusted,channel,20475.456,nT
2026-04-12T19:46:00.000Z,BOU,X,adjusted,channel,20475.621,nT
2026-04-12T19:47:00.000Z,BOU,X,adjusted,channel,20475.916,nT
2026-04-12T19:48:00.000Z,BOU,X,adjusted,channel,20476.212,nT
2026-04-12T19:49:00.000Z,BOU,X,adjusted,channel,20476.69,nT
2026-04-12T19:50:00.000Z,BOU,X,adjusted,channel,20476.969,nT
2026-04-12T19:51:00.000Z,BOU,X,adjusted,channel,20477.338,nT
2026-04-12T19:52:00.000Z,BOU,X,adjusted,channel,20477.432,nT
2026-04-12T19:53:00.000Z,BOU,X,adjusted,channel,20477.246,nT
2026-04-12T19:54:00.000Z,BOU,X,adjusted,channel,20476.852,nT
2026-04-12T19:55:00.000Z,BOU,X,adjusted,channel,20476.296,nT
2026-04-12T19:56:00.000Z,BOU,X,adjusted,channel,20476.019,nT
2026-04-12T19:57:00.000Z,BOU,X,adjusted,channel,20475.968,nT
2026-04-12T19:58:00.000Z,BOU,X,adjusted,channel,20475.964,nT
2026-04-12T19:59:00.000Z,BOU,X,adjusted,channel,20476.033,nT
2026-04-12T20:00:00.000Z,BOU,X,adjusted,channel,20475.984,nT
2026-04-12T20:01:00.000Z,BOU,X,adjusted,channel,20475.58,nT
2026-04-12T20:02:00.000Z,BOU,X,adjusted,channel,20475.401,nT
2026-04-12T20:03:00.000Z,BOU,X,adjusted,channel,20475.174,nT
2026-04-12T20:04:00.000Z,BOU,X,adjusted,channel,20474.928,nT
2026-04-12T20:05:00.000Z,BOU,X,adjusted,channel,20474.689,nT
2026-04-12T20:06:00.000Z,BOU,X,adjusted,channel,20474.797,nT
2026-04-12T20:07:00.000Z,BOU,X,adjusted,channel,20475.055,nT
2026-04-12T20:08:00.000Z,BOU,X,adjusted,channel,20475.256,nT
2026-04-12T20:09:00.000Z,BOU,X,adjusted,channel,20475.814,nT
2026-04-12T20:10:00.000Z,BOU,X,adjusted,channel,20475.495,nT
2026-04-12T20:11:00.000Z,BOU,X,adjusted,channel,20474.596,nT
2026-04-12T20:12:00.000Z,BOU,X,adjusted,channel,20474.156,nT
2026-04-12T20:13:00.000Z,BOU,X,adjusted,channel,20474.834,nT
2026-04-12T20:14:00.000Z,BOU,X,adjusted,channel,20475.214,nT
2026-04-12T20:15:00.000Z,BOU,X,adjusted,channel,20474.515,nT
2026-04-12T20:16:00.000Z,BOU,X,adjusted,channel,20474.641,nT
2026-04-12T20:17:00.000Z,BOU,X,adjusted,channel,20474.704,nT
2026-04-12T20:18:00.000Z,BOU,X,adjusted,channel,20474.918,nT
2026-04-12T20:19:00.000Z,BOU,X,adjusted,channel,20475.419,nT
2026-04-12T20:20:00.000Z,BOU,X,adjusted,channel,20475.929,nT
2026-04-12T20:21:00.000Z,BOU,X,adjusted,channel,20476.333,nT
2026-04-12T20:22:00.000Z,BOU,X,adjusted,channel,20476.708,nT
2026-04-12T20:23:00.000Z,BOU,X,adjusted,channel,20477.045,nT
2026-04-12T20:24:00.000Z,BOU,X,adjusted,channel,20476.891,nT
2026-04-12T20:25:00.000Z,BOU,X,adjusted,channel,20476.77,nT
2026-04-12T20:26:00.000Z,BOU,X,adjusted,channel,20476.818,nT
2026-04-12T20:27:00.000Z,BOU,X,adjusted,channel,20477.183,nT
2026-04-12T20:28:00.000Z,BOU,X,adjusted,channel,20477.35,nT
2026-04-12T20:29:00.000Z,BOU,X,adjusted,channel,20477.893,nT
2026-04-12T20:30:00.000Z,BOU,X,adjusted,channel,20478.332,nT
2026-04-12T20:31:00.000Z,BOU,X,adjusted,channel,20478.865,nT
2026-04-12T20:32:00.000Z,BOU,X,adjusted,channel,20479.074,nT
2026-04-12T20:33:00.000Z,BOU,X,adjusted,channel,20479.508,nT
2026-04-12T20:34:00.000Z,BOU,X,adjusted,channel,20479.764,nT
2026-04-12T20:35:00.000Z,BOU,X,adjusted,channel,20480.032,nT
2026-04-12T20:36:00.000Z,BOU,X,adjusted,channel,20480.719,nT
2026-04-12T20:37:00.000Z,BOU,X,adjusted,channel,20481.355,nT
2026-04-12T20:38:00.000Z,BOU,X,adjusted,channel,20481.835,nT
2026-04-12T20:39:00.000Z,BOU,X,adjusted,channel,20481.799,nT
2026-04-12T20:40:00.000Z,BOU,X,adjusted,channel,20482.065,nT
2026-04-12T20:41:00.000Z,BOU,X,adjusted,channel,20481.493,nT
2026-04-12T20:42:00.000Z,BOU,X,adjusted,channel,20480.722,nT
2026-04-12T20:43:00.000Z,BOU,X,adjusted,channel,20481.035,nT
2026-04-12T20:44:00.000Z,BOU,X,adjusted,channel,20481.601,nT
2026-04-12T20:45:00.000Z,BOU,X,adjusted,channel,20482.454,nT
2026-04-12T20:46:00.000Z,BOU,X,adjusted,channel,20483.524,nT
2026-04-12T20:47:00.000Z,BOU,X,adjusted,channel,20484.49,nT
2026-04-12T20:48:00.000Z,BOU,X,adjusted,channel,20484.771,nT
2026-04-12T20:49:00.000Z,BOU,X,adjusted,channel,20484.774,nT
2026-04-12T20:50:00.000Z,BOU,X,adjusted,channel,20484.745,nT
2026-04-12T20:51:00.000Z,BOU,X,adjusted,channel,20484.714,nT
2026-04-12T20:52:00.000Z,BOU,X,adjusted,channel,20484.454,nT
2026-04-12T20:53:00.000Z,BOU,X,adjusted,channel,20484.574,nT
2026-04-12T20:54:00.000Z,BOU,X,adjusted,channel,20484.507,nT
2026-04-12T20:55:00.000Z,BOU,X,adjusted,channel,20484.535,nT
2026-04-12T20:56:00.000Z,BOU,X,adjusted,channel,20484.674,nT
2026-04-12T20:57:00.000Z,BOU,X,adjusted,channel,20484.835,nT
2026-04-12T20:58:00.000Z,BOU,X,adjusted,channel,20485.963,nT
2026-04-12T20:59:00.000Z,BOU,X,adjusted,channel,20486.294,nT
2026-04-12T21:00:00.000Z,BOU,X,adjusted,channel,20485.943,nT
2026-04-12T21:01:00.000Z,BOU,X,adjusted,channel,20485.028,nT
2026-04-12T21:02:00.000Z,BOU,X,adjusted,channel,20484.788,nT
2026-04-12T21:03:00.000Z,BOU,X,adjusted,channel,20484.806,nT
2026-04-12T21:04:00.000Z,BOU,X,adjusted,channel,20484.433,nT
2026-04-12T21:05:00.000Z,BOU,X,adjusted,channel,20484.161,nT
2026-04-12T21:06:00.000Z,BOU,X,adjusted,channel,20483.849,nT
2026-04-12T21:07:00.000Z,BOU,X,adjusted,channel,20483.911,nT
2026-04-12T21:08:00.000Z,BOU,X,adjusted,channel,20484.142,nT
2026-04-12T21:09:00.000Z,BOU,X,adjusted,channel,20484.095,nT
2026-04-12T21:10:00.000Z,BOU,X,adjusted,channel,20484.239,nT
2026-04-12T21:11:00.000Z,BOU,X,adjusted,channel,20484.406,nT
2026-04-12T21:12:00.000Z,BOU,X,adjusted,channel,20484.424,nT
2026-04-12T21:13:00.000Z,BOU,X,adjusted,channel,20484.835,nT
2026-04-12T21:14:00.000Z,BOU,X,adjusted,channel,20484.646,nT
2026-04-12T21:15:00.000Z,BOU,X,adjusted,channel,20484.843,nT
2026-04-12T21:16:00.000Z,BOU,X,adjusted,channel,20485.142,nT
2026-04-12T21:17:00.000Z,BOU,X,adjusted,channel,20485.58,nT
2026-04-12T21:18:00.000Z,BOU,X,adjusted,channel,20485.381,nT
2026-04-12T21:19:00.000Z,BOU,X,adjusted,channel,20485.468,nT
2026-04-12T21:20:00.000Z,BOU,X,adjusted,channel,20484.761,nT
2026-04-12T21:21:00.000Z,BOU,X,adjusted,channel,20483.922,nT
2026-04-12T21:22:00.000Z,BOU,X,adjusted,channel,20484.184,nT
2026-04-12T21:23:00.000Z,BOU,X,adjusted,channel,20483.599,nT
2026-04-12T21:24:00.000Z,BOU,X,adjusted,channel,20483.675,nT
2026-04-12T21:25:00.000Z,BOU,X,adjusted,channel,20483.59,nT
2026-04-12T21:26:00.000Z,BOU,X,adjusted,channel,20484.009,nT
2026-04-12T21:27:00.000Z,BOU,X,adjusted,channel,20484.321,nT
2026-04-12T21:28:00.000Z,BOU,X,adjusted,channel,20484.624,nT
2026-04-12T21:29:00.000Z,BOU,X,adjusted,channel,20484.737,nT
2026-04-12T21:30:00.000Z,BOU,X,adjusted,channel,20484.925,nT
2026-04-12T21:31:00.000Z,BOU,X,adjusted,channel,20485.073,nT
2026-04-12T21:32:00.000Z,BOU,X,adjusted,channel,20484.96,nT
2026-04-12T21:33:00.000Z,BOU,X,adjusted,channel,20484.799,nT
2026-04-12T21:34:00.000Z,BOU,X,adjusted,channel,20484.621,nT
2026-04-12T21:35:00.000Z,BOU,X,adjusted,channel,20484.275,nT
2026-04-12T21:36:00.000Z,BOU,X,adjusted,channel,20483.842,nT
2026-04-12T21:37:00.000Z,BOU,X,adjusted,channel,20483.74,nT
2026-04-12T21:38:00.000Z,BOU,X,adjusted,channel,20483.839,nT
2026-04-12T21:39:00.000Z,BOU,X,adjusted,channel,20484.035,nT
2026-04-12T21:40:00.000Z,BOU,X,adjusted,channel,20483.493,nT
2026-04-12T21:41:00.000Z,BOU,X,adjusted,channel,20483.413,nT
2026-04-12T21:42:00.000Z,BOU,X,adjusted,channel,20483.369,nT
2026-04-12T21:43:00.000Z,BOU,X,adjusted,channel,20483.829,nT
2026-04-12T21:44:00.000Z,BOU,X,adjusted,channel,20483.349,nT
2026-04-12T21:45:00.000Z,BOU,X,adjusted,channel,20483.33,nT
2026-04-12T21:46:00.000Z,BOU,X,adjusted,channel,20483.334,nT
2026-04-12T21:47:00.000Z,BOU,X,adjusted,channel,20483.793,nT
2026-04-12T21:48:00.000Z,BOU,X,adjusted,channel,20483.41,nT
2026-04-12T21:49:00.000Z,BOU,X,adjusted,channel,20482.818,nT
2026-04-12T21:50:00.000Z,BOU,X,adjusted,channel,20482.001,nT
2026-04-12T21:51:00.000Z,BOU,X,adjusted,channel,20481.805,nT
2026-04-12T21:52:00.000Z,BOU,X,adjusted,channel,20482.729,nT
2026-04-12T21:53:00.000Z,BOU,X,adjusted,channel,20483.727,nT
2026-04-12T21:54:00.000Z,BOU,X,adjusted,channel,20484.173,nT
2026-04-12T21:55:00.000Z,BOU,X,adjusted,channel,20483.923,nT
2026-04-12T21:56:00.000Z,BOU,X,adjusted,channel,20484.999,nT
2026-04-12T21:57:00.000Z,BOU,X,adjusted,channel,20484.643,nT
2026-04-12T21:58:00.000Z,BOU,X,adjusted,channel,20486.087,nT
2026-04-12T21:59:00.000Z,BOU,X,adjusted,channel,20486.502,nT
2026-04-12T22:00:00.000Z,BOU,X,adjusted,channel,20487.341,nT
2026-04-12T22:01:00.000Z,BOU,X,adjusted,channel,20487.624,nT
2026-04-12T22:02:00.000Z,BOU,X,adjusted,channel,20488.509,nT
2026-04-12T22:03:00.000Z,BOU,X,adjusted,channel,20490.313,nT
2026-04-12T22:04:00.000Z,BOU,X,adjusted,channel,20492.186,nT
2026-04-12T22:05:00.000Z,BOU,X,adjusted,channel,20494.07,nT
2026-04-12T22:06:00.000Z,BOU,X,adjusted,channel,20494.944,nT
2026-04-12T22:07:00.000Z,BOU,X,adjusted,channel,20495.057,nT
2026-04-12T22:08:00.000Z,BOU,X,adjusted,channel,20495.552,nT
2026-04-12T22:09:00.000Z,BOU,X,adjusted,channel,20496.519,nT
2026-04-12T22:10:00.000Z,BOU,X,adjusted,channel,20496.508,nT
2026-04-12T22:11:00.000Z,BOU,X,adjusted,channel,20496.599,nT
2026-04-12T22:12:00.000Z,BOU,X,adjusted,channel,20495.191,nT
2026-04-12T22:13:00.000Z,BOU,X,adjusted,channel,20492.943,nT
2026-04-12T22:14:00.000Z,BOU,X,adjusted,channel,20491.863,nT
2026-04-12T22:15:00.000Z,BOU,X,adjusted,channel,20491.15,nT
2026-04-12T22:16:00.000Z,BOU,X,adjusted,channel,20490.137,nT
2026-04-12T22:17:00.000Z,BOU,X,adjusted,channel,20488.95,nT
2026-04-12T22:18:00.000Z,BOU,X,adjusted,channel,20488.703,nT
2026-04-12T22:19:00.000Z,BOU,X,adjusted,channel,20487.972,nT
2026-04-12T22:20:00.000Z,BOU,X,adjusted,channel,20487.541,nT
2026-04-12T22:21:00.000Z,BOU,X,adjusted,channel,20486.978,nT
2026-04-12T22:22:00.000Z,BOU,X,adjusted,channel,20488.199,nT
2026-04-12T22:23:00.000Z,BOU,X,adjusted,channel,20489.549,nT
2026-04-12T22:24:00.000Z,BOU,X,adjusted,channel,20490.02,nT
2026-04-12T22:25:00.000Z,BOU,X,adjusted,channel,20489.867,nT
2026-04-12T22:26:00.000Z,BOU,X,adjusted,channel,20489.638,nT
2026-04-12T22:27:00.000Z,BOU,X,adjusted,channel,20489.537,nT
2026-04-12T22:28:00.000Z,BOU,X,adjusted,channel,20489.439,nT
2026-04-12T22:29:00.000Z,BOU,X,adjusted,channel,20490.065,nT
2026-04-12T22:30:00.000Z,BOU,X,adjusted,channel,20490.383,nT
2026-04-12T22:31:00.000Z,BOU,X,adjusted,channel,20491.752,nT
2026-04-12T22:32:00.000Z,BOU,X,adjusted,channel,20491.389,nT
2026-04-12T22:33:00.000Z,BOU,X,adjusted,channel,20490.506,nT
2026-04-12T22:34:00.000Z,BOU,X,adjusted,channel,20489.082,nT
2026-04-12T22:35:00.000Z,BOU,X,adjusted,channel,20489.002,nT
2026-04-12T22:36:00.000Z,BOU,X,adjusted,channel,20489.176,nT
2026-04-12T22:37:00.000Z,BOU,X,adjusted,channel,20489.328,nT
2026-04-12T22:38:00.000Z,BOU,X,adjusted,channel,20489.48,nT
2026-04-12T22:39:00.000Z,BOU,X,adjusted,channel,20489.375,nT
2026-04-12T22:40:00.000Z,BOU,X,adjusted,channel,20488.705,nT
2026-04-12T22:41:00.000Z,BOU,X,adjusted,channel,20488.391,nT
2026-04-12T22:42:00.000Z,BOU,X,adjusted,channel,20489.015,nT
2026-04-12T22:43:00.000Z,BOU,X,adjusted,channel,20489.898,nT
2026-04-12T22:44:00.000Z,BOU,X,adjusted,channel,20490.315,nT
2026-04-12T22:45:00.000Z,BOU,X,adjusted,channel,20490.101,nT
2026-04-12T22:46:00.000Z,BOU,X,adjusted,channel,20490.25,nT
2026-04-12T22:47:00.000Z,BOU,X,adjusted,channel,20489.973,nT
2026-04-12T22:48:00.000Z,BOU,X,adjusted,channel,20490.553,nT
2026-04-12T22:49:00.000Z,BOU,X,adjusted,channel,20490.615,nT
2026-04-12T22:50:00.000Z,BOU,X,adjusted,channel,20490.493,nT
2026-04-12T22:51:00.000Z,BOU,X,adjusted,channel,20490.764,nT
2026-04-12T22:52:00.000Z,BOU,X,adjusted,channel,20490.858,nT
2026-04-12T22:53:00.000Z,BOU,X,adjusted,channel,20490.604,nT
2026-04-12T22:54:00.000Z,BOU,X,adjusted,channel,20490.513,nT
2026-04-12T22:55:00.000Z,BOU,X,adjusted,channel,20490.064,nT
2026-04-12T22:56:00.000Z,BOU,X,adjusted,channel,20489.662,nT
2026-04-12T22:57:00.000Z,BOU,X,adjusted,channel,20489.194,nT
2026-04-12T22:58:00.000Z,BOU,X,adjusted,channel,20488.606,nT
2026-04-12T22:59:00.000Z,BOU,X,adjusted,channel,20488.49,nT
2026-04-12T23:00:00.000Z,BOU,X,adjusted,channel,20488.799,nT
2026-04-12T23:01:00.000Z,BOU,X,adjusted,channel,20489.447,nT
2026-04-12T23:02:00.000Z,BOU,X,adjusted,channel,20489.845,nT
2026-04-12T23:03:00.000Z,BOU,X,adjusted,channel,20490.047,nT
2026-04-12T23:04:00.000Z,BOU,X,adjusted,channel,20490.44,nT
2026-04-12T23:05:00.000Z,BOU,X,adjusted,channel,20490.903,nT
2026-04-12T23:06:00.000Z,BOU,X,adjusted,channel,20491.111,nT
2026-04-12T23:07:00.000Z,BOU,X,adjusted,channel,20491.3,nT
2026-04-12T23:08:00.000Z,BOU,X,adjusted,channel,20491.219,nT
2026-04-12T23:09:00.000Z,BOU,X,adjusted,channel,20491.15,nT
2026-04-12T23:10:00.000Z,BOU,X,adjusted,channel,20491.302,nT
2026-04-12T23:11:00.000Z,BOU,X,adjusted,channel,20491.514,nT
2026-04-12T23:12:00.000Z,BOU,X,adjusted,channel,20491.497,nT
2026-04-12T23:13:00.000Z,BOU,X,adjusted,channel,20491.486,nT
2026-04-12T23:14:00.000Z,BOU,X,adjusted,channel,20491.268,nT
2026-04-12T23:15:00.000Z,BOU,X,adjusted,channel,20491.106,nT
2026-04-12T23:16:00.000Z,BOU,X,adjusted,channel,20491.395,nT
2026-04-12T23:17:00.000Z,BOU,X,adjusted,channel,20492.077,nT
2026-04-12T23:18:00.000Z,BOU,X,adjusted,channel,20492.737,nT
2026-04-12T23:19:00.000Z,BOU,X,adjusted,channel,20493.381,nT
2026-04-12T23:20:00.000Z,BOU,X,adjusted,channel,20493.893,nT
2026-04-12T23:21:00.000Z,BOU,X,adjusted,channel,20493.996,nT
2026-04-12T23:22:00.000Z,BOU,X,adjusted,channel,20494.119,nT
2026-04-12T23:23:00.000Z,BOU,X,adjusted,channel,20494.189,nT
2026-04-12T23:24:00.000Z,BOU,X,adjusted,channel,20494.056,nT
2026-04-12T23:25:00.000Z,BOU,X,adjusted,channel,20493.96,nT
2026-04-12T23:26:00.000Z,BOU,X,adjusted,channel,20494.035,nT
2026-04-12T23:27:00.000Z,BOU,X,adjusted,channel,20494.131,nT
2026-04-12T23:28:00.000Z,BOU,X,adjusted,channel,20494.362,nT
2026-04-12T23:29:00.000Z,BOU,X,adjusted,channel,20494.587,nT
2026-04-12T23:30:00.000Z,BOU,X,adjusted,channel,20494.641,nT
2026-04-12T23:31:00.000Z,BOU,X,adjusted,channel,20494.721,nT
2026-04-12T23:32:00.000Z,BOU,X,adjusted,channel,20494.647,nT
2026-04-12T23:33:00.000Z,BOU,X,adjusted,channel,20494.655,nT
2026-04-12T23:34:00.000Z,BOU,X,adjusted,channel,20494.788,nT
2026-04-12T23:35:00.000Z,BOU,X,adjusted,channel,20495.053,nT
2026-04-12T23:36:00.000Z,BOU,X,adjusted,channel,20495.378,nT
2026-04-12T23:37:00.000Z,BOU,X,adjusted,channel,20495.869,nT
2026-04-12T23:38:00.000Z,BOU,X,adjusted,channel,20496.378,nT
2026-04-12T23:39:00.000Z,BOU,X,adjusted,channel,20496.806,nT
2026-04-12T23:40:00.000Z,BOU,X,adjusted,channel,20497.046,nT
2026-04-12T23:41:00.000Z,BOU,X,adjusted,channel,20497.016,nT
2026-04-12T23:42:00.000Z,BOU,X,adjusted,channel,20496.874,nT
2026-04-12T23:43:00.000Z,BOU,X,adjusted,channel,20496.882,nT
2026-04-12T23:44:00.000Z,BOU,X,adjusted,channel,20496.992,nT
2026-04-12T23:45:00.000Z,BOU,X,adjusted,channel,20497.085,nT
2026-04-12T23:46:00.000Z,BOU,X,adjusted,channel,20497.013,nT
2026-04-12T23:47:00.000Z,BOU,X,adjusted,channel,20496.937,nT
2026-04-12T23:48:00.000Z,BOU,X,adjusted,channel,20497.175,nT
2026-04-12T23:49:00.000Z,BOU,X,adjusted,channel,20497.369,nT
2026-04-12T23:50:00.000Z,BOU,X,adjusted,channel,20497.433,nT
2026-04-12T23:51:00.000Z,BOU,X,adjusted,channel,20497.576,nT
2026-04-12T23:52:00.000Z,BOU,X,adjusted,channel,20497.739,nT
2026-04-12T23:53:00.000Z,BOU,X,adjusted,channel,20497.631,nT
2026-04-12T23:54:00.000Z,BOU,X,adjusted,channel,20497.491,nT
2026-04-12T23:55:00.000Z,BOU,X,adjusted,channel,20497.588,nT
2026-04-12T23:56:00.000Z,BOU,X,adjusted,channel,20497.621,nT
2026-04-12T23:57:00.000Z,BOU,X,adjusted,channel,20497.719,nT
2026-04-12T23:58:00.000Z,BOU,X,adjusted,channel,20497.575,nT
2026-04-12T23:59:00.000Z,BOU,X,adjusted,channel,20497.601,nT
2026-04-13T00:00:00.000Z,BOU,X,adjusted,channel,20497.046,nT
2026-04-13T00:01:00.000Z,BOU,X,adjusted,channel,20497.292,nT
2026-04-13T00:02:00.000Z,BOU,X,adjusted,channel,20497.34,nT
2026-04-13T00:03:00.000Z,BOU,X,adjusted,channel,20497.296,nT
2026-04-13T00:04:00.000Z,BOU,X,adjusted,channel,20497.089,nT
2026-04-13T00:05:00.000Z,BOU,X,adjusted,channel,20496.948,nT
2026-04-13T00:06:00.000Z,BOU,X,adjusted,channel,20496.967,nT
2026-04-13T00:07:00.000Z,BOU,X,adjusted,channel,20496.982,nT
2026-04-13T00:08:00.000Z,BOU,X,adjusted,channel,20497.305,nT
2026-04-13T00:09:00.000Z,BOU,X,adjusted,channel,20497.462,nT
2026-04-13T00:10:00.000Z,BOU,X,adjusted,channel,20497.641,nT
2026-04-13T00:11:00.000Z,BOU,X,adjusted,channel,20497.49,nT
2026-04-13T00:12:00.000Z,BOU,X,adjusted,channel,20497.341,nT
2026-04-13T00:13:00.000Z,BOU,X,adjusted,channel,20497.048,nT
2026-04-13T00:14:00.000Z,BOU,X,adjusted,channel,20496.927,nT
2026-04-13T00:15:00.000Z,BOU,X,adjusted,channel,20496.916,nT
2026-04-13T00:16:00.000Z,BOU,X,adjusted,channel,20496.815,nT
2026-04-13T00:17:00.000Z,BOU,X,adjusted,channel,20497.191,nT
2026-04-13T00:18:00.000Z,BOU,X,adjusted,channel,20497.437,nT
2026-04-13T00:19:00.000Z,BOU,X,adjusted,channel,20497.566,nT
2026-04-13T00:20:00.000Z,BOU,X,adjusted,channel,20497.762,nT
2026-04-13T00:21:00.000Z,BOU,X,adjusted,channel,20497.738,nT
2026-04-13T00:22:00.000Z,BOU,X,adjusted,channel,20497.466,nT
2026-04-13T00:23:00.000Z,BOU,X,adjusted,channel,20497.363,nT
2026-04-13T00:24:00.000Z,BOU,X,adjusted,channel,20497.605,nT
2026-04-13T00:25:00.000Z,BOU,X,adjusted,channel,20497.471,nT
2026-04-13T00:26:00.000Z,BOU,X,adjusted,channel,20497.435,nT
2026-04-13T00:27:00.000Z,BOU,X,adjusted,channel,20497.619,nT
2026-04-13T00:28:00.000Z,BOU,X,adjusted,channel,20497.471,nT
2026-04-13T00:29:00.000Z,BOU,X,adjusted,channel,20497.209,nT
2026-04-13T00:30:00.000Z,BOU,X,adjusted,channel,20497.315,nT
2026-04-13T00:31:00.000Z,BOU,X,adjusted,channel,20497.598,nT
2026-04-13T00:32:00.000Z,BOU,X,adjusted,channel,20497.754,nT
2026-04-13T00:33:00.000Z,BOU,X,adjusted,channel,20498.059,nT
2026-04-13T00:34:00.000Z,BOU,X,adjusted,channel,20498.063,nT
2026-04-13T00:35:00.000Z,BOU,X,adjusted,channel,20497.302,nT
2026-04-13T00:36:00.000Z,BOU,X,adjusted,channel,20496.953,nT
2026-04-13T00:37:00.000Z,BOU,X,adjusted,channel,20496.825,nT
2026-04-13T00:38:00.000Z,BOU,X,adjusted,channel,20496.748,nT
2026-04-13T00:39:00.000Z,BOU,X,adjusted,channel,20496.54,nT
2026-04-13T00:40:00.000Z,BOU,X,adjusted,channel,20496.657,nT
2026-04-13T00:41:00.000Z,BOU,X,adjusted,channel,20496.684,nT
2026-04-13T00:42:00.000Z,BOU,X,adjusted,channel,20497.055,nT
2026-04-13T00:43:00.000Z,BOU,X,adjusted,channel,20497.942,nT
2026-04-13T00:44:00.000Z,BOU,X,adjusted,channel,20498.784,nT
2026-04-13T00:45:00.000Z,BOU,X,adjusted,channel,20499.255,nT
2026-04-13T00:46:00.000Z,BOU,X,adjusted,channel,20499.523,nT
2026-04-13T00:47:00.000Z,BOU,X,adjusted,channel,20499.355,nT
2026-04-13T00:48:00.000Z,BOU,X,adjusted,channel,20498.989,nT
2026-04-13T00:49:00.000Z,BOU,X,adjusted,channel,20498.567,nT
2026-04-13T00:50:00.000Z,BOU,X,adjusted,channel,20498.147,nT
2026-04-13T00:51:00.000Z,BOU,X,adjusted,channel,20497.791,nT
2026-04-13T00:52:00.000Z,BOU,X,adjusted,channel,20497.772,nT
2026-04-13T00:53:00.000Z,BOU,X,adjusted,channel,20497.971,nT
2026-04-13T00:54:00.000Z,BOU,X,adjusted,channel,20498.462,nT
2026-04-13T00:55:00.000Z,BOU,X,adjusted,channel,20498.874,nT
2026-04-13T00:56:00.000Z,BOU,X,adjusted,channel,20498.957,nT
2026-04-13T00:57:00.000Z,BOU,X,adjusted,channel,20498.725,nT
2026-04-13T00:58:00.000Z,BOU,X,adjusted,channel,20498.44,nT
2026-04-13T00:59:00.000Z,BOU,X,adjusted,channel,20498.307,nT
2026-04-13T01:00:00.000Z,BOU,X,adjusted,channel,20497.963,nT
2026-04-13T01:01:00.000Z,BOU,X,adjusted,channel,20497.66,nT
2026-04-13T01:02:00.000Z,BOU,X,adjusted,channel,20497.899,nT
2026-04-13T01:03:00.000Z,BOU,X,adjusted,channel,20498.163,nT
2026-04-13T01:04:00.000Z,BOU,X,adjusted,channel,20498.797,nT
2026-04-13T01:05:00.000Z,BOU,X,adjusted,channel,20499.33,nT
2026-04-13T01:06:00.000Z,BOU,X,adjusted,channel,20500.071,nT
2026-04-13T01:07:00.000Z,BOU,X,adjusted,channel,20501.123,nT
2026-04-13T01:08:00.000Z,BOU,X,adjusted,channel,20501.98,nT
2026-04-13T01:09:00.000Z,BOU,X,adjusted,channel,20502.224,nT
2026-04-13T01:10:00.000Z,BOU,X,adjusted,channel,20502.025,nT
2026-04-13T01:11:00.000Z,BOU,X,adjusted,channel,20501.487,nT
2026-04-13T01:12:00.000Z,BOU,X,adjusted,channel,20500.694,nT
2026-04-13T01:13:00.000Z,BOU,X,adjusted,channel,20499.995,nT
2026-04-13T01:14:00.000Z,BOU,X,adjusted,channel,20499.54,nT
2026-04-13T01:15:00.000Z,BOU,X,adjusted,channel,20499.442,nT
2026-04-13T01:16:00.000Z,BOU,X,adjusted,channel,20499.47,nT
2026-04-13T01:17:00.000Z,BOU,X,adjusted,channel,20499.517,nT
2026-04-13T01:18:00.000Z,BOU,X,adjusted,channel,20499.739,nT
2026-04-13T01:19:00.000Z,BOU,X,adjusted,channel,20500.045,nT
2026-04-13T01:20:00.000Z,BOU,X,adjusted,channel,20500.577,nT
2026-04-13T01:21:00.000Z,BOU,X,adjusted,channel,20500.598,nT
2026-04-13T01:22:00.000Z,BOU,X,adjusted,channel,20500.623,nT
2026-04-13T01:23:00.000Z,BOU,X,adjusted,channel,20500.597,nT
2026-04-13T01:24:00.000Z,BOU,X,adjusted,channel,20500.641,nT
2026-04-13T01:25:00.000Z,BOU,X,adjusted,channel,20500.534,nT
2026-04-13T01:26:00.000Z,BOU,X,adjusted,channel,20500.331,nT
2026-04-13T01:27:00.000Z,BOU,X,adjusted,channel,20500.141,nT
2026-04-13T01:28:00.000Z,BOU,X,adjusted,channel,20500.103,nT
2026-04-13T01:29:00.000Z,BOU,X,adjusted,channel,20500.346,nT
2026-04-13T01:30:00.000Z,BOU,X,adjusted,channel,20500.365,nT
2026-04-13T01:31:00.000Z,BOU,X,adjusted,channel,20500.131,nT
2026-04-13T01:32:00.000Z,BOU,X,adjusted,channel,20499.774,nT
2026-04-13T01:33:00.000Z,BOU,X,adjusted,channel,20499.427,nT
2026-04-13T01:34:00.000Z,BOU,X,adjusted,channel,20499.188,nT
2026-04-13T01:35:00.000Z,BOU,X,adjusted,channel,20499.199,nT
2026-04-13T01:36:00.000Z,BOU,X,adjusted,channel,20499.234,nT
2026-04-13T01:37:00.000Z,BOU,X,adjusted,channel,20498.994,nT
2026-04-13T01:38:00.000Z,BOU,X,adjusted,channel,20498.795,nT
2026-04-13T01:39:00.000Z,BOU,X,adjusted,channel,20498.728,nT
2026-04-13T01:40:00.000Z,BOU,X,adjusted,channel,20498.647,nT
2026-04-13T01:41:00.000Z,BOU,X,adjusted,channel,20498.485,nT
2026-04-13T01:42:00.000Z,BOU,X,adjusted,channel,20498.385,nT
2026-04-13T01:43:00.000Z,BOU,X,adjusted,channel,20498.489,nT
2026-04-13T01:44:00.000Z,BOU,X,adjusted,channel,20498.512,nT
2026-04-13T01:45:00.000Z,BOU,X,adjusted,channel,20498.604,nT
2026-04-13T01:46:00.000Z,BOU,X,adjusted,channel,20498.804,nT
2026-04-13T01:47:00.000Z,BOU,X,adjusted,channel,20498.919,nT
2026-04-13T01:48:00.000Z,BOU,X,adjusted,channel,20499.036,nT
2026-04-13T01:49:00.000Z,BOU,X,adjusted,channel,20499.109,nT
2026-04-13T01:50:00.000Z,BOU,X,adjusted,channel,20499.039,nT
2026-04-13T01:51:00.000Z,BOU,X,adjusted,channel,20498.991,nT
2026-04-13T01:52:00.000Z,BOU,X,adjusted,channel,20498.885,nT
2026-04-13T01:53:00.000Z,BOU,X,adjusted,channel,20498.784,nT
2026-04-13T01:54:00.000Z,BOU,X,adjusted,channel,20498.625,nT
2026-04-13T01:55:00.000Z,BOU,X,adjusted,channel,20498.41,nT
2026-04-13T01:56:00.000Z,BOU,X,adjusted,channel,20498.458,nT
2026-04-13T01:57:00.000Z,BOU,X,adjusted,channel,20498.401,nT
2026-04-13T01:58:00.000Z,BOU,X,adjusted,channel,20498.335,nT
2026-04-13T01:59:00.000Z,BOU,X,adjusted,channel,20498.286,nT
2026-04-13T02:00:00.000Z,BOU,X,adjusted,channel,20498.147,nT
2026-04-13T02:01:00.000Z,BOU,X,adjusted,channel,20497.926,nT
2026-04-13T02:02:00.000Z,BOU,X,adjusted,channel,20497.977,nT
2026-04-13T02:03:00.000Z,BOU,X,adjusted,channel,20497.729,nT
2026-04-13T02:04:00.000Z,BOU,X,adjusted,channel,20497.229,nT
2026-04-13T02:05:00.000Z,BOU,X,adjusted,channel,20497.274,nT
2026-04-13T02:06:00.000Z,BOU,X,adjusted,channel,20497.727,nT
2026-04-13T02:07:00.000Z,BOU,X,adjusted,channel,20498.228,nT
2026-04-13T02:08:00.000Z,BOU,X,adjusted,channel,20498.695,nT
2026-04-13T02:09:00.000Z,BOU,X,adjusted,channel,20498.838,nT
2026-04-13T02:10:00.000Z,BOU,X,adjusted,channel,20499.044,nT
2026-04-13T02:11:00.000Z,BOU,X,adjusted,channel,20499.054,nT
2026-04-13T02:12:00.000Z,BOU,X,adjusted,channel,20499.199,nT
2026-04-13T02:13:00.000Z,BOU,X,adjusted,channel,20499.482,nT
2026-04-13T02:14:00.000Z,BOU,X,adjusted,channel,20499.911,nT
2026-04-13T02:15:00.000Z,BOU,X,adjusted,channel,20500.181,nT
2026-04-13T02:16:00.000Z,BOU,X,adjusted,channel,20500.252,nT
2026-04-13T02:17:00.000Z,BOU,X,adjusted,channel,20500.332,nT
2026-04-13T02:18:00.000Z,BOU,X,adjusted,channel,20500.387,nT
2026-04-13T02:19:00.000Z,BOU,X,adjusted,channel,20500.381,nT
2026-04-13T02:20:00.000Z,BOU,X,adjusted,channel,20500.391,nT
2026-04-13T02:21:00.000Z,BOU,X,adjusted,channel,20500.454,nT
2026-04-13T02:22:00.000Z,BOU,X,adjusted,channel,20500.555,nT
2026-04-13T02:23:00.000Z,BOU,X,adjusted,channel,20500.66,nT
2026-04-13T02:24:00.000Z,BOU,X,adjusted,channel,20500.549,nT
2026-04-13T02:25:00.000Z,BOU,X,adjusted,channel,20500.28,nT
2026-04-13T02:26:00.000Z,BOU,X,adjusted,channel,20500.166,nT
2026-04-13T02:27:00.000Z,BOU,X,adjusted,channel,20500.155,nT
2026-04-13T02:28:00.000Z,BOU,X,adjusted,channel,20500.304,nT
2026-04-13T02:29:00.000Z,BOU,X,adjusted,channel,20500.292,nT
2026-04-13T02:30:00.000Z,BOU,X,adjusted,channel,20500.194,nT
2026-04-13T02:31:00.000Z,BOU,X,adjusted,channel,20500.247,nT
2026-04-13T02:32:00.000Z,BOU,X,adjusted,channel,20499.916,nT
2026-04-13T02:33:00.000Z,BOU,X,adjusted,channel,20499.405,nT
2026-04-13T02:34:00.000Z,BOU,X,adjusted,channel,20499.263,nT
2026-04-13T02:35:00.000Z,BOU,X,adjusted,channel,20499.151,nT
2026-04-13T02:36:00.000Z,BOU,X,adjusted,channel,20498.858,nT
2026-04-13T02:37:00.000Z,BOU,X,adjusted,channel,20498.582,nT
2026-04-13T02:38:00.000Z,BOU,X,adjusted,channel,20498.38,nT
2026-04-13T02:39:00.000Z,BOU,X,adjusted,channel,20498.147,nT
2026-04-13T02:40:00.000Z,BOU,X,adjusted,channel,20498.05,nT
2026-04-13T02:41:00.000Z,BOU,X,adjusted,channel,20498.096,nT
2026-04-13T02:42:00.000Z,BOU,X,adjusted,channel,20498.282,nT
2026-04-13T02:43:00.000Z,BOU,X,adjusted,channel,20498.419,nT
2026-04-13T02:44:00.000Z,BOU,X,adjusted,channel,20498.544,nT
2026-04-13T02:45:00.000Z,BOU,X,adjusted,channel,20498.675,nT
2026-04-13T02:46:00.000Z,BOU,X,adjusted,channel,20498.793,nT
2026-04-13T02:47:00.000Z,BOU,X,adjusted,channel,20498.901,nT
2026-04-13T02:48:00.000Z,BOU,X,adjusted,channel,20499.03,nT
2026-04-13T02:49:00.000Z,BOU,X,adjusted,channel,20499.085,nT
2026-04-13T02:50:00.000Z,BOU,X,adjusted,channel,20499.141,nT
2026-04-13T02:51:00.000Z,BOU,X,adjusted,channel,20499.263,nT
2026-04-13T02:52:00.000Z,BOU,X,adjusted,channel,20499.309,nT
2026-04-13T02:53:00.000Z,BOU,X,adjusted,channel,20499.318,nT
2026-04-13T02:54:00.000Z,BOU,X,adjusted,channel,20499.456,nT
2026-04-13T02:55:00.000Z,BOU,X,adjusted,channel,20499.653,nT
2026-04-13T02:56:00.000Z,BOU,X,adjusted,channel,20499.869,nT
2026-04-13T02:57:00.000Z,BOU,X,adjusted,channel,20499.988,nT
2026-04-13T02:58:00.000Z,BOU,X,adjusted,channel,20499.969,nT
2026-04-13T02:59:00.000Z,BOU,X,adjusted,channel,20499.913,nT
2026-04-13T03:00:00.000Z,BOU,X,adjusted,channel,20499.892,nT
2026-04-13T03:01:00.000Z,BOU,X,adjusted,channel,20499.968,nT
2026-04-13T03:02:00.000Z,BOU,X,adjusted,channel,20500.08,nT
2026-04-13T03:03:00.000Z,BOU,X,adjusted,channel,20500.268,nT
2026-04-13T03:04:00.000Z,BOU,X,adjusted,channel,20500.064,nT
2026-04-13T03:05:00.000Z,BOU,X,adjusted,channel,20499.765,nT
2026-04-13T03:06:00.000Z,BOU,X,adjusted,channel,20499.387,nT
2026-04-13T03:07:00.000Z,BOU,X,adjusted,channel,20498.907,nT
2026-04-13T03:08:00.000Z,BOU,X,adjusted,channel,20498.482,nT
2026-04-13T03:09:00.000Z,BOU,X,adjusted,channel,20498.002,nT
2026-04-13T03:10:00.000Z,BOU,X,adjusted,channel,20497.624,nT
2026-04-13T03:11:00.000Z,BOU,X,adjusted,channel,20497.385,nT
2026-04-13T03:12:00.000Z,BOU,X,adjusted,channel,20497.084,nT
2026-04-13T03:13:00.000Z,BOU,X,adjusted,channel,20496.948,nT
2026-04-13T03:14:00.000Z,BOU,X,adjusted,channel,20496.853,nT
2026-04-13T03:15:00.000Z,BOU,X,adjusted,channel,20496.719,nT
2026-04-13T03:16:00.000Z,BOU,X,adjusted,channel,20496.395,nT
2026-04-13T03:17:00.000Z,BOU,X,adjusted,channel,20496.563,nT
2026-04-13T03:18:00.000Z,BOU,X,adjusted,channel,20496.594,nT
2026-04-13T03:19:00.000Z,BOU,X,adjusted,channel,20496.436,nT
2026-04-13T03:20:00.000Z,BOU,X,adjusted,channel,20496.345,nT
2026-04-13T03:21:00.000Z,BOU,X,adjusted,channel,20496.147,nT
2026-04-13T03:22:00.000Z,BOU,X,adjusted,channel,20496.053,nT
2026-04-13T03:23:00.000Z,BOU,X,adjusted,channel,20495.874,nT
2026-04-13T03:24:00.000Z,BOU,X,adjusted,channel,20495.73,nT
2026-04-13T03:25:00.000Z,BOU,X,adjusted,channel,20495.608,nT
2026-04-13T03:26:00.000Z,BOU,X,adjusted,channel,20495.688,nT
2026-04-13T03:27:00.000Z,BOU,X,adjusted,channel,20495.651,nT
2026-04-13T03:28:00.000Z,BOU,X,adjusted,channel,20495.748,nT
2026-04-13T03:29:00.000Z,BOU,X,adjusted,channel,20495.772,nT
2026-04-13T03:30:00.000Z,BOU,X,adjusted,channel,20495.898,nT
2026-04-13T03:31:00.000Z,BOU,X,adjusted,channel,20495.859,nT
2026-04-13T03:32:00.000Z,BOU,X,adjusted,channel,20496.078,nT
2026-04-13T03:33:00.000Z,BOU,X,adjusted,channel,20496.146,nT
2026-04-13T03:34:00.000Z,BOU,X,adjusted,channel,20496.286,nT
2026-04-13T03:35:00.000Z,BOU,X,adjusted,channel,20496.443,nT
2026-04-13T03:36:00.000Z,BOU,X,adjusted,channel,20496.575,nT
2026-04-13T03:37:00.000Z,BOU,X,adjusted,channel,20496.823,nT
2026-04-13T03:38:00.000Z,BOU,X,adjusted,channel,20496.792,nT
2026-04-13T03:39:00.000Z,BOU,X,adjusted,channel,20496.938,nT
2026-04-13T03:40:00.000Z,BOU,X,adjusted,channel,20497.09,nT
2026-04-13T03:41:00.000Z,BOU,X,adjusted,channel,20497.124,nT
2026-04-13T03:42:00.000Z,BOU,X,adjusted,channel,20497.004,nT
2026-04-13T03:43:00.000Z,BOU,X,adjusted,channel,20496.854,nT
2026-04-13T03:44:00.000Z,BOU,X,adjusted,channel,20496.784,nT
2026-04-13T03:45:00.000Z,BOU,X,adjusted,channel,20496.767,nT
2026-04-13T03:46:00.000Z,BOU,X,adjusted,channel,20496.733,nT
2026-04-13T03:47:00.000Z,BOU,X,adjusted,channel,20496.902,nT
2026-04-13T03:48:00.000Z,BOU,X,adjusted,channel,20496.869,nT
2026-04-13T03:49:00.000Z,BOU,X,adjusted,channel,20496.997,nT
2026-04-13T03:50:00.000Z,BOU,X,adjusted,channel,20496.966,nT
2026-04-13T03:51:00.000Z,BOU,X,adjusted,channel,20496.899,nT
2026-04-13T03:52:00.000Z,BOU,X,adjusted,channel,20496.858,nT
2026-04-13T03:53:00.000Z,BOU,X,adjusted,channel,20497.083,nT
2026-04-13T03:54:00.000Z,BOU,X,adjusted,channel,20497.305,nT
2026-04-13T03:55:00.000Z,BOU,X,adjusted,channel,20497.208,nT
2026-04-13T03:56:00.000Z,BOU,X,adjusted,channel,20497.605,nT
2026-04-13T03:57:00.000Z,BOU,X,adjusted,channel,20497.666,nT
2026-04-13T03:58:00.000Z,BOU,X,adjusted,channel,20497.695,nT
2026-04-13T03:59:00.000Z,BOU,X,adjusted,channel,20497.474,nT
2026-04-13T04:00:00.000Z,BOU,X,adjusted,channel,20497.432,nT
2026-04-13T04:01:00.000Z,BOU,X,adjusted,channel,20497.562,nT
2026-04-13T04:02:00.000Z,BOU,X,adjusted,channel,20497.134,nT
2026-04-13T04:03:00.000Z,BOU,X,adjusted,channel,20496.729,nT
2026-04-13T04:04:00.000Z,BOU,X,adjusted,channel,20496.584,nT
2026-04-13T04:05:00.000Z,BOU,X,adjusted,channel,20496.638,nT
2026-04-13T04:06:00.000Z,BOU,X,adjusted,channel,20496.304,nT
2026-04-13T04:07:00.000Z,BOU,X,adjusted,channel,20496.343,nT
2026-04-13T04:08:00.000Z,BOU,X,adjusted,channel,20496.314,nT
2026-04-13T04:09:00.000Z,BOU,X,adjusted,channel,20496.208,nT
2026-04-13T04:10:00.000Z,BOU,X,adjusted,channel,20495.984,nT
2026-04-13T04:11:00.000Z,BOU,X,adjusted,channel,20495.677,nT
2026-04-13T04:12:00.000Z,BOU,X,adjusted,channel,20495.61,nT
2026-04-13T04:13:00.000Z,BOU,X,adjusted,channel,20495.154,nT
2026-04-13T04:14:00.000Z,BOU,X,adjusted,channel,20495.14,nT
2026-04-13T04:15:00.000Z,BOU,X,adjusted,channel,20495.116,nT
2026-04-13T04:16:00.000Z,BOU,X,adjusted,channel,20495.006,nT
2026-04-13T04:17:00.000Z,BOU,X,adjusted,channel,20494.834,nT
2026-04-13T04:18:00.000Z,BOU,X,adjusted,channel,20494.743,nT
2026-04-13T04:19:00.000Z,BOU,X,adjusted,channel,20494.927,nT
2026-04-13T04:20:00.000Z,BOU,X,adjusted,channel,20494.777,nT
2026-04-13T04:21:00.000Z,BOU,X,adjusted,channel,20494.65,nT
2026-04-13T04:22:00.000Z,BOU,X,adjusted,channel,20494.337,nT
2026-04-13T04:23:00.000Z,BOU,X,adjusted,channel,20494.246,nT
2026-04-13T04:24:00.000Z,BOU,X,adjusted,channel,20494.393,nT
2026-04-13T04:25:00.000Z,BOU,X,adjusted,channel,20494.36,nT
2026-04-13T04:26:00.000Z,BOU,X,adjusted,channel,20494.599,nT
2026-04-13T04:27:00.000Z,BOU,X,adjusted,channel,20494.643,nT
2026-04-13T04:28:00.000Z,BOU,X,adjusted,channel,20495.395,nT
2026-04-13T04:29:00.000Z,BOU,X,adjusted,channel,20495.653,nT
2026-04-13T04:30:00.000Z,BOU,X,adjusted,channel,20495.038,nT
2026-04-13T04:31:00.000Z,BOU,X,adjusted,channel,20495.224,nT
2026-04-13T04:32:00.000Z,BOU,X,adjusted,channel,20495.373,nT
2026-04-13T04:33:00.000Z,BOU,X,adjusted,channel,20495.115,nT
2026-04-13T04:34:00.000Z,BOU,X,adjusted,channel,20494.564,nT
2026-04-13T04:35:00.000Z,BOU,X,adjusted,channel,20495.104,nT
2026-04-13T04:36:00.000Z,BOU,X,adjusted,channel,20495.237,nT
2026-04-13T04:37:00.000Z,BOU,X,adjusted,channel,20494.85,nT
2026-04-13T04:38:00.000Z,BOU,X,adjusted,channel,20494.919,nT
2026-04-13T04:39:00.000Z,BOU,X,adjusted,channel,20495.264,nT
2026-04-13T04:40:00.000Z,BOU,X,adjusted,channel,20494.835,nT
2026-04-13T04:41:00.000Z,BOU,X,adjusted,channel,20494.686,nT
2026-04-13T04:42:00.000Z,BOU,X,adjusted,channel,20494.739,nT
2026-04-13T04:43:00.000Z,BOU,X,adjusted,channel,20494.619,nT
2026-04-13T04:44:00.000Z,BOU,X,adjusted,channel,20494.394,nT
2026-04-13T04:45:00.000Z,BOU,X,adjusted,channel,20494.373,nT
2026-04-13T04:46:00.000Z,BOU,X,adjusted,channel,20494.352,nT
2026-04-13T04:47:00.000Z,BOU,X,adjusted,channel,20494.267,nT
2026-04-13T04:48:00.000Z,BOU,X,adjusted,channel,20494.574,nT
2026-04-13T04:49:00.000Z,BOU,X,adjusted,channel,20494.997,nT
2026-04-13T04:50:00.000Z,BOU,X,adjusted,channel,20494.965,nT
2026-04-13T04:51:00.000Z,BOU,X,adjusted,channel,20494.827,nT
2026-04-13T04:52:00.000Z,BOU,X,adjusted,channel,20494.625,nT
2026-04-13T04:53:00.000Z,BOU,X,adjusted,channel,20494.356,nT
2026-04-13T04:54:00.000Z,BOU,X,adjusted,channel,20493.957,nT
2026-04-13T04:55:00.000Z,BOU,X,adjusted,channel,20494.08,nT
2026-04-13T04:56:00.000Z,BOU,X,adjusted,channel,20493.978,nT
2026-04-13T04:57:00.000Z,BOU,X,adjusted,channel,20494.058,nT
2026-04-13T04:58:00.000Z,BOU,X,adjusted,channel,20494.043,nT
2026-04-13T04:59:00.000Z,BOU,X,adjusted,channel,20494.223,nT
2026-04-13T05:00:00.000Z,BOU,X,adjusted,channel,20494.082,nT
2026-04-13T05:01:00.000Z,BOU,X,adjusted,channel,20493.785,nT
2026-04-13T05:02:00.000Z,BOU,X,adjusted,channel,20494.135,nT
2026-04-13T05:03:00.000Z,BOU,X,adjusted,channel,20494.852,nT
2026-04-13T05:04:00.000Z,BOU,X,adjusted,channel,20495.422,nT
2026-04-13T05:05:00.000Z,BOU,X,adjusted,channel,20495.972,nT
2026-04-13T05:06:00.000Z,BOU,X,adjusted,channel,20496.017,nT
2026-04-13T05:07:00.000Z,BOU,X,adjusted,channel,20495.777,nT
2026-04-13T05:08:00.000Z,BOU,X,adjusted,channel,20495.489,nT
2026-04-13T05:09:00.000Z,BOU,X,adjusted,channel,20495.284,nT
2026-04-13T05:10:00.000Z,BOU,X,adjusted,channel,20495.027,nT
2026-04-13T05:11:00.000Z,BOU,X,adjusted,channel,20494.666,nT
2026-04-13T05:12:00.000Z,BOU,X,adjusted,channel,20494.509,nT
2026-04-13T05:13:00.000Z,BOU,X,adjusted,channel,20494.259,nT
2026-04-13T05:14:00.000Z,BOU,X,adjusted,channel,20493.952,nT
2026-04-13T05:15:00.000Z,BOU,X,adjusted,channel,20493.63,nT
2026-04-13T05:16:00.000Z,BOU,X,adjusted,channel,20493.323,nT
2026-04-13T05:17:00.000Z,BOU,X,adjusted,channel,20493.006,nT
2026-04-13T05:18:00.000Z,BOU,X,adjusted,channel,20492.845,nT
2026-04-13T05:19:00.000Z,BOU,X,adjusted,channel,20492.831,nT
2026-04-13T05:20:00.000Z,BOU,X,adjusted,channel,20492.798,nT
2026-04-13T05:21:00.000Z,BOU,X,adjusted,channel,20492.912,nT
2026-04-13T05:22:00.000Z,BOU,X,adjusted,channel,20493.038,nT
2026-04-13T05:23:00.000Z,BOU,X,adjusted,channel,20493.155,nT
2026-04-13T05:24:00.000Z,BOU,X,adjusted,channel,20492.92,nT
2026-04-13T05:25:00.000Z,BOU,X,adjusted,channel,20492.842,nT
2026-04-13T05:26:00.000Z,BOU,X,adjusted,channel,20492.772,nT
2026-04-13T05:27:00.000Z,BOU,X,adjusted,channel,20492.886,nT
2026-04-13T05:28:00.000Z,BOU,X,adjusted,channel,20492.991,nT
2026-04-13T05:29:00.000Z,BOU,X,adjusted,channel,20493.109,nT
2026-04-13T05:30:00.000Z,BOU,X,adjusted,channel,20493.249,nT
2026-04-13T05:31:00.000Z,BOU,X,adjusted,channel,20493.482,nT
2026-04-13T05:32:00.000Z,BOU,X,adjusted,channel,20493.705,nT
2026-04-13T05:33:00.000Z,BOU,X,adjusted,channel,20493.994,nT
2026-04-13T05:34:00.000Z,BOU,X,adjusted,channel,20494.091,nT
2026-04-13T05:35:00.000Z,BOU,X,adjusted,channel,20494.365,nT
2026-04-13T05:36:00.000Z,BOU,X,adjusted,channel,20494.55,nT
2026-04-13T05:37:00.000Z,BOU,X,adjusted,channel,20494.616,nT
2026-04-13T05:38:00.000Z,BOU,X,adjusted,channel,20494.67,nT
2026-04-13T05:39:00.000Z,BOU,X,adjusted,channel,20495.082,nT
2026-04-13T05:40:00.000Z,BOU,X,adjusted,channel,20495.461,nT
2026-04-13T05:41:00.000Z,BOU,X,adjusted,channel,20495.893,nT
2026-04-13T05:42:00.000Z,BOU,X,adjusted,channel,20496.085,nT
2026-04-13T05:43:00.000Z,BOU,X,adjusted,channel,20496.506,nT
2026-04-13T05:44:00.000Z,BOU,X,adjusted,channel,20496.764,nT
2026-04-13T05:45:00.000Z,BOU,X,adjusted,channel,20495.954,nT
2026-04-13T05:46:00.000Z,BOU,X,adjusted,channel,20496.319,nT
2026-04-13T05:47:00.000Z,BOU,X,adjusted,channel,20496.415,nT
2026-04-13T05:48:00.000Z,BOU,X,adjusted,channel,20496.164,nT
2026-04-13T05:49:00.000Z,BOU,X,adjusted,channel,20495.909,nT
2026-04-13T05:50:00.000Z,BOU,X,adjusted,channel,20496.385,nT
2026-04-13T05:51:00.000Z,BOU,X,adjusted,channel,20495.815,nT
2026-04-13T05:52:00.000Z,BOU,X,adjusted,channel,20495.934,nT
2026-04-13T05:53:00.000Z,BOU,X,adjusted,channel,20496.694,nT
2026-04-13T05:54:00.000Z,BOU,X,adjusted,channel,20496.678,nT
2026-04-13T05:55:00.000Z,BOU,X,adjusted,channel,20496.638,nT
2026-04-13T05:56:00.000Z,BOU,X,adjusted,channel,20497.537,nT
2026-04-13T05:57:00.000Z,BOU,X,adjusted,channel,20497.686,nT
2026-04-13T05:58:00.000Z,BOU,X,adjusted,channel,20498.969,nT
2026-04-13T05:59:00.000Z,BOU,X,adjusted,channel,20498.93,nT
2026-04-13T06:00:00.000Z,BOU,X,adjusted,channel,20498.854,nT
2026-04-13T06:01:00.000Z,BOU,X,adjusted,channel,20499.236,nT
2026-04-13T06:02:00.000Z,BOU,X,adjusted,channel,20498.765,nT
2026-04-13T06:03:00.000Z,BOU,X,adjusted,channel,20499.454,nT
2026-04-13T06:04:00.000Z,BOU,X,adjusted,channel,20499.521,nT
2026-04-13T06:05:00.000Z,BOU,X,adjusted,channel,20499.801,nT
2026-04-13T06:06:00.000Z,BOU,X,adjusted,channel,20499.833,nT
2026-04-13T06:07:00.000Z,BOU,X,adjusted,channel,20500.295,nT
2026-04-13T06:08:00.000Z,BOU,X,adjusted,channel,20500.344,nT
2026-04-13T06:09:00.000Z,BOU,X,adjusted,channel,20500.938,nT
2026-04-13T06:10:00.000Z,BOU,X,adjusted,channel,20500.843,nT
2026-04-13T06:11:00.000Z,BOU,X,adjusted,channel,20500.797,nT
2026-04-13T06:12:00.000Z,BOU,X,adjusted,channel,20500.869,nT
2026-04-13T06:13:00.000Z,BOU,X,adjusted,channel,20500.552,nT
2026-04-13T06:14:00.000Z,BOU,X,adjusted,channel,20500.467,nT
2026-04-13T06:15:00.000Z,BOU,X,adjusted,channel,20500.211,nT
2026-04-13T06:16:00.000Z,BOU,X,adjusted,channel,20499.866,nT
2026-04-13T06:17:00.000Z,BOU,X,adjusted,channel,20499.406,nT
2026-04-13T06:18:00.000Z,BOU,X,adjusted,channel,20499.006,nT
2026-04-13T06:19:00.000Z,BOU,X,adjusted,channel,20498.705,nT
2026-04-13T06:20:00.000Z,BOU,X,adjusted,channel,20498.683,nT
2026-04-13T06:21:00.000Z,BOU,X,adjusted,channel,20498.598,nT
2026-04-13T06:22:00.000Z,BOU,X,adjusted,channel,20498.459,nT
2026-04-13T06:23:00.000Z,BOU,X,adjusted,channel,20498.59,nT
2026-04-13T06:24:00.000Z,BOU,X,adjusted,channel,20498.794,nT
2026-04-13T06:25:00.000Z,BOU,X,adjusted,channel,20498.992,nT
2026-04-13T06:26:00.000Z,BOU,X,adjusted,channel,20499.003,nT
2026-04-13T06:27:00.000Z,BOU,X,adjusted,channel,20499.044,nT
2026-04-13T06:28:00.000Z,BOU,X,adjusted,channel,20498.813,nT
2026-04-13T06:29:00.000Z,BOU,X,adjusted,channel,20498.609,nT
2026-04-13T06:30:00.000Z,BOU,X,adjusted,channel,20498.802,nT
2026-04-13T06:31:00.000Z,BOU,X,adjusted,channel,20498.937,nT
2026-04-13T06:32:00.000Z,BOU,X,adjusted,channel,20498.972,nT
2026-04-13T06:33:00.000Z,BOU,X,adjusted,channel,20498.753,nT
2026-04-13T06:34:00.000Z,BOU,X,adjusted,channel,20498.651,nT
2026-04-13T06:35:00.000Z,BOU,X,adjusted,channel,20498.547,nT
2026-04-13T06:36:00.000Z,BOU,X,adjusted,channel,20498.369,nT
2026-04-13T06:37:00.000Z,BOU,X,adjusted,channel,20498.333,nT
2026-04-13T06:38:00.000Z,BOU,X,adjusted,channel,20498.42,nT
2026-04-13T06:39:00.000Z,BOU,X,adjusted,channel,20498.597,nT
2026-04-13T06:40:00.000Z,BOU,X,adjusted,channel,20498.144,nT
2026-04-13T06:41:00.000Z,BOU,X,adjusted,channel,20498.42,nT
2026-04-13T06:42:00.000Z,BOU,X,adjusted,channel,20498.291,nT
2026-04-13T06:43:00.000Z,BOU,X,adjusted,channel,20498.365,nT
2026-04-13T06:44:00.000Z,BOU,X,adjusted,channel,20498.348,nT
2026-04-13T06:45:00.000Z,BOU,X,adjusted,channel,20498.257,nT
2026-04-13T06:46:00.000Z,BOU,X,adjusted,channel,20498.22,nT
2026-04-13T06:47:00.000Z,BOU,X,adjusted,channel,20498.216,nT
2026-04-13T06:48:00.000Z,BOU,X,adjusted,channel,20498,nT
2026-04-13T06:49:00.000Z,BOU,X,adjusted,channel,20497.983,nT
2026-04-13T06:50:00.000Z,BOU,X,adjusted,channel,20497.833,nT
2026-04-13T06:51:00.000Z,BOU,X,adjusted,channel,20497.867,nT
2026-04-13T06:52:00.000Z,BOU,X,adjusted,channel,20497.587,nT
2026-04-13T06:53:00.000Z,BOU,X,adjusted,channel,20497.96,nT
2026-04-13T06:54:00.000Z,BOU,X,adjusted,channel,20497.832,nT
2026-04-13T06:55:00.000Z,BOU,X,adjusted,channel,20497.622,nT
2026-04-13T06:56:00.000Z,BOU,X,adjusted,channel,20497.647,nT
2026-04-13T06:57:00.000Z,BOU,X,adjusted,channel,20497.537,nT
2026-04-13T06:58:00.000Z,BOU,X,adjusted,channel,20497.512,nT
2026-04-13T06:59:00.000Z,BOU,X,adjusted,channel,20497.493,nT
2026-04-13T07:00:00.000Z,BOU,X,adjusted,channel,20497.453,nT
2026-04-13T07:01:00.000Z,BOU,X,adjusted,channel,20497.457,nT
2026-04-13T07:02:00.000Z,BOU,X,adjusted,channel,20497.462,nT
2026-04-13T07:03:00.000Z,BOU,X,adjusted,channel,20497.448,nT
2026-04-13T07:04:00.000Z,BOU,X,adjusted,channel,20497.49,nT
2026-04-13T07:05:00.000Z,BOU,X,adjusted,channel,20497.425,nT
2026-04-13T07:06:00.000Z,BOU,X,adjusted,channel,20497.466,nT
2026-04-13T07:07:00.000Z,BOU,X,adjusted,channel,20497.554,nT
2026-04-13T07:08:00.000Z,BOU,X,adjusted,channel,20497.48,nT
2026-04-13T07:09:00.000Z,BOU,X,adjusted,channel,20497.447,nT
2026-04-13T07:10:00.000Z,BOU,X,adjusted,channel,20497.471,nT
2026-04-13T07:11:00.000Z,BOU,X,adjusted,channel,20497.449,nT
2026-04-13T07:12:00.000Z,BOU,X,adjusted,channel,20497.747,nT
2026-04-13T07:13:00.000Z,BOU,X,adjusted,channel,20498.25,nT
2026-04-13T07:14:00.000Z,BOU,X,adjusted,channel,20499.147,nT
2026-04-13T07:15:00.000Z,BOU,X,adjusted,channel,20498.859,nT
2026-04-13T07:16:00.000Z,BOU,X,adjusted,channel,20500.212,nT
2026-04-13T07:17:00.000Z,BOU,X,adjusted,channel,20500.255,nT
2026-04-13T07:18:00.000Z,BOU,X,adjusted,channel,20500.536,nT
2026-04-13T07:19:00.000Z,BOU,X,adjusted,channel,20500.813,nT
2026-04-13T07:20:00.000Z,BOU,X,adjusted,channel,20501.239,nT
2026-04-13T07:21:00.000Z,BOU,X,adjusted,channel,20501.937,nT
2026-04-13T07:22:00.000Z,BOU,X,adjusted,channel,20502.277,nT
2026-04-13T07:23:00.000Z,BOU,X,adjusted,channel,20502.407,nT
2026-04-13T07:24:00.000Z,BOU,X,adjusted,channel,20502.739,nT
2026-04-13T07:25:00.000Z,BOU,X,adjusted,channel,20502.713,nT
2026-04-13T07:26:00.000Z,BOU,X,adjusted,channel,20502.513,nT
2026-04-13T07:27:00.000Z,BOU,X,adjusted,channel,20502.759,nT
2026-04-13T07:28:00.000Z,BOU,X,adjusted,channel,20502.388,nT
2026-04-13T07:29:00.000Z,BOU,X,adjusted,channel,20502.319,nT
2026-04-13T07:30:00.000Z,BOU,X,adjusted,channel,20502.225,nT
2026-04-13T07:31:00.000Z,BOU,X,adjusted,channel,20501.813,nT
2026-04-13T07:32:00.000Z,BOU,X,adjusted,channel,20501.767,nT
2026-04-13T07:33:00.000Z,BOU,X,adjusted,channel,20501.41,nT
2026-04-13T07:34:00.000Z,BOU,X,adjusted,channel,20501.309,nT
2026-04-13T07:35:00.000Z,BOU,X,adjusted,channel,20501.057,nT
2026-04-13T07:36:00.000Z,BOU,X,adjusted,channel,20500.684,nT
2026-04-13T07:37:00.000Z,BOU,X,adjusted,channel,20500.375,nT
2026-04-13T07:38:00.000Z,BOU,X,adjusted,channel,20500.261,nT
2026-04-13T07:39:00.000Z,BOU,X,adjusted,channel,20500.124,nT
2026-04-13T07:40:00.000Z,BOU,X,adjusted,channel,20499.601,nT
2026-04-13T07:41:00.000Z,BOU,X,adjusted,channel,20499.426,nT
2026-04-13T07:42:00.000Z,BOU,X,adjusted,channel,20499.099,nT
2026-04-13T07:43:00.000Z,BOU,X,adjusted,channel,20498.993,nT
2026-04-13T07:44:00.000Z,BOU,X,adjusted,channel,20498.845,nT
2026-04-13T07:45:00.000Z,BOU,X,adjusted,channel,20498.772,nT
2026-04-13T07:46:00.000Z,BOU,X,adjusted,channel,20499.031,nT
2026-04-13T07:47:00.000Z,BOU,X,adjusted,channel,20498.811,nT
2026-04-13T07:48:00.000Z,BOU,X,adjusted,channel,20498.668,nT
2026-04-13T07:49:00.000Z,BOU,X,adjusted,channel,20498.669,nT
2026-04-13T07:50:00.000Z,BOU,X,adjusted,channel,20498.676,nT
2026-04-13T07:51:00.000Z,BOU,X,adjusted,channel,20498.619,nT
2026-04-13T07:52:00.000Z,BOU,X,adjusted,channel,20498.555,nT
2026-04-13T07:53:00.000Z,BOU,X,adjusted,channel,20498.571,nT
2026-04-13T07:54:00.000Z,BOU,X,adjusted,channel,20498.652,nT
2026-04-13T07:55:00.000Z,BOU,X,adjusted,channel,20498.501,nT
2026-04-13T07:56:00.000Z,BOU,X,adjusted,channel,20498.355,nT
2026-04-13T07:57:00.000Z,BOU,X,adjusted,channel,20497.992,nT
2026-04-13T07:58:00.000Z,BOU,X,adjusted,channel,20497.69,nT
2026-04-13T07:59:00.000Z,BOU,X,adjusted,channel,20497.408,nT
2026-04-13T08:00:00.000Z,BOU,X,adjusted,channel,20497.496,nT
2026-04-13T08:01:00.000Z,BOU,X,adjusted,channel,20497.74,nT
2026-04-13T08:02:00.000Z,BOU,X,adjusted,channel,20497.772,nT
2026-04-13T08:03:00.000Z,BOU,X,adjusted,channel,20497.562,nT
2026-04-13T08:04:00.000Z,BOU,X,adjusted,channel,20497.458,nT
2026-04-13T08:05:00.000Z,BOU,X,adjusted,channel,20497.354,nT
2026-04-13T08:06:00.000Z,BOU,X,adjusted,channel,20497.416,nT
2026-04-13T08:07:00.000Z,BOU,X,adjusted,channel,20497.407,nT
2026-04-13T08:08:00.000Z,BOU,X,adjusted,channel,20497.432,nT
2026-04-13T08:09:00.000Z,BOU,X,adjusted,channel,20497.44,nT
2026-04-13T08:10:00.000Z,BOU,X,adjusted,channel,20497.565,nT
2026-04-13T08:11:00.000Z,BOU,X,adjusted,channel,20497.492,nT
2026-04-13T08:12:00.000Z,BOU,X,adjusted,channel,20497.467,nT
2026-04-13T08:13:00.000Z,BOU,X,adjusted,channel,20497.334,nT
2026-04-13T08:14:00.000Z,BOU,X,adjusted,channel,20497.38,nT
2026-04-13T08:15:00.000Z,BOU,X,adjusted,channel,20497.456,nT
2026-04-13T08:16:00.000Z,BOU,X,adjusted,channel,20497.445,nT
2026-04-13T08:17:00.000Z,BOU,X,adjusted,channel,20497.605,nT
2026-04-13T08:18:00.000Z,BOU,X,adjusted,channel,20497.63,nT
2026-04-13T08:19:00.000Z,BOU,X,adjusted,channel,20497.622,nT
2026-04-13T08:20:00.000Z,BOU,X,adjusted,channel,20497.661,nT
2026-04-13T08:21:00.000Z,BOU,X,adjusted,channel,20497.43,nT
2026-04-13T08:22:00.000Z,BOU,X,adjusted,channel,20497.331,nT
2026-04-13T08:23:00.000Z,BOU,X,adjusted,channel,20497.599,nT
2026-04-13T08:24:00.000Z,BOU,X,adjusted,channel,20497.667,nT
2026-04-13T08:25:00.000Z,BOU,X,adjusted,channel,20497.673,nT
2026-04-13T08:26:00.000Z,BOU,X,adjusted,channel,20497.819,nT
2026-04-13T08:27:00.000Z,BOU,X,adjusted,channel,20497.625,nT
2026-04-13T08:28:00.000Z,BOU,X,adjusted,channel,20497.674,nT
2026-04-13T08:29:00.000Z,BOU,X,adjusted,channel,20497.736,nT
2026-04-13T08:30:00.000Z,BOU,X,adjusted,channel,20497.482,nT
2026-04-13T08:31:00.000Z,BOU,X,adjusted,channel,20497.507,nT
2026-04-13T08:32:00.000Z,BOU,X,adjusted,channel,20497.685,nT
2026-04-13T08:33:00.000Z,BOU,X,adjusted,channel,20497.887,nT
2026-04-13T08:34:00.000Z,BOU,X,adjusted,channel,20498.138,nT
2026-04-13T08:35:00.000Z,BOU,X,adjusted,channel,20498.343,nT
2026-04-13T08:36:00.000Z,BOU,X,adjusted,channel,20498.386,nT
2026-04-13T08:37:00.000Z,BOU,X,adjusted,channel,20498.466,nT
2026-04-13T08:38:00.000Z,BOU,X,adjusted,channel,20498.45,nT
2026-04-13T08:39:00.000Z,BOU,X,adjusted,channel,20498.667,nT
2026-04-13T08:40:00.000Z,BOU,X,adjusted,channel,20498.744,nT
2026-04-13T08:41:00.000Z,BOU,X,adjusted,channel,20498.676,nT
2026-04-13T08:42:00.000Z,BOU,X,adjusted,channel,20498.59,nT
2026-04-13T08:43:00.000Z,BOU,X,adjusted,channel,20498.805,nT
2026-04-13T08:44:00.000Z,BOU,X,adjusted,channel,20499.312,nT
2026-04-13T08:45:00.000Z,BOU,X,adjusted,channel,20499.639,nT
2026-04-13T08:46:00.000Z,BOU,X,adjusted,channel,20500.111,nT
2026-04-13T08:47:00.000Z,BOU,X,adjusted,channel,20500.444,nT
2026-04-13T08:48:00.000Z,BOU,X,adjusted,channel,20500.776,nT
2026-04-13T08:49:00.000Z,BOU,X,adjusted,channel,20501.217,nT
2026-04-13T08:50:00.000Z,BOU,X,adjusted,channel,20501.044,nT
2026-04-13T08:51:00.000Z,BOU,X,adjusted,channel,20500.69,nT
2026-04-13T08:52:00.000Z,BOU,X,adjusted,channel,20500.257,nT
2026-04-13T08:53:00.000Z,BOU,X,adjusted,channel,20500.073,nT
2026-04-13T08:54:00.000Z,BOU,X,adjusted,channel,20499.826,nT
2026-04-13T08:55:00.000Z,BOU,X,adjusted,channel,20499.802,nT
2026-04-13T08:56:00.000Z,BOU,X,adjusted,channel,20499.467,nT
2026-04-13T08:57:00.000Z,BOU,X,adjusted,channel,20499.189,nT
2026-04-13T08:58:00.000Z,BOU,X,adjusted,channel,20498.99,nT
2026-04-13T08:59:00.000Z,BOU,X,adjusted,channel,20498.706,nT
2026-04-13T09:00:00.000Z,BOU,X,adjusted,channel,20498.39,nT
2026-04-13T09:01:00.000Z,BOU,X,adjusted,channel,20498.143,nT
2026-04-13T09:02:00.000Z,BOU,X,adjusted,channel,20497.938,nT
2026-04-13T09:03:00.000Z,BOU,X,adjusted,channel,20497.717,nT
2026-04-13T09:04:00.000Z,BOU,X,adjusted,channel,20497.607,nT
2026-04-13T09:05:00.000Z,BOU,X,adjusted,channel,20497.415,nT
2026-04-13T09:06:00.000Z,BOU,X,adjusted,channel,20496.959,nT
2026-04-13T09:07:00.000Z,BOU,X,adjusted,channel,20496.626,nT
2026-04-13T09:08:00.000Z,BOU,X,adjusted,channel,20496.405,nT
2026-04-13T09:09:00.000Z,BOU,X,adjusted,channel,20496.313,nT
2026-04-13T09:10:00.000Z,BOU,X,adjusted,channel,20496.075,nT
2026-04-13T09:11:00.000Z,BOU,X,adjusted,channel,20495.997,nT
2026-04-13T09:12:00.000Z,BOU,X,adjusted,channel,20495.807,nT
2026-04-13T09:13:00.000Z,BOU,X,adjusted,channel,20495.661,nT
2026-04-13T09:14:00.000Z,BOU,X,adjusted,channel,20495.694,nT
2026-04-13T09:15:00.000Z,BOU,X,adjusted,channel,20495.714,nT
2026-04-13T09:16:00.000Z,BOU,X,adjusted,channel,20495.736,nT
2026-04-13T09:17:00.000Z,BOU,X,adjusted,channel,20495.682,nT
2026-04-13T09:18:00.000Z,BOU,X,adjusted,channel,20495.745,nT
2026-04-13T09:19:00.000Z,BOU,X,adjusted,channel,20495.859,nT
2026-04-13T09:20:00.000Z,BOU,X,adjusted,channel,20496.17,nT
2026-04-13T09:21:00.000Z,BOU,X,adjusted,channel,20495.806,nT
2026-04-13T09:22:00.000Z,BOU,X,adjusted,channel,20495.926,nT
2026-04-13T09:23:00.000Z,BOU,X,adjusted,channel,20495.985,nT
2026-04-13T09:24:00.000Z,BOU,X,adjusted,channel,20496.196,nT
2026-04-13T09:25:00.000Z,BOU,X,adjusted,channel,20495.91,nT
2026-04-13T09:26:00.000Z,BOU,X,adjusted,channel,20496.458,nT
2026-04-13T09:27:00.000Z,BOU,X,adjusted,channel,20496.693,nT
2026-04-13T09:28:00.000Z,BOU,X,adjusted,channel,20496.559,nT
2026-04-13T09:29:00.000Z,BOU,X,adjusted,channel,20496.367,nT
2026-04-13T09:30:00.000Z,BOU,X,adjusted,channel,20496.841,nT
2026-04-13T09:31:00.000Z,BOU,X,adjusted,channel,20497.035,nT
2026-04-13T09:32:00.000Z,BOU,X,adjusted,channel,20497.293,nT
2026-04-13T09:33:00.000Z,BOU,X,adjusted,channel,20497.55,nT
2026-04-13T09:34:00.000Z,BOU,X,adjusted,channel,20497.822,nT
2026-04-13T09:35:00.000Z,BOU,X,adjusted,channel,20498.219,nT
2026-04-13T09:36:00.000Z,BOU,X,adjusted,channel,20498.711,nT
2026-04-13T09:37:00.000Z,BOU,X,adjusted,channel,20499.025,nT
2026-04-13T09:38:00.000Z,BOU,X,adjusted,channel,20499.345,nT
2026-04-13T09:39:00.000Z,BOU,X,adjusted,channel,20499.735,nT
2026-04-13T09:40:00.000Z,BOU,X,adjusted,channel,20500.231,nT
2026-04-13T09:41:00.000Z,BOU,X,adjusted,channel,20500.773,nT
2026-04-13T09:42:00.000Z,BOU,X,adjusted,channel,20501.032,nT
2026-04-13T09:43:00.000Z,BOU,X,adjusted,channel,20501.048,nT
2026-04-13T09:44:00.000Z,BOU,X,adjusted,channel,20500.978,nT
2026-04-13T09:45:00.000Z,BOU,X,adjusted,channel,20501.485,nT
2026-04-13T09:46:00.000Z,BOU,X,adjusted,channel,20501.514,nT
2026-04-13T09:47:00.000Z,BOU,X,adjusted,channel,20501.848,nT
2026-04-13T09:48:00.000Z,BOU,X,adjusted,channel,20501.606,nT
2026-04-13T09:49:00.000Z,BOU,X,adjusted,channel,20501.863,nT
2026-04-13T09:50:00.000Z,BOU,X,adjusted,channel,20501.875,nT
2026-04-13T09:51:00.000Z,BOU,X,adjusted,channel,20501.868,nT
2026-04-13T09:52:00.000Z,BOU,X,adjusted,channel,20501.743,nT
2026-04-13T09:53:00.000Z,BOU,X,adjusted,channel,20501.746,nT
2026-04-13T09:54:00.000Z,BOU,X,adjusted,channel,20501.481,nT
2026-04-13T09:55:00.000Z,BOU,X,adjusted,channel,20501.335,nT
2026-04-13T09:56:00.000Z,BOU,X,adjusted,channel,20501.186,nT
2026-04-13T09:57:00.000Z,BOU,X,adjusted,channel,20501.203,nT
2026-04-13T09:58:00.000Z,BOU,X,adjusted,channel,20501.049,nT
2026-04-13T09:59:00.000Z,BOU,X,adjusted,channel,20500.892,nT
2026-04-13T10:00:00.000Z,BOU,X,adjusted,channel,20500.68,nT
2026-04-13T10:01:00.000Z,BOU,X,adjusted,channel,20500.547,nT
2026-04-13T10:02:00.000Z,BOU,X,adjusted,channel,20500.46,nT
2026-04-13T10:03:00.000Z,BOU,X,adjusted,channel,20500.278,nT
2026-04-13T10:04:00.000Z,BOU,X,adjusted,channel,20499.919,nT
2026-04-13T10:05:00.000Z,BOU,X,adjusted,channel,20499.837,nT
2026-04-13T10:06:00.000Z,BOU,X,adjusted,channel,20499.795,nT
2026-04-13T10:07:00.000Z,BOU,X,adjusted,channel,20499.787,nT
2026-04-13T10:08:00.000Z,BOU,X,adjusted,channel,20499.941,nT
2026-04-13T10:09:00.000Z,BOU,X,adjusted,channel,20500.05,nT
2026-04-13T10:10:00.000Z,BOU,X,adjusted,channel,20500.072,nT
2026-04-13T10:11:00.000Z,BOU,X,adjusted,channel,20500.051,nT
2026-04-13T10:12:00.000Z,BOU,X,adjusted,channel,20500.08,nT
2026-04-13T10:13:00.000Z,BOU,X,adjusted,channel,20500.184,nT
2026-04-13T10:14:00.000Z,BOU,X,adjusted,channel,20500.383,nT
2026-04-13T10:15:00.000Z,BOU,X,adjusted,channel,20500.306,nT
2026-04-13T10:16:00.000Z,BOU,X,adjusted,channel,20500.342,nT
2026-04-13T10:17:00.000Z,BOU,X,adjusted,channel,20500.698,nT
2026-04-13T10:18:00.000Z,BOU,X,adjusted,channel,20500.555,nT
2026-04-13T10:19:00.000Z,BOU,X,adjusted,channel,20500.678,nT
2026-04-13T10:20:00.000Z,BOU,X,adjusted,channel,20500.603,nT
2026-04-13T10:21:00.000Z,BOU,X,adjusted,channel,20500.596,nT
2026-04-13T10:22:00.000Z,BOU,X,adjusted,channel,20500.618,nT
2026-04-13T10:23:00.000Z,BOU,X,adjusted,channel,20500.66,nT
2026-04-13T10:24:00.000Z,BOU,X,adjusted,channel,20500.588,nT
2026-04-13T10:25:00.000Z,BOU,X,adjusted,channel,20500.729,nT
2026-04-13T10:26:00.000Z,BOU,X,adjusted,channel,20500.749,nT
2026-04-13T10:27:00.000Z,BOU,X,adjusted,channel,20500.603,nT
2026-04-13T10:28:00.000Z,BOU,X,adjusted,channel,20500.455,nT
2026-04-13T10:29:00.000Z,BOU,X,adjusted,channel,20500.373,nT
2026-04-13T10:30:00.000Z,BOU,X,adjusted,channel,20500.317,nT
2026-04-13T10:31:00.000Z,BOU,X,adjusted,channel,20500.385,nT
2026-04-13T10:32:00.000Z,BOU,X,adjusted,channel,20499.857,nT
2026-04-13T10:33:00.000Z,BOU,X,adjusted,channel,20499.556,nT
2026-04-13T10:34:00.000Z,BOU,X,adjusted,channel,20499.369,nT
2026-04-13T10:35:00.000Z,BOU,X,adjusted,channel,20499.208,nT
2026-04-13T10:36:00.000Z,BOU,X,adjusted,channel,20499.212,nT
2026-04-13T10:37:00.000Z,BOU,X,adjusted,channel,20499.22,nT
2026-04-13T10:38:00.000Z,BOU,X,adjusted,channel,20499.334,nT
2026-04-13T10:39:00.000Z,BOU,X,adjusted,channel,20499.393,nT
2026-04-13T10:40:00.000Z,BOU,X,adjusted,channel,20499.439,nT
2026-04-13T10:41:00.000Z,BOU,X,adjusted,channel,20499.339,nT
2026-04-13T10:42:00.000Z,BOU,X,adjusted,channel,20499.3,nT
2026-04-13T10:43:00.000Z,BOU,X,adjusted,channel,20499.311,nT
2026-04-13T10:44:00.000Z,BOU,X,adjusted,channel,20499.308,nT
2026-04-13T10:45:00.000Z,BOU,X,adjusted,channel,20499.455,nT
2026-04-13T10:46:00.000Z,BOU,X,adjusted,channel,20499.618,nT
2026-04-13T10:47:00.000Z,BOU,X,adjusted,channel,20499.565,nT
2026-04-13T10:48:00.000Z,BOU,X,adjusted,channel,20499.435,nT
2026-04-13T10:49:00.000Z,BOU,X,adjusted,channel,20499.363,nT
2026-04-13T10:50:00.000Z,BOU,X,adjusted,channel,20499.329,nT
2026-04-13T10:51:00.000Z,BOU,X,adjusted,channel,20499.278,nT
2026-04-13T10:52:00.000Z,BOU,X,adjusted,channel,20499.269,nT
2026-04-13T10:53:00.000Z,BOU,X,adjusted,channel,20499.277,nT
2026-04-13T10:54:00.000Z,BOU,X,adjusted,channel,20499.194,nT
2026-04-13T10:55:00.000Z,BOU,X,adjusted,channel,20499.187,nT
2026-04-13T10:56:00.000Z,BOU,X,adjusted,channel,20499.183,nT
2026-04-13T10:57:00.000Z,BOU,X,adjusted,channel,20499.24,nT
2026-04-13T10:58:00.000Z,BOU,X,adjusted,channel,20499.298,nT
2026-04-13T10:59:00.000Z,BOU,X,adjusted,channel,20499.258,nT
2026-04-13T11:00:00.000Z,BOU,X,adjusted,channel,20499.255,nT
2026-04-13T11:01:00.000Z,BOU,X,adjusted,channel,20499.315,nT
2026-04-13T11:02:00.000Z,BOU,X,adjusted,channel,20499.36,nT
2026-04-13T11:03:00.000Z,BOU,X,adjusted,channel,20499.422,nT
2026-04-13T11:04:00.000Z,BOU,X,adjusted,channel,20499.563,nT
2026-04-13T11:05:00.000Z,BOU,X,adjusted,channel,20500.026,nT
2026-04-13T11:06:00.000Z,BOU,X,adjusted,channel,20499.996,nT
2026-04-13T11:07:00.000Z,BOU,X,adjusted,channel,20500.164,nT
2026-04-13T11:08:00.000Z,BOU,X,adjusted,channel,20500.264,nT
2026-04-13T11:09:00.000Z,BOU,X,adjusted,channel,20500.503,nT
2026-04-13T11:10:00.000Z,BOU,X,adjusted,channel,20500.294,nT
2026-04-13T11:11:00.000Z,BOU,X,adjusted,channel,20500.296,nT
2026-04-13T11:12:00.000Z,BOU,X,adjusted,channel,20500.029,nT
2026-04-13T11:13:00.000Z,BOU,X,adjusted,channel,20499.714,nT
2026-04-13T11:14:00.000Z,BOU,X,adjusted,channel,20499.568,nT
2026-04-13T11:15:00.000Z,BOU,X,adjusted,channel,20499.344,nT
2026-04-13T11:16:00.000Z,BOU,X,adjusted,channel,20499.211,nT
2026-04-13T11:17:00.000Z,BOU,X,adjusted,channel,20498.995,nT
2026-04-13T11:18:00.000Z,BOU,X,adjusted,channel,20499.109,nT
2026-04-13T11:19:00.000Z,BOU,X,adjusted,channel,20499.133,nT
2026-04-13T11:20:00.000Z,BOU,X,adjusted,channel,20499.078,nT
2026-04-13T11:21:00.000Z,BOU,X,adjusted,channel,20499.188,nT
2026-04-13T11:22:00.000Z,BOU,X,adjusted,channel,20499.253,nT
2026-04-13T11:23:00.000Z,BOU,X,adjusted,channel,20499.254,nT
2026-04-13T11:24:00.000Z,BOU,X,adjusted,channel,20499.221,nT
2026-04-13T11:25:00.000Z,BOU,X,adjusted,channel,20499.281,nT
2026-04-13T11:26:00.000Z,BOU,X,adjusted,channel,20499.398,nT
2026-04-13T11:27:00.000Z,BOU,X,adjusted,channel,20499.429,nT
2026-04-13T11:28:00.000Z,BOU,X,adjusted,channel,20499.51,nT
2026-04-13T11:29:00.000Z,BOU,X,adjusted,channel,20499.667,nT
2026-04-13T11:30:00.000Z,BOU,X,adjusted,channel,20499.89,nT
2026-04-13T11:31:00.000Z,BOU,X,adjusted,channel,20499.885,nT
2026-04-13T11:32:00.000Z,BOU,X,adjusted,channel,20500.076,nT
2026-04-13T11:33:00.000Z,BOU,X,adjusted,channel,20500.254,nT
2026-04-13T11:34:00.000Z,BOU,X,adjusted,channel,20500.275,nT
2026-04-13T11:35:00.000Z,BOU,X,adjusted,channel,20500.353,nT
2026-04-13T11:36:00.000Z,BOU,X,adjusted,channel,20500.479,nT
2026-04-13T11:37:00.000Z,BOU,X,adjusted,channel,20500.618,nT
2026-04-13T11:38:00.000Z,BOU,X,adjusted,channel,20500.579,nT
2026-04-13T11:39:00.000Z,BOU,X,adjusted,channel,20500.494,nT
2026-04-13T11:40:00.000Z,BOU,X,adjusted,channel,20500.466,nT
2026-04-13T11:41:00.000Z,BOU,X,adjusted,channel,20500.373,nT
2026-04-13T11:42:00.000Z,BOU,X,adjusted,channel,20500.34,nT
2026-04-13T11:43:00.000Z,BOU,X,adjusted,channel,20500.392,nT
2026-04-13T11:44:00.000Z,BOU,X,adjusted,channel,20500.197,nT
2026-04-13T11:45:00.000Z,BOU,X,adjusted,channel,20500.293,nT
2026-04-13T11:46:00.000Z,BOU,X,adjusted,channel,20500.082,nT
2026-04-13T11:47:00.000Z,BOU,X,adjusted,channel,20499.915,nT
2026-04-13T11:48:00.000Z,BOU,X,adjusted,channel,20499.893,nT
2026-04-13T11:49:00.000Z,BOU,X,adjusted,channel,20499.87,nT
2026-04-13T11:50:00.000Z,BOU,X,adjusted,channel,20499.444,nT
2026-04-13T11:51:00.000Z,BOU,X,adjusted,channel,20499.12,nT
2026-04-13T11:52:00.000Z,BOU,X,adjusted,channel,20498.958,nT
2026-04-13T11:53:00.000Z,BOU,X,adjusted,channel,20498.683,nT
2026-04-13T11:54:00.000Z,BOU,X,adjusted,channel,20498.8,nT
2026-04-13T11:55:00.000Z,BOU,X,adjusted,channel,20498.555,nT
2026-04-13T11:56:00.000Z,BOU,X,adjusted,channel,20498.704,nT
2026-04-13T11:57:00.000Z,BOU,X,adjusted,channel,20498.757,nT
2026-04-13T11:58:00.000Z,BOU,X,adjusted,channel,20498.423,nT
2026-04-13T11:59:00.000Z,BOU,X,adjusted,channel,20498.423,nT
2026-04-13T12:00:00.000Z,BOU,X,adjusted,channel,20498.487,nT
2026-04-13T12:01:00.000Z,BOU,X,adjusted,channel,20498.398,nT
2026-04-13T12:02:00.000Z,BOU,X,adjusted,channel,20498.49,nT
2026-04-13T12:03:00.000Z,BOU,X,adjusted,channel,20498.987,nT
2026-04-13T12:04:00.000Z,BOU,X,adjusted,channel,20498.802,nT
2026-04-13T12:05:00.000Z,BOU,X,adjusted,channel,20499.175,nT
2026-04-13T12:06:00.000Z,BOU,X,adjusted,channel,20499.187,nT
2026-04-13T12:07:00.000Z,BOU,X,adjusted,channel,20499.448,nT
2026-04-13T12:08:00.000Z,BOU,X,adjusted,channel,20499.707,nT
2026-04-13T12:09:00.000Z,BOU,X,adjusted,channel,20499.985,nT
2026-04-13T12:10:00.000Z,BOU,X,adjusted,channel,20500.134,nT
2026-04-13T12:11:00.000Z,BOU,X,adjusted,channel,20500.124,nT
2026-04-13T12:12:00.000Z,BOU,X,adjusted,channel,20499.867,nT
2026-04-13T12:13:00.000Z,BOU,X,adjusted,channel,20499.475,nT
2026-04-13T12:14:00.000Z,BOU,X,adjusted,channel,20499.398,nT
2026-04-13T12:15:00.000Z,BOU,X,adjusted,channel,20499.287,nT
2026-04-13T12:16:00.000Z,BOU,X,adjusted,channel,20499.223,nT
2026-04-13T12:17:00.000Z,BOU,X,adjusted,channel,20499.161,nT
2026-04-13T12:18:00.000Z,BOU,X,adjusted,channel,20499.328,nT
2026-04-13T12:19:00.000Z,BOU,X,adjusted,channel,20499.485,nT
2026-04-13T12:20:00.000Z,BOU,X,adjusted,channel,20499.426,nT
2026-04-13T12:21:00.000Z,BOU,X,adjusted,channel,20499.378,nT
2026-04-13T12:22:00.000Z,BOU,X,adjusted,channel,20499.328,nT
2026-04-13T12:23:00.000Z,BOU,X,adjusted,channel,20499.147,nT
2026-04-13T12:24:00.000Z,BOU,X,adjusted,channel,20499.1,nT
2026-04-13T12:25:00.000Z,BOU,X,adjusted,channel,20498.947,nT
2026-04-13T12:26:00.000Z,BOU,X,adjusted,channel,20498.923,nT
2026-04-13T12:27:00.000Z,BOU,X,adjusted,channel,20498.776,nT
2026-04-13T12:28:00.000Z,BOU,X,adjusted,channel,20498.773,nT
2026-04-13T12:29:00.000Z,BOU,X,adjusted,channel,20498.443,nT
2026-04-13T12:30:00.000Z,BOU,X,adjusted,channel,20498.261,nT
2026-04-13T12:31:00.000Z,BOU,X,adjusted,channel,20498.595,nT
2026-04-13T12:32:00.000Z,BOU,X,adjusted,channel,20498.376,nT
2026-04-13T12:33:00.000Z,BOU,X,adjusted,channel,20498.243,nT
2026-04-13T12:34:00.000Z,BOU,X,adjusted,channel,20498.178,nT
2026-04-13T12:35:00.000Z,BOU,X,adjusted,channel,20498.117,nT
2026-04-13T12:36:00.000Z,BOU,X,adjusted,channel,20497.982,nT
2026-04-13T12:37:00.000Z,BOU,X,adjusted,channel,20497.847,nT
2026-04-13T12:38:00.000Z,BOU,X,adjusted,channel,20497.807,nT
2026-04-13T12:39:00.000Z,BOU,X,adjusted,channel,20498.03,nT
2026-04-13T12:40:00.000Z,BOU,X,adjusted,channel,20498.232,nT
2026-04-13T12:41:00.000Z,BOU,X,adjusted,channel,20498.19,nT
2026-04-13T12:42:00.000Z,BOU,X,adjusted,channel,20498.34,nT
2026-04-13T12:43:00.000Z,BOU,X,adjusted,channel,20498.48,nT
2026-04-13T12:44:00.000Z,BOU,X,adjusted,channel,20498.685,nT
2026-04-13T12:45:00.000Z,BOU,X,adjusted,channel,20498.779,nT
2026-04-13T12:46:00.000Z,BOU,X,adjusted,channel,20498.689,nT
2026-04-13T12:47:00.000Z,BOU,X,adjusted,channel,20498.512,nT
2026-04-13T12:48:00.000Z,BOU,X,adjusted,channel,20498.138,nT
2026-04-13T12:49:00.000Z,BOU,X,adjusted,channel,20497.714,nT
2026-04-13T12:50:00.000Z,BOU,X,adjusted,channel,20497.732,nT
2026-04-13T12:51:00.000Z,BOU,X,adjusted,channel,20498.028,nT
2026-04-13T12:52:00.000Z,BOU,X,adjusted,channel,20497.976,nT
2026-04-13T12:53:00.000Z,BOU,X,adjusted,channel,20498.02,nT
2026-04-13T12:54:00.000Z,BOU,X,adjusted,channel,20497.867,nT
2026-04-13T12:55:00.000Z,BOU,X,adjusted,channel,20498.003,nT
2026-04-13T12:56:00.000Z,BOU,X,adjusted,channel,20497.944,nT
2026-04-13T12:57:00.000Z,BOU,X,adjusted,channel,20498.125,nT
2026-04-13T12:58:00.000Z,BOU,X,adjusted,channel,20497.813,nT
2026-04-13T12:59:00.000Z,BOU,X,adjusted,channel,20497.613,nT
2026-04-13T13:00:00.000Z,BOU,X,adjusted,channel,20497.49,nT
2026-04-13T13:01:00.000Z,BOU,X,adjusted,channel,20497.26,nT
2026-04-13T13:02:00.000Z,BOU,X,adjusted,channel,20497.111,nT
2026-04-13T13:03:00.000Z,BOU,X,adjusted,channel,20497.036,nT
2026-04-13T13:04:00.000Z,BOU,X,adjusted,channel,20497.002,nT
2026-04-13T13:05:00.000Z,BOU,X,adjusted,channel,20497.179,nT
2026-04-13T13:06:00.000Z,BOU,X,adjusted,channel,20496.964,nT
2026-04-13T13:07:00.000Z,BOU,X,adjusted,channel,20496.793,nT
2026-04-13T13:08:00.000Z,BOU,X,adjusted,channel,20496.734,nT
2026-04-13T13:09:00.000Z,BOU,X,adjusted,channel,20496.621,nT
2026-04-13T13:10:00.000Z,BOU,X,adjusted,channel,20496.426,nT
2026-04-13T13:11:00.000Z,BOU,X,adjusted,channel,20496.047,nT
2026-04-13T13:12:00.000Z,BOU,X,adjusted,channel,20495.769,nT
2026-04-13T13:13:00.000Z,BOU,X,adjusted,channel,20495.469,nT
2026-04-13T13:14:00.000Z,BOU,X,adjusted,channel,20495.583,nT
2026-04-13T13:15:00.000Z,BOU,X,adjusted,channel,20495.701,nT
2026-04-13T13:16:00.000Z,BOU,X,adjusted,channel,20495.661,nT
2026-04-13T13:17:00.000Z,BOU,X,adjusted,channel,20495.623,nT
2026-04-13T13:18:00.000Z,BOU,X,adjusted,channel,20495.775,nT
2026-04-13T13:19:00.000Z,BOU,X,adjusted,channel,20495.622,nT
2026-04-13T13:20:00.000Z,BOU,X,adjusted,channel,20495.821,nT
2026-04-13T13:21:00.000Z,BOU,X,adjusted,channel,20495.71,nT
2026-04-13T13:22:00.000Z,BOU,X,adjusted,channel,20495.459,nT
2026-04-13T13:23:00.000Z,BOU,X,adjusted,channel,20495.431,nT
2026-04-13T13:24:00.000Z,BOU,X,adjusted,channel,20495.58,nT
2026-04-13T13:25:00.000Z,BOU,X,adjusted,channel,20495.392,nT
2026-04-13T13:26:00.000Z,BOU,X,adjusted,channel,20495.573,nT
2026-04-13T13:27:00.000Z,BOU,X,adjusted,channel,20495.682,nT
2026-04-13T13:28:00.000Z,BOU,X,adjusted,channel,20495.756,nT
2026-04-13T13:29:00.000Z,BOU,X,adjusted,channel,20496.027,nT
2026-04-13T13:30:00.000Z,BOU,X,adjusted,channel,20495.526,nT
2026-04-13T13:31:00.000Z,BOU,X,adjusted,channel,20495.505,nT
2026-04-13T13:32:00.000Z,BOU,X,adjusted,channel,20495.839,nT
2026-04-13T13:33:00.000Z,BOU,X,adjusted,channel,20496.353,nT
2026-04-13T13:34:00.000Z,BOU,X,adjusted,channel,20496.719,nT
2026-04-13T13:35:00.000Z,BOU,X,adjusted,channel,20496.924,nT
2026-04-13T13:36:00.000Z,BOU,X,adjusted,channel,20497.052,nT
2026-04-13T13:37:00.000Z,BOU,X,adjusted,channel,20497.159,nT
2026-04-13T13:38:00.000Z,BOU,X,adjusted,channel,20496.354,nT
2026-04-13T13:39:00.000Z,BOU,X,adjusted,channel,20495.962,nT
2026-04-13T13:40:00.000Z,BOU,X,adjusted,channel,20495.774,nT
2026-04-13T13:41:00.000Z,BOU,X,adjusted,channel,20495.842,nT
2026-04-13T13:42:00.000Z,BOU,X,adjusted,channel,20496.071,nT
2026-04-13T13:43:00.000Z,BOU,X,adjusted,channel,20496.174,nT
2026-04-13T13:44:00.000Z,BOU,X,adjusted,channel,20496.112,nT
2026-04-13T13:45:00.000Z,BOU,X,adjusted,channel,20495.836,nT
2026-04-13T13:46:00.000Z,BOU,X,adjusted,channel,20496.113,nT
2026-04-13T13:47:00.000Z,BOU,X,adjusted,channel,20495.947,nT
2026-04-13T13:48:00.000Z,BOU,X,adjusted,channel,20495.682,nT
2026-04-13T13:49:00.000Z,BOU,X,adjusted,channel,20495.95,nT
2026-04-13T13:50:00.000Z,BOU,X,adjusted,channel,20495.93,nT
2026-04-13T13:51:00.000Z,BOU,X,adjusted,channel,20495.722,nT
2026-04-13T13:52:00.000Z,BOU,X,adjusted,channel,20495.494,nT
2026-04-13T13:53:00.000Z,BOU,X,adjusted,channel,20495.517,nT
2026-04-13T13:54:00.000Z,BOU,X,adjusted,channel,20495.593,nT
2026-04-13T13:55:00.000Z,BOU,X,adjusted,channel,20496.037,nT
2026-04-13T13:56:00.000Z,BOU,X,adjusted,channel,20495.974,nT
2026-04-13T13:57:00.000Z,BOU,X,adjusted,channel,20495.783,nT
2026-04-13T13:58:00.000Z,BOU,X,adjusted,channel,20495.68,nT
2026-04-13T13:59:00.000Z,BOU,X,adjusted,channel,20495.661,nT
2026-04-13T14:00:00.000Z,BOU,X,adjusted,channel,20495.453,nT
2026-04-13T14:01:00.000Z,BOU,X,adjusted,channel,20495.298,nT
2026-04-13T14:02:00.000Z,BOU,X,adjusted,channel,20495.166,nT
2026-04-13T14:03:00.000Z,BOU,X,adjusted,channel,20494.999,nT
2026-04-13T14:04:00.000Z,BOU,X,adjusted,channel,20494.908,nT
2026-04-13T14:05:00.000Z,BOU,X,adjusted,channel,20494.686,nT
2026-04-13T14:06:00.000Z,BOU,X,adjusted,channel,20494.506,nT
2026-04-13T14:07:00.000Z,BOU,X,adjusted,channel,20494.447,nT
2026-04-13T14:08:00.000Z,BOU,X,adjusted,channel,20494.652,nT
2026-04-13T14:09:00.000Z,BOU,X,adjusted,channel,20494.779,nT
2026-04-13T14:10:00.000Z,BOU,X,adjusted,channel,20494.535,nT
2026-04-13T14:11:00.000Z,BOU,X,adjusted,channel,20494.335,nT
2026-04-13T14:12:00.000Z,BOU,X,adjusted,channel,20494.125,nT
2026-04-13T14:13:00.000Z,BOU,X,adjusted,channel,20493.962,nT
2026-04-13T14:14:00.000Z,BOU,X,adjusted,channel,20493.901,nT
2026-04-13T14:15:00.000Z,BOU,X,adjusted,channel,20493.706,nT
2026-04-13T14:16:00.000Z,BOU,X,adjusted,channel,20493.691,nT
2026-04-13T14:17:00.000Z,BOU,X,adjusted,channel,20493.779,nT
2026-04-13T14:18:00.000Z,BOU,X,adjusted,channel,20493.886,nT
2026-04-13T14:19:00.000Z,BOU,X,adjusted,channel,20493.874,nT
2026-04-13T14:20:00.000Z,BOU,X,adjusted,channel,20493.741,nT
2026-04-13T14:21:00.000Z,BOU,X,adjusted,channel,20493.901,nT
2026-04-13T14:22:00.000Z,BOU,X,adjusted,channel,20493.845,nT
2026-04-13T14:23:00.000Z,BOU,X,adjusted,channel,20493.39,nT
2026-04-13T14:24:00.000Z,BOU,X,adjusted,channel,20493.337,nT
2026-04-13T14:25:00.000Z,BOU,X,adjusted,channel,20493.327,nT
2026-04-13T14:26:00.000Z,BOU,X,adjusted,channel,20493.306,nT
2026-04-13T14:27:00.000Z,BOU,X,adjusted,channel,20493.12,nT
2026-04-13T14:28:00.000Z,BOU,X,adjusted,channel,20493.103,nT
2026-04-13T14:29:00.000Z,BOU,X,adjusted,channel,20492.956,nT
2026-04-13T14:30:00.000Z,BOU,X,adjusted,channel,20492.723,nT
2026-04-13T14:31:00.000Z,BOU,X,adjusted,channel,20492.505,nT
2026-04-13T14:32:00.000Z,BOU,X,adjusted,channel,20491.973,nT
2026-04-13T14:33:00.000Z,BOU,X,adjusted,channel,20491.742,nT
2026-04-13T14:34:00.000Z,BOU,X,adjusted,channel,20491.724,nT
2026-04-13T14:35:00.000Z,BOU,X,adjusted,channel,20491.767,nT
2026-04-13T14:36:00.000Z,BOU,X,adjusted,channel,20491.452,nT
2026-04-13T14:37:00.000Z,BOU,X,adjusted,channel,20491.221,nT
2026-04-13T14:38:00.000Z,BOU,X,adjusted,channel,20490.937,nT
2026-04-13T14:39:00.000Z,BOU,X,adjusted,channel,20490.645,nT
2026-04-13T14:40:00.000Z,BOU,X,adjusted,channel,20490.335,nT
2026-04-13T14:41:00.000Z,BOU,X,adjusted,channel,20490.155,nT
2026-04-13T14:42:00.000Z,BOU,X,adjusted,channel,20489.92,nT
2026-04-13T14:43:00.000Z,BOU,X,adjusted,channel,20489.504,nT
2026-04-13T14:44:00.000Z,BOU,X,adjusted,channel,20489.002,nT
2026-04-13T14:45:00.000Z,BOU,X,adjusted,channel,20488.607,nT
2026-04-13T14:46:00.000Z,BOU,X,adjusted,channel,20488.163,nT
2026-04-13T14:47:00.000Z,BOU,X,adjusted,channel,20488.005,nT
2026-04-13T14:48:00.000Z,BOU,X,adjusted,channel,20487.933,nT
2026-04-13T14:49:00.000Z,BOU,X,adjusted,channel,20487.47,nT
2026-04-13T14:50:00.000Z,BOU,X,adjusted,channel,20487.146,nT
2026-04-13T14:51:00.000Z,BOU,X,adjusted,channel,20486.922,nT
2026-04-13T14:52:00.000Z,BOU,X,adjusted,channel,20486.582,nT
2026-04-13T14:53:00.000Z,BOU,X,adjusted,channel,20486.358,nT
2026-04-13T14:54:00.000Z,BOU,X,adjusted,channel,20486.012,nT
2026-04-13T14:55:00.000Z,BOU,X,adjusted,channel,20485.948,nT
2026-04-13T14:56:00.000Z,BOU,X,adjusted,channel,20485.684,nT
2026-04-13T14:57:00.000Z,BOU,X,adjusted,channel,20485.402,nT
2026-04-13T14:58:00.000Z,BOU,X,adjusted,channel,20485.242,nT
2026-04-13T14:59:00.000Z,BOU,X,adjusted,channel,20485.231,nT
2026-04-13T15:00:00.000Z,BOU,X,adjusted,channel,20485.16,nT
2026-04-13T15:01:00.000Z,BOU,X,adjusted,channel,20484.781,nT
2026-04-13T15:02:00.000Z,BOU,X,adjusted,channel,20484.561,nT
2026-04-13T15:03:00.000Z,BOU,X,adjusted,channel,20484.406,nT
2026-04-13T15:04:00.000Z,BOU,X,adjusted,channel,20484.358,nT
2026-04-13T15:05:00.000Z,BOU,X,adjusted,channel,20483.797,nT
2026-04-13T15:06:00.000Z,BOU,X,adjusted,channel,20483.614,nT
2026-04-13T15:07:00.000Z,BOU,X,adjusted,channel,20483.413,nT
2026-04-13T15:08:00.000Z,BOU,X,adjusted,channel,20483.514,nT
2026-04-13T15:09:00.000Z,BOU,X,adjusted,channel,20483.102,nT
2026-04-13T15:10:00.000Z,BOU,X,adjusted,channel,20482.836,nT
2026-04-13T15:11:00.000Z,BOU,X,adjusted,channel,20482.498,nT
2026-04-13T15:12:00.000Z,BOU,X,adjusted,channel,20482.221,nT
2026-04-13T15:13:00.000Z,BOU,X,adjusted,channel,20482.062,nT
2026-04-13T15:14:00.000Z,BOU,X,adjusted,channel,20481.648,nT
2026-04-13T15:15:00.000Z,BOU,X,adjusted,channel,20481.159,nT
2026-04-13T15:16:00.000Z,BOU,X,adjusted,channel,20481.011,nT
2026-04-13T15:17:00.000Z,BOU,X,adjusted,channel,20480.908,nT
2026-04-13T15:18:00.000Z,BOU,X,adjusted,channel,20480.755,nT
2026-04-13T15:19:00.000Z,BOU,X,adjusted,channel,20480.474,nT
2026-04-13T15:20:00.000Z,BOU,X,adjusted,channel,20480.292,nT
2026-04-13T15:21:00.000Z,BOU,X,adjusted,channel,20480.08,nT
2026-04-13T15:22:00.000Z,BOU,X,adjusted,channel,20479.787,nT
2026-04-13T15:23:00.000Z,BOU,X,adjusted,channel,20479.326,nT
2026-04-13T15:24:00.000Z,BOU,X,adjusted,channel,20479.179,nT
2026-04-13T15:25:00.000Z,BOU,X,adjusted,channel,20479.129,nT
2026-04-13T15:26:00.000Z,BOU,X,adjusted,channel,20479.129,nT
2026-04-13T15:27:00.000Z,BOU,X,adjusted,channel,20479.48,nT
2026-04-13T15:28:00.000Z,BOU,X,adjusted,channel,20479.286,nT
2026-04-13T15:29:00.000Z,BOU,X,adjusted,channel,20478.852,nT
2026-04-13T15:30:00.000Z,BOU,X,adjusted,channel,20478.386,nT
2026-04-13T15:31:00.000Z,BOU,X,adjusted,channel,20478.021,nT
2026-04-13T15:32:00.000Z,BOU,X,adjusted,channel,20477.917,nT
2026-04-13T15:33:00.000Z,BOU,X,adjusted,channel,20478.474,nT
2026-04-13T15:34:00.000Z,BOU,X,adjusted,channel,20478.827,nT
2026-04-13T15:35:00.000Z,BOU,X,adjusted,channel,20478.253,nT
2026-04-13T15:36:00.000Z,BOU,X,adjusted,channel,20477.715,nT
2026-04-13T15:37:00.000Z,BOU,X,adjusted,channel,20478.635,nT
2026-04-13T15:38:00.000Z,BOU,X,adjusted,channel,20477.895,nT
2026-04-13T15:39:00.000Z,BOU,X,adjusted,channel,20476.969,nT
2026-04-13T15:40:00.000Z,BOU,X,adjusted,channel,20476.007,nT
2026-04-13T15:41:00.000Z,BOU,X,adjusted,channel,20475.204,nT
2026-04-13T15:42:00.000Z,BOU,X,adjusted,channel,20474.576,nT
2026-04-13T15:43:00.000Z,BOU,X,adjusted,channel,20473.894,nT
2026-04-13T15:44:00.000Z,BOU,X,adjusted,channel,20474.196,nT
2026-04-13T15:45:00.000Z,BOU,X,adjusted,channel,20474.466,nT
2026-04-13T15:46:00.000Z,BOU,X,adjusted,channel,20474.702,nT
2026-04-13T15:47:00.000Z,BOU,X,adjusted,channel,20474.803,nT
2026-04-13T15:48:00.000Z,BOU,X,adjusted,channel,20474.93,nT
2026-04-13T15:49:00.000Z,BOU,X,adjusted,channel,20474.992,nT
2026-04-13T15:50:00.000Z,BOU,X,adjusted,channel,20474.929,nT
2026-04-13T15:51:00.000Z,BOU,X,adjusted,channel,20474.721,nT
2026-04-13T15:52:00.000Z,BOU,X,adjusted,channel,20474.624,nT
2026-04-13T15:53:00.000Z,BOU,X,adjusted,channel,20474.855,nT
2026-04-13T15:54:00.000Z,BOU,X,adjusted,channel,20475.536,nT
2026-04-13T15:55:00.000Z,BOU,X,adjusted,channel,20476.334,nT
2026-04-13T15:56:00.000Z,BOU,X,adjusted,channel,20476.686,nT
2026-04-13T15:57:00.000Z,BOU,X,adjusted,channel,20477.023,nT
2026-04-13T15:58:00.000Z,BOU,X,adjusted,channel,20477.037,nT
2026-04-13T15:59:00.000Z,BOU,X,adjusted,channel,20476.982,nT
2026-04-13T16:00:00.000Z,BOU,X,adjusted,channel,20476.857,nT
2026-04-13T16:01:00.000Z,BOU,X,adjusted,channel,20477.104,nT
2026-04-13T16:02:00.000Z,BOU,X,adjusted,channel,20477.279,nT
2026-04-13T16:03:00.000Z,BOU,X,adjusted,channel,20477.133,nT
2026-04-13T16:04:00.000Z,BOU,X,adjusted,channel,20477.193,nT
2026-04-13T16:05:00.000Z,BOU,X,adjusted,channel,20476.951,nT
2026-04-13T16:06:00.000Z,BOU,X,adjusted,channel,20476.685,nT
2026-04-13T16:07:00.000Z,BOU,X,adjusted,channel,20476.604,nT
2026-04-13T16:08:00.000Z,BOU,X,adjusted,channel,20476.649,nT
2026-04-13T16:09:00.000Z,BOU,X,adjusted,channel,20476.637,nT
2026-04-13T16:10:00.000Z,BOU,X,adjusted,channel,20476.683,nT
2026-04-13T16:11:00.000Z,BOU,X,adjusted,channel,20476.691,nT
2026-04-13T16:12:00.000Z,BOU,X,adjusted,channel,20476.507,nT
2026-04-13T16:13:00.000Z,BOU,X,adjusted,channel,20476.374,nT
2026-04-13T16:14:00.000Z,BOU,X,adjusted,channel,20476.542,nT
2026-04-13T16:15:00.000Z,BOU,X,adjusted,channel,20476.477,nT
2026-04-13T16:16:00.000Z,BOU,X,adjusted,channel,20476.078,nT
2026-04-13T16:17:00.000Z,BOU,X,adjusted,channel,20476.06,nT
2026-04-13T16:18:00.000Z,BOU,X,adjusted,channel,20476.269,nT
2026-04-13T16:19:00.000Z,BOU,X,adjusted,channel,20476.175,nT
2026-04-13T16:20:00.000Z,BOU,X,adjusted,channel,20476.223,nT
2026-04-13T16:21:00.000Z,BOU,X,adjusted,channel,20476.174,nT
2026-04-13T16:22:00.000Z,BOU,X,adjusted,channel,20475.976,nT
2026-04-13T16:23:00.000Z,BOU,X,adjusted,channel,20475.908,nT
2026-04-13T16:24:00.000Z,BOU,X,adjusted,channel,20476.172,nT
2026-04-13T16:25:00.000Z,BOU,X,adjusted,channel,20476.421,nT
2026-04-13T16:26:00.000Z,BOU,X,adjusted,channel,20476.673,nT
2026-04-13T16:27:00.000Z,BOU,X,adjusted,channel,20476.715,nT
2026-04-13T16:28:00.000Z,BOU,X,adjusted,channel,20477.268,nT
2026-04-13T16:29:00.000Z,BOU,X,adjusted,channel,20477.846,nT
2026-04-13T16:30:00.000Z,BOU,X,adjusted,channel,20478.373,nT
2026-04-13T16:31:00.000Z,BOU,X,adjusted,channel,20478.118,nT
2026-04-13T16:32:00.000Z,BOU,X,adjusted,channel,20478.428,nT
2026-04-13T16:33:00.000Z,BOU,X,adjusted,channel,20478.261,nT
2026-04-13T16:34:00.000Z,BOU,X,adjusted,channel,20478.361,nT
2026-04-13T16:35:00.000Z,BOU,X,adjusted,channel,20478.381,nT
2026-04-13T16:36:00.000Z,BOU,X,adjusted,channel,20478.55,nT
2026-04-13T16:37:00.000Z,BOU,X,adjusted,channel,20478.524,nT
2026-04-13T16:38:00.000Z,BOU,X,adjusted,channel,20478.758,nT
2026-04-13T16:39:00.000Z,BOU,X,adjusted,channel,20479.041,nT
2026-04-13T16:40:00.000Z,BOU,X,adjusted,channel,20479.311,nT
2026-04-13T16:41:00.000Z,BOU,X,adjusted,channel,20479.39,nT
2026-04-13T16:42:00.000Z,BOU,X,adjusted,channel,20479.426,nT
2026-04-13T16:43:00.000Z,BOU,X,adjusted,channel,20479.473,nT
2026-04-13T16:44:00.000Z,BOU,X,adjusted,channel,20479.431,nT
2026-04-13T16:45:00.000Z,BOU,X,adjusted,channel,20479.356,nT
2026-04-13T16:46:00.000Z,BOU,X,adjusted,channel,20479.574,nT
2026-04-13T16:47:00.000Z,BOU,X,adjusted,channel,20479.66,nT
2026-04-13T16:48:00.000Z,BOU,X,adjusted,channel,20479.736,nT
2026-04-13T16:49:00.000Z,BOU,X,adjusted,channel,20479.97,nT
2026-04-13T16:50:00.000Z,BOU,X,adjusted,channel,20480.211,nT
2026-04-13T16:51:00.000Z,BOU,X,adjusted,channel,20480.392,nT
2026-04-13T16:52:00.000Z,BOU,X,adjusted,channel,20480.742,nT
2026-04-13T16:53:00.000Z,BOU,X,adjusted,channel,20481.329,nT
2026-04-13T16:54:00.000Z,BOU,X,adjusted,channel,20481.577,nT
2026-04-13T16:55:00.000Z,BOU,X,adjusted,channel,20482.045,nT
2026-04-13T16:56:00.000Z,BOU,X,adjusted,channel,20482.203,nT
2026-04-13T16:57:00.000Z,BOU,X,adjusted,channel,20482.145,nT
2026-04-13T16:58:00.000Z,BOU,X,adjusted,channel,20482.061,nT
2026-04-13T16:59:00.000Z,BOU,X,adjusted,channel,20482.065,nT
2026-04-13T17:00:00.000Z,BOU,X,adjusted,channel,20482.505,nT
2026-04-13T17:01:00.000Z,BOU,X,adjusted,channel,20482.736,nT
2026-04-13T17:02:00.000Z,BOU,X,adjusted,channel,20482.769,nT
2026-04-13T17:03:00.000Z,BOU,X,adjusted,channel,20482.687,nT
2026-04-13T17:04:00.000Z,BOU,X,adjusted,channel,20482.615,nT
2026-04-13T17:05:00.000Z,BOU,X,adjusted,channel,20482.723,nT
2026-04-13T17:06:00.000Z,BOU,X,adjusted,channel,20482.863,nT
2026-04-13T17:07:00.000Z,BOU,X,adjusted,channel,20482.921,nT
2026-04-13T17:08:00.000Z,BOU,X,adjusted,channel,20483.055,nT
2026-04-13T17:09:00.000Z,BOU,X,adjusted,channel,20483.553,nT
2026-04-13T17:10:00.000Z,BOU,X,adjusted,channel,20483.695,nT
2026-04-13T17:11:00.000Z,BOU,X,adjusted,channel,20483.773,nT
2026-04-13T17:12:00.000Z,BOU,X,adjusted,channel,20484.024,nT
2026-04-13T17:13:00.000Z,BOU,X,adjusted,channel,20484.126,nT
2026-04-13T17:14:00.000Z,BOU,X,adjusted,channel,20484.186,nT
2026-04-13T17:15:00.000Z,BOU,X,adjusted,channel,20484.244,nT
2026-04-13T17:16:00.000Z,BOU,X,adjusted,channel,20484.464,nT
2026-04-13T17:17:00.000Z,BOU,X,adjusted,channel,20484.79,nT
2026-04-13T17:18:00.000Z,BOU,X,adjusted,channel,20484.887,nT
2026-04-13T17:19:00.000Z,BOU,X,adjusted,channel,20484.97,nT
2026-04-13T17:20:00.000Z,BOU,X,adjusted,channel,20485.047,nT
2026-04-13T17:21:00.000Z,BOU,X,adjusted,channel,20484.957,nT
2026-04-13T17:22:00.000Z,BOU,X,adjusted,channel,20484.918,nT
2026-04-13T17:23:00.000Z,BOU,X,adjusted,channel,20484.998,nT
2026-04-13T17:24:00.000Z,BOU,X,adjusted,channel,20485.144,nT
2026-04-13T17:25:00.000Z,BOU,X,adjusted,channel,20485.536,nT
2026-04-13T17:26:00.000Z,BOU,X,adjusted,channel,20485.692,nT
2026-04-13T17:27:00.000Z,BOU,X,adjusted,channel,20485.892,nT
2026-04-13T17:28:00.000Z,BOU,X,adjusted,channel,20486.312,nT
2026-04-13T17:29:00.000Z,BOU,X,adjusted,channel,20486.675,nT
2026-04-13T17:30:00.000Z,BOU,X,adjusted,channel,20487.044,nT
2026-04-13T17:31:00.000Z,BOU,X,adjusted,channel,20487.02,nT
2026-04-13T17:32:00.000Z,BOU,X,adjusted,channel,20486.985,nT
2026-04-13T17:33:00.000Z,BOU,X,adjusted,channel,20487.072,nT
2026-04-13T17:34:00.000Z,BOU,X,adjusted,channel,20487.02,nT
2026-04-13T17:35:00.000Z,BOU,X,adjusted,channel,20486.843,nT
2026-04-13T17:36:00.000Z,BOU,X,adjusted,channel,20486.629,nT
2026-04-13T17:37:00.000Z,BOU,X,adjusted,channel,20486.56,nT
2026-04-13T17:38:00.000Z,BOU,X,adjusted,channel,20486.697,nT
2026-04-13T17:39:00.000Z,BOU,X,adjusted,channel,20486.98,nT
2026-04-13T17:40:00.000Z,BOU,X,adjusted,channel,20487.274,nT
2026-04-13T17:41:00.000Z,BOU,X,adjusted,channel,20487.741,nT
2026-04-13T17:42:00.000Z,BOU,X,adjusted,channel,20487.99,nT
2026-04-13T17:43:00.000Z,BOU,X,adjusted,channel,20488.186,nT
2026-04-13T17:44:00.000Z,BOU,X,adjusted,channel,20488.42,nT
2026-04-13T17:45:00.000Z,BOU,X,adjusted,channel,20488.557,nT
2026-04-13T17:46:00.000Z,BOU,X,adjusted,channel,20488.756,nT
2026-04-13T17:47:00.000Z,BOU,X,adjusted,channel,20489,nT
2026-04-13T17:48:00.000Z,BOU,X,adjusted,channel,20489.528,nT
2026-04-13T17:49:00.000Z,BOU,X,adjusted,channel,20490.007,nT
2026-04-13T17:50:00.000Z,BOU,X,adjusted,channel,20490.593,nT
2026-04-13T17:51:00.000Z,BOU,X,adjusted,channel,20490.786,nT
2026-04-13T17:52:00.000Z,BOU,X,adjusted,channel,20490.977,nT
2026-04-13T17:53:00.000Z,BOU,X,adjusted,channel,20491.242,nT
2026-04-13T17:54:00.000Z,BOU,X,adjusted,channel,20491.355,nT
2026-04-13T17:55:00.000Z,BOU,X,adjusted,channel,20491.386,nT
2026-04-13T17:56:00.000Z,BOU,X,adjusted,channel,20491.421,nT
2026-04-13T17:57:00.000Z,BOU,X,adjusted,channel,20491.495,nT
2026-04-13T17:58:00.000Z,BOU,X,adjusted,channel,20491.684,nT
2026-04-13T17:59:00.000Z,BOU,X,adjusted,channel,20491.95,nT
2026-04-13T18:00:00.000Z,BOU,X,adjusted,channel,20492.256,nT
2026-04-13T18:01:00.000Z,BOU,X,adjusted,channel,20492.374,nT
2026-04-13T18:02:00.000Z,BOU,X,adjusted,channel,20492.404,nT
2026-04-13T18:03:00.000Z,BOU,X,adjusted,channel,20492.529,nT
2026-04-13T18:04:00.000Z,BOU,X,adjusted,channel,20492.629,nT
2026-04-13T18:05:00.000Z,BOU,X,adjusted,channel,20492.751,nT
2026-04-13T18:06:00.000Z,BOU,X,adjusted,channel,20492.816,nT
2026-04-13T18:07:00.000Z,BOU,X,adjusted,channel,20492.917,nT
2026-04-13T18:08:00.000Z,BOU,X,adjusted,channel,20493.079,nT
2026-04-13T18:09:00.000Z,BOU,X,adjusted,channel,20493.015,nT
2026-04-13T18:10:00.000Z,BOU,X,adjusted,channel,20493.022,nT
2026-04-13T18:11:00.000Z,BOU,X,adjusted,channel,20493.155,nT
2026-04-13T18:12:00.000Z,BOU,X,adjusted,channel,20493.329,nT
2026-04-13T18:13:00.000Z,BOU,X,adjusted,channel,20493.426,nT
2026-04-13T18:14:00.000Z,BOU,X,adjusted,channel,20493.614,nT
2026-04-13T18:15:00.000Z,BOU,X,adjusted,channel,20493.91,nT
2026-04-13T18:16:00.000Z,BOU,X,adjusted,channel,20493.901,nT
2026-04-13T18:17:00.000Z,BOU,X,adjusted,channel,20493.868,nT
2026-04-13T18:18:00.000Z,BOU,X,adjusted,channel,20493.941,nT
2026-04-13T18:19:00.000Z,BOU,X,adjusted,channel,20493.907,nT
2026-04-13T18:20:00.000Z,BOU,X,adjusted,channel,20493.82,nT
2026-04-13T18:21:00.000Z,BOU,X,adjusted,channel,20493.881,nT
2026-04-13T18:22:00.000Z,BOU,X,adjusted,channel,20493.943,nT
2026-04-13T18:23:00.000Z,BOU,X,adjusted,channel,20493.813,nT
2026-04-13T18:24:00.000Z,BOU,X,adjusted,channel,20493.797,nT
2026-04-13T18:25:00.000Z,BOU,X,adjusted,channel,20493.822,nT
2026-04-13T18:26:00.000Z,BOU,X,adjusted,channel,20493.872,nT
2026-04-13T18:27:00.000Z,BOU,X,adjusted,channel,20493.937,nT
2026-04-13T18:28:00.000Z,BOU,X,adjusted,channel,20493.807,nT
2026-04-13T18:29:00.000Z,BOU,X,adjusted,channel,20493.665,nT
2026-04-13T18:30:00.000Z,BOU,X,adjusted,channel,20493.748,nT
2026-04-13T18:31:00.000Z,BOU,X,adjusted,channel,20493.879,nT
2026-04-13T18:32:00.000Z,BOU,X,adjusted,channel,20493.858,nT
2026-04-13T18:33:00.000Z,BOU,X,adjusted,channel,20493.856,nT
2026-04-13T18:34:00.000Z,BOU,X,adjusted,channel,20493.882,nT
2026-04-13T18:35:00.000Z,BOU,X,adjusted,channel,20494.006,nT
2026-04-13T18:36:00.000Z,BOU,X,adjusted,channel,20494.164,nT
2026-04-13T18:37:00.000Z,BOU,X,adjusted,channel,20494.247,nT
2026-04-13T18:38:00.000Z,BOU,X,adjusted,channel,20494.328,nT
2026-04-13T18:39:00.000Z,BOU,X,adjusted,channel,20494.449,nT
2026-04-13T18:40:00.000Z,BOU,X,adjusted,channel,20494.603,nT
2026-04-13T18:41:00.000Z,BOU,X,adjusted,channel,20494.174,nT
2026-04-13T18:42:00.000Z,BOU,X,adjusted,channel,20494.268,nT
2026-04-13T18:43:00.000Z,BOU,X,adjusted,channel,20494.536,nT
2026-04-13T18:44:00.000Z,BOU,X,adjusted,channel,20494.622,nT
2026-04-13T18:45:00.000Z,BOU,X,adjusted,channel,20494.352,nT
2026-04-13T18:46:00.000Z,BOU,X,adjusted,channel,20494.13,nT
2026-04-13T18:47:00.000Z,BOU,X,adjusted,channel,20494.088,nT
2026-04-13T18:48:00.000Z,BOU,X,adjusted,channel,20493.793,nT
2026-04-13T18:49:00.000Z,BOU,X,adjusted,channel,20493.656,nT
2026-04-13T18:50:00.000Z,BOU,X,adjusted,channel,20493.467,nT
2026-04-13T18:51:00.000Z,BOU,X,adjusted,channel,20493.16,nT
2026-04-13T18:52:00.000Z,BOU,X,adjusted,channel,20492.984,nT
2026-04-13T18:53:00.000Z,BOU,X,adjusted,channel,20492.792,nT
2026-04-13T18:54:00.000Z,BOU,X,adjusted,channel,20492.486,nT
2026-04-13T18:55:00.000Z,BOU,X,adjusted,channel,20491.949,nT
2026-04-13T18:56:00.000Z,BOU,X,adjusted,channel,20491.424,nT
2026-04-13T18:57:00.000Z,BOU,X,adjusted,channel,20491.104,nT
2026-04-13T18:58:00.000Z,BOU,X,adjusted,channel,20490.958,nT
2026-04-13T18:59:00.000Z,BOU,X,adjusted,channel,20490.811,nT
2026-04-13T19:00:00.000Z,BOU,X,adjusted,channel,20490.663,nT
2026-04-13T19:01:00.000Z,BOU,X,adjusted,channel,20490.503,nT
2026-04-13T19:02:00.000Z,BOU,X,adjusted,channel,20490.267,nT
2026-04-13T19:03:00.000Z,BOU,X,adjusted,channel,20490.391,nT
2026-04-13T19:04:00.000Z,BOU,X,adjusted,channel,20490.441,nT
2026-04-13T19:05:00.000Z,BOU,X,adjusted,channel,20490.689,nT
2026-04-13T19:06:00.000Z,BOU,X,adjusted,channel,20490.937,nT
2026-04-13T19:07:00.000Z,BOU,X,adjusted,channel,20490.893,nT
2026-04-13T19:08:00.000Z,BOU,X,adjusted,channel,20491.055,nT
2026-04-13T19:09:00.000Z,BOU,X,adjusted,channel,20491.041,nT
2026-04-13T19:10:00.000Z,BOU,X,adjusted,channel,20491.089,nT
2026-04-13T19:11:00.000Z,BOU,X,adjusted,channel,20491.45,nT
2026-04-13T19:12:00.000Z,BOU,X,adjusted,channel,20491.836,nT
2026-04-13T19:13:00.000Z,BOU,X,adjusted,channel,20491.856,nT
2026-04-13T19:14:00.000Z,BOU,X,adjusted,channel,20491.881,nT
2026-04-13T19:15:00.000Z,BOU,X,adjusted,channel,20492.242,nT
2026-04-13T19:16:00.000Z,BOU,X,adjusted,channel,20492.54,nT
2026-04-13T19:17:00.000Z,BOU,X,adjusted,channel,20492.729,nT
2026-04-13T19:18:00.000Z,BOU,X,adjusted,channel,20492.844,nT
2026-04-13T19:19:00.000Z,BOU,X,adjusted,channel,20492.934,nT
2026-04-13T19:20:00.000Z,BOU,X,adjusted,channel,20492.89,nT
2026-04-13T19:21:00.000Z,BOU,X,adjusted,channel,20492.943,nT
2026-04-13T19:22:00.000Z,BOU,X,adjusted,channel,20492.92,nT
2026-04-13T19:23:00.000Z,BOU,X,adjusted,channel,20492.787,nT
2026-04-13T19:24:00.000Z,BOU,X,adjusted,channel,20492.408,nT
2026-04-13T19:25:00.000Z,BOU,X,adjusted,channel,20492.304,nT
2026-04-13T19:26:00.000Z,BOU,X,adjusted,channel,20492.059,nT
2026-04-13T19:27:00.000Z,BOU,X,adjusted,channel,20491.975,nT
2026-04-13T19:28:00.000Z,BOU,X,adjusted,channel,20491.93,nT
2026-04-13T19:29:00.000Z,BOU,X,adjusted,channel,20491.864,nT
2026-04-13T19:30:00.000Z,BOU,X,adjusted,channel,20491.652,nT
2026-04-13T19:31:00.000Z,BOU,X,adjusted,channel,20491.558,nT
2026-04-13T19:32:00.000Z,BOU,X,adjusted,channel,20491.564,nT
2026-04-13T19:33:00.000Z,BOU,X,adjusted,channel,20491.624,nT
2026-04-13T19:34:00.000Z,BOU,X,adjusted,channel,20491.775,nT
2026-04-13T19:35:00.000Z,BOU,X,adjusted,channel,20491.939,nT
2026-04-13T19:36:00.000Z,BOU,X,adjusted,channel,20492.572,nT
2026-04-13T19:37:00.000Z,BOU,X,adjusted,channel,20492.877,nT
2026-04-13T19:38:00.000Z,BOU,X,adjusted,channel,20493.139,nT
2026-04-13T19:39:00.000Z,BOU,X,adjusted,channel,20493.358,nT
2026-04-13T19:40:00.000Z,BOU,X,adjusted,channel,20493.432,nT
2026-04-13T19:41:00.000Z,BOU,X,adjusted,channel,20493.506,nT
2026-04-13T19:42:00.000Z,BOU,X,adjusted,channel,20493.286,nT
2026-04-13T19:43:00.000Z,BOU,X,adjusted,channel,20492.953,nT
2026-04-13T19:44:00.000Z,BOU,X,adjusted,channel,20492.896,nT
2026-04-13T19:45:00.000Z,BOU,X,adjusted,channel,20492.561,nT
2026-04-13T19:46:00.000Z,BOU,X,adjusted,channel,20492.037,nT
2026-04-13T19:47:00.000Z,BOU,X,adjusted,channel,20491.78,nT
2026-04-13T19:48:00.000Z,BOU,X,adjusted,channel,20491.375,nT
2026-04-13T19:49:00.000Z,BOU,X,adjusted,channel,20490.858,nT
2026-04-13T19:50:00.000Z,BOU,X,adjusted,channel,20490.981,nT
2026-04-13T19:51:00.000Z,BOU,X,adjusted,channel,20490.491,nT
2026-04-13T19:52:00.000Z,BOU,X,adjusted,channel,20490.301,nT
2026-04-13T19:53:00.000Z,BOU,X,adjusted,channel,20489.683,nT
2026-04-13T19:54:00.000Z,BOU,X,adjusted,channel,20489.6,nT
2026-04-13T19:55:00.000Z,BOU,X,adjusted,channel,20489.63,nT
2026-04-13T19:56:00.000Z,BOU,X,adjusted,channel,20490.071,nT
2026-04-13T19:57:00.000Z,BOU,X,adjusted,channel,20490.46,nT
2026-04-13T19:58:00.000Z,BOU,X,adjusted,channel,20490.955,nT
2026-04-13T19:59:00.000Z,BOU,X,adjusted,channel,20491.412,nT
2026-04-13T20:00:00.000Z,BOU,X,adjusted,channel,20491.184,nT
2026-04-13T20:01:00.000Z,BOU,X,adjusted,channel,20491.434,nT
2026-04-13T20:02:00.000Z,BOU,X,adjusted,channel,20490.854,nT
2026-04-13T20:03:00.000Z,BOU,X,adjusted,channel,20490.759,nT
2026-04-13T20:04:00.000Z,BOU,X,adjusted,channel,20490.823,nT
2026-04-13T20:05:00.000Z,BOU,X,adjusted,channel,20490.642,nT
2026-04-13T20:06:00.000Z,BOU,X,adjusted,channel,20490.891,nT
2026-04-13T20:07:00.000Z,BOU,X,adjusted,channel,20490.725,nT
2026-04-13T20:08:00.000Z,BOU,X,adjusted,channel,20491.069,nT
2026-04-13T20:09:00.000Z,BOU,X,adjusted,channel,20490.785,nT
2026-04-13T20:10:00.000Z,BOU,X,adjusted,channel,20490.918,nT
2026-04-13T20:11:00.000Z,BOU,X,adjusted,channel,20491,nT
2026-04-13T20:12:00.000Z,BOU,X,adjusted,channel,20490.931,nT
2026-04-13T20:13:00.000Z,BOU,X,adjusted,channel,20491.138,nT
2026-04-13T20:14:00.000Z,BOU,X,adjusted,channel,20490.891,nT
2026-04-13T20:15:00.000Z,BOU,X,adjusted,channel,20490.909,nT
2026-04-13T20:16:00.000Z,BOU,X,adjusted,channel,20490.906,nT
2026-04-13T20:17:00.000Z,BOU,X,adjusted,channel,20490.863,nT
2026-04-13T20:18:00.000Z,BOU,X,adjusted,channel,20490.977,nT
2026-04-13T20:19:00.000Z,BOU,X,adjusted,channel,20491.128,nT
2026-04-13T20:20:00.000Z,BOU,X,adjusted,channel,20491.13,nT
2026-04-13T20:21:00.000Z,BOU,X,adjusted,channel,20491.472,nT
2026-04-13T20:22:00.000Z,BOU,X,adjusted,channel,20491.659,nT
2026-04-13T20:23:00.000Z,BOU,X,adjusted,channel,20491.754,nT
2026-04-13T20:24:00.000Z,BOU,X,adjusted,channel,20491.519,nT
2026-04-13T20:25:00.000Z,BOU,X,adjusted,channel,20491.564,nT
2026-04-13T20:26:00.000Z,BOU,X,adjusted,channel,20491.816,nT
2026-04-13T20:27:00.000Z,BOU,X,adjusted,channel,20491.576,nT
2026-04-13T20:28:00.000Z,BOU,X,adjusted,channel,20491.618,nT
2026-04-13T20:29:00.000Z,BOU,X,adjusted,channel,20491.465,nT
2026-04-13T20:30:00.000Z,BOU,X,adjusted,channel,20491.281,nT
2026-04-13T20:31:00.000Z,BOU,X,adjusted,channel,20491.334,nT
2026-04-13T20:32:00.000Z,BOU,X,adjusted,channel,20491.241,nT
2026-04-13T20:33:00.000Z,BOU,X,adjusted,channel,20491.144,nT
2026-04-13T20:34:00.000Z,BOU,X,adjusted,channel,20491.476,nT
2026-04-13T20:35:00.000Z,BOU,X,adjusted,channel,20491.22,nT
2026-04-13T20:36:00.000Z,BOU,X,adjusted,channel,20491.458,nT
2026-04-13T20:37:00.000Z,BOU,X,adjusted,channel,20491.341,nT
2026-04-13T20:38:00.000Z,BOU,X,adjusted,channel,20491.107,nT
2026-04-13T20:39:00.000Z,BOU,X,adjusted,channel,20490.735,nT
2026-04-13T20:40:00.000Z,BOU,X,adjusted,channel,20490.868,nT
2026-04-13T20:41:00.000Z,BOU,X,adjusted,channel,20490.483,nT
2026-04-13T20:42:00.000Z,BOU,X,adjusted,channel,20490.324,nT
2026-04-13T20:43:00.000Z,BOU,X,adjusted,channel,20490.187,nT
2026-04-13T20:44:00.000Z,BOU,X,adjusted,channel,20490.357,nT
2026-04-13T20:45:00.000Z,BOU,X,adjusted,channel,20490.404,nT
2026-04-13T20:46:00.000Z,BOU,X,adjusted,channel,20490.502,nT
2026-04-13T20:47:00.000Z,BOU,X,adjusted,channel,20490.863,nT
2026-04-13T20:48:00.000Z,BOU,X,adjusted,channel,20491.58,nT
2026-04-13T20:49:00.000Z,BOU,X,adjusted,channel,20491.796,nT
2026-04-13T20:50:00.000Z,BOU,X,adjusted,channel,20491.69,nT
2026-04-13T20:51:00.000Z,BOU,X,adjusted,channel,20491.296,nT
2026-04-13T20:52:00.000Z,BOU,X,adjusted,channel,20491.213,nT
2026-04-13T20:53:00.000Z,BOU,X,adjusted,channel,20491.566,nT
2026-04-13T20:54:00.000Z,BOU,X,adjusted,channel,20491.329,nT
2026-04-13T20:55:00.000Z,BOU,X,adjusted,channel,20491.077,nT
2026-04-13T20:56:00.000Z,BOU,X,adjusted,channel,20491.085,nT
2026-04-13T20:57:00.000Z,BOU,X,adjusted,channel,20491.008,nT
2026-04-13T20:58:00.000Z,BOU,X,adjusted,channel,20490.774,nT
2026-04-13T20:59:00.000Z,BOU,X,adjusted,channel,20491.507,nT
2026-04-13T21:00:00.000Z,BOU,X,adjusted,channel,20491.217,nT
2026-04-13T21:01:00.000Z,BOU,X,adjusted,channel,20491.375,nT
2026-04-13T21:02:00.000Z,BOU,X,adjusted,channel,20491.635,nT
2026-04-13T21:03:00.000Z,BOU,X,adjusted,channel,20492.063,nT
2026-04-13T21:04:00.000Z,BOU,X,adjusted,channel,20492.324,nT
2026-04-13T21:05:00.000Z,BOU,X,adjusted,channel,20493.242,nT
2026-04-13T21:06:00.000Z,BOU,X,adjusted,channel,20493.727,nT
2026-04-13T21:07:00.000Z,BOU,X,adjusted,channel,20493.739,nT
2026-04-13T21:08:00.000Z,BOU,X,adjusted,channel,20494.282,nT
2026-04-13T21:09:00.000Z,BOU,X,adjusted,channel,20494.64,nT
2026-04-13T21:10:00.000Z,BOU,X,adjusted,channel,20494.974,nT
2026-04-13T21:11:00.000Z,BOU,X,adjusted,channel,20495.404,nT
2026-04-13T21:12:00.000Z,BOU,X,adjusted,channel,20495.96,nT
2026-04-13T21:13:00.000Z,BOU,X,adjusted,channel,20495.531,nT
2026-04-13T21:14:00.000Z,BOU,X,adjusted,channel,20495.198,nT
2026-04-13T21:15:00.000Z,BOU,X,adjusted,channel,20495.081,nT
2026-04-13T21:16:00.000Z,BOU,X,adjusted,channel,20494.183,nT
2026-04-13T21:17:00.000Z,BOU,X,adjusted,channel,20494.125,nT
2026-04-13T21:18:00.000Z,BOU,X,adjusted,channel,20493.935,nT
2026-04-13T21:19:00.000Z,BOU,X,adjusted,channel,20493.754,nT
2026-04-13T21:20:00.000Z,BOU,X,adjusted,channel,20494.067,nT
2026-04-13T21:21:00.000Z,BOU,X,adjusted,channel,20493.523,nT
2026-04-13T21:22:00.000Z,BOU,X,adjusted,channel,20494.123,nT
2026-04-13T21:23:00.000Z,BOU,X,adjusted,channel,20494.246,nT
2026-04-13T21:24:00.000Z,BOU,X,adjusted,channel,20494.197,nT
2026-04-13T21:25:00.000Z,BOU,X,adjusted,channel,20494.532,nT
2026-04-13T21:26:00.000Z,BOU,X,adjusted,channel,20494.765,nT
2026-04-13T21:27:00.000Z,BOU,X,adjusted,channel,20495.06,nT
2026-04-13T21:28:00.000Z,BOU,X,adjusted,channel,20495.336,nT
2026-04-13T21:29:00.000Z,BOU,X,adjusted,channel,20494.799,nT
2026-04-13T21:30:00.000Z,BOU,X,adjusted,channel,20493.745,nT
2026-04-13T21:31:00.000Z,BOU,X,adjusted,channel,20493.698,nT
2026-04-13T21:32:00.000Z,BOU,X,adjusted,channel,20493.42,nT
2026-04-13T21:33:00.000Z,BOU,X,adjusted,channel,20493.224,nT
2026-04-13T21:34:00.000Z,BOU,X,adjusted,channel,20493.462,nT
2026-04-13T21:35:00.000Z,BOU,X,adjusted,channel,20493.593,nT
2026-04-13T21:36:00.000Z,BOU,X,adjusted,channel,20493.887,nT
2026-04-13T21:37:00.000Z,BOU,X,adjusted,channel,20494.074,nT
2026-04-13T21:38:00.000Z,BOU,X,adjusted,channel,20493.943,nT
2026-04-13T21:39:00.000Z,BOU,X,adjusted,channel,20494.121,nT
2026-04-13T21:40:00.000Z,BOU,X,adjusted,channel,20493.986,nT
2026-04-13T21:41:00.000Z,BOU,X,adjusted,channel,20493.745,nT
2026-04-13T21:42:00.000Z,BOU,X,adjusted,channel,20494.079,nT
2026-04-13T21:43:00.000Z,BOU,X,adjusted,channel,20493.738,nT
2026-04-13T21:44:00.000Z,BOU,X,adjusted,channel,20493.892,nT
2026-04-13T21:45:00.000Z,BOU,X,adjusted,channel,20493.684,nT
2026-04-13T21:46:00.000Z,BOU,X,adjusted,channel,20493.757,nT
2026-04-13T21:47:00.000Z,BOU,X,adjusted,channel,20494.12,nT
2026-04-13T21:48:00.000Z,BOU,X,adjusted,channel,20494.476,nT
2026-04-13T21:49:00.000Z,BOU,X,adjusted,channel,20494.987,nT
2026-04-13T21:50:00.000Z,BOU,X,adjusted,channel,20495.39,nT
2026-04-13T21:51:00.000Z,BOU,X,adjusted,channel,20496.024,nT
2026-04-13T21:52:00.000Z,BOU,X,adjusted,channel,20496.131,nT
2026-04-13T21:53:00.000Z,BOU,X,adjusted,channel,20496.824,nT
2026-04-13T21:54:00.000Z,BOU,X,adjusted,channel,20496.912,nT
2026-04-13T21:55:00.000Z,BOU,X,adjusted,channel,20497.521,nT
2026-04-13T21:56:00.000Z,BOU,X,adjusted,channel,20498.147,nT
2026-04-13T21:57:00.000Z,BOU,X,adjusted,channel,20498.205,nT
2026-04-13T21:58:00.000Z,BOU,X,adjusted,channel,20498.993,nT
2026-04-13T21:59:00.000Z,BOU,X,adjusted,channel,20499.06,nT
2026-04-13T22:00:00.000Z,BOU,X,adjusted,channel,20498.995,nT
2026-04-13T22:01:00.000Z,BOU,X,adjusted,channel,20498.77,nT
2026-04-13T22:02:00.000Z,BOU,X,adjusted,channel,20498.141,nT
2026-04-13T22:03:00.000Z,BOU,X,adjusted,channel,20497.735,nT
2026-04-13T22:04:00.000Z,BOU,X,adjusted,channel,20497.13,nT
2026-04-13T22:05:00.000Z,BOU,X,adjusted,channel,20497.162,nT
2026-04-13T22:06:00.000Z,BOU,X,adjusted,channel,20497.181,nT
2026-04-13T22:07:00.000Z,BOU,X,adjusted,channel,20497.288,nT
2026-04-13T22:08:00.000Z,BOU,X,adjusted,channel,20497.049,nT
2026-04-13T22:09:00.000Z,BOU,X,adjusted,channel,20496.405,nT
2026-04-13T22:10:00.000Z,BOU,X,adjusted,channel,20496.417,nT
2026-04-13T22:11:00.000Z,BOU,X,adjusted,channel,20496.088,nT
2026-04-13T22:12:00.000Z,BOU,X,adjusted,channel,20495.525,nT
2026-04-13T22:13:00.000Z,BOU,X,adjusted,channel,20495.89,nT
2026-04-13T22:14:00.000Z,BOU,X,adjusted,channel,20495.709,nT
2026-04-13T22:15:00.000Z,BOU,X,adjusted,channel,20495.915,nT
2026-04-13T22:16:00.000Z,BOU,X,adjusted,channel,20495.529,nT
2026-04-13T22:17:00.000Z,BOU,X,adjusted,channel,20495.568,nT
2026-04-13T22:18:00.000Z,BOU,X,adjusted,channel,20495.745,nT
2026-04-13T22:19:00.000Z,BOU,X,adjusted,channel,20495.527,nT
2026-04-13T22:20:00.000Z,BOU,X,adjusted,channel,20495.506,nT
2026-04-13T22:21:00.000Z,BOU,X,adjusted,channel,20495.745,nT
2026-04-13T22:22:00.000Z,BOU,X,adjusted,channel,20495.963,nT
2026-04-13T22:23:00.000Z,BOU,X,adjusted,channel,20496.367,nT
2026-04-13T22:24:00.000Z,BOU,X,adjusted,channel,20497.229,nT
2026-04-13T22:25:00.000Z,BOU,X,adjusted,channel,20497.21,nT
2026-04-13T22:26:00.000Z,BOU,X,adjusted,channel,20496.844,nT
2026-04-13T22:27:00.000Z,BOU,X,adjusted,channel,20496.326,nT
2026-04-13T22:28:00.000Z,BOU,X,adjusted,channel,20495.859,nT
2026-04-13T22:29:00.000Z,BOU,X,adjusted,channel,20495.804,nT
2026-04-13T22:30:00.000Z,BOU,X,adjusted,channel,20496.017,nT
2026-04-13T22:31:00.000Z,BOU,X,adjusted,channel,20496.435,nT
2026-04-13T22:32:00.000Z,BOU,X,adjusted,channel,20497.118,nT
2026-04-13T22:33:00.000Z,BOU,X,adjusted,channel,20497.041,nT
2026-04-13T22:34:00.000Z,BOU,X,adjusted,channel,20497.668,nT
2026-04-13T22:35:00.000Z,BOU,X,adjusted,channel,20497.555,nT
2026-04-13T22:36:00.000Z,BOU,X,adjusted,channel,20498.137,nT
2026-04-13T22:37:00.000Z,BOU,X,adjusted,channel,20498.276,nT
2026-04-13T22:38:00.000Z,BOU,X,adjusted,channel,20498.19,nT
2026-04-13T22:39:00.000Z,BOU,X,adjusted,channel,20497.809,nT
2026-04-13T22:40:00.000Z,BOU,X,adjusted,channel,20497.849,nT
2026-04-13T22:41:00.000Z,BOU,X,adjusted,channel,20497.523,nT
2026-04-13T22:42:00.000Z,BOU,X,adjusted,channel,20497.856,nT
2026-04-13T22:43:00.000Z,BOU,X,adjusted,channel,20497.636,nT
2026-04-13T22:44:00.000Z,BOU,X,adjusted,channel,20497.948,nT
2026-04-13T22:45:00.000Z,BOU,X,adjusted,channel,20498.304,nT
2026-04-13T22:46:00.000Z,BOU,X,adjusted,channel,20498.534,nT
2026-04-13T22:47:00.000Z,BOU,X,adjusted,channel,20498.372,nT
2026-04-13T22:48:00.000Z,BOU,X,adjusted,channel,20498.246,nT
2026-04-13T22:49:00.000Z,BOU,X,adjusted,channel,20498.181,nT
2026-04-13T22:50:00.000Z,BOU,X,adjusted,channel,20498.134,nT
2026-04-13T22:51:00.000Z,BOU,X,adjusted,channel,20498.856,nT
2026-04-13T22:52:00.000Z,BOU,X,adjusted,channel,20499.094,nT
2026-04-13T22:53:00.000Z,BOU,X,adjusted,channel,20499.484,nT
2026-04-13T22:54:00.000Z,BOU,X,adjusted,channel,20499.941,nT
2026-04-13T22:55:00.000Z,BOU,X,adjusted,channel,20499.756,nT
2026-04-13T22:56:00.000Z,BOU,X,adjusted,channel,20499.805,nT
2026-04-13T22:57:00.000Z,BOU,X,adjusted,channel,20499.692,nT
2026-04-13T22:58:00.000Z,BOU,X,adjusted,channel,20499.604,nT
2026-04-13T22:59:00.000Z,BOU,X,adjusted,channel,20499.525,nT
2026-04-13T23:00:00.000Z,BOU,X,adjusted,channel,20499.398,nT
2026-04-13T23:01:00.000Z,BOU,X,adjusted,channel,20499.506,nT
2026-04-13T23:02:00.000Z,BOU,X,adjusted,channel,20499.047,nT
2026-04-13T23:03:00.000Z,BOU,X,adjusted,channel,20499.04,nT
2026-04-13T23:04:00.000Z,BOU,X,adjusted,channel,20499.15,nT
2026-04-13T23:05:00.000Z,BOU,X,adjusted,channel,20499.351,nT
2026-04-13T23:06:00.000Z,BOU,X,adjusted,channel,20498.818,nT
2026-04-13T23:07:00.000Z,BOU,X,adjusted,channel,20498.882,nT
2026-04-13T23:08:00.000Z,BOU,X,adjusted,channel,20498.316,nT
2026-04-13T23:09:00.000Z,BOU,X,adjusted,channel,20498.106,nT
2026-04-13T23:10:00.000Z,BOU,X,adjusted,channel,20498.464,nT
2026-04-13T23:11:00.000Z,BOU,X,adjusted,channel,20498.947,nT
2026-04-13T23:12:00.000Z,BOU,X,adjusted,channel,20498.733,nT
2026-04-13T23:13:00.000Z,BOU,X,adjusted,channel,20499.065,nT
2026-04-13T23:14:00.000Z,BOU,X,adjusted,channel,20499.288,nT
2026-04-13T23:15:00.000Z,BOU,X,adjusted,channel,20499.782,nT
2026-04-13T23:16:00.000Z,BOU,X,adjusted,channel,20500.145,nT
2026-04-13T23:17:00.000Z,BOU,X,adjusted,channel,20500.664,nT
2026-04-13T23:18:00.000Z,BOU,X,adjusted,channel,20500.756,nT
2026-04-13T23:19:00.000Z,BOU,X,adjusted,channel,20500.904,nT
2026-04-13T23:20:00.000Z,BOU,X,adjusted,channel,20501.217,nT
2026-04-13T23:21:00.000Z,BOU,X,adjusted,channel,20501.406,nT
2026-04-13T23:22:00.000Z,BOU,X,adjusted,channel,20501.717,nT
2026-04-13T23:23:00.000Z,BOU,X,adjusted,channel,20502.135,nT
2026-04-13T23:24:00.000Z,BOU,X,adjusted,channel,20501.657,nT
2026-04-13T23:25:00.000Z,BOU,X,adjusted,channel,20501.334,nT
2026-04-13T23:26:00.000Z,BOU,X,adjusted,channel,20500.519,nT
2026-04-13T23:27:00.000Z,BOU,X,adjusted,channel,20499.948,nT
2026-04-13T23:28:00.000Z,BOU,X,adjusted,channel,20499.744,nT
2026-04-13T23:29:00.000Z,BOU,X,adjusted,channel,20499.466,nT
2026-04-13T23:30:00.000Z,BOU,X,adjusted,channel,20499.846,nT
2026-04-13T23:31:00.000Z,BOU,X,adjusted,channel,20500.08,nT
2026-04-13T23:32:00.000Z,BOU,X,adjusted,channel,20499.936,nT
2026-04-13T23:33:00.000Z,BOU,X,adjusted,channel,20500.102,nT
2026-04-13T23:34:00.000Z,BOU,X,adjusted,channel,20499.806,nT
2026-04-13T23:35:00.000Z,BOU,X,adjusted,channel,20499.66,nT
2026-04-13T23:36:00.000Z,BOU,X,adjusted,channel,20499.505,nT
2026-04-13T23:37:00.000Z,BOU,X,adjusted,channel,20499.316,nT
2026-04-13T23:38:00.000Z,BOU,X,adjusted,channel,20499.696,nT
2026-04-13T23:39:00.000Z,BOU,X,adjusted,channel,20499.158,nT
2026-04-13T23:40:00.000Z,BOU,X,adjusted,channel,20499.271,nT
2026-04-13T23:41:00.000Z,BOU,X,adjusted,channel,20498.537,nT
2026-04-13T23:42:00.000Z,BOU,X,adjusted,channel,20498.252,nT
2026-04-13T23:43:00.000Z,BOU,X,adjusted,channel,20497.512,nT
2026-04-13T23:44:00.000Z,BOU,X,adjusted,channel,20497.777,nT
2026-04-13T23:45:00.000Z,BOU,X,adjusted,channel,20497.731,nT
2026-04-13T23:46:00.000Z,BOU,X,adjusted,channel,20498.099,nT
2026-04-13T23:47:00.000Z,BOU,X,adjusted,channel,20498.307,nT
2026-04-13T23:48:00.000Z,BOU,X,adjusted,channel,20498.399,nT
2026-04-13T23:49:00.000Z,BOU,X,adjusted,channel,20498.605,nT
2026-04-13T23:50:00.000Z,BOU,X,adjusted,channel,20498.12,nT
2026-04-13T23:51:00.000Z,BOU,X,adjusted,channel,20497.695,nT
2026-04-13T23:52:00.000Z,BOU,X,adjusted,channel,20497.211,nT
2026-04-13T23:53:00.000Z,BOU,X,adjusted,channel,20496.957,nT
2026-04-13T23:54:00.000Z,BOU,X,adjusted,channel,20496.697,nT
2026-04-13T23:55:00.000Z,BOU,X,adjusted,channel,20497.168,nT
2026-04-13T23:56:00.000Z,BOU,X,adjusted,channel,20497.464,nT
2026-04-13T23:57:00.000Z,BOU,X,adjusted,channel,20497.94,nT
2026-04-13T23:58:00.000Z,BOU,X,adjusted,channel,20498.31,nT
2026-04-13T23:59:00.000Z,BOU,X,adjusted,channel,20498.645,nT
2026-04-14T00:00:00.000Z,BOU,X,adjusted,channel,20498.418,nT
2026-04-14T00:01:00.000Z,BOU,X,adjusted,channel,20498.491,nT
2026-04-14T00:02:00.000Z,BOU,X,adjusted,channel,20498.392,nT
2026-04-14T00:03:00.000Z,BOU,X,adjusted,channel,20498.359,nT
2026-04-14T00:04:00.000Z,BOU,X,adjusted,channel,20498.896,nT
2026-04-14T00:05:00.000Z,BOU,X,adjusted,channel,20499.696,nT
2026-04-14T00:06:00.000Z,BOU,X,adjusted,channel,20500.45,nT
2026-04-14T00:07:00.000Z,BOU,X,adjusted,channel,20500.943,nT
2026-04-14T00:08:00.000Z,BOU,X,adjusted,channel,20501.093,nT
2026-04-14T00:09:00.000Z,BOU,X,adjusted,channel,20500.681,nT
2026-04-14T00:10:00.000Z,BOU,X,adjusted,channel,20500.006,nT
2026-04-14T00:11:00.000Z,BOU,X,adjusted,channel,20499.384,nT
2026-04-14T00:12:00.000Z,BOU,X,adjusted,channel,20498.953,nT
2026-04-14T00:13:00.000Z,BOU,X,adjusted,channel,20497.961,nT
2026-04-14T00:14:00.000Z,BOU,X,adjusted,channel,20497.726,nT
2026-04-14T00:15:00.000Z,BOU,X,adjusted,channel,20497.927,nT
2026-04-14T00:16:00.000Z,BOU,X,adjusted,channel,20498.294,nT
2026-04-14T00:17:00.000Z,BOU,X,adjusted,channel,20498.881,nT
2026-04-14T00:18:00.000Z,BOU,X,adjusted,channel,20499.063,nT
2026-04-14T00:19:00.000Z,BOU,X,adjusted,channel,20498.857,nT
2026-04-14T00:20:00.000Z,BOU,X,adjusted,channel,20498.518,nT
2026-04-14T00:21:00.000Z,BOU,X,adjusted,channel,20498.189,nT
2026-04-14T00:22:00.000Z,BOU,X,adjusted,channel,20498.494,nT
2026-04-14T00:23:00.000Z,BOU,X,adjusted,channel,20498.635,nT
2026-04-14T00:24:00.000Z,BOU,X,adjusted,channel,20498.174,nT
2026-04-14T00:25:00.000Z,BOU,X,adjusted,channel,20497.48,nT
2026-04-14T00:26:00.000Z,BOU,X,adjusted,channel,20497.457,nT
2026-04-14T00:27:00.000Z,BOU,X,adjusted,channel,20497.289,nT
2026-04-14T00:28:00.000Z,BOU,X,adjusted,channel,20496.762,nT
2026-04-14T00:29:00.000Z,BOU,X,adjusted,channel,20496.812,nT
2026-04-14T00:30:00.000Z,BOU,X,adjusted,channel,20497.133,nT
2026-04-14T00:31:00.000Z,BOU,X,adjusted,channel,20496.143,nT
2026-04-14T00:32:00.000Z,BOU,X,adjusted,channel,20496.709,nT
2026-04-14T00:33:00.000Z,BOU,X,adjusted,channel,20496.809,nT
2026-04-14T00:34:00.000Z,BOU,X,adjusted,channel,20496.493,nT
2026-04-14T00:35:00.000Z,BOU,X,adjusted,channel,20496.204,nT
2026-04-14T00:36:00.000Z,BOU,X,adjusted,channel,20496.468,nT
2026-04-14T00:37:00.000Z,BOU,X,adjusted,channel,20496.102,nT
2026-04-14T00:38:00.000Z,BOU,X,adjusted,channel,20495.312,nT
2026-04-14T00:39:00.000Z,BOU,X,adjusted,channel,20494.77,nT
2026-04-14T00:40:00.000Z,BOU,X,adjusted,channel,20494.419,nT
2026-04-14T00:41:00.000Z,BOU,X,adjusted,channel,20494.544,nT
2026-04-14T00:42:00.000Z,BOU,X,adjusted,channel,20493.666,nT
2026-04-14T00:43:00.000Z,BOU,X,adjusted,channel,20493.401,nT
2026-04-14T00:44:00.000Z,BOU,X,adjusted,channel,20493.168,nT
2026-04-14T00:45:00.000Z,BOU,X,adjusted,channel,20493.539,nT
2026-04-14T00:46:00.000Z,BOU,X,adjusted,channel,20493.628,nT
2026-04-14T00:47:00.000Z,BOU,X,adjusted,channel,20493.246,nT
2026-04-14T00:48:00.000Z,BOU,X,adjusted,channel,20493.666,nT
2026-04-14T00:49:00.000Z,BOU,X,adjusted,channel,20493.798,nT
2026-04-14T00:50:00.000Z,BOU,X,adjusted,channel,20494.443,nT
2026-04-14T00:51:00.000Z,BOU,X,adjusted,channel,20494.456,nT
2026-04-14T00:52:00.000Z,BOU,X,adjusted,channel,20495.064,nT
2026-04-14T00:53:00.000Z,BOU,X,adjusted,channel,20495.158,nT
2026-04-14T00:54:00.000Z,BOU,X,adjusted,channel,20495.142,nT
2026-04-14T00:55:00.000Z,BOU,X,adjusted,channel,20495.551,nT
2026-04-14T00:56:00.000Z,BOU,X,adjusted,channel,20495.283,nT
2026-04-14T00:57:00.000Z,BOU,X,adjusted,channel,20495.419,nT
2026-04-14T00:58:00.000Z,BOU,X,adjusted,channel,20495.399,nT
2026-04-14T00:59:00.000Z,BOU,X,adjusted,channel,20495.752,nT
2026-04-14T01:00:00.000Z,BOU,X,adjusted,channel,20495.646,nT
2026-04-14T01:01:00.000Z,BOU,X,adjusted,channel,20496.176,nT
2026-04-14T01:02:00.000Z,BOU,X,adjusted,channel,20496.425,nT
2026-04-14T01:03:00.000Z,BOU,X,adjusted,channel,20496.801,nT
2026-04-14T01:04:00.000Z,BOU,X,adjusted,channel,20496.543,nT
2026-04-14T01:05:00.000Z,BOU,X,adjusted,channel,20497.085,nT
2026-04-14T01:06:00.000Z,BOU,X,adjusted,channel,20496.769,nT
2026-04-14T01:07:00.000Z,BOU,X,adjusted,channel,20496.872,nT
2026-04-14T01:08:00.000Z,BOU,X,adjusted,channel,20496.358,nT
2026-04-14T01:09:00.000Z,BOU,X,adjusted,channel,20496.057,nT
2026-04-14T01:10:00.000Z,BOU,X,adjusted,channel,20495.696,nT
2026-04-14T01:11:00.000Z,BOU,X,adjusted,channel,20495.583,nT
2026-04-14T01:12:00.000Z,BOU,X,adjusted,channel,20495.515,nT
2026-04-14T01:13:00.000Z,BOU,X,adjusted,channel,20495.628,nT
2026-04-14T01:14:00.000Z,BOU,X,adjusted,channel,20495.883,nT
2026-04-14T01:15:00.000Z,BOU,X,adjusted,channel,20496.047,nT
2026-04-14T01:16:00.000Z,BOU,X,adjusted,channel,20496.568,nT
2026-04-14T01:17:00.000Z,BOU,X,adjusted,channel,20496.55,nT
2026-04-14T01:18:00.000Z,BOU,X,adjusted,channel,20496.689,nT
2026-04-14T01:19:00.000Z,BOU,X,adjusted,channel,20496.735,nT
2026-04-14T01:20:00.000Z,BOU,X,adjusted,channel,20496.853,nT
2026-04-14T01:21:00.000Z,BOU,X,adjusted,channel,20497.023,nT
2026-04-14T01:22:00.000Z,BOU,X,adjusted,channel,20496.866,nT
2026-04-14T01:23:00.000Z,BOU,X,adjusted,channel,20496.838,nT
2026-04-14T01:24:00.000Z,BOU,X,adjusted,channel,20496.738,nT
2026-04-14T01:25:00.000Z,BOU,X,adjusted,channel,20496.961,nT
2026-04-14T01:26:00.000Z,BOU,X,adjusted,channel,20496.468,nT
2026-04-14T01:27:00.000Z,BOU,X,adjusted,channel,20496.76,nT
2026-04-14T01:28:00.000Z,BOU,X,adjusted,channel,20496.342,nT
2026-04-14T01:29:00.000Z,BOU,X,adjusted,channel,20496.348,nT
2026-04-14T01:30:00.000Z,BOU,X,adjusted,channel,20496.198,nT
2026-04-14T01:31:00.000Z,BOU,X,adjusted,channel,20495.997,nT
2026-04-14T01:32:00.000Z,BOU,X,adjusted,channel,20496.073,nT
2026-04-14T01:33:00.000Z,BOU,X,adjusted,channel,20496.123,nT
2026-04-14T01:34:00.000Z,BOU,X,adjusted,channel,20496.356,nT
2026-04-14T01:35:00.000Z,BOU,X,adjusted,channel,20496.338,nT
2026-04-14T01:36:00.000Z,BOU,X,adjusted,channel,20496.516,nT
2026-04-14T01:37:00.000Z,BOU,X,adjusted,channel,20496.593,nT
2026-04-14T01:38:00.000Z,BOU,X,adjusted,channel,20496.392,nT
2026-04-14T01:39:00.000Z,BOU,X,adjusted,channel,20496.575,nT
2026-04-14T01:40:00.000Z,BOU,X,adjusted,channel,20496.408,nT
2026-04-14T01:41:00.000Z,BOU,X,adjusted,channel,20496.523,nT
2026-04-14T01:42:00.000Z,BOU,X,adjusted,channel,20496.344,nT
2026-04-14T01:43:00.000Z,BOU,X,adjusted,channel,20496.663,nT
2026-04-14T01:44:00.000Z,BOU,X,adjusted,channel,20496.494,nT
2026-04-14T01:45:00.000Z,BOU,X,adjusted,channel,20496.759,nT
2026-04-14T01:46:00.000Z,BOU,X,adjusted,channel,20496.566,nT
2026-04-14T01:47:00.000Z,BOU,X,adjusted,channel,20496.303,nT
2026-04-14T01:48:00.000Z,BOU,X,adjusted,channel,20496.521,nT
2026-04-14T01:49:00.000Z,BOU,X,adjusted,channel,20496.481,nT
2026-04-14T01:50:00.000Z,BOU,X,adjusted,channel,20496.681,nT
2026-04-14T01:51:00.000Z,BOU,X,adjusted,channel,20496.659,nT
2026-04-14T01:52:00.000Z,BOU,X,adjusted,channel,20496.531,nT
2026-04-14T01:53:00.000Z,BOU,X,adjusted,channel,20496.641,nT
2026-04-14T01:54:00.000Z,BOU,X,adjusted,channel,20496.999,nT
2026-04-14T01:55:00.000Z,BOU,X,adjusted,channel,20496.571,nT
2026-04-14T01:56:00.000Z,BOU,X,adjusted,channel,20496.662,nT
2026-04-14T01:57:00.000Z,BOU,X,adjusted,channel,20496.615,nT
2026-04-14T01:58:00.000Z,BOU,X,adjusted,channel,20496.88,nT
2026-04-14T01:59:00.000Z,BOU,X,adjusted,channel,20496.53,nT
2026-04-14T02:00:00.000Z,BOU,X,adjusted,channel,20496.83,nT
2026-04-14T02:01:00.000Z,BOU,X,adjusted,channel,20496.812,nT
2026-04-14T02:02:00.000Z,BOU,X,adjusted,channel,20497.138,nT
2026-04-14T02:03:00.000Z,BOU,X,adjusted,channel,20496.682,nT
2026-04-14T02:04:00.000Z,BOU,X,adjusted,channel,20497.27,nT
2026-04-14T02:05:00.000Z,BOU,X,adjusted,channel,20496.853,nT
2026-04-14T02:06:00.000Z,BOU,X,adjusted,channel,20496.825,nT
2026-04-14T02:07:00.000Z,BOU,X,adjusted,channel,20496.688,nT
2026-04-14T02:08:00.000Z,BOU,X,adjusted,channel,20496.695,nT
2026-04-14T02:09:00.000Z,BOU,X,adjusted,channel,20496.41,nT
2026-04-14T02:10:00.000Z,BOU,X,adjusted,channel,20496.933,nT
2026-04-14T02:11:00.000Z,BOU,X,adjusted,channel,20496.784,nT
2026-04-14T02:12:00.000Z,BOU,X,adjusted,channel,20497.211,nT
2026-04-14T02:13:00.000Z,BOU,X,adjusted,channel,20497.283,nT
2026-04-14T02:14:00.000Z,BOU,X,adjusted,channel,20497.766,nT
2026-04-14T02:15:00.000Z,BOU,X,adjusted,channel,20498.135,nT
2026-04-14T02:16:00.000Z,BOU,X,adjusted,channel,20498.288,nT
2026-04-14T02:17:00.000Z,BOU,X,adjusted,channel,20498.634,nT
2026-04-14T02:18:00.000Z,BOU,X,adjusted,channel,20498.706,nT
2026-04-14T02:19:00.000Z,BOU,X,adjusted,channel,20499.053,nT
2026-04-14T02:20:00.000Z,BOU,X,adjusted,channel,20499.185,nT
2026-04-14T02:21:00.000Z,BOU,X,adjusted,channel,20499.046,nT
2026-04-14T02:22:00.000Z,BOU,X,adjusted,channel,20499.372,nT
2026-04-14T02:23:00.000Z,BOU,X,adjusted,channel,20499.057,nT
2026-04-14T02:24:00.000Z,BOU,X,adjusted,channel,20499.067,nT
2026-04-14T02:25:00.000Z,BOU,X,adjusted,channel,20498.894,nT
2026-04-14T02:26:00.000Z,BOU,X,adjusted,channel,20499.093,nT
2026-04-14T02:27:00.000Z,BOU,X,adjusted,channel,20498.977,nT
2026-04-14T02:28:00.000Z,BOU,X,adjusted,channel,20498.967,nT
2026-04-14T02:29:00.000Z,BOU,X,adjusted,channel,20498.853,nT
2026-04-14T02:30:00.000Z,BOU,X,adjusted,channel,20499.018,nT
2026-04-14T02:31:00.000Z,BOU,X,adjusted,channel,20498.98,nT
2026-04-14T02:32:00.000Z,BOU,X,adjusted,channel,20498.969,nT
2026-04-14T02:33:00.000Z,BOU,X,adjusted,channel,20498.841,nT
2026-04-14T02:34:00.000Z,BOU,X,adjusted,channel,20498.832,nT
2026-04-14T02:35:00.000Z,BOU,X,adjusted,channel,20498.775,nT
2026-04-14T02:36:00.000Z,BOU,X,adjusted,channel,20498.814,nT
2026-04-14T02:37:00.000Z,BOU,X,adjusted,channel,20498.839,nT
2026-04-14T02:38:00.000Z,BOU,X,adjusted,channel,20498.9,nT
2026-04-14T02:39:00.000Z,BOU,X,adjusted,channel,20499.055,nT
2026-04-14T02:40:00.000Z,BOU,X,adjusted,channel,20498.914,nT
2026-04-14T02:41:00.000Z,BOU,X,adjusted,channel,20498.848,nT
2026-04-14T02:42:00.000Z,BOU,X,adjusted,channel,20498.945,nT
2026-04-14T02:43:00.000Z,BOU,X,adjusted,channel,20499.061,nT
2026-04-14T02:44:00.000Z,BOU,X,adjusted,channel,20499.074,nT
2026-04-14T02:45:00.000Z,BOU,X,adjusted,channel,20499.118,nT
2026-04-14T02:46:00.000Z,BOU,X,adjusted,channel,20499.309,nT
2026-04-14T02:47:00.000Z,BOU,X,adjusted,channel,20499.563,nT
2026-04-14T02:48:00.000Z,BOU,X,adjusted,channel,20499.727,nT
2026-04-14T02:49:00.000Z,BOU,X,adjusted,channel,20499.808,nT
2026-04-14T02:50:00.000Z,BOU,X,adjusted,channel,20499.863,nT
2026-04-14T02:51:00.000Z,BOU,X,adjusted,channel,20499.776,nT
2026-04-14T02:52:00.000Z,BOU,X,adjusted,channel,20499.851,nT
2026-04-14T02:53:00.000Z,BOU,X,adjusted,channel,20499.876,nT
2026-04-14T02:54:00.000Z,BOU,X,adjusted,channel,20499.782,nT
2026-04-14T02:55:00.000Z,BOU,X,adjusted,channel,20499.523,nT
2026-04-14T02:56:00.000Z,BOU,X,adjusted,channel,20499.126,nT
2026-04-14T02:57:00.000Z,BOU,X,adjusted,channel,20498.904,nT
2026-04-14T02:58:00.000Z,BOU,X,adjusted,channel,20499.031,nT
2026-04-14T02:59:00.000Z,BOU,X,adjusted,channel,20499.077,nT
2026-04-14T03:00:00.000Z,BOU,X,adjusted,channel,20499.292,nT
2026-04-14T03:01:00.000Z,BOU,X,adjusted,channel,20499.463,nT
2026-04-14T03:02:00.000Z,BOU,X,adjusted,channel,20499.624,nT
2026-04-14T03:03:00.000Z,BOU,X,adjusted,channel,20499.613,nT
2026-04-14T03:04:00.000Z,BOU,X,adjusted,channel,20499.601,nT
2026-04-14T03:05:00.000Z,BOU,X,adjusted,channel,20499.554,nT
2026-04-14T03:06:00.000Z,BOU,X,adjusted,channel,20499.612,nT
2026-04-14T03:07:00.000Z,BOU,X,adjusted,channel,20499.644,nT
2026-04-14T03:08:00.000Z,BOU,X,adjusted,channel,20499.703,nT
2026-04-14T03:09:00.000Z,BOU,X,adjusted,channel,20499.731,nT
2026-04-14T03:10:00.000Z,BOU,X,adjusted,channel,20499.669,nT
2026-04-14T03:11:00.000Z,BOU,X,adjusted,channel,20499.697,nT
2026-04-14T03:12:00.000Z,BOU,X,adjusted,channel,20499.69,nT
2026-04-14T03:13:00.000Z,BOU,X,adjusted,channel,20499.81,nT
2026-04-14T03:14:00.000Z,BOU,X,adjusted,channel,20499.812,nT
2026-04-14T03:15:00.000Z,BOU,X,adjusted,channel,20499.728,nT
2026-04-14T03:16:00.000Z,BOU,X,adjusted,channel,20499.466,nT
2026-04-14T03:17:00.000Z,BOU,X,adjusted,channel,20499.183,nT
2026-04-14T03:18:00.000Z,BOU,X,adjusted,channel,20499.017,nT
2026-04-14T03:19:00.000Z,BOU,X,adjusted,channel,20499.065,nT
2026-04-14T03:20:00.000Z,BOU,X,adjusted,channel,20499.164,nT
2026-04-14T03:21:00.000Z,BOU,X,adjusted,channel,20499.32,nT
2026-04-14T03:22:00.000Z,BOU,X,adjusted,channel,20499.408,nT
2026-04-14T03:23:00.000Z,BOU,X,adjusted,channel,20499.427,nT
2026-04-14T03:24:00.000Z,BOU,X,adjusted,channel,20499.395,nT
2026-04-14T03:25:00.000Z,BOU,X,adjusted,channel,20499.223,nT
2026-04-14T03:26:00.000Z,BOU,X,adjusted,channel,20499.363,nT
2026-04-14T03:27:00.000Z,BOU,X,adjusted,channel,20499.391,nT
2026-04-14T03:28:00.000Z,BOU,X,adjusted,channel,20499.328,nT
2026-04-14T03:29:00.000Z,BOU,X,adjusted,channel,20499.265,nT
2026-04-14T03:30:00.000Z,BOU,X,adjusted,channel,20499.139,nT
2026-04-14T03:31:00.000Z,BOU,X,adjusted,channel,20499.044,nT
2026-04-14T03:32:00.000Z,BOU,X,adjusted,channel,20498.907,nT
2026-04-14T03:33:00.000Z,BOU,X,adjusted,channel,20498.739,nT
2026-04-14T03:34:00.000Z,BOU,X,adjusted,channel,20498.58,nT
2026-04-14T03:35:00.000Z,BOU,X,adjusted,channel,20498.527,nT
2026-04-14T03:36:00.000Z,BOU,X,adjusted,channel,20498.376,nT
2026-04-14T03:37:00.000Z,BOU,X,adjusted,channel,20498.387,nT
2026-04-14T03:38:00.000Z,BOU,X,adjusted,channel,20498.236,nT
2026-04-14T03:39:00.000Z,BOU,X,adjusted,channel,20498.277,nT
2026-04-14T03:40:00.000Z,BOU,X,adjusted,channel,20498.188,nT
2026-04-14T03:41:00.000Z,BOU,X,adjusted,channel,20497.935,nT
2026-04-14T03:42:00.000Z,BOU,X,adjusted,channel,20497.858,nT
2026-04-14T03:43:00.000Z,BOU,X,adjusted,channel,20497.968,nT
2026-04-14T03:44:00.000Z,BOU,X,adjusted,channel,20498.082,nT
2026-04-14T03:45:00.000Z,BOU,X,adjusted,channel,20498.118,nT
2026-04-14T03:46:00.000Z,BOU,X,adjusted,channel,20498.151,nT
2026-04-14T03:47:00.000Z,BOU,X,adjusted,channel,20498.165,nT
2026-04-14T03:48:00.000Z,BOU,X,adjusted,channel,20498.095,nT
2026-04-14T03:49:00.000Z,BOU,X,adjusted,channel,20498.174,nT
2026-04-14T03:50:00.000Z,BOU,X,adjusted,channel,20498.408,nT
2026-04-14T03:51:00.000Z,BOU,X,adjusted,channel,20498.524,nT
2026-04-14T03:52:00.000Z,BOU,X,adjusted,channel,20498.592,nT
2026-04-14T03:53:00.000Z,BOU,X,adjusted,channel,20498.666,nT
2026-04-14T03:54:00.000Z,BOU,X,adjusted,channel,20498.677,nT
2026-04-14T03:55:00.000Z,BOU,X,adjusted,channel,20498.44,nT
2026-04-14T03:56:00.000Z,BOU,X,adjusted,channel,20498.327,nT
2026-04-14T03:57:00.000Z,BOU,X,adjusted,channel,20498.076,nT
2026-04-14T03:58:00.000Z,BOU,X,adjusted,channel,20497.873,nT
2026-04-14T03:59:00.000Z,BOU,X,adjusted,channel,20497.774,nT
2026-04-14T04:00:00.000Z,BOU,X,adjusted,channel,20497.652,nT
2026-04-14T04:01:00.000Z,BOU,X,adjusted,channel,20497.711,nT
2026-04-14T04:02:00.000Z,BOU,X,adjusted,channel,20497.759,nT
2026-04-14T04:03:00.000Z,BOU,X,adjusted,channel,20497.973,nT
2026-04-14T04:04:00.000Z,BOU,X,adjusted,channel,20498.033,nT
2026-04-14T04:05:00.000Z,BOU,X,adjusted,channel,20498.093,nT
2026-04-14T04:06:00.000Z,BOU,X,adjusted,channel,20498.114,nT
2026-04-14T04:07:00.000Z,BOU,X,adjusted,channel,20498.185,nT
2026-04-14T04:08:00.000Z,BOU,X,adjusted,channel,20498.229,nT
2026-04-14T04:09:00.000Z,BOU,X,adjusted,channel,20498.125,nT
2026-04-14T04:10:00.000Z,BOU,X,adjusted,channel,20498.042,nT
2026-04-14T04:11:00.000Z,BOU,X,adjusted,channel,20497.812,nT
2026-04-14T04:12:00.000Z,BOU,X,adjusted,channel,20497.841,nT
2026-04-14T04:13:00.000Z,BOU,X,adjusted,channel,20497.592,nT
2026-04-14T04:14:00.000Z,BOU,X,adjusted,channel,20497.767,nT
2026-04-14T04:15:00.000Z,BOU,X,adjusted,channel,20497.687,nT
2026-04-14T04:16:00.000Z,BOU,X,adjusted,channel,20497.664,nT
2026-04-14T04:17:00.000Z,BOU,X,adjusted,channel,20497.835,nT
2026-04-14T04:18:00.000Z,BOU,X,adjusted,channel,20497.954,nT
2026-04-14T04:19:00.000Z,BOU,X,adjusted,channel,20497.968,nT
2026-04-14T04:20:00.000Z,BOU,X,adjusted,channel,20498.122,nT
2026-04-14T04:21:00.000Z,BOU,X,adjusted,channel,20498.03,nT
2026-04-14T04:22:00.000Z,BOU,X,adjusted,channel,20498.147,nT
2026-04-14T04:23:00.000Z,BOU,X,adjusted,channel,20498.129,nT
2026-04-14T04:24:00.000Z,BOU,X,adjusted,channel,20498.196,nT
2026-04-14T04:25:00.000Z,BOU,X,adjusted,channel,20498.308,nT
2026-04-14T04:26:00.000Z,BOU,X,adjusted,channel,20498.485,nT
2026-04-14T04:27:00.000Z,BOU,X,adjusted,channel,20498.692,nT
2026-04-14T04:28:00.000Z,BOU,X,adjusted,channel,20498.994,nT
2026-04-14T04:29:00.000Z,BOU,X,adjusted,channel,20499.195,nT
2026-04-14T04:30:00.000Z,BOU,X,adjusted,channel,20499.36,nT
2026-04-14T04:31:00.000Z,BOU,X,adjusted,channel,20499.338,nT
2026-04-14T04:32:00.000Z,BOU,X,adjusted,channel,20499.428,nT
2026-04-14T04:33:00.000Z,BOU,X,adjusted,channel,20499.417,nT
2026-04-14T04:34:00.000Z,BOU,X,adjusted,channel,20499.266,nT
2026-04-14T04:35:00.000Z,BOU,X,adjusted,channel,20499.228,nT
2026-04-14T04:36:00.000Z,BOU,X,adjusted,channel,20499.136,nT
2026-04-14T04:37:00.000Z,BOU,X,adjusted,channel,20498.907,nT
2026-04-14T04:38:00.000Z,BOU,X,adjusted,channel,20498.937,nT
2026-04-14T04:39:00.000Z,BOU,X,adjusted,channel,20498.793,nT
2026-04-14T04:40:00.000Z,BOU,X,adjusted,channel,20498.79,nT
2026-04-14T04:41:00.000Z,BOU,X,adjusted,channel,20498.883,nT
2026-04-14T04:42:00.000Z,BOU,X,adjusted,channel,20498.897,nT
2026-04-14T04:43:00.000Z,BOU,X,adjusted,channel,20498.719,nT
2026-04-14T04:44:00.000Z,BOU,X,adjusted,channel,20498.66,nT
2026-04-14T04:45:00.000Z,BOU,X,adjusted,channel,20498.79,nT
2026-04-14T04:46:00.000Z,BOU,X,adjusted,channel,20498.416,nT
2026-04-14T04:47:00.000Z,BOU,X,adjusted,channel,20498.489,nT
2026-04-14T04:48:00.000Z,BOU,X,adjusted,channel,20498.101,nT
2026-04-14T04:49:00.000Z,BOU,X,adjusted,channel,20497.945,nT
2026-04-14T04:50:00.000Z,BOU,X,adjusted,channel,20497.848,nT
2026-04-14T04:51:00.000Z,BOU,X,adjusted,channel,20497.36,nT
2026-04-14T04:52:00.000Z,BOU,X,adjusted,channel,20497.536,nT
2026-04-14T04:53:00.000Z,BOU,X,adjusted,channel,20496.924,nT
2026-04-14T04:54:00.000Z,BOU,X,adjusted,channel,20496.91,nT
2026-04-14T04:55:00.000Z,BOU,X,adjusted,channel,20497.177,nT
2026-04-14T04:56:00.000Z,BOU,X,adjusted,channel,20496.959,nT
2026-04-14T04:57:00.000Z,BOU,X,adjusted,channel,20497.298,nT
2026-04-14T04:58:00.000Z,BOU,X,adjusted,channel,20497.232,nT
2026-04-14T04:59:00.000Z,BOU,X,adjusted,channel,20497.258,nT
2026-04-14T05:00:00.000Z,BOU,X,adjusted,channel,20497.28,nT
2026-04-14T05:01:00.000Z,BOU,X,adjusted,channel,20497.38,nT
2026-04-14T05:02:00.000Z,BOU,X,adjusted,channel,20497.492,nT
2026-04-14T05:03:00.000Z,BOU,X,adjusted,channel,20497.315,nT
2026-04-14T05:04:00.000Z,BOU,X,adjusted,channel,20497.395,nT
2026-04-14T05:05:00.000Z,BOU,X,adjusted,channel,20497.51,nT
2026-04-14T05:06:00.000Z,BOU,X,adjusted,channel,20497.447,nT
2026-04-14T05:07:00.000Z,BOU,X,adjusted,channel,20497.488,nT
2026-04-14T05:08:00.000Z,BOU,X,adjusted,channel,20497.224,nT
2026-04-14T05:09:00.000Z,BOU,X,adjusted,channel,20497.497,nT
2026-04-14T05:10:00.000Z,BOU,X,adjusted,channel,20497.322,nT
2026-04-14T05:11:00.000Z,BOU,X,adjusted,channel,20497.119,nT
2026-04-14T05:12:00.000Z,BOU,X,adjusted,channel,20497.508,nT
2026-04-14T05:13:00.000Z,BOU,X,adjusted,channel,20497.202,nT
2026-04-14T05:14:00.000Z,BOU,X,adjusted,channel,20497.605,nT
2026-04-14T05:15:00.000Z,BOU,X,adjusted,channel,20497.53,nT
2026-04-14T05:16:00.000Z,BOU,X,adjusted,channel,20497.388,nT
2026-04-14T05:17:00.000Z,BOU,X,adjusted,channel,20497.292,nT
2026-04-14T05:18:00.000Z,BOU,X,adjusted,channel,20496.888,nT
2026-04-14T05:19:00.000Z,BOU,X,adjusted,channel,20497.303,nT
2026-04-14T05:20:00.000Z,BOU,X,adjusted,channel,20497.104,nT
2026-04-14T05:21:00.000Z,BOU,X,adjusted,channel,20497.123,nT
2026-04-14T05:22:00.000Z,BOU,X,adjusted,channel,20497.464,nT
2026-04-14T05:23:00.000Z,BOU,X,adjusted,channel,20497.183,nT
2026-04-14T05:24:00.000Z,BOU,X,adjusted,channel,20497.338,nT
2026-04-14T05:25:00.000Z,BOU,X,adjusted,channel,20497.344,nT
2026-04-14T05:26:00.000Z,BOU,X,adjusted,channel,20497.386,nT
2026-04-14T05:27:00.000Z,BOU,X,adjusted,channel,20497.637,nT
2026-04-14T05:28:00.000Z,BOU,X,adjusted,channel,20497.646,nT
2026-04-14T05:29:00.000Z,BOU,X,adjusted,channel,20497.852,nT
2026-04-14T05:30:00.000Z,BOU,X,adjusted,channel,20497.74,nT
2026-04-14T05:31:00.000Z,BOU,X,adjusted,channel,20497.652,nT
2026-04-14T05:32:00.000Z,BOU,X,adjusted,channel,20497.418,nT
2026-04-14T05:33:00.000Z,BOU,X,adjusted,channel,20497.564,nT
2026-04-14T05:34:00.000Z,BOU,X,adjusted,channel,20497.729,nT
2026-04-14T05:35:00.000Z,BOU,X,adjusted,channel,20497.938,nT
2026-04-14T05:36:00.000Z,BOU,X,adjusted,channel,20498.313,nT
2026-04-14T05:37:00.000Z,BOU,X,adjusted,channel,20498.486,nT
2026-04-14T05:38:00.000Z,BOU,X,adjusted,channel,20498.839,nT
2026-04-14T05:39:00.000Z,BOU,X,adjusted,channel,20499.23,nT
2026-04-14T05:40:00.000Z,BOU,X,adjusted,channel,20499.359,nT
2026-04-14T05:41:00.000Z,BOU,X,adjusted,channel,20499.582,nT
2026-04-14T05:42:00.000Z,BOU,X,adjusted,channel,20499.599,nT
2026-04-14T05:43:00.000Z,BOU,X,adjusted,channel,20499.59,nT
2026-04-14T05:44:00.000Z,BOU,X,adjusted,channel,20499.448,nT
2026-04-14T05:45:00.000Z,BOU,X,adjusted,channel,20499.453,nT
2026-04-14T05:46:00.000Z,BOU,X,adjusted,channel,20499.409,nT
2026-04-14T05:47:00.000Z,BOU,X,adjusted,channel,20499.427,nT
2026-04-14T05:48:00.000Z,BOU,X,adjusted,channel,20499.404,nT
2026-04-14T05:49:00.000Z,BOU,X,adjusted,channel,20499.435,nT
2026-04-14T05:50:00.000Z,BOU,X,adjusted,channel,20499.534,nT
2026-04-14T05:51:00.000Z,BOU,X,adjusted,channel,20499.611,nT
2026-04-14T05:52:00.000Z,BOU,X,adjusted,channel,20499.488,nT
2026-04-14T05:53:00.000Z,BOU,X,adjusted,channel,20499.304,nT
2026-04-14T05:54:00.000Z,BOU,X,adjusted,channel,20499.165,nT
2026-04-14T05:55:00.000Z,BOU,X,adjusted,channel,20499.106,nT
2026-04-14T05:56:00.000Z,BOU,X,adjusted,channel,20499.135,nT
2026-04-14T05:57:00.000Z,BOU,X,adjusted,channel,20499.037,nT
2026-04-14T05:58:00.000Z,BOU,X,adjusted,channel,20498.937,nT
2026-04-14T05:59:00.000Z,BOU,X,adjusted,channel,20498.877,nT
2026-04-14T06:00:00.000Z,BOU,X,adjusted,channel,20498.808,nT
2026-04-14T06:01:00.000Z,BOU,X,adjusted,channel,20498.75,nT
2026-04-14T06:02:00.000Z,BOU,X,adjusted,channel,20498.637,nT
2026-04-14T06:03:00.000Z,BOU,X,adjusted,channel,20498.602,nT
2026-04-14T06:04:00.000Z,BOU,X,adjusted,channel,20498.582,nT
2026-04-14T06:05:00.000Z,BOU,X,adjusted,channel,20498.503,nT
2026-04-14T06:06:00.000Z,BOU,X,adjusted,channel,20498.582,nT
2026-04-14T06:07:00.000Z,BOU,X,adjusted,channel,20498.383,nT
2026-04-14T06:08:00.000Z,BOU,X,adjusted,channel,20498.435,nT
2026-04-14T06:09:00.000Z,BOU,X,adjusted,channel,20498.763,nT
2026-04-14T06:10:00.000Z,BOU,X,adjusted,channel,20498.512,nT
2026-04-14T06:11:00.000Z,BOU,X,adjusted,channel,20498.558,nT
2026-04-14T06:12:00.000Z,BOU,X,adjusted,channel,20498.764,nT
2026-04-14T06:13:00.000Z,BOU,X,adjusted,channel,20498.787,nT
2026-04-14T06:14:00.000Z,BOU,X,adjusted,channel,20498.718,nT
2026-04-14T06:15:00.000Z,BOU,X,adjusted,channel,20498.564,nT
2026-04-14T06:16:00.000Z,BOU,X,adjusted,channel,20498.594,nT
2026-04-14T06:17:00.000Z,BOU,X,adjusted,channel,20498.68,nT
2026-04-14T06:18:00.000Z,BOU,X,adjusted,channel,20498.563,nT
2026-04-14T06:19:00.000Z,BOU,X,adjusted,channel,20498.569,nT
2026-04-14T06:20:00.000Z,BOU,X,adjusted,channel,20498.587,nT
2026-04-14T06:21:00.000Z,BOU,X,adjusted,channel,20498.514,nT
2026-04-14T06:22:00.000Z,BOU,X,adjusted,channel,20498.458,nT
2026-04-14T06:23:00.000Z,BOU,X,adjusted,channel,20498.656,nT
2026-04-14T06:24:00.000Z,BOU,X,adjusted,channel,20498.645,nT
2026-04-14T06:25:00.000Z,BOU,X,adjusted,channel,20498.597,nT
2026-04-14T06:26:00.000Z,BOU,X,adjusted,channel,20498.577,nT
2026-04-14T06:27:00.000Z,BOU,X,adjusted,channel,20498.704,nT
2026-04-14T06:28:00.000Z,BOU,X,adjusted,channel,20498.514,nT
2026-04-14T06:29:00.000Z,BOU,X,adjusted,channel,20498.306,nT
2026-04-14T06:30:00.000Z,BOU,X,adjusted,channel,20498.222,nT
2026-04-14T06:31:00.000Z,BOU,X,adjusted,channel,20497.957,nT
2026-04-14T06:32:00.000Z,BOU,X,adjusted,channel,20498.041,nT
2026-04-14T06:33:00.000Z,BOU,X,adjusted,channel,20497.997,nT
2026-04-14T06:34:00.000Z,BOU,X,adjusted,channel,20497.977,nT
2026-04-14T06:35:00.000Z,BOU,X,adjusted,channel,20497.989,nT
2026-04-14T06:36:00.000Z,BOU,X,adjusted,channel,20497.895,nT
2026-04-14T06:37:00.000Z,BOU,X,adjusted,channel,20497.955,nT
2026-04-14T06:38:00.000Z,BOU,X,adjusted,channel,20498.03,nT
2026-04-14T06:39:00.000Z,BOU,X,adjusted,channel,20497.996,nT
2026-04-14T06:40:00.000Z,BOU,X,adjusted,channel,20497.923,nT
2026-04-14T06:41:00.000Z,BOU,X,adjusted,channel,20497.901,nT
2026-04-14T06:42:00.000Z,BOU,X,adjusted,channel,20497.821,nT
2026-04-14T06:43:00.000Z,BOU,X,adjusted,channel,20497.816,nT
2026-04-14T06:44:00.000Z,BOU,X,adjusted,channel,20497.862,nT
2026-04-14T06:45:00.000Z,BOU,X,adjusted,channel,20497.853,nT
2026-04-14T06:46:00.000Z,BOU,X,adjusted,channel,20497.992,nT
2026-04-14T06:47:00.000Z,BOU,X,adjusted,channel,20498.017,nT
2026-04-14T06:48:00.000Z,BOU,X,adjusted,channel,20497.922,nT
2026-04-14T06:49:00.000Z,BOU,X,adjusted,channel,20498.394,nT
2026-04-14T06:50:00.000Z,BOU,X,adjusted,channel,20498.765,nT
2026-04-14T06:51:00.000Z,BOU,X,adjusted,channel,20498.86,nT
2026-04-14T06:52:00.000Z,BOU,X,adjusted,channel,20498.873,nT
2026-04-14T06:53:00.000Z,BOU,X,adjusted,channel,20498.971,nT
2026-04-14T06:54:00.000Z,BOU,X,adjusted,channel,20499.058,nT
2026-04-14T06:55:00.000Z,BOU,X,adjusted,channel,20499.302,nT
2026-04-14T06:56:00.000Z,BOU,X,adjusted,channel,20499.59,nT
2026-04-14T06:57:00.000Z,BOU,X,adjusted,channel,20499.713,nT
2026-04-14T06:58:00.000Z,BOU,X,adjusted,channel,20499.929,nT
2026-04-14T06:59:00.000Z,BOU,X,adjusted,channel,20500.023,nT
2026-04-14T07:00:00.000Z,BOU,X,adjusted,channel,20499.96,nT
2026-04-14T07:01:00.000Z,BOU,X,adjusted,channel,20499.884,nT
2026-04-14T07:02:00.000Z,BOU,X,adjusted,channel,20499.869,nT
2026-04-14T07:03:00.000Z,BOU,X,adjusted,channel,20499.891,nT
2026-04-14T07:04:00.000Z,BOU,X,adjusted,channel,20499.783,nT
2026-04-14T07:05:00.000Z,BOU,X,adjusted,channel,20499.702,nT
2026-04-14T07:06:00.000Z,BOU,X,adjusted,channel,20499.621,nT
2026-04-14T07:07:00.000Z,BOU,X,adjusted,channel,20499.594,nT
2026-04-14T07:08:00.000Z,BOU,X,adjusted,channel,20499.579,nT
2026-04-14T07:09:00.000Z,BOU,X,adjusted,channel,20499.498,nT
2026-04-14T07:10:00.000Z,BOU,X,adjusted,channel,20499.485,nT
2026-04-14T07:11:00.000Z,BOU,X,adjusted,channel,20499.514,nT
2026-04-14T07:12:00.000Z,BOU,X,adjusted,channel,20499.48,nT
2026-04-14T07:13:00.000Z,BOU,X,adjusted,channel,20499.495,nT
2026-04-14T07:14:00.000Z,BOU,X,adjusted,channel,20499.513,nT
2026-04-14T07:15:00.000Z,BOU,X,adjusted,channel,20499.621,nT
2026-04-14T07:16:00.000Z,BOU,X,adjusted,channel,20499.749,nT
2026-04-14T07:17:00.000Z,BOU,X,adjusted,channel,20499.929,nT
2026-04-14T07:18:00.000Z,BOU,X,adjusted,channel,20500.133,nT
2026-04-14T07:19:00.000Z,BOU,X,adjusted,channel,20500.279,nT
2026-04-14T07:20:00.000Z,BOU,X,adjusted,channel,20500.309,nT
2026-04-14T07:21:00.000Z,BOU,X,adjusted,channel,20500.328,nT
2026-04-14T07:22:00.000Z,BOU,X,adjusted,channel,20500.351,nT
2026-04-14T07:23:00.000Z,BOU,X,adjusted,channel,20500.326,nT
2026-04-14T07:24:00.000Z,BOU,X,adjusted,channel,20500.282,nT
2026-04-14T07:25:00.000Z,BOU,X,adjusted,channel,20500.26,nT
2026-04-14T07:26:00.000Z,BOU,X,adjusted,channel,20500.138,nT
2026-04-14T07:27:00.000Z,BOU,X,adjusted,channel,20499.936,nT
2026-04-14T07:28:00.000Z,BOU,X,adjusted,channel,20499.884,nT
2026-04-14T07:29:00.000Z,BOU,X,adjusted,channel,20499.774,nT
2026-04-14T07:30:00.000Z,BOU,X,adjusted,channel,20499.65,nT
2026-04-14T07:31:00.000Z,BOU,X,adjusted,channel,20499.606,nT
2026-04-14T07:32:00.000Z,BOU,X,adjusted,channel,20499.634,nT
2026-04-14T07:33:00.000Z,BOU,X,adjusted,channel,20499.626,nT
2026-04-14T07:34:00.000Z,BOU,X,adjusted,channel,20499.701,nT
2026-04-14T07:35:00.000Z,BOU,X,adjusted,channel,20499.782,nT
2026-04-14T07:36:00.000Z,BOU,X,adjusted,channel,20499.864,nT
2026-04-14T07:37:00.000Z,BOU,X,adjusted,channel,20500.496,nT
2026-04-14T07:38:00.000Z,BOU,X,adjusted,channel,20500.878,nT
2026-04-14T07:39:00.000Z,BOU,X,adjusted,channel,20500.485,nT
2026-04-14T07:40:00.000Z,BOU,X,adjusted,channel,20501.569,nT
2026-04-14T07:41:00.000Z,BOU,X,adjusted,channel,20500.9,nT
2026-04-14T07:42:00.000Z,BOU,X,adjusted,channel,20501.139,nT
2026-04-14T07:43:00.000Z,BOU,X,adjusted,channel,20502.137,nT
2026-04-14T07:44:00.000Z,BOU,X,adjusted,channel,20501.292,nT
2026-04-14T07:45:00.000Z,BOU,X,adjusted,channel,20501.814,nT
2026-04-14T07:46:00.000Z,BOU,X,adjusted,channel,20501.171,nT
2026-04-14T07:47:00.000Z,BOU,X,adjusted,channel,20501.769,nT
2026-04-14T07:48:00.000Z,BOU,X,adjusted,channel,20501.162,nT
2026-04-14T07:49:00.000Z,BOU,X,adjusted,channel,20501.007,nT
2026-04-14T07:50:00.000Z,BOU,X,adjusted,channel,20500.767,nT
2026-04-14T07:51:00.000Z,BOU,X,adjusted,channel,20501.518,nT
2026-04-14T07:52:00.000Z,BOU,X,adjusted,channel,20500.852,nT
2026-04-14T07:53:00.000Z,BOU,X,adjusted,channel,20501.114,nT
2026-04-14T07:54:00.000Z,BOU,X,adjusted,channel,20501.092,nT
2026-04-14T07:55:00.000Z,BOU,X,adjusted,channel,20500.889,nT
2026-04-14T07:56:00.000Z,BOU,X,adjusted,channel,20501.05,nT
2026-04-14T07:57:00.000Z,BOU,X,adjusted,channel,20500.496,nT
2026-04-14T07:58:00.000Z,BOU,X,adjusted,channel,20501.344,nT
2026-04-14T07:59:00.000Z,BOU,X,adjusted,channel,20500.917,nT
2026-04-14T08:00:00.000Z,BOU,X,adjusted,channel,20501.186,nT
2026-04-14T08:01:00.000Z,BOU,X,adjusted,channel,20501.342,nT
2026-04-14T08:02:00.000Z,BOU,X,adjusted,channel,20501.905,nT
2026-04-14T08:03:00.000Z,BOU,X,adjusted,channel,20501.402,nT
2026-04-14T08:04:00.000Z,BOU,X,adjusted,channel,20501.59,nT
2026-04-14T08:05:00.000Z,BOU,X,adjusted,channel,20501.519,nT
2026-04-14T08:06:00.000Z,BOU,X,adjusted,channel,20501.464,nT
2026-04-14T08:07:00.000Z,BOU,X,adjusted,channel,20501.468,nT
2026-04-14T08:08:00.000Z,BOU,X,adjusted,channel,20501.358,nT
2026-04-14T08:09:00.000Z,BOU,X,adjusted,channel,20501.066,nT
2026-04-14T08:10:00.000Z,BOU,X,adjusted,channel,20500.988,nT
2026-04-14T08:11:00.000Z,BOU,X,adjusted,channel,20500.624,nT
2026-04-14T08:12:00.000Z,BOU,X,adjusted,channel,20500.894,nT
2026-04-14T08:13:00.000Z,BOU,X,adjusted,channel,20500.524,nT
2026-04-14T08:14:00.000Z,BOU,X,adjusted,channel,20500.462,nT
2026-04-14T08:15:00.000Z,BOU,X,adjusted,channel,20500.698,nT
2026-04-14T08:16:00.000Z,BOU,X,adjusted,channel,20500.673,nT
2026-04-14T08:17:00.000Z,BOU,X,adjusted,channel,20500.592,nT
2026-04-14T08:18:00.000Z,BOU,X,adjusted,channel,20500.492,nT
2026-04-14T08:19:00.000Z,BOU,X,adjusted,channel,20500.58,nT
2026-04-14T08:20:00.000Z,BOU,X,adjusted,channel,20500.162,nT
2026-04-14T08:21:00.000Z,BOU,X,adjusted,channel,20500.386,nT
2026-04-14T08:22:00.000Z,BOU,X,adjusted,channel,20499.917,nT
2026-04-14T08:23:00.000Z,BOU,X,adjusted,channel,20500.071,nT
2026-04-14T08:24:00.000Z,BOU,X,adjusted,channel,20500.042,nT
2026-04-14T08:25:00.000Z,BOU,X,adjusted,channel,20499.985,nT
2026-04-14T08:26:00.000Z,BOU,X,adjusted,channel,20499.905,nT
2026-04-14T08:27:00.000Z,BOU,X,adjusted,channel,20499.733,nT
2026-04-14T08:28:00.000Z,BOU,X,adjusted,channel,20499.898,nT
2026-04-14T08:29:00.000Z,BOU,X,adjusted,channel,20499.763,nT
2026-04-14T08:30:00.000Z,BOU,X,adjusted,channel,20499.892,nT
2026-04-14T08:31:00.000Z,BOU,X,adjusted,channel,20499.759,nT
2026-04-14T08:32:00.000Z,BOU,X,adjusted,channel,20499.937,nT
2026-04-14T08:33:00.000Z,BOU,X,adjusted,channel,20500.005,nT
2026-04-14T08:34:00.000Z,BOU,X,adjusted,channel,20500.036,nT
2026-04-14T08:35:00.000Z,BOU,X,adjusted,channel,20500.228,nT
2026-04-14T08:36:00.000Z,BOU,X,adjusted,channel,20500.144,nT
2026-04-14T08:37:00.000Z,BOU,X,adjusted,channel,20500.108,nT
2026-04-14T08:38:00.000Z,BOU,X,adjusted,channel,20500.236,nT
2026-04-14T08:39:00.000Z,BOU,X,adjusted,channel,20500.192,nT
2026-04-14T08:40:00.000Z,BOU,X,adjusted,channel,20500.226,nT
2026-04-14T08:41:00.000Z,BOU,X,adjusted,channel,20500.501,nT
2026-04-14T08:42:00.000Z,BOU,X,adjusted,channel,20500.568,nT
2026-04-14T08:43:00.000Z,BOU,X,adjusted,channel,20500.74,nT
2026-04-14T08:44:00.000Z,BOU,X,adjusted,channel,20500.714,nT
2026-04-14T08:45:00.000Z,BOU,X,adjusted,channel,20501.005,nT
2026-04-14T08:46:00.000Z,BOU,X,adjusted,channel,20501.218,nT
2026-04-14T08:47:00.000Z,BOU,X,adjusted,channel,20501.386,nT
2026-04-14T08:48:00.000Z,BOU,X,adjusted,channel,20501.668,nT
2026-04-14T08:49:00.000Z,BOU,X,adjusted,channel,20501.804,nT
2026-04-14T08:50:00.000Z,BOU,X,adjusted,channel,20501.807,nT
2026-04-14T08:51:00.000Z,BOU,X,adjusted,channel,20502.12,nT
2026-04-14T08:52:00.000Z,BOU,X,adjusted,channel,20502.363,nT
2026-04-14T08:53:00.000Z,BOU,X,adjusted,channel,20502.272,nT
2026-04-14T08:54:00.000Z,BOU,X,adjusted,channel,20502.384,nT
2026-04-14T08:55:00.000Z,BOU,X,adjusted,channel,20502.412,nT
2026-04-14T08:56:00.000Z,BOU,X,adjusted,channel,20502.099,nT
2026-04-14T08:57:00.000Z,BOU,X,adjusted,channel,20501.916,nT
2026-04-14T08:58:00.000Z,BOU,X,adjusted,channel,20501.839,nT
2026-04-14T08:59:00.000Z,BOU,X,adjusted,channel,20501.787,nT
2026-04-14T09:00:00.000Z,BOU,X,adjusted,channel,20501.771,nT
2026-04-14T09:01:00.000Z,BOU,X,adjusted,channel,20501.618,nT
2026-04-14T09:02:00.000Z,BOU,X,adjusted,channel,20501.37,nT
2026-04-14T09:03:00.000Z,BOU,X,adjusted,channel,20501.2,nT
2026-04-14T09:04:00.000Z,BOU,X,adjusted,channel,20501.093,nT
2026-04-14T09:05:00.000Z,BOU,X,adjusted,channel,20501.105,nT
2026-04-14T09:06:00.000Z,BOU,X,adjusted,channel,20501.087,nT
2026-04-14T09:07:00.000Z,BOU,X,adjusted,channel,20501.13,nT
2026-04-14T09:08:00.000Z,BOU,X,adjusted,channel,20501.107,nT
2026-04-14T09:09:00.000Z,BOU,X,adjusted,channel,20501.099,nT
2026-04-14T09:10:00.000Z,BOU,X,adjusted,channel,20500.733,nT
2026-04-14T09:11:00.000Z,BOU,X,adjusted,channel,20500.536,nT
2026-04-14T09:12:00.000Z,BOU,X,adjusted,channel,20500.338,nT
2026-04-14T09:13:00.000Z,BOU,X,adjusted,channel,20500.717,nT
2026-04-14T09:14:00.000Z,BOU,X,adjusted,channel,20500.712,nT
2026-04-14T09:15:00.000Z,BOU,X,adjusted,channel,20500.553,nT
2026-04-14T09:16:00.000Z,BOU,X,adjusted,channel,20500.418,nT
2026-04-14T09:17:00.000Z,BOU,X,adjusted,channel,20500.486,nT
2026-04-14T09:18:00.000Z,BOU,X,adjusted,channel,20500.596,nT
2026-04-14T09:19:00.000Z,BOU,X,adjusted,channel,20500.605,nT
2026-04-14T09:20:00.000Z,BOU,X,adjusted,channel,20500.472,nT
2026-04-14T09:21:00.000Z,BOU,X,adjusted,channel,20500.447,nT
2026-04-14T09:22:00.000Z,BOU,X,adjusted,channel,20500.392,nT
2026-04-14T09:23:00.000Z,BOU,X,adjusted,channel,20500.346,nT
2026-04-14T09:24:00.000Z,BOU,X,adjusted,channel,20500.571,nT
2026-04-14T09:25:00.000Z,BOU,X,adjusted,channel,20500.766,nT
2026-04-14T09:26:00.000Z,BOU,X,adjusted,channel,20500.704,nT
2026-04-14T09:27:00.000Z,BOU,X,adjusted,channel,20500.615,nT
2026-04-14T09:28:00.000Z,BOU,X,adjusted,channel,20500.445,nT
2026-04-14T09:29:00.000Z,BOU,X,adjusted,channel,20500.524,nT
2026-04-14T09:30:00.000Z,BOU,X,adjusted,channel,20500.753,nT
2026-04-14T09:31:00.000Z,BOU,X,adjusted,channel,20500.995,nT
2026-04-14T09:32:00.000Z,BOU,X,adjusted,channel,20501.209,nT
2026-04-14T09:33:00.000Z,BOU,X,adjusted,channel,20501.041,nT
2026-04-14T09:34:00.000Z,BOU,X,adjusted,channel,20501.008,nT
2026-04-14T09:35:00.000Z,BOU,X,adjusted,channel,20501.318,nT
2026-04-14T09:36:00.000Z,BOU,X,adjusted,channel,20501.335,nT
2026-04-14T09:37:00.000Z,BOU,X,adjusted,channel,20501.978,nT
2026-04-14T09:38:00.000Z,BOU,X,adjusted,channel,20502.419,nT
2026-04-14T09:39:00.000Z,BOU,X,adjusted,channel,20502.749,nT
2026-04-14T09:40:00.000Z,BOU,X,adjusted,channel,20503.025,nT
2026-04-14T09:41:00.000Z,BOU,X,adjusted,channel,20503.287,nT
2026-04-14T09:42:00.000Z,BOU,X,adjusted,channel,20503.247,nT
2026-04-14T09:43:00.000Z,BOU,X,adjusted,channel,20503.523,nT
2026-04-14T09:44:00.000Z,BOU,X,adjusted,channel,20503.603,nT
2026-04-14T09:45:00.000Z,BOU,X,adjusted,channel,20503.775,nT
2026-04-14T09:46:00.000Z,BOU,X,adjusted,channel,20503.95,nT
2026-04-14T09:47:00.000Z,BOU,X,adjusted,channel,20504.198,nT
2026-04-14T09:48:00.000Z,BOU,X,adjusted,channel,20504.685,nT
2026-04-14T09:49:00.000Z,BOU,X,adjusted,channel,20504.85,nT
2026-04-14T09:50:00.000Z,BOU,X,adjusted,channel,20505.02,nT
2026-04-14T09:51:00.000Z,BOU,X,adjusted,channel,20505.205,nT
2026-04-14T09:52:00.000Z,BOU,X,adjusted,channel,20505.55,nT
2026-04-14T09:53:00.000Z,BOU,X,adjusted,channel,20505.834,nT
2026-04-14T09:54:00.000Z,BOU,X,adjusted,channel,20506.003,nT
2026-04-14T09:55:00.000Z,BOU,X,adjusted,channel,20505.937,nT
2026-04-14T09:56:00.000Z,BOU,X,adjusted,channel,20505.743,nT
2026-04-14T09:57:00.000Z,BOU,X,adjusted,channel,20505.762,nT
2026-04-14T09:58:00.000Z,BOU,X,adjusted,channel,20505.694,nT
2026-04-14T09:59:00.000Z,BOU,X,adjusted,channel,20505.555,nT
2026-04-14T10:00:00.000Z,BOU,X,adjusted,channel,20505.336,nT
2026-04-14T10:01:00.000Z,BOU,X,adjusted,channel,20505.386,nT
2026-04-14T10:02:00.000Z,BOU,X,adjusted,channel,20505.475,nT
2026-04-14T10:03:00.000Z,BOU,X,adjusted,channel,20505.71,nT
2026-04-14T10:04:00.000Z,BOU,X,adjusted,channel,20505.633,nT
2026-04-14T10:05:00.000Z,BOU,X,adjusted,channel,20505.662,nT
2026-04-14T10:06:00.000Z,BOU,X,adjusted,channel,20505.624,nT
2026-04-14T10:07:00.000Z,BOU,X,adjusted,channel,20505.523,nT
2026-04-14T10:08:00.000Z,BOU,X,adjusted,channel,20505.41,nT
2026-04-14T10:09:00.000Z,BOU,X,adjusted,channel,20505.525,nT
2026-04-14T10:10:00.000Z,BOU,X,adjusted,channel,20505.474,nT
2026-04-14T10:11:00.000Z,BOU,X,adjusted,channel,20505.292,nT
2026-04-14T10:12:00.000Z,BOU,X,adjusted,channel,20505.048,nT
2026-04-14T10:13:00.000Z,BOU,X,adjusted,channel,20504.787,nT
2026-04-14T10:14:00.000Z,BOU,X,adjusted,channel,20504.823,nT
2026-04-14T10:15:00.000Z,BOU,X,adjusted,channel,20504.782,nT
2026-04-14T10:16:00.000Z,BOU,X,adjusted,channel,20504.768,nT
2026-04-14T10:17:00.000Z,BOU,X,adjusted,channel,20504.848,nT
2026-04-14T10:18:00.000Z,BOU,X,adjusted,channel,20504.468,nT
2026-04-14T10:19:00.000Z,BOU,X,adjusted,channel,20504.163,nT
2026-04-14T10:20:00.000Z,BOU,X,adjusted,channel,20503.959,nT
2026-04-14T10:21:00.000Z,BOU,X,adjusted,channel,20503.761,nT
2026-04-14T10:22:00.000Z,BOU,X,adjusted,channel,20503.715,nT
2026-04-14T10:23:00.000Z,BOU,X,adjusted,channel,20503.677,nT
2026-04-14T10:24:00.000Z,BOU,X,adjusted,channel,20503.464,nT
2026-04-14T10:25:00.000Z,BOU,X,adjusted,channel,20503.466,nT
2026-04-14T10:26:00.000Z,BOU,X,adjusted,channel,20503.526,nT
2026-04-14T10:27:00.000Z,BOU,X,adjusted,channel,20503.716,nT
2026-04-14T10:28:00.000Z,BOU,X,adjusted,channel,20503.937,nT
2026-04-14T10:29:00.000Z,BOU,X,adjusted,channel,20503.691,nT
2026-04-14T10:30:00.000Z,BOU,X,adjusted,channel,20503.83,nT
2026-04-14T10:31:00.000Z,BOU,X,adjusted,channel,20503.623,nT
2026-04-14T10:32:00.000Z,BOU,X,adjusted,channel,20503.351,nT
2026-04-14T10:33:00.000Z,BOU,X,adjusted,channel,20503.208,nT
2026-04-14T10:34:00.000Z,BOU,X,adjusted,channel,20503.374,nT
2026-04-14T10:35:00.000Z,BOU,X,adjusted,channel,20503.24,nT
2026-04-14T10:36:00.000Z,BOU,X,adjusted,channel,20503.245,nT
2026-04-14T10:37:00.000Z,BOU,X,adjusted,channel,20503.186,nT
2026-04-14T10:38:00.000Z,BOU,X,adjusted,channel,20503.139,nT
2026-04-14T10:39:00.000Z,BOU,X,adjusted,channel,20503.101,nT
2026-04-14T10:40:00.000Z,BOU,X,adjusted,channel,20503.139,nT
2026-04-14T10:41:00.000Z,BOU,X,adjusted,channel,20503.277,nT
2026-04-14T10:42:00.000Z,BOU,X,adjusted,channel,20503.12,nT
2026-04-14T10:43:00.000Z,BOU,X,adjusted,channel,20502.974,nT
2026-04-14T10:44:00.000Z,BOU,X,adjusted,channel,20502.874,nT
2026-04-14T10:45:00.000Z,BOU,X,adjusted,channel,20502.659,nT
2026-04-14T10:46:00.000Z,BOU,X,adjusted,channel,20502.558,nT
2026-04-14T10:47:00.000Z,BOU,X,adjusted,channel,20502.296,nT
2026-04-14T10:48:00.000Z,BOU,X,adjusted,channel,20502.12,nT
2026-04-14T10:49:00.000Z,BOU,X,adjusted,channel,20501.925,nT
2026-04-14T10:50:00.000Z,BOU,X,adjusted,channel,20501.745,nT
2026-04-14T10:51:00.000Z,BOU,X,adjusted,channel,20501.687,nT
2026-04-14T10:52:00.000Z,BOU,X,adjusted,channel,20501.655,nT
2026-04-14T10:53:00.000Z,BOU,X,adjusted,channel,20501.655,nT
2026-04-14T10:54:00.000Z,BOU,X,adjusted,channel,20501.56,nT
2026-04-14T10:55:00.000Z,BOU,X,adjusted,channel,20501.39,nT
2026-04-14T10:56:00.000Z,BOU,X,adjusted,channel,20501.379,nT
2026-04-14T10:57:00.000Z,BOU,X,adjusted,channel,20501.226,nT
2026-04-14T10:58:00.000Z,BOU,X,adjusted,channel,20501.292,nT
2026-04-14T10:59:00.000Z,BOU,X,adjusted,channel,20501.263,nT
2026-04-14T11:00:00.000Z,BOU,X,adjusted,channel,20501.131,nT
2026-04-14T11:01:00.000Z,BOU,X,adjusted,channel,20501.21,nT
2026-04-14T11:02:00.000Z,BOU,X,adjusted,channel,20501.218,nT
2026-04-14T11:03:00.000Z,BOU,X,adjusted,channel,20501.292,nT
2026-04-14T11:04:00.000Z,BOU,X,adjusted,channel,20501.272,nT
2026-04-14T11:05:00.000Z,BOU,X,adjusted,channel,20501.272,nT
2026-04-14T11:06:00.000Z,BOU,X,adjusted,channel,20501.44,nT
2026-04-14T11:07:00.000Z,BOU,X,adjusted,channel,20501.506,nT
2026-04-14T11:08:00.000Z,BOU,X,adjusted,channel,20501.413,nT
2026-04-14T11:09:00.000Z,BOU,X,adjusted,channel,20501.272,nT
2026-04-14T11:10:00.000Z,BOU,X,adjusted,channel,20501.26,nT
2026-04-14T11:11:00.000Z,BOU,X,adjusted,channel,20501.357,nT
2026-04-14T11:12:00.000Z,BOU,X,adjusted,channel,20501.475,nT
2026-04-14T11:13:00.000Z,BOU,X,adjusted,channel,20501.349,nT
2026-04-14T11:14:00.000Z,BOU,X,adjusted,channel,20501.285,nT
2026-04-14T11:15:00.000Z,BOU,X,adjusted,channel,20501.291,nT
2026-04-14T11:16:00.000Z,BOU,X,adjusted,channel,20501.225,nT
2026-04-14T11:17:00.000Z,BOU,X,adjusted,channel,20501.125,nT
2026-04-14T11:18:00.000Z,BOU,X,adjusted,channel,20501.165,nT
2026-04-14T11:19:00.000Z,BOU,X,adjusted,channel,20501.222,nT
2026-04-14T11:20:00.000Z,BOU,X,adjusted,channel,20501.362,nT
2026-04-14T11:21:00.000Z,BOU,X,adjusted,channel,20501.238,nT
2026-04-14T11:22:00.000Z,BOU,X,adjusted,channel,20501.239,nT
2026-04-14T11:23:00.000Z,BOU,X,adjusted,channel,20501.21,nT
2026-04-14T11:24:00.000Z,BOU,X,adjusted,channel,20501.325,nT
2026-04-14T11:25:00.000Z,BOU,X,adjusted,channel,20501.426,nT
2026-04-14T11:26:00.000Z,BOU,X,adjusted,channel,20501.336,nT
2026-04-14T11:27:00.000Z,BOU,X,adjusted,channel,20501.527,nT
2026-04-14T11:28:00.000Z,BOU,X,adjusted,channel,20501.41,nT
2026-04-14T11:29:00.000Z,BOU,X,adjusted,channel,20501.512,nT
2026-04-14T11:30:00.000Z,BOU,X,adjusted,channel,20501.282,nT
2026-04-14T11:31:00.000Z,BOU,X,adjusted,channel,20501.535,nT
2026-04-14T11:32:00.000Z,BOU,X,adjusted,channel,20501.786,nT
2026-04-14T11:33:00.000Z,BOU,X,adjusted,channel,20501.937,nT
2026-04-14T11:34:00.000Z,BOU,X,adjusted,channel,20502.104,nT
2026-04-14T11:35:00.000Z,BOU,X,adjusted,channel,20502.241,nT
2026-04-14T11:36:00.000Z,BOU,X,adjusted,channel,20502.266,nT
2026-04-14T11:37:00.000Z,BOU,X,adjusted,channel,20502.605,nT
2026-04-14T11:38:00.000Z,BOU,X,adjusted,channel,20502.607,nT
2026-04-14T11:39:00.000Z,BOU,X,adjusted,channel,20502.957,nT
2026-04-14T11:40:00.000Z,BOU,X,adjusted,channel,20502.408,nT
2026-04-14T11:41:00.000Z,BOU,X,adjusted,channel,20502.867,nT
2026-04-14T11:42:00.000Z,BOU,X,adjusted,channel,20502.6,nT
2026-04-14T11:43:00.000Z,BOU,X,adjusted,channel,20502.907,nT
2026-04-14T11:44:00.000Z,BOU,X,adjusted,channel,20503.002,nT
2026-04-14T11:45:00.000Z,BOU,X,adjusted,channel,20502.789,nT
2026-04-14T11:46:00.000Z,BOU,X,adjusted,channel,20502.803,nT
2026-04-14T11:47:00.000Z,BOU,X,adjusted,channel,20502.808,nT
2026-04-14T11:48:00.000Z,BOU,X,adjusted,channel,20503.094,nT
2026-04-14T11:49:00.000Z,BOU,X,adjusted,channel,20502.868,nT
2026-04-14T11:50:00.000Z,BOU,X,adjusted,channel,20503.012,nT
2026-04-14T11:51:00.000Z,BOU,X,adjusted,channel,20502.993,nT
2026-04-14T11:52:00.000Z,BOU,X,adjusted,channel,20502.894,nT
2026-04-14T11:53:00.000Z,BOU,X,adjusted,channel,20503.386,nT
2026-04-14T11:54:00.000Z,BOU,X,adjusted,channel,20503.579,nT
2026-04-14T11:55:00.000Z,BOU,X,adjusted,channel,20504.137,nT
2026-04-14T11:56:00.000Z,BOU,X,adjusted,channel,20504.538,nT
2026-04-14T11:57:00.000Z,BOU,X,adjusted,channel,20504.736,nT
2026-04-14T11:58:00.000Z,BOU,X,adjusted,channel,20504.837,nT
2026-04-14T11:59:00.000Z,BOU,X,adjusted,channel,20504.931,nT
2026-04-14T12:00:00.000Z,BOU,X,adjusted,channel,20505.16,nT
2026-04-14T12:01:00.000Z,BOU,X,adjusted,channel,20505.036,nT
2026-04-14T12:02:00.000Z,BOU,X,adjusted,channel,20505.196,nT
2026-04-14T12:03:00.000Z,BOU,X,adjusted,channel,20505.241,nT
2026-04-14T12:04:00.000Z,BOU,X,adjusted,channel,20505.252,nT
2026-04-14T12:05:00.000Z,BOU,X,adjusted,channel,20505.229,nT
2026-04-14T12:06:00.000Z,BOU,X,adjusted,channel,20505.222,nT
2026-04-14T12:07:00.000Z,BOU,X,adjusted,channel,20505.313,nT
2026-04-14T12:08:00.000Z,BOU,X,adjusted,channel,20505.248,nT
2026-04-14T12:09:00.000Z,BOU,X,adjusted,channel,20505.178,nT
2026-04-14T12:10:00.000Z,BOU,X,adjusted,channel,20505.089,nT
2026-04-14T12:11:00.000Z,BOU,X,adjusted,channel,20505.282,nT
2026-04-14T12:12:00.000Z,BOU,X,adjusted,channel,20505.178,nT
2026-04-14T12:13:00.000Z,BOU,X,adjusted,channel,20505.225,nT
2026-04-14T12:14:00.000Z,BOU,X,adjusted,channel,20505.163,nT
2026-04-14T12:15:00.000Z,BOU,X,adjusted,channel,20505.189,nT
2026-04-14T12:16:00.000Z,BOU,X,adjusted,channel,20505.244,nT
2026-04-14T12:17:00.000Z,BOU,X,adjusted,channel,20505.438,nT
2026-04-14T12:18:00.000Z,BOU,X,adjusted,channel,20505.539,nT
2026-04-14T12:19:00.000Z,BOU,X,adjusted,channel,20505.461,nT
2026-04-14T12:20:00.000Z,BOU,X,adjusted,channel,20505.395,nT
2026-04-14T12:21:00.000Z,BOU,X,adjusted,channel,20505.64,nT
2026-04-14T12:22:00.000Z,BOU,X,adjusted,channel,20505.696,nT
2026-04-14T12:23:00.000Z,BOU,X,adjusted,channel,20505.74,nT
2026-04-14T12:24:00.000Z,BOU,X,adjusted,channel,20505.754,nT
2026-04-14T12:25:00.000Z,BOU,X,adjusted,channel,20505.676,nT
2026-04-14T12:26:00.000Z,BOU,X,adjusted,channel,20505.565,nT
2026-04-14T12:27:00.000Z,BOU,X,adjusted,channel,20505.6,nT
2026-04-14T12:28:00.000Z,BOU,X,adjusted,channel,20505.446,nT
2026-04-14T12:29:00.000Z,BOU,X,adjusted,channel,20505.132,nT
2026-04-14T12:30:00.000Z,BOU,X,adjusted,channel,20504.924,nT
2026-04-14T12:31:00.000Z,BOU,X,adjusted,channel,20504.616,nT
2026-04-14T12:32:00.000Z,BOU,X,adjusted,channel,20504.386,nT
2026-04-14T12:33:00.000Z,BOU,X,adjusted,channel,20504.246,nT
2026-04-14T12:34:00.000Z,BOU,X,adjusted,channel,20504.015,nT
2026-04-14T12:35:00.000Z,BOU,X,adjusted,channel,20503.844,nT
2026-04-14T12:36:00.000Z,BOU,X,adjusted,channel,20503.665,nT
2026-04-14T12:37:00.000Z,BOU,X,adjusted,channel,20503.7,nT
2026-04-14T12:38:00.000Z,BOU,X,adjusted,channel,20503.572,nT
2026-04-14T12:39:00.000Z,BOU,X,adjusted,channel,20503.347,nT
2026-04-14T12:40:00.000Z,BOU,X,adjusted,channel,20503.015,nT
2026-04-14T12:41:00.000Z,BOU,X,adjusted,channel,20502.883,nT
2026-04-14T12:42:00.000Z,BOU,X,adjusted,channel,20502.808,nT
2026-04-14T12:43:00.000Z,BOU,X,adjusted,channel,20502.64,nT
2026-04-14T12:44:00.000Z,BOU,X,adjusted,channel,20502.483,nT
2026-04-14T12:45:00.000Z,BOU,X,adjusted,channel,20502.663,nT
2026-04-14T12:46:00.000Z,BOU,X,adjusted,channel,20502.677,nT
2026-04-14T12:47:00.000Z,BOU,X,adjusted,channel,20502.512,nT
2026-04-14T12:48:00.000Z,BOU,X,adjusted,channel,20502.083,nT
2026-04-14T12:49:00.000Z,BOU,X,adjusted,channel,20501.789,nT
2026-04-14T12:50:00.000Z,BOU,X,adjusted,channel,20501.461,nT
2026-04-14T12:51:00.000Z,BOU,X,adjusted,channel,20501.257,nT
2026-04-14T12:52:00.000Z,BOU,X,adjusted,channel,20501.229,nT
2026-04-14T12:53:00.000Z,BOU,X,adjusted,channel,20501.369,nT
2026-04-14T12:54:00.000Z,BOU,X,adjusted,channel,20501.178,nT
2026-04-14T12:55:00.000Z,BOU,X,adjusted,channel,20500.867,nT
2026-04-14T12:56:00.000Z,BOU,X,adjusted,channel,20500.479,nT
2026-04-14T12:57:00.000Z,BOU,X,adjusted,channel,20500.318,nT
2026-04-14T12:58:00.000Z,BOU,X,adjusted,channel,20500.333,nT
2026-04-14T12:59:00.000Z,BOU,X,adjusted,channel,20500.12,nT
2026-04-14T13:00:00.000Z,BOU,X,adjusted,channel,20499.876,nT
2026-04-14T13:01:00.000Z,BOU,X,adjusted,channel,20499.786,nT
2026-04-14T13:02:00.000Z,BOU,X,adjusted,channel,20499.864,nT
2026-04-14T13:03:00.000Z,BOU,X,adjusted,channel,20499.897,nT
2026-04-14T13:04:00.000Z,BOU,X,adjusted,channel,20499.844,nT
2026-04-14T13:05:00.000Z,BOU,X,adjusted,channel,20499.536,nT
2026-04-14T13:06:00.000Z,BOU,X,adjusted,channel,20499.266,nT
2026-04-14T13:07:00.000Z,BOU,X,adjusted,channel,20499.103,nT
2026-04-14T13:08:00.000Z,BOU,X,adjusted,channel,20498.727,nT
2026-04-14T13:09:00.000Z,BOU,X,adjusted,channel,20498.525,nT
2026-04-14T13:10:00.000Z,BOU,X,adjusted,channel,20498.217,nT
2026-04-14T13:11:00.000Z,BOU,X,adjusted,channel,20498.236,nT
2026-04-14T13:12:00.000Z,BOU,X,adjusted,channel,20498.268,nT
2026-04-14T13:13:00.000Z,BOU,X,adjusted,channel,20498.172,nT
2026-04-14T13:14:00.000Z,BOU,X,adjusted,channel,20497.893,nT
2026-04-14T13:15:00.000Z,BOU,X,adjusted,channel,20497.601,nT
2026-04-14T13:16:00.000Z,BOU,X,adjusted,channel,20497.507,nT
2026-04-14T13:17:00.000Z,BOU,X,adjusted,channel,20497.297,nT
2026-04-14T13:18:00.000Z,BOU,X,adjusted,channel,20497.086,nT
2026-04-14T13:19:00.000Z,BOU,X,adjusted,channel,20496.979,nT
2026-04-14T13:20:00.000Z,BOU,X,adjusted,channel,20496.918,nT
2026-04-14T13:21:00.000Z,BOU,X,adjusted,channel,20496.707,nT
2026-04-14T13:22:00.000Z,BOU,X,adjusted,channel,20496.37,nT
2026-04-14T13:23:00.000Z,BOU,X,adjusted,channel,20496.023,nT
2026-04-14T13:24:00.000Z,BOU,X,adjusted,channel,20495.787,nT
2026-04-14T13:25:00.000Z,BOU,X,adjusted,channel,20495.651,nT
2026-04-14T13:26:00.000Z,BOU,X,adjusted,channel,20495.767,nT
2026-04-14T13:27:00.000Z,BOU,X,adjusted,channel,20495.727,nT
2026-04-14T13:28:00.000Z,BOU,X,adjusted,channel,20495.609,nT
2026-04-14T13:29:00.000Z,BOU,X,adjusted,channel,20495.559,nT
2026-04-14T13:30:00.000Z,BOU,X,adjusted,channel,20495.29,nT
2026-04-14T13:31:00.000Z,BOU,X,adjusted,channel,20495.175,nT
2026-04-14T13:32:00.000Z,BOU,X,adjusted,channel,20494.885,nT
2026-04-14T13:33:00.000Z,BOU,X,adjusted,channel,20494.845,nT
2026-04-14T13:34:00.000Z,BOU,X,adjusted,channel,20494.662,nT
2026-04-14T13:35:00.000Z,BOU,X,adjusted,channel,20494.626,nT
2026-04-14T13:36:00.000Z,BOU,X,adjusted,channel,20494.536,nT
2026-04-14T13:37:00.000Z,BOU,X,adjusted,channel,20494.349,nT
2026-04-14T13:38:00.000Z,BOU,X,adjusted,channel,20494.36,nT
2026-04-14T13:39:00.000Z,BOU,X,adjusted,channel,20494.259,nT
2026-04-14T13:40:00.000Z,BOU,X,adjusted,channel,20494.245,nT
2026-04-14T13:41:00.000Z,BOU,X,adjusted,channel,20494.096,nT
2026-04-14T13:42:00.000Z,BOU,X,adjusted,channel,20494.095,nT
2026-04-14T13:43:00.000Z,BOU,X,adjusted,channel,20493.816,nT
2026-04-14T13:44:00.000Z,BOU,X,adjusted,channel,20493.581,nT
2026-04-14T13:45:00.000Z,BOU,X,adjusted,channel,20493.48,nT
2026-04-14T13:46:00.000Z,BOU,X,adjusted,channel,20493.444,nT
2026-04-14T13:47:00.000Z,BOU,X,adjusted,channel,20493.224,nT
2026-04-14T13:48:00.000Z,BOU,X,adjusted,channel,20492.949,nT
2026-04-14T13:49:00.000Z,BOU,X,adjusted,channel,20492.725,nT
2026-04-14T13:50:00.000Z,BOU,X,adjusted,channel,20492.475,nT
2026-04-14T13:51:00.000Z,BOU,X,adjusted,channel,20492.23,nT
2026-04-14T13:52:00.000Z,BOU,X,adjusted,channel,20492.16,nT
2026-04-14T13:53:00.000Z,BOU,X,adjusted,channel,20492.073,nT
2026-04-14T13:54:00.000Z,BOU,X,adjusted,channel,20491.869,nT
2026-04-14T13:55:00.000Z,BOU,X,adjusted,channel,20491.65,nT
2026-04-14T13:56:00.000Z,BOU,X,adjusted,channel,20491.517,nT
2026-04-14T13:57:00.000Z,BOU,X,adjusted,channel,20491.332,nT
2026-04-14T13:58:00.000Z,BOU,X,adjusted,channel,20491.027,nT
2026-04-14T13:59:00.000Z,BOU,X,adjusted,channel,20490.702,nT
2026-04-14T14:00:00.000Z,BOU,X,adjusted,channel,20490.425,nT
2026-04-14T14:01:00.000Z,BOU,X,adjusted,channel,20490.409,nT
2026-04-14T14:02:00.000Z,BOU,X,adjusted,channel,20490.369,nT
2026-04-14T14:03:00.000Z,BOU,X,adjusted,channel,20490.417,nT
2026-04-14T14:04:00.000Z,BOU,X,adjusted,channel,20490.232,nT
2026-04-14T14:05:00.000Z,BOU,X,adjusted,channel,20490.156,nT
2026-04-14T14:06:00.000Z,BOU,X,adjusted,channel,20490.036,nT
2026-04-14T14:07:00.000Z,BOU,X,adjusted,channel,20489.702,nT
2026-04-14T14:08:00.000Z,BOU,X,adjusted,channel,20489.126,nT
2026-04-14T14:09:00.000Z,BOU,X,adjusted,channel,20488.741,nT
2026-04-14T14:10:00.000Z,BOU,X,adjusted,channel,20487.984,nT
2026-04-14T14:11:00.000Z,BOU,X,adjusted,channel,20487.031,nT
2026-04-14T14:12:00.000Z,BOU,X,adjusted,channel,20486.513,nT
2026-04-14T14:13:00.000Z,BOU,X,adjusted,channel,20486.093,nT
2026-04-14T14:14:00.000Z,BOU,X,adjusted,channel,20485.851,nT
2026-04-14T14:15:00.000Z,BOU,X,adjusted,channel,20485.739,nT
2026-04-14T14:16:00.000Z,BOU,X,adjusted,channel,20485.487,nT
2026-04-14T14:17:00.000Z,BOU,X,adjusted,channel,20485.457,nT
2026-04-14T14:18:00.000Z,BOU,X,adjusted,channel,20485.199,nT
2026-04-14T14:19:00.000Z,BOU,X,adjusted,channel,20485.341,nT
2026-04-14T14:20:00.000Z,BOU,X,adjusted,channel,20485.827,nT
2026-04-14T14:21:00.000Z,BOU,X,adjusted,channel,20485.561,nT
2026-04-14T14:22:00.000Z,BOU,X,adjusted,channel,20485.549,nT
2026-04-14T14:23:00.000Z,BOU,X,adjusted,channel,20485.22,nT
2026-04-14T14:24:00.000Z,BOU,X,adjusted,channel,20485.186,nT
2026-04-14T14:25:00.000Z,BOU,X,adjusted,channel,20485.054,nT
2026-04-14T14:26:00.000Z,BOU,X,adjusted,channel,20484.972,nT
2026-04-14T14:27:00.000Z,BOU,X,adjusted,channel,20484.969,nT
2026-04-14T14:28:00.000Z,BOU,X,adjusted,channel,20485.255,nT
2026-04-14T14:29:00.000Z,BOU,X,adjusted,channel,20485.415,nT
2026-04-14T14:30:00.000Z,BOU,X,adjusted,channel,20485.773,nT
2026-04-14T14:31:00.000Z,BOU,X,adjusted,channel,20485.724,nT
2026-04-14T14:32:00.000Z,BOU,X,adjusted,channel,20486.081,nT
2026-04-14T14:33:00.000Z,BOU,X,adjusted,channel,20485.617,nT
2026-04-14T14:34:00.000Z,BOU,X,adjusted,channel,20485.848,nT
2026-04-14T14:35:00.000Z,BOU,X,adjusted,channel,20485.619,nT
2026-04-14T14:36:00.000Z,BOU,X,adjusted,channel,20485.59,nT
2026-04-14T14:37:00.000Z,BOU,X,adjusted,channel,20485.247,nT
2026-04-14T14:38:00.000Z,BOU,X,adjusted,channel,20485.111,nT
2026-04-14T14:39:00.000Z,BOU,X,adjusted,channel,20484.875,nT
2026-04-14T14:40:00.000Z,BOU,X,adjusted,channel,20484.825,nT
2026-04-14T14:41:00.000Z,BOU,X,adjusted,channel,20484.769,nT
2026-04-14T14:42:00.000Z,BOU,X,adjusted,channel,20485.05,nT
2026-04-14T14:43:00.000Z,BOU,X,adjusted,channel,20485.12,nT
2026-04-14T14:44:00.000Z,BOU,X,adjusted,channel,20484.915,nT
2026-04-14T14:45:00.000Z,BOU,X,adjusted,channel,20484.698,nT
2026-04-14T14:46:00.000Z,BOU,X,adjusted,channel,20484.752,nT
2026-04-14T14:47:00.000Z,BOU,X,adjusted,channel,20484.611,nT
2026-04-14T14:48:00.000Z,BOU,X,adjusted,channel,20484.598,nT
2026-04-14T14:49:00.000Z,BOU,X,adjusted,channel,20484.528,nT
2026-04-14T14:50:00.000Z,BOU,X,adjusted,channel,20484.349,nT
2026-04-14T14:51:00.000Z,BOU,X,adjusted,channel,20484.168,nT
2026-04-14T14:52:00.000Z,BOU,X,adjusted,channel,20484.077,nT
2026-04-14T14:53:00.000Z,BOU,X,adjusted,channel,20483.86,nT
2026-04-14T14:54:00.000Z,BOU,X,adjusted,channel,20484.222,nT
2026-04-14T14:55:00.000Z,BOU,X,adjusted,channel,20484.204,nT
2026-04-14T14:56:00.000Z,BOU,X,adjusted,channel,20483.885,nT
2026-04-14T14:57:00.000Z,BOU,X,adjusted,channel,20483.759,nT
2026-04-14T14:58:00.000Z,BOU,X,adjusted,channel,20483.487,nT
2026-04-14T14:59:00.000Z,BOU,X,adjusted,channel,20483.601,nT
2026-04-14T15:00:00.000Z,BOU,X,adjusted,channel,20483.466,nT
2026-04-14T15:01:00.000Z,BOU,X,adjusted,channel,20483.39,nT
2026-04-14T15:02:00.000Z,BOU,X,adjusted,channel,20483.315,nT
2026-04-14T15:03:00.000Z,BOU,X,adjusted,channel,20483.232,nT
2026-04-14T15:04:00.000Z,BOU,X,adjusted,channel,20483.004,nT
2026-04-14T15:05:00.000Z,BOU,X,adjusted,channel,20482.819,nT
2026-04-14T15:06:00.000Z,BOU,X,adjusted,channel,20482.591,nT
2026-04-14T15:07:00.000Z,BOU,X,adjusted,channel,20482.311,nT
2026-04-14T15:08:00.000Z,BOU,X,adjusted,channel,20481.86,nT
2026-04-14T15:09:00.000Z,BOU,X,adjusted,channel,20481.723,nT
2026-04-14T15:10:00.000Z,BOU,X,adjusted,channel,20481.661,nT
2026-04-14T15:11:00.000Z,BOU,X,adjusted,channel,20481.266,nT
2026-04-14T15:12:00.000Z,BOU,X,adjusted,channel,20481.126,nT
2026-04-14T15:13:00.000Z,BOU,X,adjusted,channel,20480.733,nT
2026-04-14T15:14:00.000Z,BOU,X,adjusted,channel,20480.624,nT
2026-04-14T15:15:00.000Z,BOU,X,adjusted,channel,20480.255,nT
2026-04-14T15:16:00.000Z,BOU,X,adjusted,channel,20480.013,nT
2026-04-14T15:17:00.000Z,BOU,X,adjusted,channel,20479.839,nT
2026-04-14T15:18:00.000Z,BOU,X,adjusted,channel,20479.878,nT
2026-04-14T15:19:00.000Z,BOU,X,adjusted,channel,20479.927,nT
2026-04-14T15:20:00.000Z,BOU,X,adjusted,channel,20480.173,nT
2026-04-14T15:21:00.000Z,BOU,X,adjusted,channel,20480.04,nT
2026-04-14T15:22:00.000Z,BOU,X,adjusted,channel,20480.108,nT
2026-04-14T15:23:00.000Z,BOU,X,adjusted,channel,20479.738,nT
2026-04-14T15:24:00.000Z,BOU,X,adjusted,channel,20478.982,nT
2026-04-14T15:25:00.000Z,BOU,X,adjusted,channel,20478.619,nT
2026-04-14T15:26:00.000Z,BOU,X,adjusted,channel,20478.286,nT
2026-04-14T15:27:00.000Z,BOU,X,adjusted,channel,20477.902,nT
2026-04-14T15:28:00.000Z,BOU,X,adjusted,channel,20477.654,nT
2026-04-14T15:29:00.000Z,BOU,X,adjusted,channel,20477.423,nT
2026-04-14T15:30:00.000Z,BOU,X,adjusted,channel,20476.976,nT
2026-04-14T15:31:00.000Z,BOU,X,adjusted,channel,20476.33,nT
2026-04-14T15:32:00.000Z,BOU,X,adjusted,channel,20476.644,nT
2026-04-14T15:33:00.000Z,BOU,X,adjusted,channel,20476.72,nT
2026-04-14T15:34:00.000Z,BOU,X,adjusted,channel,20477.265,nT
2026-04-14T15:35:00.000Z,BOU,X,adjusted,channel,20477.442,nT
2026-04-14T15:36:00.000Z,BOU,X,adjusted,channel,20477.696,nT
2026-04-14T15:37:00.000Z,BOU,X,adjusted,channel,20477.85,nT
2026-04-14T15:38:00.000Z,BOU,X,adjusted,channel,20477.767,nT
2026-04-14T15:39:00.000Z,BOU,X,adjusted,channel,20477.561,nT
2026-04-14T15:40:00.000Z,BOU,X,adjusted,channel,20477.477,nT
2026-04-14T15:41:00.000Z,BOU,X,adjusted,channel,20477.261,nT
2026-04-14T15:42:00.000Z,BOU,X,adjusted,channel,20477.063,nT
2026-04-14T15:43:00.000Z,BOU,X,adjusted,channel,20476.723,nT
2026-04-14T15:44:00.000Z,BOU,X,adjusted,channel,20476.564,nT
2026-04-14T15:45:00.000Z,BOU,X,adjusted,channel,20476.101,nT
2026-04-14T15:46:00.000Z,BOU,X,adjusted,channel,20475.954,nT
2026-04-14T15:47:00.000Z,BOU,X,adjusted,channel,20475.837,nT
2026-04-14T15:48:00.000Z,BOU,X,adjusted,channel,20475.237,nT
2026-04-14T15:49:00.000Z,BOU,X,adjusted,channel,20474.462,nT
2026-04-14T15:50:00.000Z,BOU,X,adjusted,channel,20473.836,nT
2026-04-14T15:51:00.000Z,BOU,X,adjusted,channel,20473.754,nT
2026-04-14T15:52:00.000Z,BOU,X,adjusted,channel,20473.694,nT
2026-04-14T15:53:00.000Z,BOU,X,adjusted,channel,20473.905,nT
2026-04-14T15:54:00.000Z,BOU,X,adjusted,channel,20473.999,nT
2026-04-14T15:55:00.000Z,BOU,X,adjusted,channel,20474.434,nT
2026-04-14T15:56:00.000Z,BOU,X,adjusted,channel,20474.665,nT
2026-04-14T15:57:00.000Z,BOU,X,adjusted,channel,20474.495,nT
2026-04-14T15:58:00.000Z,BOU,X,adjusted,channel,20474.563,nT
2026-04-14T15:59:00.000Z,BOU,X,adjusted,channel,20474.88,nT
2026-04-14T16:00:00.000Z,BOU,X,adjusted,channel,20475.201,nT
2026-04-14T16:01:00.000Z,BOU,X,adjusted,channel,20475.684,nT
2026-04-14T16:02:00.000Z,BOU,X,adjusted,channel,20475.929,nT
2026-04-14T16:03:00.000Z,BOU,X,adjusted,channel,20476.164,nT
2026-04-14T16:04:00.000Z,BOU,X,adjusted,channel,20476.474,nT
2026-04-14T16:05:00.000Z,BOU,X,adjusted,channel,20475.985,nT
2026-04-14T16:06:00.000Z,BOU,X,adjusted,channel,20476.351,nT
2026-04-14T16:07:00.000Z,BOU,X,adjusted,channel,20476.479,nT
2026-04-14T16:08:00.000Z,BOU,X,adjusted,channel,20477.418,nT
2026-04-14T16:09:00.000Z,BOU,X,adjusted,channel,20477.36,nT
2026-04-14T16:10:00.000Z,BOU,X,adjusted,channel,20477.323,nT
2026-04-14T16:11:00.000Z,BOU,X,adjusted,channel,20477.437,nT
2026-04-14T16:12:00.000Z,BOU,X,adjusted,channel,20477.355,nT
2026-04-14T16:13:00.000Z,BOU,X,adjusted,channel,20477.599,nT
2026-04-14T16:14:00.000Z,BOU,X,adjusted,channel,20477.169,nT
2026-04-14T16:15:00.000Z,BOU,X,adjusted,channel,20476.958,nT
2026-04-14T16:16:00.000Z,BOU,X,adjusted,channel,20476.642,nT
2026-04-14T16:17:00.000Z,BOU,X,adjusted,channel,20476.108,nT
2026-04-14T16:18:00.000Z,BOU,X,adjusted,channel,20475.777,nT
2026-04-14T16:19:00.000Z,BOU,X,adjusted,channel,20475.469,nT
2026-04-14T16:20:00.000Z,BOU,X,adjusted,channel,20475.057,nT
2026-04-14T16:21:00.000Z,BOU,X,adjusted,channel,20474.682,nT
2026-04-14T16:22:00.000Z,BOU,X,adjusted,channel,20474.56,nT
2026-04-14T16:23:00.000Z,BOU,X,adjusted,channel,20474.465,nT
2026-04-14T16:24:00.000Z,BOU,X,adjusted,channel,20474.626,nT
2026-04-14T16:25:00.000Z,BOU,X,adjusted,channel,20474.87,nT
2026-04-14T16:26:00.000Z,BOU,X,adjusted,channel,20474.715,nT
2026-04-14T16:27:00.000Z,BOU,X,adjusted,channel,20474.496,nT
2026-04-14T16:28:00.000Z,BOU,X,adjusted,channel,20474.464,nT
2026-04-14T16:29:00.000Z,BOU,X,adjusted,channel,20474.463,nT
2026-04-14T16:30:00.000Z,BOU,X,adjusted,channel,20474.445,nT
2026-04-14T16:31:00.000Z,BOU,X,adjusted,channel,20474.626,nT
2026-04-14T16:32:00.000Z,BOU,X,adjusted,channel,20474.887,nT
2026-04-14T16:33:00.000Z,BOU,X,adjusted,channel,20475.323,nT
2026-04-14T16:34:00.000Z,BOU,X,adjusted,channel,20475.817,nT
2026-04-14T16:35:00.000Z,BOU,X,adjusted,channel,20476.044,nT
2026-04-14T16:36:00.000Z,BOU,X,adjusted,channel,20476.242,nT
2026-04-14T16:37:00.000Z,BOU,X,adjusted,channel,20476.676,nT
2026-04-14T16:38:00.000Z,BOU,X,adjusted,channel,20476.641,nT
2026-04-14T16:39:00.000Z,BOU,X,adjusted,channel,20476.73,nT
2026-04-14T16:40:00.000Z,BOU,X,adjusted,channel,20477.076,nT
2026-04-14T16:41:00.000Z,BOU,X,adjusted,channel,20477.066,nT
2026-04-14T16:42:00.000Z,BOU,X,adjusted,channel,20477.018,nT
2026-04-14T16:43:00.000Z,BOU,X,adjusted,channel,20477.006,nT
2026-04-14T16:44:00.000Z,BOU,X,adjusted,channel,20476.833,nT
2026-04-14T16:45:00.000Z,BOU,X,adjusted,channel,20476.85,nT
2026-04-14T16:46:00.000Z,BOU,X,adjusted,channel,20476.775,nT
2026-04-14T16:47:00.000Z,BOU,X,adjusted,channel,20476.759,nT
2026-04-14T16:48:00.000Z,BOU,X,adjusted,channel,20476.984,nT
2026-04-14T16:49:00.000Z,BOU,X,adjusted,channel,20477.022,nT
2026-04-14T16:50:00.000Z,BOU,X,adjusted,channel,20477.078,nT
2026-04-14T16:51:00.000Z,BOU,X,adjusted,channel,20477.2,nT
2026-04-14T16:52:00.000Z,BOU,X,adjusted,channel,20477.649,nT
2026-04-14T16:53:00.000Z,BOU,X,adjusted,channel,20477.804,nT
2026-04-14T16:54:00.000Z,BOU,X,adjusted,channel,20478.135,nT
2026-04-14T16:55:00.000Z,BOU,X,adjusted,channel,20478.244,nT
2026-04-14T16:56:00.000Z,BOU,X,adjusted,channel,20478.3,nT
2026-04-14T16:57:00.000Z,BOU,X,adjusted,channel,20478.353,nT
2026-04-14T16:58:00.000Z,BOU,X,adjusted,channel,20478.316,nT
2026-04-14T16:59:00.000Z,BOU,X,adjusted,channel,20478.212,nT
2026-04-14T17:00:00.000Z,BOU,X,adjusted,channel,20478.067,nT
2026-04-14T17:01:00.000Z,BOU,X,adjusted,channel,20478.157,nT
2026-04-14T17:02:00.000Z,BOU,X,adjusted,channel,20478.008,nT
2026-04-14T17:03:00.000Z,BOU,X,adjusted,channel,20478.434,nT
2026-04-14T17:04:00.000Z,BOU,X,adjusted,channel,20478.829,nT
2026-04-14T17:05:00.000Z,BOU,X,adjusted,channel,20479.136,nT
2026-04-14T17:06:00.000Z,BOU,X,adjusted,channel,20479.091,nT
2026-04-14T17:07:00.000Z,BOU,X,adjusted,channel,20479.279,nT
2026-04-14T17:08:00.000Z,BOU,X,adjusted,channel,20479.135,nT
2026-04-14T17:09:00.000Z,BOU,X,adjusted,channel,20479.489,nT
2026-04-14T17:10:00.000Z,BOU,X,adjusted,channel,20479.569,nT
2026-04-14T17:11:00.000Z,BOU,X,adjusted,channel,20479.812,nT
2026-04-14T17:12:00.000Z,BOU,X,adjusted,channel,20480.071,nT
2026-04-14T17:13:00.000Z,BOU,X,adjusted,channel,20480.519,nT
2026-04-14T17:14:00.000Z,BOU,X,adjusted,channel,20480.519,nT
2026-04-14T17:15:00.000Z,BOU,X,adjusted,channel,20480.931,nT
2026-04-14T17:16:00.000Z,BOU,X,adjusted,channel,20481.188,nT
2026-04-14T17:17:00.000Z,BOU,X,adjusted,channel,20480.736,nT
2026-04-14T17:18:00.000Z,BOU,X,adjusted,channel,20480.905,nT
2026-04-14T17:19:00.000Z,BOU,X,adjusted,channel,20480.471,nT
2026-04-14T17:20:00.000Z,BOU,X,adjusted,channel,20480.924,nT
2026-04-14T17:21:00.000Z,BOU,X,adjusted,channel,20480.932,nT
2026-04-14T17:22:00.000Z,BOU,X,adjusted,channel,20481.22,nT
2026-04-14T17:23:00.000Z,BOU,X,adjusted,channel,20481.547,nT
2026-04-14T17:24:00.000Z,BOU,X,adjusted,channel,20481.861,nT
2026-04-14T17:25:00.000Z,BOU,X,adjusted,channel,20481.986,nT
2026-04-14T17:26:00.000Z,BOU,X,adjusted,channel,20482.19,nT
2026-04-14T17:27:00.000Z,BOU,X,adjusted,channel,20481.66,nT
2026-04-14T17:28:00.000Z,BOU,X,adjusted,channel,20481.002,nT
2026-04-14T17:29:00.000Z,BOU,X,adjusted,channel,20480.137,nT
2026-04-14T17:30:00.000Z,BOU,X,adjusted,channel,20479.224,nT
2026-04-14T17:31:00.000Z,BOU,X,adjusted,channel,20478.975,nT
2026-04-14T17:32:00.000Z,BOU,X,adjusted,channel,20480.169,nT
2026-04-14T17:33:00.000Z,BOU,X,adjusted,channel,20482.032,nT
2026-04-14T17:34:00.000Z,BOU,X,adjusted,channel,20483.432,nT
2026-04-14T17:35:00.000Z,BOU,X,adjusted,channel,20484.337,nT
2026-04-14T17:36:00.000Z,BOU,X,adjusted,channel,20484.719,nT
2026-04-14T17:37:00.000Z,BOU,X,adjusted,channel,20484.87,nT
2026-04-14T17:38:00.000Z,BOU,X,adjusted,channel,20485.255,nT
2026-04-14T17:39:00.000Z,BOU,X,adjusted,channel,20485.849,nT
2026-04-14T17:40:00.000Z,BOU,X,adjusted,channel,20486.459,nT
2026-04-14T17:41:00.000Z,BOU,X,adjusted,channel,20486.69,nT
2026-04-14T17:42:00.000Z,BOU,X,adjusted,channel,20486.877,nT
2026-04-14T17:43:00.000Z,BOU,X,adjusted,channel,20487.015,nT
2026-04-14T17:44:00.000Z,BOU,X,adjusted,channel,20487.111,nT
2026-04-14T17:45:00.000Z,BOU,X,adjusted,channel,20486.909,nT
2026-04-14T17:46:00.000Z,BOU,X,adjusted,channel,20487.052,nT
2026-04-14T17:47:00.000Z,BOU,X,adjusted,channel,20487.034,nT
2026-04-14T17:48:00.000Z,BOU,X,adjusted,channel,20486.786,nT
2026-04-14T17:49:00.000Z,BOU,X,adjusted,channel,20486.676,nT
2026-04-14T17:50:00.000Z,BOU,X,adjusted,channel,20486.46,nT
2026-04-14T17:51:00.000Z,BOU,X,adjusted,channel,20486.42,nT
2026-04-14T17:52:00.000Z,BOU,X,adjusted,channel,20486.314,nT
2026-04-14T17:53:00.000Z,BOU,X,adjusted,channel,20486.569,nT
2026-04-14T17:54:00.000Z,BOU,X,adjusted,channel,20486.08,nT
2026-04-14T17:55:00.000Z,BOU,X,adjusted,channel,20485.948,nT
2026-04-14T17:56:00.000Z,BOU,X,adjusted,channel,20485.928,nT
2026-04-14T17:57:00.000Z,BOU,X,adjusted,channel,20485.759,nT
2026-04-14T17:58:00.000Z,BOU,X,adjusted,channel,20485.995,nT
2026-04-14T17:59:00.000Z,BOU,X,adjusted,channel,20486.195,nT
2026-04-14T18:00:00.000Z,BOU,X,adjusted,channel,20486.891,nT
2026-04-14T18:01:00.000Z,BOU,X,adjusted,channel,20487.079,nT
2026-04-14T18:02:00.000Z,BOU,X,adjusted,channel,20487.069,nT
2026-04-14T18:03:00.000Z,BOU,X,adjusted,channel,20487.015,nT
2026-04-14T18:04:00.000Z,BOU,X,adjusted,channel,20487.021,nT
2026-04-14T18:05:00.000Z,BOU,X,adjusted,channel,20486.899,nT
2026-04-14T18:06:00.000Z,BOU,X,adjusted,channel,20487.079,nT
2026-04-14T18:07:00.000Z,BOU,X,adjusted,channel,20487.067,nT
2026-04-14T18:08:00.000Z,BOU,X,adjusted,channel,20487.208,nT
2026-04-14T18:09:00.000Z,BOU,X,adjusted,channel,20487.311,nT
2026-04-14T18:10:00.000Z,BOU,X,adjusted,channel,20487.637,nT
2026-04-14T18:11:00.000Z,BOU,X,adjusted,channel,20487.772,nT
2026-04-14T18:12:00.000Z,BOU,X,adjusted,channel,20487.951,nT
2026-04-14T18:13:00.000Z,BOU,X,adjusted,channel,20488.018,nT
2026-04-14T18:14:00.000Z,BOU,X,adjusted,channel,20488.007,nT
2026-04-14T18:15:00.000Z,BOU,X,adjusted,channel,20487.759,nT
2026-04-14T18:16:00.000Z,BOU,X,adjusted,channel,20487.655,nT
2026-04-14T18:17:00.000Z,BOU,X,adjusted,channel,20487.69,nT
2026-04-14T18:18:00.000Z,BOU,X,adjusted,channel,20487.654,nT
2026-04-14T18:19:00.000Z,BOU,X,adjusted,channel,20487.565,nT
2026-04-14T18:20:00.000Z,BOU,X,adjusted,channel,20487.647,nT
2026-04-14T18:21:00.000Z,BOU,X,adjusted,channel,20487.44,nT
2026-04-14T18:22:00.000Z,BOU,X,adjusted,channel,20487.313,nT
2026-04-14T18:23:00.000Z,BOU,X,adjusted,channel,20486.987,nT
2026-04-14T18:24:00.000Z,BOU,X,adjusted,channel,20486.916,nT
2026-04-14T18:25:00.000Z,BOU,X,adjusted,channel,20487.11,nT
2026-04-14T18:26:00.000Z,BOU,X,adjusted,channel,20487.074,nT
2026-04-14T18:27:00.000Z,BOU,X,adjusted,channel,20487.013,nT
2026-04-14T18:28:00.000Z,BOU,X,adjusted,channel,20487.27,nT
2026-04-14T18:29:00.000Z,BOU,X,adjusted,channel,20487.288,nT
2026-04-14T18:30:00.000Z,BOU,X,adjusted,channel,20487.564,nT
2026-04-14T18:31:00.000Z,BOU,X,adjusted,channel,20487.831,nT
2026-04-14T18:32:00.000Z,BOU,X,adjusted,channel,20488.108,nT
2026-04-14T18:33:00.000Z,BOU,X,adjusted,channel,20488.609,nT
2026-04-14T18:34:00.000Z,BOU,X,adjusted,channel,20488.998,nT
2026-04-14T18:35:00.000Z,BOU,X,adjusted,channel,20489.194,nT
2026-04-14T18:36:00.000Z,BOU,X,adjusted,channel,20489.307,nT
2026-04-14T18:37:00.000Z,BOU,X,adjusted,channel,20489.632,nT
2026-04-14T18:38:00.000Z,BOU,X,adjusted,channel,20489.804,nT
2026-04-14T18:39:00.000Z,BOU,X,adjusted,channel,20489.756,nT
2026-04-14T18:40:00.000Z,BOU,X,adjusted,channel,20489.889,nT
2026-04-14T18:41:00.000Z,BOU,X,adjusted,channel,20490.117,nT
2026-04-14T18:42:00.000Z,BOU,X,adjusted,channel,20490.176,nT
2026-04-14T18:43:00.000Z,BOU,X,adjusted,channel,20490.169,nT
2026-04-14T18:44:00.000Z,BOU,X,adjusted,channel,20490.177,nT
2026-04-14T18:45:00.000Z,BOU,X,adjusted,channel,20490.213,nT
2026-04-14T18:46:00.000Z,BOU,X,adjusted,channel,20490.212,nT
2026-04-14T18:47:00.000Z,BOU,X,adjusted,channel,20490.352,nT
2026-04-14T18:48:00.000Z,BOU,X,adjusted,channel,20490.399,nT
2026-04-14T18:49:00.000Z,BOU,X,adjusted,channel,20490.409,nT
2026-04-14T18:50:00.000Z,BOU,X,adjusted,channel,20490.449,nT
2026-04-14T18:51:00.000Z,BOU,X,adjusted,channel,20490.433,nT
2026-04-14T18:52:00.000Z,BOU,X,adjusted,channel,20490.479,nT
2026-04-14T18:53:00.000Z,BOU,X,adjusted,channel,20490.416,nT
2026-04-14T18:54:00.000Z,BOU,X,adjusted,channel,20490.499,nT
2026-04-14T18:55:00.000Z,BOU,X,adjusted,channel,20490.542,nT
2026-04-14T18:56:00.000Z,BOU,X,adjusted,channel,20490.362,nT
2026-04-14T18:57:00.000Z,BOU,X,adjusted,channel,20490.488,nT
2026-04-14T18:58:00.000Z,BOU,X,adjusted,channel,20490.498,nT
2026-04-14T18:59:00.000Z,BOU,X,adjusted,channel,20490.649,nT
2026-04-14T19:00:00.000Z,BOU,X,adjusted,channel,20490.788,nT
2026-04-14T19:01:00.000Z,BOU,X,adjusted,channel,20490.882,nT
2026-04-14T19:02:00.000Z,BOU,X,adjusted,channel,20490.962,nT
2026-04-14T19:03:00.000Z,BOU,X,adjusted,channel,20490.848,nT
2026-04-14T19:04:00.000Z,BOU,X,adjusted,channel,20490.826,nT
2026-04-14T19:05:00.000Z,BOU,X,adjusted,channel,20490.773,nT
2026-04-14T19:06:00.000Z,BOU,X,adjusted,channel,20490.765,nT
2026-04-14T19:07:00.000Z,BOU,X,adjusted,channel,20490.815,nT
2026-04-14T19:08:00.000Z,BOU,X,adjusted,channel,20490.725,nT
2026-04-14T19:09:00.000Z,BOU,X,adjusted,channel,20490.79,nT
2026-04-14T19:10:00.000Z,BOU,X,adjusted,channel,20490.612,nT
2026-04-14T19:11:00.000Z,BOU,X,adjusted,channel,20490.663,nT
2026-04-14T19:12:00.000Z,BOU,X,adjusted,channel,20490.692,nT
2026-04-14T19:13:00.000Z,BOU,X,adjusted,channel,20490.689,nT
2026-04-14T19:14:00.000Z,BOU,X,adjusted,channel,20490.846,nT
2026-04-14T19:15:00.000Z,BOU,X,adjusted,channel,20491.041,nT
2026-04-14T19:16:00.000Z,BOU,X,adjusted,channel,20491.279,nT
2026-04-14T19:17:00.000Z,BOU,X,adjusted,channel,20491.367,nT
2026-04-14T19:18:00.000Z,BOU,X,adjusted,channel,20491.368,nT
2026-04-14T19:19:00.000Z,BOU,X,adjusted,channel,20491.532,nT
2026-04-14T19:20:00.000Z,BOU,X,adjusted,channel,20491.602,nT
2026-04-14T19:21:00.000Z,BOU,X,adjusted,channel,20491.761,nT
2026-04-14T19:22:00.000Z,BOU,X,adjusted,channel,20491.792,nT
2026-04-14T19:23:00.000Z,BOU,X,adjusted,channel,20491.92,nT
2026-04-14T19:24:00.000Z,BOU,X,adjusted,channel,20492.049,nT
2026-04-14T19:25:00.000Z,BOU,X,adjusted,channel,20492.052,nT
2026-04-14T19:26:00.000Z,BOU,X,adjusted,channel,20491.999,nT
2026-04-14T19:27:00.000Z,BOU,X,adjusted,channel,20492.033,nT
2026-04-14T19:28:00.000Z,BOU,X,adjusted,channel,20492.045,nT
2026-04-14T19:29:00.000Z,BOU,X,adjusted,channel,20491.898,nT
2026-04-14T19:30:00.000Z,BOU,X,adjusted,channel,20491.871,nT
2026-04-14T19:31:00.000Z,BOU,X,adjusted,channel,20491.947,nT
2026-04-14T19:32:00.000Z,BOU,X,adjusted,channel,20491.85,nT
2026-04-14T19:33:00.000Z,BOU,X,adjusted,channel,20492.024,nT
2026-04-14T19:34:00.000Z,BOU,X,adjusted,channel,20492.267,nT
2026-04-14T19:35:00.000Z,BOU,X,adjusted,channel,20492.344,nT
2026-04-14T19:36:00.000Z,BOU,X,adjusted,channel,20492.813,nT
2026-04-14T19:37:00.000Z,BOU,X,adjusted,channel,20492.874,nT
2026-04-14T19:38:00.000Z,BOU,X,adjusted,channel,20492.932,nT
2026-04-14T19:39:00.000Z,BOU,X,adjusted,channel,20492.961,nT
2026-04-14T19:40:00.000Z,BOU,X,adjusted,channel,20492.851,nT
2026-04-14T19:41:00.000Z,BOU,X,adjusted,channel,20492.708,nT
2026-04-14T19:42:00.000Z,BOU,X,adjusted,channel,20492.487,nT
2026-04-14T19:43:00.000Z,BOU,X,adjusted,channel,20492.323,nT
2026-04-14T19:44:00.000Z,BOU,X,adjusted,channel,20492.374,nT
2026-04-14T19:45:00.000Z,BOU,X,adjusted,channel,20492.227,nT
2026-04-14T19:46:00.000Z,BOU,X,adjusted,channel,20492.171,nT
2026-04-14T19:47:00.000Z,BOU,X,adjusted,channel,20492.067,nT
2026-04-14T19:48:00.000Z,BOU,X,adjusted,channel,20492.083,nT
2026-04-14T19:49:00.000Z,BOU,X,adjusted,channel,20492.145,nT
2026-04-14T19:50:00.000Z,BOU,X,adjusted,channel,20492.15,nT
2026-04-14T19:51:00.000Z,BOU,X,adjusted,channel,20492.1,nT
2026-04-14T19:52:00.000Z,BOU,X,adjusted,channel,20492.107,nT
2026-04-14T19:53:00.000Z,BOU,X,adjusted,channel,20491.98,nT
2026-04-14T19:54:00.000Z,BOU,X,adjusted,channel,20491.803,nT
2026-04-14T19:55:00.000Z,BOU,X,adjusted,channel,20491.473,nT
2026-04-14T19:56:00.000Z,BOU,X,adjusted,channel,20491.296,nT
2026-04-14T19:57:00.000Z,BOU,X,adjusted,channel,20491.068,nT
2026-04-14T19:58:00.000Z,BOU,X,adjusted,channel,20490.989,nT
2026-04-14T19:59:00.000Z,BOU,X,adjusted,channel,20490.946,nT
2026-04-14T20:00:00.000Z,BOU,X,adjusted,channel,20490.885,nT
2026-04-14T20:01:00.000Z,BOU,X,adjusted,channel,20490.747,nT
2026-04-14T20:02:00.000Z,BOU,X,adjusted,channel,20490.337,nT
2026-04-14T20:03:00.000Z,BOU,X,adjusted,channel,20489.98,nT
2026-04-14T20:04:00.000Z,BOU,X,adjusted,channel,20489.958,nT
2026-04-14T20:05:00.000Z,BOU,X,adjusted,channel,20489.751,nT
2026-04-14T20:06:00.000Z,BOU,X,adjusted,channel,20489.589,nT
2026-04-14T20:07:00.000Z,BOU,X,adjusted,channel,20489.342,nT
2026-04-14T20:08:00.000Z,BOU,X,adjusted,channel,20489.375,nT
2026-04-14T20:09:00.000Z,BOU,X,adjusted,channel,20489.652,nT
2026-04-14T20:10:00.000Z,BOU,X,adjusted,channel,20490.008,nT
2026-04-14T20:11:00.000Z,BOU,X,adjusted,channel,20490.066,nT
2026-04-14T20:12:00.000Z,BOU,X,adjusted,channel,20490.326,nT
2026-04-14T20:13:00.000Z,BOU,X,adjusted,channel,20490.412,nT
2026-04-14T20:14:00.000Z,BOU,X,adjusted,channel,20490.644,nT
2026-04-14T20:15:00.000Z,BOU,X,adjusted,channel,20490.396,nT
2026-04-14T20:16:00.000Z,BOU,X,adjusted,channel,20490.357,nT
2026-04-14T20:17:00.000Z,BOU,X,adjusted,channel,20490.49,nT
2026-04-14T20:18:00.000Z,BOU,X,adjusted,channel,20490.485,nT
2026-04-14T20:19:00.000Z,BOU,X,adjusted,channel,20490.569,nT
2026-04-14T20:20:00.000Z,BOU,X,adjusted,channel,20490.463,nT
2026-04-14T20:21:00.000Z,BOU,X,adjusted,channel,20490.136,nT
2026-04-14T20:22:00.000Z,BOU,X,adjusted,channel,20489.75,nT
2026-04-14T20:23:00.000Z,BOU,X,adjusted,channel,20489.869,nT
2026-04-14T20:24:00.000Z,BOU,X,adjusted,channel,20489.565,nT
2026-04-14T20:25:00.000Z,BOU,X,adjusted,channel,20489.393,nT
2026-04-14T20:26:00.000Z,BOU,X,adjusted,channel,20489.237,nT
2026-04-14T20:27:00.000Z,BOU,X,adjusted,channel,20489.255,nT
2026-04-14T20:28:00.000Z,BOU,X,adjusted,channel,20489.076,nT
2026-04-14T20:29:00.000Z,BOU,X,adjusted,channel,20488.984,nT
2026-04-14T20:30:00.000Z,BOU,X,adjusted,channel,20488.933,nT
2026-04-14T20:31:00.000Z,BOU,X,adjusted,channel,20488.77,nT
2026-04-14T20:32:00.000Z,BOU,X,adjusted,channel,20488.595,nT
2026-04-14T20:33:00.000Z,BOU,X,adjusted,channel,20488.368,nT
2026-04-14T20:34:00.000Z,BOU,X,adjusted,channel,20488.239,nT
2026-04-14T20:35:00.000Z,BOU,X,adjusted,channel,20487.864,nT
2026-04-14T20:36:00.000Z,BOU,X,adjusted,channel,20487.703,nT
2026-04-14T20:37:00.000Z,BOU,X,adjusted,channel,20487.617,nT
2026-04-14T20:38:00.000Z,BOU,X,adjusted,channel,20487.595,nT
2026-04-14T20:39:00.000Z,BOU,X,adjusted,channel,20487.484,nT
2026-04-14T20:40:00.000Z,BOU,X,adjusted,channel,20487.575,nT
2026-04-14T20:41:00.000Z,BOU,X,adjusted,channel,20487.381,nT
2026-04-14T20:42:00.000Z,BOU,X,adjusted,channel,20487.099,nT
2026-04-14T20:43:00.000Z,BOU,X,adjusted,channel,20486.696,nT
2026-04-14T20:44:00.000Z,BOU,X,adjusted,channel,20486.468,nT
2026-04-14T20:45:00.000Z,BOU,X,adjusted,channel,20486.515,nT
2026-04-14T20:46:00.000Z,BOU,X,adjusted,channel,20486.492,nT
2026-04-14T20:47:00.000Z,BOU,X,adjusted,channel,20486.434,nT
2026-04-14T20:48:00.000Z,BOU,X,adjusted,channel,20486.647,nT
2026-04-14T20:49:00.000Z,BOU,X,adjusted,channel,20486.779,nT
2026-04-14T20:50:00.000Z,BOU,X,adjusted,channel,20486.924,nT
2026-04-14T20:51:00.000Z,BOU,X,adjusted,channel,20486.948,nT
2026-04-14T20:52:00.000Z,BOU,X,adjusted,channel,20486.991,nT
2026-04-14T20:53:00.000Z,BOU,X,adjusted,channel,20487.058,nT
2026-04-14T20:54:00.000Z,BOU,X,adjusted,channel,20486.719,nT
2026-04-14T20:55:00.000Z,BOU,X,adjusted,channel,20486.807,nT
2026-04-14T20:56:00.000Z,BOU,X,adjusted,channel,20486.716,nT
2026-04-14T20:57:00.000Z,BOU,X,adjusted,channel,20486.952,nT
2026-04-14T20:58:00.000Z,BOU,X,adjusted,channel,20486.82,nT
2026-04-14T20:59:00.000Z,BOU,X,adjusted,channel,20486.872,nT
2026-04-14T21:00:00.000Z,BOU,X,adjusted,channel,20486.923,nT
2026-04-14T21:01:00.000Z,BOU,X,adjusted,channel,20486.988,nT
2026-04-14T21:02:00.000Z,BOU,X,adjusted,channel,20487.186,nT
2026-04-14T21:03:00.000Z,BOU,X,adjusted,channel,20487.229,nT
2026-04-14T21:04:00.000Z,BOU,X,adjusted,channel,20487.506,nT
2026-04-14T21:05:00.000Z,BOU,X,adjusted,channel,20487.789,nT
2026-04-14T21:06:00.000Z,BOU,X,adjusted,channel,20488.056,nT
2026-04-14T21:07:00.000Z,BOU,X,adjusted,channel,20487.848,nT
2026-04-14T21:08:00.000Z,BOU,X,adjusted,channel,20487.83,nT
2026-04-14T21:09:00.000Z,BOU,X,adjusted,channel,20487.652,nT
2026-04-14T21:10:00.000Z,BOU,X,adjusted,channel,20487.528,nT
2026-04-14T21:11:00.000Z,BOU,X,adjusted,channel,20487.184,nT
2026-04-14T21:12:00.000Z,BOU,X,adjusted,channel,20487.126,nT
2026-04-14T21:13:00.000Z,BOU,X,adjusted,channel,20487.164,nT
2026-04-14T21:14:00.000Z,BOU,X,adjusted,channel,20487.147,nT
2026-04-14T21:15:00.000Z,BOU,X,adjusted,channel,20486.987,nT
2026-04-14T21:16:00.000Z,BOU,X,adjusted,channel,20486.865,nT
2026-04-14T21:17:00.000Z,BOU,X,adjusted,channel,20486.542,nT
2026-04-14T21:18:00.000Z,BOU,X,adjusted,channel,20486.654,nT
2026-04-14T21:19:00.000Z,BOU,X,adjusted,channel,20486.032,nT
2026-04-14T21:20:00.000Z,BOU,X,adjusted,channel,20486.175,nT
2026-04-14T21:21:00.000Z,BOU,X,adjusted,channel,20486.067,nT
2026-04-14T21:22:00.000Z,BOU,X,adjusted,channel,20485.661,nT
2026-04-14T21:23:00.000Z,BOU,X,adjusted,channel,20485.741,nT
2026-04-14T21:24:00.000Z,BOU,X,adjusted,channel,20486.094,nT
2026-04-14T21:25:00.000Z,BOU,X,adjusted,channel,20486.103,nT
2026-04-14T21:26:00.000Z,BOU,X,adjusted,channel,20486.442,nT
2026-04-14T21:27:00.000Z,BOU,X,adjusted,channel,20486.844,nT
2026-04-14T21:28:00.000Z,BOU,X,adjusted,channel,20486.996,nT
2026-04-14T21:29:00.000Z,BOU,X,adjusted,channel,20487.231,nT
2026-04-14T21:30:00.000Z,BOU,X,adjusted,channel,20487.461,nT
2026-04-14T21:31:00.000Z,BOU,X,adjusted,channel,20487.677,nT
2026-04-14T21:32:00.000Z,BOU,X,adjusted,channel,20487.787,nT
2026-04-14T21:33:00.000Z,BOU,X,adjusted,channel,20488.071,nT
2026-04-14T21:34:00.000Z,BOU,X,adjusted,channel,20488.168,nT
2026-04-14T21:35:00.000Z,BOU,X,adjusted,channel,20488.156,nT
2026-04-14T21:36:00.000Z,BOU,X,adjusted,channel,20488.06,nT
2026-04-14T21:37:00.000Z,BOU,X,adjusted,channel,20488.215,nT
2026-04-14T21:38:00.000Z,BOU,X,adjusted,channel,20488.338,nT
2026-04-14T21:39:00.000Z,BOU,X,adjusted,channel,20488.043,nT
2026-04-14T21:40:00.000Z,BOU,X,adjusted,channel,20487.845,nT
2026-04-14T21:41:00.000Z,BOU,X,adjusted,channel,20487.713,nT
2026-04-14T21:42:00.000Z,BOU,X,adjusted,channel,20487.644,nT
2026-04-14T21:43:00.000Z,BOU,X,adjusted,channel,20487.32,nT
2026-04-14T21:44:00.000Z,BOU,X,adjusted,channel,20487.525,nT
2026-04-14T21:45:00.000Z,BOU,X,adjusted,channel,20487.577,nT
2026-04-14T21:46:00.000Z,BOU,X,adjusted,channel,20487.354,nT
2026-04-14T21:47:00.000Z,BOU,X,adjusted,channel,20487.468,nT
2026-04-14T21:48:00.000Z,BOU,X,adjusted,channel,20487.715,nT
2026-04-14T21:49:00.000Z,BOU,X,adjusted,channel,20487.902,nT
2026-04-14T21:50:00.000Z,BOU,X,adjusted,channel,20487.943,nT
2026-04-14T21:51:00.000Z,BOU,X,adjusted,channel,20488.135,nT
2026-04-14T21:52:00.000Z,BOU,X,adjusted,channel,20488.272,nT
2026-04-14T21:53:00.000Z,BOU,X,adjusted,channel,20488.154,nT
2026-04-14T21:54:00.000Z,BOU,X,adjusted,channel,20488.185,nT
2026-04-14T21:55:00.000Z,BOU,X,adjusted,channel,20488.363,nT
2026-04-14T21:56:00.000Z,BOU,X,adjusted,channel,20488.233,nT
2026-04-14T21:57:00.000Z,BOU,X,adjusted,channel,20488.31,nT
2026-04-14T21:58:00.000Z,BOU,X,adjusted,channel,20488.44,nT
2026-04-14T21:59:00.000Z,BOU,X,adjusted,channel,20488.586,nT
2026-04-14T22:00:00.000Z,BOU,X,adjusted,channel,20488.533,nT
2026-04-14T22:01:00.000Z,BOU,X,adjusted,channel,20488.724,nT
2026-04-14T22:02:00.000Z,BOU,X,adjusted,channel,20488.682,nT
2026-04-14T22:03:00.000Z,BOU,X,adjusted,channel,20488.646,nT
2026-04-14T22:04:00.000Z,BOU,X,adjusted,channel,20488.657,nT
2026-04-14T22:05:00.000Z,BOU,X,adjusted,channel,20488.747,nT
2026-04-14T22:06:00.000Z,BOU,X,adjusted,channel,20488.923,nT
2026-04-14T22:07:00.000Z,BOU,X,adjusted,channel,20488.997,nT
2026-04-14T22:08:00.000Z,BOU,X,adjusted,channel,20489.056,nT
2026-04-14T22:09:00.000Z,BOU,X,adjusted,channel,20489.149,nT
2026-04-14T22:10:00.000Z,BOU,X,adjusted,channel,20489.101,nT
2026-04-14T22:11:00.000Z,BOU,X,adjusted,channel,20489.064,nT
2026-04-14T22:12:00.000Z,BOU,X,adjusted,channel,20489.397,nT
2026-04-14T22:13:00.000Z,BOU,X,adjusted,channel,20489.717,nT
2026-04-14T22:14:00.000Z,BOU,X,adjusted,channel,20490.191,nT
2026-04-14T22:15:00.000Z,BOU,X,adjusted,channel,20490.33,nT
2026-04-14T22:16:00.000Z,BOU,X,adjusted,channel,20490.632,nT
2026-04-14T22:17:00.000Z,BOU,X,adjusted,channel,20490.68,nT
2026-04-14T22:18:00.000Z,BOU,X,adjusted,channel,20490.679,nT
2026-04-14T22:19:00.000Z,BOU,X,adjusted,channel,20490.429,nT
2026-04-14T22:20:00.000Z,BOU,X,adjusted,channel,20490.6,nT
2026-04-14T22:21:00.000Z,BOU,X,adjusted,channel,20491.286,nT
2026-04-14T22:22:00.000Z,BOU,X,adjusted,channel,20491.578,nT
2026-04-14T22:23:00.000Z,BOU,X,adjusted,channel,20492.351,nT
2026-04-14T22:24:00.000Z,BOU,X,adjusted,channel,20492.786,nT
2026-04-14T22:25:00.000Z,BOU,X,adjusted,channel,20493.413,nT
2026-04-14T22:26:00.000Z,BOU,X,adjusted,channel,20493.753,nT
2026-04-14T22:27:00.000Z,BOU,X,adjusted,channel,20493.987,nT
2026-04-14T22:28:00.000Z,BOU,X,adjusted,channel,20494.026,nT
2026-04-14T22:29:00.000Z,BOU,X,adjusted,channel,20494.059,nT
2026-04-14T22:30:00.000Z,BOU,X,adjusted,channel,20494.108,nT
2026-04-14T22:31:00.000Z,BOU,X,adjusted,channel,20493.765,nT
2026-04-14T22:32:00.000Z,BOU,X,adjusted,channel,20493.647,nT
2026-04-14T22:33:00.000Z,BOU,X,adjusted,channel,20493.746,nT
2026-04-14T22:34:00.000Z,BOU,X,adjusted,channel,20493.681,nT
2026-04-14T22:35:00.000Z,BOU,X,adjusted,channel,20493.594,nT
2026-04-14T22:36:00.000Z,BOU,X,adjusted,channel,20493.597,nT
2026-04-14T22:37:00.000Z,BOU,X,adjusted,channel,20493.74,nT
2026-04-14T22:38:00.000Z,BOU,X,adjusted,channel,20493.69,nT
2026-04-14T22:39:00.000Z,BOU,X,adjusted,channel,20493.934,nT
2026-04-14T22:40:00.000Z,BOU,X,adjusted,channel,20494.301,nT
2026-04-14T22:41:00.000Z,BOU,X,adjusted,channel,20494.282,nT
2026-04-14T22:42:00.000Z,BOU,X,adjusted,channel,20494.879,nT
2026-04-14T22:43:00.000Z,BOU,X,adjusted,channel,20495.092,nT
2026-04-14T22:44:00.000Z,BOU,X,adjusted,channel,20495.257,nT
2026-04-14T22:45:00.000Z,BOU,X,adjusted,channel,20494.883,nT
2026-04-14T22:46:00.000Z,BOU,X,adjusted,channel,20495.185,nT
2026-04-14T22:47:00.000Z,BOU,X,adjusted,channel,20495.056,nT
2026-04-14T22:48:00.000Z,BOU,X,adjusted,channel,20495.503,nT
2026-04-14T22:49:00.000Z,BOU,X,adjusted,channel,20495.794,nT
2026-04-14T22:50:00.000Z,BOU,X,adjusted,channel,20495.996,nT
2026-04-14T22:51:00.000Z,BOU,X,adjusted,channel,20496.344,nT
2026-04-14T22:52:00.000Z,BOU,X,adjusted,channel,20496.883,nT
2026-04-14T22:53:00.000Z,BOU,X,adjusted,channel,20497.065,nT
2026-04-14T22:54:00.000Z,BOU,X,adjusted,channel,20497.248,nT
2026-04-14T22:55:00.000Z,BOU,X,adjusted,channel,20497.702,nT
2026-04-14T22:56:00.000Z,BOU,X,adjusted,channel,20498.186,nT
2026-04-14T22:57:00.000Z,BOU,X,adjusted,channel,20498.304,nT
2026-04-14T22:58:00.000Z,BOU,X,adjusted,channel,20498.158,nT
2026-04-14T22:59:00.000Z,BOU,X,adjusted,channel,20498.119,nT
2026-04-14T23:00:00.000Z,BOU,X,adjusted,channel,20497.914,nT
2026-04-14T23:01:00.000Z,BOU,X,adjusted,channel,20497.611,nT
2026-04-14T23:02:00.000Z,BOU,X,adjusted,channel,20497.582,nT
2026-04-14T23:03:00.000Z,BOU,X,adjusted,channel,20497.559,nT
2026-04-14T23:04:00.000Z,BOU,X,adjusted,channel,20497.491,nT
2026-04-14T23:05:00.000Z,BOU,X,adjusted,channel,20497.359,nT
2026-04-14T23:06:00.000Z,BOU,X,adjusted,channel,20497.207,nT
2026-04-14T23:07:00.000Z,BOU,X,adjusted,channel,20497.109,nT
2026-04-14T23:08:00.000Z,BOU,X,adjusted,channel,20496.811,nT
2026-04-14T23:09:00.000Z,BOU,X,adjusted,channel,20496.775,nT
2026-04-14T23:10:00.000Z,BOU,X,adjusted,channel,20496.593,nT
2026-04-14T23:11:00.000Z,BOU,X,adjusted,channel,20496.761,nT
2026-04-14T23:12:00.000Z,BOU,X,adjusted,channel,20496.977,nT
2026-04-14T23:13:00.000Z,BOU,X,adjusted,channel,20497.225,nT
2026-04-14T23:14:00.000Z,BOU,X,adjusted,channel,20497.357,nT
2026-04-14T23:15:00.000Z,BOU,X,adjusted,channel,20497.468,nT
2026-04-14T23:16:00.000Z,BOU,X,adjusted,channel,20497.847,nT
2026-04-14T23:17:00.000Z,BOU,X,adjusted,channel,20498.116,nT
2026-04-14T23:18:00.000Z,BOU,X,adjusted,channel,20498.219,nT
2026-04-14T23:19:00.000Z,BOU,X,adjusted,channel,20498.494,nT
2026-04-14T23:20:00.000Z,BOU,X,adjusted,channel,20498.54,nT
2026-04-14T23:21:00.000Z,BOU,X,adjusted,channel,20498.546,nT
2026-04-14T23:22:00.000Z,BOU,X,adjusted,channel,20498.873,nT
2026-04-14T23:23:00.000Z,BOU,X,adjusted,channel,20499.072,nT
2026-04-14T23:24:00.000Z,BOU,X,adjusted,channel,20498.9,nT
2026-04-14T23:25:00.000Z,BOU,X,adjusted,channel,20498.967,nT
2026-04-14T23:26:00.000Z,BOU,X,adjusted,channel,20499.116,nT
2026-04-14T23:27:00.000Z,BOU,X,adjusted,channel,20499.124,nT
2026-04-14T23:28:00.000Z,BOU,X,adjusted,channel,20499.202,nT
2026-04-14T23:29:00.000Z,BOU,X,adjusted,channel,20499.079,nT
2026-04-14T23:30:00.000Z,BOU,X,adjusted,channel,20498.915,nT
2026-04-14T23:31:00.000Z,BOU,X,adjusted,channel,20498.743,nT
2026-04-14T23:32:00.000Z,BOU,X,adjusted,channel,20498.651,nT
2026-04-14T23:33:00.000Z,BOU,X,adjusted,channel,20498.653,nT
2026-04-14T23:34:00.000Z,BOU,X,adjusted,channel,20498.805,nT
2026-04-14T23:35:00.000Z,BOU,X,adjusted,channel,20499.036,nT
2026-04-14T23:36:00.000Z,BOU,X,adjusted,channel,20499.08,nT
2026-04-14T23:37:00.000Z,BOU,X,adjusted,channel,20499.127,nT
2026-04-14T23:38:00.000Z,BOU,X,adjusted,channel,20499.181,nT
2026-04-14T23:39:00.000Z,BOU,X,adjusted,channel,20499.117,nT
2026-04-14T23:40:00.000Z,BOU,X,adjusted,channel,20499.142,nT
2026-04-14T23:41:00.000Z,BOU,X,adjusted,channel,20499.192,nT
2026-04-14T23:42:00.000Z,BOU,X,adjusted,channel,20499.361,nT
2026-04-14T23:43:00.000Z,BOU,X,adjusted,channel,20499.33,nT
2026-04-14T23:44:00.000Z,BOU,X,adjusted,channel,20499.324,nT
2026-04-14T23:45:00.000Z,BOU,X,adjusted,channel,20499.429,nT
2026-04-14T23:46:00.000Z,BOU,X,adjusted,channel,20499.516,nT
2026-04-14T23:47:00.000Z,BOU,X,adjusted,channel,20499.571,nT
2026-04-14T23:48:00.000Z,BOU,X,adjusted,channel,20499.594,nT
2026-04-14T23:49:00.000Z,BOU,X,adjusted,channel,20499.794,nT
2026-04-14T23:50:00.000Z,BOU,X,adjusted,channel,20499.837,nT
2026-04-14T23:51:00.000Z,BOU,X,adjusted,channel,20499.957,nT
2026-04-14T23:52:00.000Z,BOU,X,adjusted,channel,20500.027,nT
2026-04-14T23:53:00.000Z,BOU,X,adjusted,channel,20500.228,nT
2026-04-14T23:54:00.000Z,BOU,X,adjusted,channel,20500.362,nT
2026-04-14T23:55:00.000Z,BOU,X,adjusted,channel,20500.659,nT
2026-04-14T23:56:00.000Z,BOU,X,adjusted,channel,20500.962,nT
2026-04-14T23:57:00.000Z,BOU,X,adjusted,channel,20501.136,nT
2026-04-14T23:58:00.000Z,BOU,X,adjusted,channel,20501.19,nT
2026-04-14T23:59:00.000Z,BOU,X,adjusted,channel,20501.215,nT
2026-04-15T00:00:00.000Z,BOU,X,adjusted,channel,20501.228,nT
2026-04-15T00:01:00.000Z,BOU,X,adjusted,channel,20501.197,nT
2026-04-15T00:02:00.000Z,BOU,X,adjusted,channel,20501.105,nT
2026-04-15T00:03:00.000Z,BOU,X,adjusted,channel,20501.073,nT
2026-04-15T00:04:00.000Z,BOU,X,adjusted,channel,20501.127,nT
2026-04-15T00:05:00.000Z,BOU,X,adjusted,channel,20501.197,nT
2026-04-15T00:06:00.000Z,BOU,X,adjusted,channel,20501.226,nT
2026-04-15T00:07:00.000Z,BOU,X,adjusted,channel,20501.332,nT
2026-04-15T00:08:00.000Z,BOU,X,adjusted,channel,20501.498,nT
2026-04-15T00:09:00.000Z,BOU,X,adjusted,channel,20501.691,nT
2026-04-15T00:10:00.000Z,BOU,X,adjusted,channel,20501.816,nT
2026-04-15T00:11:00.000Z,BOU,X,adjusted,channel,20501.951,nT
2026-04-15T00:12:00.000Z,BOU,X,adjusted,channel,20502.114,nT
2026-04-15T00:13:00.000Z,BOU,X,adjusted,channel,20502.387,nT
2026-04-15T00:14:00.000Z,BOU,X,adjusted,channel,20502.594,nT
2026-04-15T00:15:00.000Z,BOU,X,adjusted,channel,20502.596,nT
2026-04-15T00:16:00.000Z,BOU,X,adjusted,channel,20502.554,nT
2026-04-15T00:17:00.000Z,BOU,X,adjusted,channel,20502.656,nT
2026-04-15T00:18:00.000Z,BOU,X,adjusted,channel,20502.621,nT
2026-04-15T00:19:00.000Z,BOU,X,adjusted,channel,20502.658,nT
2026-04-15T00:20:00.000Z,BOU,X,adjusted,channel,20502.766,nT
2026-04-15T00:21:00.000Z,BOU,X,adjusted,channel,20502.693,nT
2026-04-15T00:22:00.000Z,BOU,X,adjusted,channel,20502.635,nT
2026-04-15T00:23:00.000Z,BOU,X,adjusted,channel,20502.512,nT
2026-04-15T00:24:00.000Z,BOU,X,adjusted,channel,20502.94,nT
2026-04-15T00:25:00.000Z,BOU,X,adjusted,channel,20503.13,nT
2026-04-15T00:26:00.000Z,BOU,X,adjusted,channel,20502.511,nT
2026-04-15T00:27:00.000Z,BOU,X,adjusted,channel,20502.883,nT
2026-04-15T00:28:00.000Z,BOU,X,adjusted,channel,20502.893,nT
2026-04-15T00:29:00.000Z,BOU,X,adjusted,channel,20502.668,nT
2026-04-15T00:30:00.000Z,BOU,X,adjusted,channel,20502.985,nT
2026-04-15T00:31:00.000Z,BOU,X,adjusted,channel,20502.701,nT
2026-04-15T00:32:00.000Z,BOU,X,adjusted,channel,20502.257,nT
2026-04-15T00:33:00.000Z,BOU,X,adjusted,channel,20502.733,nT
2026-04-15T00:34:00.000Z,BOU,X,adjusted,channel,20502.341,nT
2026-04-15T00:35:00.000Z,BOU,X,adjusted,channel,20502.547,nT
2026-04-15T00:36:00.000Z,BOU,X,adjusted,channel,20503.215,nT
2026-04-15T00:37:00.000Z,BOU,X,adjusted,channel,20503.073,nT
2026-04-15T00:38:00.000Z,BOU,X,adjusted,channel,20503.085,nT
2026-04-15T00:39:00.000Z,BOU,X,adjusted,channel,20503.266,nT
2026-04-15T00:40:00.000Z,BOU,X,adjusted,channel,20502.878,nT
2026-04-15T00:41:00.000Z,BOU,X,adjusted,channel,20502.845,nT
2026-04-15T00:42:00.000Z,BOU,X,adjusted,channel,20502.638,nT
2026-04-15T00:43:00.000Z,BOU,X,adjusted,channel,20502.794,nT
2026-04-15T00:44:00.000Z,BOU,X,adjusted,channel,20502.564,nT
2026-04-15T00:45:00.000Z,BOU,X,adjusted,channel,20502.585,nT
2026-04-15T00:46:00.000Z,BOU,X,adjusted,channel,20502.675,nT
2026-04-15T00:47:00.000Z,BOU,X,adjusted,channel,20502.172,nT
2026-04-15T00:48:00.000Z,BOU,X,adjusted,channel,20502.137,nT
2026-04-15T00:49:00.000Z,BOU,X,adjusted,channel,20502.119,nT
2026-04-15T00:50:00.000Z,BOU,X,adjusted,channel,20501.711,nT
2026-04-15T00:51:00.000Z,BOU,X,adjusted,channel,20501.769,nT
2026-04-15T00:52:00.000Z,BOU,X,adjusted,channel,20501.496,nT
2026-04-15T00:53:00.000Z,BOU,X,adjusted,channel,20501.776,nT
2026-04-15T00:54:00.000Z,BOU,X,adjusted,channel,20501.591,nT
2026-04-15T00:55:00.000Z,BOU,X,adjusted,channel,20501.552,nT
2026-04-15T00:56:00.000Z,BOU,X,adjusted,channel,20501.659,nT
2026-04-15T00:57:00.000Z,BOU,X,adjusted,channel,20501.675,nT
2026-04-15T00:58:00.000Z,BOU,X,adjusted,channel,20501.852,nT
2026-04-15T00:59:00.000Z,BOU,X,adjusted,channel,20502.039,nT
2026-04-15T01:00:00.000Z,BOU,X,adjusted,channel,20502.39,nT
2026-04-15T01:01:00.000Z,BOU,X,adjusted,channel,20502.099,nT
2026-04-15T01:02:00.000Z,BOU,X,adjusted,channel,20502.409,nT
2026-04-15T01:03:00.000Z,BOU,X,adjusted,channel,20502.498,nT
2026-04-15T01:04:00.000Z,BOU,X,adjusted,channel,20502.397,nT
2026-04-15T01:05:00.000Z,BOU,X,adjusted,channel,20502.462,nT
2026-04-15T01:06:00.000Z,BOU,X,adjusted,channel,20502.307,nT
2026-04-15T01:07:00.000Z,BOU,X,adjusted,channel,20502.088,nT
2026-04-15T01:08:00.000Z,BOU,X,adjusted,channel,20502.041,nT
2026-04-15T01:09:00.000Z,BOU,X,adjusted,channel,20501.969,nT
2026-04-15T01:10:00.000Z,BOU,X,adjusted,channel,20501.907,nT
2026-04-15T01:11:00.000Z,BOU,X,adjusted,channel,20501.86,nT
2026-04-15T01:12:00.000Z,BOU,X,adjusted,channel,20501.789,nT
2026-04-15T01:13:00.000Z,BOU,X,adjusted,channel,20501.944,nT
2026-04-15T01:14:00.000Z,BOU,X,adjusted,channel,20502.009,nT
2026-04-15T01:15:00.000Z,BOU,X,adjusted,channel,20502.076,nT
2026-04-15T01:16:00.000Z,BOU,X,adjusted,channel,20502.038,nT
2026-04-15T01:17:00.000Z,BOU,X,adjusted,channel,20501.841,nT
2026-04-15T01:18:00.000Z,BOU,X,adjusted,channel,20501.741,nT
2026-04-15T01:19:00.000Z,BOU,X,adjusted,channel,20501.715,nT
2026-04-15T01:20:00.000Z,BOU,X,adjusted,channel,20501.89,nT
2026-04-15T01:21:00.000Z,BOU,X,adjusted,channel,20501.418,nT
2026-04-15T01:22:00.000Z,BOU,X,adjusted,channel,20501.44,nT
2026-04-15T01:23:00.000Z,BOU,X,adjusted,channel,20501.565,nT
2026-04-15T01:24:00.000Z,BOU,X,adjusted,channel,20501.591,nT
2026-04-15T01:25:00.000Z,BOU,X,adjusted,channel,20501.327,nT
2026-04-15T01:26:00.000Z,BOU,X,adjusted,channel,20501.426,nT
2026-04-15T01:27:00.000Z,BOU,X,adjusted,channel,20501.309,nT
2026-04-15T01:28:00.000Z,BOU,X,adjusted,channel,20501.103,nT
2026-04-15T01:29:00.000Z,BOU,X,adjusted,channel,20501.204,nT
2026-04-15T01:30:00.000Z,BOU,X,adjusted,channel,20501.222,nT
2026-04-15T01:31:00.000Z,BOU,X,adjusted,channel,20501.381,nT
2026-04-15T01:32:00.000Z,BOU,X,adjusted,channel,20501.483,nT
2026-04-15T01:33:00.000Z,BOU,X,adjusted,channel,20501.336,nT
2026-04-15T01:34:00.000Z,BOU,X,adjusted,channel,20501.511,nT
2026-04-15T01:35:00.000Z,BOU,X,adjusted,channel,20501.433,nT
2026-04-15T01:36:00.000Z,BOU,X,adjusted,channel,20501.515,nT
2026-04-15T01:37:00.000Z,BOU,X,adjusted,channel,20501.69,nT
2026-04-15T01:38:00.000Z,BOU,X,adjusted,channel,20501.815,nT
2026-04-15T01:39:00.000Z,BOU,X,adjusted,channel,20501.777,nT
2026-04-15T01:40:00.000Z,BOU,X,adjusted,channel,20501.766,nT
2026-04-15T01:41:00.000Z,BOU,X,adjusted,channel,20501.758,nT
2026-04-15T01:42:00.000Z,BOU,X,adjusted,channel,20501.577,nT
2026-04-15T01:43:00.000Z,BOU,X,adjusted,channel,20501.544,nT
2026-04-15T01:44:00.000Z,BOU,X,adjusted,channel,20501.333,nT
2026-04-15T01:45:00.000Z,BOU,X,adjusted,channel,20501.206,nT
2026-04-15T01:46:00.000Z,BOU,X,adjusted,channel,20501.293,nT
2026-04-15T01:47:00.000Z,BOU,X,adjusted,channel,20501.416,nT
2026-04-15T01:48:00.000Z,BOU,X,adjusted,channel,20501.643,nT
2026-04-15T01:49:00.000Z,BOU,X,adjusted,channel,20501.604,nT
2026-04-15T01:50:00.000Z,BOU,X,adjusted,channel,20501.996,nT
2026-04-15T01:51:00.000Z,BOU,X,adjusted,channel,20502.007,nT
2026-04-15T01:52:00.000Z,BOU,X,adjusted,channel,20501.998,nT
2026-04-15T01:53:00.000Z,BOU,X,adjusted,channel,20501.858,nT
2026-04-15T01:54:00.000Z,BOU,X,adjusted,channel,20501.757,nT
2026-04-15T01:55:00.000Z,BOU,X,adjusted,channel,20501.683,nT
2026-04-15T01:56:00.000Z,BOU,X,adjusted,channel,20501.722,nT
2026-04-15T01:57:00.000Z,BOU,X,adjusted,channel,20501.797,nT
2026-04-15T01:58:00.000Z,BOU,X,adjusted,channel,20501.642,nT
2026-04-15T01:59:00.000Z,BOU,X,adjusted,channel,20501.431,nT
2026-04-15T02:00:00.000Z,BOU,X,adjusted,channel,20501.275,nT
2026-04-15T02:01:00.000Z,BOU,X,adjusted,channel,20501.361,nT
2026-04-15T02:02:00.000Z,BOU,X,adjusted,channel,20501.241,nT
2026-04-15T02:03:00.000Z,BOU,X,adjusted,channel,20500.974,nT
2026-04-15T02:04:00.000Z,BOU,X,adjusted,channel,20500.962,nT
2026-04-15T02:05:00.000Z,BOU,X,adjusted,channel,20500.975,nT
2026-04-15T02:06:00.000Z,BOU,X,adjusted,channel,20501.259,nT
2026-04-15T02:07:00.000Z,BOU,X,adjusted,channel,20501.331,nT
2026-04-15T02:08:00.000Z,BOU,X,adjusted,channel,20501.426,nT
2026-04-15T02:09:00.000Z,BOU,X,adjusted,channel,20501.211,nT
2026-04-15T02:10:00.000Z,BOU,X,adjusted,channel,20500.965,nT
2026-04-15T02:11:00.000Z,BOU,X,adjusted,channel,20500.996,nT
2026-04-15T02:12:00.000Z,BOU,X,adjusted,channel,20501.047,nT
2026-04-15T02:13:00.000Z,BOU,X,adjusted,channel,20500.871,nT
2026-04-15T02:14:00.000Z,BOU,X,adjusted,channel,20500.709,nT
2026-04-15T02:15:00.000Z,BOU,X,adjusted,channel,20500.46,nT
2026-04-15T02:16:00.000Z,BOU,X,adjusted,channel,20500.154,nT
2026-04-15T02:17:00.000Z,BOU,X,adjusted,channel,20499.941,nT
2026-04-15T02:18:00.000Z,BOU,X,adjusted,channel,20499.739,nT
2026-04-15T02:19:00.000Z,BOU,X,adjusted,channel,20499.485,nT
2026-04-15T02:20:00.000Z,BOU,X,adjusted,channel,20499.341,nT
2026-04-15T02:21:00.000Z,BOU,X,adjusted,channel,20499.129,nT
2026-04-15T02:22:00.000Z,BOU,X,adjusted,channel,20498.81,nT
2026-04-15T02:23:00.000Z,BOU,X,adjusted,channel,20498.652,nT
2026-04-15T02:24:00.000Z,BOU,X,adjusted,channel,20498.343,nT
2026-04-15T02:25:00.000Z,BOU,X,adjusted,channel,20498.147,nT
2026-04-15T02:26:00.000Z,BOU,X,adjusted,channel,20497.871,nT
2026-04-15T02:27:00.000Z,BOU,X,adjusted,channel,20497.932,nT
2026-04-15T02:28:00.000Z,BOU,X,adjusted,channel,20497.82,nT
2026-04-15T02:29:00.000Z,BOU,X,adjusted,channel,20497.902,nT
2026-04-15T02:30:00.000Z,BOU,X,adjusted,channel,20498.102,nT
2026-04-15T02:31:00.000Z,BOU,X,adjusted,channel,20497.937,nT
2026-04-15T02:32:00.000Z,BOU,X,adjusted,channel,20497.993,nT
2026-04-15T02:33:00.000Z,BOU,X,adjusted,channel,20498.216,nT
2026-04-15T02:34:00.000Z,BOU,X,adjusted,channel,20498.336,nT
2026-04-15T02:35:00.000Z,BOU,X,adjusted,channel,20498.359,nT
2026-04-15T02:36:00.000Z,BOU,X,adjusted,channel,20498.221,nT
2026-04-15T02:37:00.000Z,BOU,X,adjusted,channel,20498.188,nT
2026-04-15T02:38:00.000Z,BOU,X,adjusted,channel,20498.229,nT
2026-04-15T02:39:00.000Z,BOU,X,adjusted,channel,20498.012,nT
2026-04-15T02:40:00.000Z,BOU,X,adjusted,channel,20498.216,nT
2026-04-15T02:41:00.000Z,BOU,X,adjusted,channel,20498.201,nT
2026-04-15T02:42:00.000Z,BOU,X,adjusted,channel,20498.307,nT
2026-04-15T02:43:00.000Z,BOU,X,adjusted,channel,20498.349,nT
2026-04-15T02:44:00.000Z,BOU,X,adjusted,channel,20498.44,nT
2026-04-15T02:45:00.000Z,BOU,X,adjusted,channel,20498.393,nT
2026-04-15T02:46:00.000Z,BOU,X,adjusted,channel,20498.285,nT
2026-04-15T02:47:00.000Z,BOU,X,adjusted,channel,20498.241,nT
2026-04-15T02:48:00.000Z,BOU,X,adjusted,channel,20498.242,nT
2026-04-15T02:49:00.000Z,BOU,X,adjusted,channel,20498.265,nT
2026-04-15T02:50:00.000Z,BOU,X,adjusted,channel,20498.455,nT
2026-04-15T02:51:00.000Z,BOU,X,adjusted,channel,20498.516,nT
2026-04-15T02:52:00.000Z,BOU,X,adjusted,channel,20498.607,nT
2026-04-15T02:53:00.000Z,BOU,X,adjusted,channel,20498.684,nT
2026-04-15T02:54:00.000Z,BOU,X,adjusted,channel,20498.663,nT
2026-04-15T02:55:00.000Z,BOU,X,adjusted,channel,20498.735,nT
2026-04-15T02:56:00.000Z,BOU,X,adjusted,channel,20498.692,nT
2026-04-15T02:57:00.000Z,BOU,X,adjusted,channel,20498.549,nT
2026-04-15T02:58:00.000Z,BOU,X,adjusted,channel,20498.392,nT
2026-04-15T02:59:00.000Z,BOU,X,adjusted,channel,20498.325,nT
2026-04-15T03:00:00.000Z,BOU,X,adjusted,channel,20498.365,nT
2026-04-15T03:01:00.000Z,BOU,X,adjusted,channel,20498.339,nT
2026-04-15T03:02:00.000Z,BOU,X,adjusted,channel,20498.439,nT
2026-04-15T03:03:00.000Z,BOU,X,adjusted,channel,20498.534,nT
2026-04-15T03:04:00.000Z,BOU,X,adjusted,channel,20498.707,nT
2026-04-15T03:05:00.000Z,BOU,X,adjusted,channel,20498.901,nT
2026-04-15T03:06:00.000Z,BOU,X,adjusted,channel,20498.996,nT
2026-04-15T03:07:00.000Z,BOU,X,adjusted,channel,20498.956,nT
2026-04-15T03:08:00.000Z,BOU,X,adjusted,channel,20499.025,nT
2026-04-15T03:09:00.000Z,BOU,X,adjusted,channel,20498.996,nT
2026-04-15T03:10:00.000Z,BOU,X,adjusted,channel,20499.057,nT
2026-04-15T03:11:00.000Z,BOU,X,adjusted,channel,20499.168,nT
2026-04-15T03:12:00.000Z,BOU,X,adjusted,channel,20499.179,nT
2026-04-15T03:13:00.000Z,BOU,X,adjusted,channel,20499.059,nT
2026-04-15T03:14:00.000Z,BOU,X,adjusted,channel,20498.99,nT
2026-04-15T03:15:00.000Z,BOU,X,adjusted,channel,20498.817,nT
2026-04-15T03:16:00.000Z,BOU,X,adjusted,channel,20498.923,nT
2026-04-15T03:17:00.000Z,BOU,X,adjusted,channel,20499.125,nT
2026-04-15T03:18:00.000Z,BOU,X,adjusted,channel,20499.231,nT
2026-04-15T03:19:00.000Z,BOU,X,adjusted,channel,20499.2,nT
2026-04-15T03:20:00.000Z,BOU,X,adjusted,channel,20499.38,nT
2026-04-15T03:21:00.000Z,BOU,X,adjusted,channel,20499.525,nT
2026-04-15T03:22:00.000Z,BOU,X,adjusted,channel,20499.362,nT
2026-04-15T03:23:00.000Z,BOU,X,adjusted,channel,20499.268,nT
2026-04-15T03:24:00.000Z,BOU,X,adjusted,channel,20499.273,nT
2026-04-15T03:25:00.000Z,BOU,X,adjusted,channel,20499.202,nT
2026-04-15T03:26:00.000Z,BOU,X,adjusted,channel,20499.072,nT
2026-04-15T03:27:00.000Z,BOU,X,adjusted,channel,20499.137,nT
2026-04-15T03:28:00.000Z,BOU,X,adjusted,channel,20499.35,nT
2026-04-15T03:29:00.000Z,BOU,X,adjusted,channel,20499.377,nT
2026-04-15T03:30:00.000Z,BOU,X,adjusted,channel,20499.521,nT
2026-04-15T03:31:00.000Z,BOU,X,adjusted,channel,20499.599,nT
2026-04-15T03:32:00.000Z,BOU,X,adjusted,channel,20499.661,nT
2026-04-15T03:33:00.000Z,BOU,X,adjusted,channel,20499.725,nT
2026-04-15T03:34:00.000Z,BOU,X,adjusted,channel,20499.887,nT
2026-04-15T03:35:00.000Z,BOU,X,adjusted,channel,20499.964,nT
2026-04-15T03:36:00.000Z,BOU,X,adjusted,channel,20500.03,nT
2026-04-15T03:37:00.000Z,BOU,X,adjusted,channel,20500.241,nT
2026-04-15T03:38:00.000Z,BOU,X,adjusted,channel,20500.304,nT
2026-04-15T03:39:00.000Z,BOU,X,adjusted,channel,20500.309,nT
2026-04-15T03:40:00.000Z,BOU,X,adjusted,channel,20500.179,nT
2026-04-15T03:41:00.000Z,BOU,X,adjusted,channel,20500.127,nT
2026-04-15T03:42:00.000Z,BOU,X,adjusted,channel,20500.273,nT
2026-04-15T03:43:00.000Z,BOU,X,adjusted,channel,20500.374,nT
2026-04-15T03:44:00.000Z,BOU,X,adjusted,channel,20500.365,nT
2026-04-15T03:45:00.000Z,BOU,X,adjusted,channel,20500.312,nT
2026-04-15T03:46:00.000Z,BOU,X,adjusted,channel,20500.181,nT
2026-04-15T03:47:00.000Z,BOU,X,adjusted,channel,20500.123,nT
2026-04-15T03:48:00.000Z,BOU,X,adjusted,channel,20500.279,nT
2026-04-15T03:49:00.000Z,BOU,X,adjusted,channel,20500.486,nT
2026-04-15T03:50:00.000Z,BOU,X,adjusted,channel,20500.651,nT
2026-04-15T03:51:00.000Z,BOU,X,adjusted,channel,20500.995,nT
2026-04-15T03:52:00.000Z,BOU,X,adjusted,channel,20500.994,nT
2026-04-15T03:53:00.000Z,BOU,X,adjusted,channel,20500.824,nT
2026-04-15T03:54:00.000Z,BOU,X,adjusted,channel,20500.751,nT
2026-04-15T03:55:00.000Z,BOU,X,adjusted,channel,20500.571,nT
2026-04-15T03:56:00.000Z,BOU,X,adjusted,channel,20500.329,nT
2026-04-15T03:57:00.000Z,BOU,X,adjusted,channel,20500.387,nT
2026-04-15T03:58:00.000Z,BOU,X,adjusted,channel,20500.458,nT
2026-04-15T03:59:00.000Z,BOU,X,adjusted,channel,20500.374,nT
2026-04-15T04:00:00.000Z,BOU,X,adjusted,channel,20500.551,nT
2026-04-15T04:01:00.000Z,BOU,X,adjusted,channel,20500.458,nT
2026-04-15T04:02:00.000Z,BOU,X,adjusted,channel,20500.429,nT
2026-04-15T04:03:00.000Z,BOU,X,adjusted,channel,20500.532,nT
2026-04-15T04:04:00.000Z,BOU,X,adjusted,channel,20500.802,nT
2026-04-15T04:05:00.000Z,BOU,X,adjusted,channel,20500.338,nT
2026-04-15T04:06:00.000Z,BOU,X,adjusted,channel,20500.614,nT
2026-04-15T04:07:00.000Z,BOU,X,adjusted,channel,20501.008,nT
2026-04-15T04:08:00.000Z,BOU,X,adjusted,channel,20500.53,nT
2026-04-15T04:09:00.000Z,BOU,X,adjusted,channel,20500.449,nT
2026-04-15T04:10:00.000Z,BOU,X,adjusted,channel,20500.666,nT
2026-04-15T04:11:00.000Z,BOU,X,adjusted,channel,20500.423,nT
2026-04-15T04:12:00.000Z,BOU,X,adjusted,channel,20500.461,nT
2026-04-15T04:13:00.000Z,BOU,X,adjusted,channel,20500.321,nT
2026-04-15T04:14:00.000Z,BOU,X,adjusted,channel,20500.435,nT
2026-04-15T04:15:00.000Z,BOU,X,adjusted,channel,20500.535,nT
2026-04-15T04:16:00.000Z,BOU,X,adjusted,channel,20500.156,nT
2026-04-15T04:17:00.000Z,BOU,X,adjusted,channel,20500.094,nT
2026-04-15T04:18:00.000Z,BOU,X,adjusted,channel,20500.198,nT
2026-04-15T04:19:00.000Z,BOU,X,adjusted,channel,20500.152,nT
2026-04-15T04:20:00.000Z,BOU,X,adjusted,channel,20499.992,nT
2026-04-15T04:21:00.000Z,BOU,X,adjusted,channel,20500.015,nT
2026-04-15T04:22:00.000Z,BOU,X,adjusted,channel,20500.678,nT
2026-04-15T04:23:00.000Z,BOU,X,adjusted,channel,20500.105,nT
2026-04-15T04:24:00.000Z,BOU,X,adjusted,channel,20500.574,nT
2026-04-15T04:25:00.000Z,BOU,X,adjusted,channel,20500.625,nT
2026-04-15T04:26:00.000Z,BOU,X,adjusted,channel,20500.484,nT
2026-04-15T04:27:00.000Z,BOU,X,adjusted,channel,20500.655,nT
2026-04-15T04:28:00.000Z,BOU,X,adjusted,channel,20500.259,nT
2026-04-15T04:29:00.000Z,BOU,X,adjusted,channel,20500.556,nT
2026-04-15T04:30:00.000Z,BOU,X,adjusted,channel,20500.41,nT
2026-04-15T04:31:00.000Z,BOU,X,adjusted,channel,20500.657,nT
2026-04-15T04:32:00.000Z,BOU,X,adjusted,channel,20500.688,nT
2026-04-15T04:33:00.000Z,BOU,X,adjusted,channel,20500.663,nT
2026-04-15T04:34:00.000Z,BOU,X,adjusted,channel,20500.665,nT
2026-04-15T04:35:00.000Z,BOU,X,adjusted,channel,20500.57,nT
2026-04-15T04:36:00.000Z,BOU,X,adjusted,channel,20500.507,nT
2026-04-15T04:37:00.000Z,BOU,X,adjusted,channel,20500.292,nT
2026-04-15T04:38:00.000Z,BOU,X,adjusted,channel,20500.819,nT
2026-04-15T04:39:00.000Z,BOU,X,adjusted,channel,20500.393,nT
2026-04-15T04:40:00.000Z,BOU,X,adjusted,channel,20501.213,nT
2026-04-15T04:41:00.000Z,BOU,X,adjusted,channel,20500.756,nT
2026-04-15T04:42:00.000Z,BOU,X,adjusted,channel,20500.926,nT
2026-04-15T04:43:00.000Z,BOU,X,adjusted,channel,20501.217,nT
2026-04-15T04:44:00.000Z,BOU,X,adjusted,channel,20500.99,nT
2026-04-15T04:45:00.000Z,BOU,X,adjusted,channel,20500.909,nT
2026-04-15T04:46:00.000Z,BOU,X,adjusted,channel,20501.361,nT
2026-04-15T04:47:00.000Z,BOU,X,adjusted,channel,20501.266,nT
2026-04-15T04:48:00.000Z,BOU,X,adjusted,channel,20500.864,nT
2026-04-15T04:49:00.000Z,BOU,X,adjusted,channel,20501.208,nT
2026-04-15T04:50:00.000Z,BOU,X,adjusted,channel,20500.794,nT
2026-04-15T04:51:00.000Z,BOU,X,adjusted,channel,20500.763,nT
2026-04-15T04:52:00.000Z,BOU,X,adjusted,channel,20500.89,nT
2026-04-15T04:53:00.000Z,BOU,X,adjusted,channel,20501.187,nT
2026-04-15T04:54:00.000Z,BOU,X,adjusted,channel,20500.658,nT
2026-04-15T04:55:00.000Z,BOU,X,adjusted,channel,20501.434,nT
2026-04-15T04:56:00.000Z,BOU,X,adjusted,channel,20501.009,nT
2026-04-15T04:57:00.000Z,BOU,X,adjusted,channel,20501.422,nT
2026-04-15T04:58:00.000Z,BOU,X,adjusted,channel,20501.177,nT
2026-04-15T04:59:00.000Z,BOU,X,adjusted,channel,20501.633,nT
2026-04-15T05:00:00.000Z,BOU,X,adjusted,channel,20502.32,nT
2026-04-15T05:01:00.000Z,BOU,X,adjusted,channel,20502.519,nT
2026-04-15T05:02:00.000Z,BOU,X,adjusted,channel,20502.615,nT
2026-04-15T05:03:00.000Z,BOU,X,adjusted,channel,20503.647,nT
2026-04-15T05:04:00.000Z,BOU,X,adjusted,channel,20503.247,nT
2026-04-15T05:05:00.000Z,BOU,X,adjusted,channel,20503.528,nT
2026-04-15T05:06:00.000Z,BOU,X,adjusted,channel,20503.589,nT
2026-04-15T05:07:00.000Z,BOU,X,adjusted,channel,20503.282,nT
2026-04-15T05:08:00.000Z,BOU,X,adjusted,channel,20503.653,nT
2026-04-15T05:09:00.000Z,BOU,X,adjusted,channel,20502.814,nT
2026-04-15T05:10:00.000Z,BOU,X,adjusted,channel,20502.741,nT
2026-04-15T05:11:00.000Z,BOU,X,adjusted,channel,20502.055,nT
2026-04-15T05:12:00.000Z,BOU,X,adjusted,channel,20502.013,nT
2026-04-15T05:13:00.000Z,BOU,X,adjusted,channel,20501.523,nT
2026-04-15T05:14:00.000Z,BOU,X,adjusted,channel,20502.05,nT
2026-04-15T05:15:00.000Z,BOU,X,adjusted,channel,20501.653,nT
2026-04-15T05:16:00.000Z,BOU,X,adjusted,channel,20501.699,nT
2026-04-15T05:17:00.000Z,BOU,X,adjusted,channel,20501.593,nT
2026-04-15T05:18:00.000Z,BOU,X,adjusted,channel,20502.4,nT
2026-04-15T05:19:00.000Z,BOU,X,adjusted,channel,20502.118,nT
2026-04-15T05:20:00.000Z,BOU,X,adjusted,channel,20502.261,nT
2026-04-15T05:21:00.000Z,BOU,X,adjusted,channel,20502.506,nT
2026-04-15T05:22:00.000Z,BOU,X,adjusted,channel,20502.509,nT
2026-04-15T05:23:00.000Z,BOU,X,adjusted,channel,20502.59,nT
2026-04-15T05:24:00.000Z,BOU,X,adjusted,channel,20502.612,nT
2026-04-15T05:25:00.000Z,BOU,X,adjusted,channel,20502.525,nT
2026-04-15T05:26:00.000Z,BOU,X,adjusted,channel,20502.392,nT
2026-04-15T05:27:00.000Z,BOU,X,adjusted,channel,20502.398,nT
2026-04-15T05:28:00.000Z,BOU,X,adjusted,channel,20502.824,nT
2026-04-15T05:29:00.000Z,BOU,X,adjusted,channel,20502.737,nT
2026-04-15T05:30:00.000Z,BOU,X,adjusted,channel,20502.972,nT
2026-04-15T05:31:00.000Z,BOU,X,adjusted,channel,20502.642,nT
2026-04-15T05:32:00.000Z,BOU,X,adjusted,channel,20502.796,nT
2026-04-15T05:33:00.000Z,BOU,X,adjusted,channel,20502.921,nT
2026-04-15T05:34:00.000Z,BOU,X,adjusted,channel,20502.823,nT
2026-04-15T05:35:00.000Z,BOU,X,adjusted,channel,20502.801,nT
2026-04-15T05:36:00.000Z,BOU,X,adjusted,channel,20503,nT
2026-04-15T05:37:00.000Z,BOU,X,adjusted,channel,20503.687,nT
2026-04-15T05:38:00.000Z,BOU,X,adjusted,channel,20503.32,nT
2026-04-15T05:39:00.000Z,BOU,X,adjusted,channel,20504.131,nT
2026-04-15T05:40:00.000Z,BOU,X,adjusted,channel,20504.002,nT
2026-04-15T05:41:00.000Z,BOU,X,adjusted,channel,20504.501,nT
2026-04-15T05:42:00.000Z,BOU,X,adjusted,channel,20504.116,nT
2026-04-15T05:43:00.000Z,BOU,X,adjusted,channel,20504.707,nT
2026-04-15T05:44:00.000Z,BOU,X,adjusted,channel,20504.575,nT
2026-04-15T05:45:00.000Z,BOU,X,adjusted,channel,20504.904,nT
2026-04-15T05:46:00.000Z,BOU,X,adjusted,channel,20504.842,nT
2026-04-15T05:47:00.000Z,BOU,X,adjusted,channel,20505.224,nT
2026-04-15T05:48:00.000Z,BOU,X,adjusted,channel,20505.161,nT
2026-04-15T05:49:00.000Z,BOU,X,adjusted,channel,20505.668,nT
2026-04-15T05:50:00.000Z,BOU,X,adjusted,channel,20505.167,nT
2026-04-15T05:51:00.000Z,BOU,X,adjusted,channel,20505.903,nT
2026-04-15T05:52:00.000Z,BOU,X,adjusted,channel,20506.379,nT
2026-04-15T05:53:00.000Z,BOU,X,adjusted,channel,20506.45,nT
2026-04-15T05:54:00.000Z,BOU,X,adjusted,channel,20506.819,nT
2026-04-15T05:55:00.000Z,BOU,X,adjusted,channel,20506.467,nT
2026-04-15T05:56:00.000Z,BOU,X,adjusted,channel,20506.487,nT
2026-04-15T05:57:00.000Z,BOU,X,adjusted,channel,20506.878,nT
2026-04-15T05:58:00.000Z,BOU,X,adjusted,channel,20506.345,nT
2026-04-15T05:59:00.000Z,BOU,X,adjusted,channel,20506.924,nT
2026-04-15T06:00:00.000Z,BOU,X,adjusted,channel,20506.538,nT
2026-04-15T06:01:00.000Z,BOU,X,adjusted,channel,20507.013,nT
2026-04-15T06:02:00.000Z,BOU,X,adjusted,channel,20506.798,nT
2026-04-15T06:03:00.000Z,BOU,X,adjusted,channel,20507.083,nT
2026-04-15T06:04:00.000Z,BOU,X,adjusted,channel,20506.661,nT
2026-04-15T06:05:00.000Z,BOU,X,adjusted,channel,20506.466,nT
2026-04-15T06:06:00.000Z,BOU,X,adjusted,channel,20506.376,nT
2026-04-15T06:07:00.000Z,BOU,X,adjusted,channel,20506.266,nT
2026-04-15T06:08:00.000Z,BOU,X,adjusted,channel,20505.786,nT
2026-04-15T06:09:00.000Z,BOU,X,adjusted,channel,20505.6,nT
2026-04-15T06:10:00.000Z,BOU,X,adjusted,channel,20505.162,nT
2026-04-15T06:11:00.000Z,BOU,X,adjusted,channel,20505.098,nT
2026-04-15T06:12:00.000Z,BOU,X,adjusted,channel,20504.974,nT
2026-04-15T06:13:00.000Z,BOU,X,adjusted,channel,20504.47,nT
2026-04-15T06:14:00.000Z,BOU,X,adjusted,channel,20504.268,nT
2026-04-15T06:15:00.000Z,BOU,X,adjusted,channel,20504.112,nT
2026-04-15T06:16:00.000Z,BOU,X,adjusted,channel,20503.591,nT
2026-04-15T06:17:00.000Z,BOU,X,adjusted,channel,20503.64,nT
2026-04-15T06:18:00.000Z,BOU,X,adjusted,channel,20503.632,nT
2026-04-15T06:19:00.000Z,BOU,X,adjusted,channel,20503.573,nT
2026-04-15T06:20:00.000Z,BOU,X,adjusted,channel,20503.421,nT
2026-04-15T06:21:00.000Z,BOU,X,adjusted,channel,20503.265,nT
2026-04-15T06:22:00.000Z,BOU,X,adjusted,channel,20503.21,nT
2026-04-15T06:23:00.000Z,BOU,X,adjusted,channel,20503.02,nT
2026-04-15T06:24:00.000Z,BOU,X,adjusted,channel,20503.257,nT
2026-04-15T06:25:00.000Z,BOU,X,adjusted,channel,20503.186,nT
2026-04-15T06:26:00.000Z,BOU,X,adjusted,channel,20503.239,nT
2026-04-15T06:27:00.000Z,BOU,X,adjusted,channel,20503.276,nT
2026-04-15T06:28:00.000Z,BOU,X,adjusted,channel,20503.261,nT
2026-04-15T06:29:00.000Z,BOU,X,adjusted,channel,20503.001,nT
2026-04-15T06:30:00.000Z,BOU,X,adjusted,channel,20503.102,nT
2026-04-15T06:31:00.000Z,BOU,X,adjusted,channel,20503.125,nT
2026-04-15T06:32:00.000Z,BOU,X,adjusted,channel,20502.785,nT
2026-04-15T06:33:00.000Z,BOU,X,adjusted,channel,20502.752,nT
2026-04-15T06:34:00.000Z,BOU,X,adjusted,channel,20502.461,nT
2026-04-15T06:35:00.000Z,BOU,X,adjusted,channel,20502.258,nT
2026-04-15T06:36:00.000Z,BOU,X,adjusted,channel,20501.941,nT
2026-04-15T06:37:00.000Z,BOU,X,adjusted,channel,20501.795,nT
2026-04-15T06:38:00.000Z,BOU,X,adjusted,channel,20501.724,nT
2026-04-15T06:39:00.000Z,BOU,X,adjusted,channel,20501.689,nT
2026-04-15T06:40:00.000Z,BOU,X,adjusted,channel,20501.753,nT
2026-04-15T06:41:00.000Z,BOU,X,adjusted,channel,20502.436,nT
2026-04-15T06:42:00.000Z,BOU,X,adjusted,channel,20502.903,nT
2026-04-15T06:43:00.000Z,BOU,X,adjusted,channel,20503.305,nT
2026-04-15T06:44:00.000Z,BOU,X,adjusted,channel,20503.693,nT
2026-04-15T06:45:00.000Z,BOU,X,adjusted,channel,20504.032,nT
2026-04-15T06:46:00.000Z,BOU,X,adjusted,channel,20504.303,nT
2026-04-15T06:47:00.000Z,BOU,X,adjusted,channel,20504.154,nT
2026-04-15T06:48:00.000Z,BOU,X,adjusted,channel,20504.062,nT
2026-04-15T06:49:00.000Z,BOU,X,adjusted,channel,20503.778,nT
2026-04-15T06:50:00.000Z,BOU,X,adjusted,channel,20503.445,nT
2026-04-15T06:51:00.000Z,BOU,X,adjusted,channel,20503.328,nT
2026-04-15T06:52:00.000Z,BOU,X,adjusted,channel,20503.037,nT
2026-04-15T06:53:00.000Z,BOU,X,adjusted,channel,20502.669,nT
2026-04-15T06:54:00.000Z,BOU,X,adjusted,channel,20502.457,nT
2026-04-15T06:55:00.000Z,BOU,X,adjusted,channel,20502.353,nT
2026-04-15T06:56:00.000Z,BOU,X,adjusted,channel,20501.777,nT
2026-04-15T06:57:00.000Z,BOU,X,adjusted,channel,20501.576,nT
2026-04-15T06:58:00.000Z,BOU,X,adjusted,channel,20501.704,nT
2026-04-15T06:59:00.000Z,BOU,X,adjusted,channel,20501.502,nT
2026-04-15T07:00:00.000Z,BOU,X,adjusted,channel,20501.625,nT
2026-04-15T07:01:00.000Z,BOU,X,adjusted,channel,20501.739,nT
2026-04-15T07:02:00.000Z,BOU,X,adjusted,channel,20502.04,nT
2026-04-15T07:03:00.000Z,BOU,X,adjusted,channel,20502.194,nT
2026-04-15T07:04:00.000Z,BOU,X,adjusted,channel,20502.307,nT
2026-04-15T07:05:00.000Z,BOU,X,adjusted,channel,20502.57,nT
2026-04-15T07:06:00.000Z,BOU,X,adjusted,channel,20502.708,nT
2026-04-15T07:07:00.000Z,BOU,X,adjusted,channel,20502.936,nT
2026-04-15T07:08:00.000Z,BOU,X,adjusted,channel,20503.204,nT
2026-04-15T07:09:00.000Z,BOU,X,adjusted,channel,20503.244,nT
2026-04-15T07:10:00.000Z,BOU,X,adjusted,channel,20503.313,nT
2026-04-15T07:11:00.000Z,BOU,X,adjusted,channel,20503.376,nT
2026-04-15T07:12:00.000Z,BOU,X,adjusted,channel,20503.302,nT
2026-04-15T07:13:00.000Z,BOU,X,adjusted,channel,20503.267,nT
2026-04-15T07:14:00.000Z,BOU,X,adjusted,channel,20503.173,nT
2026-04-15T07:15:00.000Z,BOU,X,adjusted,channel,20503.096,nT
2026-04-15T07:16:00.000Z,BOU,X,adjusted,channel,20503.047,nT
2026-04-15T07:17:00.000Z,BOU,X,adjusted,channel,20502.997,nT
2026-04-15T07:18:00.000Z,BOU,X,adjusted,channel,20502.98,nT
2026-04-15T07:19:00.000Z,BOU,X,adjusted,channel,20503.258,nT
2026-04-15T07:20:00.000Z,BOU,X,adjusted,channel,20503.287,nT
2026-04-15T07:21:00.000Z,BOU,X,adjusted,channel,20503.408,nT
2026-04-15T07:22:00.000Z,BOU,X,adjusted,channel,20503.749,nT
2026-04-15T07:23:00.000Z,BOU,X,adjusted,channel,20504.055,nT
2026-04-15T07:24:00.000Z,BOU,X,adjusted,channel,20504.281,nT
2026-04-15T07:25:00.000Z,BOU,X,adjusted,channel,20504.373,nT
2026-04-15T07:26:00.000Z,BOU,X,adjusted,channel,20504.353,nT
2026-04-15T07:27:00.000Z,BOU,X,adjusted,channel,20504.315,nT
2026-04-15T07:28:00.000Z,BOU,X,adjusted,channel,20504.268,nT
2026-04-15T07:29:00.000Z,BOU,X,adjusted,channel,20504.032,nT
2026-04-15T07:30:00.000Z,BOU,X,adjusted,channel,20503.839,nT
2026-04-15T07:31:00.000Z,BOU,X,adjusted,channel,20503.73,nT
2026-04-15T07:32:00.000Z,BOU,X,adjusted,channel,20503.54,nT
2026-04-15T07:33:00.000Z,BOU,X,adjusted,channel,20503.377,nT
2026-04-15T07:34:00.000Z,BOU,X,adjusted,channel,20503.288,nT
2026-04-15T07:35:00.000Z,BOU,X,adjusted,channel,20503.24,nT
2026-04-15T07:36:00.000Z,BOU,X,adjusted,channel,20503.327,nT
2026-04-15T07:37:00.000Z,BOU,X,adjusted,channel,20503.291,nT
2026-04-15T07:38:00.000Z,BOU,X,adjusted,channel,20503.366,nT
2026-04-15T07:39:00.000Z,BOU,X,adjusted,channel,20503.545,nT
2026-04-15T07:40:00.000Z,BOU,X,adjusted,channel,20503.541,nT
2026-04-15T07:41:00.000Z,BOU,X,adjusted,channel,20503.646,nT
2026-04-15T07:42:00.000Z,BOU,X,adjusted,channel,20503.781,nT
2026-04-15T07:43:00.000Z,BOU,X,adjusted,channel,20503.934,nT
2026-04-15T07:44:00.000Z,BOU,X,adjusted,channel,20503.999,nT
2026-04-15T07:45:00.000Z,BOU,X,adjusted,channel,20504.094,nT
2026-04-15T07:46:00.000Z,BOU,X,adjusted,channel,20504.069,nT
2026-04-15T07:47:00.000Z,BOU,X,adjusted,channel,20504.09,nT
2026-04-15T07:48:00.000Z,BOU,X,adjusted,channel,20504.251,nT
2026-04-15T07:49:00.000Z,BOU,X,adjusted,channel,20504.385,nT
2026-04-15T07:50:00.000Z,BOU,X,adjusted,channel,20504.48,nT
2026-04-15T07:51:00.000Z,BOU,X,adjusted,channel,20504.463,nT
2026-04-15T07:52:00.000Z,BOU,X,adjusted,channel,20504.44,nT
2026-04-15T07:53:00.000Z,BOU,X,adjusted,channel,20504.42,nT
2026-04-15T07:54:00.000Z,BOU,X,adjusted,channel,20504.229,nT
2026-04-15T07:55:00.000Z,BOU,X,adjusted,channel,20504.202,nT
2026-04-15T07:56:00.000Z,BOU,X,adjusted,channel,20504.125,nT
2026-04-15T07:57:00.000Z,BOU,X,adjusted,channel,20504.098,nT
2026-04-15T07:58:00.000Z,BOU,X,adjusted,channel,20504.097,nT
2026-04-15T07:59:00.000Z,BOU,X,adjusted,channel,20503.969,nT
2026-04-15T08:00:00.000Z,BOU,X,adjusted,channel,20503.928,nT
2026-04-15T08:01:00.000Z,BOU,X,adjusted,channel,20503.849,nT
2026-04-15T08:02:00.000Z,BOU,X,adjusted,channel,20503.802,nT
2026-04-15T08:03:00.000Z,BOU,X,adjusted,channel,20503.917,nT
2026-04-15T08:04:00.000Z,BOU,X,adjusted,channel,20503.859,nT
2026-04-15T08:05:00.000Z,BOU,X,adjusted,channel,20503.853,nT
2026-04-15T08:06:00.000Z,BOU,X,adjusted,channel,20503.831,nT
2026-04-15T08:07:00.000Z,BOU,X,adjusted,channel,20503.789,nT
2026-04-15T08:08:00.000Z,BOU,X,adjusted,channel,20503.766,nT
2026-04-15T08:09:00.000Z,BOU,X,adjusted,channel,20503.746,nT
2026-04-15T08:10:00.000Z,BOU,X,adjusted,channel,20503.731,nT
2026-04-15T08:11:00.000Z,BOU,X,adjusted,channel,20503.698,nT
2026-04-15T08:12:00.000Z,BOU,X,adjusted,channel,20503.713,nT
2026-04-15T08:13:00.000Z,BOU,X,adjusted,channel,20503.733,nT
2026-04-15T08:14:00.000Z,BOU,X,adjusted,channel,20503.74,nT
2026-04-15T08:15:00.000Z,BOU,X,adjusted,channel,20503.489,nT
2026-04-15T08:16:00.000Z,BOU,X,adjusted,channel,20503.452,nT
2026-04-15T08:17:00.000Z,BOU,X,adjusted,channel,20503.521,nT
2026-04-15T08:18:00.000Z,BOU,X,adjusted,channel,20503.541,nT
2026-04-15T08:19:00.000Z,BOU,X,adjusted,channel,20503.789,nT
2026-04-15T08:20:00.000Z,BOU,X,adjusted,channel,20503.82,nT
2026-04-15T08:21:00.000Z,BOU,X,adjusted,channel,20503.718,nT
2026-04-15T08:22:00.000Z,BOU,X,adjusted,channel,20503.859,nT
2026-04-15T08:23:00.000Z,BOU,X,adjusted,channel,20504.008,nT
2026-04-15T08:24:00.000Z,BOU,X,adjusted,channel,20504.224,nT
2026-04-15T08:25:00.000Z,BOU,X,adjusted,channel,20504.517,nT
2026-04-15T08:26:00.000Z,BOU,X,adjusted,channel,20504.329,nT
2026-04-15T08:27:00.000Z,BOU,X,adjusted,channel,20504.148,nT
2026-04-15T08:28:00.000Z,BOU,X,adjusted,channel,20504.379,nT
2026-04-15T08:29:00.000Z,BOU,X,adjusted,channel,20504.49,nT
2026-04-15T08:30:00.000Z,BOU,X,adjusted,channel,20504.48,nT
2026-04-15T08:31:00.000Z,BOU,X,adjusted,channel,20504.249,nT
2026-04-15T08:32:00.000Z,BOU,X,adjusted,channel,20504.131,nT
2026-04-15T08:33:00.000Z,BOU,X,adjusted,channel,20503.881,nT
2026-04-15T08:34:00.000Z,BOU,X,adjusted,channel,20503.629,nT
2026-04-15T08:35:00.000Z,BOU,X,adjusted,channel,20503.664,nT
2026-04-15T08:36:00.000Z,BOU,X,adjusted,channel,20503.553,nT
2026-04-15T08:37:00.000Z,BOU,X,adjusted,channel,20503.427,nT
2026-04-15T08:38:00.000Z,BOU,X,adjusted,channel,20503.433,nT
2026-04-15T08:39:00.000Z,BOU,X,adjusted,channel,20503.364,nT
2026-04-15T08:40:00.000Z,BOU,X,adjusted,channel,20503.618,nT
2026-04-15T08:41:00.000Z,BOU,X,adjusted,channel,20503.8,nT
2026-04-15T08:42:00.000Z,BOU,X,adjusted,channel,20503.683,nT
2026-04-15T08:43:00.000Z,BOU,X,adjusted,channel,20503.555,nT
2026-04-15T08:44:00.000Z,BOU,X,adjusted,channel,20503.63,nT
2026-04-15T08:45:00.000Z,BOU,X,adjusted,channel,20503.454,nT
2026-04-15T08:46:00.000Z,BOU,X,adjusted,channel,20503.256,nT
2026-04-15T08:47:00.000Z,BOU,X,adjusted,channel,20503.139,nT
2026-04-15T08:48:00.000Z,BOU,X,adjusted,channel,20503.097,nT
2026-04-15T08:49:00.000Z,BOU,X,adjusted,channel,20503.081,nT
2026-04-15T08:50:00.000Z,BOU,X,adjusted,channel,20502.827,nT
2026-04-15T08:51:00.000Z,BOU,X,adjusted,channel,20502.86,nT
2026-04-15T08:52:00.000Z,BOU,X,adjusted,channel,20502.937,nT
2026-04-15T08:53:00.000Z,BOU,X,adjusted,channel,20502.905,nT
2026-04-15T08:54:00.000Z,BOU,X,adjusted,channel,20502.841,nT
2026-04-15T08:55:00.000Z,BOU,X,adjusted,channel,20502.763,nT
2026-04-15T08:56:00.000Z,BOU,X,adjusted,channel,20502.717,nT
2026-04-15T08:57:00.000Z,BOU,X,adjusted,channel,20502.635,nT
2026-04-15T08:58:00.000Z,BOU,X,adjusted,channel,20502.49,nT
2026-04-15T08:59:00.000Z,BOU,X,adjusted,channel,20502.51,nT
2026-04-15T09:00:00.000Z,BOU,X,adjusted,channel,20502.575,nT
2026-04-15T09:01:00.000Z,BOU,X,adjusted,channel,20502.414,nT
2026-04-15T09:02:00.000Z,BOU,X,adjusted,channel,20502.345,nT
2026-04-15T09:03:00.000Z,BOU,X,adjusted,channel,20502.199,nT
2026-04-15T09:04:00.000Z,BOU,X,adjusted,channel,20502.354,nT
2026-04-15T09:05:00.000Z,BOU,X,adjusted,channel,20502.602,nT
2026-04-15T09:06:00.000Z,BOU,X,adjusted,channel,20502.472,nT
2026-04-15T09:07:00.000Z,BOU,X,adjusted,channel,20502.574,nT
2026-04-15T09:08:00.000Z,BOU,X,adjusted,channel,20502.425,nT
2026-04-15T09:09:00.000Z,BOU,X,adjusted,channel,20502.678,nT
2026-04-15T09:10:00.000Z,BOU,X,adjusted,channel,20502.607,nT
2026-04-15T09:11:00.000Z,BOU,X,adjusted,channel,20502.89,nT
2026-04-15T09:12:00.000Z,BOU,X,adjusted,channel,20503.051,nT
2026-04-15T09:13:00.000Z,BOU,X,adjusted,channel,20503.236,nT
2026-04-15T09:14:00.000Z,BOU,X,adjusted,channel,20503.45,nT
2026-04-15T09:15:00.000Z,BOU,X,adjusted,channel,20503.773,nT
2026-04-15T09:16:00.000Z,BOU,X,adjusted,channel,20503.596,nT
2026-04-15T09:17:00.000Z,BOU,X,adjusted,channel,20503.844,nT
2026-04-15T09:18:00.000Z,BOU,X,adjusted,channel,20503.878,nT
2026-04-15T09:19:00.000Z,BOU,X,adjusted,channel,20503.937,nT
2026-04-15T09:20:00.000Z,BOU,X,adjusted,channel,20504.156,nT
2026-04-15T09:21:00.000Z,BOU,X,adjusted,channel,20504.242,nT
2026-04-15T09:22:00.000Z,BOU,X,adjusted,channel,20504.151,nT
2026-04-15T09:23:00.000Z,BOU,X,adjusted,channel,20504.079,nT
2026-04-15T09:24:00.000Z,BOU,X,adjusted,channel,20504.121,nT
2026-04-15T09:25:00.000Z,BOU,X,adjusted,channel,20504.383,nT
2026-04-15T09:26:00.000Z,BOU,X,adjusted,channel,20504.497,nT
2026-04-15T09:27:00.000Z,BOU,X,adjusted,channel,20504.33,nT
2026-04-15T09:28:00.000Z,BOU,X,adjusted,channel,20504.62,nT
2026-04-15T09:29:00.000Z,BOU,X,adjusted,channel,20504.807,nT
2026-04-15T09:30:00.000Z,BOU,X,adjusted,channel,20504.751,nT
2026-04-15T09:31:00.000Z,BOU,X,adjusted,channel,20504.858,nT
2026-04-15T09:32:00.000Z,BOU,X,adjusted,channel,20504.924,nT
2026-04-15T09:33:00.000Z,BOU,X,adjusted,channel,20504.785,nT
2026-04-15T09:34:00.000Z,BOU,X,adjusted,channel,20504.937,nT
2026-04-15T09:35:00.000Z,BOU,X,adjusted,channel,20504.819,nT
2026-04-15T09:36:00.000Z,BOU,X,adjusted,channel,20504.872,nT
2026-04-15T09:37:00.000Z,BOU,X,adjusted,channel,20504.688,nT
2026-04-15T09:38:00.000Z,BOU,X,adjusted,channel,20504.551,nT
2026-04-15T09:39:00.000Z,BOU,X,adjusted,channel,20504.506,nT
2026-04-15T09:40:00.000Z,BOU,X,adjusted,channel,20504.485,nT
2026-04-15T09:41:00.000Z,BOU,X,adjusted,channel,20504.6,nT
2026-04-15T09:42:00.000Z,BOU,X,adjusted,channel,20504.572,nT
2026-04-15T09:43:00.000Z,BOU,X,adjusted,channel,20504.641,nT
2026-04-15T09:44:00.000Z,BOU,X,adjusted,channel,20504.899,nT
2026-04-15T09:45:00.000Z,BOU,X,adjusted,channel,20504.865,nT
2026-04-15T09:46:00.000Z,BOU,X,adjusted,channel,20504.72,nT
2026-04-15T09:47:00.000Z,BOU,X,adjusted,channel,20504.826,nT
2026-04-15T09:48:00.000Z,BOU,X,adjusted,channel,20504.781,nT
2026-04-15T09:49:00.000Z,BOU,X,adjusted,channel,20504.837,nT
2026-04-15T09:50:00.000Z,BOU,X,adjusted,channel,20504.75,nT
2026-04-15T09:51:00.000Z,BOU,X,adjusted,channel,20504.688,nT
2026-04-15T09:52:00.000Z,BOU,X,adjusted,channel,20504.618,nT
2026-04-15T09:53:00.000Z,BOU,X,adjusted,channel,20504.52,nT
2026-04-15T09:54:00.000Z,BOU,X,adjusted,channel,20504.538,nT
2026-04-15T09:55:00.000Z,BOU,X,adjusted,channel,20504.519,nT
2026-04-15T09:56:00.000Z,BOU,X,adjusted,channel,20504.402,nT
2026-04-15T09:57:00.000Z,BOU,X,adjusted,channel,20504.596,nT
2026-04-15T09:58:00.000Z,BOU,X,adjusted,channel,20504.42,nT
2026-04-15T09:59:00.000Z,BOU,X,adjusted,channel,20504.343,nT
2026-04-15T10:00:00.000Z,BOU,X,adjusted,channel,20504.418,nT
2026-04-15T10:01:00.000Z,BOU,X,adjusted,channel,20504.32,nT
2026-04-15T10:02:00.000Z,BOU,X,adjusted,channel,20504.193,nT
2026-04-15T10:03:00.000Z,BOU,X,adjusted,channel,20504.249,nT
2026-04-15T10:04:00.000Z,BOU,X,adjusted,channel,20504.284,nT
2026-04-15T10:05:00.000Z,BOU,X,adjusted,channel,20504.421,nT
2026-04-15T10:06:00.000Z,BOU,X,adjusted,channel,20504.191,nT
2026-04-15T10:07:00.000Z,BOU,X,adjusted,channel,20504.338,nT
2026-04-15T10:08:00.000Z,BOU,X,adjusted,channel,20504.326,nT
2026-04-15T10:09:00.000Z,BOU,X,adjusted,channel,20504.295,nT
2026-04-15T10:10:00.000Z,BOU,X,adjusted,channel,20504.337,nT
2026-04-15T10:11:00.000Z,BOU,X,adjusted,channel,20504.399,nT
2026-04-15T10:12:00.000Z,BOU,X,adjusted,channel,20504.554,nT
2026-04-15T10:13:00.000Z,BOU,X,adjusted,channel,20504.493,nT
2026-04-15T10:14:00.000Z,BOU,X,adjusted,channel,20504.579,nT
2026-04-15T10:15:00.000Z,BOU,X,adjusted,channel,20504.37,nT
2026-04-15T10:16:00.000Z,BOU,X,adjusted,channel,20504.391,nT
2026-04-15T10:17:00.000Z,BOU,X,adjusted,channel,20504.252,nT
2026-04-15T10:18:00.000Z,BOU,X,adjusted,channel,20504.156,nT
2026-04-15T10:19:00.000Z,BOU,X,adjusted,channel,20504.161,nT
2026-04-15T10:20:00.000Z,BOU,X,adjusted,channel,20504.429,nT
2026-04-15T10:21:00.000Z,BOU,X,adjusted,channel,20504.246,nT
2026-04-15T10:22:00.000Z,BOU,X,adjusted,channel,20504.316,nT
2026-04-15T10:23:00.000Z,BOU,X,adjusted,channel,20504.194,nT
2026-04-15T10:24:00.000Z,BOU,X,adjusted,channel,20504.04,nT
2026-04-15T10:25:00.000Z,BOU,X,adjusted,channel,20503.9,nT
2026-04-15T10:26:00.000Z,BOU,X,adjusted,channel,20504.053,nT
2026-04-15T10:27:00.000Z,BOU,X,adjusted,channel,20503.844,nT
2026-04-15T10:28:00.000Z,BOU,X,adjusted,channel,20503.627,nT
2026-04-15T10:29:00.000Z,BOU,X,adjusted,channel,20503.604,nT
2026-04-15T10:30:00.000Z,BOU,X,adjusted,channel,20503.793,nT
2026-04-15T10:31:00.000Z,BOU,X,adjusted,channel,20503.831,nT
2026-04-15T10:32:00.000Z,BOU,X,adjusted,channel,20503.831,nT
2026-04-15T10:33:00.000Z,BOU,X,adjusted,channel,20503.922,nT
2026-04-15T10:34:00.000Z,BOU,X,adjusted,channel,20503.924,nT
2026-04-15T10:35:00.000Z,BOU,X,adjusted,channel,20504.097,nT
2026-04-15T10:36:00.000Z,BOU,X,adjusted,channel,20504.329,nT
2026-04-15T10:37:00.000Z,BOU,X,adjusted,channel,20504.469,nT
2026-04-15T10:38:00.000Z,BOU,X,adjusted,channel,20504.578,nT
2026-04-15T10:39:00.000Z,BOU,X,adjusted,channel,20504.61,nT
2026-04-15T10:40:00.000Z,BOU,X,adjusted,channel,20504.626,nT
2026-04-15T10:41:00.000Z,BOU,X,adjusted,channel,20504.45,nT
2026-04-15T10:42:00.000Z,BOU,X,adjusted,channel,20504.508,nT
2026-04-15T10:43:00.000Z,BOU,X,adjusted,channel,20504.645,nT
2026-04-15T10:44:00.000Z,BOU,X,adjusted,channel,20504.563,nT
2026-04-15T10:45:00.000Z,BOU,X,adjusted,channel,20504.182,nT
2026-04-15T10:46:00.000Z,BOU,X,adjusted,channel,20504.121,nT
2026-04-15T10:47:00.000Z,BOU,X,adjusted,channel,20504.064,nT
2026-04-15T10:48:00.000Z,BOU,X,adjusted,channel,20504.176,nT
2026-04-15T10:49:00.000Z,BOU,X,adjusted,channel,20504.26,nT
2026-04-15T10:50:00.000Z,BOU,X,adjusted,channel,20504.167,nT
2026-04-15T10:51:00.000Z,BOU,X,adjusted,channel,20504.066,nT
2026-04-15T10:52:00.000Z,BOU,X,adjusted,channel,20504.014,nT
2026-04-15T10:53:00.000Z,BOU,X,adjusted,channel,20503.936,nT
2026-04-15T10:54:00.000Z,BOU,X,adjusted,channel,20503.934,nT
2026-04-15T10:55:00.000Z,BOU,X,adjusted,channel,20503.908,nT
2026-04-15T10:56:00.000Z,BOU,X,adjusted,channel,20503.772,nT
2026-04-15T10:57:00.000Z,BOU,X,adjusted,channel,20503.616,nT
2026-04-15T10:58:00.000Z,BOU,X,adjusted,channel,20503.542,nT
2026-04-15T10:59:00.000Z,BOU,X,adjusted,channel,20503.575,nT
2026-04-15T11:00:00.000Z,BOU,X,adjusted,channel,20503.692,nT
2026-04-15T11:01:00.000Z,BOU,X,adjusted,channel,20503.653,nT
2026-04-15T11:02:00.000Z,BOU,X,adjusted,channel,20503.785,nT
2026-04-15T11:03:00.000Z,BOU,X,adjusted,channel,20503.683,nT
2026-04-15T11:04:00.000Z,BOU,X,adjusted,channel,20503.71,nT
2026-04-15T11:05:00.000Z,BOU,X,adjusted,channel,20503.634,nT
2026-04-15T11:06:00.000Z,BOU,X,adjusted,channel,20503.466,nT
2026-04-15T11:07:00.000Z,BOU,X,adjusted,channel,20503.518,nT
2026-04-15T11:08:00.000Z,BOU,X,adjusted,channel,20503.421,nT
2026-04-15T11:09:00.000Z,BOU,X,adjusted,channel,20503.329,nT
2026-04-15T11:10:00.000Z,BOU,X,adjusted,channel,20503.215,nT
2026-04-15T11:11:00.000Z,BOU,X,adjusted,channel,20503.241,nT
2026-04-15T11:12:00.000Z,BOU,X,adjusted,channel,20503.263,nT
2026-04-15T11:13:00.000Z,BOU,X,adjusted,channel,20502.981,nT
2026-04-15T11:14:00.000Z,BOU,X,adjusted,channel,20502.937,nT
2026-04-15T11:15:00.000Z,BOU,X,adjusted,channel,20502.864,nT
2026-04-15T11:16:00.000Z,BOU,X,adjusted,channel,20502.854,nT
2026-04-15T11:17:00.000Z,BOU,X,adjusted,channel,20502.783,nT
2026-04-15T11:18:00.000Z,BOU,X,adjusted,channel,20502.673,nT
2026-04-15T11:19:00.000Z,BOU,X,adjusted,channel,20502.472,nT
2026-04-15T11:20:00.000Z,BOU,X,adjusted,channel,20502.628,nT
2026-04-15T11:21:00.000Z,BOU,X,adjusted,channel,20502.576,nT
2026-04-15T11:22:00.000Z,BOU,X,adjusted,channel,20502.425,nT
2026-04-15T11:23:00.000Z,BOU,X,adjusted,channel,20502.452,nT
2026-04-15T11:24:00.000Z,BOU,X,adjusted,channel,20502.529,nT
2026-04-15T11:25:00.000Z,BOU,X,adjusted,channel,20502.394,nT
2026-04-15T11:26:00.000Z,BOU,X,adjusted,channel,20502.414,nT
2026-04-15T11:27:00.000Z,BOU,X,adjusted,channel,20502.197,nT
2026-04-15T11:28:00.000Z,BOU,X,adjusted,channel,20502.129,nT
2026-04-15T11:29:00.000Z,BOU,X,adjusted,channel,20502.237,nT
2026-04-15T11:30:00.000Z,BOU,X,adjusted,channel,20502.071,nT
2026-04-15T11:31:00.000Z,BOU,X,adjusted,channel,20502.073,nT
2026-04-15T11:32:00.000Z,BOU,X,adjusted,channel,20501.895,nT
2026-04-15T11:33:00.000Z,BOU,X,adjusted,channel,20502.102,nT
2026-04-15T11:34:00.000Z,BOU,X,adjusted,channel,20502.004,nT
2026-04-15T11:35:00.000Z,BOU,X,adjusted,channel,20502.061,nT
2026-04-15T11:36:00.000Z,BOU,X,adjusted,channel,20502.123,nT
2026-04-15T11:37:00.000Z,BOU,X,adjusted,channel,20502.1,nT
2026-04-15T11:38:00.000Z,BOU,X,adjusted,channel,20502.239,nT
2026-04-15T11:39:00.000Z,BOU,X,adjusted,channel,20502.338,nT
2026-04-15T11:40:00.000Z,BOU,X,adjusted,channel,20502.277,nT
2026-04-15T11:41:00.000Z,BOU,X,adjusted,channel,20502.545,nT
2026-04-15T11:42:00.000Z,BOU,X,adjusted,channel,20502.411,nT
2026-04-15T11:43:00.000Z,BOU,X,adjusted,channel,20502.378,nT
2026-04-15T11:44:00.000Z,BOU,X,adjusted,channel,20502.508,nT
2026-04-15T11:45:00.000Z,BOU,X,adjusted,channel,20502.432,nT
2026-04-15T11:46:00.000Z,BOU,X,adjusted,channel,20502.658,nT
2026-04-15T11:47:00.000Z,BOU,X,adjusted,channel,20502.643,nT
2026-04-15T11:48:00.000Z,BOU,X,adjusted,channel,20502.748,nT
2026-04-15T11:49:00.000Z,BOU,X,adjusted,channel,20502.702,nT
2026-04-15T11:50:00.000Z,BOU,X,adjusted,channel,20502.659,nT
2026-04-15T11:51:00.000Z,BOU,X,adjusted,channel,20502.385,nT
2026-04-15T11:52:00.000Z,BOU,X,adjusted,channel,20502.319,nT
2026-04-15T11:53:00.000Z,BOU,X,adjusted,channel,20502.382,nT
2026-04-15T11:54:00.000Z,BOU,X,adjusted,channel,20502.423,nT
2026-04-15T11:55:00.000Z,BOU,X,adjusted,channel,20502.172,nT
2026-04-15T11:56:00.000Z,BOU,X,adjusted,channel,20502.173,nT
2026-04-15T11:57:00.000Z,BOU,X,adjusted,channel,20502.177,nT
2026-04-15T11:58:00.000Z,BOU,X,adjusted,channel,20502,nT
2026-04-15T11:59:00.000Z,BOU,X,adjusted,channel,20501.819,nT
2026-04-15T12:00:00.000Z,BOU,X,adjusted,channel,20502.038,nT
2026-04-15T12:01:00.000Z,BOU,X,adjusted,channel,20502.012,nT
2026-04-15T12:02:00.000Z,BOU,X,adjusted,channel,20502.153,nT
2026-04-15T12:03:00.000Z,BOU,X,adjusted,channel,20501.639,nT
2026-04-15T12:04:00.000Z,BOU,X,adjusted,channel,20501.823,nT
2026-04-15T12:05:00.000Z,BOU,X,adjusted,channel,20501.603,nT
2026-04-15T12:06:00.000Z,BOU,X,adjusted,channel,20501.686,nT
2026-04-15T12:07:00.000Z,BOU,X,adjusted,channel,20501.901,nT
2026-04-15T12:08:00.000Z,BOU,X,adjusted,channel,20501.965,nT
2026-04-15T12:09:00.000Z,BOU,X,adjusted,channel,20501.826,nT
2026-04-15T12:10:00.000Z,BOU,X,adjusted,channel,20501.947,nT
2026-04-15T12:11:00.000Z,BOU,X,adjusted,channel,20501.819,nT
2026-04-15T12:12:00.000Z,BOU,X,adjusted,channel,20502.028,nT
2026-04-15T12:13:00.000Z,BOU,X,adjusted,channel,20502.192,nT
2026-04-15T12:14:00.000Z,BOU,X,adjusted,channel,20502.364,nT
2026-04-15T12:15:00.000Z,BOU,X,adjusted,channel,20502.413,nT
2026-04-15T12:16:00.000Z,BOU,X,adjusted,channel,20502.707,nT
2026-04-15T12:17:00.000Z,BOU,X,adjusted,channel,20502.804,nT
2026-04-15T12:18:00.000Z,BOU,X,adjusted,channel,20503.044,nT
2026-04-15T12:19:00.000Z,BOU,X,adjusted,channel,20503.222,nT
2026-04-15T12:20:00.000Z,BOU,X,adjusted,channel,20503.187,nT
2026-04-15T12:21:00.000Z,BOU,X,adjusted,channel,20503.077,nT
2026-04-15T12:22:00.000Z,BOU,X,adjusted,channel,20503.083,nT
2026-04-15T12:23:00.000Z,BOU,X,adjusted,channel,20503.005,nT
2026-04-15T12:24:00.000Z,BOU,X,adjusted,channel,20502.729,nT
2026-04-15T12:25:00.000Z,BOU,X,adjusted,channel,20502.786,nT
2026-04-15T12:26:00.000Z,BOU,X,adjusted,channel,20502.749,nT
2026-04-15T12:27:00.000Z,BOU,X,adjusted,channel,20502.575,nT
2026-04-15T12:28:00.000Z,BOU,X,adjusted,channel,20502.463,nT
2026-04-15T12:29:00.000Z,BOU,X,adjusted,channel,20502.631,nT
2026-04-15T12:30:00.000Z,BOU,X,adjusted,channel,20502.394,nT
2026-04-15T12:31:00.000Z,BOU,X,adjusted,channel,20502.325,nT
2026-04-15T12:32:00.000Z,BOU,X,adjusted,channel,20502.137,nT
2026-04-15T12:33:00.000Z,BOU,X,adjusted,channel,20502.161,nT
2026-04-15T12:34:00.000Z,BOU,X,adjusted,channel,20502.211,nT
2026-04-15T12:35:00.000Z,BOU,X,adjusted,channel,20501.831,nT
2026-04-15T12:36:00.000Z,BOU,X,adjusted,channel,20502.034,nT
2026-04-15T12:37:00.000Z,BOU,X,adjusted,channel,20502.133,nT
2026-04-15T12:38:00.000Z,BOU,X,adjusted,channel,20502.281,nT
2026-04-15T12:39:00.000Z,BOU,X,adjusted,channel,20501.997,nT
2026-04-15T12:40:00.000Z,BOU,X,adjusted,channel,20502.287,nT
2026-04-15T12:41:00.000Z,BOU,X,adjusted,channel,20502.19,nT
2026-04-15T12:42:00.000Z,BOU,X,adjusted,channel,20501.938,nT
2026-04-15T12:43:00.000Z,BOU,X,adjusted,channel,20502.068,nT
2026-04-15T12:44:00.000Z,BOU,X,adjusted,channel,20501.923,nT
2026-04-15T12:45:00.000Z,BOU,X,adjusted,channel,20501.895,nT
2026-04-15T12:46:00.000Z,BOU,X,adjusted,channel,20501.878,nT
2026-04-15T12:47:00.000Z,BOU,X,adjusted,channel,20502.084,nT
2026-04-15T12:48:00.000Z,BOU,X,adjusted,channel,20502.17,nT
2026-04-15T12:49:00.000Z,BOU,X,adjusted,channel,20502.208,nT
2026-04-15T12:50:00.000Z,BOU,X,adjusted,channel,20502.207,nT
2026-04-15T12:51:00.000Z,BOU,X,adjusted,channel,20502.29,nT
2026-04-15T12:52:00.000Z,BOU,X,adjusted,channel,20502.165,nT
2026-04-15T12:53:00.000Z,BOU,X,adjusted,channel,20501.9,nT
2026-04-15T12:54:00.000Z,BOU,X,adjusted,channel,20501.884,nT
2026-04-15T12:55:00.000Z,BOU,X,adjusted,channel,20501.87,nT
2026-04-15T12:56:00.000Z,BOU,X,adjusted,channel,20501.984,nT
2026-04-15T12:57:00.000Z,BOU,X,adjusted,channel,20501.788,nT
2026-04-15T12:58:00.000Z,BOU,X,adjusted,channel,20502.054,nT
2026-04-15T12:59:00.000Z,BOU,X,adjusted,channel,20501.483,nT
2026-04-15T13:00:00.000Z,BOU,X,adjusted,channel,20501.691,nT
2026-04-15T13:01:00.000Z,BOU,X,adjusted,channel,20501.6,nT
2026-04-15T13:02:00.000Z,BOU,X,adjusted,channel,20501.562,nT
2026-04-15T13:03:00.000Z,BOU,X,adjusted,channel,20501.5,nT
2026-04-15T13:04:00.000Z,BOU,X,adjusted,channel,20501.473,nT
2026-04-15T13:05:00.000Z,BOU,X,adjusted,channel,20501.232,nT
2026-04-15T13:06:00.000Z,BOU,X,adjusted,channel,20501.339,nT
2026-04-15T13:07:00.000Z,BOU,X,adjusted,channel,20501.425,nT
2026-04-15T13:08:00.000Z,BOU,X,adjusted,channel,20501.433,nT
2026-04-15T13:09:00.000Z,BOU,X,adjusted,channel,20501.249,nT
2026-04-15T13:10:00.000Z,BOU,X,adjusted,channel,20501.692,nT
2026-04-15T13:11:00.000Z,BOU,X,adjusted,channel,20501.566,nT
2026-04-15T13:12:00.000Z,BOU,X,adjusted,channel,20501.605,nT
2026-04-15T13:13:00.000Z,BOU,X,adjusted,channel,20501.633,nT
2026-04-15T13:14:00.000Z,BOU,X,adjusted,channel,20501.615,nT
2026-04-15T13:15:00.000Z,BOU,X,adjusted,channel,20501.706,nT
2026-04-15T13:16:00.000Z,BOU,X,adjusted,channel,20501.372,nT
2026-04-15T13:17:00.000Z,BOU,X,adjusted,channel,20501.401,nT
2026-04-15T13:18:00.000Z,BOU,X,adjusted,channel,20501.324,nT
2026-04-15T13:19:00.000Z,BOU,X,adjusted,channel,20501.318,nT
2026-04-15T13:20:00.000Z,BOU,X,adjusted,channel,20501.641,nT
2026-04-15T13:21:00.000Z,BOU,X,adjusted,channel,20501.405,nT
2026-04-15T13:22:00.000Z,BOU,X,adjusted,channel,20501.677,nT
2026-04-15T13:23:00.000Z,BOU,X,adjusted,channel,20501.476,nT
2026-04-15T13:24:00.000Z,BOU,X,adjusted,channel,20501.602,nT
2026-04-15T13:25:00.000Z,BOU,X,adjusted,channel,20501.573,nT
2026-04-15T13:26:00.000Z,BOU,X,adjusted,channel,20501.34,nT
2026-04-15T13:27:00.000Z,BOU,X,adjusted,channel,20501.511,nT
2026-04-15T13:28:00.000Z,BOU,X,adjusted,channel,20501.128,nT
2026-04-15T13:29:00.000Z,BOU,X,adjusted,channel,20501.029,nT
2026-04-15T13:30:00.000Z,BOU,X,adjusted,channel,20500.629,nT
2026-04-15T13:31:00.000Z,BOU,X,adjusted,channel,20500.562,nT
2026-04-15T13:32:00.000Z,BOU,X,adjusted,channel,20500.544,nT
2026-04-15T13:33:00.000Z,BOU,X,adjusted,channel,20500.075,nT
2026-04-15T13:34:00.000Z,BOU,X,adjusted,channel,20500.099,nT
2026-04-15T13:35:00.000Z,BOU,X,adjusted,channel,20500.055,nT
2026-04-15T13:36:00.000Z,BOU,X,adjusted,channel,20499.822,nT
2026-04-15T13:37:00.000Z,BOU,X,adjusted,channel,20499.57,nT
2026-04-15T13:38:00.000Z,BOU,X,adjusted,channel,20499.471,nT
2026-04-15T13:39:00.000Z,BOU,X,adjusted,channel,20498.9,nT
2026-04-15T13:40:00.000Z,BOU,X,adjusted,channel,20498.633,nT
2026-04-15T13:41:00.000Z,BOU,X,adjusted,channel,20498.656,nT
2026-04-15T13:42:00.000Z,BOU,X,adjusted,channel,20498.35,nT
2026-04-15T13:43:00.000Z,BOU,X,adjusted,channel,20498.466,nT
2026-04-15T13:44:00.000Z,BOU,X,adjusted,channel,20498.588,nT
2026-04-15T13:45:00.000Z,BOU,X,adjusted,channel,20498.621,nT
2026-04-15T13:46:00.000Z,BOU,X,adjusted,channel,20498.663,nT
2026-04-15T13:47:00.000Z,BOU,X,adjusted,channel,20498.641,nT
2026-04-15T13:48:00.000Z,BOU,X,adjusted,channel,20498.643,nT
2026-04-15T13:49:00.000Z,BOU,X,adjusted,channel,20498.696,nT
2026-04-15T13:50:00.000Z,BOU,X,adjusted,channel,20498.696,nT
2026-04-15T13:51:00.000Z,BOU,X,adjusted,channel,20498.9,nT
2026-04-15T13:52:00.000Z,BOU,X,adjusted,channel,20498.432,nT
2026-04-15T13:53:00.000Z,BOU,X,adjusted,channel,20499.111,nT
2026-04-15T13:54:00.000Z,BOU,X,adjusted,channel,20498.627,nT
2026-04-15T13:55:00.000Z,BOU,X,adjusted,channel,20498.189,nT
2026-04-15T13:56:00.000Z,BOU,X,adjusted,channel,20498.887,nT
2026-04-15T13:57:00.000Z,BOU,X,adjusted,channel,20498.144,nT
2026-04-15T13:58:00.000Z,BOU,X,adjusted,channel,20497.947,nT
2026-04-15T13:59:00.000Z,BOU,X,adjusted,channel,20497.712,nT
2026-04-15T14:00:00.000Z,BOU,X,adjusted,channel,20497.306,nT
2026-04-15T14:01:00.000Z,BOU,X,adjusted,channel,20497.131,nT
2026-04-15T14:02:00.000Z,BOU,X,adjusted,channel,20497.812,nT
2026-04-15T14:03:00.000Z,BOU,X,adjusted,channel,20497.825,nT
2026-04-15T14:04:00.000Z,BOU,X,adjusted,channel,20498.409,nT
2026-04-15T14:05:00.000Z,BOU,X,adjusted,channel,20498.221,nT
2026-04-15T14:06:00.000Z,BOU,X,adjusted,channel,20497.814,nT
2026-04-15T14:07:00.000Z,BOU,X,adjusted,channel,20497.941,nT
2026-04-15T14:08:00.000Z,BOU,X,adjusted,channel,20496.496,nT
2026-04-15T14:09:00.000Z,BOU,X,adjusted,channel,20496.847,nT
2026-04-15T14:10:00.000Z,BOU,X,adjusted,channel,20496.049,nT
2026-04-15T14:11:00.000Z,BOU,X,adjusted,channel,20496.284,nT
2026-04-15T14:12:00.000Z,BOU,X,adjusted,channel,20496.426,nT
2026-04-15T14:13:00.000Z,BOU,X,adjusted,channel,20496.453,nT
2026-04-15T14:14:00.000Z,BOU,X,adjusted,channel,20496.58,nT
2026-04-15T14:15:00.000Z,BOU,X,adjusted,channel,20496.497,nT
2026-04-15T14:16:00.000Z,BOU,X,adjusted,channel,20496.628,nT
2026-04-15T14:17:00.000Z,BOU,X,adjusted,channel,20497.013,nT
2026-04-15T14:18:00.000Z,BOU,X,adjusted,channel,20497.131,nT
2026-04-15T14:19:00.000Z,BOU,X,adjusted,channel,20497.194,nT
2026-04-15T14:20:00.000Z,BOU,X,adjusted,channel,20497.919,nT
2026-04-15T14:21:00.000Z,BOU,X,adjusted,channel,20497.04,nT
2026-04-15T14:22:00.000Z,BOU,X,adjusted,channel,20497.281,nT
2026-04-15T14:23:00.000Z,BOU,X,adjusted,channel,20498.019,nT
2026-04-15T14:24:00.000Z,BOU,X,adjusted,channel,20498.635,nT
2026-04-15T14:25:00.000Z,BOU,X,adjusted,channel,20498.783,nT
2026-04-15T14:26:00.000Z,BOU,X,adjusted,channel,20498.305,nT
2026-04-15T14:27:00.000Z,BOU,X,adjusted,channel,20497.987,nT
2026-04-15T14:28:00.000Z,BOU,X,adjusted,channel,20497.964,nT
2026-04-15T14:29:00.000Z,BOU,X,adjusted,channel,20497.791,nT
2026-04-15T14:30:00.000Z,BOU,X,adjusted,channel,20497.721,nT
2026-04-15T14:31:00.000Z,BOU,X,adjusted,channel,20497.516,nT
2026-04-15T14:32:00.000Z,BOU,X,adjusted,channel,20497.274,nT
2026-04-15T14:33:00.000Z,BOU,X,adjusted,channel,20496.845,nT
2026-04-15T14:34:00.000Z,BOU,X,adjusted,channel,20496.738,nT
2026-04-15T14:35:00.000Z,BOU,X,adjusted,channel,20496.655,nT
2026-04-15T14:36:00.000Z,BOU,X,adjusted,channel,20496.54,nT
2026-04-15T14:37:00.000Z,BOU,X,adjusted,channel,20496.405,nT
2026-04-15T14:38:00.000Z,BOU,X,adjusted,channel,20496.17,nT
2026-04-15T14:39:00.000Z,BOU,X,adjusted,channel,20496.084,nT
2026-04-15T14:40:00.000Z,BOU,X,adjusted,channel,20495.914,nT
2026-04-15T14:41:00.000Z,BOU,X,adjusted,channel,20495.714,nT
2026-04-15T14:42:00.000Z,BOU,X,adjusted,channel,20495.705,nT
2026-04-15T14:43:00.000Z,BOU,X,adjusted,channel,20495.497,nT
2026-04-15T14:44:00.000Z,BOU,X,adjusted,channel,20495.339,nT
2026-04-15T14:45:00.000Z,BOU,X,adjusted,channel,20495.246,nT
2026-04-15T14:46:00.000Z,BOU,X,adjusted,channel,20495.491,nT
2026-04-15T14:47:00.000Z,BOU,X,adjusted,channel,20495.268,nT
2026-04-15T14:48:00.000Z,BOU,X,adjusted,channel,20495.102,nT
2026-04-15T14:49:00.000Z,BOU,X,adjusted,channel,20494.256,nT
2026-04-15T14:50:00.000Z,BOU,X,adjusted,channel,20493.888,nT
2026-04-15T14:51:00.000Z,BOU,X,adjusted,channel,20493.148,nT
2026-04-15T14:52:00.000Z,BOU,X,adjusted,channel,20492.335,nT
2026-04-15T14:53:00.000Z,BOU,X,adjusted,channel,20491.79,nT
2026-04-15T14:54:00.000Z,BOU,X,adjusted,channel,20491.478,nT
2026-04-15T14:55:00.000Z,BOU,X,adjusted,channel,20491.212,nT
2026-04-15T14:56:00.000Z,BOU,X,adjusted,channel,20491.112,nT
2026-04-15T14:57:00.000Z,BOU,X,adjusted,channel,20491.149,nT
2026-04-15T14:58:00.000Z,BOU,X,adjusted,channel,20490.998,nT
2026-04-15T14:59:00.000Z,BOU,X,adjusted,channel,20490.951,nT
2026-04-15T15:00:00.000Z,BOU,X,adjusted,channel,20491.236,nT
2026-04-15T15:01:00.000Z,BOU,X,adjusted,channel,20490.459,nT
2026-04-15T15:02:00.000Z,BOU,X,adjusted,channel,20490.26,nT
2026-04-15T15:03:00.000Z,BOU,X,adjusted,channel,20490.499,nT
2026-04-15T15:04:00.000Z,BOU,X,adjusted,channel,20490.003,nT
2026-04-15T15:05:00.000Z,BOU,X,adjusted,channel,20489.375,nT
2026-04-15T15:06:00.000Z,BOU,X,adjusted,channel,20489.528,nT
2026-04-15T15:07:00.000Z,BOU,X,adjusted,channel,20488.492,nT
2026-04-15T15:08:00.000Z,BOU,X,adjusted,channel,20488.844,nT
2026-04-15T15:09:00.000Z,BOU,X,adjusted,channel,20488.601,nT
2026-04-15T15:10:00.000Z,BOU,X,adjusted,channel,20488.771,nT
2026-04-15T15:11:00.000Z,BOU,X,adjusted,channel,20489.219,nT
2026-04-15T15:12:00.000Z,BOU,X,adjusted,channel,20489.134,nT
2026-04-15T15:13:00.000Z,BOU,X,adjusted,channel,20490.209,nT
2026-04-15T15:14:00.000Z,BOU,X,adjusted,channel,20490.57,nT
2026-04-15T15:15:00.000Z,BOU,X,adjusted,channel,20490.727,nT
2026-04-15T15:16:00.000Z,BOU,X,adjusted,channel,20490.979,nT
2026-04-15T15:17:00.000Z,BOU,X,adjusted,channel,20489.837,nT
2026-04-15T15:18:00.000Z,BOU,X,adjusted,channel,20488.452,nT
2026-04-15T15:19:00.000Z,BOU,X,adjusted,channel,20486.667,nT
2026-04-15T15:20:00.000Z,BOU,X,adjusted,channel,20485.542,nT
2026-04-15T15:21:00.000Z,BOU,X,adjusted,channel,20485.04,nT
2026-04-15T15:22:00.000Z,BOU,X,adjusted,channel,20485.199,nT
2026-04-15T15:23:00.000Z,BOU,X,adjusted,channel,20485.603,nT
2026-04-15T15:24:00.000Z,BOU,X,adjusted,channel,20485.587,nT
2026-04-15T15:25:00.000Z,BOU,X,adjusted,channel,20485.644,nT
2026-04-15T15:26:00.000Z,BOU,X,adjusted,channel,20485.264,nT
2026-04-15T15:27:00.000Z,BOU,X,adjusted,channel,20485.344,nT
2026-04-15T15:28:00.000Z,BOU,X,adjusted,channel,20485.41,nT
2026-04-15T15:29:00.000Z,BOU,X,adjusted,channel,20485.264,nT
2026-04-15T15:30:00.000Z,BOU,X,adjusted,channel,20485.264,nT
2026-04-15T15:31:00.000Z,BOU,X,adjusted,channel,20484.808,nT
2026-04-15T15:32:00.000Z,BOU,X,adjusted,channel,20484.682,nT
2026-04-15T15:33:00.000Z,BOU,X,adjusted,channel,20484.318,nT
2026-04-15T15:34:00.000Z,BOU,X,adjusted,channel,20483.835,nT
2026-04-15T15:35:00.000Z,BOU,X,adjusted,channel,20483.884,nT
2026-04-15T15:36:00.000Z,BOU,X,adjusted,channel,20483.451,nT
2026-04-15T15:37:00.000Z,BOU,X,adjusted,channel,20482.459,nT
2026-04-15T15:38:00.000Z,BOU,X,adjusted,channel,20482.039,nT
2026-04-15T15:39:00.000Z,BOU,X,adjusted,channel,20482.309,nT
2026-04-15T15:40:00.000Z,BOU,X,adjusted,channel,20482.392,nT
2026-04-15T15:41:00.000Z,BOU,X,adjusted,channel,20482.453,nT
2026-04-15T15:42:00.000Z,BOU,X,adjusted,channel,20481.317,nT
2026-04-15T15:43:00.000Z,BOU,X,adjusted,channel,20480.038,nT
2026-04-15T15:44:00.000Z,BOU,X,adjusted,channel,20480.035,nT
2026-04-15T15:45:00.000Z,BOU,X,adjusted,channel,20478.652,nT
2026-04-15T15:46:00.000Z,BOU,X,adjusted,channel,20478.072,nT
2026-04-15T15:47:00.000Z,BOU,X,adjusted,channel,20477.324,nT
2026-04-15T15:48:00.000Z,BOU,X,adjusted,channel,20477.285,nT
2026-04-15T15:49:00.000Z,BOU,X,adjusted,channel,20476.724,nT
2026-04-15T15:50:00.000Z,BOU,X,adjusted,channel,20476.29,nT
2026-04-15T15:51:00.000Z,BOU,X,adjusted,channel,20476.241,nT
2026-04-15T15:52:00.000Z,BOU,X,adjusted,channel,20476.014,nT
2026-04-15T15:53:00.000Z,BOU,X,adjusted,channel,20475.664,nT
2026-04-15T15:54:00.000Z,BOU,X,adjusted,channel,20475.426,nT
2026-04-15T15:55:00.000Z,BOU,X,adjusted,channel,20475.326,nT
2026-04-15T15:56:00.000Z,BOU,X,adjusted,channel,20475.848,nT
2026-04-15T15:57:00.000Z,BOU,X,adjusted,channel,20476.454,nT
2026-04-15T15:58:00.000Z,BOU,X,adjusted,channel,20476.629,nT
2026-04-15T15:59:00.000Z,BOU,X,adjusted,channel,20476.929,nT
2026-04-15T16:00:00.000Z,BOU,X,adjusted,channel,20477.253,nT
2026-04-15T16:01:00.000Z,BOU,X,adjusted,channel,20477.001,nT
2026-04-15T16:02:00.000Z,BOU,X,adjusted,channel,20476.267,nT
2026-04-15T16:03:00.000Z,BOU,X,adjusted,channel,20476.06,nT
2026-04-15T16:04:00.000Z,BOU,X,adjusted,channel,20475.874,nT
2026-04-15T16:05:00.000Z,BOU,X,adjusted,channel,20475.92,nT
2026-04-15T16:06:00.000Z,BOU,X,adjusted,channel,20476.113,nT
2026-04-15T16:07:00.000Z,BOU,X,adjusted,channel,20475.796,nT
2026-04-15T16:08:00.000Z,BOU,X,adjusted,channel,20475.733,nT
2026-04-15T16:09:00.000Z,BOU,X,adjusted,channel,20474.995,nT
2026-04-15T16:10:00.000Z,BOU,X,adjusted,channel,20474.714,nT
2026-04-15T16:11:00.000Z,BOU,X,adjusted,channel,20474.862,nT
2026-04-15T16:12:00.000Z,BOU,X,adjusted,channel,20474.451,nT
2026-04-15T16:13:00.000Z,BOU,X,adjusted,channel,20474.283,nT
2026-04-15T16:14:00.000Z,BOU,X,adjusted,channel,20474.847,nT
2026-04-15T16:15:00.000Z,BOU,X,adjusted,channel,20475.24,nT
2026-04-15T16:16:00.000Z,BOU,X,adjusted,channel,20475.49,nT
2026-04-15T16:17:00.000Z,BOU,X,adjusted,channel,20475.979,nT
2026-04-15T16:18:00.000Z,BOU,X,adjusted,channel,20475.92,nT
2026-04-15T16:19:00.000Z,BOU,X,adjusted,channel,20476.648,nT
2026-04-15T16:20:00.000Z,BOU,X,adjusted,channel,20477.603,nT
2026-04-15T16:21:00.000Z,BOU,X,adjusted,channel,20477.291,nT
2026-04-15T16:22:00.000Z,BOU,X,adjusted,channel,20477.461,nT
2026-04-15T16:23:00.000Z,BOU,X,adjusted,channel,20477.415,nT
2026-04-15T16:24:00.000Z,BOU,X,adjusted,channel,20477.442,nT
2026-04-15T16:25:00.000Z,BOU,X,adjusted,channel,20477.611,nT
2026-04-15T16:26:00.000Z,BOU,X,adjusted,channel,20478.196,nT
2026-04-15T16:27:00.000Z,BOU,X,adjusted,channel,20478.152,nT
2026-04-15T16:28:00.000Z,BOU,X,adjusted,channel,20477.964,nT
2026-04-15T16:29:00.000Z,BOU,X,adjusted,channel,20477.28,nT
2026-04-15T16:30:00.000Z,BOU,X,adjusted,channel,20476.951,nT
2026-04-15T16:31:00.000Z,BOU,X,adjusted,channel,20476.828,nT
2026-04-15T16:32:00.000Z,BOU,X,adjusted,channel,20476.732,nT
2026-04-15T16:33:00.000Z,BOU,X,adjusted,channel,20476.649,nT
2026-04-15T16:34:00.000Z,BOU,X,adjusted,channel,20476.363,nT
2026-04-15T16:35:00.000Z,BOU,X,adjusted,channel,20476.519,nT
2026-04-15T16:36:00.000Z,BOU,X,adjusted,channel,20475.721,nT
2026-04-15T16:37:00.000Z,BOU,X,adjusted,channel,20475.139,nT
2026-04-15T16:38:00.000Z,BOU,X,adjusted,channel,20475.51,nT
2026-04-15T16:39:00.000Z,BOU,X,adjusted,channel,20475.499,nT
2026-04-15T16:40:00.000Z,BOU,X,adjusted,channel,20475.572,nT
2026-04-15T16:41:00.000Z,BOU,X,adjusted,channel,20475.374,nT
2026-04-15T16:42:00.000Z,BOU,X,adjusted,channel,20475.07,nT
2026-04-15T16:43:00.000Z,BOU,X,adjusted,channel,20475.076,nT
2026-04-15T16:44:00.000Z,BOU,X,adjusted,channel,20475.195,nT
2026-04-15T16:45:00.000Z,BOU,X,adjusted,channel,20475.373,nT
2026-04-15T16:46:00.000Z,BOU,X,adjusted,channel,20475.287,nT
2026-04-15T16:47:00.000Z,BOU,X,adjusted,channel,20475.392,nT
2026-04-15T16:48:00.000Z,BOU,X,adjusted,channel,20475.305,nT
2026-04-15T16:49:00.000Z,BOU,X,adjusted,channel,20475.247,nT
2026-04-15T16:50:00.000Z,BOU,X,adjusted,channel,20475.152,nT
2026-04-15T16:51:00.000Z,BOU,X,adjusted,channel,20475.188,nT
2026-04-15T16:52:00.000Z,BOU,X,adjusted,channel,20475.563,nT
2026-04-15T16:53:00.000Z,BOU,X,adjusted,channel,20475.826,nT
2026-04-15T16:54:00.000Z,BOU,X,adjusted,channel,20475.506,nT
2026-04-15T16:55:00.000Z,BOU,X,adjusted,channel,20475.857,nT
2026-04-15T16:56:00.000Z,BOU,X,adjusted,channel,20476.38,nT
2026-04-15T16:57:00.000Z,BOU,X,adjusted,channel,20476.176,nT
2026-04-15T16:58:00.000Z,BOU,X,adjusted,channel,20475.429,nT
2026-04-15T16:59:00.000Z,BOU,X,adjusted,channel,20475.581,nT
2026-04-15T17:00:00.000Z,BOU,X,adjusted,channel,20475.532,nT
2026-04-15T17:01:00.000Z,BOU,X,adjusted,channel,20475.43,nT
2026-04-15T17:02:00.000Z,BOU,X,adjusted,channel,20475.15,nT
2026-04-15T17:03:00.000Z,BOU,X,adjusted,channel,20474.91,nT
2026-04-15T17:04:00.000Z,BOU,X,adjusted,channel,20475.363,nT
2026-04-15T17:05:00.000Z,BOU,X,adjusted,channel,20475.584,nT
2026-04-15T17:06:00.000Z,BOU,X,adjusted,channel,20475.475,nT
2026-04-15T17:07:00.000Z,BOU,X,adjusted,channel,20475.07,nT
2026-04-15T17:08:00.000Z,BOU,X,adjusted,channel,20474.681,nT
2026-04-15T17:09:00.000Z,BOU,X,adjusted,channel,20474.488,nT
2026-04-15T17:10:00.000Z,BOU,X,adjusted,channel,20474.398,nT
2026-04-15T17:11:00.000Z,BOU,X,adjusted,channel,20474.138,nT
2026-04-15T17:12:00.000Z,BOU,X,adjusted,channel,20473.851,nT
2026-04-15T17:13:00.000Z,BOU,X,adjusted,channel,20473.833,nT
2026-04-15T17:14:00.000Z,BOU,X,adjusted,channel,20473.268,nT
2026-04-15T17:15:00.000Z,BOU,X,adjusted,channel,20472.997,nT
2026-04-15T17:16:00.000Z,BOU,X,adjusted,channel,20472.741,nT
2026-04-15T17:17:00.000Z,BOU,X,adjusted,channel,20472.558,nT
2026-04-15T17:18:00.000Z,BOU,X,adjusted,channel,20472.428,nT
2026-04-15T17:19:00.000Z,BOU,X,adjusted,channel,20472.287,nT
2026-04-15T17:20:00.000Z,BOU,X,adjusted,channel,20472.125,nT
2026-04-15T17:21:00.000Z,BOU,X,adjusted,channel,20472.133,nT
2026-04-15T17:22:00.000Z,BOU,X,adjusted,channel,20472.248,nT
2026-04-15T17:23:00.000Z,BOU,X,adjusted,channel,20471.929,nT
2026-04-15T17:24:00.000Z,BOU,X,adjusted,channel,20471.638,nT
2026-04-15T17:25:00.000Z,BOU,X,adjusted,channel,20471.294,nT
2026-04-15T17:26:00.000Z,BOU,X,adjusted,channel,20471.393,nT
2026-04-15T17:27:00.000Z,BOU,X,adjusted,channel,20471.186,nT
2026-04-15T17:28:00.000Z,BOU,X,adjusted,channel,20471.132,nT
2026-04-15T17:29:00.000Z,BOU,X,adjusted,channel,20471.032,nT
2026-04-15T17:30:00.000Z,BOU,X,adjusted,channel,20471.097,nT