timestamp,station,channel,data_type,view,value,units
2026-03-18T17:30:00.000Z,BOUV,X,variation,channel,21900.61538777882,nT
2026-03-18T17:31:00.000Z,BOUV,X,variation,channel,21900.7223554523,nT
2026-03-18T17:32:00.000Z,BOUV,X,variation,channel,21900.672706179746,nT
2026-03-18T17:33:00.000Z,BOUV,X,variation,channel,21900.46588773741,nT
2026-03-18T17:34:00.000Z,BOUV,X,variation,channel,21900.437007365967,nT
2026-03-18T17:35:00.000Z,BOUV,X,variation,channel,21900.27374092579,nT
2026-03-18T17:36:00.000Z,BOUV,X,variation,channel,21900.156792480055,nT
2026-03-18T17:37:00.000Z,BOUV,X,variation,channel,21900.15760422469,nT
2026-03-18T17:38:00.000Z,BOUV,X,variation,channel,21900.368012460716,nT
2026-03-18T17:39:00.000Z,BOUV,X,variation,channel,21900.635239442745,nT
2026-03-18T17:40:00.000Z,BOUV,X,variation,channel,21900.449338061135,nT
2026-03-18T17:41:00.000Z,BOUV,X,variation,channel,21900.238491170905,nT
2026-03-18T17:42:00.000Z,BOUV,X,variation,channel,21900.348335886036,nT
2026-03-18T17:43:00.000Z,BOUV,X,variation,channel,21900.177920255417,nT
2026-03-18T17:44:00.000Z,BOUV,X,variation,channel,21900.031261956177,nT
2026-03-18T17:45:00.000Z,BOUV,X,variation,channel,21899.978053428218,nT
2026-03-18T17:46:00.000Z,BOUV,X,variation,channel,21900.1335270816,nT
2026-03-18T17:47:00.000Z,BOUV,X,variation,channel,21900.054258705375,nT
2026-03-18T17:48:00.000Z,BOUV,X,variation,channel,21899.98418397958,nT
2026-03-18T17:49:00.000Z,BOUV,X,variation,channel,21900.09127868029,nT
2026-03-18T17:50:00.000Z,BOUV,X,variation,channel,21900.109842714446,nT
2026-03-18T17:51:00.000Z,BOUV,X,variation,channel,21900.130684795204,nT
2026-03-18T17:52:00.000Z,BOUV,X,variation,channel,21900.27116642287,nT
2026-03-18T17:53:00.000Z,BOUV,X,variation,channel,21900.393390785222,nT
2026-03-18T17:54:00.000Z,BOUV,X,variation,channel,21900.206865614568,nT
2026-03-18T17:55:00.000Z,BOUV,X,variation,channel,21900.22926761884,nT
2026-03-18T17:56:00.000Z,BOUV,X,variation,channel,21900.02301323472,nT
2026-03-18T17:57:00.000Z,BOUV,X,variation,channel,21900.020116562104,nT
2026-03-18T17:58:00.000Z,BOUV,X,variation,channel,21900.1251379782,nT
2026-03-18T17:59:00.000Z,BOUV,X,variation,channel,21900.19009870447,nT
2026-03-18T18:00:00.000Z,BOUV,X,variation,channel,21900.28494609683,nT
2026-03-18T18:01:00.000Z,BOUV,X,variation,channel,21899.972456395833,nT
2026-03-18T18:02:00.000Z,BOUV,X,variation,channel,21900.050627527442,nT
2026-03-18T18:03:00.000Z,BOUV,X,variation,channel,21900.18145328936,nT
2026-03-18T18:04:00.000Z,BOUV,X,variation,channel,21900.19168130909,nT
2026-03-18T18:05:00.000Z,BOUV,X,variation,channel,21900.470748574706,nT
2026-03-18T18:06:00.000Z,BOUV,X,variation,channel,21900.330809467952,nT
2026-03-18T18:07:00.000Z,BOUV,X,variation,channel,21900.808655504254,nT
2026-03-18T18:08:00.000Z,BOUV,X,variation,channel,21900.929942215695,nT
2026-03-18T18:09:00.000Z,BOUV,X,variation,channel,21900.938737495617,nT
2026-03-18T18:10:00.000Z,BOUV,X,variation,channel,21900.7909988857,nT
2026-03-18T18:11:00.000Z,BOUV,X,variation,channel,21901.251545964613,nT
2026-03-18T18:12:00.000Z,BOUV,X,variation,channel,21901.00733880922,nT
2026-03-18T18:13:00.000Z,BOUV,X,variation,channel,21900.90513819905,nT
2026-03-18T18:14:00.000Z,BOUV,X,variation,channel,21900.87626159221,nT
2026-03-18T18:15:00.000Z,BOUV,X,variation,channel,21900.669725088537,nT
2026-03-18T18:16:00.000Z,BOUV,X,variation,channel,21900.48049367919,nT
2026-03-18T18:17:00.000Z,BOUV,X,variation,channel,21900.568374255723,nT
2026-03-18T18:18:00.000Z,BOUV,X,variation,channel,21900.44081330399,nT
2026-03-18T18:19:00.000Z,BOUV,X,variation,channel,21900.39382914046,nT
2026-03-18T18:20:00.000Z,BOUV,X,variation,channel,21900.768930423284,nT
2026-03-18T18:21:00.000Z,BOUV,X,variation,channel,21900.41965309535,nT
2026-03-18T18:22:00.000Z,BOUV,X,variation,channel,21900.686641945696,nT
2026-03-18T18:23:00.000Z,BOUV,X,variation,channel,21900.66375810375,nT
2026-03-18T18:24:00.000Z,BOUV,X,variation,channel,21900.70466312625,nT
2026-03-18T18:25:00.000Z,BOUV,X,variation,channel,21900.72369835563,nT
2026-03-18T18:26:00.000Z,BOUV,X,variation,channel,21900.803229747566,nT
2026-03-18T18:27:00.000Z,BOUV,X,variation,channel,21900.728034460302,nT
2026-03-18T18:28:00.000Z,BOUV,X,variation,channel,21900.647400808433,nT
2026-03-18T18:29:00.000Z,BOUV,X,variation,channel,21900.69127785742,nT
2026-03-18T18:30:00.000Z,BOUV,X,variation,channel,21900.67528803256,nT
2026-03-18T18:31:00.000Z,BOUV,X,variation,channel,21900.569535087983,nT
2026-03-18T18:32:00.000Z,BOUV,X,variation,channel,21900.439073841517,nT
2026-03-18T18:33:00.000Z,BOUV,X,variation,channel,21900.505781948184,nT
2026-03-18T18:34:00.000Z,BOUV,X,variation,channel,21900.352565764333,nT
2026-03-18T18:35:00.000Z,BOUV,X,variation,channel,21900.234863738257,nT
2026-03-18T18:36:00.000Z,BOUV,X,variation,channel,21900.016268070292,nT
2026-03-18T18:37:00.000Z,BOUV,X,variation,channel,21900.26451371801,nT
2026-03-18T18:38:00.000Z,BOUV,X,variation,channel,21900.239146453703,nT
2026-03-18T18:39:00.000Z,BOUV,X,variation,channel,21900.304541874357,nT
2026-03-18T18:40:00.000Z,BOUV,X,variation,channel,21900.56744495497,nT
2026-03-18T18:41:00.000Z,BOUV,X,variation,channel,21900.605468549616,nT
2026-03-18T18:42:00.000Z,BOUV,X,variation,channel,21900.76936711525,nT
2026-03-18T18:43:00.000Z,BOUV,X,variation,channel,21900.78511996103,nT
2026-03-18T18:44:00.000Z,BOUV,X,variation,channel,21901.079653450342,nT
2026-03-18T18:45:00.000Z,BOUV,X,variation,channel,21901.070875367004,nT
2026-03-18T18:46:00.000Z,BOUV,X,variation,channel,,nT
2026-03-18T18:47:00.000Z,BOUV,X,variation,channel,21901.315729693477,nT
2026-03-18T18:48:00.000Z,BOUV,X,variation,channel,21901.86539321132,nT
2026-03-18T18:49:00.000Z,BOUV,X,variation,channel,21902.028241192034,nT
2026-03-18T18:50:00.000Z,BOUV,X,variation,channel,21901.959193259394,nT
2026-03-18T18:51:00.000Z,BOUV,X,variation,channel,21901.660459519382,nT
2026-03-18T18:52:00.000Z,BOUV,X,variation,channel,21901.475149195518,nT
2026-03-18T18:53:00.000Z,BOUV,X,variation,channel,21901.527682892534,nT
2026-03-18T18:54:00.000Z,BOUV,X,variation,channel,21900.99218217851,nT
2026-03-18T18:55:00.000Z,BOUV,X,variation,channel,21900.07190905693,nT
2026-03-18T18:56:00.000Z,BOUV,X,variation,channel,21899.95503843183,nT
2026-03-18T18:57:00.000Z,BOUV,X,variation,channel,21899.749466058915,nT
2026-03-18T18:58:00.000Z,BOUV,X,variation,channel,21899.530529573196,nT
2026-03-18T18:59:00.000Z,BOUV,X,variation,channel,21899.585655825736,nT
2026-03-18T19:00:00.000Z,BOUV,X,variation,channel,21900.012624688137,nT
2026-03-18T19:01:00.000Z,BOUV,X,variation,channel,21900.201841818674,nT
2026-03-18T19:02:00.000Z,BOUV,X,variation,channel,21900.08922728031,nT
2026-03-18T19:03:00.000Z,BOUV,X,variation,channel,21899.93984943164,nT
2026-03-18T19:04:00.000Z,BOUV,X,variation,channel,21899.81395843049,nT
2026-03-18T19:05:00.000Z,BOUV,X,variation,channel,21899.93555056484,nT
2026-03-18T19:06:00.000Z,BOUV,X,variation,channel,21900.133565629323,nT
2026-03-18T19:07:00.000Z,BOUV,X,variation,channel,21900.220797029408,nT
2026-03-18T19:08:00.000Z,BOUV,X,variation,channel,21900.04955436847,nT
2026-03-18T19:09:00.000Z,BOUV,X,variation,channel,21899.998101677513,nT
2026-03-18T19:10:00.000Z,BOUV,X,variation,channel,21900.10661568229,nT
2026-03-18T19:11:00.000Z,BOUV,X,variation,channel,21899.95736207178,nT
2026-03-18T19:12:00.000Z,BOUV,X,variation,channel,21900.081686822203,nT
2026-03-18T19:13:00.000Z,BOUV,X,variation,channel,21900.006946203375,nT
2026-03-18T19:14:00.000Z,BOUV,X,variation,channel,21899.818973717145,nT
2026-03-18T19:15:00.000Z,BOUV,X,variation,channel,21899.66209449104,nT
2026-03-18T19:16:00.000Z,BOUV,X,variation,channel,21899.815771962458,nT
2026-03-18T19:17:00.000Z,BOUV,X,variation,channel,21899.996116557824,nT
2026-03-18T19:18:00.000Z,BOUV,X,variation,channel,21900.09936247763,nT
2026-03-18T19:19:00.000Z,BOUV,X,variation,channel,21900.268894531346,nT
2026-03-18T19:20:00.000Z,BOUV,X,variation,channel,21900.436446566087,nT
2026-03-18T19:21:00.000Z,BOUV,X,variation,channel,21900.51440787893,nT
2026-03-18T19:22:00.000Z,BOUV,X,variation,channel,21900.300092537676,nT
2026-03-18T19:23:00.000Z,BOUV,X,variation,channel,21901.011411874188,nT
2026-03-18T19:24:00.000Z,BOUV,X,variation,channel,21901.261883760966,nT
2026-03-18T19:25:00.000Z,BOUV,X,variation,channel,21900.99159236402,nT
2026-03-18T19:26:00.000Z,BOUV,X,variation,channel,21900.907589826104,nT
2026-03-18T19:27:00.000Z,BOUV,X,variation,channel,21901.113498819763,nT
2026-03-18T19:28:00.000Z,BOUV,X,variation,channel,21901.048304531723,nT
2026-03-18T19:29:00.000Z,BOUV,X,variation,channel,21900.98226620965,nT
2026-03-18T19:30:00.000Z,BOUV,X,variation,channel,21900.79433394899,nT
2026-03-18T19:31:00.000Z,BOUV,X,variation,channel,21900.724965626774,nT
2026-03-18T19:32:00.000Z,BOUV,X,variation,channel,21900.679308340197,nT
2026-03-18T19:33:00.000Z,BOUV,X,variation,channel,21900.506899099684,nT
2026-03-18T19:34:00.000Z,BOUV,X,variation,channel,21900.16591555988,nT
2026-03-18T19:35:00.000Z,BOUV,X,variation,channel,21899.825555662657,nT
2026-03-18T19:36:00.000Z,BOUV,X,variation,channel,21899.66461010646,nT
2026-03-18T19:37:00.000Z,BOUV,X,variation,channel,21899.790074566557,nT
2026-03-18T19:38:00.000Z,BOUV,X,variation,channel,21899.658613056934,nT
2026-03-18T19:39:00.000Z,BOUV,X,variation,channel,21899.7863531239,nT
2026-03-18T19:40:00.000Z,BOUV,X,variation,channel,21899.131662938154,nT
2026-03-18T19:41:00.000Z,BOUV,X,variation,channel,21899.000028914586,nT
2026-03-18T19:42:00.000Z,BOUV,X,variation,channel,21898.991978797032,nT
2026-03-18T19:43:00.000Z,BOUV,X,variation,channel,21899.020284478574,nT
2026-03-18T19:44:00.000Z,BOUV,X,variation,channel,21899.02478473744,nT
2026-03-18T19:45:00.000Z,BOUV,X,variation,channel,21898.92369517513,nT
2026-03-18T19:46:00.000Z,BOUV,X,variation,channel,21899.071485949105,nT
2026-03-18T19:47:00.000Z,BOUV,X,variation,channel,21899.320504347445,nT
2026-03-18T19:48:00.000Z,BOUV,X,variation,channel,21899.616454903382,nT
2026-03-18T19:49:00.000Z,BOUV,X,variation,channel,21899.430477971546,nT
2026-03-18T19:50:00.000Z,BOUV,X,variation,channel,21899.362252976553,nT
2026-03-18T19:51:00.000Z,BOUV,X,variation,channel,21899.495444423763,nT
2026-03-18T19:52:00.000Z,BOUV,X,variation,channel,21899.04041785464,nT
2026-03-18T19:53:00.000Z,BOUV,X,variation,channel,21898.861513252737,nT
2026-03-18T19:54:00.000Z,BOUV,X,variation,channel,21898.838992731853,nT
2026-03-18T19:55:00.000Z,BOUV,X,variation,channel,21899.052621942745,nT
2026-03-18T19:56:00.000Z,BOUV,X,variation,channel,21899.445995003818,nT
2026-03-18T19:57:00.000Z,BOUV,X,variation,channel,21899.66503428266,nT
2026-03-18T19:58:00.000Z,BOUV,X,variation,channel,21899.586432818585,nT
2026-03-18T19:59:00.000Z,BOUV,X,variation,channel,21899.980258770833,nT
2026-03-18T20:00:00.000Z,BOUV,X,variation,channel,21900.1302339259,nT
2026-03-18T20:01:00.000Z,BOUV,X,variation,channel,21899.877609840794,nT
2026-03-18T20:02:00.000Z,BOUV,X,variation,channel,21899.677047987556,nT
2026-03-18T20:03:00.000Z,BOUV,X,variation,channel,21899.430623497996,nT
2026-03-18T20:04:00.000Z,BOUV,X,variation,channel,21899.38951838936,nT
2026-03-18T20:05:00.000Z,BOUV,X,variation,channel,21899.29431071069,nT
2026-03-18T20:06:00.000Z,BOUV,X,variation,channel,21899.54960037382,nT
2026-03-18T20:07:00.000Z,BOUV,X,variation,channel,21899.51079028694,nT
2026-03-18T20:08:00.000Z,BOUV,X,variation,channel,21899.175597100802,nT
2026-03-18T20:09:00.000Z,BOUV,X,variation,channel,21899.001532891732,nT
2026-03-18T20:10:00.000Z,BOUV,X,variation,channel,21898.95257638829,nT
2026-03-18T20:11:00.000Z,BOUV,X,variation,channel,21898.702565604206,nT
2026-03-18T20:12:00.000Z,BOUV,X,variation,channel,21898.991212010533,nT
2026-03-18T20:13:00.000Z,BOUV,X,variation,channel,21898.991371775202,nT
2026-03-18T20:14:00.000Z,BOUV,X,variation,channel,21899.08188894152,nT
2026-03-18T20:15:00.000Z,BOUV,X,variation,channel,21898.791348696457,nT
2026-03-18T20:16:00.000Z,BOUV,X,variation,channel,21898.969561231726,nT
2026-03-18T20:17:00.000Z,BOUV,X,variation,channel,21898.891034110264,nT
2026-03-18T20:18:00.000Z,BOUV,X,variation,channel,21898.7006612251,nT
2026-03-18T20:19:00.000Z,BOUV,X,variation,channel,21899.153876048204,nT
2026-03-18T20:20:00.000Z,BOUV,X,variation,channel,21899.647227463633,nT
2026-03-18T20:21:00.000Z,BOUV,X,variation,channel,21899.523553826173,nT
2026-03-18T20:22:00.000Z,BOUV,X,variation,channel,21900.289503306827,nT
2026-03-18T20:23:00.000Z,BOUV,X,variation,channel,21899.428418654952,nT
2026-03-18T20:24:00.000Z,BOUV,X,variation,channel,21899.816845699417,nT
2026-03-18T20:25:00.000Z,BOUV,X,variation,channel,21900.025559264785,nT
2026-03-18T20:26:00.000Z,BOUV,X,variation,channel,21899.595996925473,nT
2026-03-18T20:27:00.000Z,BOUV,X,variation,channel,21899.799043774445,nT
2026-03-18T20:28:00.000Z,BOUV,X,variation,channel,21899.759437647604,nT
2026-03-18T20:29:00.000Z,BOUV,X,variation,channel,21899.762113534965,nT
2026-03-18T20:30:00.000Z,BOUV,X,variation,channel,21899.664574770024,nT
2026-03-18T20:31:00.000Z,BOUV,X,variation,channel,21899.88106964296,nT
2026-03-18T20:32:00.000Z,BOUV,X,variation,channel,21899.474015877622,nT
2026-03-18T20:33:00.000Z,BOUV,X,variation,channel,21899.720047850435,nT
2026-03-18T20:34:00.000Z,BOUV,X,variation,channel,21898.865225761805,nT
2026-03-18T20:35:00.000Z,BOUV,X,variation,channel,21898.700409550212,nT
2026-03-18T20:36:00.000Z,BOUV,X,variation,channel,21898.754356033052,nT
2026-03-18T20:37:00.000Z,BOUV,X,variation,channel,21898.264735312074,nT
2026-03-18T20:38:00.000Z,BOUV,X,variation,channel,21898.321877283888,nT
2026-03-18T20:39:00.000Z,BOUV,X,variation,channel,21898.611535699467,nT
2026-03-18T20:40:00.000Z,BOUV,X,variation,channel,21898.687875361586,nT
2026-03-18T20:41:00.000Z,BOUV,X,variation,channel,21898.788378811958,nT
2026-03-18T20:42:00.000Z,BOUV,X,variation,channel,21899.692470054713,nT
2026-03-18T20:43:00.000Z,BOUV,X,variation,channel,21900.123376801865,nT
2026-03-18T20:44:00.000Z,BOUV,X,variation,channel,21901.08039301354,nT
2026-03-18T20:45:00.000Z,BOUV,X,variation,channel,21902.81306573801,nT
2026-03-18T20:46:00.000Z,BOUV,X,variation,channel,21903.701182121597,nT
2026-03-18T20:47:00.000Z,BOUV,X,variation,channel,21903.69139365143,nT
2026-03-18T20:48:00.000Z,BOUV,X,variation,channel,21903.98241702102,nT
2026-03-18T20:49:00.000Z,BOUV,X,variation,channel,21903.29733400807,nT
2026-03-18T20:50:00.000Z,BOUV,X,variation,channel,21902.533566049904,nT
2026-03-18T20:51:00.000Z,BOUV,X,variation,channel,21902.044584060328,nT
2026-03-18T20:52:00.000Z,BOUV,X,variation,channel,21902.23401135403,nT
2026-03-18T20:53:00.000Z,BOUV,X,variation,channel,21902.61653178252,nT
2026-03-18T20:54:00.000Z,BOUV,X,variation,channel,21902.241043835696,nT
2026-03-18T20:55:00.000Z,BOUV,X,variation,channel,21901.935654188343,nT
2026-03-18T20:56:00.000Z,BOUV,X,variation,channel,21902.660556872746,nT
2026-03-18T20:57:00.000Z,BOUV,X,variation,channel,21902.93440264661,nT
2026-03-18T20:58:00.000Z,BOUV,X,variation,channel,21902.8368101275,nT
2026-03-18T20:59:00.000Z,BOUV,X,variation,channel,21902.524337530074,nT
2026-03-18T21:00:00.000Z,BOUV,X,variation,channel,21902.023366746387,nT
2026-03-18T21:01:00.000Z,BOUV,X,variation,channel,21902.729647432392,nT
2026-03-18T21:02:00.000Z,BOUV,X,variation,channel,21903.406233858073,nT
2026-03-18T21:03:00.000Z,BOUV,X,variation,channel,21903.100974289402,nT
2026-03-18T21:04:00.000Z,BOUV,X,variation,channel,21903.235177782197,nT
2026-03-18T21:05:00.000Z,BOUV,X,variation,channel,21903.257438892073,nT
2026-03-18T21:06:00.000Z,BOUV,X,variation,channel,21903.505522371757,nT
2026-03-18T21:07:00.000Z,BOUV,X,variation,channel,21903.52727213596,nT
2026-03-18T21:08:00.000Z,BOUV,X,variation,channel,21905.049794208047,nT
2026-03-18T21:09:00.000Z,BOUV,X,variation,channel,21904.841046968784,nT
2026-03-18T21:10:00.000Z,BOUV,X,variation,channel,21904.798585946428,nT
2026-03-18T21:11:00.000Z,BOUV,X,variation,channel,21904.879061415042,nT
2026-03-18T21:12:00.000Z,BOUV,X,variation,channel,21904.49989838956,nT
2026-03-18T21:13:00.000Z,BOUV,X,variation,channel,21903.814396625876,nT
2026-03-18T21:14:00.000Z,BOUV,X,variation,channel,21903.40742554012,nT
2026-03-18T21:15:00.000Z,BOUV,X,variation,channel,21902.8509474112,nT
2026-03-18T21:16:00.000Z,BOUV,X,variation,channel,21902.9585315454,nT
2026-03-18T21:17:00.000Z,BOUV,X,variation,channel,21903.242681823376,nT
2026-03-18T21:18:00.000Z,BOUV,X,variation,channel,21903.376256737276,nT
2026-03-18T21:19:00.000Z,BOUV,X,variation,channel,21902.669394129494,nT
2026-03-18T21:20:00.000Z,BOUV,X,variation,channel,21902.41217225616,nT
2026-03-18T21:21:00.000Z,BOUV,X,variation,channel,21901.69778682975,nT
2026-03-18T21:22:00.000Z,BOUV,X,variation,channel,21901.730576209062,nT
2026-03-18T21:23:00.000Z,BOUV,X,variation,channel,21901.887819459145,nT
2026-03-18T21:24:00.000Z,BOUV,X,variation,channel,21901.401810373878,nT
2026-03-18T21:25:00.000Z,BOUV,X,variation,channel,21901.06982383041,nT
2026-03-18T21:26:00.000Z,BOUV,X,variation,channel,21900.552789743062,nT
2026-03-18T21:27:00.000Z,BOUV,X,variation,channel,21900.580050740115,nT
2026-03-18T21:28:00.000Z,BOUV,X,variation,channel,21899.969461830635,nT
2026-03-18T21:29:00.000Z,BOUV,X,variation,channel,21899.78968749935,nT
2026-03-18T21:30:00.000Z,BOUV,X,variation,channel,21899.15231885487,nT
2026-03-18T21:31:00.000Z,BOUV,X,variation,channel,21899.033784729912,nT
2026-03-18T21:32:00.000Z,BOUV,X,variation,channel,21898.55279412204,nT
2026-03-18T21:33:00.000Z,BOUV,X,variation,channel,21898.876396248877,nT
2026-03-18T21:34:00.000Z,BOUV,X,variation,channel,21899.43395796186,nT
2026-03-18T21:35:00.000Z,BOUV,X,variation,channel,21899.183813173502,nT
2026-03-18T21:36:00.000Z,BOUV,X,variation,channel,21899.39366611028,nT
2026-03-18T21:37:00.000Z,BOUV,X,variation,channel,21898.870783762606,nT
2026-03-18T21:38:00.000Z,BOUV,X,variation,channel,21899.15098702487,nT
2026-03-18T21:39:00.000Z,BOUV,X,variation,channel,21899.5788672938,nT
2026-03-18T21:40:00.000Z,BOUV,X,variation,channel,21899.422052799735,nT
2026-03-18T21:41:00.000Z,BOUV,X,variation,channel,21899.31484862092,nT
2026-03-18T21:42:00.000Z,BOUV,X,variation,channel,21899.718046554095,nT
2026-03-18T21:43:00.000Z,BOUV,X,variation,channel,21899.73678695367,nT
2026-03-18T21:44:00.000Z,BOUV,X,variation,channel,21900.3766116241,nT
2026-03-18T21:45:00.000Z,BOUV,X,variation,channel,21900.87654002263,nT
2026-03-18T21:46:00.000Z,BOUV,X,variation,channel,21901.199065144265,nT
2026-03-18T21:47:00.000Z,BOUV,X,variation,channel,21901.347418977093,nT
2026-03-18T21:48:00.000Z,BOUV,X,variation,channel,21901.98540246935,nT
2026-03-18T21:49:00.000Z,BOUV,X,variation,channel,21902.46132546424,nT
2026-03-18T21:50:00.000Z,BOUV,X,variation,channel,21902.41870102042,nT
2026-03-18T21:51:00.000Z,BOUV,X,variation,channel,21901.790652916105,nT
2026-03-18T21:52:00.000Z,BOUV,X,variation,channel,21901.648420228106,nT
2026-03-18T21:53:00.000Z,BOUV,X,variation,channel,21901.634682713993,nT
2026-03-18T21:54:00.000Z,BOUV,X,variation,channel,21901.170087623053,nT
2026-03-18T21:55:00.000Z,BOUV,X,variation,channel,21901.26423256764,nT
2026-03-18T21:56:00.000Z,BOUV,X,variation,channel,21901.648924730434,nT
2026-03-18T21:57:00.000Z,BOUV,X,variation,channel,21901.82572584318,nT
2026-03-18T21:58:00.000Z,BOUV,X,variation,channel,21902.08647586049,nT
2026-03-18T21:59:00.000Z,BOUV,X,variation,channel,21902.11207072583,nT
2026-03-18T22:00:00.000Z,BOUV,X,variation,channel,21902.14107309755,nT
2026-03-18T22:01:00.000Z,BOUV,X,variation,channel,21902.187654690275,nT
2026-03-18T22:02:00.000Z,BOUV,X,variation,channel,21902.297426858622,nT
2026-03-18T22:03:00.000Z,BOUV,X,variation,channel,21902.574418714372,nT
2026-03-18T22:04:00.000Z,BOUV,X,variation,channel,21903.083420335177,nT
2026-03-18T22:05:00.000Z,BOUV,X,variation,channel,21902.73336213369,nT
2026-03-18T22:06:00.000Z,BOUV,X,variation,channel,21902.822199430488,nT
2026-03-18T22:07:00.000Z,BOUV,X,variation,channel,21903.084599108864,nT
2026-03-18T22:08:00.000Z,BOUV,X,variation,channel,21903.349773517715,nT
2026-03-18T22:09:00.000Z,BOUV,X,variation,channel,21903.251510543487,nT
2026-03-18T22:10:00.000Z,BOUV,X,variation,channel,21903.794289809724,nT
2026-03-18T22:11:00.000Z,BOUV,X,variation,channel,21904.335547841536,nT
2026-03-18T22:12:00.000Z,BOUV,X,variation,channel,21904.661320918043,nT
2026-03-18T22:13:00.000Z,BOUV,X,variation,channel,21904.9435956491,nT
2026-03-18T22:14:00.000Z,BOUV,X,variation,channel,21905.290235257376,nT
2026-03-18T22:15:00.000Z,BOUV,X,variation,channel,21905.670381398755,nT
2026-03-18T22:16:00.000Z,BOUV,X,variation,channel,21906.447637910856,nT
2026-03-18T22:17:00.000Z,BOUV,X,variation,channel,21906.61098876796,nT
2026-03-18T22:18:00.000Z,BOUV,X,variation,channel,21906.29924234355,nT
2026-03-18T22:19:00.000Z,BOUV,X,variation,channel,21906.232690557143,nT
2026-03-18T22:20:00.000Z,BOUV,X,variation,channel,21906.43384863993,nT
2026-03-18T22:21:00.000Z,BOUV,X,variation,channel,21906.7021437646,nT
2026-03-18T22:22:00.000Z,BOUV,X,variation,channel,21906.86454325043,nT
2026-03-18T22:23:00.000Z,BOUV,X,variation,channel,21906.49393730814,nT
2026-03-18T22:24:00.000Z,BOUV,X,variation,channel,21906.547392600096,nT
2026-03-18T22:25:00.000Z,BOUV,X,variation,channel,21906.69129189741,nT
2026-03-18T22:26:00.000Z,BOUV,X,variation,channel,21906.944877517617,nT
2026-03-18T22:27:00.000Z,BOUV,X,variation,channel,21906.70085578886,nT
2026-03-18T22:28:00.000Z,BOUV,X,variation,channel,21906.50470542502,nT
2026-03-18T22:29:00.000Z,BOUV,X,variation,channel,21906.90666466431,nT
2026-03-18T22:30:00.000Z,BOUV,X,variation,channel,21907.07392314,nT
2026-03-18T22:31:00.000Z,BOUV,X,variation,channel,21906.797588670946,nT
2026-03-18T22:32:00.000Z,BOUV,X,variation,channel,21906.869210776535,nT
2026-03-18T22:33:00.000Z,BOUV,X,variation,channel,21906.37982023716,nT
2026-03-18T22:34:00.000Z,BOUV,X,variation,channel,21906.638198786302,nT
2026-03-18T22:35:00.000Z,BOUV,X,variation,channel,21906.094248430858,nT
2026-03-18T22:36:00.000Z,BOUV,X,variation,channel,21906.36704457362,nT
2026-03-18T22:37:00.000Z,BOUV,X,variation,channel,21905.401987923025,nT
2026-03-18T22:38:00.000Z,BOUV,X,variation,channel,21905.317487876462,nT
2026-03-18T22:39:00.000Z,BOUV,X,variation,channel,21905.913840811747,nT
2026-03-18T22:40:00.000Z,BOUV,X,variation,channel,21906.010670354724,nT
2026-03-18T22:41:00.000Z,BOUV,X,variation,channel,21905.966050227944,nT
2026-03-18T22:42:00.000Z,BOUV,X,variation,channel,21905.767442947632,nT
2026-03-18T22:43:00.000Z,BOUV,X,variation,channel,21905.50387634854,nT
2026-03-18T22:44:00.000Z,BOUV,X,variation,channel,21905.753533708878,nT
2026-03-18T22:45:00.000Z,BOUV,X,variation,channel,21905.918224802976,nT
2026-03-18T22:46:00.000Z,BOUV,X,variation,channel,21906.00420049204,nT
2026-03-18T22:47:00.000Z,BOUV,X,variation,channel,21906.26537247208,nT
2026-03-18T22:48:00.000Z,BOUV,X,variation,channel,21906.479078308847,nT
2026-03-18T22:49:00.000Z,BOUV,X,variation,channel,21906.93121887132,nT
2026-03-18T22:50:00.000Z,BOUV,X,variation,channel,21907.488593088696,nT
2026-03-18T22:51:00.000Z,BOUV,X,variation,channel,21908.286761275358,nT
2026-03-18T22:52:00.000Z,BOUV,X,variation,channel,21908.75167396126,nT
2026-03-18T22:53:00.000Z,BOUV,X,variation,channel,21909.19406382885,nT
2026-03-18T22:54:00.000Z,BOUV,X,variation,channel,21909.579886463413,nT
2026-03-18T22:55:00.000Z,BOUV,X,variation,channel,21909.784985392194,nT
2026-03-18T22:56:00.000Z,BOUV,X,variation,channel,21910.103005361485,nT
2026-03-18T22:57:00.000Z,BOUV,X,variation,channel,21910.634931303084,nT
2026-03-18T22:58:00.000Z,BOUV,X,variation,channel,21910.831761509962,nT
2026-03-18T22:59:00.000Z,BOUV,X,variation,channel,21910.941499490786,nT
2026-03-18T23:00:00.000Z,BOUV,X,variation,channel,21911.401473948463,nT
2026-03-18T23:01:00.000Z,BOUV,X,variation,channel,21911.92510901002,nT
2026-03-18T23:02:00.000Z,BOUV,X,variation,channel,21912.25648913132,nT
2026-03-18T23:03:00.000Z,BOUV,X,variation,channel,21912.410074384698,nT
2026-03-18T23:04:00.000Z,BOUV,X,variation,channel,21912.72773706595,nT
2026-03-18T23:05:00.000Z,BOUV,X,variation,channel,21912.873184568605,nT
2026-03-18T23:06:00.000Z,BOUV,X,variation,channel,21913.9301098631,nT
2026-03-18T23:07:00.000Z,BOUV,X,variation,channel,21913.611218864655,nT
2026-03-18T23:08:00.000Z,BOUV,X,variation,channel,21913.86440362218,nT
2026-03-18T23:09:00.000Z,BOUV,X,variation,channel,21914.301047921646,nT
2026-03-18T23:10:00.000Z,BOUV,X,variation,channel,21914.344031630357,nT
2026-03-18T23:11:00.000Z,BOUV,X,variation,channel,21914.216446503637,nT
2026-03-18T23:12:00.000Z,BOUV,X,variation,channel,21914.67761762899,nT
2026-03-18T23:13:00.000Z,BOUV,X,variation,channel,21914.748700011598,nT
2026-03-18T23:14:00.000Z,BOUV,X,variation,channel,21914.852282326956,nT
2026-03-18T23:15:00.000Z,BOUV,X,variation,channel,21915.474088796967,nT
2026-03-18T23:16:00.000Z,BOUV,X,variation,channel,21915.626308027935,nT
2026-03-18T23:17:00.000Z,BOUV,X,variation,channel,21916.095959294653,nT
2026-03-18T23:18:00.000Z,BOUV,X,variation,channel,21916.821817570097,nT
2026-03-18T23:19:00.000Z,BOUV,X,variation,channel,21916.857987220417,nT
2026-03-18T23:20:00.000Z,BOUV,X,variation,channel,21917.153700173534,nT
2026-03-18T23:21:00.000Z,BOUV,X,variation,channel,21917.162189633906,nT
2026-03-18T23:22:00.000Z,BOUV,X,variation,channel,21917.112126023887,nT
2026-03-18T23:23:00.000Z,BOUV,X,variation,channel,21917.134541162017,nT
2026-03-18T23:24:00.000Z,BOUV,X,variation,channel,21917.75122336341,nT
2026-03-18T23:25:00.000Z,BOUV,X,variation,channel,21917.981138059706,nT
2026-03-18T23:26:00.000Z,BOUV,X,variation,channel,21918.098689871113,nT
2026-03-18T23:27:00.000Z,BOUV,X,variation,channel,21918.373637458895,nT
2026-03-18T23:28:00.000Z,BOUV,X,variation,channel,21918.219653769174,nT
2026-03-18T23:29:00.000Z,BOUV,X,variation,channel,21917.88548243294,nT
2026-03-18T23:30:00.000Z,BOUV,X,variation,channel,21917.832053024882,nT
2026-03-18T23:31:00.000Z,BOUV,X,variation,channel,21917.932475167872,nT
2026-03-18T23:32:00.000Z,BOUV,X,variation,channel,21917.84699212469,nT
2026-03-18T23:33:00.000Z,BOUV,X,variation,channel,21917.90919418859,nT
2026-03-18T23:34:00.000Z,BOUV,X,variation,channel,21917.368867548455,nT
2026-03-18T23:35:00.000Z,BOUV,X,variation,channel,21917.049979390955,nT
2026-03-18T23:36:00.000Z,BOUV,X,variation,channel,21916.859734961574,nT
2026-03-18T23:37:00.000Z,BOUV,X,variation,channel,21916.977445658566,nT
2026-03-18T23:38:00.000Z,BOUV,X,variation,channel,21917.24203140277,nT
2026-03-18T23:39:00.000Z,BOUV,X,variation,channel,21917.08146818294,nT
2026-03-18T23:40:00.000Z,BOUV,X,variation,channel,21916.731006220194,nT
2026-03-18T23:41:00.000Z,BOUV,X,variation,channel,21916.82939142318,nT
2026-03-18T23:42:00.000Z,BOUV,X,variation,channel,21917.092903702724,nT
2026-03-18T23:43:00.000Z,BOUV,X,variation,channel,21917.739066298083,nT
2026-03-18T23:44:00.000Z,BOUV,X,variation,channel,21918.268466803274,nT
2026-03-18T23:45:00.000Z,BOUV,X,variation,channel,21918.41508958571,nT
2026-03-18T23:46:00.000Z,BOUV,X,variation,channel,21918.837096697283,nT
2026-03-18T23:47:00.000Z,BOUV,X,variation,channel,21919.2329651497,nT
2026-03-18T23:48:00.000Z,BOUV,X,variation,channel,21919.322938724832,nT
2026-03-18T23:49:00.000Z,BOUV,X,variation,channel,21919.11804552264,nT
2026-03-18T23:50:00.000Z,BOUV,X,variation,channel,21919.273913488865,nT
2026-03-18T23:51:00.000Z,BOUV,X,variation,channel,21919.21932850697,nT
2026-03-18T23:52:00.000Z,BOUV,X,variation,channel,21919.247128214447,nT
2026-03-18T23:53:00.000Z,BOUV,X,variation,channel,21918.94394407293,nT
2026-03-18T23:54:00.000Z,BOUV,X,variation,channel,21919.146603683177,nT
2026-03-18T23:55:00.000Z,BOUV,X,variation,channel,21919.107590830747,nT
2026-03-18T23:56:00.000Z,BOUV,X,variation,channel,21919.337585205467,nT
2026-03-18T23:57:00.000Z,BOUV,X,variation,channel,21919.163181172375,nT
2026-03-18T23:58:00.000Z,BOUV,X,variation,channel,21918.943502578055,nT
2026-03-18T23:59:00.000Z,BOUV,X,variation,channel,21918.781276758193,nT
2026-03-19T00:00:00.000Z,BOUV,X,variation,channel,21918.41948653276,nT
2026-03-19T00:01:00.000Z,BOUV,X,variation,channel,21918.31993908251,nT
2026-03-19T00:02:00.000Z,BOUV,X,variation,channel,21918.221396854973,nT
2026-03-19T00:03:00.000Z,BOUV,X,variation,channel,21918.052945345804,nT
2026-03-19T00:04:00.000Z,BOUV,X,variation,channel,21918.164325336318,nT
2026-03-19T00:05:00.000Z,BOUV,X,variation,channel,21918.32123724591,nT
2026-03-19T00:06:00.000Z,BOUV,X,variation,channel,21918.64460318192,nT
2026-03-19T00:07:00.000Z,BOUV,X,variation,channel,21918.849839356448,nT
2026-03-19T00:08:00.000Z,BOUV,X,variation,channel,21918.9836007383,nT
2026-03-19T00:09:00.000Z,BOUV,X,variation,channel,21919.147031046035,nT
2026-03-19T00:10:00.000Z,BOUV,X,variation,channel,21919.222324254497,nT
2026-03-19T00:11:00.000Z,BOUV,X,variation,channel,21919.28955004348,nT
2026-03-19T00:12:00.000Z,BOUV,X,variation,channel,21918.94650903883,nT
2026-03-19T00:13:00.000Z,BOUV,X,variation,channel,21918.918999518744,nT
2026-03-19T00:14:00.000Z,BOUV,X,variation,channel,21918.923460179056,nT
2026-03-19T00:15:00.000Z,BOUV,X,variation,channel,21918.87666011197,nT
2026-03-19T00:16:00.000Z,BOUV,X,variation,channel,21918.705048562966,nT
2026-03-19T00:17:00.000Z,BOUV,X,variation,channel,21918.643758236874,nT
2026-03-19T00:18:00.000Z,BOUV,X,variation,channel,21918.05390825858,nT
2026-03-19T00:19:00.000Z,BOUV,X,variation,channel,21917.997017509268,nT
2026-03-19T00:20:00.000Z,BOUV,X,variation,channel,21917.97329900046,nT
2026-03-19T00:21:00.000Z,BOUV,X,variation,channel,21917.531635069852,nT
2026-03-19T00:22:00.000Z,BOUV,X,variation,channel,21917.525949731495,nT
2026-03-19T00:23:00.000Z,BOUV,X,variation,channel,21917.536220430557,nT
2026-03-19T00:24:00.000Z,BOUV,X,variation,channel,21917.541839670168,nT
2026-03-19T00:25:00.000Z,BOUV,X,variation,channel,21917.527339955708,nT
2026-03-19T00:26:00.000Z,BOUV,X,variation,channel,21917.47183198768,nT
2026-03-19T00:27:00.000Z,BOUV,X,variation,channel,21917.579771201184,nT
2026-03-19T00:28:00.000Z,BOUV,X,variation,channel,21917.923883838565,nT
2026-03-19T00:29:00.000Z,BOUV,X,variation,channel,21917.9335343964,nT
2026-03-19T00:30:00.000Z,BOUV,X,variation,channel,21918.32743781758,nT
2026-03-19T00:31:00.000Z,BOUV,X,variation,channel,21918.161059969145,nT
2026-03-19T00:32:00.000Z,BOUV,X,variation,channel,21918.251506015487,nT
2026-03-19T00:33:00.000Z,BOUV,X,variation,channel,21918.155789987846,nT
2026-03-19T00:34:00.000Z,BOUV,X,variation,channel,21917.74082831709,nT
2026-03-19T00:35:00.000Z,BOUV,X,variation,channel,21917.63115397181,nT
2026-03-19T00:36:00.000Z,BOUV,X,variation,channel,21917.53602737971,nT
2026-03-19T00:37:00.000Z,BOUV,X,variation,channel,21917.055811142898,nT
2026-03-19T00:38:00.000Z,BOUV,X,variation,channel,21917.336462216066,nT
2026-03-19T00:39:00.000Z,BOUV,X,variation,channel,21917.145790801304,nT
2026-03-19T00:40:00.000Z,BOUV,X,variation,channel,21917.506774970803,nT
2026-03-19T00:41:00.000Z,BOUV,X,variation,channel,21917.128871083925,nT
2026-03-19T00:42:00.000Z,BOUV,X,variation,channel,21917.457771466507,nT
2026-03-19T00:43:00.000Z,BOUV,X,variation,channel,21917.14965217408,nT
2026-03-19T00:44:00.000Z,BOUV,X,variation,channel,21916.97206325788,nT
2026-03-19T00:45:00.000Z,BOUV,X,variation,channel,21917.022807712096,nT
2026-03-19T00:46:00.000Z,BOUV,X,variation,channel,21916.843384392727,nT
2026-03-19T00:47:00.000Z,BOUV,X,variation,channel,21917.424837923987,nT
2026-03-19T00:48:00.000Z,BOUV,X,variation,channel,21917.324803301915,nT
2026-03-19T00:49:00.000Z,BOUV,X,variation,channel,21917.171808656527,nT
2026-03-19T00:50:00.000Z,BOUV,X,variation,channel,21917.8326129228,nT
2026-03-19T00:51:00.000Z,BOUV,X,variation,channel,21917.33227457362,nT
2026-03-19T00:52:00.000Z,BOUV,X,variation,channel,21917.879527392925,nT
2026-03-19T00:53:00.000Z,BOUV,X,variation,channel,21917.756217064383,nT
2026-03-19T00:54:00.000Z,BOUV,X,variation,channel,21917.850234230664,nT
2026-03-19T00:55:00.000Z,BOUV,X,variation,channel,21917.743241558685,nT
2026-03-19T00:56:00.000Z,BOUV,X,variation,channel,21917.93733036426,nT
2026-03-19T00:57:00.000Z,BOUV,X,variation,channel,21917.763311552408,nT
2026-03-19T00:58:00.000Z,BOUV,X,variation,channel,21918.103506790758,nT
2026-03-19T00:59:00.000Z,BOUV,X,variation,channel,21918.116324077968,nT
2026-03-19T01:00:00.000Z,BOUV,X,variation,channel,21918.296129711922,nT
2026-03-19T01:01:00.000Z,BOUV,X,variation,channel,21918.516524828305,nT
2026-03-19T01:02:00.000Z,BOUV,X,variation,channel,21918.112512038486,nT
2026-03-19T01:03:00.000Z,BOUV,X,variation,channel,21918.090328987433,nT
2026-03-19T01:04:00.000Z,BOUV,X,variation,channel,21918.55299074833,nT
2026-03-19T01:05:00.000Z,BOUV,X,variation,channel,21918.089602837346,nT
2026-03-19T01:06:00.000Z,BOUV,X,variation,channel,21918.32394780772,nT
2026-03-19T01:07:00.000Z,BOUV,X,variation,channel,21917.982233141487,nT
2026-03-19T01:08:00.000Z,BOUV,X,variation,channel,21918.021186489583,nT
2026-03-19T01:09:00.000Z,BOUV,X,variation,channel,21917.59140541803,nT
2026-03-19T01:10:00.000Z,BOUV,X,variation,channel,21918.11178965463,nT
2026-03-19T01:11:00.000Z,BOUV,X,variation,channel,21918.20875354739,nT
2026-03-19T01:12:00.000Z,BOUV,X,variation,channel,21917.882550499053,nT
2026-03-19T01:13:00.000Z,BOUV,X,variation,channel,21918.25736284873,nT
2026-03-19T01:14:00.000Z,BOUV,X,variation,channel,21918.19320069496,nT
2026-03-19T01:15:00.000Z,BOUV,X,variation,channel,21918.25810401427,nT
2026-03-19T01:16:00.000Z,BOUV,X,variation,channel,21918.1594627784,nT
2026-03-19T01:17:00.000Z,BOUV,X,variation,channel,21917.979247636802,nT
2026-03-19T01:18:00.000Z,BOUV,X,variation,channel,21917.865139086625,nT
2026-03-19T01:19:00.000Z,BOUV,X,variation,channel,21917.84322418084,nT
2026-03-19T01:20:00.000Z,BOUV,X,variation,channel,21918.032764967706,nT
2026-03-19T01:21:00.000Z,BOUV,X,variation,channel,21918.051017578928,nT
2026-03-19T01:22:00.000Z,BOUV,X,variation,channel,21918.326960129943,nT
2026-03-19T01:23:00.000Z,BOUV,X,variation,channel,21918.59583479238,nT
2026-03-19T01:24:00.000Z,BOUV,X,variation,channel,21918.534429126466,nT
2026-03-19T01:25:00.000Z,BOUV,X,variation,channel,21918.127993628972,nT
2026-03-19T01:26:00.000Z,BOUV,X,variation,channel,21918.24564689118,nT
2026-03-19T01:27:00.000Z,BOUV,X,variation,channel,21918.847271311737,nT
2026-03-19T01:28:00.000Z,BOUV,X,variation,channel,21918.37743327758,nT
2026-03-19T01:29:00.000Z,BOUV,X,variation,channel,21918.451049386218,nT
2026-03-19T01:30:00.000Z,BOUV,X,variation,channel,21918.585164231776,nT
2026-03-19T01:31:00.000Z,BOUV,X,variation,channel,21918.148039422158,nT
2026-03-19T01:32:00.000Z,BOUV,X,variation,channel,21918.35848965578,nT
2026-03-19T01:33:00.000Z,BOUV,X,variation,channel,21918.26427318834,nT
2026-03-19T01:34:00.000Z,BOUV,X,variation,channel,21918.613717349657,nT
2026-03-19T01:35:00.000Z,BOUV,X,variation,channel,21918.23686004255,nT
2026-03-19T01:36:00.000Z,BOUV,X,variation,channel,21917.64593447001,nT
2026-03-19T01:37:00.000Z,BOUV,X,variation,channel,21918.42150404343,nT
2026-03-19T01:38:00.000Z,BOUV,X,variation,channel,21918.523851925023,nT
2026-03-19T01:39:00.000Z,BOUV,X,variation,channel,21918.833448966114,nT
2026-03-19T01:40:00.000Z,BOUV,X,variation,channel,21918.555412295187,nT
2026-03-19T01:41:00.000Z,BOUV,X,variation,channel,21918.454357616174,nT
2026-03-19T01:42:00.000Z,BOUV,X,variation,channel,21918.162377980694,nT
2026-03-19T01:43:00.000Z,BOUV,X,variation,channel,21918.646476886785,nT
2026-03-19T01:44:00.000Z,BOUV,X,variation,channel,21918.343739977277,nT
2026-03-19T01:45:00.000Z,BOUV,X,variation,channel,21918.473406407662,nT
2026-03-19T01:46:00.000Z,BOUV,X,variation,channel,21918.591641894647,nT
2026-03-19T01:47:00.000Z,BOUV,X,variation,channel,21918.717328261773,nT
2026-03-19T01:48:00.000Z,BOUV,X,variation,channel,21918.82246430615,nT
2026-03-19T01:49:00.000Z,BOUV,X,variation,channel,21918.456656741288,nT
2026-03-19T01:50:00.000Z,BOUV,X,variation,channel,21918.504939123122,nT
2026-03-19T01:51:00.000Z,BOUV,X,variation,channel,21918.860955942502,nT
2026-03-19T01:52:00.000Z,BOUV,X,variation,channel,21918.31993726823,nT
2026-03-19T01:53:00.000Z,BOUV,X,variation,channel,21918.800961485427,nT
2026-03-19T01:54:00.000Z,BOUV,X,variation,channel,21918.706855684766,nT
2026-03-19T01:55:00.000Z,BOUV,X,variation,channel,21918.90787656283,nT
2026-03-19T01:56:00.000Z,BOUV,X,variation,channel,21918.797222127047,nT
2026-03-19T01:57:00.000Z,BOUV,X,variation,channel,21918.635042351074,nT
2026-03-19T01:58:00.000Z,BOUV,X,variation,channel,21918.526156034637,nT
2026-03-19T01:59:00.000Z,BOUV,X,variation,channel,21918.374960305187,nT
2026-03-19T02:00:00.000Z,BOUV,X,variation,channel,21918.270598611307,nT
2026-03-19T02:01:00.000Z,BOUV,X,variation,channel,21918.159775249307,nT
2026-03-19T02:02:00.000Z,BOUV,X,variation,channel,21918.25512104166,nT
2026-03-19T02:03:00.000Z,BOUV,X,variation,channel,21918.254942654905,nT
2026-03-19T02:04:00.000Z,BOUV,X,variation,channel,21918.09307552698,nT
2026-03-19T02:05:00.000Z,BOUV,X,variation,channel,21918.37472465941,nT
2026-03-19T02:06:00.000Z,BOUV,X,variation,channel,21918.290070575265,nT
2026-03-19T02:07:00.000Z,BOUV,X,variation,channel,21917.878823138373,nT
2026-03-19T02:08:00.000Z,BOUV,X,variation,channel,21918.156355094605,nT
2026-03-19T02:09:00.000Z,BOUV,X,variation,channel,21917.5838126095,nT
2026-03-19T02:10:00.000Z,BOUV,X,variation,channel,21917.987099524926,nT
2026-03-19T02:11:00.000Z,BOUV,X,variation,channel,21917.758711266226,nT
2026-03-19T02:12:00.000Z,BOUV,X,variation,channel,21917.994320933754,nT
2026-03-19T02:13:00.000Z,BOUV,X,variation,channel,21917.98318018432,nT
2026-03-19T02:14:00.000Z,BOUV,X,variation,channel,21917.738077541697,nT
2026-03-19T02:15:00.000Z,BOUV,X,variation,channel,21917.77552750635,nT
2026-03-19T02:16:00.000Z,BOUV,X,variation,channel,21918.357726294747,nT
2026-03-19T02:17:00.000Z,BOUV,X,variation,channel,21917.621955199567,nT
2026-03-19T02:18:00.000Z,BOUV,X,variation,channel,21917.514166724653,nT
2026-03-19T02:19:00.000Z,BOUV,X,variation,channel,21917.419159032605,nT
2026-03-19T02:20:00.000Z,BOUV,X,variation,channel,21917.73437036566,nT
2026-03-19T02:21:00.000Z,BOUV,X,variation,channel,21917.946390797737,nT
2026-03-19T02:22:00.000Z,BOUV,X,variation,channel,21917.2472946979,nT
2026-03-19T02:23:00.000Z,BOUV,X,variation,channel,21917.51943792181,nT
2026-03-19T02:24:00.000Z,BOUV,X,variation,channel,21917.644964899162,nT
2026-03-19T02:25:00.000Z,BOUV,X,variation,channel,21917.564983544024,nT
2026-03-19T02:26:00.000Z,BOUV,X,variation,channel,21917.391071814174,nT
2026-03-19T02:27:00.000Z,BOUV,X,variation,channel,21917.64223658755,nT
2026-03-19T02:28:00.000Z,BOUV,X,variation,channel,21917.04643569009,nT
2026-03-19T02:29:00.000Z,BOUV,X,variation,channel,21916.923290064406,nT
2026-03-19T02:30:00.000Z,BOUV,X,variation,channel,21917.129201039534,nT
2026-03-19T02:31:00.000Z,BOUV,X,variation,channel,21917.167386685553,nT
2026-03-19T02:32:00.000Z,BOUV,X,variation,channel,21917.41474911371,nT
2026-03-19T02:33:00.000Z,BOUV,X,variation,channel,21917.383127659115,nT
2026-03-19T02:34:00.000Z,BOUV,X,variation,channel,21917.756211413038,nT
2026-03-19T02:35:00.000Z,BOUV,X,variation,channel,21917.182432244437,nT
2026-03-19T02:36:00.000Z,BOUV,X,variation,channel,21916.712838424184,nT
2026-03-19T02:37:00.000Z,BOUV,X,variation,channel,21917.050917228826,nT
2026-03-19T02:38:00.000Z,BOUV,X,variation,channel,21916.661502018724,nT
2026-03-19T02:39:00.000Z,BOUV,X,variation,channel,21916.893955835556,nT
2026-03-19T02:40:00.000Z,BOUV,X,variation,channel,21917.040722939626,nT
2026-03-19T02:41:00.000Z,BOUV,X,variation,channel,21917.237799751405,nT
2026-03-19T02:42:00.000Z,BOUV,X,variation,channel,21917.671046717194,nT
2026-03-19T02:43:00.000Z,BOUV,X,variation,channel,21917.391710781914,nT
2026-03-19T02:44:00.000Z,BOUV,X,variation,channel,21917.836748311933,nT
2026-03-19T02:45:00.000Z,BOUV,X,variation,channel,21916.897002461228,nT
2026-03-19T02:46:00.000Z,BOUV,X,variation,channel,21916.8290895252,nT
2026-03-19T02:47:00.000Z,BOUV,X,variation,channel,21916.984723583002,nT
2026-03-19T02:48:00.000Z,BOUV,X,variation,channel,21916.655922705697,nT
2026-03-19T02:49:00.000Z,BOUV,X,variation,channel,21916.68899137293,nT
2026-03-19T02:50:00.000Z,BOUV,X,variation,channel,21916.680881862383,nT
2026-03-19T02:51:00.000Z,BOUV,X,variation,channel,21916.96995059638,nT
2026-03-19T02:52:00.000Z,BOUV,X,variation,channel,21917.537443616107,nT
2026-03-19T02:53:00.000Z,BOUV,X,variation,channel,21917.140319880393,nT
2026-03-19T02:54:00.000Z,BOUV,X,variation,channel,21917.46541086077,nT
2026-03-19T02:55:00.000Z,BOUV,X,variation,channel,21917.769980470006,nT
2026-03-19T02:56:00.000Z,BOUV,X,variation,channel,21917.175181558236,nT
2026-03-19T02:57:00.000Z,BOUV,X,variation,channel,21916.61749152617,nT
2026-03-19T02:58:00.000Z,BOUV,X,variation,channel,21917.546286031517,nT
2026-03-19T02:59:00.000Z,BOUV,X,variation,channel,21917.586498602206,nT
2026-03-19T03:00:00.000Z,BOUV,X,variation,channel,21917.44979082303,nT
2026-03-19T03:01:00.000Z,BOUV,X,variation,channel,21917.620665454106,nT
2026-03-19T03:02:00.000Z,BOUV,X,variation,channel,21917.98660915155,nT
2026-03-19T03:03:00.000Z,BOUV,X,variation,channel,21917.75447163979,nT
2026-03-19T03:04:00.000Z,BOUV,X,variation,channel,21918.178721659697,nT
2026-03-19T03:05:00.000Z,BOUV,X,variation,channel,21917.877225815304,nT
2026-03-19T03:06:00.000Z,BOUV,X,variation,channel,21917.79862154549,nT
2026-03-19T03:07:00.000Z,BOUV,X,variation,channel,21917.52847893861,nT
2026-03-19T03:08:00.000Z,BOUV,X,variation,channel,21917.452517301088,nT
2026-03-19T03:09:00.000Z,BOUV,X,variation,channel,21917.261185835527,nT
2026-03-19T03:10:00.000Z,BOUV,X,variation,channel,21917.259546777983,nT
2026-03-19T03:11:00.000Z,BOUV,X,variation,channel,21917.300577248086,nT
2026-03-19T03:12:00.000Z,BOUV,X,variation,channel,21917.341472310898,nT
2026-03-19T03:13:00.000Z,BOUV,X,variation,channel,21917.02497101681,nT
2026-03-19T03:14:00.000Z,BOUV,X,variation,channel,21917.219701759415,nT
2026-03-19T03:15:00.000Z,BOUV,X,variation,channel,21917.56176256046,nT
2026-03-19T03:16:00.000Z,BOUV,X,variation,channel,21917.534591651023,nT
2026-03-19T03:17:00.000Z,BOUV,X,variation,channel,21917.484040704767,nT
2026-03-19T03:18:00.000Z,BOUV,X,variation,channel,21917.603177230398,nT
2026-03-19T03:19:00.000Z,BOUV,X,variation,channel,21917.847444564017,nT
2026-03-19T03:20:00.000Z,BOUV,X,variation,channel,21917.227401976565,nT
2026-03-19T03:21:00.000Z,BOUV,X,variation,channel,21917.524376044843,nT
2026-03-19T03:22:00.000Z,BOUV,X,variation,channel,21917.480954209437,nT
2026-03-19T03:23:00.000Z,BOUV,X,variation,channel,21917.89696603669,nT
2026-03-19T03:24:00.000Z,BOUV,X,variation,channel,21918.010183924802,nT
2026-03-19T03:25:00.000Z,BOUV,X,variation,channel,21917.8841104975,nT
2026-03-19T03:26:00.000Z,BOUV,X,variation,channel,21917.49965939697,nT
2026-03-19T03:27:00.000Z,BOUV,X,variation,channel,21917.29371927389,nT
2026-03-19T03:28:00.000Z,BOUV,X,variation,channel,21917.35301762806,nT
2026-03-19T03:29:00.000Z,BOUV,X,variation,channel,21916.628889616473,nT
2026-03-19T03:30:00.000Z,BOUV,X,variation,channel,21916.571278948893,nT
2026-03-19T03:31:00.000Z,BOUV,X,variation,channel,21916.73623402387,nT
2026-03-19T03:32:00.000Z,BOUV,X,variation,channel,21916.75353815997,nT
2026-03-19T03:33:00.000Z,BOUV,X,variation,channel,21917.17785208298,nT
2026-03-19T03:34:00.000Z,BOUV,X,variation,channel,21917.140013037235,nT
2026-03-19T03:35:00.000Z,BOUV,X,variation,channel,21916.87894108177,nT
2026-03-19T03:36:00.000Z,BOUV,X,variation,channel,21917.249745307825,nT
2026-03-19T03:37:00.000Z,BOUV,X,variation,channel,21917.28590274372,nT
2026-03-19T03:38:00.000Z,BOUV,X,variation,channel,21917.3116826808,nT
2026-03-19T03:39:00.000Z,BOUV,X,variation,channel,21917.352565793466,nT
2026-03-19T03:40:00.000Z,BOUV,X,variation,channel,21917.45203762461,nT
2026-03-19T03:41:00.000Z,BOUV,X,variation,channel,21917.61811651134,nT
2026-03-19T03:42:00.000Z,BOUV,X,variation,channel,21917.606014005694,nT
2026-03-19T03:43:00.000Z,BOUV,X,variation,channel,21917.2481765184,nT
2026-03-19T03:44:00.000Z,BOUV,X,variation,channel,21917.980921074384,nT
2026-03-19T03:45:00.000Z,BOUV,X,variation,channel,21917.934045423244,nT
2026-03-19T03:46:00.000Z,BOUV,X,variation,channel,21918.178848996406,nT
2026-03-19T03:47:00.000Z,BOUV,X,variation,channel,21918.623806708565,nT
2026-03-19T03:48:00.000Z,BOUV,X,variation,channel,21918.750731226974,nT
2026-03-19T03:49:00.000Z,BOUV,X,variation,channel,21918.648050976593,nT
2026-03-19T03:50:00.000Z,BOUV,X,variation,channel,21918.555041312815,nT
2026-03-19T03:51:00.000Z,BOUV,X,variation,channel,21918.750784503263,nT
2026-03-19T03:52:00.000Z,BOUV,X,variation,channel,21918.94897117865,nT
2026-03-19T03:53:00.000Z,BOUV,X,variation,channel,21918.979386821284,nT
2026-03-19T03:54:00.000Z,BOUV,X,variation,channel,21919.285384063045,nT
2026-03-19T03:55:00.000Z,BOUV,X,variation,channel,21919.00321063193,nT
2026-03-19T03:56:00.000Z,BOUV,X,variation,channel,21919.239837374564,nT
2026-03-19T03:57:00.000Z,BOUV,X,variation,channel,21919.303139586413,nT
2026-03-19T03:58:00.000Z,BOUV,X,variation,channel,21919.258523922657,nT
2026-03-19T03:59:00.000Z,BOUV,X,variation,channel,21919.466229812115,nT
2026-03-19T04:00:00.000Z,BOUV,X,variation,channel,21919.696039476596,nT
2026-03-19T04:01:00.000Z,BOUV,X,variation,channel,21919.92815775561,nT
2026-03-19T04:02:00.000Z,BOUV,X,variation,channel,21920.10847194738,nT
2026-03-19T04:03:00.000Z,BOUV,X,variation,channel,21920.080317207437,nT
2026-03-19T04:04:00.000Z,BOUV,X,variation,channel,21919.96987764123,nT
2026-03-19T04:05:00.000Z,BOUV,X,variation,channel,21919.927959011013,nT
2026-03-19T04:06:00.000Z,BOUV,X,variation,channel,21919.988046847775,nT
2026-03-19T04:07:00.000Z,BOUV,X,variation,channel,21920.08174406439,nT
2026-03-19T04:08:00.000Z,BOUV,X,variation,channel,21920.22105357861,nT
2026-03-19T04:09:00.000Z,BOUV,X,variation,channel,21920.128536887303,nT
2026-03-19T04:10:00.000Z,BOUV,X,variation,channel,21919.752098461384,nT
2026-03-19T04:11:00.000Z,BOUV,X,variation,channel,21919.413801384464,nT
2026-03-19T04:12:00.000Z,BOUV,X,variation,channel,21919.058471481014,nT
2026-03-19T04:13:00.000Z,BOUV,X,variation,channel,21918.945821957735,nT
2026-03-19T04:14:00.000Z,BOUV,X,variation,channel,21919.095229467373,nT
2026-03-19T04:15:00.000Z,BOUV,X,variation,channel,21919.121666303432,nT
2026-03-19T04:16:00.000Z,BOUV,X,variation,channel,21919.313764730236,nT
2026-03-19T04:17:00.000Z,BOUV,X,variation,channel,21919.118250427062,nT
2026-03-19T04:18:00.000Z,BOUV,X,variation,channel,21918.958369302396,nT
2026-03-19T04:19:00.000Z,BOUV,X,variation,channel,21919.030591903935,nT
2026-03-19T04:20:00.000Z,BOUV,X,variation,channel,21918.86374650423,nT
2026-03-19T04:21:00.000Z,BOUV,X,variation,channel,21918.883998835834,nT
2026-03-19T04:22:00.000Z,BOUV,X,variation,channel,21919.169112181382,nT
2026-03-19T04:23:00.000Z,BOUV,X,variation,channel,21920.81667068824,nT
2026-03-19T04:24:00.000Z,BOUV,X,variation,channel,21917.609245518026,nT
2026-03-19T04:25:00.000Z,BOUV,X,variation,channel,21919.447238447738,nT
2026-03-19T04:26:00.000Z,BOUV,X,variation,channel,21919.231108996704,nT
2026-03-19T04:27:00.000Z,BOUV,X,variation,channel,21919.77509887124,nT
2026-03-19T04:28:00.000Z,BOUV,X,variation,channel,21919.59918140257,nT
2026-03-19T04:29:00.000Z,BOUV,X,variation,channel,21919.3257874959,nT
2026-03-19T04:30:00.000Z,BOUV,X,variation,channel,21919.108077604338,nT
2026-03-19T04:31:00.000Z,BOUV,X,variation,channel,21919.064146028686,nT
2026-03-19T04:32:00.000Z,BOUV,X,variation,channel,21919.082021010705,nT
2026-03-19T04:33:00.000Z,BOUV,X,variation,channel,21918.83441341252,nT
2026-03-19T04:34:00.000Z,BOUV,X,variation,channel,21918.805915169152,nT
2026-03-19T04:35:00.000Z,BOUV,X,variation,channel,21918.436318028987,nT
2026-03-19T04:36:00.000Z,BOUV,X,variation,channel,21918.620186305077,nT
2026-03-19T04:37:00.000Z,BOUV,X,variation,channel,21918.536636670375,nT
2026-03-19T04:38:00.000Z,BOUV,X,variation,channel,21918.44997701177,nT
2026-03-19T04:39:00.000Z,BOUV,X,variation,channel,21918.514250669763,nT
2026-03-19T04:40:00.000Z,BOUV,X,variation,channel,21918.18871031585,nT
2026-03-19T04:41:00.000Z,BOUV,X,variation,channel,21917.920737610635,nT
2026-03-19T04:42:00.000Z,BOUV,X,variation,channel,21917.743266056343,nT
2026-03-19T04:43:00.000Z,BOUV,X,variation,channel,21917.505271732898,nT
2026-03-19T04:44:00.000Z,BOUV,X,variation,channel,21917.37404741154,nT
2026-03-19T04:45:00.000Z,BOUV,X,variation,channel,21917.801940952006,nT
2026-03-19T04:46:00.000Z,BOUV,X,variation,channel,21917.574599072785,nT
2026-03-19T04:47:00.000Z,BOUV,X,variation,channel,21917.441763750117,nT
2026-03-19T04:48:00.000Z,BOUV,X,variation,channel,21917.414629263265,nT
2026-03-19T04:49:00.000Z,BOUV,X,variation,channel,21917.25344827198,nT
2026-03-19T04:50:00.000Z,BOUV,X,variation,channel,21917.138413049342,nT
2026-03-19T04:51:00.000Z,BOUV,X,variation,channel,21916.84710660581,nT
2026-03-19T04:52:00.000Z,BOUV,X,variation,channel,21916.887202471527,nT
2026-03-19T04:53:00.000Z,BOUV,X,variation,channel,21917.111115218726,nT
2026-03-19T04:54:00.000Z,BOUV,X,variation,channel,21917.20980503296,nT
2026-03-19T04:55:00.000Z,BOUV,X,variation,channel,21917.263459093952,nT
2026-03-19T04:56:00.000Z,BOUV,X,variation,channel,21917.191874960263,nT
2026-03-19T04:57:00.000Z,BOUV,X,variation,channel,21916.99356277883,nT
2026-03-19T04:58:00.000Z,BOUV,X,variation,channel,21916.90099162587,nT
2026-03-19T04:59:00.000Z,BOUV,X,variation,channel,21917.056216640583,nT
2026-03-19T05:00:00.000Z,BOUV,X,variation,channel,21916.67634443954,nT
2026-03-19T05:01:00.000Z,BOUV,X,variation,channel,21916.45618684142,nT
2026-03-19T05:02:00.000Z,BOUV,X,variation,channel,21916.50320025168,nT
2026-03-19T05:03:00.000Z,BOUV,X,variation,channel,21916.268772774867,nT
2026-03-19T05:04:00.000Z,BOUV,X,variation,channel,21916.276683033975,nT
2026-03-19T05:05:00.000Z,BOUV,X,variation,channel,21916.460660775756,nT
2026-03-19T05:06:00.000Z,BOUV,X,variation,channel,21916.408542999892,nT
2026-03-19T05:07:00.000Z,BOUV,X,variation,channel,21916.70958208889,nT
2026-03-19T05:08:00.000Z,BOUV,X,variation,channel,21916.239786296992,nT
2026-03-19T05:09:00.000Z,BOUV,X,variation,channel,21916.769406281022,nT
2026-03-19T05:10:00.000Z,BOUV,X,variation,channel,21916.628019715496,nT
2026-03-19T05:11:00.000Z,BOUV,X,variation,channel,21916.87736654076,nT
2026-03-19T05:12:00.000Z,BOUV,X,variation,channel,21916.79510637456,nT
2026-03-19T05:13:00.000Z,BOUV,X,variation,channel,21916.602280941283,nT
2026-03-19T05:14:00.000Z,BOUV,X,variation,channel,21916.79883384407,nT
2026-03-19T05:15:00.000Z,BOUV,X,variation,channel,21916.618497678523,nT
2026-03-19T05:16:00.000Z,BOUV,X,variation,channel,21916.690064229195,nT
2026-03-19T05:17:00.000Z,BOUV,X,variation,channel,21916.19371259774,nT
2026-03-19T05:18:00.000Z,BOUV,X,variation,channel,21916.250052590975,nT
2026-03-19T05:19:00.000Z,BOUV,X,variation,channel,21916.43015411613,nT
2026-03-19T05:20:00.000Z,BOUV,X,variation,channel,21916.148055311554,nT
2026-03-19T05:21:00.000Z,BOUV,X,variation,channel,21916.38728691005,nT
2026-03-19T05:22:00.000Z,BOUV,X,variation,channel,21916.1051515608,nT
2026-03-19T05:23:00.000Z,BOUV,X,variation,channel,21915.943869462604,nT
2026-03-19T05:24:00.000Z,BOUV,X,variation,channel,21916.10328668403,nT
2026-03-19T05:25:00.000Z,BOUV,X,variation,channel,21916.64574954484,nT
2026-03-19T05:26:00.000Z,BOUV,X,variation,channel,21916.590643714677,nT
2026-03-19T05:27:00.000Z,BOUV,X,variation,channel,21917.192737692876,nT
2026-03-19T05:28:00.000Z,BOUV,X,variation,channel,21916.709792749225,nT
2026-03-19T05:29:00.000Z,BOUV,X,variation,channel,21916.56756449817,nT
2026-03-19T05:30:00.000Z,BOUV,X,variation,channel,21916.196499609105,nT
2026-03-19T05:31:00.000Z,BOUV,X,variation,channel,21916.288528716734,nT
2026-03-19T05:32:00.000Z,BOUV,X,variation,channel,21916.2131752704,nT
2026-03-19T05:33:00.000Z,BOUV,X,variation,channel,21916.539361975072,nT
2026-03-19T05:34:00.000Z,BOUV,X,variation,channel,21917.03103547113,nT
2026-03-19T05:35:00.000Z,BOUV,X,variation,channel,21917.131544898646,nT
2026-03-19T05:36:00.000Z,BOUV,X,variation,channel,21916.980701133936,nT
2026-03-19T05:37:00.000Z,BOUV,X,variation,channel,21916.74711980284,nT
2026-03-19T05:38:00.000Z,BOUV,X,variation,channel,21916.80252903655,nT
2026-03-19T05:39:00.000Z,BOUV,X,variation,channel,21917.183278665292,nT
2026-03-19T05:40:00.000Z,BOUV,X,variation,channel,21917.450583301506,nT
2026-03-19T05:41:00.000Z,BOUV,X,variation,channel,21917.75836137614,nT
2026-03-19T05:42:00.000Z,BOUV,X,variation,channel,21917.490248470633,nT
2026-03-19T05:43:00.000Z,BOUV,X,variation,channel,21917.749888964085,nT
2026-03-19T05:44:00.000Z,BOUV,X,variation,channel,21917.89264142541,nT
2026-03-19T05:45:00.000Z,BOUV,X,variation,channel,21917.93134903663,nT
2026-03-19T05:46:00.000Z,BOUV,X,variation,channel,21918.246593521762,nT
2026-03-19T05:47:00.000Z,BOUV,X,variation,channel,21918.011683769364,nT
2026-03-19T05:48:00.000Z,BOUV,X,variation,channel,21918.001169655134,nT
2026-03-19T05:49:00.000Z,BOUV,X,variation,channel,21917.502417282867,nT
2026-03-19T05:50:00.000Z,BOUV,X,variation,channel,21917.996662627058,nT
2026-03-19T05:51:00.000Z,BOUV,X,variation,channel,21918.02155286088,nT
2026-03-19T05:52:00.000Z,BOUV,X,variation,channel,21918.056960656406,nT
2026-03-19T05:53:00.000Z,BOUV,X,variation,channel,21918.258915553382,nT
2026-03-19T05:54:00.000Z,BOUV,X,variation,channel,21918.39477168588,nT
2026-03-19T05:55:00.000Z,BOUV,X,variation,channel,21918.327969165184,nT
2026-03-19T05:56:00.000Z,BOUV,X,variation,channel,21918.629422779806,nT
2026-03-19T05:57:00.000Z,BOUV,X,variation,channel,21918.827906593295,nT
2026-03-19T05:58:00.000Z,BOUV,X,variation,channel,21919.154869593905,nT
2026-03-19T05:59:00.000Z,BOUV,X,variation,channel,21919.3350829273,nT
2026-03-19T06:00:00.000Z,BOUV,X,variation,channel,21919.7068641257,nT
2026-03-19T06:01:00.000Z,BOUV,X,variation,channel,21919.941147772024,nT
2026-03-19T06:02:00.000Z,BOUV,X,variation,channel,21920.031541438206,nT
2026-03-19T06:03:00.000Z,BOUV,X,variation,channel,21920.072200985323,nT
2026-03-19T06:04:00.000Z,BOUV,X,variation,channel,21919.585901902043,nT
2026-03-19T06:05:00.000Z,BOUV,X,variation,channel,21919.45040262861,nT
2026-03-19T06:06:00.000Z,BOUV,X,variation,channel,21919.794361925513,nT
2026-03-19T06:07:00.000Z,BOUV,X,variation,channel,21919.715497407302,nT
2026-03-19T06:08:00.000Z,BOUV,X,variation,channel,21919.78172730135,nT
2026-03-19T06:09:00.000Z,BOUV,X,variation,channel,21920.33572238549,nT
2026-03-19T06:10:00.000Z,BOUV,X,variation,channel,21920.53727201849,nT
2026-03-19T06:11:00.000Z,BOUV,X,variation,channel,21920.784132899313,nT
2026-03-19T06:12:00.000Z,BOUV,X,variation,channel,21920.694210404854,nT
2026-03-19T06:13:00.000Z,BOUV,X,variation,channel,21920.562487475145,nT
2026-03-19T06:14:00.000Z,BOUV,X,variation,channel,21920.48742533565,nT
2026-03-19T06:15:00.000Z,BOUV,X,variation,channel,21920.079025762654,nT
2026-03-19T06:16:00.000Z,BOUV,X,variation,channel,21919.43577482127,nT
2026-03-19T06:17:00.000Z,BOUV,X,variation,channel,21918.740879965535,nT
2026-03-19T06:18:00.000Z,BOUV,X,variation,channel,21918.69440225834,nT
2026-03-19T06:19:00.000Z,BOUV,X,variation,channel,21918.76013227644,nT
2026-03-19T06:20:00.000Z,BOUV,X,variation,channel,21918.67514934499,nT
2026-03-19T06:21:00.000Z,BOUV,X,variation,channel,21918.833473971103,nT
2026-03-19T06:22:00.000Z,BOUV,X,variation,channel,21918.608354608405,nT
2026-03-19T06:23:00.000Z,BOUV,X,variation,channel,21918.135202867088,nT
2026-03-19T06:24:00.000Z,BOUV,X,variation,channel,21917.79189192462,nT
2026-03-19T06:25:00.000Z,BOUV,X,variation,channel,21917.53793746991,nT
2026-03-19T06:26:00.000Z,BOUV,X,variation,channel,21917.359354579905,nT
2026-03-19T06:27:00.000Z,BOUV,X,variation,channel,21917.00781507367,nT
2026-03-19T06:28:00.000Z,BOUV,X,variation,channel,21917.04540218629,nT
2026-03-19T06:29:00.000Z,BOUV,X,variation,channel,21917.360565213134,nT
2026-03-19T06:30:00.000Z,BOUV,X,variation,channel,21917.332664881757,nT
2026-03-19T06:31:00.000Z,BOUV,X,variation,channel,21917.362883864767,nT
2026-03-19T06:32:00.000Z,BOUV,X,variation,channel,21917.221650561754,nT
2026-03-19T06:33:00.000Z,BOUV,X,variation,channel,21916.930191107873,nT
2026-03-19T06:34:00.000Z,BOUV,X,variation,channel,21916.98060056086,nT
2026-03-19T06:35:00.000Z,BOUV,X,variation,channel,21916.85397103253,nT
2026-03-19T06:36:00.000Z,BOUV,X,variation,channel,21916.398750664754,nT
2026-03-19T06:37:00.000Z,BOUV,X,variation,channel,21916.486350443774,nT
2026-03-19T06:38:00.000Z,BOUV,X,variation,channel,21916.62178105051,nT
2026-03-19T06:39:00.000Z,BOUV,X,variation,channel,21916.45233455332,nT
2026-03-19T06:40:00.000Z,BOUV,X,variation,channel,21916.455913901405,nT
2026-03-19T06:41:00.000Z,BOUV,X,variation,channel,21916.60542846587,nT
2026-03-19T06:42:00.000Z,BOUV,X,variation,channel,21916.572386689768,nT
2026-03-19T06:43:00.000Z,BOUV,X,variation,channel,21916.56008116169,nT
2026-03-19T06:44:00.000Z,BOUV,X,variation,channel,21916.55992408669,nT
2026-03-19T06:45:00.000Z,BOUV,X,variation,channel,21916.67187748202,nT
2026-03-19T06:46:00.000Z,BOUV,X,variation,channel,21916.599345022096,nT
2026-03-19T06:47:00.000Z,BOUV,X,variation,channel,21916.817287424386,nT
2026-03-19T06:48:00.000Z,BOUV,X,variation,channel,21917.23669514634,nT
2026-03-19T06:49:00.000Z,BOUV,X,variation,channel,21916.381616620383,nT
2026-03-19T06:50:00.000Z,BOUV,X,variation,channel,21916.93299322689,nT
2026-03-19T06:51:00.000Z,BOUV,X,variation,channel,21916.426694523074,nT
2026-03-19T06:52:00.000Z,BOUV,X,variation,channel,21916.870489958805,nT
2026-03-19T06:53:00.000Z,BOUV,X,variation,channel,21916.921498692198,nT
2026-03-19T06:54:00.000Z,BOUV,X,variation,channel,21917.04380276308,nT
2026-03-19T06:55:00.000Z,BOUV,X,variation,channel,21917.30697110535,nT
2026-03-19T06:56:00.000Z,BOUV,X,variation,channel,21917.095436865926,nT
2026-03-19T06:57:00.000Z,BOUV,X,variation,channel,21917.20366587895,nT
2026-03-19T06:58:00.000Z,BOUV,X,variation,channel,21917.36534764405,nT
2026-03-19T06:59:00.000Z,BOUV,X,variation,channel,21917.161803036546,nT
2026-03-19T07:00:00.000Z,BOUV,X,variation,channel,21916.81918106127,nT
2026-03-19T07:01:00.000Z,BOUV,X,variation,channel,21917.1668808657,nT
2026-03-19T07:02:00.000Z,BOUV,X,variation,channel,21917.025444248084,nT
2026-03-19T07:03:00.000Z,BOUV,X,variation,channel,21917.488380599367,nT
2026-03-19T07:04:00.000Z,BOUV,X,variation,channel,21917.230409035757,nT
2026-03-19T07:05:00.000Z,BOUV,X,variation,channel,21917.04258435541,nT
2026-03-19T07:06:00.000Z,BOUV,X,variation,channel,21917.50110108388,nT
2026-03-19T07:07:00.000Z,BOUV,X,variation,channel,21917.1967317731,nT
2026-03-19T07:08:00.000Z,BOUV,X,variation,channel,21916.94466855814,nT
2026-03-19T07:09:00.000Z,BOUV,X,variation,channel,21917.037062769403,nT
2026-03-19T07:10:00.000Z,BOUV,X,variation,channel,21917.09204295059,nT
2026-03-19T07:11:00.000Z,BOUV,X,variation,channel,21917.1977155395,nT
2026-03-19T07:12:00.000Z,BOUV,X,variation,channel,21917.39570839733,nT
2026-03-19T07:13:00.000Z,BOUV,X,variation,channel,21917.36112110076,nT
2026-03-19T07:14:00.000Z,BOUV,X,variation,channel,21917.427194162192,nT
2026-03-19T07:15:00.000Z,BOUV,X,variation,channel,21917.416624143312,nT
2026-03-19T07:16:00.000Z,BOUV,X,variation,channel,21917.52566081813,nT
2026-03-19T07:17:00.000Z,BOUV,X,variation,channel,21917.20561127013,nT
2026-03-19T07:18:00.000Z,BOUV,X,variation,channel,21917.25467094878,nT
2026-03-19T07:19:00.000Z,BOUV,X,variation,channel,21917.145052073844,nT
2026-03-19T07:20:00.000Z,BOUV,X,variation,channel,21917.102195346302,nT
2026-03-19T07:21:00.000Z,BOUV,X,variation,channel,21916.91011587315,nT
2026-03-19T07:22:00.000Z,BOUV,X,variation,channel,21916.70649467408,nT
2026-03-19T07:23:00.000Z,BOUV,X,variation,channel,21916.78800083966,nT
2026-03-19T07:24:00.000Z,BOUV,X,variation,channel,21916.785605805442,nT
2026-03-19T07:25:00.000Z,BOUV,X,variation,channel,21916.996754799842,nT
2026-03-19T07:26:00.000Z,BOUV,X,variation,channel,21917.283472794967,nT
2026-03-19T07:27:00.000Z,BOUV,X,variation,channel,21917.165569808487,nT
2026-03-19T07:28:00.000Z,BOUV,X,variation,channel,21917.606435932725,nT
2026-03-19T07:29:00.000Z,BOUV,X,variation,channel,21917.92476306453,nT
2026-03-19T07:30:00.000Z,BOUV,X,variation,channel,21917.82543899487,nT
2026-03-19T07:31:00.000Z,BOUV,X,variation,channel,21917.96699866746,nT
2026-03-19T07:32:00.000Z,BOUV,X,variation,channel,21918.0591466699,nT
2026-03-19T07:33:00.000Z,BOUV,X,variation,channel,21918.03748855808,nT
2026-03-19T07:34:00.000Z,BOUV,X,variation,channel,21917.76252019347,nT
2026-03-19T07:35:00.000Z,BOUV,X,variation,channel,21917.919353059006,nT
2026-03-19T07:36:00.000Z,BOUV,X,variation,channel,21918.262142964304,nT
2026-03-19T07:37:00.000Z,BOUV,X,variation,channel,21918.41990491623,nT
2026-03-19T07:38:00.000Z,BOUV,X,variation,channel,21918.467988491062,nT
2026-03-19T07:39:00.000Z,BOUV,X,variation,channel,21918.721342901106,nT
2026-03-19T07:40:00.000Z,BOUV,X,variation,channel,21918.855809369652,nT
2026-03-19T07:41:00.000Z,BOUV,X,variation,channel,21918.847063599897,nT
2026-03-19T07:42:00.000Z,BOUV,X,variation,channel,21918.936072858924,nT
2026-03-19T07:43:00.000Z,BOUV,X,variation,channel,21918.76811139317,nT
2026-03-19T07:44:00.000Z,BOUV,X,variation,channel,21918.67547277397,nT
2026-03-19T07:45:00.000Z,BOUV,X,variation,channel,21918.71873124969,nT
2026-03-19T07:46:00.000Z,BOUV,X,variation,channel,21918.59204503698,nT
2026-03-19T07:47:00.000Z,BOUV,X,variation,channel,21918.69253391404,nT
2026-03-19T07:48:00.000Z,BOUV,X,variation,channel,21918.68912706366,nT
2026-03-19T07:49:00.000Z,BOUV,X,variation,channel,21918.685649577506,nT
2026-03-19T07:50:00.000Z,BOUV,X,variation,channel,21918.672411081403,nT
2026-03-19T07:51:00.000Z,BOUV,X,variation,channel,21918.570250636887,nT
2026-03-19T07:52:00.000Z,BOUV,X,variation,channel,21918.524152215337,nT
2026-03-19T07:53:00.000Z,BOUV,X,variation,channel,21918.803795535456,nT
2026-03-19T07:54:00.000Z,BOUV,X,variation,channel,21918.82426842775,nT
2026-03-19T07:55:00.000Z,BOUV,X,variation,channel,21918.985245379805,nT
2026-03-19T07:56:00.000Z,BOUV,X,variation,channel,21919.19378392952,nT
2026-03-19T07:57:00.000Z,BOUV,X,variation,channel,21919.259217752708,nT
2026-03-19T07:58:00.000Z,BOUV,X,variation,channel,21919.45461620761,nT
2026-03-19T07:59:00.000Z,BOUV,X,variation,channel,21919.602720892835,nT
2026-03-19T08:00:00.000Z,BOUV,X,variation,channel,21919.754838651344,nT
2026-03-19T08:01:00.000Z,BOUV,X,variation,channel,21920.10990245058,nT
2026-03-19T08:02:00.000Z,BOUV,X,variation,channel,21920.415961622588,nT
2026-03-19T08:03:00.000Z,BOUV,X,variation,channel,21920.58597210485,nT
2026-03-19T08:04:00.000Z,BOUV,X,variation,channel,21920.840993340647,nT
2026-03-19T08:05:00.000Z,BOUV,X,variation,channel,21920.965127451793,nT
2026-03-19T08:06:00.000Z,BOUV,X,variation,channel,21921.08806949975,nT
2026-03-19T08:07:00.000Z,BOUV,X,variation,channel,21920.8412648706,nT
2026-03-19T08:08:00.000Z,BOUV,X,variation,channel,21920.92108970834,nT
2026-03-19T08:09:00.000Z,BOUV,X,variation,channel,21921.16420369372,nT
2026-03-19T08:10:00.000Z,BOUV,X,variation,channel,21921.117789950138,nT
2026-03-19T08:11:00.000Z,BOUV,X,variation,channel,21921.07294495194,nT
2026-03-19T08:12:00.000Z,BOUV,X,variation,channel,21921.290474234545,nT
2026-03-19T08:13:00.000Z,BOUV,X,variation,channel,21921.31438253029,nT
2026-03-19T08:14:00.000Z,BOUV,X,variation,channel,21921.320444566354,nT
2026-03-19T08:15:00.000Z,BOUV,X,variation,channel,21921.379327881335,nT
2026-03-19T08:16:00.000Z,BOUV,X,variation,channel,21921.25891332703,nT
2026-03-19T08:17:00.000Z,BOUV,X,variation,channel,21921.24670680245,nT
2026-03-19T08:18:00.000Z,BOUV,X,variation,channel,21921.178575463135,nT
2026-03-19T08:19:00.000Z,BOUV,X,variation,channel,21920.994650417815,nT
2026-03-19T08:20:00.000Z,BOUV,X,variation,channel,21920.829608112406,nT
2026-03-19T08:21:00.000Z,BOUV,X,variation,channel,21920.671522495606,nT
2026-03-19T08:22:00.000Z,BOUV,X,variation,channel,21920.52685717387,nT
2026-03-19T08:23:00.000Z,BOUV,X,variation,channel,21920.452064403667,nT
2026-03-19T08:24:00.000Z,BOUV,X,variation,channel,21920.716451814267,nT
2026-03-19T08:25:00.000Z,BOUV,X,variation,channel,21920.506437055094,nT
2026-03-19T08:26:00.000Z,BOUV,X,variation,channel,21920.109645480552,nT
2026-03-19T08:27:00.000Z,BOUV,X,variation,channel,21920.28656984094,nT
2026-03-19T08:28:00.000Z,BOUV,X,variation,channel,21920.410758924096,nT
2026-03-19T08:29:00.000Z,BOUV,X,variation,channel,21920.221971803046,nT
2026-03-19T08:30:00.000Z,BOUV,X,variation,channel,21920.19818235167,nT
2026-03-19T08:31:00.000Z,BOUV,X,variation,channel,21920.06748541748,nT
2026-03-19T08:32:00.000Z,BOUV,X,variation,channel,21919.75711392355,nT
2026-03-19T08:33:00.000Z,BOUV,X,variation,channel,21919.770121324327,nT
2026-03-19T08:34:00.000Z,BOUV,X,variation,channel,21919.84349031336,nT
2026-03-19T08:35:00.000Z,BOUV,X,variation,channel,21919.973000021826,nT
2026-03-19T08:36:00.000Z,BOUV,X,variation,channel,21920.002760560597,nT
2026-03-19T08:37:00.000Z,BOUV,X,variation,channel,21919.74434997257,nT
2026-03-19T08:38:00.000Z,BOUV,X,variation,channel,21919.63290287139,nT
2026-03-19T08:39:00.000Z,BOUV,X,variation,channel,21919.682685325068,nT
2026-03-19T08:40:00.000Z,BOUV,X,variation,channel,21919.575841884907,nT
2026-03-19T08:41:00.000Z,BOUV,X,variation,channel,21919.545768174372,nT
2026-03-19T08:42:00.000Z,BOUV,X,variation,channel,21919.660227456545,nT
2026-03-19T08:43:00.000Z,BOUV,X,variation,channel,21919.691032887833,nT
2026-03-19T08:44:00.000Z,BOUV,X,variation,channel,21919.542607142554,nT
2026-03-19T08:45:00.000Z,BOUV,X,variation,channel,21919.65117825993,nT
2026-03-19T08:46:00.000Z,BOUV,X,variation,channel,21919.43536222788,nT
2026-03-19T08:47:00.000Z,BOUV,X,variation,channel,21919.491493946978,nT
2026-03-19T08:48:00.000Z,BOUV,X,variation,channel,21919.60690654435,nT
2026-03-19T08:49:00.000Z,BOUV,X,variation,channel,21919.507654087025,nT
2026-03-19T08:50:00.000Z,BOUV,X,variation,channel,21919.47100804558,nT
2026-03-19T08:51:00.000Z,BOUV,X,variation,channel,21919.444210212194,nT
2026-03-19T08:52:00.000Z,BOUV,X,variation,channel,21919.3751685706,nT
2026-03-19T08:53:00.000Z,BOUV,X,variation,channel,21919.23525729862,nT
2026-03-19T08:54:00.000Z,BOUV,X,variation,channel,21919.150860461003,nT
2026-03-19T08:55:00.000Z,BOUV,X,variation,channel,21919.28990374911,nT
2026-03-19T08:56:00.000Z,BOUV,X,variation,channel,21919.327908394254,nT
2026-03-19T08:57:00.000Z,BOUV,X,variation,channel,21919.335563137964,nT
2026-03-19T08:58:00.000Z,BOUV,X,variation,channel,21919.542293958897,nT
2026-03-19T08:59:00.000Z,BOUV,X,variation,channel,21919.581919523356,nT
2026-03-19T09:00:00.000Z,BOUV,X,variation,channel,21919.463521157482,nT
2026-03-19T09:01:00.000Z,BOUV,X,variation,channel,21919.62857284245,nT
2026-03-19T09:02:00.000Z,BOUV,X,variation,channel,21919.632696451234,nT
2026-03-19T09:03:00.000Z,BOUV,X,variation,channel,21919.435767510004,nT
2026-03-19T09:04:00.000Z,BOUV,X,variation,channel,21919.319079124238,nT
2026-03-19T09:05:00.000Z,BOUV,X,variation,channel,21919.3274251595,nT
2026-03-19T09:06:00.000Z,BOUV,X,variation,channel,21919.418024834737,nT
2026-03-19T09:07:00.000Z,BOUV,X,variation,channel,21919.639514242346,nT
2026-03-19T09:08:00.000Z,BOUV,X,variation,channel,21919.7218448632,nT
2026-03-19T09:09:00.000Z,BOUV,X,variation,channel,21919.736266845895,nT
2026-03-19T09:10:00.000Z,BOUV,X,variation,channel,21919.737191607903,nT
2026-03-19T09:11:00.000Z,BOUV,X,variation,channel,21919.969191849832,nT
2026-03-19T09:12:00.000Z,BOUV,X,variation,channel,21920.215907931717,nT
2026-03-19T09:13:00.000Z,BOUV,X,variation,channel,21920.048264401546,nT
2026-03-19T09:14:00.000Z,BOUV,X,variation,channel,21919.99731148956,nT
2026-03-19T09:15:00.000Z,BOUV,X,variation,channel,21919.848813004188,nT
2026-03-19T09:16:00.000Z,BOUV,X,variation,channel,21919.953725669275,nT
2026-03-19T09:17:00.000Z,BOUV,X,variation,channel,21919.945409543674,nT
2026-03-19T09:18:00.000Z,BOUV,X,variation,channel,21919.79463896658,nT
2026-03-19T09:19:00.000Z,BOUV,X,variation,channel,21919.967600903365,nT
2026-03-19T09:20:00.000Z,BOUV,X,variation,channel,21920.021690528636,nT
2026-03-19T09:21:00.000Z,BOUV,X,variation,channel,21919.986421208014,nT
2026-03-19T09:22:00.000Z,BOUV,X,variation,channel,21919.685142599104,nT
2026-03-19T09:23:00.000Z,BOUV,X,variation,channel,21919.629780478714,nT
2026-03-19T09:24:00.000Z,BOUV,X,variation,channel,21919.70250548172,nT
2026-03-19T09:25:00.000Z,BOUV,X,variation,channel,21919.799943734604,nT
2026-03-19T09:26:00.000Z,BOUV,X,variation,channel,21919.81595467054,nT
2026-03-19T09:27:00.000Z,BOUV,X,variation,channel,21919.851793756778,nT
2026-03-19T09:28:00.000Z,BOUV,X,variation,channel,21920.152297882727,nT
2026-03-19T09:29:00.000Z,BOUV,X,variation,channel,21920.40766476363,nT
2026-03-19T09:30:00.000Z,BOUV,X,variation,channel,21920.516603380467,nT
2026-03-19T09:31:00.000Z,BOUV,X,variation,channel,21920.816455620617,nT
2026-03-19T09:32:00.000Z,BOUV,X,variation,channel,21921.110251224265,nT
2026-03-19T09:33:00.000Z,BOUV,X,variation,channel,21921.097823451037,nT
2026-03-19T09:34:00.000Z,BOUV,X,variation,channel,21921.39976327772,nT
2026-03-19T09:35:00.000Z,BOUV,X,variation,channel,21921.42694820398,nT
2026-03-19T09:36:00.000Z,BOUV,X,variation,channel,21921.568916084078,nT
2026-03-19T09:37:00.000Z,BOUV,X,variation,channel,21921.58060838629,nT
2026-03-19T09:38:00.000Z,BOUV,X,variation,channel,21921.438432622504,nT
2026-03-19T09:39:00.000Z,BOUV,X,variation,channel,21921.464468474478,nT
2026-03-19T09:40:00.000Z,BOUV,X,variation,channel,21921.405391936394,nT
2026-03-19T09:41:00.000Z,BOUV,X,variation,channel,21921.357815098847,nT
2026-03-19T09:42:00.000Z,BOUV,X,variation,channel,21921.435092518703,nT
2026-03-19T09:43:00.000Z,BOUV,X,variation,channel,21921.355977781495,nT
2026-03-19T09:44:00.000Z,BOUV,X,variation,channel,21921.39508197485,nT
2026-03-19T09:45:00.000Z,BOUV,X,variation,channel,21921.315412050295,nT
2026-03-19T09:46:00.000Z,BOUV,X,variation,channel,21921.309960647137,nT
2026-03-19T09:47:00.000Z,BOUV,X,variation,channel,21921.223081153457,nT
2026-03-19T09:48:00.000Z,BOUV,X,variation,channel,21921.1428342293,nT
2026-03-19T09:49:00.000Z,BOUV,X,variation,channel,21921.074093050087,nT
2026-03-19T09:50:00.000Z,BOUV,X,variation,channel,21920.81055261228,nT
2026-03-19T09:51:00.000Z,BOUV,X,variation,channel,21920.719387051937,nT
2026-03-19T09:52:00.000Z,BOUV,X,variation,channel,21920.626242331877,nT
2026-03-19T09:53:00.000Z,BOUV,X,variation,channel,21920.334926103762,nT
2026-03-19T09:54:00.000Z,BOUV,X,variation,channel,21920.240706830293,nT
2026-03-19T09:55:00.000Z,BOUV,X,variation,channel,21920.22704679889,nT
2026-03-19T09:56:00.000Z,BOUV,X,variation,channel,21920.268234515046,nT
2026-03-19T09:57:00.000Z,BOUV,X,variation,channel,21920.14159550183,nT
2026-03-19T09:58:00.000Z,BOUV,X,variation,channel,21920.09090107711,nT
2026-03-19T09:59:00.000Z,BOUV,X,variation,channel,21919.897329331245,nT
2026-03-19T10:00:00.000Z,BOUV,X,variation,channel,21920.008048645213,nT
2026-03-19T10:01:00.000Z,BOUV,X,variation,channel,21919.896252085473,nT
2026-03-19T10:02:00.000Z,BOUV,X,variation,channel,21919.732521002126,nT
2026-03-19T10:03:00.000Z,BOUV,X,variation,channel,21919.334983934623,nT
2026-03-19T10:04:00.000Z,BOUV,X,variation,channel,21919.078793223154,nT
2026-03-19T10:05:00.000Z,BOUV,X,variation,channel,21918.78874920805,nT
2026-03-19T10:06:00.000Z,BOUV,X,variation,channel,21918.71852086375,nT
2026-03-19T10:07:00.000Z,BOUV,X,variation,channel,21918.205317148513,nT
2026-03-19T10:08:00.000Z,BOUV,X,variation,channel,21918.109118755554,nT
2026-03-19T10:09:00.000Z,BOUV,X,variation,channel,21917.92707235942,nT
2026-03-19T10:10:00.000Z,BOUV,X,variation,channel,21917.60314086548,nT
2026-03-19T10:11:00.000Z,BOUV,X,variation,channel,21917.516576183647,nT
2026-03-19T10:12:00.000Z,BOUV,X,variation,channel,21917.475102605338,nT
2026-03-19T10:13:00.000Z,BOUV,X,variation,channel,21917.63790207152,nT
2026-03-19T10:14:00.000Z,BOUV,X,variation,channel,21917.60532708109,nT
2026-03-19T10:15:00.000Z,BOUV,X,variation,channel,21917.69840600268,nT
2026-03-19T10:16:00.000Z,BOUV,X,variation,channel,21917.7933628429,nT
2026-03-19T10:17:00.000Z,BOUV,X,variation,channel,21917.944502464747,nT
2026-03-19T10:18:00.000Z,BOUV,X,variation,channel,21918.207514464448,nT
2026-03-19T10:19:00.000Z,BOUV,X,variation,channel,21918.20572791532,nT
2026-03-19T10:20:00.000Z,BOUV,X,variation,channel,21917.861417569908,nT
2026-03-19T10:21:00.000Z,BOUV,X,variation,channel,21917.955998273465,nT
2026-03-19T10:22:00.000Z,BOUV,X,variation,channel,21917.875520921643,nT
2026-03-19T10:23:00.000Z,BOUV,X,variation,channel,21918.127989293742,nT
2026-03-19T10:24:00.000Z,BOUV,X,variation,channel,21918.32661612314,nT
2026-03-19T10:25:00.000Z,BOUV,X,variation,channel,21917.832721857358,nT
2026-03-19T10:26:00.000Z,BOUV,X,variation,channel,21918.122757589186,nT
2026-03-19T10:27:00.000Z,BOUV,X,variation,channel,21917.865980361454,nT
2026-03-19T10:28:00.000Z,BOUV,X,variation,channel,21917.689601444497,nT
2026-03-19T10:29:00.000Z,BOUV,X,variation,channel,21918.119792258512,nT
2026-03-19T10:30:00.000Z,BOUV,X,variation,channel,21917.72529677573,nT
2026-03-19T10:31:00.000Z,BOUV,X,variation,channel,21917.88729901311,nT
2026-03-19T10:32:00.000Z,BOUV,X,variation,channel,21917.852045296586,nT
2026-03-19T10:33:00.000Z,BOUV,X,variation,channel,21918.007587698063,nT
2026-03-19T10:34:00.000Z,BOUV,X,variation,channel,21917.87244486985,nT
2026-03-19T10:35:00.000Z,BOUV,X,variation,channel,21917.964328295104,nT
2026-03-19T10:36:00.000Z,BOUV,X,variation,channel,21918.0043402205,nT
2026-03-19T10:37:00.000Z,BOUV,X,variation,channel,21917.807931686028,nT
2026-03-19T10:38:00.000Z,BOUV,X,variation,channel,21917.633966234964,nT
2026-03-19T10:39:00.000Z,BOUV,X,variation,channel,21917.435629002826,nT
2026-03-19T10:40:00.000Z,BOUV,X,variation,channel,21917.43218844762,nT
2026-03-19T10:41:00.000Z,BOUV,X,variation,channel,21917.33647650703,nT
2026-03-19T10:42:00.000Z,BOUV,X,variation,channel,21917.260889776066,nT
2026-03-19T10:43:00.000Z,BOUV,X,variation,channel,21917.50846428667,nT
2026-03-19T10:44:00.000Z,BOUV,X,variation,channel,21917.20811800978,nT
2026-03-19T10:45:00.000Z,BOUV,X,variation,channel,21917.28798267194,nT
2026-03-19T10:46:00.000Z,BOUV,X,variation,channel,21917.39075512644,nT
2026-03-19T10:47:00.000Z,BOUV,X,variation,channel,21917.253447276587,nT
2026-03-19T10:48:00.000Z,BOUV,X,variation,channel,21917.430535283842,nT
2026-03-19T10:49:00.000Z,BOUV,X,variation,channel,21917.43815493415,nT
2026-03-19T10:50:00.000Z,BOUV,X,variation,channel,21917.641594733283,nT
2026-03-19T10:51:00.000Z,BOUV,X,variation,channel,21917.62232439265,nT
2026-03-19T10:52:00.000Z,BOUV,X,variation,channel,21917.3604871647,nT
2026-03-19T10:53:00.000Z,BOUV,X,variation,channel,21917.505615319868,nT
2026-03-19T10:54:00.000Z,BOUV,X,variation,channel,21917.4291118008,nT
2026-03-19T10:55:00.000Z,BOUV,X,variation,channel,21917.088926193013,nT
2026-03-19T10:56:00.000Z,BOUV,X,variation,channel,21917.391462230124,nT
2026-03-19T10:57:00.000Z,BOUV,X,variation,channel,21917.305887455317,nT
2026-03-19T10:58:00.000Z,BOUV,X,variation,channel,21917.447795803284,nT
2026-03-19T10:59:00.000Z,BOUV,X,variation,channel,21917.929155222122,nT
2026-03-19T11:00:00.000Z,BOUV,X,variation,channel,21917.91012015053,nT
2026-03-19T11:01:00.000Z,BOUV,X,variation,channel,21917.809178569623,nT
2026-03-19T11:02:00.000Z,BOUV,X,variation,channel,21918.346878696826,nT
2026-03-19T11:03:00.000Z,BOUV,X,variation,channel,21918.09915446076,nT
2026-03-19T11:04:00.000Z,BOUV,X,variation,channel,21918.240952296746,nT
2026-03-19T11:05:00.000Z,BOUV,X,variation,channel,21918.159222489616,nT
2026-03-19T11:06:00.000Z,BOUV,X,variation,channel,21918.45933792516,nT
2026-03-19T11:07:00.000Z,BOUV,X,variation,channel,21918.357186385925,nT
2026-03-19T11:08:00.000Z,BOUV,X,variation,channel,21918.385072232108,nT
2026-03-19T11:09:00.000Z,BOUV,X,variation,channel,21918.550768407193,nT
2026-03-19T11:10:00.000Z,BOUV,X,variation,channel,21918.38583080541,nT
2026-03-19T11:11:00.000Z,BOUV,X,variation,channel,21918.356506784145,nT
2026-03-19T11:12:00.000Z,BOUV,X,variation,channel,21918.606807283584,nT
2026-03-19T11:13:00.000Z,BOUV,X,variation,channel,21918.310868229,nT
2026-03-19T11:14:00.000Z,BOUV,X,variation,channel,21918.46785117478,nT
2026-03-19T11:15:00.000Z,BOUV,X,variation,channel,21918.277142657254,nT
2026-03-19T11:16:00.000Z,BOUV,X,variation,channel,21918.551055327473,nT
2026-03-19T11:17:00.000Z,BOUV,X,variation,channel,21918.474547528425,nT
2026-03-19T11:18:00.000Z,BOUV,X,variation,channel,21918.545777416035,nT
2026-03-19T11:19:00.000Z,BOUV,X,variation,channel,21918.36234490993,nT
2026-03-19T11:20:00.000Z,BOUV,X,variation,channel,21918.40456837909,nT
2026-03-19T11:21:00.000Z,BOUV,X,variation,channel,21918.303402930236,nT
2026-03-19T11:22:00.000Z,BOUV,X,variation,channel,21918.108001159937,nT
2026-03-19T11:23:00.000Z,BOUV,X,variation,channel,21918.24872867997,nT
2026-03-19T11:24:00.000Z,BOUV,X,variation,channel,21918.275940062107,nT
2026-03-19T11:25:00.000Z,BOUV,X,variation,channel,21918.654213998285,nT
2026-03-19T11:26:00.000Z,BOUV,X,variation,channel,21918.757252111194,nT
2026-03-19T11:27:00.000Z,BOUV,X,variation,channel,21919.415697359218,nT
2026-03-19T11:28:00.000Z,BOUV,X,variation,channel,21919.589188383456,nT
2026-03-19T11:29:00.000Z,BOUV,X,variation,channel,21919.953144473235,nT
2026-03-19T11:30:00.000Z,BOUV,X,variation,channel,21920.07217518208,nT
2026-03-19T11:31:00.000Z,BOUV,X,variation,channel,21919.76216586802,nT
2026-03-19T11:32:00.000Z,BOUV,X,variation,channel,21919.42866549522,nT
2026-03-19T11:33:00.000Z,BOUV,X,variation,channel,21918.8453166122,nT
2026-03-19T11:34:00.000Z,BOUV,X,variation,channel,21918.704171315843,nT
2026-03-19T11:35:00.000Z,BOUV,X,variation,channel,21918.23069476753,nT
2026-03-19T11:36:00.000Z,BOUV,X,variation,channel,21918.029867261677,nT
2026-03-19T11:37:00.000Z,BOUV,X,variation,channel,21917.92267132709,nT
2026-03-19T11:38:00.000Z,BOUV,X,variation,channel,21917.43083298052,nT
2026-03-19T11:39:00.000Z,BOUV,X,variation,channel,21917.27280131119,nT
2026-03-19T11:40:00.000Z,BOUV,X,variation,channel,21917.42153907045,nT
2026-03-19T11:41:00.000Z,BOUV,X,variation,channel,21917.443568942945,nT
2026-03-19T11:42:00.000Z,BOUV,X,variation,channel,21917.442732846117,nT
2026-03-19T11:43:00.000Z,BOUV,X,variation,channel,21917.02690994621,nT
2026-03-19T11:44:00.000Z,BOUV,X,variation,channel,21916.999942792874,nT
2026-03-19T11:45:00.000Z,BOUV,X,variation,channel,21917.049453907744,nT
2026-03-19T11:46:00.000Z,BOUV,X,variation,channel,21917.069485804954,nT
2026-03-19T11:47:00.000Z,BOUV,X,variation,channel,21917.050395669325,nT
2026-03-19T11:48:00.000Z,BOUV,X,variation,channel,21916.83970181319,nT
2026-03-19T11:49:00.000Z,BOUV,X,variation,channel,21916.761200212226,nT
2026-03-19T11:50:00.000Z,BOUV,X,variation,channel,21916.811109395407,nT
2026-03-19T11:51:00.000Z,BOUV,X,variation,channel,21916.470546640405,nT
2026-03-19T11:52:00.000Z,BOUV,X,variation,channel,21916.536456305865,nT
2026-03-19T11:53:00.000Z,BOUV,X,variation,channel,21916.35032285504,nT
2026-03-19T11:54:00.000Z,BOUV,X,variation,channel,21916.102587116035,nT
2026-03-19T11:55:00.000Z,BOUV,X,variation,channel,21915.865609304437,nT
2026-03-19T11:56:00.000Z,BOUV,X,variation,channel,21915.832119730538,nT
2026-03-19T11:57:00.000Z,BOUV,X,variation,channel,21915.49752115278,nT
2026-03-19T11:58:00.000Z,BOUV,X,variation,channel,21915.70814897747,nT
2026-03-19T11:59:00.000Z,BOUV,X,variation,channel,21915.655030200014,nT
2026-03-19T12:00:00.000Z,BOUV,X,variation,channel,21915.771428831078,nT
2026-03-19T12:01:00.000Z,BOUV,X,variation,channel,21915.670261788124,nT
2026-03-19T12:02:00.000Z,BOUV,X,variation,channel,21915.38310874392,nT
2026-03-19T12:03:00.000Z,BOUV,X,variation,channel,21915.26206682828,nT
2026-03-19T12:04:00.000Z,BOUV,X,variation,channel,21915.336041621696,nT
2026-03-19T12:05:00.000Z,BOUV,X,variation,channel,21915.41369134407,nT
2026-03-19T12:06:00.000Z,BOUV,X,variation,channel,21915.338925351574,nT
2026-03-19T12:07:00.000Z,BOUV,X,variation,channel,21915.15313703812,nT
2026-03-19T12:08:00.000Z,BOUV,X,variation,channel,21915.258339659777,nT
2026-03-19T12:09:00.000Z,BOUV,X,variation,channel,21915.018173695018,nT
2026-03-19T12:10:00.000Z,BOUV,X,variation,channel,21914.70306065834,nT
2026-03-19T12:11:00.000Z,BOUV,X,variation,channel,21914.699589650118,nT
2026-03-19T12:12:00.000Z,BOUV,X,variation,channel,21914.371949763045,nT
2026-03-19T12:13:00.000Z,BOUV,X,variation,channel,21914.75419466776,nT
2026-03-19T12:14:00.000Z,BOUV,X,variation,channel,21914.46516516312,nT
2026-03-19T12:15:00.000Z,BOUV,X,variation,channel,21914.992615895542,nT
2026-03-19T12:16:00.000Z,BOUV,X,variation,channel,21914.720794697223,nT
2026-03-19T12:17:00.000Z,BOUV,X,variation,channel,21914.631607459065,nT
2026-03-19T12:18:00.000Z,BOUV,X,variation,channel,21914.44542478141,nT
2026-03-19T12:19:00.000Z,BOUV,X,variation,channel,21914.368090331176,nT
2026-03-19T12:20:00.000Z,BOUV,X,variation,channel,21914.437788793683,nT
2026-03-19T12:21:00.000Z,BOUV,X,variation,channel,21913.96977482136,nT
2026-03-19T12:22:00.000Z,BOUV,X,variation,channel,21913.993384990714,nT
2026-03-19T12:23:00.000Z,BOUV,X,variation,channel,21913.874493826785,nT
2026-03-19T12:24:00.000Z,BOUV,X,variation,channel,21913.390531074234,nT
2026-03-19T12:25:00.000Z,BOUV,X,variation,channel,21913.22255689847,nT
2026-03-19T12:26:00.000Z,BOUV,X,variation,channel,21913.201497018857,nT
2026-03-19T12:27:00.000Z,BOUV,X,variation,channel,21913.233897105176,nT
2026-03-19T12:28:00.000Z,BOUV,X,variation,channel,21913.058003920298,nT
2026-03-19T12:29:00.000Z,BOUV,X,variation,channel,21913.1668768414,nT
2026-03-19T12:30:00.000Z,BOUV,X,variation,channel,21912.991709122183,nT
2026-03-19T12:31:00.000Z,BOUV,X,variation,channel,21912.87503823945,nT
2026-03-19T12:32:00.000Z,BOUV,X,variation,channel,21913.039366139903,nT
2026-03-19T12:33:00.000Z,BOUV,X,variation,channel,21912.96174955547,nT
2026-03-19T12:34:00.000Z,BOUV,X,variation,channel,21913.253700731795,nT
2026-03-19T12:35:00.000Z,BOUV,X,variation,channel,21913.27223751118,nT
2026-03-19T12:36:00.000Z,BOUV,X,variation,channel,21913.21669167595,nT
2026-03-19T12:37:00.000Z,BOUV,X,variation,channel,21913.434313352132,nT
2026-03-19T12:38:00.000Z,BOUV,X,variation,channel,21913.22345386826,nT
2026-03-19T12:39:00.000Z,BOUV,X,variation,channel,21913.39792456766,nT
2026-03-19T12:40:00.000Z,BOUV,X,variation,channel,21913.26323719659,nT
2026-03-19T12:41:00.000Z,BOUV,X,variation,channel,21913.72446146024,nT
2026-03-19T12:42:00.000Z,BOUV,X,variation,channel,21913.68384427032,nT
2026-03-19T12:43:00.000Z,BOUV,X,variation,channel,21913.526532283853,nT
2026-03-19T12:44:00.000Z,BOUV,X,variation,channel,21913.632224686433,nT
2026-03-19T12:45:00.000Z,BOUV,X,variation,channel,21913.809726976517,nT
2026-03-19T12:46:00.000Z,BOUV,X,variation,channel,21913.846669829985,nT
2026-03-19T12:47:00.000Z,BOUV,X,variation,channel,21913.739622806042,nT
2026-03-19T12:48:00.000Z,BOUV,X,variation,channel,21913.753784065386,nT
2026-03-19T12:49:00.000Z,BOUV,X,variation,channel,21914.15366014659,nT
2026-03-19T12:50:00.000Z,BOUV,X,variation,channel,21913.65245359673,nT
2026-03-19T12:51:00.000Z,BOUV,X,variation,channel,21913.94089498389,nT
2026-03-19T12:52:00.000Z,BOUV,X,variation,channel,21913.70838928058,nT
2026-03-19T12:53:00.000Z,BOUV,X,variation,channel,21913.63142334674,nT
2026-03-19T12:54:00.000Z,BOUV,X,variation,channel,21913.698493324428,nT
2026-03-19T12:55:00.000Z,BOUV,X,variation,channel,21913.794509492276,nT
2026-03-19T12:56:00.000Z,BOUV,X,variation,channel,21913.61386700177,nT
2026-03-19T12:57:00.000Z,BOUV,X,variation,channel,21914.089553128433,nT
2026-03-19T12:58:00.000Z,BOUV,X,variation,channel,21913.72463978415,nT
2026-03-19T12:59:00.000Z,BOUV,X,variation,channel,21913.66947717456,nT
2026-03-19T13:00:00.000Z,BOUV,X,variation,channel,21914.307004827493,nT
2026-03-19T13:01:00.000Z,BOUV,X,variation,channel,21914.386459319616,nT
2026-03-19T13:02:00.000Z,BOUV,X,variation,channel,21914.52139037241,nT
2026-03-19T13:03:00.000Z,BOUV,X,variation,channel,21914.85933498252,nT
2026-03-19T13:04:00.000Z,BOUV,X,variation,channel,21914.82190713601,nT
2026-03-19T13:05:00.000Z,BOUV,X,variation,channel,21915.35041503669,nT
2026-03-19T13:06:00.000Z,BOUV,X,variation,channel,21915.082515892904,nT
2026-03-19T13:07:00.000Z,BOUV,X,variation,channel,21915.59166454763,nT
2026-03-19T13:08:00.000Z,BOUV,X,variation,channel,21915.381003277304,nT
2026-03-19T13:09:00.000Z,BOUV,X,variation,channel,21915.62127578998,nT
2026-03-19T13:10:00.000Z,BOUV,X,variation,channel,21915.816353552425,nT
2026-03-19T13:11:00.000Z,BOUV,X,variation,channel,21915.957118686438,nT
2026-03-19T13:12:00.000Z,BOUV,X,variation,channel,21915.80765762562,nT
2026-03-19T13:13:00.000Z,BOUV,X,variation,channel,21915.670125592223,nT
2026-03-19T13:14:00.000Z,BOUV,X,variation,channel,21916.225737951452,nT
2026-03-19T13:15:00.000Z,BOUV,X,variation,channel,21915.914806849785,nT
2026-03-19T13:16:00.000Z,BOUV,X,variation,channel,21916.1019021844,nT
2026-03-19T13:17:00.000Z,BOUV,X,variation,channel,21916.138889873957,nT
2026-03-19T13:18:00.000Z,BOUV,X,variation,channel,21915.922752523653,nT
2026-03-19T13:19:00.000Z,BOUV,X,variation,channel,21916.139619184152,nT
2026-03-19T13:20:00.000Z,BOUV,X,variation,channel,21916.088911088606,nT
2026-03-19T13:21:00.000Z,BOUV,X,variation,channel,21915.8909922497,nT
2026-03-19T13:22:00.000Z,BOUV,X,variation,channel,21915.889850997755,nT
2026-03-19T13:23:00.000Z,BOUV,X,variation,channel,21916.093251936763,nT
2026-03-19T13:24:00.000Z,BOUV,X,variation,channel,21916.383293204526,nT
2026-03-19T13:25:00.000Z,BOUV,X,variation,channel,21916.3839450393,nT
2026-03-19T13:26:00.000Z,BOUV,X,variation,channel,21916.643600289215,nT
2026-03-19T13:27:00.000Z,BOUV,X,variation,channel,21916.333974367655,nT
2026-03-19T13:28:00.000Z,BOUV,X,variation,channel,21916.474835578032,nT
2026-03-19T13:29:00.000Z,BOUV,X,variation,channel,21916.507574403786,nT
2026-03-19T13:30:00.000Z,BOUV,X,variation,channel,21916.402323099133,nT
2026-03-19T13:31:00.000Z,BOUV,X,variation,channel,21916.640419560157,nT
2026-03-19T13:32:00.000Z,BOUV,X,variation,channel,21916.243658972384,nT
2026-03-19T13:33:00.000Z,BOUV,X,variation,channel,21916.606241157224,nT
2026-03-19T13:34:00.000Z,BOUV,X,variation,channel,21916.45328981318,nT
2026-03-19T13:35:00.000Z,BOUV,X,variation,channel,21916.74415817451,nT
2026-03-19T13:36:00.000Z,BOUV,X,variation,channel,21916.774611637833,nT
2026-03-19T13:37:00.000Z,BOUV,X,variation,channel,21917.056159819214,nT
2026-03-19T13:38:00.000Z,BOUV,X,variation,channel,21917.00939472588,nT
2026-03-19T13:39:00.000Z,BOUV,X,variation,channel,21917.073014634145,nT
2026-03-19T13:40:00.000Z,BOUV,X,variation,channel,21917.260153389678,nT
2026-03-19T13:41:00.000Z,BOUV,X,variation,channel,21917.29892396782,nT
2026-03-19T13:42:00.000Z,BOUV,X,variation,channel,21917.324097709443,nT
2026-03-19T13:43:00.000Z,BOUV,X,variation,channel,21917.290413150942,nT
2026-03-19T13:44:00.000Z,BOUV,X,variation,channel,21917.146657630088,nT
2026-03-19T13:45:00.000Z,BOUV,X,variation,channel,21917.127060525545,nT
2026-03-19T13:46:00.000Z,BOUV,X,variation,channel,21917.15500051888,nT
2026-03-19T13:47:00.000Z,BOUV,X,variation,channel,21917.33207849221,nT
2026-03-19T13:48:00.000Z,BOUV,X,variation,channel,21917.336540444372,nT
2026-03-19T13:49:00.000Z,BOUV,X,variation,channel,21917.439736926408,nT
2026-03-19T13:50:00.000Z,BOUV,X,variation,channel,21916.982418031588,nT
2026-03-19T13:51:00.000Z,BOUV,X,variation,channel,21917.332012467155,nT
2026-03-19T13:52:00.000Z,BOUV,X,variation,channel,21917.496486746306,nT
2026-03-19T13:53:00.000Z,BOUV,X,variation,channel,21917.412521537437,nT
2026-03-19T13:54:00.000Z,BOUV,X,variation,channel,21917.492421330044,nT
2026-03-19T13:55:00.000Z,BOUV,X,variation,channel,21917.0211524412,nT
2026-03-19T13:56:00.000Z,BOUV,X,variation,channel,21917.12478386995,nT
2026-03-19T13:57:00.000Z,BOUV,X,variation,channel,21916.8820977046,nT
2026-03-19T13:58:00.000Z,BOUV,X,variation,channel,21917.063939231248,nT
2026-03-19T13:59:00.000Z,BOUV,X,variation,channel,21916.905051808553,nT
2026-03-19T14:00:00.000Z,BOUV,X,variation,channel,21917.001098828132,nT
2026-03-19T14:01:00.000Z,BOUV,X,variation,channel,21917.001682465372,nT
2026-03-19T14:02:00.000Z,BOUV,X,variation,channel,21917.048319328267,nT
2026-03-19T14:03:00.000Z,BOUV,X,variation,channel,21916.74632673919,nT
2026-03-19T14:04:00.000Z,BOUV,X,variation,channel,21916.968208084836,nT
2026-03-19T14:05:00.000Z,BOUV,X,variation,channel,21917.00164137445,nT
2026-03-19T14:06:00.000Z,BOUV,X,variation,channel,21917.153809331994,nT
2026-03-19T14:07:00.000Z,BOUV,X,variation,channel,21916.76026738181,nT
2026-03-19T14:08:00.000Z,BOUV,X,variation,channel,21916.87351436417,nT
2026-03-19T14:09:00.000Z,BOUV,X,variation,channel,21916.858495881337,nT
2026-03-19T14:10:00.000Z,BOUV,X,variation,channel,21917.103031424944,nT
2026-03-19T14:11:00.000Z,BOUV,X,variation,channel,21917.017100619174,nT
2026-03-19T14:12:00.000Z,BOUV,X,variation,channel,21917.392672132704,nT
2026-03-19T14:13:00.000Z,BOUV,X,variation,channel,21917.706067099014,nT
2026-03-19T14:14:00.000Z,BOUV,X,variation,channel,21918.041793817672,nT
2026-03-19T14:15:00.000Z,BOUV,X,variation,channel,21918.215573362715,nT
2026-03-19T14:16:00.000Z,BOUV,X,variation,channel,21918.69555219515,nT
2026-03-19T14:17:00.000Z,BOUV,X,variation,channel,21918.669884437735,nT
2026-03-19T14:18:00.000Z,BOUV,X,variation,channel,21918.82192628978,nT
2026-03-19T14:19:00.000Z,BOUV,X,variation,channel,21918.57925553375,nT
2026-03-19T14:20:00.000Z,BOUV,X,variation,channel,21918.17993574231,nT
2026-03-19T14:21:00.000Z,BOUV,X,variation,channel,21917.52047085429,nT
2026-03-19T14:22:00.000Z,BOUV,X,variation,channel,21917.271577602954,nT
2026-03-19T14:23:00.000Z,BOUV,X,variation,channel,21917.13756472739,nT
2026-03-19T14:24:00.000Z,BOUV,X,variation,channel,21917.067917497825,nT
2026-03-19T14:25:00.000Z,BOUV,X,variation,channel,21917.08728468946,nT
2026-03-19T14:26:00.000Z,BOUV,X,variation,channel,21916.939163951974,nT
2026-03-19T14:27:00.000Z,BOUV,X,variation,channel,21917.073431679306,nT
2026-03-19T14:28:00.000Z,BOUV,X,variation,channel,21917.519424558566,nT
2026-03-19T14:29:00.000Z,BOUV,X,variation,channel,21917.27897596597,nT
2026-03-19T14:30:00.000Z,BOUV,X,variation,channel,21916.757825030523,nT
2026-03-19T14:31:00.000Z,BOUV,X,variation,channel,21916.777396719495,nT
2026-03-19T14:32:00.000Z,BOUV,X,variation,channel,21916.942203037266,nT
2026-03-19T14:33:00.000Z,BOUV,X,variation,channel,21917.239574218507,nT
2026-03-19T14:34:00.000Z,BOUV,X,variation,channel,21917.129647845028,nT
2026-03-19T14:35:00.000Z,BOUV,X,variation,channel,21917.042723017927,nT
2026-03-19T14:36:00.000Z,BOUV,X,variation,channel,21916.849949740885,nT
2026-03-19T14:37:00.000Z,BOUV,X,variation,channel,21916.86725630884,nT
2026-03-19T14:38:00.000Z,BOUV,X,variation,channel,21917.013162734504,nT
2026-03-19T14:39:00.000Z,BOUV,X,variation,channel,21916.80687940165,nT
2026-03-19T14:40:00.000Z,BOUV,X,variation,channel,21916.636716754972,nT
2026-03-19T14:41:00.000Z,BOUV,X,variation,channel,21916.529213481543,nT
2026-03-19T14:42:00.000Z,BOUV,X,variation,channel,21916.18704284372,nT
2026-03-19T14:43:00.000Z,BOUV,X,variation,channel,21915.94220725566,nT
2026-03-19T14:44:00.000Z,BOUV,X,variation,channel,21916.042419912086,nT
2026-03-19T14:45:00.000Z,BOUV,X,variation,channel,21915.854769755446,nT
2026-03-19T14:46:00.000Z,BOUV,X,variation,channel,21915.289929552604,nT
2026-03-19T14:47:00.000Z,BOUV,X,variation,channel,21915.369099132546,nT
2026-03-19T14:48:00.000Z,BOUV,X,variation,channel,21915.484667256576,nT
2026-03-19T14:49:00.000Z,BOUV,X,variation,channel,21915.513526556493,nT
2026-03-19T14:50:00.000Z,BOUV,X,variation,channel,21915.121956885276,nT
2026-03-19T14:51:00.000Z,BOUV,X,variation,channel,21914.939100199794,nT
2026-03-19T14:52:00.000Z,BOUV,X,variation,channel,21915.2406981496,nT
2026-03-19T14:53:00.000Z,BOUV,X,variation,channel,21915.333972014476,nT
2026-03-19T14:54:00.000Z,BOUV,X,variation,channel,21915.301281095315,nT
2026-03-19T14:55:00.000Z,BOUV,X,variation,channel,21914.989755668877,nT
2026-03-19T14:56:00.000Z,BOUV,X,variation,channel,21914.625280387856,nT
2026-03-19T14:57:00.000Z,BOUV,X,variation,channel,21914.54641086376,nT
2026-03-19T14:58:00.000Z,BOUV,X,variation,channel,21913.788930389288,nT
2026-03-19T14:59:00.000Z,BOUV,X,variation,channel,21913.255546077195,nT
2026-03-19T15:00:00.000Z,BOUV,X,variation,channel,21912.534187734127,nT
2026-03-19T15:01:00.000Z,BOUV,X,variation,channel,21911.93895581469,nT
2026-03-19T15:02:00.000Z,BOUV,X,variation,channel,21911.79374428498,nT
2026-03-19T15:03:00.000Z,BOUV,X,variation,channel,21911.412756330617,nT
2026-03-19T15:04:00.000Z,BOUV,X,variation,channel,21911.203504481884,nT
2026-03-19T15:05:00.000Z,BOUV,X,variation,channel,21910.941091821987,nT
2026-03-19T15:06:00.000Z,BOUV,X,variation,channel,21910.760348951753,nT
2026-03-19T15:07:00.000Z,BOUV,X,variation,channel,21910.634701396048,nT
2026-03-19T15:08:00.000Z,BOUV,X,variation,channel,21910.683006120897,nT
2026-03-19T15:09:00.000Z,BOUV,X,variation,channel,21910.99712452398,nT
2026-03-19T15:10:00.000Z,BOUV,X,variation,channel,21910.83032018789,nT
2026-03-19T15:11:00.000Z,BOUV,X,variation,channel,21910.777219484575,nT
2026-03-19T15:12:00.000Z,BOUV,X,variation,channel,21910.533919333535,nT
2026-03-19T15:13:00.000Z,BOUV,X,variation,channel,21910.475146039495,nT
2026-03-19T15:14:00.000Z,BOUV,X,variation,channel,21910.492581755436,nT
2026-03-19T15:15:00.000Z,BOUV,X,variation,channel,21909.89823542812,nT
2026-03-19T15:16:00.000Z,BOUV,X,variation,channel,21910.13067264837,nT
2026-03-19T15:17:00.000Z,BOUV,X,variation,channel,21909.92538633515,nT
2026-03-19T15:18:00.000Z,BOUV,X,variation,channel,21909.712249927452,nT
2026-03-19T15:19:00.000Z,BOUV,X,variation,channel,21909.506056769736,nT
2026-03-19T15:20:00.000Z,BOUV,X,variation,channel,21909.135887814056,nT
2026-03-19T15:21:00.000Z,BOUV,X,variation,channel,21908.786812780272,nT
2026-03-19T15:22:00.000Z,BOUV,X,variation,channel,21908.234310675358,nT
2026-03-19T15:23:00.000Z,BOUV,X,variation,channel,21908.20491175628,nT
2026-03-19T15:24:00.000Z,BOUV,X,variation,channel,21908.79789221244,nT
2026-03-19T15:25:00.000Z,BOUV,X,variation,channel,21909.72534165796,nT
2026-03-19T15:26:00.000Z,BOUV,X,variation,channel,21910.4178371511,nT
2026-03-19T15:27:00.000Z,BOUV,X,variation,channel,21910.04788259575,nT
2026-03-19T15:28:00.000Z,BOUV,X,variation,channel,21909.72801688989,nT
2026-03-19T15:29:00.000Z,BOUV,X,variation,channel,21910.020838826556,nT
2026-03-19T15:30:00.000Z,BOUV,X,variation,channel,21910.630130148093,nT
2026-03-19T15:31:00.000Z,BOUV,X,variation,channel,21910.850751048056,nT
2026-03-19T15:32:00.000Z,BOUV,X,variation,channel,21910.538058406542,nT
2026-03-19T15:33:00.000Z,BOUV,X,variation,channel,21910.510893115134,nT
2026-03-19T15:34:00.000Z,BOUV,X,variation,channel,21910.425165065193,nT
2026-03-19T15:35:00.000Z,BOUV,X,variation,channel,21910.5321688031,nT
2026-03-19T15:36:00.000Z,BOUV,X,variation,channel,21910.687269811297,nT
2026-03-19T15:37:00.000Z,BOUV,X,variation,channel,21911.069212093873,nT
2026-03-19T15:38:00.000Z,BOUV,X,variation,channel,21911.037456800088,nT
2026-03-19T15:39:00.000Z,BOUV,X,variation,channel,21911.11846152138,nT
2026-03-19T15:40:00.000Z,BOUV,X,variation,channel,21911.287228790155,nT
2026-03-19T15:41:00.000Z,BOUV,X,variation,channel,21911.302403018035,nT
2026-03-19T15:42:00.000Z,BOUV,X,variation,channel,21910.841461298834,nT
2026-03-19T15:43:00.000Z,BOUV,X,variation,channel,21910.480447077825,nT
2026-03-19T15:44:00.000Z,BOUV,X,variation,channel,21910.193526893152,nT
2026-03-19T15:45:00.000Z,BOUV,X,variation,channel,21909.817108532065,nT
2026-03-19T15:46:00.000Z,BOUV,X,variation,channel,21909.711978417145,nT
2026-03-19T15:47:00.000Z,BOUV,X,variation,channel,21909.816496792082,nT
2026-03-19T15:48:00.000Z,BOUV,X,variation,channel,21909.89906335331,nT
2026-03-19T15:49:00.000Z,BOUV,X,variation,channel,21909.474983494485,nT
2026-03-19T15:50:00.000Z,BOUV,X,variation,channel,21908.887724347656,nT
2026-03-19T15:51:00.000Z,BOUV,X,variation,channel,21909.11401756068,nT
2026-03-19T15:52:00.000Z,BOUV,X,variation,channel,21909.76451601416,nT
2026-03-19T15:53:00.000Z,BOUV,X,variation,channel,21910.01058056614,nT
2026-03-19T15:54:00.000Z,BOUV,X,variation,channel,21909.80833720554,nT
2026-03-19T15:55:00.000Z,BOUV,X,variation,channel,21909.58513620316,nT
2026-03-19T15:56:00.000Z,BOUV,X,variation,channel,21909.507475271992,nT
2026-03-19T15:57:00.000Z,BOUV,X,variation,channel,21909.466825031093,nT
2026-03-19T15:58:00.000Z,BOUV,X,variation,channel,21909.418035654573,nT
2026-03-19T15:59:00.000Z,BOUV,X,variation,channel,21909.357207049732,nT
2026-03-19T16:00:00.000Z,BOUV,X,variation,channel,21909.234384457093,nT
2026-03-19T16:01:00.000Z,BOUV,X,variation,channel,21909.22689108722,nT
2026-03-19T16:02:00.000Z,BOUV,X,variation,channel,21909.075800765007,nT
2026-03-19T16:03:00.000Z,BOUV,X,variation,channel,21908.89011567847,nT
2026-03-19T16:04:00.000Z,BOUV,X,variation,channel,21908.72379997916,nT
2026-03-19T16:05:00.000Z,BOUV,X,variation,channel,21908.404437942223,nT
2026-03-19T16:06:00.000Z,BOUV,X,variation,channel,21908.277336159103,nT
2026-03-19T16:07:00.000Z,BOUV,X,variation,channel,21908.378268307075,nT
2026-03-19T16:08:00.000Z,BOUV,X,variation,channel,21908.23582342804,nT
2026-03-19T16:09:00.000Z,BOUV,X,variation,channel,21907.97309166934,nT
2026-03-19T16:10:00.000Z,BOUV,X,variation,channel,21907.6897088499,nT
2026-03-19T16:11:00.000Z,BOUV,X,variation,channel,21907.658772805837,nT
2026-03-19T16:12:00.000Z,BOUV,X,variation,channel,21907.68158308891,nT
2026-03-19T16:13:00.000Z,BOUV,X,variation,channel,21907.678119588923,nT
2026-03-19T16:14:00.000Z,BOUV,X,variation,channel,21907.514858305767,nT
2026-03-19T16:15:00.000Z,BOUV,X,variation,channel,21907.427851810116,nT
2026-03-19T16:16:00.000Z,BOUV,X,variation,channel,21907.217337177266,nT
2026-03-19T16:17:00.000Z,BOUV,X,variation,channel,21907.16774135109,nT
2026-03-19T16:18:00.000Z,BOUV,X,variation,channel,21907.014832570152,nT
2026-03-19T16:19:00.000Z,BOUV,X,variation,channel,21907.013015408054,nT
2026-03-19T16:20:00.000Z,BOUV,X,variation,channel,21906.899363380737,nT
2026-03-19T16:21:00.000Z,BOUV,X,variation,channel,21906.853060590267,nT
2026-03-19T16:22:00.000Z,BOUV,X,variation,channel,21906.420859537597,nT
2026-03-19T16:23:00.000Z,BOUV,X,variation,channel,21906.13483831052,nT
2026-03-19T16:24:00.000Z,BOUV,X,variation,channel,21905.762223764683,nT
2026-03-19T16:25:00.000Z,BOUV,X,variation,channel,21905.6138844861,nT
2026-03-19T16:26:00.000Z,BOUV,X,variation,channel,21905.594297912303,nT
2026-03-19T16:27:00.000Z,BOUV,X,variation,channel,21905.436830769664,nT
2026-03-19T16:28:00.000Z,BOUV,X,variation,channel,21905.188544461093,nT
2026-03-19T16:29:00.000Z,BOUV,X,variation,channel,21905.013475142343,nT
2026-03-19T16:30:00.000Z,BOUV,X,variation,channel,21904.897993354363,nT
2026-03-19T16:31:00.000Z,BOUV,X,variation,channel,21904.996134048808,nT
2026-03-19T16:32:00.000Z,BOUV,X,variation,channel,21904.866740772493,nT
2026-03-19T16:33:00.000Z,BOUV,X,variation,channel,21904.781009989914,nT
2026-03-19T16:34:00.000Z,BOUV,X,variation,channel,21904.74298038396,nT
2026-03-19T16:35:00.000Z,BOUV,X,variation,channel,21904.618435260632,nT
2026-03-19T16:36:00.000Z,BOUV,X,variation,channel,21904.488428550587,nT
2026-03-19T16:37:00.000Z,BOUV,X,variation,channel,21904.3561485712,nT
2026-03-19T16:38:00.000Z,BOUV,X,variation,channel,21904.421294801617,nT
2026-03-19T16:39:00.000Z,BOUV,X,variation,channel,21904.019084511507,nT
2026-03-19T16:40:00.000Z,BOUV,X,variation,channel,21903.933060289597,nT
2026-03-19T16:41:00.000Z,BOUV,X,variation,channel,21903.894494426964,nT
2026-03-19T16:42:00.000Z,BOUV,X,variation,channel,21903.580896785643,nT
2026-03-19T16:43:00.000Z,BOUV,X,variation,channel,21903.25878244435,nT
2026-03-19T16:44:00.000Z,BOUV,X,variation,channel,21903.072719598917,nT
2026-03-19T16:45:00.000Z,BOUV,X,variation,channel,21902.921548753955,nT
2026-03-19T16:46:00.000Z,BOUV,X,variation,channel,21902.746793589245,nT
2026-03-19T16:47:00.000Z,BOUV,X,variation,channel,21902.720812027284,nT
2026-03-19T16:48:00.000Z,BOUV,X,variation,channel,21902.58845939724,nT
2026-03-19T16:49:00.000Z,BOUV,X,variation,channel,21902.259755654843,nT
2026-03-19T16:50:00.000Z,BOUV,X,variation,channel,21902.15566861484,nT
2026-03-19T16:51:00.000Z,BOUV,X,variation,channel,21901.83411563803,nT
2026-03-19T16:52:00.000Z,BOUV,X,variation,channel,21901.61261471299,nT
2026-03-19T16:53:00.000Z,BOUV,X,variation,channel,21901.4639500964,nT
2026-03-19T16:54:00.000Z,BOUV,X,variation,channel,21901.31465010316,nT
2026-03-19T16:55:00.000Z,BOUV,X,variation,channel,21901.052062482675,nT
2026-03-19T16:56:00.000Z,BOUV,X,variation,channel,21900.74231476656,nT
2026-03-19T16:57:00.000Z,BOUV,X,variation,channel,21900.7326865833,nT
2026-03-19T16:58:00.000Z,BOUV,X,variation,channel,21900.76805943568,nT
2026-03-19T16:59:00.000Z,BOUV,X,variation,channel,21900.764547231058,nT
2026-03-19T17:00:00.000Z,BOUV,X,variation,channel,21900.642377493572,nT
2026-03-19T17:01:00.000Z,BOUV,X,variation,channel,21900.411793200987,nT
2026-03-19T17:02:00.000Z,BOUV,X,variation,channel,21900.092807616227,nT
2026-03-19T17:03:00.000Z,BOUV,X,variation,channel,21899.875422559857,nT
2026-03-19T17:04:00.000Z,BOUV,X,variation,channel,21900.003722801204,nT
2026-03-19T17:05:00.000Z,BOUV,X,variation,channel,21899.930652989595,nT
2026-03-19T17:06:00.000Z,BOUV,X,variation,channel,21899.849853859203,nT
2026-03-19T17:07:00.000Z,BOUV,X,variation,channel,21899.644756920945,nT
2026-03-19T17:08:00.000Z,BOUV,X,variation,channel,21899.447303265642,nT
2026-03-19T17:09:00.000Z,BOUV,X,variation,channel,21899.533991793,nT
2026-03-19T17:10:00.000Z,BOUV,X,variation,channel,21899.704782819736,nT
2026-03-19T17:11:00.000Z,BOUV,X,variation,channel,21899.53713688595,nT
2026-03-19T17:12:00.000Z,BOUV,X,variation,channel,21899.296846098856,nT
2026-03-19T17:13:00.000Z,BOUV,X,variation,channel,21899.05554037503,nT
2026-03-19T17:14:00.000Z,BOUV,X,variation,channel,21898.837162336324,nT
2026-03-19T17:15:00.000Z,BOUV,X,variation,channel,21898.524351405948,nT
2026-03-19T17:16:00.000Z,BOUV,X,variation,channel,21898.397065716235,nT
2026-03-19T17:17:00.000Z,BOUV,X,variation,channel,21898.37802299285,nT
2026-03-19T17:18:00.000Z,BOUV,X,variation,channel,21898.270091911458,nT
2026-03-19T17:19:00.000Z,BOUV,X,variation,channel,21898.162674116287,nT
2026-03-19T17:20:00.000Z,BOUV,X,variation,channel,21897.995371433914,nT
2026-03-19T17:21:00.000Z,BOUV,X,variation,channel,21897.946283764933,nT
2026-03-19T17:22:00.000Z,BOUV,X,variation,channel,21897.951954703018,nT
2026-03-19T17:23:00.000Z,BOUV,X,variation,channel,21897.800282691343,nT
2026-03-19T17:24:00.000Z,BOUV,X,variation,channel,21897.747105090755,nT
2026-03-19T17:25:00.000Z,BOUV,X,variation,channel,21897.753186438877,nT
2026-03-19T17:26:00.000Z,BOUV,X,variation,channel,21897.45812781989,nT
2026-03-19T17:27:00.000Z,BOUV,X,variation,channel,21897.211226694195,nT
2026-03-19T17:28:00.000Z,BOUV,X,variation,channel,21896.885721566836,nT
2026-03-19T17:29:00.000Z,BOUV,X,variation,channel,21896.61878666028,nT
2026-03-19T17:30:00.000Z,BOUV,X,variation,channel,21896.541719355937,nT
2026-03-19T17:31:00.000Z,BOUV,X,variation,channel,21896.300850293144,nT
2026-03-19T17:32:00.000Z,BOUV,X,variation,channel,21896.07546030483,nT
2026-03-19T17:33:00.000Z,BOUV,X,variation,channel,21896.065205671104,nT
2026-03-19T17:34:00.000Z,BOUV,X,variation,channel,21896.179384137202,nT
2026-03-19T17:35:00.000Z,BOUV,X,variation,channel,21896.120933079223,nT
2026-03-19T17:36:00.000Z,BOUV,X,variation,channel,21896.1572010731,nT
2026-03-19T17:37:00.000Z,BOUV,X,variation,channel,21896.056964293126,nT
2026-03-19T17:38:00.000Z,BOUV,X,variation,channel,21896.05394729468,nT
2026-03-19T17:39:00.000Z,BOUV,X,variation,channel,21896.114275125587,nT
2026-03-19T17:40:00.000Z,BOUV,X,variation,channel,21895.983615137065,nT
2026-03-19T17:41:00.000Z,BOUV,X,variation,channel,21895.9726181523,nT
2026-03-19T17:42:00.000Z,BOUV,X,variation,channel,21896.040545215143,nT
2026-03-19T17:43:00.000Z,BOUV,X,variation,channel,21896.049063858798,nT
2026-03-19T17:44:00.000Z,BOUV,X,variation,channel,21895.937300497186,nT
2026-03-19T17:45:00.000Z,BOUV,X,variation,channel,21895.808217623322,nT
2026-03-19T17:46:00.000Z,BOUV,X,variation,channel,21895.944709099367,nT
2026-03-19T17:47:00.000Z,BOUV,X,variation,channel,21896.08334348136,nT
2026-03-19T17:48:00.000Z,BOUV,X,variation,channel,21895.91027688137,nT
2026-03-19T17:49:00.000Z,BOUV,X,variation,channel,21895.904335238214,nT
2026-03-19T17:50:00.000Z,BOUV,X,variation,channel,21895.893045152203,nT
2026-03-19T17:51:00.000Z,BOUV,X,variation,channel,21895.83350149084,nT
2026-03-19T17:52:00.000Z,BOUV,X,variation,channel,21895.799722040767,nT
2026-03-19T17:53:00.000Z,BOUV,X,variation,channel,21895.60130244026,nT
2026-03-19T17:54:00.000Z,BOUV,X,variation,channel,21895.603824086153,nT
2026-03-19T17:55:00.000Z,BOUV,X,variation,channel,21895.67482302812,nT
2026-03-19T17:56:00.000Z,BOUV,X,variation,channel,21895.813831785315,nT
2026-03-19T17:57:00.000Z,BOUV,X,variation,channel,21895.831245674064,nT
2026-03-19T17:58:00.000Z,BOUV,X,variation,channel,21895.513452325915,nT
2026-03-19T17:59:00.000Z,BOUV,X,variation,channel,21895.388247657436,nT
2026-03-19T18:00:00.000Z,BOUV,X,variation,channel,21895.430264024228,nT
2026-03-19T18:01:00.000Z,BOUV,X,variation,channel,21895.428708827872,nT
2026-03-19T18:02:00.000Z,BOUV,X,variation,channel,21895.53889889727,nT
2026-03-19T18:03:00.000Z,BOUV,X,variation,channel,21895.40933720614,nT
2026-03-19T18:04:00.000Z,BOUV,X,variation,channel,21895.24325988333,nT
2026-03-19T18:05:00.000Z,BOUV,X,variation,channel,21895.192073819926,nT
2026-03-19T18:06:00.000Z,BOUV,X,variation,channel,21895.20455557086,nT
2026-03-19T18:07:00.000Z,BOUV,X,variation,channel,21895.348298610148,nT
2026-03-19T18:08:00.000Z,BOUV,X,variation,channel,21895.31239863843,nT
2026-03-19T18:09:00.000Z,BOUV,X,variation,channel,21895.23702913791,nT
2026-03-19T18:10:00.000Z,BOUV,X,variation,channel,21895.218055559053,nT
2026-03-19T18:11:00.000Z,BOUV,X,variation,channel,21895.123216204276,nT
2026-03-19T18:12:00.000Z,BOUV,X,variation,channel,21895.195579328294,nT
2026-03-19T18:13:00.000Z,BOUV,X,variation,channel,21894.953752269757,nT
2026-03-19T18:14:00.000Z,BOUV,X,variation,channel,21895.212609327027,nT
2026-03-19T18:15:00.000Z,BOUV,X,variation,channel,21895.1130346266,nT
2026-03-19T18:16:00.000Z,BOUV,X,variation,channel,21895.09950320392,nT
2026-03-19T18:17:00.000Z,BOUV,X,variation,channel,21895.163517169785,nT
2026-03-19T18:18:00.000Z,BOUV,X,variation,channel,21895.35449326117,nT
2026-03-19T18:19:00.000Z,BOUV,X,variation,channel,21895.203769998858,nT
2026-03-19T18:20:00.000Z,BOUV,X,variation,channel,21895.147065120582,nT
2026-03-19T18:21:00.000Z,BOUV,X,variation,channel,21895.01071661387,nT
2026-03-19T18:22:00.000Z,BOUV,X,variation,channel,21894.94241273719,nT
2026-03-19T18:23:00.000Z,BOUV,X,variation,channel,21894.70814646308,nT
2026-03-19T18:24:00.000Z,BOUV,X,variation,channel,21894.595194804853,nT
2026-03-19T18:25:00.000Z,BOUV,X,variation,channel,21894.471452244252,nT
2026-03-19T18:26:00.000Z,BOUV,X,variation,channel,21894.37235974906,nT
2026-03-19T18:27:00.000Z,BOUV,X,variation,channel,21894.22724668992,nT
2026-03-19T18:28:00.000Z,BOUV,X,variation,channel,21894.031205186162,nT
2026-03-19T18:29:00.000Z,BOUV,X,variation,channel,21893.808122738435,nT
2026-03-19T18:30:00.000Z,BOUV,X,variation,channel,21893.953201845467,nT
2026-03-19T18:31:00.000Z,BOUV,X,variation,channel,21894.068908025838,nT
2026-03-19T18:32:00.000Z,BOUV,X,variation,channel,21894.27822723696,nT
2026-03-19T18:33:00.000Z,BOUV,X,variation,channel,21894.078837629062,nT
2026-03-19T18:34:00.000Z,BOUV,X,variation,channel,21893.863496607097,nT
2026-03-19T18:35:00.000Z,BOUV,X,variation,channel,21893.816388392195,nT
2026-03-19T18:36:00.000Z,BOUV,X,variation,channel,21893.858046494246,nT
2026-03-19T18:37:00.000Z,BOUV,X,variation,channel,21894.27123073572,nT
2026-03-19T18:38:00.000Z,BOUV,X,variation,channel,21894.613443420327,nT
2026-03-19T18:39:00.000Z,BOUV,X,variation,channel,21894.586694633024,nT
2026-03-19T18:40:00.000Z,BOUV,X,variation,channel,21894.543540256866,nT
2026-03-19T18:41:00.000Z,BOUV,X,variation,channel,21894.702933045406,nT
2026-03-19T18:42:00.000Z,BOUV,X,variation,channel,21894.88796460801,nT
2026-03-19T18:43:00.000Z,BOUV,X,variation,channel,21895.10949210225,nT
2026-03-19T18:44:00.000Z,BOUV,X,variation,channel,21895.014728385915,nT
2026-03-19T18:45:00.000Z,BOUV,X,variation,channel,21894.98918594679,nT
2026-03-19T18:46:00.000Z,BOUV,X,variation,channel,21894.618028614655,nT
2026-03-19T18:47:00.000Z,BOUV,X,variation,channel,21894.463691940342,nT
2026-03-19T18:48:00.000Z,BOUV,X,variation,channel,21894.37617238595,nT
2026-03-19T18:49:00.000Z,BOUV,X,variation,channel,21894.398548669575,nT
2026-03-19T18:50:00.000Z,BOUV,X,variation,channel,21894.294953031662,nT
2026-03-19T18:51:00.000Z,BOUV,X,variation,channel,21894.37693921728,nT
2026-03-19T18:52:00.000Z,BOUV,X,variation,channel,21894.38471905381,nT
2026-03-19T18:53:00.000Z,BOUV,X,variation,channel,21894.440055400413,nT
2026-03-19T18:54:00.000Z,BOUV,X,variation,channel,21894.321429679672,nT
2026-03-19T18:55:00.000Z,BOUV,X,variation,channel,21894.311478598207,nT
2026-03-19T18:56:00.000Z,BOUV,X,variation,channel,21894.39113730552,nT
2026-03-19T18:57:00.000Z,BOUV,X,variation,channel,21894.597027722935,nT
2026-03-19T18:58:00.000Z,BOUV,X,variation,channel,21894.550178233076,nT
2026-03-19T18:59:00.000Z,BOUV,X,variation,channel,21894.664835013475,nT
2026-03-19T19:00:00.000Z,BOUV,X,variation,channel,21894.61535628956,nT
2026-03-19T19:01:00.000Z,BOUV,X,variation,channel,21894.599869117246,nT
2026-03-19T19:02:00.000Z,BOUV,X,variation,channel,21894.46720923469,nT
2026-03-19T19:03:00.000Z,BOUV,X,variation,channel,21894.358517879115,nT
2026-03-19T19:04:00.000Z,BOUV,X,variation,channel,21894.352395159254,nT
2026-03-19T19:05:00.000Z,BOUV,X,variation,channel,21894.438705494747,nT
2026-03-19T19:06:00.000Z,BOUV,X,variation,channel,21894.60667076354,nT
2026-03-19T19:07:00.000Z,BOUV,X,variation,channel,21894.67659767676,nT
2026-03-19T19:08:00.000Z,BOUV,X,variation,channel,21894.68888282202,nT
2026-03-19T19:09:00.000Z,BOUV,X,variation,channel,21894.791720553512,nT
2026-03-19T19:10:00.000Z,BOUV,X,variation,channel,21894.784169948274,nT
2026-03-19T19:11:00.000Z,BOUV,X,variation,channel,21894.526097331116,nT
2026-03-19T19:12:00.000Z,BOUV,X,variation,channel,21894.438308638957,nT
2026-03-19T19:13:00.000Z,BOUV,X,variation,channel,21894.299970489097,nT
2026-03-19T19:14:00.000Z,BOUV,X,variation,channel,21894.3964907205,nT
2026-03-19T19:15:00.000Z,BOUV,X,variation,channel,21894.475499172488,nT
2026-03-19T19:16:00.000Z,BOUV,X,variation,channel,21894.547969143016,nT
2026-03-19T19:17:00.000Z,BOUV,X,variation,channel,21894.48279644423,nT
2026-03-19T19:18:00.000Z,BOUV,X,variation,channel,21894.507670576237,nT
2026-03-19T19:19:00.000Z,BOUV,X,variation,channel,21894.444418308467,nT
2026-03-19T19:20:00.000Z,BOUV,X,variation,channel,21894.347559475224,nT
2026-03-19T19:21:00.000Z,BOUV,X,variation,channel,21894.44767514273,nT
2026-03-19T19:22:00.000Z,BOUV,X,variation,channel,21894.373191881386,nT
2026-03-19T19:23:00.000Z,BOUV,X,variation,channel,21894.245534054295,nT
2026-03-19T19:24:00.000Z,BOUV,X,variation,channel,21894.128631172345,nT
2026-03-19T19:25:00.000Z,BOUV,X,variation,channel,21894.231512939215,nT
2026-03-19T19:26:00.000Z,BOUV,X,variation,channel,21894.213643852785,nT
2026-03-19T19:27:00.000Z,BOUV,X,variation,channel,21894.055603957586,nT
2026-03-19T19:28:00.000Z,BOUV,X,variation,channel,21894.037398081324,nT
2026-03-19T19:29:00.000Z,BOUV,X,variation,channel,21894.19513318268,nT
2026-03-19T19:30:00.000Z,BOUV,X,variation,channel,21894.286071935538,nT
2026-03-19T19:31:00.000Z,BOUV,X,variation,channel,21894.28377816212,nT
2026-03-19T19:32:00.000Z,BOUV,X,variation,channel,21894.088303123157,nT
2026-03-19T19:33:00.000Z,BOUV,X,variation,channel,21894.00169047231,nT
2026-03-19T19:34:00.000Z,BOUV,X,variation,channel,21894.04655774634,nT
2026-03-19T19:35:00.000Z,BOUV,X,variation,channel,21893.871193054176,nT
2026-03-19T19:36:00.000Z,BOUV,X,variation,channel,21893.767258902124,nT
2026-03-19T19:37:00.000Z,BOUV,X,variation,channel,21893.65994908721,nT
2026-03-19T19:38:00.000Z,BOUV,X,variation,channel,21893.585755806882,nT
2026-03-19T19:39:00.000Z,BOUV,X,variation,channel,21893.389796511463,nT
2026-03-19T19:40:00.000Z,BOUV,X,variation,channel,21893.43281550706,nT
2026-03-19T19:41:00.000Z,BOUV,X,variation,channel,21893.668162986996,nT
2026-03-19T19:42:00.000Z,BOUV,X,variation,channel,21893.75294811454,nT
2026-03-19T19:43:00.000Z,BOUV,X,variation,channel,21893.597652091623,nT
2026-03-19T19:44:00.000Z,BOUV,X,variation,channel,21893.440624940136,nT
2026-03-19T19:45:00.000Z,BOUV,X,variation,channel,21893.36775034566,nT
2026-03-19T19:46:00.000Z,BOUV,X,variation,channel,21893.32122887369,nT
2026-03-19T19:47:00.000Z,BOUV,X,variation,channel,21893.397823561478,nT
2026-03-19T19:48:00.000Z,BOUV,X,variation,channel,21893.669333429447,nT
2026-03-19T19:49:00.000Z,BOUV,X,variation,channel,21893.76572863951,nT
2026-03-19T19:50:00.000Z,BOUV,X,variation,channel,21893.717959904014,nT
2026-03-19T19:51:00.000Z,BOUV,X,variation,channel,21893.948259055145,nT
2026-03-19T19:52:00.000Z,BOUV,X,variation,channel,21894.168587773118,nT
2026-03-19T19:53:00.000Z,BOUV,X,variation,channel,21894.17967258798,nT
2026-03-19T19:54:00.000Z,BOUV,X,variation,channel,21894.121020185816,nT
2026-03-19T19:55:00.000Z,BOUV,X,variation,channel,21894.11193825535,nT
2026-03-19T19:56:00.000Z,BOUV,X,variation,channel,21894.11010552094,nT
2026-03-19T19:57:00.000Z,BOUV,X,variation,channel,21894.10376420908,nT
2026-03-19T19:58:00.000Z,BOUV,X,variation,channel,21894.105542562815,nT
2026-03-19T19:59:00.000Z,BOUV,X,variation,channel,21894.217894069632,nT
2026-03-19T20:00:00.000Z,BOUV,X,variation,channel,21894.125588045,nT
2026-03-19T20:01:00.000Z,BOUV,X,variation,channel,21894.132872619688,nT
2026-03-19T20:02:00.000Z,BOUV,X,variation,channel,21894.305184719098,nT
2026-03-19T20:03:00.000Z,BOUV,X,variation,channel,21894.420392589822,nT
2026-03-19T20:04:00.000Z,BOUV,X,variation,channel,21894.619598358953,nT
2026-03-19T20:05:00.000Z,BOUV,X,variation,channel,21894.729890349558,nT
2026-03-19T20:06:00.000Z,BOUV,X,variation,channel,21894.726537809023,nT
2026-03-19T20:07:00.000Z,BOUV,X,variation,channel,21894.92997007755,nT
2026-03-19T20:08:00.000Z,BOUV,X,variation,channel,21894.738712774506,nT
2026-03-19T20:09:00.000Z,BOUV,X,variation,channel,21894.67037184425,nT
2026-03-19T20:10:00.000Z,BOUV,X,variation,channel,21894.846727090557,nT
2026-03-19T20:11:00.000Z,BOUV,X,variation,channel,21894.740733350685,nT
2026-03-19T20:12:00.000Z,BOUV,X,variation,channel,21894.795948102827,nT
2026-03-19T20:13:00.000Z,BOUV,X,variation,channel,21894.725218171705,nT
2026-03-19T20:14:00.000Z,BOUV,X,variation,channel,21894.740438707977,nT
2026-03-19T20:15:00.000Z,BOUV,X,variation,channel,21894.743242467743,nT
2026-03-19T20:16:00.000Z,BOUV,X,variation,channel,21894.69905700988,nT
2026-03-19T20:17:00.000Z,BOUV,X,variation,channel,21894.561302336708,nT
2026-03-19T20:18:00.000Z,BOUV,X,variation,channel,21894.62934197896,nT
2026-03-19T20:19:00.000Z,BOUV,X,variation,channel,21894.832737611567,nT
2026-03-19T20:20:00.000Z,BOUV,X,variation,channel,21895.091479977837,nT
2026-03-19T20:21:00.000Z,BOUV,X,variation,channel,21895.041994825162,nT
2026-03-19T20:22:00.000Z,BOUV,X,variation,channel,21894.984506732115,nT
2026-03-19T20:23:00.000Z,BOUV,X,variation,channel,21895.152756623575,nT
2026-03-19T20:24:00.000Z,BOUV,X,variation,channel,21895.53321572479,nT
2026-03-19T20:25:00.000Z,BOUV,X,variation,channel,21895.394113774084,nT
2026-03-19T20:26:00.000Z,BOUV,X,variation,channel,21895.4619295155,nT
2026-03-19T20:27:00.000Z,BOUV,X,variation,channel,21895.56306018321,nT
2026-03-19T20:28:00.000Z,BOUV,X,variation,channel,21895.94174787459,nT
2026-03-19T20:29:00.000Z,BOUV,X,variation,channel,21895.986044432946,nT
2026-03-19T20:30:00.000Z,BOUV,X,variation,channel,21895.992126582234,nT
2026-03-19T20:31:00.000Z,BOUV,X,variation,channel,21896.147046386828,nT
2026-03-19T20:32:00.000Z,BOUV,X,variation,channel,21896.50195267372,nT
2026-03-19T20:33:00.000Z,BOUV,X,variation,channel,21896.641998969953,nT
2026-03-19T20:34:00.000Z,BOUV,X,variation,channel,21896.781776513988,nT
2026-03-19T20:35:00.000Z,BOUV,X,variation,channel,21896.91357611509,nT
2026-03-19T20:36:00.000Z,BOUV,X,variation,channel,21897.07649607367,nT
2026-03-19T20:37:00.000Z,BOUV,X,variation,channel,21896.89780026249,nT
2026-03-19T20:38:00.000Z,BOUV,X,variation,channel,21896.857097580953,nT
2026-03-19T20:39:00.000Z,BOUV,X,variation,channel,21896.90829022484,nT
2026-03-19T20:40:00.000Z,BOUV,X,variation,channel,21897.06944083709,nT
2026-03-19T20:41:00.000Z,BOUV,X,variation,channel,21896.946421719076,nT
2026-03-19T20:42:00.000Z,BOUV,X,variation,channel,21896.81096754696,nT
2026-03-19T20:43:00.000Z,BOUV,X,variation,channel,21896.89988535752,nT
2026-03-19T20:44:00.000Z,BOUV,X,variation,channel,21896.71917128901,nT
2026-03-19T20:45:00.000Z,BOUV,X,variation,channel,21896.859863591548,nT
2026-03-19T20:46:00.000Z,BOUV,X,variation,channel,21896.964001065953,nT
2026-03-19T20:47:00.000Z,BOUV,X,variation,channel,21897.184769290852,nT
2026-03-19T20:48:00.000Z,BOUV,X,variation,channel,21897.550048960707,nT
2026-03-19T20:49:00.000Z,BOUV,X,variation,channel,21897.703952333184,nT
2026-03-19T20:50:00.000Z,BOUV,X,variation,channel,21897.71031260083,nT
2026-03-19T20:51:00.000Z,BOUV,X,variation,channel,21897.974656343235,nT
2026-03-19T20:52:00.000Z,BOUV,X,variation,channel,21898.15785335285,nT
2026-03-19T20:53:00.000Z,BOUV,X,variation,channel,21898.225897698707,nT
2026-03-19T20:54:00.000Z,BOUV,X,variation,channel,21898.23046155329,nT
2026-03-19T20:55:00.000Z,BOUV,X,variation,channel,21898.308647268477,nT
2026-03-19T20:56:00.000Z,BOUV,X,variation,channel,21898.138980901083,nT
2026-03-19T20:57:00.000Z,BOUV,X,variation,channel,21898.042669901548,nT
2026-03-19T20:58:00.000Z,BOUV,X,variation,channel,21897.992153663756,nT
2026-03-19T20:59:00.000Z,BOUV,X,variation,channel,21898.02311971424,nT
2026-03-19T21:00:00.000Z,BOUV,X,variation,channel,21897.96620645459,nT
2026-03-19T21:01:00.000Z,BOUV,X,variation,channel,21897.658025501958,nT
2026-03-19T21:02:00.000Z,BOUV,X,variation,channel,21897.77727199542,nT
2026-03-19T21:03:00.000Z,BOUV,X,variation,channel,21898.111227388436,nT
2026-03-19T21:04:00.000Z,BOUV,X,variation,channel,21898.391834659546,nT
2026-03-19T21:05:00.000Z,BOUV,X,variation,channel,21898.43211737797,nT
2026-03-19T21:06:00.000Z,BOUV,X,variation,channel,21898.42790474586,nT
2026-03-19T21:07:00.000Z,BOUV,X,variation,channel,21898.603465173066,nT
2026-03-19T21:08:00.000Z,BOUV,X,variation,channel,21899.00736203054,nT
2026-03-19T21:09:00.000Z,BOUV,X,variation,channel,21899.338431753393,nT
2026-03-19T21:10:00.000Z,BOUV,X,variation,channel,21899.62751000875,nT
2026-03-19T21:11:00.000Z,BOUV,X,variation,channel,21899.7699101321,nT
2026-03-19T21:12:00.000Z,BOUV,X,variation,channel,21900.000038893795,nT
2026-03-19T21:13:00.000Z,BOUV,X,variation,channel,21900.248009502273,nT
2026-03-19T21:14:00.000Z,BOUV,X,variation,channel,21900.314331261892,nT
2026-03-19T21:15:00.000Z,BOUV,X,variation,channel,21900.33325356009,nT
2026-03-19T21:16:00.000Z,BOUV,X,variation,channel,21900.574798605234,nT
2026-03-19T21:17:00.000Z,BOUV,X,variation,channel,21900.71668542884,nT
2026-03-19T21:18:00.000Z,BOUV,X,variation,channel,21900.857673698967,nT
2026-03-19T21:19:00.000Z,BOUV,X,variation,channel,21900.81642958854,nT
2026-03-19T21:20:00.000Z,BOUV,X,variation,channel,21900.953274590607,nT
2026-03-19T21:21:00.000Z,BOUV,X,variation,channel,21901.103235441482,nT
2026-03-19T21:22:00.000Z,BOUV,X,variation,channel,21901.186133922758,nT
2026-03-19T21:23:00.000Z,BOUV,X,variation,channel,21901.29960443838,nT
2026-03-19T21:24:00.000Z,BOUV,X,variation,channel,21901.300308895294,nT
2026-03-19T21:25:00.000Z,BOUV,X,variation,channel,21901.44823905245,nT
2026-03-19T21:26:00.000Z,BOUV,X,variation,channel,21901.49678592308,nT
2026-03-19T21:27:00.000Z,BOUV,X,variation,channel,21901.724062923182,nT
2026-03-19T21:28:00.000Z,BOUV,X,variation,channel,21902.01912659874,nT
2026-03-19T21:29:00.000Z,BOUV,X,variation,channel,21902.127330734842,nT
2026-03-19T21:30:00.000Z,BOUV,X,variation,channel,21902.088635247917,nT
2026-03-19T21:31:00.000Z,BOUV,X,variation,channel,21902.23967470143,nT
2026-03-19T21:32:00.000Z,BOUV,X,variation,channel,21902.393636638142,nT
2026-03-19T21:33:00.000Z,BOUV,X,variation,channel,21902.38870378092,nT
2026-03-19T21:34:00.000Z,BOUV,X,variation,channel,21902.238261348866,nT
2026-03-19T21:35:00.000Z,BOUV,X,variation,channel,21902.35451158649,nT
2026-03-19T21:36:00.000Z,BOUV,X,variation,channel,21902.348571350227,nT
2026-03-19T21:37:00.000Z,BOUV,X,variation,channel,21902.618243226112,nT
2026-03-19T21:38:00.000Z,BOUV,X,variation,channel,21902.69492150046,nT
2026-03-19T21:39:00.000Z,BOUV,X,variation,channel,21902.88331853339,nT
2026-03-19T21:40:00.000Z,BOUV,X,variation,channel,21903.129636774513,nT
2026-03-19T21:41:00.000Z,BOUV,X,variation,channel,21903.305816852848,nT
2026-03-19T21:42:00.000Z,BOUV,X,variation,channel,21903.24769310728,nT
2026-03-19T21:43:00.000Z,BOUV,X,variation,channel,21903.545842110132,nT
2026-03-19T21:44:00.000Z,BOUV,X,variation,channel,21903.88823170306,nT
2026-03-19T21:45:00.000Z,BOUV,X,variation,channel,21904.25719008247,nT
2026-03-19T21:46:00.000Z,BOUV,X,variation,channel,21904.575017276027,nT
2026-03-19T21:47:00.000Z,BOUV,X,variation,channel,21904.867520322958,nT
2026-03-19T21:48:00.000Z,BOUV,X,variation,channel,21905.090913924367,nT
2026-03-19T21:49:00.000Z,BOUV,X,variation,channel,21905.37222700034,nT
2026-03-19T21:50:00.000Z,BOUV,X,variation,channel,21905.587408396284,nT
2026-03-19T21:51:00.000Z,BOUV,X,variation,channel,21905.63728742202,nT
2026-03-19T21:52:00.000Z,BOUV,X,variation,channel,21905.54802052265,nT
2026-03-19T21:53:00.000Z,BOUV,X,variation,channel,21905.927635758308,nT
2026-03-19T21:54:00.000Z,BOUV,X,variation,channel,21906.210926448883,nT
2026-03-19T21:55:00.000Z,BOUV,X,variation,channel,21906.43757540478,nT
2026-03-19T21:56:00.000Z,BOUV,X,variation,channel,21906.55938720267,nT
2026-03-19T21:57:00.000Z,BOUV,X,variation,channel,21906.66819141941,nT
2026-03-19T21:58:00.000Z,BOUV,X,variation,channel,21906.88059157774,nT
2026-03-19T21:59:00.000Z,BOUV,X,variation,channel,21907.065147207904,nT
2026-03-19T22:00:00.000Z,BOUV,X,variation,channel,21907.50296299088,nT
2026-03-19T22:01:00.000Z,BOUV,X,variation,channel,21907.786967238506,nT
2026-03-19T22:02:00.000Z,BOUV,X,variation,channel,21907.732454412646,nT
2026-03-19T22:03:00.000Z,BOUV,X,variation,channel,21907.931699878023,nT
2026-03-19T22:04:00.000Z,BOUV,X,variation,channel,21908.010208686406,nT
2026-03-19T22:05:00.000Z,BOUV,X,variation,channel,21908.264565062596,nT
2026-03-19T22:06:00.000Z,BOUV,X,variation,channel,21908.521865363353,nT
2026-03-19T22:07:00.000Z,BOUV,X,variation,channel,21908.720931272095,nT
2026-03-19T22:08:00.000Z,BOUV,X,variation,channel,21908.890709386727,nT
2026-03-19T22:09:00.000Z,BOUV,X,variation,channel,21909.05271897926,nT
2026-03-19T22:10:00.000Z,BOUV,X,variation,channel,21909.121284094497,nT
2026-03-19T22:11:00.000Z,BOUV,X,variation,channel,21909.12028424426,nT
2026-03-19T22:12:00.000Z,BOUV,X,variation,channel,21909.232806104952,nT
2026-03-19T22:13:00.000Z,BOUV,X,variation,channel,21909.42322440757,nT
2026-03-19T22:14:00.000Z,BOUV,X,variation,channel,21909.813792997946,nT
2026-03-19T22:15:00.000Z,BOUV,X,variation,channel,21910.31088738093,nT
2026-03-19T22:16:00.000Z,BOUV,X,variation,channel,21910.37218235614,nT
2026-03-19T22:17:00.000Z,BOUV,X,variation,channel,21910.539880834996,nT
2026-03-19T22:18:00.000Z,BOUV,X,variation,channel,21910.523166026676,nT
2026-03-19T22:19:00.000Z,BOUV,X,variation,channel,21910.80348570047,nT
2026-03-19T22:20:00.000Z,BOUV,X,variation,channel,21910.850513836795,nT
2026-03-19T22:21:00.000Z,BOUV,X,variation,channel,21911.059090372386,nT
2026-03-19T22:22:00.000Z,BOUV,X,variation,channel,21911.150795875175,nT
2026-03-19T22:23:00.000Z,BOUV,X,variation,channel,21911.400265566597,nT
2026-03-19T22:24:00.000Z,BOUV,X,variation,channel,21911.67241211642,nT
2026-03-19T22:25:00.000Z,BOUV,X,variation,channel,21911.660926700588,nT
2026-03-19T22:26:00.000Z,BOUV,X,variation,channel,21911.586917037755,nT
2026-03-19T22:27:00.000Z,BOUV,X,variation,channel,21911.89366356983,nT
2026-03-19T22:28:00.000Z,BOUV,X,variation,channel,21912.082706048313,nT
2026-03-19T22:29:00.000Z,BOUV,X,variation,channel,21912.18073726089,nT
2026-03-19T22:30:00.000Z,BOUV,X,variation,channel,21912.570824545528,nT
2026-03-19T22:31:00.000Z,BOUV,X,variation,channel,21912.333902742,nT
2026-03-19T22:32:00.000Z,BOUV,X,variation,channel,21912.476530825817,nT
2026-03-19T22:33:00.000Z,BOUV,X,variation,channel,21912.40835914009,nT
2026-03-19T22:34:00.000Z,BOUV,X,variation,channel,21912.583759021014,nT
2026-03-19T22:35:00.000Z,BOUV,X,variation,channel,21912.735875048016,nT
2026-03-19T22:36:00.000Z,BOUV,X,variation,channel,21912.61898408254,nT
2026-03-19T22:37:00.000Z,BOUV,X,variation,channel,21913.13588157971,nT
2026-03-19T22:38:00.000Z,BOUV,X,variation,channel,21913.321255603867,nT
2026-03-19T22:39:00.000Z,BOUV,X,variation,channel,21913.691077106876,nT
2026-03-19T22:40:00.000Z,BOUV,X,variation,channel,21914.03540025794,nT
2026-03-19T22:41:00.000Z,BOUV,X,variation,channel,21914.504556322558,nT
2026-03-19T22:42:00.000Z,BOUV,X,variation,channel,21914.805994497303,nT
2026-03-19T22:43:00.000Z,BOUV,X,variation,channel,21914.88802674608,nT
2026-03-19T22:44:00.000Z,BOUV,X,variation,channel,21915.337440267882,nT
2026-03-19T22:45:00.000Z,BOUV,X,variation,channel,21915.738621795434,nT
2026-03-19T22:46:00.000Z,BOUV,X,variation,channel,21916.069085435603,nT
2026-03-19T22:47:00.000Z,BOUV,X,variation,channel,21916.168041850302,nT
2026-03-19T22:48:00.000Z,BOUV,X,variation,channel,21916.514185287466,nT
2026-03-19T22:49:00.000Z,BOUV,X,variation,channel,21916.946376966815,nT
2026-03-19T22:50:00.000Z,BOUV,X,variation,channel,21917.248476730754,nT
2026-03-19T22:51:00.000Z,BOUV,X,variation,channel,21917.62412727877,nT
2026-03-19T22:52:00.000Z,BOUV,X,variation,channel,21917.82024022492,nT
2026-03-19T22:53:00.000Z,BOUV,X,variation,channel,21918.02505426295,nT
2026-03-19T22:54:00.000Z,BOUV,X,variation,channel,21918.46932817467,nT
2026-03-19T22:55:00.000Z,BOUV,X,variation,channel,21918.647057660128,nT
2026-03-19T22:56:00.000Z,BOUV,X,variation,channel,21918.716973058956,nT
2026-03-19T22:57:00.000Z,BOUV,X,variation,channel,21918.792514078286,nT
2026-03-19T22:58:00.000Z,BOUV,X,variation,channel,21918.716995554292,nT
2026-03-19T22:59:00.000Z,BOUV,X,variation,channel,21918.83292496682,nT
2026-03-19T23:00:00.000Z,BOUV,X,variation,channel,21918.796687404174,nT
2026-03-19T23:01:00.000Z,BOUV,X,variation,channel,21918.86299556552,nT
2026-03-19T23:02:00.000Z,BOUV,X,variation,channel,21918.987776723807,nT
2026-03-19T23:03:00.000Z,BOUV,X,variation,channel,21919.102327905926,nT
2026-03-19T23:04:00.000Z,BOUV,X,variation,channel,21919.236257326636,nT
2026-03-19T23:05:00.000Z,BOUV,X,variation,channel,21919.340758335227,nT
2026-03-19T23:06:00.000Z,BOUV,X,variation,channel,21919.37876289816,nT
2026-03-19T23:07:00.000Z,BOUV,X,variation,channel,21919.544768339074,nT
2026-03-19T23:08:00.000Z,BOUV,X,variation,channel,21919.705628046726,nT
2026-03-19T23:09:00.000Z,BOUV,X,variation,channel,21919.97096520815,nT
2026-03-19T23:10:00.000Z,BOUV,X,variation,channel,21920.174288107057,nT
2026-03-19T23:11:00.000Z,BOUV,X,variation,channel,21920.337827987238,nT
2026-03-19T23:12:00.000Z,BOUV,X,variation,channel,21920.692983022658,nT
2026-03-19T23:13:00.000Z,BOUV,X,variation,channel,21920.749766096393,nT
2026-03-19T23:14:00.000Z,BOUV,X,variation,channel,21920.918517679504,nT
2026-03-19T23:15:00.000Z,BOUV,X,variation,channel,21921.081240859876,nT
2026-03-19T23:16:00.000Z,BOUV,X,variation,channel,21921.113328208005,nT
2026-03-19T23:17:00.000Z,BOUV,X,variation,channel,21921.248026703826,nT
2026-03-19T23:18:00.000Z,BOUV,X,variation,channel,21921.62504267445,nT
2026-03-19T23:19:00.000Z,BOUV,X,variation,channel,21921.681544027302,nT
2026-03-19T23:20:00.000Z,BOUV,X,variation,channel,21921.936759070126,nT
2026-03-19T23:21:00.000Z,BOUV,X,variation,channel,21922.13395804855,nT
2026-03-19T23:22:00.000Z,BOUV,X,variation,channel,21922.239870313733,nT
2026-03-19T23:23:00.000Z,BOUV,X,variation,channel,21922.446742131953,nT
2026-03-19T23:24:00.000Z,BOUV,X,variation,channel,21922.21205108209,nT
2026-03-19T23:25:00.000Z,BOUV,X,variation,channel,21922.404428491078,nT
2026-03-19T23:26:00.000Z,BOUV,X,variation,channel,21922.854124969203,nT
2026-03-19T23:27:00.000Z,BOUV,X,variation,channel,21923.042924321882,nT
2026-03-19T23:28:00.000Z,BOUV,X,variation,channel,21922.968074119668,nT
2026-03-19T23:29:00.000Z,BOUV,X,variation,channel,21923.12252770782,nT
2026-03-19T23:30:00.000Z,BOUV,X,variation,channel,21923.143313769713,nT
2026-03-19T23:31:00.000Z,BOUV,X,variation,channel,21923.034196659883,nT
2026-03-19T23:32:00.000Z,BOUV,X,variation,channel,21923.136307063705,nT
2026-03-19T23:33:00.000Z,BOUV,X,variation,channel,21923.238642998673,nT
2026-03-19T23:34:00.000Z,BOUV,X,variation,channel,21923.461985721176,nT
2026-03-19T23:35:00.000Z,BOUV,X,variation,channel,21923.589378451623,nT
2026-03-19T23:36:00.000Z,BOUV,X,variation,channel,21923.466769335,nT
2026-03-19T23:37:00.000Z,BOUV,X,variation,channel,21923.35542324223,nT
2026-03-19T23:38:00.000Z,BOUV,X,variation,channel,21923.523998777782,nT
2026-03-19T23:39:00.000Z,BOUV,X,variation,channel,21923.629010853267,nT
2026-03-19T23:40:00.000Z,BOUV,X,variation,channel,21923.77583320002,nT
2026-03-19T23:41:00.000Z,BOUV,X,variation,channel,21923.722453491202,nT
2026-03-19T23:42:00.000Z,BOUV,X,variation,channel,21923.725330391328,nT
2026-03-19T23:43:00.000Z,BOUV,X,variation,channel,21923.79597535012,nT
2026-03-19T23:44:00.000Z,BOUV,X,variation,channel,21923.812729025074,nT
2026-03-19T23:45:00.000Z,BOUV,X,variation,channel,21923.699686432865,nT
2026-03-19T23:46:00.000Z,BOUV,X,variation,channel,21923.83406430454,nT
2026-03-19T23:47:00.000Z,BOUV,X,variation,channel,21924.10760109027,nT
2026-03-19T23:48:00.000Z,BOUV,X,variation,channel,21924.12229861621,nT
2026-03-19T23:49:00.000Z,BOUV,X,variation,channel,21924.22604436706,nT
2026-03-19T23:50:00.000Z,BOUV,X,variation,channel,21924.243721107723,nT
2026-03-19T23:51:00.000Z,BOUV,X,variation,channel,21924.39564096618,nT
2026-03-19T23:52:00.000Z,BOUV,X,variation,channel,21924.311907596497,nT
2026-03-19T23:53:00.000Z,BOUV,X,variation,channel,21924.614676567377,nT
2026-03-19T23:54:00.000Z,BOUV,X,variation,channel,21924.855981286284,nT
2026-03-19T23:55:00.000Z,BOUV,X,variation,channel,21924.992756791722,nT
2026-03-19T23:56:00.000Z,BOUV,X,variation,channel,21925.022216473975,nT
2026-03-19T23:57:00.000Z,BOUV,X,variation,channel,21924.941139733884,nT
2026-03-19T23:58:00.000Z,BOUV,X,variation,channel,21924.910919306498,nT
2026-03-19T23:59:00.000Z,BOUV,X,variation,channel,21925.077401329003,nT
2026-03-20T00:00:00.000Z,BOUV,X,variation,channel,21925.15162599724,nT
2026-03-20T00:01:00.000Z,BOUV,X,variation,channel,21925.391982723413,nT
2026-03-20T00:02:00.000Z,BOUV,X,variation,channel,21925.425208466095,nT
2026-03-20T00:03:00.000Z,BOUV,X,variation,channel,21925.541585698964,nT
2026-03-20T00:04:00.000Z,BOUV,X,variation,channel,21925.82287613637,nT
2026-03-20T00:05:00.000Z,BOUV,X,variation,channel,21925.958480987825,nT
2026-03-20T00:06:00.000Z,BOUV,X,variation,channel,21925.74641820553,nT
2026-03-20T00:07:00.000Z,BOUV,X,variation,channel,21926.00388386717,nT
2026-03-20T00:08:00.000Z,BOUV,X,variation,channel,21926.50678443819,nT
2026-03-20T00:09:00.000Z,BOUV,X,variation,channel,21926.898686854995,nT
2026-03-20T00:10:00.000Z,BOUV,X,variation,channel,21927.305158384796,nT
2026-03-20T00:11:00.000Z,BOUV,X,variation,channel,21927.63664210073,nT
2026-03-20T00:12:00.000Z,BOUV,X,variation,channel,21927.800998584564,nT
2026-03-20T00:13:00.000Z,BOUV,X,variation,channel,21928.021069588875,nT
2026-03-20T00:14:00.000Z,BOUV,X,variation,channel,21928.185711348964,nT
2026-03-20T00:15:00.000Z,BOUV,X,variation,channel,21928.126582233373,nT
2026-03-20T00:16:00.000Z,BOUV,X,variation,channel,21928.213052836356,nT
2026-03-20T00:17:00.000Z,BOUV,X,variation,channel,21928.292032608635,nT
2026-03-20T00:18:00.000Z,BOUV,X,variation,channel,21928.318545211,nT
2026-03-20T00:19:00.000Z,BOUV,X,variation,channel,21928.239872760292,nT
2026-03-20T00:20:00.000Z,BOUV,X,variation,channel,21928.249787186614,nT
2026-03-20T00:21:00.000Z,BOUV,X,variation,channel,21928.35810400901,nT
2026-03-20T00:22:00.000Z,BOUV,X,variation,channel,21928.718378756712,nT
2026-03-20T00:23:00.000Z,BOUV,X,variation,channel,21928.86829402461,nT
2026-03-20T00:24:00.000Z,BOUV,X,variation,channel,21928.928418221236,nT
2026-03-20T00:25:00.000Z,BOUV,X,variation,channel,21929.155909083984,nT
2026-03-20T00:26:00.000Z,BOUV,X,variation,channel,21929.327049044434,nT
2026-03-20T00:27:00.000Z,BOUV,X,variation,channel,21929.349199141805,nT
2026-03-20T00:28:00.000Z,BOUV,X,variation,channel,21929.429824327122,nT
2026-03-20T00:29:00.000Z,BOUV,X,variation,channel,21929.423163343123,nT
2026-03-20T00:30:00.000Z,BOUV,X,variation,channel,21929.066330352747,nT
2026-03-20T00:31:00.000Z,BOUV,X,variation,channel,21928.901078469822,nT
2026-03-20T00:32:00.000Z,BOUV,X,variation,channel,21928.61709816428,nT
2026-03-20T00:33:00.000Z,BOUV,X,variation,channel,21928.3355329749,nT
2026-03-20T00:34:00.000Z,BOUV,X,variation,channel,21927.984617659637,nT
2026-03-20T00:35:00.000Z,BOUV,X,variation,channel,21927.779537281043,nT
2026-03-20T00:36:00.000Z,BOUV,X,variation,channel,21927.511541441483,nT
2026-03-20T00:37:00.000Z,BOUV,X,variation,channel,21927.42258709306,nT
2026-03-20T00:38:00.000Z,BOUV,X,variation,channel,21927.41071206097,nT
2026-03-20T00:39:00.000Z,BOUV,X,variation,channel,21927.367895180094,nT
2026-03-20T00:40:00.000Z,BOUV,X,variation,channel,21927.341671298393,nT
2026-03-20T00:41:00.000Z,BOUV,X,variation,channel,21927.477032378247,nT
2026-03-20T00:42:00.000Z,BOUV,X,variation,channel,21927.491135802073,nT
2026-03-20T00:43:00.000Z,BOUV,X,variation,channel,21927.69836430074,nT
2026-03-20T00:44:00.000Z,BOUV,X,variation,channel,21927.80373049551,nT
2026-03-20T00:45:00.000Z,BOUV,X,variation,channel,21928.077891679557,nT
2026-03-20T00:46:00.000Z,BOUV,X,variation,channel,21928.340995341077,nT
2026-03-20T00:47:00.000Z,BOUV,X,variation,channel,21928.326931088803,nT
2026-03-20T00:48:00.000Z,BOUV,X,variation,channel,21928.340272890677,nT
2026-03-20T00:49:00.000Z,BOUV,X,variation,channel,21928.33738931062,nT
2026-03-20T00:50:00.000Z,BOUV,X,variation,channel,21928.44734479633,nT
2026-03-20T00:51:00.000Z,BOUV,X,variation,channel,21928.374943075327,nT
2026-03-20T00:52:00.000Z,BOUV,X,variation,channel,21928.63313121892,nT
2026-03-20T00:53:00.000Z,BOUV,X,variation,channel,21928.890981036806,nT
2026-03-20T00:54:00.000Z,BOUV,X,variation,channel,21929.202867589356,nT
2026-03-20T00:55:00.000Z,BOUV,X,variation,channel,21929.337578520026,nT
2026-03-20T00:56:00.000Z,BOUV,X,variation,channel,21929.485155662085,nT
2026-03-20T00:57:00.000Z,BOUV,X,variation,channel,21929.57451156898,nT
2026-03-20T00:58:00.000Z,BOUV,X,variation,channel,21929.737719491393,nT
2026-03-20T00:59:00.000Z,BOUV,X,variation,channel,21929.897686515334,nT
2026-03-20T01:00:00.000Z,BOUV,X,variation,channel,21930.097084155608,nT
2026-03-20T01:01:00.000Z,BOUV,X,variation,channel,21930.15618782608,nT
2026-03-20T01:02:00.000Z,BOUV,X,variation,channel,21929.976575577723,nT
2026-03-20T01:03:00.000Z,BOUV,X,variation,channel,21929.942315154745,nT
2026-03-20T01:04:00.000Z,BOUV,X,variation,channel,21930.012849410978,nT
2026-03-20T01:05:00.000Z,BOUV,X,variation,channel,21930.10587857725,nT
2026-03-20T01:06:00.000Z,BOUV,X,variation,channel,21930.267670177993,nT
2026-03-20T01:07:00.000Z,BOUV,X,variation,channel,21930.324985633662,nT
2026-03-20T01:08:00.000Z,BOUV,X,variation,channel,21930.374721322998,nT
2026-03-20T01:09:00.000Z,BOUV,X,variation,channel,21930.457934389975,nT
2026-03-20T01:10:00.000Z,BOUV,X,variation,channel,21930.59903572039,nT
2026-03-20T01:11:00.000Z,BOUV,X,variation,channel,21930.61135040595,nT
2026-03-20T01:12:00.000Z,BOUV,X,variation,channel,21930.759070611064,nT
2026-03-20T01:13:00.000Z,BOUV,X,variation,channel,21930.672466759966,nT
2026-03-20T01:14:00.000Z,BOUV,X,variation,channel,21930.68632457094,nT
2026-03-20T01:15:00.000Z,BOUV,X,variation,channel,21930.664218793896,nT
2026-03-20T01:16:00.000Z,BOUV,X,variation,channel,21930.688327887357,nT
2026-03-20T01:17:00.000Z,BOUV,X,variation,channel,21930.684294148505,nT
2026-03-20T01:18:00.000Z,BOUV,X,variation,channel,21930.678068118832,nT
2026-03-20T01:19:00.000Z,BOUV,X,variation,channel,21930.543010513964,nT
2026-03-20T01:20:00.000Z,BOUV,X,variation,channel,21930.434710652695,nT
2026-03-20T01:21:00.000Z,BOUV,X,variation,channel,21930.28778428721,nT
2026-03-20T01:22:00.000Z,BOUV,X,variation,channel,21930.200606353243,nT
2026-03-20T01:23:00.000Z,BOUV,X,variation,channel,21930.09433082476,nT
2026-03-20T01:24:00.000Z,BOUV,X,variation,channel,21930.002994009083,nT
2026-03-20T01:25:00.000Z,BOUV,X,variation,channel,21929.943070622136,nT
2026-03-20T01:26:00.000Z,BOUV,X,variation,channel,21929.871892116793,nT
2026-03-20T01:27:00.000Z,BOUV,X,variation,channel,21929.816735748,nT
2026-03-20T01:28:00.000Z,BOUV,X,variation,channel,21929.769232384897,nT
2026-03-20T01:29:00.000Z,BOUV,X,variation,channel,21929.749249180317,nT
2026-03-20T01:30:00.000Z,BOUV,X,variation,channel,21929.845055927744,nT
2026-03-20T01:31:00.000Z,BOUV,X,variation,channel,21929.815306609496,nT
2026-03-20T01:32:00.000Z,BOUV,X,variation,channel,21929.820203680676,nT
2026-03-20T01:33:00.000Z,BOUV,X,variation,channel,21929.901577010023,nT
2026-03-20T01:34:00.000Z,BOUV,X,variation,channel,21929.985039459974,nT
2026-03-20T01:35:00.000Z,BOUV,X,variation,channel,21930.07047427152,nT
2026-03-20T01:36:00.000Z,BOUV,X,variation,channel,21930.043681583076,nT
2026-03-20T01:37:00.000Z,BOUV,X,variation,channel,21930.17836443255,nT
2026-03-20T01:38:00.000Z,BOUV,X,variation,channel,21930.32856969122,nT
2026-03-20T01:39:00.000Z,BOUV,X,variation,channel,21930.515477801906,nT
2026-03-20T01:40:00.000Z,BOUV,X,variation,channel,21930.532633755112,nT
2026-03-20T01:41:00.000Z,BOUV,X,variation,channel,21930.547496623436,nT
2026-03-20T01:42:00.000Z,BOUV,X,variation,channel,21930.533400788685,nT
2026-03-20T01:43:00.000Z,BOUV,X,variation,channel,21930.61930052761,nT
2026-03-20T01:44:00.000Z,BOUV,X,variation,channel,21930.635186349456,nT
2026-03-20T01:45:00.000Z,BOUV,X,variation,channel,21930.577504633933,nT
2026-03-20T01:46:00.000Z,BOUV,X,variation,channel,21930.484522220842,nT
2026-03-20T01:47:00.000Z,BOUV,X,variation,channel,21930.350631810208,nT
2026-03-20T01:48:00.000Z,BOUV,X,variation,channel,21930.3726463846,nT
2026-03-20T01:49:00.000Z,BOUV,X,variation,channel,21930.348172314527,nT
2026-03-20T01:50:00.000Z,BOUV,X,variation,channel,21930.300279998133,nT
2026-03-20T01:51:00.000Z,BOUV,X,variation,channel,21930.07390102013,nT
2026-03-20T01:52:00.000Z,BOUV,X,variation,channel,21929.916554566393,nT
2026-03-20T01:53:00.000Z,BOUV,X,variation,channel,21929.84376830045,nT
2026-03-20T01:54:00.000Z,BOUV,X,variation,channel,21929.814143628802,nT
2026-03-20T01:55:00.000Z,BOUV,X,variation,channel,21929.710760844173,nT
2026-03-20T01:56:00.000Z,BOUV,X,variation,channel,21929.60495104455,nT
2026-03-20T01:57:00.000Z,BOUV,X,variation,channel,21929.45968608652,nT
2026-03-20T01:58:00.000Z,BOUV,X,variation,channel,21929.282712826855,nT
2026-03-20T01:59:00.000Z,BOUV,X,variation,channel,21929.339950907328,nT
2026-03-20T02:00:00.000Z,BOUV,X,variation,channel,21929.28238007758,nT
2026-03-20T02:01:00.000Z,BOUV,X,variation,channel,21929.135346466934,nT
2026-03-20T02:02:00.000Z,BOUV,X,variation,channel,21929.053658082597,nT
2026-03-20T02:03:00.000Z,BOUV,X,variation,channel,21928.90299564503,nT
2026-03-20T02:04:00.000Z,BOUV,X,variation,channel,21928.757659655756,nT
2026-03-20T02:05:00.000Z,BOUV,X,variation,channel,21928.752618157807,nT
2026-03-20T02:06:00.000Z,BOUV,X,variation,channel,21928.689098544513,nT
2026-03-20T02:07:00.000Z,BOUV,X,variation,channel,21928.37957637368,nT
2026-03-20T02:08:00.000Z,BOUV,X,variation,channel,21928.1882269519,nT
2026-03-20T02:09:00.000Z,BOUV,X,variation,channel,21928.0814843018,nT
2026-03-20T02:10:00.000Z,BOUV,X,variation,channel,21928.06324827199,nT
2026-03-20T02:11:00.000Z,BOUV,X,variation,channel,21928.042604800026,nT
2026-03-20T02:12:00.000Z,BOUV,X,variation,channel,21927.91072796292,nT
2026-03-20T02:13:00.000Z,BOUV,X,variation,channel,21927.87279746793,nT
2026-03-20T02:14:00.000Z,BOUV,X,variation,channel,21927.873891116076,nT
2026-03-20T02:15:00.000Z,BOUV,X,variation,channel,21927.772897498555,nT
2026-03-20T02:16:00.000Z,BOUV,X,variation,channel,21927.7329397563,nT
2026-03-20T02:17:00.000Z,BOUV,X,variation,channel,21927.713184391192,nT
2026-03-20T02:18:00.000Z,BOUV,X,variation,channel,21927.719130395508,nT
2026-03-20T02:19:00.000Z,BOUV,X,variation,channel,21927.803729366482,nT
2026-03-20T02:20:00.000Z,BOUV,X,variation,channel,21927.819360257847,nT
2026-03-20T02:21:00.000Z,BOUV,X,variation,channel,21927.69519012175,nT
2026-03-20T02:22:00.000Z,BOUV,X,variation,channel,21927.494902162805,nT
2026-03-20T02:23:00.000Z,BOUV,X,variation,channel,21927.204921967626,nT
2026-03-20T02:24:00.000Z,BOUV,X,variation,channel,21926.976516940267,nT
2026-03-20T02:25:00.000Z,BOUV,X,variation,channel,21926.48563059998,nT
2026-03-20T02:26:00.000Z,BOUV,X,variation,channel,21929.659149485782,nT
2026-03-20T02:27:00.000Z,BOUV,X,variation,channel,21932.09971058249,nT
2026-03-20T02:28:00.000Z,BOUV,X,variation,channel,21933.711799150497,nT
2026-03-20T02:29:00.000Z,BOUV,X,variation,channel,21933.838882875498,nT
2026-03-20T02:30:00.000Z,BOUV,X,variation,channel,21933.89204421185,nT
2026-03-20T02:31:00.000Z,BOUV,X,variation,channel,21934.408617065765,nT
2026-03-20T02:32:00.000Z,BOUV,X,variation,channel,21934.404399157112,nT
2026-03-20T02:33:00.000Z,BOUV,X,variation,channel,21934.212462388557,nT
2026-03-20T02:34:00.000Z,BOUV,X,variation,channel,21933.47941714005,nT
2026-03-20T02:35:00.000Z,BOUV,X,variation,channel,21932.900943007877,nT
2026-03-20T02:36:00.000Z,BOUV,X,variation,channel,21933.0464362949,nT
2026-03-20T02:37:00.000Z,BOUV,X,variation,channel,21932.41446261871,nT
2026-03-20T02:38:00.000Z,BOUV,X,variation,channel,21932.508448578275,nT
2026-03-20T02:39:00.000Z,BOUV,X,variation,channel,21932.63901089793,nT
2026-03-20T02:40:00.000Z,BOUV,X,variation,channel,21932.388943445323,nT
2026-03-20T02:41:00.000Z,BOUV,X,variation,channel,21933.18964072786,nT
2026-03-20T02:42:00.000Z,BOUV,X,variation,channel,21933.20457988355,nT
2026-03-20T02:43:00.000Z,BOUV,X,variation,channel,21932.60803826889,nT
2026-03-20T02:44:00.000Z,BOUV,X,variation,channel,21933.13179084093,nT
2026-03-20T02:45:00.000Z,BOUV,X,variation,channel,21932.59605258153,nT
2026-03-20T02:46:00.000Z,BOUV,X,variation,channel,21932.869000516086,nT
2026-03-20T02:47:00.000Z,BOUV,X,variation,channel,21932.989824022217,nT
2026-03-20T02:48:00.000Z,BOUV,X,variation,channel,21932.6044094267,nT
2026-03-20T02:49:00.000Z,BOUV,X,variation,channel,21932.02369245232,nT
2026-03-20T02:50:00.000Z,BOUV,X,variation,channel,21931.629303763446,nT
2026-03-20T02:51:00.000Z,BOUV,X,variation,channel,21931.433557991186,nT
2026-03-20T02:52:00.000Z,BOUV,X,variation,channel,21930.925207704644,nT
2026-03-20T02:53:00.000Z,BOUV,X,variation,channel,21930.68810405344,nT
2026-03-20T02:54:00.000Z,BOUV,X,variation,channel,21930.649769899468,nT
2026-03-20T02:55:00.000Z,BOUV,X,variation,channel,21930.036189980874,nT
2026-03-20T02:56:00.000Z,BOUV,X,variation,channel,21929.59494261042,nT
2026-03-20T02:57:00.000Z,BOUV,X,variation,channel,21929.46597357339,nT
2026-03-20T02:58:00.000Z,BOUV,X,variation,channel,21929.79669369093,nT
2026-03-20T02:59:00.000Z,BOUV,X,variation,channel,21929.89321590143,nT
2026-03-20T03:00:00.000Z,BOUV,X,variation,channel,21930.110914861736,nT
2026-03-20T03:01:00.000Z,BOUV,X,variation,channel,21930.243097008206,nT
2026-03-20T03:02:00.000Z,BOUV,X,variation,channel,21930.321394609113,nT
2026-03-20T03:03:00.000Z,BOUV,X,variation,channel,21930.375381887145,nT
2026-03-20T03:04:00.000Z,BOUV,X,variation,channel,21930.47357948863,nT
2026-03-20T03:05:00.000Z,BOUV,X,variation,channel,21930.591985296454,nT
2026-03-20T03:06:00.000Z,BOUV,X,variation,channel,21930.36304594163,nT
2026-03-20T03:07:00.000Z,BOUV,X,variation,channel,21930.389231379486,nT
2026-03-20T03:08:00.000Z,BOUV,X,variation,channel,21930.470524950295,nT
2026-03-20T03:09:00.000Z,BOUV,X,variation,channel,21930.50797973268,nT
2026-03-20T03:10:00.000Z,BOUV,X,variation,channel,21930.42650885073,nT
2026-03-20T03:11:00.000Z,BOUV,X,variation,channel,21930.38907394125,nT
2026-03-20T03:12:00.000Z,BOUV,X,variation,channel,21930.346965751203,nT
2026-03-20T03:13:00.000Z,BOUV,X,variation,channel,21930.256030664725,nT
2026-03-20T03:14:00.000Z,BOUV,X,variation,channel,21930.317851642885,nT
2026-03-20T03:15:00.000Z,BOUV,X,variation,channel,21930.73966662819,nT
2026-03-20T03:16:00.000Z,BOUV,X,variation,channel,21930.773479154006,nT
2026-03-20T03:17:00.000Z,BOUV,X,variation,channel,21930.61650788238,nT
2026-03-20T03:18:00.000Z,BOUV,X,variation,channel,21930.557161601057,nT
2026-03-20T03:19:00.000Z,BOUV,X,variation,channel,21930.426899140595,nT
2026-03-20T03:20:00.000Z,BOUV,X,variation,channel,21930.388766638378,nT
2026-03-20T03:21:00.000Z,BOUV,X,variation,channel,21930.526827275215,nT
2026-03-20T03:22:00.000Z,BOUV,X,variation,channel,21930.397017341525,nT
2026-03-20T03:23:00.000Z,BOUV,X,variation,channel,21930.665024174574,nT
2026-03-20T03:24:00.000Z,BOUV,X,variation,channel,21930.782203928644,nT
2026-03-20T03:25:00.000Z,BOUV,X,variation,channel,21930.787516355063,nT
2026-03-20T03:26:00.000Z,BOUV,X,variation,channel,21930.45341689942,nT
2026-03-20T03:27:00.000Z,BOUV,X,variation,channel,21930.15563743377,nT
2026-03-20T03:28:00.000Z,BOUV,X,variation,channel,21930.37206932176,nT
2026-03-20T03:29:00.000Z,BOUV,X,variation,channel,21930.06872376887,nT
2026-03-20T03:30:00.000Z,BOUV,X,variation,channel,21929.60399978071,nT
2026-03-20T03:31:00.000Z,BOUV,X,variation,channel,21929.37255055215,nT
2026-03-20T03:32:00.000Z,BOUV,X,variation,channel,21929.29238045937,nT
2026-03-20T03:33:00.000Z,BOUV,X,variation,channel,21929.311309104105,nT
2026-03-20T03:34:00.000Z,BOUV,X,variation,channel,21929.20153637442,nT
2026-03-20T03:35:00.000Z,BOUV,X,variation,channel,21929.24217142484,nT
2026-03-20T03:36:00.000Z,BOUV,X,variation,channel,21929.29030622404,nT
2026-03-20T03:37:00.000Z,BOUV,X,variation,channel,21929.545188773624,nT
2026-03-20T03:38:00.000Z,BOUV,X,variation,channel,21929.65366930069,nT
2026-03-20T03:39:00.000Z,BOUV,X,variation,channel,21929.591316630216,nT
2026-03-20T03:40:00.000Z,BOUV,X,variation,channel,21929.700569031083,nT
2026-03-20T03:41:00.000Z,BOUV,X,variation,channel,21929.877033399116,nT
2026-03-20T03:42:00.000Z,BOUV,X,variation,channel,21929.916916367263,nT
2026-03-20T03:43:00.000Z,BOUV,X,variation,channel,21929.515666859203,nT
2026-03-20T03:44:00.000Z,BOUV,X,variation,channel,21929.32546808031,nT
2026-03-20T03:45:00.000Z,BOUV,X,variation,channel,21929.231876995163,nT
2026-03-20T03:46:00.000Z,BOUV,X,variation,channel,21929.600123235825,nT
2026-03-20T03:47:00.000Z,BOUV,X,variation,channel,21930.06588516158,nT
2026-03-20T03:48:00.000Z,BOUV,X,variation,channel,21930.19937154076,nT
2026-03-20T03:49:00.000Z,BOUV,X,variation,channel,21930.162646879515,nT
2026-03-20T03:50:00.000Z,BOUV,X,variation,channel,21930.101963846526,nT
2026-03-20T03:51:00.000Z,BOUV,X,variation,channel,21930.126826134325,nT
2026-03-20T03:52:00.000Z,BOUV,X,variation,channel,21930.08598333719,nT
2026-03-20T03:53:00.000Z,BOUV,X,variation,channel,21929.792635417907,nT
2026-03-20T03:54:00.000Z,BOUV,X,variation,channel,21929.542722864113,nT
2026-03-20T03:55:00.000Z,BOUV,X,variation,channel,21929.307477459526,nT
2026-03-20T03:56:00.000Z,BOUV,X,variation,channel,21929.267370498073,nT
2026-03-20T03:57:00.000Z,BOUV,X,variation,channel,21929.271049475974,nT
2026-03-20T03:58:00.000Z,BOUV,X,variation,channel,21929.34132093313,nT
2026-03-20T03:59:00.000Z,BOUV,X,variation,channel,21929.292094032688,nT
2026-03-20T04:00:00.000Z,BOUV,X,variation,channel,21929.608933497562,nT
2026-03-20T04:01:00.000Z,BOUV,X,variation,channel,21930.179792740833,nT
2026-03-20T04:02:00.000Z,BOUV,X,variation,channel,21932.484751429733,nT
2026-03-20T04:03:00.000Z,BOUV,X,variation,channel,21935.149187404466,nT
2026-03-20T04:04:00.000Z,BOUV,X,variation,channel,21937.027610936304,nT
2026-03-20T04:05:00.000Z,BOUV,X,variation,channel,21937.587687783245,nT
2026-03-20T04:06:00.000Z,BOUV,X,variation,channel,21937.486368585043,nT
2026-03-20T04:07:00.000Z,BOUV,X,variation,channel,21937.177966177096,nT
2026-03-20T04:08:00.000Z,BOUV,X,variation,channel,21936.759971083182,nT
2026-03-20T04:09:00.000Z,BOUV,X,variation,channel,21936.765562684468,nT
2026-03-20T04:10:00.000Z,BOUV,X,variation,channel,21936.325866315005,nT
2026-03-20T04:11:00.000Z,BOUV,X,variation,channel,21935.475746260487,nT
2026-03-20T04:12:00.000Z,BOUV,X,variation,channel,21934.98927924137,nT
2026-03-20T04:13:00.000Z,BOUV,X,variation,channel,21935.48375236479,nT
2026-03-20T04:14:00.000Z,BOUV,X,variation,channel,21935.929920811017,nT
2026-03-20T04:15:00.000Z,BOUV,X,variation,channel,21936.308494120247,nT
2026-03-20T04:16:00.000Z,BOUV,X,variation,channel,21935.865430537197,nT
2026-03-20T04:17:00.000Z,BOUV,X,variation,channel,21935.09165294523,nT
2026-03-20T04:18:00.000Z,BOUV,X,variation,channel,21933.341502314495,nT
2026-03-20T04:19:00.000Z,BOUV,X,variation,channel,21931.901468044718,nT
2026-03-20T04:20:00.000Z,BOUV,X,variation,channel,21931.32410509586,nT
2026-03-20T04:21:00.000Z,BOUV,X,variation,channel,21931.702957715326,nT
2026-03-20T04:22:00.000Z,BOUV,X,variation,channel,21931.943412106295,nT
2026-03-20T04:23:00.000Z,BOUV,X,variation,channel,21931.81862985116,nT
2026-03-20T04:24:00.000Z,BOUV,X,variation,channel,21931.75583567041,nT
2026-03-20T04:25:00.000Z,BOUV,X,variation,channel,21931.65354961482,nT
2026-03-20T04:26:00.000Z,BOUV,X,variation,channel,21931.51061477823,nT
2026-03-20T04:27:00.000Z,BOUV,X,variation,channel,21931.16770686776,nT
2026-03-20T04:28:00.000Z,BOUV,X,variation,channel,21930.653131277588,nT
2026-03-20T04:29:00.000Z,BOUV,X,variation,channel,21930.127491756102,nT
2026-03-20T04:30:00.000Z,BOUV,X,variation,channel,21929.653903652892,nT
2026-03-20T04:31:00.000Z,BOUV,X,variation,channel,21929.250271895875,nT
2026-03-20T04:32:00.000Z,BOUV,X,variation,channel,21929.027147787765,nT
2026-03-20T04:33:00.000Z,BOUV,X,variation,channel,21929.215950743703,nT
2026-03-20T04:34:00.000Z,BOUV,X,variation,channel,21929.48390453683,nT
2026-03-20T04:35:00.000Z,BOUV,X,variation,channel,21929.32515666891,nT
2026-03-20T04:36:00.000Z,BOUV,X,variation,channel,21929.27896933134,nT
2026-03-20T04:37:00.000Z,BOUV,X,variation,channel,21928.710241427736,nT
2026-03-20T04:38:00.000Z,BOUV,X,variation,channel,21928.11326054644,nT
2026-03-20T04:39:00.000Z,BOUV,X,variation,channel,21928.26429384275,nT
2026-03-20T04:40:00.000Z,BOUV,X,variation,channel,21929.2266035783,nT
2026-03-20T04:41:00.000Z,BOUV,X,variation,channel,21930.187082882963,nT
2026-03-20T04:42:00.000Z,BOUV,X,variation,channel,21930.104568407496,nT
2026-03-20T04:43:00.000Z,BOUV,X,variation,channel,21929.09886941212,nT
2026-03-20T04:44:00.000Z,BOUV,X,variation,channel,21928.720677353478,nT
2026-03-20T04:45:00.000Z,BOUV,X,variation,channel,21929.77052786506,nT
2026-03-20T04:46:00.000Z,BOUV,X,variation,channel,21930.6887474398,nT
2026-03-20T04:47:00.000Z,BOUV,X,variation,channel,21930.45628589333,nT
2026-03-20T04:48:00.000Z,BOUV,X,variation,channel,21930.692977694645,nT
2026-03-20T04:49:00.000Z,BOUV,X,variation,channel,21931.46178068081,nT
2026-03-20T04:50:00.000Z,BOUV,X,variation,channel,21932.34998691546,nT
2026-03-20T04:51:00.000Z,BOUV,X,variation,channel,21932.311339624906,nT
2026-03-20T04:52:00.000Z,BOUV,X,variation,channel,21931.5220279376,nT
2026-03-20T04:53:00.000Z,BOUV,X,variation,channel,21930.879153293394,nT
2026-03-20T04:54:00.000Z,BOUV,X,variation,channel,21930.762150948343,nT
2026-03-20T04:55:00.000Z,BOUV,X,variation,channel,21930.02462579316,nT
2026-03-20T04:56:00.000Z,BOUV,X,variation,channel,21928.717462965058,nT
2026-03-20T04:57:00.000Z,BOUV,X,variation,channel,21927.905384258287,nT
2026-03-20T04:58:00.000Z,BOUV,X,variation,channel,21927.65163950019,nT
2026-03-20T04:59:00.000Z,BOUV,X,variation,channel,21925.658628262558,nT
2026-03-20T05:00:00.000Z,BOUV,X,variation,channel,21924.966603818273,nT
2026-03-20T05:01:00.000Z,BOUV,X,variation,channel,21925.717297134684,nT
2026-03-20T05:02:00.000Z,BOUV,X,variation,channel,21926.850354586255,nT
2026-03-20T05:03:00.000Z,BOUV,X,variation,channel,21927.22037918548,nT
2026-03-20T05:04:00.000Z,BOUV,X,variation,channel,21927.13478178986,nT
2026-03-20T05:05:00.000Z,BOUV,X,variation,channel,21926.7328884351,nT
2026-03-20T05:06:00.000Z,BOUV,X,variation,channel,21926.996835414047,nT
2026-03-20T05:07:00.000Z,BOUV,X,variation,channel,21927.76304457553,nT
2026-03-20T05:08:00.000Z,BOUV,X,variation,channel,21927.074260594443,nT
2026-03-20T05:09:00.000Z,BOUV,X,variation,channel,21926.799047427292,nT
2026-03-20T05:10:00.000Z,BOUV,X,variation,channel,21926.16971908274,nT
2026-03-20T05:11:00.000Z,BOUV,X,variation,channel,21925.57569322574,nT
2026-03-20T05:12:00.000Z,BOUV,X,variation,channel,21924.889423450568,nT
2026-03-20T05:13:00.000Z,BOUV,X,variation,channel,21923.6999964238,nT
2026-03-20T05:14:00.000Z,BOUV,X,variation,channel,21923.034204219784,nT
2026-03-20T05:15:00.000Z,BOUV,X,variation,channel,21922.303345051187,nT
2026-03-20T05:16:00.000Z,BOUV,X,variation,channel,21922.07248619567,nT
2026-03-20T05:17:00.000Z,BOUV,X,variation,channel,21922.825444634887,nT
2026-03-20T05:18:00.000Z,BOUV,X,variation,channel,21922.68378595429,nT
2026-03-20T05:19:00.000Z,BOUV,X,variation,channel,21923.47770889406,nT
2026-03-20T05:20:00.000Z,BOUV,X,variation,channel,21922.603713617827,nT
2026-03-20T05:21:00.000Z,BOUV,X,variation,channel,21921.322640046226,nT
2026-03-20T05:22:00.000Z,BOUV,X,variation,channel,21920.40671377094,nT
2026-03-20T05:23:00.000Z,BOUV,X,variation,channel,21919.720951592175,nT
2026-03-20T05:24:00.000Z,BOUV,X,variation,channel,21919.376972790677,nT
2026-03-20T05:25:00.000Z,BOUV,X,variation,channel,21919.93427281162,nT
2026-03-20T05:26:00.000Z,BOUV,X,variation,channel,21921.011147081357,nT
2026-03-20T05:27:00.000Z,BOUV,X,variation,channel,21921.415738262076,nT
2026-03-20T05:28:00.000Z,BOUV,X,variation,channel,21923.056986478812,nT
2026-03-20T05:29:00.000Z,BOUV,X,variation,channel,21924.42336708103,nT
2026-03-20T05:30:00.000Z,BOUV,X,variation,channel,21925.127687223117,nT
2026-03-20T05:31:00.000Z,BOUV,X,variation,channel,21925.095629404408,nT
2026-03-20T05:32:00.000Z,BOUV,X,variation,channel,21921.758512995846,nT
2026-03-20T05:33:00.000Z,BOUV,X,variation,channel,21918.064019808488,nT
2026-03-20T05:34:00.000Z,BOUV,X,variation,channel,21916.59322405476,nT
2026-03-20T05:35:00.000Z,BOUV,X,variation,channel,21917.809173923528,nT
2026-03-20T05:36:00.000Z,BOUV,X,variation,channel,21919.232099948684,nT
2026-03-20T05:37:00.000Z,BOUV,X,variation,channel,21921.208585553,nT
2026-03-20T05:38:00.000Z,BOUV,X,variation,channel,21922.09568743437,nT
2026-03-20T05:39:00.000Z,BOUV,X,variation,channel,21922.894743232824,nT
2026-03-20T05:40:00.000Z,BOUV,X,variation,channel,21923.427780790407,nT
2026-03-20T05:41:00.000Z,BOUV,X,variation,channel,21924.11270756105,nT
2026-03-20T05:42:00.000Z,BOUV,X,variation,channel,21924.480207926157,nT
2026-03-20T05:43:00.000Z,BOUV,X,variation,channel,21924.737987998506,nT
2026-03-20T05:44:00.000Z,BOUV,X,variation,channel,21924.742682822827,nT
2026-03-20T05:45:00.000Z,BOUV,X,variation,channel,21924.516448035665,nT
2026-03-20T05:46:00.000Z,BOUV,X,variation,channel,21924.164586422798,nT
2026-03-20T05:47:00.000Z,BOUV,X,variation,channel,21924.726114333527,nT
2026-03-20T05:48:00.000Z,BOUV,X,variation,channel,21926.161914493197,nT
2026-03-20T05:49:00.000Z,BOUV,X,variation,channel,21928.21669221362,nT
2026-03-20T05:50:00.000Z,BOUV,X,variation,channel,21928.245040278347,nT
2026-03-20T05:51:00.000Z,BOUV,X,variation,channel,21927.798519200434,nT
2026-03-20T05:52:00.000Z,BOUV,X,variation,channel,21928.045419730322,nT
2026-03-20T05:53:00.000Z,BOUV,X,variation,channel,21926.681970947604,nT
2026-03-20T05:54:00.000Z,BOUV,X,variation,channel,21924.667173080412,nT
2026-03-20T05:55:00.000Z,BOUV,X,variation,channel,21923.730622498693,nT
2026-03-20T05:56:00.000Z,BOUV,X,variation,channel,21922.827205908172,nT
2026-03-20T05:57:00.000Z,BOUV,X,variation,channel,21922.12716075418,nT
2026-03-20T05:58:00.000Z,BOUV,X,variation,channel,21921.545621639318,nT
2026-03-20T05:59:00.000Z,BOUV,X,variation,channel,21920.18074455659,nT
2026-03-20T06:00:00.000Z,BOUV,X,variation,channel,21919.128613895533,nT
2026-03-20T06:01:00.000Z,BOUV,X,variation,channel,21918.259099357467,nT
2026-03-20T06:02:00.000Z,BOUV,X,variation,channel,21917.47410138625,nT
2026-03-20T06:03:00.000Z,BOUV,X,variation,channel,21917.348895311647,nT
2026-03-20T06:04:00.000Z,BOUV,X,variation,channel,21916.361938758237,nT
2026-03-20T06:05:00.000Z,BOUV,X,variation,channel,21917.657916681863,nT
2026-03-20T06:06:00.000Z,BOUV,X,variation,channel,21917.0864386744,nT
2026-03-20T06:07:00.000Z,BOUV,X,variation,channel,21917.33239549862,nT
2026-03-20T06:08:00.000Z,BOUV,X,variation,channel,21915.825790237704,nT
2026-03-20T06:09:00.000Z,BOUV,X,variation,channel,21916.338017584923,nT
2026-03-20T06:10:00.000Z,BOUV,X,variation,channel,21916.268115566323,nT
2026-03-20T06:11:00.000Z,BOUV,X,variation,channel,21915.616026028245,nT
2026-03-20T06:12:00.000Z,BOUV,X,variation,channel,21915.94922733187,nT
2026-03-20T06:13:00.000Z,BOUV,X,variation,channel,21914.547704889126,nT
2026-03-20T06:14:00.000Z,BOUV,X,variation,channel,21915.57309095722,nT
2026-03-20T06:15:00.000Z,BOUV,X,variation,channel,21914.666818503654,nT
2026-03-20T06:16:00.000Z,BOUV,X,variation,channel,21915.066393536137,nT
2026-03-20T06:17:00.000Z,BOUV,X,variation,channel,21913.813734521296,nT
2026-03-20T06:18:00.000Z,BOUV,X,variation,channel,21914.064914878913,nT
2026-03-20T06:19:00.000Z,BOUV,X,variation,channel,21913.987700090795,nT
2026-03-20T06:20:00.000Z,BOUV,X,variation,channel,21913.743826175203,nT
2026-03-20T06:21:00.000Z,BOUV,X,variation,channel,21913.103969992702,nT
2026-03-20T06:22:00.000Z,BOUV,X,variation,channel,21912.16142225132,nT
2026-03-20T06:23:00.000Z,BOUV,X,variation,channel,21911.302469731687,nT
2026-03-20T06:24:00.000Z,BOUV,X,variation,channel,21910.676145293994,nT
2026-03-20T06:25:00.000Z,BOUV,X,variation,channel,21910.558115569016,nT
2026-03-20T06:26:00.000Z,BOUV,X,variation,channel,21910.266988738436,nT
2026-03-20T06:27:00.000Z,BOUV,X,variation,channel,21911.25878111226,nT
2026-03-20T06:28:00.000Z,BOUV,X,variation,channel,21910.60781543022,nT
2026-03-20T06:29:00.000Z,BOUV,X,variation,channel,21911.16665961047,nT
2026-03-20T06:30:00.000Z,BOUV,X,variation,channel,21911.606949375015,nT
2026-03-20T06:31:00.000Z,BOUV,X,variation,channel,21913.670879546084,nT
2026-03-20T06:32:00.000Z,BOUV,X,variation,channel,21915.373575563655,nT
2026-03-20T06:33:00.000Z,BOUV,X,variation,channel,21916.55918283248,nT
2026-03-20T06:34:00.000Z,BOUV,X,variation,channel,21918.27692391532,nT
2026-03-20T06:35:00.000Z,BOUV,X,variation,channel,21919.327356199745,nT
2026-03-20T06:36:00.000Z,BOUV,X,variation,channel,21920.78839561572,nT
2026-03-20T06:37:00.000Z,BOUV,X,variation,channel,21922.11904093248,nT
2026-03-20T06:38:00.000Z,BOUV,X,variation,channel,21923.73805059687,nT
2026-03-20T06:39:00.000Z,BOUV,X,variation,channel,21924.582047210188,nT
2026-03-20T06:40:00.000Z,BOUV,X,variation,channel,21924.956162813745,nT
2026-03-20T06:41:00.000Z,BOUV,X,variation,channel,21923.638671089913,nT
2026-03-20T06:42:00.000Z,BOUV,X,variation,channel,21923.895603409783,nT
2026-03-20T06:43:00.000Z,BOUV,X,variation,channel,21926.64557258441,nT
2026-03-20T06:44:00.000Z,BOUV,X,variation,channel,21926.297075403465,nT
2026-03-20T06:45:00.000Z,BOUV,X,variation,channel,21927.6178990569,nT
2026-03-20T06:46:00.000Z,BOUV,X,variation,channel,21927.7225146753,nT
2026-03-20T06:47:00.000Z,BOUV,X,variation,channel,21928.158085009505,nT
2026-03-20T06:48:00.000Z,BOUV,X,variation,channel,21927.987928259226,nT
2026-03-20T06:49:00.000Z,BOUV,X,variation,channel,21928.718786862977,nT
2026-03-20T06:50:00.000Z,BOUV,X,variation,channel,21929.069269557,nT
2026-03-20T06:51:00.000Z,BOUV,X,variation,channel,21928.860590886015,nT
2026-03-20T06:52:00.000Z,BOUV,X,variation,channel,21929.04706967788,nT
2026-03-20T06:53:00.000Z,BOUV,X,variation,channel,21929.42659205829,nT
2026-03-20T06:54:00.000Z,BOUV,X,variation,channel,21930.23167072519,nT
2026-03-20T06:55:00.000Z,BOUV,X,variation,channel,21931.241605367126,nT
2026-03-20T06:56:00.000Z,BOUV,X,variation,channel,21930.727416267902,nT
2026-03-20T06:57:00.000Z,BOUV,X,variation,channel,21931.255045647795,nT
2026-03-20T06:58:00.000Z,BOUV,X,variation,channel,21931.366733856474,nT
2026-03-20T06:59:00.000Z,BOUV,X,variation,channel,21931.720481822158,nT
2026-03-20T07:00:00.000Z,BOUV,X,variation,channel,21932.59902979187,nT
2026-03-20T07:01:00.000Z,BOUV,X,variation,channel,21933.23697710539,nT
2026-03-20T07:02:00.000Z,BOUV,X,variation,channel,21933.322420331227,nT
2026-03-20T07:03:00.000Z,BOUV,X,variation,channel,21932.219793355718,nT
2026-03-20T07:04:00.000Z,BOUV,X,variation,channel,21929.794217646566,nT
2026-03-20T07:05:00.000Z,BOUV,X,variation,channel,21928.027725941338,nT
2026-03-20T07:06:00.000Z,BOUV,X,variation,channel,21927.228707320668,nT
2026-03-20T07:07:00.000Z,BOUV,X,variation,channel,21926.73702243762,nT
2026-03-20T07:08:00.000Z,BOUV,X,variation,channel,21926.677222218535,nT
2026-03-20T07:09:00.000Z,BOUV,X,variation,channel,21926.857056137353,nT
2026-03-20T07:10:00.000Z,BOUV,X,variation,channel,21926.293567752145,nT
2026-03-20T07:11:00.000Z,BOUV,X,variation,channel,21926.019466492922,nT
2026-03-20T07:12:00.000Z,BOUV,X,variation,channel,21925.528669674928,nT
2026-03-20T07:13:00.000Z,BOUV,X,variation,channel,21924.510315575426,nT
2026-03-20T07:14:00.000Z,BOUV,X,variation,channel,21923.618974080688,nT
2026-03-20T07:15:00.000Z,BOUV,X,variation,channel,21925.524260023634,nT
2026-03-20T07:16:00.000Z,BOUV,X,variation,channel,21926.784249525255,nT
2026-03-20T07:17:00.000Z,BOUV,X,variation,channel,21926.13278408038,nT
2026-03-20T07:18:00.000Z,BOUV,X,variation,channel,21925.49114991106,nT
2026-03-20T07:19:00.000Z,BOUV,X,variation,channel,21923.06304982794,nT
2026-03-20T07:20:00.000Z,BOUV,X,variation,channel,21920.454009083765,nT
2026-03-20T07:21:00.000Z,BOUV,X,variation,channel,21918.600413773893,nT
2026-03-20T07:22:00.000Z,BOUV,X,variation,channel,21917.05381692657,nT
2026-03-20T07:23:00.000Z,BOUV,X,variation,channel,21915.968943488802,nT
2026-03-20T07:24:00.000Z,BOUV,X,variation,channel,21915.41400695145,nT
2026-03-20T07:25:00.000Z,BOUV,X,variation,channel,21915.702790717678,nT
2026-03-20T07:26:00.000Z,BOUV,X,variation,channel,21917.728966754545,nT
2026-03-20T07:27:00.000Z,BOUV,X,variation,channel,21919.47203345253,nT
2026-03-20T07:28:00.000Z,BOUV,X,variation,channel,21920.128017648887,nT
2026-03-20T07:29:00.000Z,BOUV,X,variation,channel,21919.68482225388,nT
2026-03-20T07:30:00.000Z,BOUV,X,variation,channel,21920.057862333582,nT
2026-03-20T07:31:00.000Z,BOUV,X,variation,channel,21919.973164023188,nT
2026-03-20T07:32:00.000Z,BOUV,X,variation,channel,21919.508075212787,nT
2026-03-20T07:33:00.000Z,BOUV,X,variation,channel,21919.210460827897,nT
2026-03-20T07:34:00.000Z,BOUV,X,variation,channel,21918.516420407304,nT
2026-03-20T07:35:00.000Z,BOUV,X,variation,channel,21918.585221426296,nT
2026-03-20T07:36:00.000Z,BOUV,X,variation,channel,21919.00056439282,nT
2026-03-20T07:37:00.000Z,BOUV,X,variation,channel,21919.70547050215,nT
2026-03-20T07:38:00.000Z,BOUV,X,variation,channel,21917.856659888603,nT
2026-03-20T07:39:00.000Z,BOUV,X,variation,channel,21914.213489715163,nT
2026-03-20T07:40:00.000Z,BOUV,X,variation,channel,21912.77363714041,nT
2026-03-20T07:41:00.000Z,BOUV,X,variation,channel,21913.320675557523,nT
2026-03-20T07:42:00.000Z,BOUV,X,variation,channel,21913.963396467483,nT
2026-03-20T07:43:00.000Z,BOUV,X,variation,channel,21914.89295701022,nT
2026-03-20T07:44:00.000Z,BOUV,X,variation,channel,21915.84878574599,nT
2026-03-20T07:45:00.000Z,BOUV,X,variation,channel,21917.808037694274,nT
2026-03-20T07:46:00.000Z,BOUV,X,variation,channel,21919.64466503049,nT
2026-03-20T07:47:00.000Z,BOUV,X,variation,channel,21920.002619591178,nT
2026-03-20T07:48:00.000Z,BOUV,X,variation,channel,21919.88259797701,nT
2026-03-20T07:49:00.000Z,BOUV,X,variation,channel,21920.11616540599,nT
2026-03-20T07:50:00.000Z,BOUV,X,variation,channel,21920.91094893132,nT
2026-03-20T07:51:00.000Z,BOUV,X,variation,channel,21921.286890867796,nT
2026-03-20T07:52:00.000Z,BOUV,X,variation,channel,21920.930381058257,nT
2026-03-20T07:53:00.000Z,BOUV,X,variation,channel,21920.401951265932,nT
2026-03-20T07:54:00.000Z,BOUV,X,variation,channel,21919.070931973947,nT
2026-03-20T07:55:00.000Z,BOUV,X,variation,channel,21918.310061328633,nT
2026-03-20T07:56:00.000Z,BOUV,X,variation,channel,21918.62939531254,nT
2026-03-20T07:57:00.000Z,BOUV,X,variation,channel,21918.939856245077,nT
2026-03-20T07:58:00.000Z,BOUV,X,variation,channel,21919.65089423121,nT
2026-03-20T07:59:00.000Z,BOUV,X,variation,channel,21921.715231983,nT
2026-03-20T08:00:00.000Z,BOUV,X,variation,channel,21923.95066245606,nT
2026-03-20T08:01:00.000Z,BOUV,X,variation,channel,21924.541470390166,nT
2026-03-20T08:02:00.000Z,BOUV,X,variation,channel,21925.820463623426,nT
2026-03-20T08:03:00.000Z,BOUV,X,variation,channel,21926.963665365685,nT
2026-03-20T08:04:00.000Z,BOUV,X,variation,channel,21927.16472026606,nT
2026-03-20T08:05:00.000Z,BOUV,X,variation,channel,21926.656167177196,nT
2026-03-20T08:06:00.000Z,BOUV,X,variation,channel,21926.45572975816,nT
2026-03-20T08:07:00.000Z,BOUV,X,variation,channel,21924.542823495827,nT
2026-03-20T08:08:00.000Z,BOUV,X,variation,channel,21922.595395167282,nT
2026-03-20T08:09:00.000Z,BOUV,X,variation,channel,21920.577610475953,nT
2026-03-20T08:10:00.000Z,BOUV,X,variation,channel,21918.66901584928,nT
2026-03-20T08:11:00.000Z,BOUV,X,variation,channel,21917.430036110814,nT
2026-03-20T08:12:00.000Z,BOUV,X,variation,channel,21917.144306395414,nT
2026-03-20T08:13:00.000Z,BOUV,X,variation,channel,21917.0341388992,nT
2026-03-20T08:14:00.000Z,BOUV,X,variation,channel,21916.965510982074,nT
2026-03-20T08:15:00.000Z,BOUV,X,variation,channel,21916.57923805262,nT
2026-03-20T08:16:00.000Z,BOUV,X,variation,channel,21917.323185618927,nT
2026-03-20T08:17:00.000Z,BOUV,X,variation,channel,21916.81876886504,nT
2026-03-20T08:18:00.000Z,BOUV,X,variation,channel,21916.75537728335,nT
2026-03-20T08:19:00.000Z,BOUV,X,variation,channel,21916.95339169414,nT
2026-03-20T08:20:00.000Z,BOUV,X,variation,channel,21918.140190377315,nT
2026-03-20T08:21:00.000Z,BOUV,X,variation,channel,21920.10178465389,nT
2026-03-20T08:22:00.000Z,BOUV,X,variation,channel,21920.838086063606,nT
2026-03-20T08:23:00.000Z,BOUV,X,variation,channel,21921.412821294674,nT
2026-03-20T08:24:00.000Z,BOUV,X,variation,channel,21922.211400279743,nT
2026-03-20T08:25:00.000Z,BOUV,X,variation,channel,21922.76249514083,nT
2026-03-20T08:26:00.000Z,BOUV,X,variation,channel,21922.295158388835,nT
2026-03-20T08:27:00.000Z,BOUV,X,variation,channel,21922.153160098103,nT
2026-03-20T08:28:00.000Z,BOUV,X,variation,channel,21922.733519983885,nT
2026-03-20T08:29:00.000Z,BOUV,X,variation,channel,21922.20874019452,nT
2026-03-20T08:30:00.000Z,BOUV,X,variation,channel,21921.56554854932,nT
2026-03-20T08:31:00.000Z,BOUV,X,variation,channel,21921.298827358296,nT
2026-03-20T08:32:00.000Z,BOUV,X,variation,channel,21920.9841477305,nT
2026-03-20T08:33:00.000Z,BOUV,X,variation,channel,21920.75681521014,nT
2026-03-20T08:34:00.000Z,BOUV,X,variation,channel,21920.49525701169,nT
2026-03-20T08:35:00.000Z,BOUV,X,variation,channel,21920.68262369067,nT
2026-03-20T08:36:00.000Z,BOUV,X,variation,channel,21921.15446937654,nT
2026-03-20T08:37:00.000Z,BOUV,X,variation,channel,21921.106057804773,nT
2026-03-20T08:38:00.000Z,BOUV,X,variation,channel,21921.108543565322,nT
2026-03-20T08:39:00.000Z,BOUV,X,variation,channel,21921.88481050761,nT
2026-03-20T08:40:00.000Z,BOUV,X,variation,channel,21923.990145502536,nT
2026-03-20T08:41:00.000Z,BOUV,X,variation,channel,21927.634964527286,nT
2026-03-20T08:42:00.000Z,BOUV,X,variation,channel,21931.379414199106,nT
2026-03-20T08:43:00.000Z,BOUV,X,variation,channel,21935.742269273396,nT
2026-03-20T08:44:00.000Z,BOUV,X,variation,channel,21937.16698480381,nT
2026-03-20T08:45:00.000Z,BOUV,X,variation,channel,21937.01304465258,nT
2026-03-20T08:46:00.000Z,BOUV,X,variation,channel,21934.726555141915,nT
2026-03-20T08:47:00.000Z,BOUV,X,variation,channel,21933.375480659208,nT
2026-03-20T08:48:00.000Z,BOUV,X,variation,channel,21932.07609382424,nT
2026-03-20T08:49:00.000Z,BOUV,X,variation,channel,21931.071448824798,nT
2026-03-20T08:50:00.000Z,BOUV,X,variation,channel,21929.83330319177,nT
2026-03-20T08:51:00.000Z,BOUV,X,variation,channel,21927.963282724304,nT
2026-03-20T08:52:00.000Z,BOUV,X,variation,channel,21926.207808115512,nT
2026-03-20T08:53:00.000Z,BOUV,X,variation,channel,21925.42488444382,nT
2026-03-20T08:54:00.000Z,BOUV,X,variation,channel,21924.823427187614,nT
2026-03-20T08:55:00.000Z,BOUV,X,variation,channel,21923.675230387784,nT
2026-03-20T08:56:00.000Z,BOUV,X,variation,channel,21923.548777147756,nT
2026-03-20T08:57:00.000Z,BOUV,X,variation,channel,21924.93258991742,nT
2026-03-20T08:58:00.000Z,BOUV,X,variation,channel,21926.52299189688,nT
2026-03-20T08:59:00.000Z,BOUV,X,variation,channel,21927.50806358191,nT
2026-03-20T09:00:00.000Z,BOUV,X,variation,channel,21928.094535244192,nT
2026-03-20T09:01:00.000Z,BOUV,X,variation,channel,21927.690135835066,nT
2026-03-20T09:02:00.000Z,BOUV,X,variation,channel,21928.428006777096,nT
2026-03-20T09:03:00.000Z,BOUV,X,variation,channel,21929.538711281024,nT
2026-03-20T09:04:00.000Z,BOUV,X,variation,channel,21930.381455193703,nT
2026-03-20T09:05:00.000Z,BOUV,X,variation,channel,21929.605092705347,nT
2026-03-20T09:06:00.000Z,BOUV,X,variation,channel,21928.293498211602,nT
2026-03-20T09:07:00.000Z,BOUV,X,variation,channel,21927.786383865398,nT
2026-03-20T09:08:00.000Z,BOUV,X,variation,channel,21928.418567456043,nT
2026-03-20T09:09:00.000Z,BOUV,X,variation,channel,21928.50657056518,nT
2026-03-20T09:10:00.000Z,BOUV,X,variation,channel,21930.15832809118,nT
2026-03-20T09:11:00.000Z,BOUV,X,variation,channel,21932.066041504455,nT
2026-03-20T09:12:00.000Z,BOUV,X,variation,channel,21933.045982250653,nT
2026-03-20T09:13:00.000Z,BOUV,X,variation,channel,21932.682163601898,nT
2026-03-20T09:14:00.000Z,BOUV,X,variation,channel,21932.107813214152,nT
2026-03-20T09:15:00.000Z,BOUV,X,variation,channel,21933.30651555844,nT
2026-03-20T09:16:00.000Z,BOUV,X,variation,channel,21934.582696339523,nT
2026-03-20T09:17:00.000Z,BOUV,X,variation,channel,21933.133461848403,nT
2026-03-20T09:18:00.000Z,BOUV,X,variation,channel,21930.90285577118,nT
2026-03-20T09:19:00.000Z,BOUV,X,variation,channel,21930.851071987745,nT
2026-03-20T09:20:00.000Z,BOUV,X,variation,channel,21931.49162284264,nT
2026-03-20T09:21:00.000Z,BOUV,X,variation,channel,21932.647797034446,nT
2026-03-20T09:22:00.000Z,BOUV,X,variation,channel,21932.204808006783,nT
2026-03-20T09:23:00.000Z,BOUV,X,variation,channel,21931.959300120536,nT
2026-03-20T09:24:00.000Z,BOUV,X,variation,channel,21930.536064205906,nT
2026-03-20T09:25:00.000Z,BOUV,X,variation,channel,21929.424703224373,nT
2026-03-20T09:26:00.000Z,BOUV,X,variation,channel,21929.407869449988,nT
2026-03-20T09:27:00.000Z,BOUV,X,variation,channel,21928.256870009413,nT
2026-03-20T09:28:00.000Z,BOUV,X,variation,channel,21928.12649849679,nT
2026-03-20T09:29:00.000Z,BOUV,X,variation,channel,21926.944978538042,nT
2026-03-20T09:30:00.000Z,BOUV,X,variation,channel,21927.10151319164,nT
2026-03-20T09:31:00.000Z,BOUV,X,variation,channel,21927.413614533685,nT
2026-03-20T09:32:00.000Z,BOUV,X,variation,channel,21927.44108571163,nT
2026-03-20T09:33:00.000Z,BOUV,X,variation,channel,21927.79722967058,nT
2026-03-20T09:34:00.000Z,BOUV,X,variation,channel,21928.0352682413,nT
2026-03-20T09:35:00.000Z,BOUV,X,variation,channel,21927.863755992763,nT
2026-03-20T09:36:00.000Z,BOUV,X,variation,channel,21927.83536592068,nT
2026-03-20T09:37:00.000Z,BOUV,X,variation,channel,21927.600903791787,nT
2026-03-20T09:38:00.000Z,BOUV,X,variation,channel,21926.457558911326,nT
2026-03-20T09:39:00.000Z,BOUV,X,variation,channel,21925.306465449772,nT
2026-03-20T09:40:00.000Z,BOUV,X,variation,channel,21925.501262518148,nT
2026-03-20T09:41:00.000Z,BOUV,X,variation,channel,21926.14221031851,nT
2026-03-20T09:42:00.000Z,BOUV,X,variation,channel,21926.633062082536,nT
2026-03-20T09:43:00.000Z,BOUV,X,variation,channel,21925.820196116754,nT
2026-03-20T09:44:00.000Z,BOUV,X,variation,channel,21924.800435554298,nT
2026-03-20T09:45:00.000Z,BOUV,X,variation,channel,21924.821608149203,nT
2026-03-20T09:46:00.000Z,BOUV,X,variation,channel,21925.297857671725,nT
2026-03-20T09:47:00.000Z,BOUV,X,variation,channel,21925.858513950607,nT
2026-03-20T09:48:00.000Z,BOUV,X,variation,channel,21925.881024555427,nT
2026-03-20T09:49:00.000Z,BOUV,X,variation,channel,21926.540387279452,nT
2026-03-20T09:50:00.000Z,BOUV,X,variation,channel,21928.55387503748,nT
2026-03-20T09:51:00.000Z,BOUV,X,variation,channel,21930.10731063089,nT
2026-03-20T09:52:00.000Z,BOUV,X,variation,channel,21929.925367908374,nT
2026-03-20T09:53:00.000Z,BOUV,X,variation,channel,21926.979546445786,nT
2026-03-20T09:54:00.000Z,BOUV,X,variation,channel,21923.744129021623,nT
2026-03-20T09:55:00.000Z,BOUV,X,variation,channel,21921.9511181978,nT
2026-03-20T09:56:00.000Z,BOUV,X,variation,channel,21922.96735385023,nT
2026-03-20T09:57:00.000Z,BOUV,X,variation,channel,21924.58641764161,nT
2026-03-20T09:58:00.000Z,BOUV,X,variation,channel,21925.886982895685,nT
2026-03-20T09:59:00.000Z,BOUV,X,variation,channel,21927.53643429826,nT
2026-03-20T10:00:00.000Z,BOUV,X,variation,channel,21929.072851689834,nT
2026-03-20T10:01:00.000Z,BOUV,X,variation,channel,21931.072307352395,nT
2026-03-20T10:02:00.000Z,BOUV,X,variation,channel,21931.819173690066,nT
2026-03-20T10:03:00.000Z,BOUV,X,variation,channel,21932.15486908865,nT
2026-03-20T10:04:00.000Z,BOUV,X,variation,channel,21933.10775770486,nT
2026-03-20T10:05:00.000Z,BOUV,X,variation,channel,21932.042165671963,nT
2026-03-20T10:06:00.000Z,BOUV,X,variation,channel,21931.22223250358,nT
2026-03-20T10:07:00.000Z,BOUV,X,variation,channel,21934.28115799583,nT
2026-03-20T10:08:00.000Z,BOUV,X,variation,channel,21938.19414987936,nT
2026-03-20T10:09:00.000Z,BOUV,X,variation,channel,21940.842611958844,nT
2026-03-20T10:10:00.000Z,BOUV,X,variation,channel,21941.73271755488,nT
2026-03-20T10:11:00.000Z,BOUV,X,variation,channel,21941.058148750082,nT
2026-03-20T10:12:00.000Z,BOUV,X,variation,channel,21939.336849814525,nT
2026-03-20T10:13:00.000Z,BOUV,X,variation,channel,21937.99805588053,nT
2026-03-20T10:14:00.000Z,BOUV,X,variation,channel,21938.110289405246,nT
2026-03-20T10:15:00.000Z,BOUV,X,variation,channel,21939.50027401946,nT
2026-03-20T10:16:00.000Z,BOUV,X,variation,channel,21940.148628936127,nT
2026-03-20T10:17:00.000Z,BOUV,X,variation,channel,21939.357816611257,nT
2026-03-20T10:18:00.000Z,BOUV,X,variation,channel,21938.457312586226,nT
2026-03-20T10:19:00.000Z,BOUV,X,variation,channel,21942.60370047733,nT
2026-03-20T10:20:00.000Z,BOUV,X,variation,channel,21947.477363515718,nT
2026-03-20T10:21:00.000Z,BOUV,X,variation,channel,21946.20198133721,nT
2026-03-20T10:22:00.000Z,BOUV,X,variation,channel,21943.590194355278,nT
2026-03-20T10:23:00.000Z,BOUV,X,variation,channel,21942.071904991717,nT
2026-03-20T10:24:00.000Z,BOUV,X,variation,channel,21940.609584916387,nT
2026-03-20T10:25:00.000Z,BOUV,X,variation,channel,21940.440570130497,nT
2026-03-20T10:26:00.000Z,BOUV,X,variation,channel,21940.296445617427,nT
2026-03-20T10:27:00.000Z,BOUV,X,variation,channel,21940.141045040702,nT
2026-03-20T10:28:00.000Z,BOUV,X,variation,channel,21941.190319939004,nT
2026-03-20T10:29:00.000Z,BOUV,X,variation,channel,21941.671689416602,nT
2026-03-20T10:30:00.000Z,BOUV,X,variation,channel,21942.29702747621,nT
2026-03-20T10:31:00.000Z,BOUV,X,variation,channel,21942.23699011311,nT
2026-03-20T10:32:00.000Z,BOUV,X,variation,channel,21942.84766999687,nT
2026-03-20T10:33:00.000Z,BOUV,X,variation,channel,21942.418530447063,nT
2026-03-20T10:34:00.000Z,BOUV,X,variation,channel,21939.76051003974,nT
2026-03-20T10:35:00.000Z,BOUV,X,variation,channel,21936.646147414434,nT
2026-03-20T10:36:00.000Z,BOUV,X,variation,channel,21936.949111134807,nT
2026-03-20T10:37:00.000Z,BOUV,X,variation,channel,21939.516840600718,nT
2026-03-20T10:38:00.000Z,BOUV,X,variation,channel,21938.289701303085,nT
2026-03-20T10:39:00.000Z,BOUV,X,variation,channel,21935.840477095564,nT
2026-03-20T10:40:00.000Z,BOUV,X,variation,channel,21935.294164842635,nT
2026-03-20T10:41:00.000Z,BOUV,X,variation,channel,21935.967132706537,nT
2026-03-20T10:42:00.000Z,BOUV,X,variation,channel,21938.150996161472,nT
2026-03-20T10:43:00.000Z,BOUV,X,variation,channel,21939.294603079852,nT
2026-03-20T10:44:00.000Z,BOUV,X,variation,channel,21937.977693960387,nT
2026-03-20T10:45:00.000Z,BOUV,X,variation,channel,21935.654410163123,nT
2026-03-20T10:46:00.000Z,BOUV,X,variation,channel,21936.073625580433,nT
2026-03-20T10:47:00.000Z,BOUV,X,variation,channel,21937.224443723524,nT
2026-03-20T10:48:00.000Z,BOUV,X,variation,channel,21936.83028934049,nT
2026-03-20T10:49:00.000Z,BOUV,X,variation,channel,21935.22024830134,nT
2026-03-20T10:50:00.000Z,BOUV,X,variation,channel,21935.02007225603,nT
2026-03-20T10:51:00.000Z,BOUV,X,variation,channel,21936.602304652908,nT
2026-03-20T10:52:00.000Z,BOUV,X,variation,channel,21937.232108929315,nT
2026-03-20T10:53:00.000Z,BOUV,X,variation,channel,21935.53218554091,nT
2026-03-20T10:54:00.000Z,BOUV,X,variation,channel,21932.43356420666,nT
2026-03-20T10:55:00.000Z,BOUV,X,variation,channel,21928.7700432299,nT
2026-03-20T10:56:00.000Z,BOUV,X,variation,channel,21927.17409409688,nT
2026-03-20T10:57:00.000Z,BOUV,X,variation,channel,21926.500972701055,nT
2026-03-20T10:58:00.000Z,BOUV,X,variation,channel,21926.178679674285,nT
2026-03-20T10:59:00.000Z,BOUV,X,variation,channel,21926.388835442776,nT
2026-03-20T11:00:00.000Z,BOUV,X,variation,channel,21926.015041620958,nT
2026-03-20T11:01:00.000Z,BOUV,X,variation,channel,21926.541268366975,nT
2026-03-20T11:02:00.000Z,BOUV,X,variation,channel,21927.632072106957,nT
2026-03-20T11:03:00.000Z,BOUV,X,variation,channel,21928.240650215506,nT
2026-03-20T11:04:00.000Z,BOUV,X,variation,channel,21928.098401468902,nT
2026-03-20T11:05:00.000Z,BOUV,X,variation,channel,21929.43061631063,nT
2026-03-20T11:06:00.000Z,BOUV,X,variation,channel,21930.71954603009,nT
2026-03-20T11:07:00.000Z,BOUV,X,variation,channel,21935.067136137994,nT
2026-03-20T11:08:00.000Z,BOUV,X,variation,channel,21942.795875427033,nT
2026-03-20T11:09:00.000Z,BOUV,X,variation,channel,21947.169372862943,nT
2026-03-20T11:10:00.000Z,BOUV,X,variation,channel,21951.898506945057,nT
2026-03-20T11:11:00.000Z,BOUV,X,variation,channel,21953.382807757556,nT
2026-03-20T11:12:00.000Z,BOUV,X,variation,channel,21951.62176402955,nT
2026-03-20T11:13:00.000Z,BOUV,X,variation,channel,21950.505811990763,nT
2026-03-20T11:14:00.000Z,BOUV,X,variation,channel,21950.458961666503,nT
2026-03-20T11:15:00.000Z,BOUV,X,variation,channel,21949.067555465677,nT
2026-03-20T11:16:00.000Z,BOUV,X,variation,channel,21947.8282887971,nT
2026-03-20T11:17:00.000Z,BOUV,X,variation,channel,21947.886309931488,nT
2026-03-20T11:18:00.000Z,BOUV,X,variation,channel,21947.558661145,nT
2026-03-20T11:19:00.000Z,BOUV,X,variation,channel,21946.959396298607,nT
2026-03-20T11:20:00.000Z,BOUV,X,variation,channel,21947.055051247968,nT
2026-03-20T11:21:00.000Z,BOUV,X,variation,channel,21948.546582783034,nT
2026-03-20T11:22:00.000Z,BOUV,X,variation,channel,21949.667240923758,nT
2026-03-20T11:23:00.000Z,BOUV,X,variation,channel,21950.118691547796,nT
2026-03-20T11:24:00.000Z,BOUV,X,variation,channel,21949.019990167915,nT
2026-03-20T11:25:00.000Z,BOUV,X,variation,channel,21948.03371028699,nT
2026-03-20T11:26:00.000Z,BOUV,X,variation,channel,21948.147023118036,nT
2026-03-20T11:27:00.000Z,BOUV,X,variation,channel,21950.49871236171,nT
2026-03-20T11:28:00.000Z,BOUV,X,variation,channel,21951.634727316738,nT
2026-03-20T11:29:00.000Z,BOUV,X,variation,channel,21946.22092463555,nT
2026-03-20T11:30:00.000Z,BOUV,X,variation,channel,21942.129285176485,nT
2026-03-20T11:31:00.000Z,BOUV,X,variation,channel,21941.693454684166,nT
2026-03-20T11:32:00.000Z,BOUV,X,variation,channel,21942.889891338335,nT
2026-03-20T11:33:00.000Z,BOUV,X,variation,channel,21944.221250289433,nT
2026-03-20T11:34:00.000Z,BOUV,X,variation,channel,21946.32466981033,nT
2026-03-20T11:35:00.000Z,BOUV,X,variation,channel,21948.5224120219,nT
2026-03-20T11:36:00.000Z,BOUV,X,variation,channel,21949.695245348852,nT
2026-03-20T11:37:00.000Z,BOUV,X,variation,channel,21950.232970219335,nT
2026-03-20T11:38:00.000Z,BOUV,X,variation,channel,21949.52252533304,nT
2026-03-20T11:39:00.000Z,BOUV,X,variation,channel,21948.128995269857,nT
2026-03-20T11:40:00.000Z,BOUV,X,variation,channel,21950.070932718794,nT
2026-03-20T11:41:00.000Z,BOUV,X,variation,channel,21953.31262389537,nT
2026-03-20T11:42:00.000Z,BOUV,X,variation,channel,21957.96621500802,nT
2026-03-20T11:43:00.000Z,BOUV,X,variation,channel,21956.997011812353,nT
2026-03-20T11:44:00.000Z,BOUV,X,variation,channel,21953.746050325215,nT
2026-03-20T11:45:00.000Z,BOUV,X,variation,channel,21950.540402700266,nT
2026-03-20T11:46:00.000Z,BOUV,X,variation,channel,21950.144261262627,nT
2026-03-20T11:47:00.000Z,BOUV,X,variation,channel,21952.671812719902,nT
2026-03-20T11:48:00.000Z,BOUV,X,variation,channel,21956.250053600827,nT
2026-03-20T11:49:00.000Z,BOUV,X,variation,channel,21956.110850920086,nT
2026-03-20T11:50:00.000Z,BOUV,X,variation,channel,21953.761135172605,nT
2026-03-20T11:51:00.000Z,BOUV,X,variation,channel,21944.301376580974,nT
2026-03-20T11:52:00.000Z,BOUV,X,variation,channel,21939.477296288005,nT
2026-03-20T11:53:00.000Z,BOUV,X,variation,channel,21939.50415826738,nT
2026-03-20T11:54:00.000Z,BOUV,X,variation,channel,21937.9068570021,nT
2026-03-20T11:55:00.000Z,BOUV,X,variation,channel,21932.628184383728,nT
2026-03-20T11:56:00.000Z,BOUV,X,variation,channel,21929.080741904174,nT
2026-03-20T11:57:00.000Z,BOUV,X,variation,channel,21928.36667642221,nT
2026-03-20T11:58:00.000Z,BOUV,X,variation,channel,21929.923260181044,nT
2026-03-20T11:59:00.000Z,BOUV,X,variation,channel,21931.954772308767,nT
2026-03-20T12:00:00.000Z,BOUV,X,variation,channel,21932.33557164149,nT
2026-03-20T12:01:00.000Z,BOUV,X,variation,channel,21931.905070133354,nT
2026-03-20T12:02:00.000Z,BOUV,X,variation,channel,21930.29691032342,nT
2026-03-20T12:03:00.000Z,BOUV,X,variation,channel,21928.71683554158,nT
2026-03-20T12:04:00.000Z,BOUV,X,variation,channel,21928.720000367153,nT
2026-03-20T12:05:00.000Z,BOUV,X,variation,channel,21930.18618084937,nT
2026-03-20T12:06:00.000Z,BOUV,X,variation,channel,21932.051603356056,nT
2026-03-20T12:07:00.000Z,BOUV,X,variation,channel,21932.25040153092,nT
2026-03-20T12:08:00.000Z,BOUV,X,variation,channel,21932.219238736994,nT
2026-03-20T12:09:00.000Z,BOUV,X,variation,channel,21935.25922847136,nT
2026-03-20T12:10:00.000Z,BOUV,X,variation,channel,21937.83859902364,nT
2026-03-20T12:11:00.000Z,BOUV,X,variation,channel,21938.886733968888,nT
2026-03-20T12:12:00.000Z,BOUV,X,variation,channel,21939.34739562393,nT
2026-03-20T12:13:00.000Z,BOUV,X,variation,channel,21939.63537383401,nT
2026-03-20T12:14:00.000Z,BOUV,X,variation,channel,21939.236829755842,nT
2026-03-20T12:15:00.000Z,BOUV,X,variation,channel,21938.76747976962,nT
2026-03-20T12:16:00.000Z,BOUV,X,variation,channel,21939.51305326443,nT
2026-03-20T12:17:00.000Z,BOUV,X,variation,channel,21939.435829122373,nT
2026-03-20T12:18:00.000Z,BOUV,X,variation,channel,21938.01867651796,nT
2026-03-20T12:19:00.000Z,BOUV,X,variation,channel,21938.189018023753,nT
2026-03-20T12:20:00.000Z,BOUV,X,variation,channel,21939.857963479342,nT
2026-03-20T12:21:00.000Z,BOUV,X,variation,channel,21940.066098093383,nT
2026-03-20T12:22:00.000Z,BOUV,X,variation,channel,21940.172879661768,nT
2026-03-20T12:23:00.000Z,BOUV,X,variation,channel,21940.472945464742,nT
2026-03-20T12:24:00.000Z,BOUV,X,variation,channel,21940.360205171564,nT
2026-03-20T12:25:00.000Z,BOUV,X,variation,channel,21939.134086328006,nT
2026-03-20T12:26:00.000Z,BOUV,X,variation,channel,21938.501306843773,nT
2026-03-20T12:27:00.000Z,BOUV,X,variation,channel,21935.910122694684,nT
2026-03-20T12:28:00.000Z,BOUV,X,variation,channel,21935.670077563605,nT
2026-03-20T12:29:00.000Z,BOUV,X,variation,channel,21935.128925863846,nT
2026-03-20T12:30:00.000Z,BOUV,X,variation,channel,21932.53501300066,nT
2026-03-20T12:31:00.000Z,BOUV,X,variation,channel,21930.74942844632,nT
2026-03-20T12:32:00.000Z,BOUV,X,variation,channel,21930.73108644693,nT
2026-03-20T12:33:00.000Z,BOUV,X,variation,channel,21931.27602614369,nT
2026-03-20T12:34:00.000Z,BOUV,X,variation,channel,21932.06201566412,nT
2026-03-20T12:35:00.000Z,BOUV,X,variation,channel,21930.99448354768,nT
2026-03-20T12:36:00.000Z,BOUV,X,variation,channel,21930.18833712534,nT
2026-03-20T12:37:00.000Z,BOUV,X,variation,channel,21930.239502658173,nT
2026-03-20T12:38:00.000Z,BOUV,X,variation,channel,21930.329459475844,nT
2026-03-20T12:39:00.000Z,BOUV,X,variation,channel,21930.789993183014,nT
2026-03-20T12:40:00.000Z,BOUV,X,variation,channel,21930.802608000493,nT
2026-03-20T12:41:00.000Z,BOUV,X,variation,channel,21930.922218266365,nT
2026-03-20T12:42:00.000Z,BOUV,X,variation,channel,21930.46993321523,nT
2026-03-20T12:43:00.000Z,BOUV,X,variation,channel,21930.18666545742,nT
2026-03-20T12:44:00.000Z,BOUV,X,variation,channel,21930.006523364358,nT
2026-03-20T12:45:00.000Z,BOUV,X,variation,channel,21929.502744873265,nT
2026-03-20T12:46:00.000Z,BOUV,X,variation,channel,21929.14312727802,nT
2026-03-20T12:47:00.000Z,BOUV,X,variation,channel,21928.528236431895,nT
2026-03-20T12:48:00.000Z,BOUV,X,variation,channel,21928.830696655918,nT
2026-03-20T12:49:00.000Z,BOUV,X,variation,channel,21929.481399295797,nT
2026-03-20T12:50:00.000Z,BOUV,X,variation,channel,21929.929576784867,nT
2026-03-20T12:51:00.000Z,BOUV,X,variation,channel,21929.70305397604,nT
2026-03-20T12:52:00.000Z,BOUV,X,variation,channel,21929.637219766493,nT
2026-03-20T12:53:00.000Z,BOUV,X,variation,channel,21928.992558775266,nT
2026-03-20T12:54:00.000Z,BOUV,X,variation,channel,21928.20433916344,nT
2026-03-20T12:55:00.000Z,BOUV,X,variation,channel,21927.447170901673,nT
2026-03-20T12:56:00.000Z,BOUV,X,variation,channel,21927.41934520844,nT
2026-03-20T12:57:00.000Z,BOUV,X,variation,channel,21927.789452803583,nT
2026-03-20T12:58:00.000Z,BOUV,X,variation,channel,21927.509872652732,nT
2026-03-20T12:59:00.000Z,BOUV,X,variation,channel,21927.392070583788,nT
2026-03-20T13:00:00.000Z,BOUV,X,variation,channel,21927.464750579133,nT
2026-03-20T13:01:00.000Z,BOUV,X,variation,channel,21929.30309038821,nT
2026-03-20T13:02:00.000Z,BOUV,X,variation,channel,21931.40150647487,nT
2026-03-20T13:03:00.000Z,BOUV,X,variation,channel,21931.878287805863,nT
2026-03-20T13:04:00.000Z,BOUV,X,variation,channel,21929.63032468636,nT
2026-03-20T13:05:00.000Z,BOUV,X,variation,channel,21928.323678855395,nT
2026-03-20T13:06:00.000Z,BOUV,X,variation,channel,21926.127935693607,nT
2026-03-20T13:07:00.000Z,BOUV,X,variation,channel,21925.744522634413,nT
2026-03-20T13:08:00.000Z,BOUV,X,variation,channel,21927.36213461727,nT
2026-03-20T13:09:00.000Z,BOUV,X,variation,channel,21928.23405291416,nT
2026-03-20T13:10:00.000Z,BOUV,X,variation,channel,21926.85144918948,nT
2026-03-20T13:11:00.000Z,BOUV,X,variation,channel,21925.54819827946,nT
2026-03-20T13:12:00.000Z,BOUV,X,variation,channel,21925.37237469997,nT
2026-03-20T13:13:00.000Z,BOUV,X,variation,channel,21925.90650938627,nT
2026-03-20T13:14:00.000Z,BOUV,X,variation,channel,21926.831452843562,nT
2026-03-20T13:15:00.000Z,BOUV,X,variation,channel,21927.464389760476,nT
2026-03-20T13:16:00.000Z,BOUV,X,variation,channel,21926.912278592685,nT
2026-03-20T13:17:00.000Z,BOUV,X,variation,channel,21927.783764141175,nT
2026-03-20T13:18:00.000Z,BOUV,X,variation,channel,21928.807398413366,nT
2026-03-20T13:19:00.000Z,BOUV,X,variation,channel,21927.932310783686,nT
2026-03-20T13:20:00.000Z,BOUV,X,variation,channel,21927.31654303201,nT
2026-03-20T13:21:00.000Z,BOUV,X,variation,channel,21926.069165838675,nT
2026-03-20T13:22:00.000Z,BOUV,X,variation,channel,21925.406293887972,nT
2026-03-20T13:23:00.000Z,BOUV,X,variation,channel,21924.107449835934,nT
2026-03-20T13:24:00.000Z,BOUV,X,variation,channel,21923.614684229033,nT
2026-03-20T13:25:00.000Z,BOUV,X,variation,channel,21923.98869007566,nT
2026-03-20T13:26:00.000Z,BOUV,X,variation,channel,21922.74680451722,nT
2026-03-20T13:27:00.000Z,BOUV,X,variation,channel,21922.20505086296,nT
2026-03-20T13:28:00.000Z,BOUV,X,variation,channel,21923.452208744377,nT
2026-03-20T13:29:00.000Z,BOUV,X,variation,channel,21923.798929624252,nT
2026-03-20T13:30:00.000Z,BOUV,X,variation,channel,21923.741045950614,nT
2026-03-20T13:31:00.000Z,BOUV,X,variation,channel,21924.45521475946,nT
2026-03-20T13:32:00.000Z,BOUV,X,variation,channel,21925.93298359188,nT
2026-03-20T13:33:00.000Z,BOUV,X,variation,channel,21926.76158034384,nT
2026-03-20T13:34:00.000Z,BOUV,X,variation,channel,21925.478664283713,nT
2026-03-20T13:35:00.000Z,BOUV,X,variation,channel,21924.340517301967,nT
2026-03-20T13:36:00.000Z,BOUV,X,variation,channel,21924.076642422744,nT
2026-03-20T13:37:00.000Z,BOUV,X,variation,channel,21922.874304924502,nT
2026-03-20T13:38:00.000Z,BOUV,X,variation,channel,21923.02509155561,nT
2026-03-20T13:39:00.000Z,BOUV,X,variation,channel,21924.514571666612,nT
2026-03-20T13:40:00.000Z,BOUV,X,variation,channel,21926.455336382816,nT
2026-03-20T13:41:00.000Z,BOUV,X,variation,channel,21927.609566171173,nT
2026-03-20T13:42:00.000Z,BOUV,X,variation,channel,21927.605300540927,nT
2026-03-20T13:43:00.000Z,BOUV,X,variation,channel,21928.024497120423,nT
2026-03-20T13:44:00.000Z,BOUV,X,variation,channel,21926.93652485431,nT
2026-03-20T13:45:00.000Z,BOUV,X,variation,channel,21926.31757424072,nT
2026-03-20T13:46:00.000Z,BOUV,X,variation,channel,21924.976767898566,nT
2026-03-20T13:47:00.000Z,BOUV,X,variation,channel,21924.449196209083,nT
2026-03-20T13:48:00.000Z,BOUV,X,variation,channel,21923.90947086747,nT
2026-03-20T13:49:00.000Z,BOUV,X,variation,channel,21923.238073059412,nT
2026-03-20T13:50:00.000Z,BOUV,X,variation,channel,21928.19399420904,nT
2026-03-20T13:51:00.000Z,BOUV,X,variation,channel,21924.159993212346,nT
2026-03-20T13:52:00.000Z,BOUV,X,variation,channel,21922.363176458406,nT
2026-03-20T13:53:00.000Z,BOUV,X,variation,channel,21924.05078899975,nT
2026-03-20T13:54:00.000Z,BOUV,X,variation,channel,21922.77723892768,nT
2026-03-20T13:55:00.000Z,BOUV,X,variation,channel,21921.585388894877,nT
2026-03-20T13:56:00.000Z,BOUV,X,variation,channel,21922.03685500538,nT
2026-03-20T13:57:00.000Z,BOUV,X,variation,channel,21922.557752449073,nT
2026-03-20T13:58:00.000Z,BOUV,X,variation,channel,21922.5467405446,nT
2026-03-20T13:59:00.000Z,BOUV,X,variation,channel,21922.337812464186,nT
2026-03-20T14:00:00.000Z,BOUV,X,variation,channel,21922.098814379464,nT
2026-03-20T14:01:00.000Z,BOUV,X,variation,channel,21922.761456458546,nT
2026-03-20T14:02:00.000Z,BOUV,X,variation,channel,21923.631966767527,nT
2026-03-20T14:03:00.000Z,BOUV,X,variation,channel,21923.655952629226,nT
2026-03-20T14:04:00.000Z,BOUV,X,variation,channel,21923.42615451481,nT
2026-03-20T14:05:00.000Z,BOUV,X,variation,channel,21923.46620669726,nT
2026-03-20T14:06:00.000Z,BOUV,X,variation,channel,21922.780027430093,nT
2026-03-20T14:07:00.000Z,BOUV,X,variation,channel,21924.029152687363,nT
2026-03-20T14:08:00.000Z,BOUV,X,variation,channel,21924.815613611034,nT
2026-03-20T14:09:00.000Z,BOUV,X,variation,channel,21924.13503438722,nT
2026-03-20T14:10:00.000Z,BOUV,X,variation,channel,21923.854615233337,nT
2026-03-20T14:11:00.000Z,BOUV,X,variation,channel,21923.888946319377,nT
2026-03-20T14:12:00.000Z,BOUV,X,variation,channel,21924.19685722466,nT
2026-03-20T14:13:00.000Z,BOUV,X,variation,channel,21923.578044145044,nT
2026-03-20T14:14:00.000Z,BOUV,X,variation,channel,21924.94756190221,nT
2026-03-20T14:15:00.000Z,BOUV,X,variation,channel,21925.57585912818,nT
2026-03-20T14:16:00.000Z,BOUV,X,variation,channel,21923.56346296991,nT
2026-03-20T14:17:00.000Z,BOUV,X,variation,channel,21921.720371690564,nT
2026-03-20T14:18:00.000Z,BOUV,X,variation,channel,21924.4622705813,nT
2026-03-20T14:19:00.000Z,BOUV,X,variation,channel,21922.20881444947,nT
2026-03-20T14:20:00.000Z,BOUV,X,variation,channel,21919.537954028856,nT
2026-03-20T14:21:00.000Z,BOUV,X,variation,channel,21919.633339891847,nT
2026-03-20T14:22:00.000Z,BOUV,X,variation,channel,21919.723571489914,nT
2026-03-20T14:23:00.000Z,BOUV,X,variation,channel,21918.01662529868,nT
2026-03-20T14:24:00.000Z,BOUV,X,variation,channel,21917.46164014357,nT
2026-03-20T14:25:00.000Z,BOUV,X,variation,channel,21916.435183742473,nT
2026-03-20T14:26:00.000Z,BOUV,X,variation,channel,21917.390450459614,nT
2026-03-20T14:27:00.000Z,BOUV,X,variation,channel,21919.155536517726,nT
2026-03-20T14:28:00.000Z,BOUV,X,variation,channel,21919.753209144204,nT
2026-03-20T14:29:00.000Z,BOUV,X,variation,channel,21919.194895832567,nT
2026-03-20T14:30:00.000Z,BOUV,X,variation,channel,21919.96801145228,nT
2026-03-20T14:31:00.000Z,BOUV,X,variation,channel,21920.421665827504,nT
2026-03-20T14:32:00.000Z,BOUV,X,variation,channel,21920.038800546732,nT
2026-03-20T14:33:00.000Z,BOUV,X,variation,channel,21919.21467597019,nT
2026-03-20T14:34:00.000Z,BOUV,X,variation,channel,21919.37920134167,nT
2026-03-20T14:35:00.000Z,BOUV,X,variation,channel,21918.525591181166,nT
2026-03-20T14:36:00.000Z,BOUV,X,variation,channel,21916.991103695844,nT
2026-03-20T14:37:00.000Z,BOUV,X,variation,channel,21914.28366433487,nT
2026-03-20T14:38:00.000Z,BOUV,X,variation,channel,21915.121166863024,nT
2026-03-20T14:39:00.000Z,BOUV,X,variation,channel,21913.911358585367,nT
2026-03-20T14:40:00.000Z,BOUV,X,variation,channel,21913.94714140937,nT
2026-03-20T14:41:00.000Z,BOUV,X,variation,channel,21915.708028007306,nT
2026-03-20T14:42:00.000Z,BOUV,X,variation,channel,21915.070954228133,nT
2026-03-20T14:43:00.000Z,BOUV,X,variation,channel,21914.35051594822,nT
2026-03-20T14:44:00.000Z,BOUV,X,variation,channel,21914.118126496945,nT
2026-03-20T14:45:00.000Z,BOUV,X,variation,channel,21913.10657493711,nT
2026-03-20T14:46:00.000Z,BOUV,X,variation,channel,21912.63715127082,nT
2026-03-20T14:47:00.000Z,BOUV,X,variation,channel,21911.857065176682,nT
2026-03-20T14:48:00.000Z,BOUV,X,variation,channel,21911.07749620803,nT
2026-03-20T14:49:00.000Z,BOUV,X,variation,channel,21911.19527505564,nT
2026-03-20T14:50:00.000Z,BOUV,X,variation,channel,21912.03237021448,nT
2026-03-20T14:51:00.000Z,BOUV,X,variation,channel,21912.680889141826,nT
2026-03-20T14:52:00.000Z,BOUV,X,variation,channel,21912.625970481604,nT
2026-03-20T14:53:00.000Z,BOUV,X,variation,channel,21912.565206872736,nT
2026-03-20T14:54:00.000Z,BOUV,X,variation,channel,21912.439150431528,nT
2026-03-20T14:55:00.000Z,BOUV,X,variation,channel,21911.314516236795,nT
2026-03-20T14:56:00.000Z,BOUV,X,variation,channel,21911.419485832717,nT
2026-03-20T14:57:00.000Z,BOUV,X,variation,channel,21911.968041549193,nT
2026-03-20T14:58:00.000Z,BOUV,X,variation,channel,21913.23005543525,nT
2026-03-20T14:59:00.000Z,BOUV,X,variation,channel,21913.09488877527,nT
2026-03-20T15:00:00.000Z,BOUV,X,variation,channel,21911.903723746203,nT
2026-03-20T15:01:00.000Z,BOUV,X,variation,channel,21911.482698975935,nT
2026-03-20T15:02:00.000Z,BOUV,X,variation,channel,21910.03678625744,nT
2026-03-20T15:03:00.000Z,BOUV,X,variation,channel,21910.01498648347,nT
2026-03-20T15:04:00.000Z,BOUV,X,variation,channel,21910.072935038217,nT
2026-03-20T15:05:00.000Z,BOUV,X,variation,channel,21909.405038659843,nT
2026-03-20T15:06:00.000Z,BOUV,X,variation,channel,21909.47082508182,nT
2026-03-20T15:07:00.000Z,BOUV,X,variation,channel,21909.395090051505,nT
2026-03-20T15:08:00.000Z,BOUV,X,variation,channel,21909.02321932378,nT
2026-03-20T15:09:00.000Z,BOUV,X,variation,channel,21909.150205631504,nT
2026-03-20T15:10:00.000Z,BOUV,X,variation,channel,21908.888877371464,nT
2026-03-20T15:11:00.000Z,BOUV,X,variation,channel,21908.292073394994,nT
2026-03-20T15:12:00.000Z,BOUV,X,variation,channel,21909.22383616915,nT
2026-03-20T15:13:00.000Z,BOUV,X,variation,channel,21909.485695022653,nT
2026-03-20T15:14:00.000Z,BOUV,X,variation,channel,21909.614750587036,nT
2026-03-20T15:15:00.000Z,BOUV,X,variation,channel,21909.502221551465,nT
2026-03-20T15:16:00.000Z,BOUV,X,variation,channel,21909.458719504528,nT
2026-03-20T15:17:00.000Z,BOUV,X,variation,channel,21909.750305259113,nT
2026-03-20T15:18:00.000Z,BOUV,X,variation,channel,21909.485671995666,nT
2026-03-20T15:19:00.000Z,BOUV,X,variation,channel,21909.059705752206,nT
2026-03-20T15:20:00.000Z,BOUV,X,variation,channel,21908.46557495005,nT
2026-03-20T15:21:00.000Z,BOUV,X,variation,channel,21907.81759109447,nT
2026-03-20T15:22:00.000Z,BOUV,X,variation,channel,21907.190569463786,nT
2026-03-20T15:23:00.000Z,BOUV,X,variation,channel,21906.82491541451,nT
2026-03-20T15:24:00.000Z,BOUV,X,variation,channel,21907.342490163566,nT
2026-03-20T15:25:00.000Z,BOUV,X,variation,channel,21906.86487438783,nT
2026-03-20T15:26:00.000Z,BOUV,X,variation,channel,21907.850236794817,nT
2026-03-20T15:27:00.000Z,BOUV,X,variation,channel,21912.370195310414,nT
2026-03-20T15:28:00.000Z,BOUV,X,variation,channel,21911.123750812494,nT
2026-03-20T15:29:00.000Z,BOUV,X,variation,channel,21907.825084598444,nT
2026-03-20T15:30:00.000Z,BOUV,X,variation,channel,21908.436966852983,nT
2026-03-20T15:31:00.000Z,BOUV,X,variation,channel,21908.422554408724,nT
2026-03-20T15:32:00.000Z,BOUV,X,variation,channel,21905.30870559657,nT
2026-03-20T15:33:00.000Z,BOUV,X,variation,channel,21904.854600476152,nT
2026-03-20T15:34:00.000Z,BOUV,X,variation,channel,21905.186788498468,nT
2026-03-20T15:35:00.000Z,BOUV,X,variation,channel,21905.625228052966,nT
2026-03-20T15:36:00.000Z,BOUV,X,variation,channel,21905.971684693763,nT
2026-03-20T15:37:00.000Z,BOUV,X,variation,channel,21908.169820104755,nT
2026-03-20T15:38:00.000Z,BOUV,X,variation,channel,21910.648889402266,nT
2026-03-20T15:39:00.000Z,BOUV,X,variation,channel,21913.135940290933,nT
2026-03-20T15:40:00.000Z,BOUV,X,variation,channel,21913.21464846942,nT
2026-03-20T15:41:00.000Z,BOUV,X,variation,channel,21912.165918186438,nT
2026-03-20T15:42:00.000Z,BOUV,X,variation,channel,21911.64743343304,nT
2026-03-20T15:43:00.000Z,BOUV,X,variation,channel,21912.37979329368,nT
2026-03-20T15:44:00.000Z,BOUV,X,variation,channel,21912.494149919174,nT
2026-03-20T15:45:00.000Z,BOUV,X,variation,channel,21914.17258765624,nT
2026-03-20T15:46:00.000Z,BOUV,X,variation,channel,21914.28082207733,nT
2026-03-20T15:47:00.000Z,BOUV,X,variation,channel,21912.781149079514,nT
2026-03-20T15:48:00.000Z,BOUV,X,variation,channel,21916.356961063437,nT
2026-03-20T15:49:00.000Z,BOUV,X,variation,channel,21917.433839204175,nT
2026-03-20T15:50:00.000Z,BOUV,X,variation,channel,21917.288918932678,nT
2026-03-20T15:51:00.000Z,BOUV,X,variation,channel,21917.81059361745,nT
2026-03-20T15:52:00.000Z,BOUV,X,variation,channel,21915.797859314374,nT
2026-03-20T15:53:00.000Z,BOUV,X,variation,channel,21906.44806986101,nT
2026-03-20T15:54:00.000Z,BOUV,X,variation,channel,21909.699334037872,nT
2026-03-20T15:55:00.000Z,BOUV,X,variation,channel,21914.803319794974,nT
2026-03-20T15:56:00.000Z,BOUV,X,variation,channel,21918.387618400295,nT
2026-03-20T15:57:00.000Z,BOUV,X,variation,channel,21915.431416421387,nT
2026-03-20T15:58:00.000Z,BOUV,X,variation,channel,21916.2012287315,nT
2026-03-20T15:59:00.000Z,BOUV,X,variation,channel,21922.030650205405,nT
2026-03-20T16:00:00.000Z,BOUV,X,variation,channel,21920.141828921653,nT
2026-03-20T16:01:00.000Z,BOUV,X,variation,channel,21913.894803628973,nT
2026-03-20T16:02:00.000Z,BOUV,X,variation,channel,21911.509414020242,nT
2026-03-20T16:03:00.000Z,BOUV,X,variation,channel,21912.98204338558,nT
2026-03-20T16:04:00.000Z,BOUV,X,variation,channel,21912.03929084873,nT
2026-03-20T16:05:00.000Z,BOUV,X,variation,channel,21908.056219070375,nT
2026-03-20T16:06:00.000Z,BOUV,X,variation,channel,21909.685973584976,nT
2026-03-20T16:07:00.000Z,BOUV,X,variation,channel,21907.669781090524,nT
2026-03-20T16:08:00.000Z,BOUV,X,variation,channel,21908.403419320694,nT
2026-03-20T16:09:00.000Z,BOUV,X,variation,channel,21910.107679008714,nT
2026-03-20T16:10:00.000Z,BOUV,X,variation,channel,21912.112192820012,nT
2026-03-20T16:11:00.000Z,BOUV,X,variation,channel,21912.00954543077,nT
2026-03-20T16:12:00.000Z,BOUV,X,variation,channel,21911.179120902674,nT
2026-03-20T16:13:00.000Z,BOUV,X,variation,channel,21910.912576731946,nT
2026-03-20T16:14:00.000Z,BOUV,X,variation,channel,21910.533617823003,nT
2026-03-20T16:15:00.000Z,BOUV,X,variation,channel,21909.67924552856,nT
2026-03-20T16:16:00.000Z,BOUV,X,variation,channel,21908.982874321835,nT
2026-03-20T16:17:00.000Z,BOUV,X,variation,channel,21909.80381348307,nT
2026-03-20T16:18:00.000Z,BOUV,X,variation,channel,21910.056450353994,nT
2026-03-20T16:19:00.000Z,BOUV,X,variation,channel,21909.172240467018,nT
2026-03-20T16:20:00.000Z,BOUV,X,variation,channel,21908.996567257145,nT
2026-03-20T16:21:00.000Z,BOUV,X,variation,channel,21908.314142199175,nT
2026-03-20T16:22:00.000Z,BOUV,X,variation,channel,21908.41476973576,nT
2026-03-20T16:23:00.000Z,BOUV,X,variation,channel,21908.74762826121,nT
2026-03-20T16:24:00.000Z,BOUV,X,variation,channel,21908.934234844346,nT
2026-03-20T16:25:00.000Z,BOUV,X,variation,channel,21909.0946195955,nT
2026-03-20T16:26:00.000Z,BOUV,X,variation,channel,21909.04427500963,nT
2026-03-20T16:27:00.000Z,BOUV,X,variation,channel,21908.70523179805,nT
2026-03-20T16:28:00.000Z,BOUV,X,variation,channel,21908.447862052355,nT
2026-03-20T16:29:00.000Z,BOUV,X,variation,channel,21904.642985974497,nT
2026-03-20T16:30:00.000Z,BOUV,X,variation,channel,21903.774068333198,nT
2026-03-20T16:31:00.000Z,BOUV,X,variation,channel,21904.280793022335,nT
2026-03-20T16:32:00.000Z,BOUV,X,variation,channel,21904.634629898646,nT
2026-03-20T16:33:00.000Z,BOUV,X,variation,channel,21904.421290325798,nT
2026-03-20T16:34:00.000Z,BOUV,X,variation,channel,21904.54569535157,nT
2026-03-20T16:35:00.000Z,BOUV,X,variation,channel,21904.447842154546,nT
2026-03-20T16:36:00.000Z,BOUV,X,variation,channel,21904.037310001437,nT
2026-03-20T16:37:00.000Z,BOUV,X,variation,channel,21903.877251122467,nT
2026-03-20T16:38:00.000Z,BOUV,X,variation,channel,21904.5944397471,nT
2026-03-20T16:39:00.000Z,BOUV,X,variation,channel,21903.669798699855,nT
2026-03-20T16:40:00.000Z,BOUV,X,variation,channel,21902.419775083425,nT
2026-03-20T16:41:00.000Z,BOUV,X,variation,channel,21901.959543942936,nT
2026-03-20T16:42:00.000Z,BOUV,X,variation,channel,21900.55136374791,nT
2026-03-20T16:43:00.000Z,BOUV,X,variation,channel,21900.123181710234,nT
2026-03-20T16:44:00.000Z,BOUV,X,variation,channel,21902.27708077203,nT
2026-03-20T16:45:00.000Z,BOUV,X,variation,channel,21901.60466382163,nT
2026-03-20T16:46:00.000Z,BOUV,X,variation,channel,21901.275571654456,nT
2026-03-20T16:47:00.000Z,BOUV,X,variation,channel,21901.221454834995,nT
2026-03-20T16:48:00.000Z,BOUV,X,variation,channel,21900.447233040246,nT
2026-03-20T16:49:00.000Z,BOUV,X,variation,channel,21900.047765599065,nT
2026-03-20T16:50:00.000Z,BOUV,X,variation,channel,21899.562328579217,nT
2026-03-20T16:51:00.000Z,BOUV,X,variation,channel,21900.423147492664,nT
2026-03-20T16:52:00.000Z,BOUV,X,variation,channel,21901.220911253735,nT
2026-03-20T16:53:00.000Z,BOUV,X,variation,channel,21900.105221003556,nT
2026-03-20T16:54:00.000Z,BOUV,X,variation,channel,21901.243474040544,nT
2026-03-20T16:55:00.000Z,BOUV,X,variation,channel,21901.083216393345,nT
2026-03-20T16:56:00.000Z,BOUV,X,variation,channel,21901.145057924245,nT
2026-03-20T16:57:00.000Z,BOUV,X,variation,channel,21900.772117810964,nT
2026-03-20T16:58:00.000Z,BOUV,X,variation,channel,21900.801148814255,nT
2026-03-20T16:59:00.000Z,BOUV,X,variation,channel,21900.853832594345,nT
2026-03-20T17:00:00.000Z,BOUV,X,variation,channel,21900.40159316638,nT
2026-03-20T17:01:00.000Z,BOUV,X,variation,channel,21900.09911763993,nT
2026-03-20T17:02:00.000Z,BOUV,X,variation,channel,21899.730442426004,nT
2026-03-20T17:03:00.000Z,BOUV,X,variation,channel,21899.594465278293,nT
2026-03-20T17:04:00.000Z,BOUV,X,variation,channel,21900.041260448776,nT
2026-03-20T17:05:00.000Z,BOUV,X,variation,channel,21899.701759848573,nT
2026-03-20T17:06:00.000Z,BOUV,X,variation,channel,21900.462227313976,nT
2026-03-20T17:07:00.000Z,BOUV,X,variation,channel,21901.30966174056,nT
2026-03-20T17:08:00.000Z,BOUV,X,variation,channel,21900.99527171584,nT
2026-03-20T17:09:00.000Z,BOUV,X,variation,channel,21901.079212060813,nT
2026-03-20T17:10:00.000Z,BOUV,X,variation,channel,21900.854158047936,nT
2026-03-20T17:11:00.000Z,BOUV,X,variation,channel,21900.244053928905,nT
2026-03-20T17:12:00.000Z,BOUV,X,variation,channel,21900.198367818753,nT
2026-03-20T17:13:00.000Z,BOUV,X,variation,channel,21899.77335016856,nT
2026-03-20T17:14:00.000Z,BOUV,X,variation,channel,21900.560745282273,nT
2026-03-20T17:15:00.000Z,BOUV,X,variation,channel,21900.932521929117,nT
2026-03-20T17:16:00.000Z,BOUV,X,variation,channel,21900.691836999118,nT
2026-03-20T17:17:00.000Z,BOUV,X,variation,channel,21901.204540804174,nT
2026-03-20T17:18:00.000Z,BOUV,X,variation,channel,21900.923520554625,nT
2026-03-20T17:19:00.000Z,BOUV,X,variation,channel,21899.928276796047,nT
2026-03-20T17:20:00.000Z,BOUV,X,variation,channel,21899.641815594066,nT
2026-03-20T17:21:00.000Z,BOUV,X,variation,channel,21901.507496066588,nT
2026-03-20T17:22:00.000Z,BOUV,X,variation,channel,21902.903820212512,nT
2026-03-20T17:23:00.000Z,BOUV,X,variation,channel,21903.960407373375,nT
2026-03-20T17:24:00.000Z,BOUV,X,variation,channel,21903.2272957504,nT
2026-03-20T17:25:00.000Z,BOUV,X,variation,channel,21902.797411376978,nT
2026-03-20T17:26:00.000Z,BOUV,X,variation,channel,21901.09363039709,nT
2026-03-20T17:27:00.000Z,BOUV,X,variation,channel,21900.713626015877,nT
2026-03-20T17:28:00.000Z,BOUV,X,variation,channel,21901.947516111843,nT
2026-03-20T17:29:00.000Z,BOUV,X,variation,channel,21902.724091773947,nT
2026-03-20T17:30:00.000Z,BOUV,X,variation,channel,21902.741719629983,nT
2026-03-20T17:31:00.000Z,BOUV,X,variation,channel,21903.3298910401,nT
2026-03-20T17:32:00.000Z,BOUV,X,variation,channel,21903.714412040077,nT
2026-03-20T17:33:00.000Z,BOUV,X,variation,channel,21904.29233593234,nT
2026-03-20T17:34:00.000Z,BOUV,X,variation,channel,21906.687300989466,nT
2026-03-20T17:35:00.000Z,BOUV,X,variation,channel,21906.277620248566,nT
2026-03-20T17:36:00.000Z,BOUV,X,variation,channel,21907.07209295649,nT
2026-03-20T17:37:00.000Z,BOUV,X,variation,channel,21906.985393561547,nT
2026-03-20T17:38:00.000Z,BOUV,X,variation,channel,21905.599133786316,nT
2026-03-20T17:39:00.000Z,BOUV,X,variation,channel,21905.40946194816,nT
2026-03-20T17:40:00.000Z,BOUV,X,variation,channel,21905.052610248782,nT
2026-03-20T17:41:00.000Z,BOUV,X,variation,channel,21905.248407377523,nT
2026-03-20T17:42:00.000Z,BOUV,X,variation,channel,21905.897483422064,nT
2026-03-20T17:43:00.000Z,BOUV,X,variation,channel,21907.899219777177,nT
2026-03-20T17:44:00.000Z,BOUV,X,variation,channel,21908.91202491188,nT
2026-03-20T17:45:00.000Z,BOUV,X,variation,channel,21908.923607451565,nT
2026-03-20T17:46:00.000Z,BOUV,X,variation,channel,21909.884798050796,nT
2026-03-20T17:47:00.000Z,BOUV,X,variation,channel,21909.94013397558,nT
2026-03-20T17:48:00.000Z,BOUV,X,variation,channel,21909.094376272828,nT
2026-03-20T17:49:00.000Z,BOUV,X,variation,channel,21908.57504901557,nT
2026-03-20T17:50:00.000Z,BOUV,X,variation,channel,21907.31140575894,nT
2026-03-20T17:51:00.000Z,BOUV,X,variation,channel,21907.538119216257,nT
2026-03-20T17:52:00.000Z,BOUV,X,variation,channel,21907.744054373194,nT
2026-03-20T17:53:00.000Z,BOUV,X,variation,channel,21908.606564197442,nT
2026-03-20T17:54:00.000Z,BOUV,X,variation,channel,21909.298232679965,nT
2026-03-20T17:55:00.000Z,BOUV,X,variation,channel,21910.237211077932,nT
2026-03-20T17:56:00.000Z,BOUV,X,variation,channel,21909.27176994935,nT
2026-03-20T17:57:00.000Z,BOUV,X,variation,channel,21910.129752755172,nT
2026-03-20T17:58:00.000Z,BOUV,X,variation,channel,21909.3489885447,nT
2026-03-20T17:59:00.000Z,BOUV,X,variation,channel,21909.41835029932,nT
2026-03-20T18:00:00.000Z,BOUV,X,variation,channel,21910.96844296845,nT
2026-03-20T18:01:00.000Z,BOUV,X,variation,channel,21911.268348585778,nT
2026-03-20T18:02:00.000Z,BOUV,X,variation,channel,21911.39923520366,nT
2026-03-20T18:03:00.000Z,BOUV,X,variation,channel,21911.09950524413,nT
2026-03-20T18:04:00.000Z,BOUV,X,variation,channel,21910.33111883607,nT
2026-03-20T18:05:00.000Z,BOUV,X,variation,channel,21910.938863379823,nT
2026-03-20T18:06:00.000Z,BOUV,X,variation,channel,21911.326632223336,nT
2026-03-20T18:07:00.000Z,BOUV,X,variation,channel,21912.264668823744,nT
2026-03-20T18:08:00.000Z,BOUV,X,variation,channel,21911.548713269618,nT
2026-03-20T18:09:00.000Z,BOUV,X,variation,channel,21910.583329484212,nT
2026-03-20T18:10:00.000Z,BOUV,X,variation,channel,21910.62594988308,nT
2026-03-20T18:11:00.000Z,BOUV,X,variation,channel,21910.924031552055,nT
2026-03-20T18:12:00.000Z,BOUV,X,variation,channel,21911.258596605585,nT
2026-03-20T18:13:00.000Z,BOUV,X,variation,channel,21911.23655748058,nT
2026-03-20T18:14:00.000Z,BOUV,X,variation,channel,21911.99004894933,nT
2026-03-20T18:15:00.000Z,BOUV,X,variation,channel,21910.615092154447,nT
2026-03-20T18:16:00.000Z,BOUV,X,variation,channel,21910.663818294674,nT
2026-03-20T18:17:00.000Z,BOUV,X,variation,channel,21910.810450582045,nT
2026-03-20T18:18:00.000Z,BOUV,X,variation,channel,21910.79888601436,nT
2026-03-20T18:19:00.000Z,BOUV,X,variation,channel,21910.18249548088,nT
2026-03-20T18:20:00.000Z,BOUV,X,variation,channel,21910.679362194165,nT
2026-03-20T18:21:00.000Z,BOUV,X,variation,channel,21910.737833139538,nT
2026-03-20T18:22:00.000Z,BOUV,X,variation,channel,21911.857879276413,nT
2026-03-20T18:23:00.000Z,BOUV,X,variation,channel,21913.928545707942,nT
2026-03-20T18:24:00.000Z,BOUV,X,variation,channel,21914.92589349424,nT
2026-03-20T18:25:00.000Z,BOUV,X,variation,channel,21915.26627248233,nT
2026-03-20T18:26:00.000Z,BOUV,X,variation,channel,21915.80371703881,nT
2026-03-20T18:27:00.000Z,BOUV,X,variation,channel,21916.08073999219,nT
2026-03-20T18:28:00.000Z,BOUV,X,variation,channel,21914.567740227852,nT
2026-03-20T18:29:00.000Z,BOUV,X,variation,channel,21913.18140281654,nT
2026-03-20T18:30:00.000Z,BOUV,X,variation,channel,21913.76675477865,nT
2026-03-20T18:31:00.000Z,BOUV,X,variation,channel,21913.443104399474,nT
2026-03-20T18:32:00.000Z,BOUV,X,variation,channel,21911.638192351038,nT
2026-03-20T18:33:00.000Z,BOUV,X,variation,channel,21910.895102107494,nT
2026-03-20T18:34:00.000Z,BOUV,X,variation,channel,21911.974916044055,nT
2026-03-20T18:35:00.000Z,BOUV,X,variation,channel,21911.397435947583,nT
2026-03-20T18:36:00.000Z,BOUV,X,variation,channel,21912.48208582256,nT
2026-03-20T18:37:00.000Z,BOUV,X,variation,channel,21912.55141431719,nT
2026-03-20T18:38:00.000Z,BOUV,X,variation,channel,21913.60707352412,nT
2026-03-20T18:39:00.000Z,BOUV,X,variation,channel,21914.944386777246,nT
2026-03-20T18:40:00.000Z,BOUV,X,variation,channel,21915.329832975804,nT
2026-03-20T18:41:00.000Z,BOUV,X,variation,channel,21916.494374110145,nT
2026-03-20T18:42:00.000Z,BOUV,X,variation,channel,21916.705942685527,nT
2026-03-20T18:43:00.000Z,BOUV,X,variation,channel,21915.85062010621,nT
2026-03-20T18:44:00.000Z,BOUV,X,variation,channel,21916.459091830173,nT
2026-03-20T18:45:00.000Z,BOUV,X,variation,channel,21916.88159699583,nT
2026-03-20T18:46:00.000Z,BOUV,X,variation,channel,21917.78136864428,nT
2026-03-20T18:47:00.000Z,BOUV,X,variation,channel,21917.916619575328,nT
2026-03-20T18:48:00.000Z,BOUV,X,variation,channel,21917.20499465141,nT
2026-03-20T18:49:00.000Z,BOUV,X,variation,channel,21919.02967372603,nT
2026-03-20T18:50:00.000Z,BOUV,X,variation,channel,21918.120892587667,nT
2026-03-20T18:51:00.000Z,BOUV,X,variation,channel,21917.02036506634,nT
2026-03-20T18:52:00.000Z,BOUV,X,variation,channel,21913.86367735881,nT
2026-03-20T18:53:00.000Z,BOUV,X,variation,channel,21905.875257381063,nT
2026-03-20T18:54:00.000Z,BOUV,X,variation,channel,21902.770667356068,nT
2026-03-20T18:55:00.000Z,BOUV,X,variation,channel,21907.431579766424,nT
2026-03-20T18:56:00.000Z,BOUV,X,variation,channel,21908.461153854216,nT
2026-03-20T18:57:00.000Z,BOUV,X,variation,channel,21907.517347416608,nT
2026-03-20T18:58:00.000Z,BOUV,X,variation,channel,21903.83601025212,nT
2026-03-20T18:59:00.000Z,BOUV,X,variation,channel,21900.85745428652,nT
2026-03-20T19:00:00.000Z,BOUV,X,variation,channel,21902.360933617216,nT
2026-03-20T19:01:00.000Z,BOUV,X,variation,channel,21905.132209833588,nT
2026-03-20T19:02:00.000Z,BOUV,X,variation,channel,21904.89773911806,nT
2026-03-20T19:03:00.000Z,BOUV,X,variation,channel,21904.61831236645,nT
2026-03-20T19:04:00.000Z,BOUV,X,variation,channel,21904.844616889346,nT
2026-03-20T19:05:00.000Z,BOUV,X,variation,channel,21905.585085174338,nT
2026-03-20T19:06:00.000Z,BOUV,X,variation,channel,21906.22557942647,nT
2026-03-20T19:07:00.000Z,BOUV,X,variation,channel,21907.465209927737,nT
2026-03-20T19:08:00.000Z,BOUV,X,variation,channel,21908.459623326584,nT
2026-03-20T19:09:00.000Z,BOUV,X,variation,channel,21908.785724654408,nT
2026-03-20T19:10:00.000Z,BOUV,X,variation,channel,21909.309545332264,nT
2026-03-20T19:11:00.000Z,BOUV,X,variation,channel,21912.92424035727,nT
2026-03-20T19:12:00.000Z,BOUV,X,variation,channel,21915.666923132394,nT
2026-03-20T19:13:00.000Z,BOUV,X,variation,channel,21915.914145056653,nT
2026-03-20T19:14:00.000Z,BOUV,X,variation,channel,21916.88613907468,nT
2026-03-20T19:15:00.000Z,BOUV,X,variation,channel,21915.79360852579,nT
2026-03-20T19:16:00.000Z,BOUV,X,variation,channel,21918.10044899,nT
2026-03-20T19:17:00.000Z,BOUV,X,variation,channel,21921.885839220737,nT
2026-03-20T19:18:00.000Z,BOUV,X,variation,channel,21920.752034507397,nT
2026-03-20T19:19:00.000Z,BOUV,X,variation,channel,21921.903589634312,nT
2026-03-20T19:20:00.000Z,BOUV,X,variation,channel,21925.428509214275,nT
2026-03-20T19:21:00.000Z,BOUV,X,variation,channel,21929.724392157616,nT
2026-03-20T19:22:00.000Z,BOUV,X,variation,channel,21930.224938252533,nT
2026-03-20T19:23:00.000Z,BOUV,X,variation,channel,21928.101989868053,nT
2026-03-20T19:24:00.000Z,BOUV,X,variation,channel,21928.614527267782,nT
2026-03-20T19:25:00.000Z,BOUV,X,variation,channel,21929.30510545908,nT
2026-03-20T19:26:00.000Z,BOUV,X,variation,channel,21930.22588862179,nT
2026-03-20T19:27:00.000Z,BOUV,X,variation,channel,21927.79237890248,nT
2026-03-20T19:28:00.000Z,BOUV,X,variation,channel,21925.988235426863,nT
2026-03-20T19:29:00.000Z,BOUV,X,variation,channel,21926.84943087277,nT
2026-03-20T19:30:00.000Z,BOUV,X,variation,channel,21924.897899522985,nT
2026-03-20T19:31:00.000Z,BOUV,X,variation,channel,21921.570154479512,nT
2026-03-20T19:32:00.000Z,BOUV,X,variation,channel,21921.021600155935,nT
2026-03-20T19:33:00.000Z,BOUV,X,variation,channel,21920.748347027802,nT
2026-03-20T19:34:00.000Z,BOUV,X,variation,channel,21921.988033796188,nT
2026-03-20T19:35:00.000Z,BOUV,X,variation,channel,21919.66330879222,nT
2026-03-20T19:36:00.000Z,BOUV,X,variation,channel,21918.25907827094,nT
2026-03-20T19:37:00.000Z,BOUV,X,variation,channel,21919.36366154466,nT
2026-03-20T19:38:00.000Z,BOUV,X,variation,channel,21919.72939995323,nT
2026-03-20T19:39:00.000Z,BOUV,X,variation,channel,21918.88299798829,nT
2026-03-20T19:40:00.000Z,BOUV,X,variation,channel,21918.8373065512,nT
2026-03-20T19:41:00.000Z,BOUV,X,variation,channel,21919.06007495209,nT
2026-03-20T19:42:00.000Z,BOUV,X,variation,channel,21920.709250302192,nT
2026-03-20T19:43:00.000Z,BOUV,X,variation,channel,21919.644488132253,nT
2026-03-20T19:44:00.000Z,BOUV,X,variation,channel,21918.009718503377,nT
2026-03-20T19:45:00.000Z,BOUV,X,variation,channel,21918.638534566482,nT
2026-03-20T19:46:00.000Z,BOUV,X,variation,channel,21920.34969318284,nT
2026-03-20T19:47:00.000Z,BOUV,X,variation,channel,21917.93049188915,nT
2026-03-20T19:48:00.000Z,BOUV,X,variation,channel,21915.95940019399,nT
2026-03-20T19:49:00.000Z,BOUV,X,variation,channel,21917.1327443543,nT
2026-03-20T19:50:00.000Z,BOUV,X,variation,channel,21915.96292853314,nT
2026-03-20T19:51:00.000Z,BOUV,X,variation,channel,21914.89049338977,nT
2026-03-20T19:52:00.000Z,BOUV,X,variation,channel,21913.69186308852,nT
2026-03-20T19:53:00.000Z,BOUV,X,variation,channel,21913.466492380732,nT
2026-03-20T19:54:00.000Z,BOUV,X,variation,channel,21913.69814683744,nT
2026-03-20T19:55:00.000Z,BOUV,X,variation,channel,21912.882240670537,nT
2026-03-20T19:56:00.000Z,BOUV,X,variation,channel,21912.8631595015,nT
2026-03-20T19:57:00.000Z,BOUV,X,variation,channel,21915.514829185733,nT
2026-03-20T19:58:00.000Z,BOUV,X,variation,channel,21917.341667313336,nT
2026-03-20T19:59:00.000Z,BOUV,X,variation,channel,21915.826981581664,nT
2026-03-20T20:00:00.000Z,BOUV,X,variation,channel,21919.071293771707,nT
2026-03-20T20:01:00.000Z,BOUV,X,variation,channel,21918.747614108623,nT
2026-03-20T20:02:00.000Z,BOUV,X,variation,channel,21914.182631498054,nT
2026-03-20T20:03:00.000Z,BOUV,X,variation,channel,21912.64683600946,nT
2026-03-20T20:04:00.000Z,BOUV,X,variation,channel,21915.0021648841,nT
2026-03-20T20:05:00.000Z,BOUV,X,variation,channel,21912.391484296633,nT
2026-03-20T20:06:00.000Z,BOUV,X,variation,channel,21908.28522126062,nT
2026-03-20T20:07:00.000Z,BOUV,X,variation,channel,21910.51666206761,nT
2026-03-20T20:08:00.000Z,BOUV,X,variation,channel,21910.744434264725,nT
2026-03-20T20:09:00.000Z,BOUV,X,variation,channel,21911.44724625484,nT
2026-03-20T20:10:00.000Z,BOUV,X,variation,channel,21913.99167713708,nT
2026-03-20T20:11:00.000Z,BOUV,X,variation,channel,21899.06746755449,nT
2026-03-20T20:12:00.000Z,BOUV,X,variation,channel,21889.125857477353,nT
2026-03-20T20:13:00.000Z,BOUV,X,variation,channel,21889.08945528449,nT
2026-03-20T20:14:00.000Z,BOUV,X,variation,channel,21889.309327979878,nT
2026-03-20T20:15:00.000Z,BOUV,X,variation,channel,21888.35442154006,nT
2026-03-20T20:16:00.000Z,BOUV,X,variation,channel,21888.191562502067,nT
2026-03-20T20:17:00.000Z,BOUV,X,variation,channel,21890.343833656723,nT
2026-03-20T20:18:00.000Z,BOUV,X,variation,channel,21891.11998830079,nT
2026-03-20T20:19:00.000Z,BOUV,X,variation,channel,21890.82652218241,nT
2026-03-20T20:20:00.000Z,BOUV,X,variation,channel,21888.66588699516,nT
2026-03-20T20:21:00.000Z,BOUV,X,variation,channel,21890.652476067844,nT
2026-03-20T20:22:00.000Z,BOUV,X,variation,channel,21890.897463129455,nT
2026-03-20T20:23:00.000Z,BOUV,X,variation,channel,21894.43325114686,nT
2026-03-20T20:24:00.000Z,BOUV,X,variation,channel,21897.668667911166,nT
2026-03-20T20:25:00.000Z,BOUV,X,variation,channel,21895.28566929231,nT
2026-03-20T20:26:00.000Z,BOUV,X,variation,channel,21894.30993908022,nT
2026-03-20T20:27:00.000Z,BOUV,X,variation,channel,21894.426107418047,nT
2026-03-20T20:28:00.000Z,BOUV,X,variation,channel,21892.711544674963,nT
2026-03-20T20:29:00.000Z,BOUV,X,variation,channel,21891.140912678376,nT
2026-03-20T20:30:00.000Z,BOUV,X,variation,channel,21889.300438590442,nT
2026-03-20T20:31:00.000Z,BOUV,X,variation,channel,21888.99548056476,nT
2026-03-20T20:32:00.000Z,BOUV,X,variation,channel,21887.901339011652,nT
2026-03-20T20:33:00.000Z,BOUV,X,variation,channel,21885.851847418755,nT
2026-03-20T20:34:00.000Z,BOUV,X,variation,channel,21888.699256944314,nT
2026-03-20T20:35:00.000Z,BOUV,X,variation,channel,21896.505035637176,nT
2026-03-20T20:36:00.000Z,BOUV,X,variation,channel,21901.464255103434,nT
2026-03-20T20:37:00.000Z,BOUV,X,variation,channel,21900.393561314926,nT
2026-03-20T20:38:00.000Z,BOUV,X,variation,channel,21902.564682815653,nT
2026-03-20T20:39:00.000Z,BOUV,X,variation,channel,21905.542726587402,nT
2026-03-20T20:40:00.000Z,BOUV,X,variation,channel,21907.953837999703,nT
2026-03-20T20:41:00.000Z,BOUV,X,variation,channel,21903.13238012001,nT
2026-03-20T20:42:00.000Z,BOUV,X,variation,channel,21901.6466199466,nT
2026-03-20T20:43:00.000Z,BOUV,X,variation,channel,21900.516421088254,nT
2026-03-20T20:44:00.000Z,BOUV,X,variation,channel,21906.71558151244,nT
2026-03-20T20:45:00.000Z,BOUV,X,variation,channel,21905.583389624284,nT
2026-03-20T20:46:00.000Z,BOUV,X,variation,channel,21910.04195667361,nT
2026-03-20T20:47:00.000Z,BOUV,X,variation,channel,21911.727747381956,nT
2026-03-20T20:48:00.000Z,BOUV,X,variation,channel,21910.580070668402,nT
2026-03-20T20:49:00.000Z,BOUV,X,variation,channel,21915.087139909592,nT
2026-03-20T20:50:00.000Z,BOUV,X,variation,channel,21917.269251782145,nT
2026-03-20T20:51:00.000Z,BOUV,X,variation,channel,21919.907330279624,nT
2026-03-20T20:52:00.000Z,BOUV,X,variation,channel,21921.860863655154,nT
2026-03-20T20:53:00.000Z,BOUV,X,variation,channel,21923.68223097009,nT
2026-03-20T20:54:00.000Z,BOUV,X,variation,channel,21931.225812436616,nT
2026-03-20T20:55:00.000Z,BOUV,X,variation,channel,21950.784102144004,nT
2026-03-20T20:56:00.000Z,BOUV,X,variation,channel,21980.956592773637,nT
2026-03-20T20:57:00.000Z,BOUV,X,variation,channel,21978.273927928418,nT
2026-03-20T20:58:00.000Z,BOUV,X,variation,channel,21971.3469336383,nT
2026-03-20T20:59:00.000Z,BOUV,X,variation,channel,21969.93480920398,nT
2026-03-20T21:00:00.000Z,BOUV,X,variation,channel,21974.590019798277,nT
2026-03-20T21:01:00.000Z,BOUV,X,variation,channel,21980.220778327868,nT
2026-03-20T21:02:00.000Z,BOUV,X,variation,channel,21978.72794073125,nT
2026-03-20T21:03:00.000Z,BOUV,X,variation,channel,21978.076828265406,nT
2026-03-20T21:04:00.000Z,BOUV,X,variation,channel,21972.943226829433,nT
2026-03-20T21:05:00.000Z,BOUV,X,variation,channel,21985.903501159548,nT
2026-03-20T21:06:00.000Z,BOUV,X,variation,channel,21989.82387454419,nT
2026-03-20T21:07:00.000Z,BOUV,X,variation,channel,22011.07760020741,nT
2026-03-20T21:08:00.000Z,BOUV,X,variation,channel,22007.782672209916,nT
2026-03-20T21:09:00.000Z,BOUV,X,variation,channel,22002.90976236716,nT
2026-03-20T21:10:00.000Z,BOUV,X,variation,channel,22004.804753641107,nT
2026-03-20T21:11:00.000Z,BOUV,X,variation,channel,21986.652900058118,nT
2026-03-20T21:12:00.000Z,BOUV,X,variation,channel,21975.526972773998,nT
2026-03-20T21:13:00.000Z,BOUV,X,variation,channel,21971.048753538966,nT
2026-03-20T21:14:00.000Z,BOUV,X,variation,channel,21967.511564156444,nT
2026-03-20T21:15:00.000Z,BOUV,X,variation,channel,21959.997185268956,nT
2026-03-20T21:16:00.000Z,BOUV,X,variation,channel,21970.793840897648,nT
2026-03-20T21:17:00.000Z,BOUV,X,variation,channel,21956.130425001087,nT
2026-03-20T21:18:00.000Z,BOUV,X,variation,channel,21939.123170335293,nT
2026-03-20T21:19:00.000Z,BOUV,X,variation,channel,21938.212242440597,nT
2026-03-20T21:20:00.000Z,BOUV,X,variation,channel,21934.631405451037,nT
2026-03-20T21:21:00.000Z,BOUV,X,variation,channel,21933.45820098278,nT
2026-03-20T21:22:00.000Z,BOUV,X,variation,channel,21942.21028474193,nT
2026-03-20T21:23:00.000Z,BOUV,X,variation,channel,21939.76262035333,nT
2026-03-20T21:24:00.000Z,BOUV,X,variation,channel,21941.740554098335,nT
2026-03-20T21:25:00.000Z,BOUV,X,variation,channel,21935.662343238087,nT
2026-03-20T21:26:00.000Z,BOUV,X,variation,channel,21938.945555233706,nT
2026-03-20T21:27:00.000Z,BOUV,X,variation,channel,21932.037882861438,nT
2026-03-20T21:28:00.000Z,BOUV,X,variation,channel,21934.65803990898,nT
2026-03-20T21:29:00.000Z,BOUV,X,variation,channel,21931.68674725142,nT
2026-03-20T21:30:00.000Z,BOUV,X,variation,channel,21933.120742623825,nT
2026-03-20T21:31:00.000Z,BOUV,X,variation,channel,21929.599793642294,nT
2026-03-20T21:32:00.000Z,BOUV,X,variation,channel,21928.007667930306,nT
2026-03-20T21:33:00.000Z,BOUV,X,variation,channel,21934.535528906952,nT
2026-03-20T21:34:00.000Z,BOUV,X,variation,channel,21910.20067737435,nT
2026-03-20T21:35:00.000Z,BOUV,X,variation,channel,21904.76777347402,nT
2026-03-20T21:36:00.000Z,BOUV,X,variation,channel,21911.375492897034,nT
2026-03-20T21:37:00.000Z,BOUV,X,variation,channel,21921.92572482656,nT
2026-03-20T21:38:00.000Z,BOUV,X,variation,channel,21919.418908009822,nT
2026-03-20T21:39:00.000Z,BOUV,X,variation,channel,21903.068889441623,nT
2026-03-20T21:40:00.000Z,BOUV,X,variation,channel,21908.18548879876,nT
2026-03-20T21:41:00.000Z,BOUV,X,variation,channel,21902.175683188976,nT
2026-03-20T21:42:00.000Z,BOUV,X,variation,channel,21900.140623990486,nT
2026-03-20T21:43:00.000Z,BOUV,X,variation,channel,21901.744911006408,nT
2026-03-20T21:44:00.000Z,BOUV,X,variation,channel,21903.44487051568,nT
2026-03-20T21:45:00.000Z,BOUV,X,variation,channel,21904.612103555297,nT
2026-03-20T21:46:00.000Z,BOUV,X,variation,channel,21904.815508558964,nT
2026-03-20T21:47:00.000Z,BOUV,X,variation,channel,21905.320706417504,nT
2026-03-20T21:48:00.000Z,BOUV,X,variation,channel,21910.468331880933,nT
2026-03-20T21:49:00.000Z,BOUV,X,variation,channel,21916.301700426677,nT
2026-03-20T21:50:00.000Z,BOUV,X,variation,channel,21912.64126324772,nT
2026-03-20T21:51:00.000Z,BOUV,X,variation,channel,21908.044755599407,nT
2026-03-20T21:52:00.000Z,BOUV,X,variation,channel,21903.428661730726,nT
2026-03-20T21:53:00.000Z,BOUV,X,variation,channel,21899.031348085962,nT
2026-03-20T21:54:00.000Z,BOUV,X,variation,channel,21890.745703019533,nT
2026-03-20T21:55:00.000Z,BOUV,X,variation,channel,21907.463563668345,nT
2026-03-20T21:56:00.000Z,BOUV,X,variation,channel,21912.059424626324,nT
2026-03-20T21:57:00.000Z,BOUV,X,variation,channel,21905.31745911197,nT
2026-03-20T21:58:00.000Z,BOUV,X,variation,channel,21906.313171235957,nT
2026-03-20T21:59:00.000Z,BOUV,X,variation,channel,21915.25730856851,nT
2026-03-20T22:00:00.000Z,BOUV,X,variation,channel,21929.93527739396,nT
2026-03-20T22:01:00.000Z,BOUV,X,variation,channel,21938.106426078753,nT
2026-03-20T22:02:00.000Z,BOUV,X,variation,channel,21945.598562741303,nT
2026-03-20T22:03:00.000Z,BOUV,X,variation,channel,21958.65504886579,nT
2026-03-20T22:04:00.000Z,BOUV,X,variation,channel,21956.50933383437,nT
2026-03-20T22:05:00.000Z,BOUV,X,variation,channel,21954.23144801192,nT
2026-03-20T22:06:00.000Z,BOUV,X,variation,channel,21962.514742908003,nT
2026-03-20T22:07:00.000Z,BOUV,X,variation,channel,21978.44959722167,nT
2026-03-20T22:08:00.000Z,BOUV,X,variation,channel,21936.735673589134,nT
2026-03-20T22:09:00.000Z,BOUV,X,variation,channel,21918.36145731056,nT
2026-03-20T22:10:00.000Z,BOUV,X,variation,channel,21920.776212642417,nT
2026-03-20T22:11:00.000Z,BOUV,X,variation,channel,21918.418085730456,nT
2026-03-20T22:12:00.000Z,BOUV,X,variation,channel,21912.75536049483,nT
2026-03-20T22:13:00.000Z,BOUV,X,variation,channel,21914.939400281317,nT
2026-03-20T22:14:00.000Z,BOUV,X,variation,channel,21916.153104866793,nT
2026-03-20T22:15:00.000Z,BOUV,X,variation,channel,21914.7224698871,nT
2026-03-20T22:16:00.000Z,BOUV,X,variation,channel,21903.915285729254,nT
2026-03-20T22:17:00.000Z,BOUV,X,variation,channel,21924.09306743127,nT
2026-03-20T22:18:00.000Z,BOUV,X,variation,channel,21913.348952003125,nT
2026-03-20T22:19:00.000Z,BOUV,X,variation,channel,21911.88805603974,nT
2026-03-20T22:20:00.000Z,BOUV,X,variation,channel,21919.419389507762,nT
2026-03-20T22:21:00.000Z,BOUV,X,variation,channel,21916.024925789337,nT
2026-03-20T22:22:00.000Z,BOUV,X,variation,channel,21916.005898218387,nT
2026-03-20T22:23:00.000Z,BOUV,X,variation,channel,21912.57439789339,nT
2026-03-20T22:24:00.000Z,BOUV,X,variation,channel,21911.809753389934,nT
2026-03-20T22:25:00.000Z,BOUV,X,variation,channel,21908.912205022778,nT
2026-03-20T22:26:00.000Z,BOUV,X,variation,channel,21907.91769091486,nT
2026-03-20T22:27:00.000Z,BOUV,X,variation,channel,21907.51359421078,nT
2026-03-20T22:28:00.000Z,BOUV,X,variation,channel,21907.66568950397,nT
2026-03-20T22:29:00.000Z,BOUV,X,variation,channel,21906.549549388394,nT
2026-03-20T22:30:00.000Z,BOUV,X,variation,channel,21896.97313531983,nT
2026-03-20T22:31:00.000Z,BOUV,X,variation,channel,21892.35565174197,nT
2026-03-20T22:32:00.000Z,BOUV,X,variation,channel,21888.67346082535,nT
2026-03-20T22:33:00.000Z,BOUV,X,variation,channel,21888.15864736703,nT
2026-03-20T22:34:00.000Z,BOUV,X,variation,channel,21882.69546468353,nT
2026-03-20T22:35:00.000Z,BOUV,X,variation,channel,21886.151538774695,nT
2026-03-20T22:36:00.000Z,BOUV,X,variation,channel,21894.927768350637,nT
2026-03-20T22:37:00.000Z,BOUV,X,variation,channel,21884.04889700111,nT
2026-03-20T22:38:00.000Z,BOUV,X,variation,channel,21882.304463301967,nT
2026-03-20T22:39:00.000Z,BOUV,X,variation,channel,21895.61081742001,nT
2026-03-20T22:40:00.000Z,BOUV,X,variation,channel,21892.75127427929,nT
2026-03-20T22:41:00.000Z,BOUV,X,variation,channel,21884.52033771271,nT
2026-03-20T22:42:00.000Z,BOUV,X,variation,channel,21903.372654159848,nT
2026-03-20T22:43:00.000Z,BOUV,X,variation,channel,21900.495006419635,nT
2026-03-20T22:44:00.000Z,BOUV,X,variation,channel,21882.435045414237,nT
2026-03-20T22:45:00.000Z,BOUV,X,variation,channel,21878.00577615331,nT
2026-03-20T22:46:00.000Z,BOUV,X,variation,channel,21887.296052928305,nT
2026-03-20T22:47:00.000Z,BOUV,X,variation,channel,21890.559853744635,nT
2026-03-20T22:48:00.000Z,BOUV,X,variation,channel,21886.082020143516,nT
2026-03-20T22:49:00.000Z,BOUV,X,variation,channel,21887.680198658756,nT
2026-03-20T22:50:00.000Z,BOUV,X,variation,channel,21889.33882686268,nT
2026-03-20T22:51:00.000Z,BOUV,X,variation,channel,21889.565939299595,nT
2026-03-20T22:52:00.000Z,BOUV,X,variation,channel,21892.46057826433,nT
2026-03-20T22:53:00.000Z,BOUV,X,variation,channel,21890.033900844563,nT
2026-03-20T22:54:00.000Z,BOUV,X,variation,channel,21886.962630304937,nT
2026-03-20T22:55:00.000Z,BOUV,X,variation,channel,21887.224508740495,nT
2026-03-20T22:56:00.000Z,BOUV,X,variation,channel,21884.68113119896,nT
2026-03-20T22:57:00.000Z,BOUV,X,variation,channel,21884.257681015,nT
2026-03-20T22:58:00.000Z,BOUV,X,variation,channel,21876.358860133194,nT
2026-03-20T22:59:00.000Z,BOUV,X,variation,channel,21871.236309245298,nT
2026-03-20T23:00:00.000Z,BOUV,X,variation,channel,21868.304040435563,nT
2026-03-20T23:01:00.000Z,BOUV,X,variation,channel,21867.448568299173,nT
2026-03-20T23:02:00.000Z,BOUV,X,variation,channel,21858.89529002346,nT
2026-03-20T23:03:00.000Z,BOUV,X,variation,channel,21854.85956519168,nT
2026-03-20T23:04:00.000Z,BOUV,X,variation,channel,21859.176475969805,nT
2026-03-20T23:05:00.000Z,BOUV,X,variation,channel,21852.67882429464,nT
2026-03-20T23:06:00.000Z,BOUV,X,variation,channel,21848.86909512784,nT
2026-03-20T23:07:00.000Z,BOUV,X,variation,channel,21850.771743153324,nT
2026-03-20T23:08:00.000Z,BOUV,X,variation,channel,21841.0417871662,nT
2026-03-20T23:09:00.000Z,BOUV,X,variation,channel,21836.845754474227,nT
2026-03-20T23:10:00.000Z,BOUV,X,variation,channel,21839.705919014013,nT
2026-03-20T23:11:00.000Z,BOUV,X,variation,channel,21840.582448025736,nT
2026-03-20T23:12:00.000Z,BOUV,X,variation,channel,21845.645453289668,nT
2026-03-20T23:13:00.000Z,BOUV,X,variation,channel,21845.866139988477,nT
2026-03-20T23:14:00.000Z,BOUV,X,variation,channel,21844.272192161574,nT
2026-03-20T23:15:00.000Z,BOUV,X,variation,channel,21839.425995130838,nT
2026-03-20T23:16:00.000Z,BOUV,X,variation,channel,21841.18227264879,nT
2026-03-20T23:17:00.000Z,BOUV,X,variation,channel,21847.49692451031,nT
2026-03-20T23:18:00.000Z,BOUV,X,variation,channel,21848.90255874906,nT
2026-03-20T23:19:00.000Z,BOUV,X,variation,channel,21852.12128650219,nT
2026-03-20T23:20:00.000Z,BOUV,X,variation,channel,21845.38263433986,nT
2026-03-20T23:21:00.000Z,BOUV,X,variation,channel,21844.019326615617,nT
2026-03-20T23:22:00.000Z,BOUV,X,variation,channel,21846.068230782126,nT
2026-03-20T23:23:00.000Z,BOUV,X,variation,channel,21850.78690964172,nT
2026-03-20T23:24:00.000Z,BOUV,X,variation,channel,21876.3871265488,nT
2026-03-20T23:25:00.000Z,BOUV,X,variation,channel,21861.36206018805,nT
2026-03-20T23:26:00.000Z,BOUV,X,variation,channel,21860.79780333097,nT
2026-03-20T23:27:00.000Z,BOUV,X,variation,channel,21855.386495919283,nT
2026-03-20T23:28:00.000Z,BOUV,X,variation,channel,21855.418175262435,nT
2026-03-20T23:29:00.000Z,BOUV,X,variation,channel,21849.590762861008,nT
2026-03-20T23:30:00.000Z,BOUV,X,variation,channel,21851.283700219996,nT
2026-03-20T23:31:00.000Z,BOUV,X,variation,channel,21870.92261455766,nT
2026-03-20T23:32:00.000Z,BOUV,X,variation,channel,21867.764458916536,nT
2026-03-20T23:33:00.000Z,BOUV,X,variation,channel,21865.248295083722,nT
2026-03-20T23:34:00.000Z,BOUV,X,variation,channel,21858.33357923547,nT
2026-03-20T23:35:00.000Z,BOUV,X,variation,channel,21860.585243953494,nT
2026-03-20T23:36:00.000Z,BOUV,X,variation,channel,21862.13112016569,nT
2026-03-20T23:37:00.000Z,BOUV,X,variation,channel,21859.132732910028,nT
2026-03-20T23:38:00.000Z,BOUV,X,variation,channel,21861.906999184208,nT
2026-03-20T23:39:00.000Z,BOUV,X,variation,channel,21868.701586529554,nT
2026-03-20T23:40:00.000Z,BOUV,X,variation,channel,21869.98946535992,nT
2026-03-20T23:41:00.000Z,BOUV,X,variation,channel,21874.7284444423,nT
2026-03-20T23:42:00.000Z,BOUV,X,variation,channel,21879.26765342679,nT
2026-03-20T23:43:00.000Z,BOUV,X,variation,channel,21879.768313301334,nT
2026-03-20T23:44:00.000Z,BOUV,X,variation,channel,21878.28198183236,nT
2026-03-20T23:45:00.000Z,BOUV,X,variation,channel,21880.684796175752,nT
2026-03-20T23:46:00.000Z,BOUV,X,variation,channel,21889.14057484803,nT
2026-03-20T23:47:00.000Z,BOUV,X,variation,channel,21890.87643693717,nT
2026-03-20T23:48:00.000Z,BOUV,X,variation,channel,21893.557438197902,nT
2026-03-20T23:49:00.000Z,BOUV,X,variation,channel,21895.423620850645,nT
2026-03-20T23:50:00.000Z,BOUV,X,variation,channel,21899.918146192347,nT
2026-03-20T23:51:00.000Z,BOUV,X,variation,channel,21905.932295207775,nT
2026-03-20T23:52:00.000Z,BOUV,X,variation,channel,21899.92398378231,nT
2026-03-20T23:53:00.000Z,BOUV,X,variation,channel,21900.936286432057,nT
2026-03-20T23:54:00.000Z,BOUV,X,variation,channel,21914.760198804473,nT
2026-03-20T23:55:00.000Z,BOUV,X,variation,channel,21918.29768272198,nT
2026-03-20T23:56:00.000Z,BOUV,X,variation,channel,21909.36257997318,nT
2026-03-20T23:57:00.000Z,BOUV,X,variation,channel,21894.685915121136,nT
2026-03-20T23:58:00.000Z,BOUV,X,variation,channel,21907.41499327177,nT
2026-03-20T23:59:00.000Z,BOUV,X,variation,channel,21916.530167666137,nT
2026-03-21T00:00:00.000Z,BOUV,X,variation,channel,21910.33841643033,nT
2026-03-21T00:01:00.000Z,BOUV,X,variation,channel,21903.547174213858,nT
2026-03-21T00:02:00.000Z,BOUV,X,variation,channel,21902.563309750574,nT
2026-03-21T00:03:00.000Z,BOUV,X,variation,channel,21903.44166824633,nT
2026-03-21T00:04:00.000Z,BOUV,X,variation,channel,21905.391349271038,nT
2026-03-21T00:05:00.000Z,BOUV,X,variation,channel,21903.19992186775,nT
2026-03-21T00:06:00.000Z,BOUV,X,variation,channel,21903.19753817555,nT
2026-03-21T00:07:00.000Z,BOUV,X,variation,channel,21902.2387061196,nT
2026-03-21T00:08:00.000Z,BOUV,X,variation,channel,21892.112498995662,nT
2026-03-21T00:09:00.000Z,BOUV,X,variation,channel,21899.779565892815,nT
2026-03-21T00:10:00.000Z,BOUV,X,variation,channel,21899.478220277655,nT
2026-03-21T00:11:00.000Z,BOUV,X,variation,channel,21896.709526719183,nT
2026-03-21T00:12:00.000Z,BOUV,X,variation,channel,21892.07547533753,nT
2026-03-21T00:13:00.000Z,BOUV,X,variation,channel,21881.468626253896,nT
2026-03-21T00:14:00.000Z,BOUV,X,variation,channel,21876.83787534607,nT
2026-03-21T00:15:00.000Z,BOUV,X,variation,channel,21877.53468242731,nT
2026-03-21T00:16:00.000Z,BOUV,X,variation,channel,21870.32970648953,nT
2026-03-21T00:17:00.000Z,BOUV,X,variation,channel,21870.4522461305,nT
2026-03-21T00:18:00.000Z,BOUV,X,variation,channel,21869.89913744972,nT
2026-03-21T00:19:00.000Z,BOUV,X,variation,channel,21875.717871305704,nT
2026-03-21T00:20:00.000Z,BOUV,X,variation,channel,21883.76916824276,nT
2026-03-21T00:21:00.000Z,BOUV,X,variation,channel,21873.168775777176,nT
2026-03-21T00:22:00.000Z,BOUV,X,variation,channel,21870.43397255633,nT
2026-03-21T00:23:00.000Z,BOUV,X,variation,channel,21865.453100661176,nT
2026-03-21T00:24:00.000Z,BOUV,X,variation,channel,21862.980915956927,nT
2026-03-21T00:25:00.000Z,BOUV,X,variation,channel,21861.789481447362,nT
2026-03-21T00:26:00.000Z,BOUV,X,variation,channel,21862.681688639375,nT
2026-03-21T00:27:00.000Z,BOUV,X,variation,channel,21868.4658930339,nT
2026-03-21T00:28:00.000Z,BOUV,X,variation,channel,21868.081871379465,nT
2026-03-21T00:29:00.000Z,BOUV,X,variation,channel,21864.238442188907,nT
2026-03-21T00:30:00.000Z,BOUV,X,variation,channel,21863.075864401708,nT
2026-03-21T00:31:00.000Z,BOUV,X,variation,channel,21860.679761388645,nT
2026-03-21T00:32:00.000Z,BOUV,X,variation,channel,21865.093966410015,nT
2026-03-21T00:33:00.000Z,BOUV,X,variation,channel,21866.771167948085,nT
2026-03-21T00:34:00.000Z,BOUV,X,variation,channel,21870.859221748502,nT
2026-03-21T00:35:00.000Z,BOUV,X,variation,channel,21879.332787548326,nT
2026-03-21T00:36:00.000Z,BOUV,X,variation,channel,21884.56340477213,nT
2026-03-21T00:37:00.000Z,BOUV,X,variation,channel,21884.791784750825,nT
2026-03-21T00:38:00.000Z,BOUV,X,variation,channel,21881.919040849767,nT
2026-03-21T00:39:00.000Z,BOUV,X,variation,channel,21877.31213677911,nT
2026-03-21T00:40:00.000Z,BOUV,X,variation,channel,21872.76535961268,nT
2026-03-21T00:41:00.000Z,BOUV,X,variation,channel,21879.602368413925,nT
2026-03-21T00:42:00.000Z,BOUV,X,variation,channel,21884.460292701304,nT
2026-03-21T00:43:00.000Z,BOUV,X,variation,channel,21877.293192738936,nT
2026-03-21T00:44:00.000Z,BOUV,X,variation,channel,21870.40666162206,nT
2026-03-21T00:45:00.000Z,BOUV,X,variation,channel,21870.54011794035,nT
2026-03-21T00:46:00.000Z,BOUV,X,variation,channel,21871.752156240593,nT
2026-03-21T00:47:00.000Z,BOUV,X,variation,channel,21871.222276978657,nT
2026-03-21T00:48:00.000Z,BOUV,X,variation,channel,21870.40215113753,nT
2026-03-21T00:49:00.000Z,BOUV,X,variation,channel,21868.104326655448,nT
2026-03-21T00:50:00.000Z,BOUV,X,variation,channel,21865.043968508024,nT
2026-03-21T00:51:00.000Z,BOUV,X,variation,channel,21860.748482962772,nT
2026-03-21T00:52:00.000Z,BOUV,X,variation,channel,21854.98535156812,nT
2026-03-21T00:53:00.000Z,BOUV,X,variation,channel,21850.91152924309,nT
2026-03-21T00:54:00.000Z,BOUV,X,variation,channel,21851.10670908047,nT
2026-03-21T00:55:00.000Z,BOUV,X,variation,channel,21854.622619916703,nT
2026-03-21T00:56:00.000Z,BOUV,X,variation,channel,21851.55318209611,nT
2026-03-21T00:57:00.000Z,BOUV,X,variation,channel,21846.829246750836,nT
2026-03-21T00:58:00.000Z,BOUV,X,variation,channel,21842.187963679415,nT
2026-03-21T00:59:00.000Z,BOUV,X,variation,channel,21840.076924418598,nT
2026-03-21T01:00:00.000Z,BOUV,X,variation,channel,21834.06753620472,nT
2026-03-21T01:01:00.000Z,BOUV,X,variation,channel,21827.492918657925,nT
2026-03-21T01:02:00.000Z,BOUV,X,variation,channel,21818.80795249855,nT
2026-03-21T01:03:00.000Z,BOUV,X,variation,channel,21814.9872660032,nT
2026-03-21T01:04:00.000Z,BOUV,X,variation,channel,21817.87068510808,nT
2026-03-21T01:05:00.000Z,BOUV,X,variation,channel,21823.43886888003,nT
2026-03-21T01:06:00.000Z,BOUV,X,variation,channel,21827.561145411775,nT
2026-03-21T01:07:00.000Z,BOUV,X,variation,channel,21829.463612157477,nT
2026-03-21T01:08:00.000Z,BOUV,X,variation,channel,21830.88558204965,nT
2026-03-21T01:09:00.000Z,BOUV,X,variation,channel,21832.276112594933,nT
2026-03-21T01:10:00.000Z,BOUV,X,variation,channel,21832.149407053177,nT
2026-03-21T01:11:00.000Z,BOUV,X,variation,channel,21832.32848672873,nT
2026-03-21T01:12:00.000Z,BOUV,X,variation,channel,21831.415394595886,nT
2026-03-21T01:13:00.000Z,BOUV,X,variation,channel,21831.875096219486,nT
2026-03-21T01:14:00.000Z,BOUV,X,variation,channel,21832.116294903182,nT
2026-03-21T01:15:00.000Z,BOUV,X,variation,channel,21831.43904498729,nT
2026-03-21T01:16:00.000Z,BOUV,X,variation,channel,21831.32704248216,nT
2026-03-21T01:17:00.000Z,BOUV,X,variation,channel,21830.848571052,nT
2026-03-21T01:18:00.000Z,BOUV,X,variation,channel,21829.100435083306,nT
2026-03-21T01:19:00.000Z,BOUV,X,variation,channel,21827.91744928096,nT
2026-03-21T01:20:00.000Z,BOUV,X,variation,channel,21826.528411333242,nT
2026-03-21T01:21:00.000Z,BOUV,X,variation,channel,21823.17384827625,nT
2026-03-21T01:22:00.000Z,BOUV,X,variation,channel,21818.125340349976,nT
2026-03-21T01:23:00.000Z,BOUV,X,variation,channel,21812.778547673606,nT
2026-03-21T01:24:00.000Z,BOUV,X,variation,channel,21807.337120542794,nT
2026-03-21T01:25:00.000Z,BOUV,X,variation,channel,21803.462122520606,nT
2026-03-21T01:26:00.000Z,BOUV,X,variation,channel,21800.779455953074,nT
2026-03-21T01:27:00.000Z,BOUV,X,variation,channel,21797.858771061343,nT
2026-03-21T01:28:00.000Z,BOUV,X,variation,channel,21795.131124498635,nT
2026-03-21T01:29:00.000Z,BOUV,X,variation,channel,21793.13191179375,nT
2026-03-21T01:30:00.000Z,BOUV,X,variation,channel,21791.808231659186,nT
2026-03-21T01:31:00.000Z,BOUV,X,variation,channel,21787.09071584347,nT
2026-03-21T01:32:00.000Z,BOUV,X,variation,channel,21783.796522733235,nT
2026-03-21T01:33:00.000Z,BOUV,X,variation,channel,21778.25305354407,nT
2026-03-21T01:34:00.000Z,BOUV,X,variation,channel,21774.64495907128,nT
2026-03-21T01:35:00.000Z,BOUV,X,variation,channel,21771.936336699004,nT
2026-03-21T01:36:00.000Z,BOUV,X,variation,channel,21767.430509463044,nT
2026-03-21T01:37:00.000Z,BOUV,X,variation,channel,21768.428214992753,nT
2026-03-21T01:38:00.000Z,BOUV,X,variation,channel,21772.096902430298,nT
2026-03-21T01:39:00.000Z,BOUV,X,variation,channel,21771.94646868743,nT
2026-03-21T01:40:00.000Z,BOUV,X,variation,channel,21771.501291715584,nT
2026-03-21T01:41:00.000Z,BOUV,X,variation,channel,21771.888914201816,nT
2026-03-21T01:42:00.000Z,BOUV,X,variation,channel,21768.95868078188,nT
2026-03-21T01:43:00.000Z,BOUV,X,variation,channel,21767.61061686997,nT
2026-03-21T01:44:00.000Z,BOUV,X,variation,channel,21764.251891290965,nT
2026-03-21T01:45:00.000Z,BOUV,X,variation,channel,21758.391245029645,nT
2026-03-21T01:46:00.000Z,BOUV,X,variation,channel,21750.42154422343,nT
2026-03-21T01:47:00.000Z,BOUV,X,variation,channel,21747.29593601564,nT
2026-03-21T01:48:00.000Z,BOUV,X,variation,channel,21745.42249987008,nT
2026-03-21T01:49:00.000Z,BOUV,X,variation,channel,21738.73738698371,nT
2026-03-21T01:50:00.000Z,BOUV,X,variation,channel,21732.139287640894,nT
2026-03-21T01:51:00.000Z,BOUV,X,variation,channel,21726.92344201263,nT
2026-03-21T01:52:00.000Z,BOUV,X,variation,channel,21724.03536530799,nT
2026-03-21T01:53:00.000Z,BOUV,X,variation,channel,21722.879060938594,nT
2026-03-21T01:54:00.000Z,BOUV,X,variation,channel,21726.00506172466,nT
2026-03-21T01:55:00.000Z,BOUV,X,variation,channel,21729.13253991015,nT
2026-03-21T01:56:00.000Z,BOUV,X,variation,channel,21732.529670626973,nT
2026-03-21T01:57:00.000Z,BOUV,X,variation,channel,21736.783561302927,nT
2026-03-21T01:58:00.000Z,BOUV,X,variation,channel,21741.8962462996,nT
2026-03-21T01:59:00.000Z,BOUV,X,variation,channel,21745.909704272286,nT
2026-03-21T02:00:00.000Z,BOUV,X,variation,channel,21751.307840602956,nT
2026-03-21T02:01:00.000Z,BOUV,X,variation,channel,21757.74209165544,nT
2026-03-21T02:02:00.000Z,BOUV,X,variation,channel,21762.703682774292,nT
2026-03-21T02:03:00.000Z,BOUV,X,variation,channel,21766.602173388284,nT
2026-03-21T02:04:00.000Z,BOUV,X,variation,channel,21768.730150865533,nT
2026-03-21T02:05:00.000Z,BOUV,X,variation,channel,21769.960448525555,nT
2026-03-21T02:06:00.000Z,BOUV,X,variation,channel,21772.432502138352,nT
2026-03-21T02:07:00.000Z,BOUV,X,variation,channel,21777.654180445683,nT
2026-03-21T02:08:00.000Z,BOUV,X,variation,channel,21782.492430358394,nT
2026-03-21T02:09:00.000Z,BOUV,X,variation,channel,21787.47711984095,nT
2026-03-21T02:10:00.000Z,BOUV,X,variation,channel,21790.629327793195,nT
2026-03-21T02:11:00.000Z,BOUV,X,variation,channel,21794.24801708531,nT
2026-03-21T02:12:00.000Z,BOUV,X,variation,channel,21796.80811106155,nT
2026-03-21T02:13:00.000Z,BOUV,X,variation,channel,21798.523990245572,nT
2026-03-21T02:14:00.000Z,BOUV,X,variation,channel,21800.817046423163,nT
2026-03-21T02:15:00.000Z,BOUV,X,variation,channel,21801.546842702028,nT
2026-03-21T02:16:00.000Z,BOUV,X,variation,channel,21802.9543033456,nT
2026-03-21T02:17:00.000Z,BOUV,X,variation,channel,21804.41844660588,nT
2026-03-21T02:18:00.000Z,BOUV,X,variation,channel,21806.269084529864,nT
2026-03-21T02:19:00.000Z,BOUV,X,variation,channel,21808.07583480444,nT
2026-03-21T02:20:00.000Z,BOUV,X,variation,channel,21809.04924502355,nT
2026-03-21T02:21:00.000Z,BOUV,X,variation,channel,21809.211519765126,nT
2026-03-21T02:22:00.000Z,BOUV,X,variation,channel,21809.492738677425,nT
2026-03-21T02:23:00.000Z,BOUV,X,variation,channel,21810.669494598453,nT
2026-03-21T02:24:00.000Z,BOUV,X,variation,channel,21812.538947912573,nT
2026-03-21T02:25:00.000Z,BOUV,X,variation,channel,21813.847082035936,nT
2026-03-21T02:26:00.000Z,BOUV,X,variation,channel,21815.34866198095,nT
2026-03-21T02:27:00.000Z,BOUV,X,variation,channel,21818.418113766045,nT
2026-03-21T02:28:00.000Z,BOUV,X,variation,channel,21821.401096026766,nT
2026-03-21T02:29:00.000Z,BOUV,X,variation,channel,21823.1734325955,nT
2026-03-21T02:30:00.000Z,BOUV,X,variation,channel,21823.948715598723,nT
2026-03-21T02:31:00.000Z,BOUV,X,variation,channel,21824.928846132094,nT
2026-03-21T02:32:00.000Z,BOUV,X,variation,channel,21826.663487998325,nT
2026-03-21T02:33:00.000Z,BOUV,X,variation,channel,21828.36055481409,nT
2026-03-21T02:34:00.000Z,BOUV,X,variation,channel,21831.12693845461,nT
2026-03-21T02:35:00.000Z,BOUV,X,variation,channel,21836.169991021223,nT
2026-03-21T02:36:00.000Z,BOUV,X,variation,channel,21840.259207478648,nT
2026-03-21T02:37:00.000Z,BOUV,X,variation,channel,21843.426851369008,nT
2026-03-21T02:38:00.000Z,BOUV,X,variation,channel,21845.963828428874,nT
2026-03-21T02:39:00.000Z,BOUV,X,variation,channel,21848.390387648546,nT
2026-03-21T02:40:00.000Z,BOUV,X,variation,channel,21852.85237223264,nT
2026-03-21T02:41:00.000Z,BOUV,X,variation,channel,21858.404524227313,nT
2026-03-21T02:42:00.000Z,BOUV,X,variation,channel,21863.209618931593,nT
2026-03-21T02:43:00.000Z,BOUV,X,variation,channel,21865.60526826211,nT
2026-03-21T02:44:00.000Z,BOUV,X,variation,channel,21866.736147585354,nT
2026-03-21T02:45:00.000Z,BOUV,X,variation,channel,21867.645185719597,nT
2026-03-21T02:46:00.000Z,BOUV,X,variation,channel,21867.063436530672,nT
2026-03-21T02:47:00.000Z,BOUV,X,variation,channel,21865.029514501846,nT
2026-03-21T02:48:00.000Z,BOUV,X,variation,channel,21862.472977847174,nT
2026-03-21T02:49:00.000Z,BOUV,X,variation,channel,21862.478015073175,nT
2026-03-21T02:50:00.000Z,BOUV,X,variation,channel,21863.354580869833,nT
2026-03-21T02:51:00.000Z,BOUV,X,variation,channel,21864.182855750714,nT
2026-03-21T02:52:00.000Z,BOUV,X,variation,channel,21865.066647516545,nT
2026-03-21T02:53:00.000Z,BOUV,X,variation,channel,21866.227955110484,nT
2026-03-21T02:54:00.000Z,BOUV,X,variation,channel,21867.62515759885,nT
2026-03-21T02:55:00.000Z,BOUV,X,variation,channel,21869.843538627498,nT
2026-03-21T02:56:00.000Z,BOUV,X,variation,channel,21874.227683688296,nT
2026-03-21T02:57:00.000Z,BOUV,X,variation,channel,21879.82125011499,nT
2026-03-21T02:58:00.000Z,BOUV,X,variation,channel,21882.215879532832,nT
2026-03-21T02:59:00.000Z,BOUV,X,variation,channel,21883.55861772441,nT
2026-03-21T03:00:00.000Z,BOUV,X,variation,channel,21883.396439449487,nT
2026-03-21T03:01:00.000Z,BOUV,X,variation,channel,21882.918397233912,nT
2026-03-21T03:02:00.000Z,BOUV,X,variation,channel,21880.026372986587,nT
2026-03-21T03:03:00.000Z,BOUV,X,variation,channel,21877.07036276418,nT
2026-03-21T03:04:00.000Z,BOUV,X,variation,channel,21875.080455481533,nT
2026-03-21T03:05:00.000Z,BOUV,X,variation,channel,21873.22972290076,nT
2026-03-21T03:06:00.000Z,BOUV,X,variation,channel,21871.32562182917,nT
2026-03-21T03:07:00.000Z,BOUV,X,variation,channel,21868.4863107465,nT
2026-03-21T03:08:00.000Z,BOUV,X,variation,channel,21865.841495739023,nT
2026-03-21T03:09:00.000Z,BOUV,X,variation,channel,21864.579301229627,nT
2026-03-21T03:10:00.000Z,BOUV,X,variation,channel,21860.50500547692,nT
2026-03-21T03:11:00.000Z,BOUV,X,variation,channel,21851.737803918804,nT
2026-03-21T03:12:00.000Z,BOUV,X,variation,channel,21843.679512246097,nT
2026-03-21T03:13:00.000Z,BOUV,X,variation,channel,21835.885450927446,nT
2026-03-21T03:14:00.000Z,BOUV,X,variation,channel,21829.924353410734,nT
2026-03-21T03:15:00.000Z,BOUV,X,variation,channel,21828.39694765138,nT
2026-03-21T03:16:00.000Z,BOUV,X,variation,channel,21830.18113382756,nT
2026-03-21T03:17:00.000Z,BOUV,X,variation,channel,21835.960823101363,nT
2026-03-21T03:18:00.000Z,BOUV,X,variation,channel,21840.584629313522,nT
2026-03-21T03:19:00.000Z,BOUV,X,variation,channel,21841.45104732002,nT
2026-03-21T03:20:00.000Z,BOUV,X,variation,channel,21842.00492401181,nT
2026-03-21T03:21:00.000Z,BOUV,X,variation,channel,21843.07090616356,nT
2026-03-21T03:22:00.000Z,BOUV,X,variation,channel,21843.61494299177,nT
2026-03-21T03:23:00.000Z,BOUV,X,variation,channel,21845.761678406125,nT
2026-03-21T03:24:00.000Z,BOUV,X,variation,channel,21849.5931230522,nT
2026-03-21T03:25:00.000Z,BOUV,X,variation,channel,21852.699108895104,nT
2026-03-21T03:26:00.000Z,BOUV,X,variation,channel,21859.149844282623,nT
2026-03-21T03:27:00.000Z,BOUV,X,variation,channel,21867.7353141085,nT
2026-03-21T03:28:00.000Z,BOUV,X,variation,channel,21875.039936335343,nT
2026-03-21T03:29:00.000Z,BOUV,X,variation,channel,21877.904249419083,nT
2026-03-21T03:30:00.000Z,BOUV,X,variation,channel,21877.547322052247,nT
2026-03-21T03:31:00.000Z,BOUV,X,variation,channel,21875.30795658494,nT
2026-03-21T03:32:00.000Z,BOUV,X,variation,channel,21872.166799906045,nT
2026-03-21T03:33:00.000Z,BOUV,X,variation,channel,21869.70976173387,nT
2026-03-21T03:34:00.000Z,BOUV,X,variation,channel,21867.320178854807,nT
2026-03-21T03:35:00.000Z,BOUV,X,variation,channel,21865.632084221925,nT
2026-03-21T03:36:00.000Z,BOUV,X,variation,channel,21865.844611598222,nT
2026-03-21T03:37:00.000Z,BOUV,X,variation,channel,21866.1760179813,nT
2026-03-21T03:38:00.000Z,BOUV,X,variation,channel,21867.332010256894,nT
2026-03-21T03:39:00.000Z,BOUV,X,variation,channel,21868.524165830306,nT
2026-03-21T03:40:00.000Z,BOUV,X,variation,channel,21868.515541358796,nT
2026-03-21T03:41:00.000Z,BOUV,X,variation,channel,21865.31380906261,nT
2026-03-21T03:42:00.000Z,BOUV,X,variation,channel,21861.629870848323,nT
2026-03-21T03:43:00.000Z,BOUV,X,variation,channel,21857.56709406978,nT
2026-03-21T03:44:00.000Z,BOUV,X,variation,channel,21854.533290620937,nT
2026-03-21T03:45:00.000Z,BOUV,X,variation,channel,21853.344172364687,nT
2026-03-21T03:46:00.000Z,BOUV,X,variation,channel,21853.808665490673,nT
2026-03-21T03:47:00.000Z,BOUV,X,variation,channel,21854.759012520943,nT
2026-03-21T03:48:00.000Z,BOUV,X,variation,channel,21856.00526821525,nT
2026-03-21T03:49:00.000Z,BOUV,X,variation,channel,21856.837852831155,nT
2026-03-21T03:50:00.000Z,BOUV,X,variation,channel,21857.136492000845,nT
2026-03-21T03:51:00.000Z,BOUV,X,variation,channel,21856.33605304972,nT
2026-03-21T03:52:00.000Z,BOUV,X,variation,channel,21855.408947064825,nT
2026-03-21T03:53:00.000Z,BOUV,X,variation,channel,21854.65779182185,nT
2026-03-21T03:54:00.000Z,BOUV,X,variation,channel,21854.038361434526,nT
2026-03-21T03:55:00.000Z,BOUV,X,variation,channel,21853.82259297207,nT
2026-03-21T03:56:00.000Z,BOUV,X,variation,channel,21854.468897670005,nT
2026-03-21T03:57:00.000Z,BOUV,X,variation,channel,21855.5909854025,nT
2026-03-21T03:58:00.000Z,BOUV,X,variation,channel,21856.627337096594,nT
2026-03-21T03:59:00.000Z,BOUV,X,variation,channel,21857.57227076358,nT
2026-03-21T04:00:00.000Z,BOUV,X,variation,channel,21859.45912027637,nT
2026-03-21T04:01:00.000Z,BOUV,X,variation,channel,21861.796750509868,nT
2026-03-21T04:02:00.000Z,BOUV,X,variation,channel,21863.60330971143,nT
2026-03-21T04:03:00.000Z,BOUV,X,variation,channel,21866.8794413345,nT
2026-03-21T04:04:00.000Z,BOUV,X,variation,channel,21870.40762070641,nT
2026-03-21T04:05:00.000Z,BOUV,X,variation,channel,21872.624523139963,nT
2026-03-21T04:06:00.000Z,BOUV,X,variation,channel,21873.43510563024,nT
2026-03-21T04:07:00.000Z,BOUV,X,variation,channel,21873.96662602,nT
2026-03-21T04:08:00.000Z,BOUV,X,variation,channel,21874.600333674432,nT
2026-03-21T04:09:00.000Z,BOUV,X,variation,channel,21875.371621031867,nT
2026-03-21T04:10:00.000Z,BOUV,X,variation,channel,21875.693772372764,nT
2026-03-21T04:11:00.000Z,BOUV,X,variation,channel,21875.13667714676,nT
2026-03-21T04:12:00.000Z,BOUV,X,variation,channel,21872.94978179207,nT
2026-03-21T04:13:00.000Z,BOUV,X,variation,channel,21869.323291242625,nT
2026-03-21T04:14:00.000Z,BOUV,X,variation,channel,21865.037042636326,nT
2026-03-21T04:15:00.000Z,BOUV,X,variation,channel,21862.056559550874,nT
2026-03-21T04:16:00.000Z,BOUV,X,variation,channel,21860.995292532003,nT
2026-03-21T04:17:00.000Z,BOUV,X,variation,channel,21860.635780110624,nT
2026-03-21T04:18:00.000Z,BOUV,X,variation,channel,21861.657588072736,nT
2026-03-21T04:19:00.000Z,BOUV,X,variation,channel,21863.800630545185,nT
2026-03-21T04:20:00.000Z,BOUV,X,variation,channel,21866.27366221163,nT
2026-03-21T04:21:00.000Z,BOUV,X,variation,channel,21867.910548005028,nT
2026-03-21T04:22:00.000Z,BOUV,X,variation,channel,21868.49490214285,nT
2026-03-21T04:23:00.000Z,BOUV,X,variation,channel,21868.560868323268,nT
2026-03-21T04:24:00.000Z,BOUV,X,variation,channel,21868.771135976956,nT
2026-03-21T04:25:00.000Z,BOUV,X,variation,channel,21868.89720786365,nT
2026-03-21T04:26:00.000Z,BOUV,X,variation,channel,21869.76833313012,nT
2026-03-21T04:27:00.000Z,BOUV,X,variation,channel,21870.548774662413,nT
2026-03-21T04:28:00.000Z,BOUV,X,variation,channel,21872.40589523098,nT
2026-03-21T04:29:00.000Z,BOUV,X,variation,channel,21875.786010609274,nT
2026-03-21T04:30:00.000Z,BOUV,X,variation,channel,21877.549097135176,nT
2026-03-21T04:31:00.000Z,BOUV,X,variation,channel,21879.856500680045,nT
2026-03-21T04:32:00.000Z,BOUV,X,variation,channel,21881.201282274036,nT
2026-03-21T04:33:00.000Z,BOUV,X,variation,channel,21879.54409305732,nT
2026-03-21T04:34:00.000Z,BOUV,X,variation,channel,21877.629541080838,nT
2026-03-21T04:35:00.000Z,BOUV,X,variation,channel,21877.01356072961,nT
2026-03-21T04:36:00.000Z,BOUV,X,variation,channel,21875.874229994333,nT
2026-03-21T04:37:00.000Z,BOUV,X,variation,channel,21874.784062085655,nT
2026-03-21T04:38:00.000Z,BOUV,X,variation,channel,21873.954749448752,nT
2026-03-21T04:39:00.000Z,BOUV,X,variation,channel,21873.660383819755,nT
2026-03-21T04:40:00.000Z,BOUV,X,variation,channel,21873.27313114379,nT
2026-03-21T04:41:00.000Z,BOUV,X,variation,channel,21874.08183429685,nT
2026-03-21T04:42:00.000Z,BOUV,X,variation,channel,21874.956270549937,nT
2026-03-21T04:43:00.000Z,BOUV,X,variation,channel,21875.69470443478,nT
2026-03-21T04:44:00.000Z,BOUV,X,variation,channel,21877.31961556257,nT
2026-03-21T04:45:00.000Z,BOUV,X,variation,channel,21880.11092474896,nT
2026-03-21T04:46:00.000Z,BOUV,X,variation,channel,21883.820544789953,nT
2026-03-21T04:47:00.000Z,BOUV,X,variation,channel,21887.113742351197,nT
2026-03-21T04:48:00.000Z,BOUV,X,variation,channel,21889.740425349915,nT
2026-03-21T04:49:00.000Z,BOUV,X,variation,channel,21891.166356422218,nT
2026-03-21T04:50:00.000Z,BOUV,X,variation,channel,21891.19327890298,nT
2026-03-21T04:51:00.000Z,BOUV,X,variation,channel,21889.86686741076,nT
2026-03-21T04:52:00.000Z,BOUV,X,variation,channel,21886.222430587117,nT
2026-03-21T04:53:00.000Z,BOUV,X,variation,channel,21880.69231523784,nT
2026-03-21T04:54:00.000Z,BOUV,X,variation,channel,21875.309000711775,nT
2026-03-21T04:55:00.000Z,BOUV,X,variation,channel,21872.156512551373,nT
2026-03-21T04:56:00.000Z,BOUV,X,variation,channel,21870.712074806062,nT
2026-03-21T04:57:00.000Z,BOUV,X,variation,channel,21870.800437876183,nT
2026-03-21T04:58:00.000Z,BOUV,X,variation,channel,21870.994967398197,nT
2026-03-21T04:59:00.000Z,BOUV,X,variation,channel,21870.72140645371,nT
2026-03-21T05:00:00.000Z,BOUV,X,variation,channel,21868.919429595,nT
2026-03-21T05:01:00.000Z,BOUV,X,variation,channel,21869.651741697835,nT
2026-03-21T05:02:00.000Z,BOUV,X,variation,channel,21869.74286430961,nT
2026-03-21T05:03:00.000Z,BOUV,X,variation,channel,21868.73861514418,nT
2026-03-21T05:04:00.000Z,BOUV,X,variation,channel,21868.373507828102,nT
2026-03-21T05:05:00.000Z,BOUV,X,variation,channel,21868.287778806585,nT
2026-03-21T05:06:00.000Z,BOUV,X,variation,channel,21867.097959273186,nT
2026-03-21T05:07:00.000Z,BOUV,X,variation,channel,21865.528278863734,nT
2026-03-21T05:08:00.000Z,BOUV,X,variation,channel,21865.430759020714,nT
2026-03-21T05:09:00.000Z,BOUV,X,variation,channel,21864.883755223073,nT
2026-03-21T05:10:00.000Z,BOUV,X,variation,channel,21864.836900474394,nT
2026-03-21T05:11:00.000Z,BOUV,X,variation,channel,21864.511069062482,nT
2026-03-21T05:12:00.000Z,BOUV,X,variation,channel,21864.518458059167,nT
2026-03-21T05:13:00.000Z,BOUV,X,variation,channel,21862.90367157968,nT
2026-03-21T05:14:00.000Z,BOUV,X,variation,channel,21859.4290670008,nT
2026-03-21T05:15:00.000Z,BOUV,X,variation,channel,21857.145294380753,nT
2026-03-21T05:16:00.000Z,BOUV,X,variation,channel,21855.062661778473,nT
2026-03-21T05:17:00.000Z,BOUV,X,variation,channel,21852.13006988019,nT
2026-03-21T05:18:00.000Z,BOUV,X,variation,channel,21849.570251440393,nT
2026-03-21T05:19:00.000Z,BOUV,X,variation,channel,21848.17040223485,nT
2026-03-21T05:20:00.000Z,BOUV,X,variation,channel,21846.68052095038,nT
2026-03-21T05:21:00.000Z,BOUV,X,variation,channel,21845.22342458981,nT
2026-03-21T05:22:00.000Z,BOUV,X,variation,channel,21844.441273619417,nT
2026-03-21T05:23:00.000Z,BOUV,X,variation,channel,21842.911321595493,nT
2026-03-21T05:24:00.000Z,BOUV,X,variation,channel,21841.13125818656,nT
2026-03-21T05:25:00.000Z,BOUV,X,variation,channel,21840.373396005474,nT
2026-03-21T05:26:00.000Z,BOUV,X,variation,channel,21840.740233326676,nT
2026-03-21T05:27:00.000Z,BOUV,X,variation,channel,21840.941647333402,nT
2026-03-21T05:28:00.000Z,BOUV,X,variation,channel,21841.947296097933,nT
2026-03-21T05:29:00.000Z,BOUV,X,variation,channel,21843.139815289414,nT
2026-03-21T05:30:00.000Z,BOUV,X,variation,channel,21844.450773161356,nT
2026-03-21T05:31:00.000Z,BOUV,X,variation,channel,21844.675674082482,nT
2026-03-21T05:32:00.000Z,BOUV,X,variation,channel,21844.208449042584,nT
2026-03-21T05:33:00.000Z,BOUV,X,variation,channel,21844.563134622185,nT
2026-03-21T05:34:00.000Z,BOUV,X,variation,channel,21844.45174650713,nT
2026-03-21T05:35:00.000Z,BOUV,X,variation,channel,21845.035995765524,nT
2026-03-21T05:36:00.000Z,BOUV,X,variation,channel,21846.114668081915,nT
2026-03-21T05:37:00.000Z,BOUV,X,variation,channel,21847.76842672984,nT
2026-03-21T05:38:00.000Z,BOUV,X,variation,channel,21850.34802084034,nT
2026-03-21T05:39:00.000Z,BOUV,X,variation,channel,21852.12658405016,nT
2026-03-21T05:40:00.000Z,BOUV,X,variation,channel,21853.59938475488,nT
2026-03-21T05:41:00.000Z,BOUV,X,variation,channel,21853.04207751262,nT
2026-03-21T05:42:00.000Z,BOUV,X,variation,channel,21854.57036703919,nT
2026-03-21T05:43:00.000Z,BOUV,X,variation,channel,21855.395430445802,nT
2026-03-21T05:44:00.000Z,BOUV,X,variation,channel,21858.78734222311,nT
2026-03-21T05:45:00.000Z,BOUV,X,variation,channel,21861.798262539574,nT
2026-03-21T05:46:00.000Z,BOUV,X,variation,channel,21864.774259827373,nT
2026-03-21T05:47:00.000Z,BOUV,X,variation,channel,21867.61726732248,nT
2026-03-21T05:48:00.000Z,BOUV,X,variation,channel,21868.425873961714,nT
2026-03-21T05:49:00.000Z,BOUV,X,variation,channel,21869.447210903112,nT
2026-03-21T05:50:00.000Z,BOUV,X,variation,channel,21869.57194929412,nT
2026-03-21T05:51:00.000Z,BOUV,X,variation,channel,21869.88372770411,nT
2026-03-21T05:52:00.000Z,BOUV,X,variation,channel,21870.058874339305,nT
2026-03-21T05:53:00.000Z,BOUV,X,variation,channel,21870.138128592585,nT
2026-03-21T05:54:00.000Z,BOUV,X,variation,channel,21870.92040765014,nT
2026-03-21T05:55:00.000Z,BOUV,X,variation,channel,21872.311893601345,nT
2026-03-21T05:56:00.000Z,BOUV,X,variation,channel,21871.36138859191,nT
2026-03-21T05:57:00.000Z,BOUV,X,variation,channel,21872.02379206997,nT
2026-03-21T05:58:00.000Z,BOUV,X,variation,channel,21872.703719100806,nT
2026-03-21T05:59:00.000Z,BOUV,X,variation,channel,21872.41921377884,nT
2026-03-21T06:00:00.000Z,BOUV,X,variation,channel,21872.768599174913,nT
2026-03-21T06:01:00.000Z,BOUV,X,variation,channel,21871.745659970144,nT
2026-03-21T06:02:00.000Z,BOUV,X,variation,channel,21870.728616181987,nT
2026-03-21T06:03:00.000Z,BOUV,X,variation,channel,21868.657812165144,nT
2026-03-21T06:04:00.000Z,BOUV,X,variation,channel,21866.520507010773,nT
2026-03-21T06:05:00.000Z,BOUV,X,variation,channel,21865.1057853454,nT
2026-03-21T06:06:00.000Z,BOUV,X,variation,channel,21865.111577043866,nT
2026-03-21T06:07:00.000Z,BOUV,X,variation,channel,21865.94535893551,nT
2026-03-21T06:08:00.000Z,BOUV,X,variation,channel,21867.01367254732,nT
2026-03-21T06:09:00.000Z,BOUV,X,variation,channel,21867.6608561146,nT
2026-03-21T06:10:00.000Z,BOUV,X,variation,channel,21866.812769898774,nT
2026-03-21T06:11:00.000Z,BOUV,X,variation,channel,21866.1997505321,nT
2026-03-21T06:12:00.000Z,BOUV,X,variation,channel,21868.56843891985,nT
2026-03-21T06:13:00.000Z,BOUV,X,variation,channel,21870.719630628762,nT
2026-03-21T06:14:00.000Z,BOUV,X,variation,channel,21872.082264264674,nT
2026-03-21T06:15:00.000Z,BOUV,X,variation,channel,21871.071995932103,nT
2026-03-21T06:16:00.000Z,BOUV,X,variation,channel,21870.22114934779,nT
2026-03-21T06:17:00.000Z,BOUV,X,variation,channel,21868.77824746711,nT
2026-03-21T06:18:00.000Z,BOUV,X,variation,channel,21863.92776994404,nT
2026-03-21T06:19:00.000Z,BOUV,X,variation,channel,21859.274698568774,nT
2026-03-21T06:20:00.000Z,BOUV,X,variation,channel,21855.698258532706,nT
2026-03-21T06:21:00.000Z,BOUV,X,variation,channel,21853.6031656951,nT
2026-03-21T06:22:00.000Z,BOUV,X,variation,channel,21852.733423962618,nT
2026-03-21T06:23:00.000Z,BOUV,X,variation,channel,21853.82696016008,nT
2026-03-21T06:24:00.000Z,BOUV,X,variation,channel,21854.693105867733,nT
2026-03-21T06:25:00.000Z,BOUV,X,variation,channel,21854.132416118304,nT
2026-03-21T06:26:00.000Z,BOUV,X,variation,channel,21854.292973744017,nT
2026-03-21T06:27:00.000Z,BOUV,X,variation,channel,21853.038086232697,nT
2026-03-21T06:28:00.000Z,BOUV,X,variation,channel,21853.461148554376,nT
2026-03-21T06:29:00.000Z,BOUV,X,variation,channel,21854.20836601947,nT
2026-03-21T06:30:00.000Z,BOUV,X,variation,channel,21853.972589999805,nT
2026-03-21T06:31:00.000Z,BOUV,X,variation,channel,21855.381536918765,nT
2026-03-21T06:32:00.000Z,BOUV,X,variation,channel,21855.873206386455,nT
2026-03-21T06:33:00.000Z,BOUV,X,variation,channel,21854.985998993256,nT
2026-03-21T06:34:00.000Z,BOUV,X,variation,channel,21854.573370613325,nT
2026-03-21T06:35:00.000Z,BOUV,X,variation,channel,21855.137145166842,nT
2026-03-21T06:36:00.000Z,BOUV,X,variation,channel,21854.801662510352,nT
2026-03-21T06:37:00.000Z,BOUV,X,variation,channel,21854.28762791429,nT
2026-03-21T06:38:00.000Z,BOUV,X,variation,channel,21853.76607123573,nT
2026-03-21T06:39:00.000Z,BOUV,X,variation,channel,21853.928737056816,nT
2026-03-21T06:40:00.000Z,BOUV,X,variation,channel,21854.239226587742,nT
2026-03-21T06:41:00.000Z,BOUV,X,variation,channel,21853.069744609365,nT
2026-03-21T06:42:00.000Z,BOUV,X,variation,channel,21851.491312647373,nT
2026-03-21T06:43:00.000Z,BOUV,X,variation,channel,21849.048474869185,nT
2026-03-21T06:44:00.000Z,BOUV,X,variation,channel,21847.854417434097,nT
2026-03-21T06:45:00.000Z,BOUV,X,variation,channel,21846.311215610982,nT
2026-03-21T06:46:00.000Z,BOUV,X,variation,channel,21845.014672623187,nT
2026-03-21T06:47:00.000Z,BOUV,X,variation,channel,21846.833748663536,nT
2026-03-21T06:48:00.000Z,BOUV,X,variation,channel,21851.260631397938,nT
2026-03-21T06:49:00.000Z,BOUV,X,variation,channel,21854.218677522174,nT
2026-03-21T06:50:00.000Z,BOUV,X,variation,channel,21856.437592422528,nT
2026-03-21T06:51:00.000Z,BOUV,X,variation,channel,21860.4188702098,nT
2026-03-21T06:52:00.000Z,BOUV,X,variation,channel,21861.531754337473,nT
2026-03-21T06:53:00.000Z,BOUV,X,variation,channel,21861.783244782364,nT
2026-03-21T06:54:00.000Z,BOUV,X,variation,channel,21861.52300635725,nT
2026-03-21T06:55:00.000Z,BOUV,X,variation,channel,21860.769823130897,nT
2026-03-21T06:56:00.000Z,BOUV,X,variation,channel,21858.88300432611,nT
2026-03-21T06:57:00.000Z,BOUV,X,variation,channel,21859.191096613027,nT
2026-03-21T06:58:00.000Z,BOUV,X,variation,channel,21858.23936377219,nT
2026-03-21T06:59:00.000Z,BOUV,X,variation,channel,21855.96007035984,nT
2026-03-21T07:00:00.000Z,BOUV,X,variation,channel,21855.19395902822,nT
2026-03-21T07:01:00.000Z,BOUV,X,variation,channel,21852.970004011706,nT
2026-03-21T07:02:00.000Z,BOUV,X,variation,channel,21849.595798288712,nT
2026-03-21T07:03:00.000Z,BOUV,X,variation,channel,21848.422505484126,nT
2026-03-21T07:04:00.000Z,BOUV,X,variation,channel,21848.572494531778,nT
2026-03-21T07:05:00.000Z,BOUV,X,variation,channel,21848.587353854637,nT
2026-03-21T07:06:00.000Z,BOUV,X,variation,channel,21849.640187685935,nT
2026-03-21T07:07:00.000Z,BOUV,X,variation,channel,21851.147443705795,nT
2026-03-21T07:08:00.000Z,BOUV,X,variation,channel,21852.767888512553,nT
2026-03-21T07:09:00.000Z,BOUV,X,variation,channel,21853.582622702503,nT
2026-03-21T07:10:00.000Z,BOUV,X,variation,channel,21853.450772889595,nT
2026-03-21T07:11:00.000Z,BOUV,X,variation,channel,21853.561358556424,nT
2026-03-21T07:12:00.000Z,BOUV,X,variation,channel,21854.233340914616,nT
2026-03-21T07:13:00.000Z,BOUV,X,variation,channel,21853.963439700685,nT
2026-03-21T07:14:00.000Z,BOUV,X,variation,channel,21854.919788747182,nT
2026-03-21T07:15:00.000Z,BOUV,X,variation,channel,21855.974434896398,nT
2026-03-21T07:16:00.000Z,BOUV,X,variation,channel,21856.18915729899,nT
2026-03-21T07:17:00.000Z,BOUV,X,variation,channel,21854.0389279989,nT
2026-03-21T07:18:00.000Z,BOUV,X,variation,channel,21851.33558663896,nT
2026-03-21T07:19:00.000Z,BOUV,X,variation,channel,21848.978921645645,nT
2026-03-21T07:20:00.000Z,BOUV,X,variation,channel,21846.967764096098,nT
2026-03-21T07:21:00.000Z,BOUV,X,variation,channel,21846.259826018628,nT
2026-03-21T07:22:00.000Z,BOUV,X,variation,channel,21846.38140689621,nT
2026-03-21T07:23:00.000Z,BOUV,X,variation,channel,21845.83289968279,nT
2026-03-21T07:24:00.000Z,BOUV,X,variation,channel,21845.438283593292,nT
2026-03-21T07:25:00.000Z,BOUV,X,variation,channel,21845.963281779885,nT
2026-03-21T07:26:00.000Z,BOUV,X,variation,channel,21848.25680632618,nT
2026-03-21T07:27:00.000Z,BOUV,X,variation,channel,21849.89105068445,nT
2026-03-21T07:28:00.000Z,BOUV,X,variation,channel,21851.919481865523,nT
2026-03-21T07:29:00.000Z,BOUV,X,variation,channel,21853.821519487992,nT
2026-03-21T07:30:00.000Z,BOUV,X,variation,channel,21854.439614671912,nT
2026-03-21T07:31:00.000Z,BOUV,X,variation,channel,21853.46097932738,nT
2026-03-21T07:32:00.000Z,BOUV,X,variation,channel,21853.162797555233,nT
2026-03-21T07:33:00.000Z,BOUV,X,variation,channel,21856.318395486538,nT
2026-03-21T07:34:00.000Z,BOUV,X,variation,channel,21862.42218047695,nT
2026-03-21T07:35:00.000Z,BOUV,X,variation,channel,21868.32868359014,nT
2026-03-21T07:36:00.000Z,BOUV,X,variation,channel,21868.737755079652,nT
2026-03-21T07:37:00.000Z,BOUV,X,variation,channel,21868.053622727497,nT
2026-03-21T07:38:00.000Z,BOUV,X,variation,channel,21870.140966530034,nT
2026-03-21T07:39:00.000Z,BOUV,X,variation,channel,21869.749304939596,nT
2026-03-21T07:40:00.000Z,BOUV,X,variation,channel,21870.225459912188,nT
2026-03-21T07:41:00.000Z,BOUV,X,variation,channel,21873.722754445113,nT
2026-03-21T07:42:00.000Z,BOUV,X,variation,channel,21872.95264767294,nT
2026-03-21T07:43:00.000Z,BOUV,X,variation,channel,21876.495026108976,nT
2026-03-21T07:44:00.000Z,BOUV,X,variation,channel,21878.1140663157,nT
2026-03-21T07:45:00.000Z,BOUV,X,variation,channel,21881.364033229776,nT
2026-03-21T07:46:00.000Z,BOUV,X,variation,channel,21884.17101295031,nT
2026-03-21T07:47:00.000Z,BOUV,X,variation,channel,21888.215921363513,nT
2026-03-21T07:48:00.000Z,BOUV,X,variation,channel,21894.146716162304,nT
2026-03-21T07:49:00.000Z,BOUV,X,variation,channel,21899.652242901582,nT
2026-03-21T07:50:00.000Z,BOUV,X,variation,channel,21903.94304599927,nT
2026-03-21T07:51:00.000Z,BOUV,X,variation,channel,21909.728281880816,nT
2026-03-21T07:52:00.000Z,BOUV,X,variation,channel,21912.652702713796,nT
2026-03-21T07:53:00.000Z,BOUV,X,variation,channel,21915.50000062003,nT
2026-03-21T07:54:00.000Z,BOUV,X,variation,channel,21916.143340166516,nT
2026-03-21T07:55:00.000Z,BOUV,X,variation,channel,21915.70190793436,nT
2026-03-21T07:56:00.000Z,BOUV,X,variation,channel,21914.69259706397,nT
2026-03-21T07:57:00.000Z,BOUV,X,variation,channel,21916.794792073,nT
2026-03-21T07:58:00.000Z,BOUV,X,variation,channel,21914.88892894835,nT
2026-03-21T07:59:00.000Z,BOUV,X,variation,channel,21912.035657829645,nT
2026-03-21T08:00:00.000Z,BOUV,X,variation,channel,21910.344774784877,nT
2026-03-21T08:01:00.000Z,BOUV,X,variation,channel,21906.673249499578,nT
2026-03-21T08:02:00.000Z,BOUV,X,variation,channel,21905.129373029704,nT
2026-03-21T08:03:00.000Z,BOUV,X,variation,channel,21905.150070832788,nT
2026-03-21T08:04:00.000Z,BOUV,X,variation,channel,21904.733138102103,nT
2026-03-21T08:05:00.000Z,BOUV,X,variation,channel,21905.66404061522,nT
2026-03-21T08:06:00.000Z,BOUV,X,variation,channel,21902.23734341927,nT
2026-03-21T08:07:00.000Z,BOUV,X,variation,channel,21896.862836854732,nT
2026-03-21T08:08:00.000Z,BOUV,X,variation,channel,21890.20896465401,nT
2026-03-21T08:09:00.000Z,BOUV,X,variation,channel,21884.526324919887,nT
2026-03-21T08:10:00.000Z,BOUV,X,variation,channel,21879.715930698774,nT
2026-03-21T08:11:00.000Z,BOUV,X,variation,channel,21876.27424533869,nT
2026-03-21T08:12:00.000Z,BOUV,X,variation,channel,21874.103124798392,nT
2026-03-21T08:13:00.000Z,BOUV,X,variation,channel,21871.974589021076,nT
2026-03-21T08:14:00.000Z,BOUV,X,variation,channel,21871.19892954614,nT
2026-03-21T08:15:00.000Z,BOUV,X,variation,channel,21871.11315211875,nT
2026-03-21T08:16:00.000Z,BOUV,X,variation,channel,21870.95914572919,nT
2026-03-21T08:17:00.000Z,BOUV,X,variation,channel,21870.005379703598,nT
2026-03-21T08:18:00.000Z,BOUV,X,variation,channel,21869.095390183815,nT
2026-03-21T08:19:00.000Z,BOUV,X,variation,channel,21867.950941308,nT
2026-03-21T08:20:00.000Z,BOUV,X,variation,channel,21866.64283751228,nT
2026-03-21T08:21:00.000Z,BOUV,X,variation,channel,21865.592475115907,nT
2026-03-21T08:22:00.000Z,BOUV,X,variation,channel,21864.94549478337,nT
2026-03-21T08:23:00.000Z,BOUV,X,variation,channel,21864.02423386216,nT
2026-03-21T08:24:00.000Z,BOUV,X,variation,channel,21863.007751921483,nT
2026-03-21T08:25:00.000Z,BOUV,X,variation,channel,21862.798206725372,nT
2026-03-21T08:26:00.000Z,BOUV,X,variation,channel,21861.762725830176,nT
2026-03-21T08:27:00.000Z,BOUV,X,variation,channel,21861.533136375183,nT
2026-03-21T08:28:00.000Z,BOUV,X,variation,channel,21861.556845703974,nT
2026-03-21T08:29:00.000Z,BOUV,X,variation,channel,21861.554978678952,nT
2026-03-21T08:30:00.000Z,BOUV,X,variation,channel,21860.86594690992,nT
2026-03-21T08:31:00.000Z,BOUV,X,variation,channel,21860.028547212856,nT
2026-03-21T08:32:00.000Z,BOUV,X,variation,channel,21858.924242577643,nT
2026-03-21T08:33:00.000Z,BOUV,X,variation,channel,21859.400221578202,nT
2026-03-21T08:34:00.000Z,BOUV,X,variation,channel,21861.34867491698,nT
2026-03-21T08:35:00.000Z,BOUV,X,variation,channel,21867.438798128394,nT
2026-03-21T08:36:00.000Z,BOUV,X,variation,channel,21871.70220330511,nT
2026-03-21T08:37:00.000Z,BOUV,X,variation,channel,21873.32852455353,nT
2026-03-21T08:38:00.000Z,BOUV,X,variation,channel,21874.024769396274,nT
2026-03-21T08:39:00.000Z,BOUV,X,variation,channel,21872.527716033957,nT
2026-03-21T08:40:00.000Z,BOUV,X,variation,channel,21869.257024899445,nT
2026-03-21T08:41:00.000Z,BOUV,X,variation,channel,21865.747500506986,nT
2026-03-21T08:42:00.000Z,BOUV,X,variation,channel,21859.998693765498,nT
2026-03-21T08:43:00.000Z,BOUV,X,variation,channel,21855.209673774083,nT
2026-03-21T08:44:00.000Z,BOUV,X,variation,channel,21852.016738448678,nT
2026-03-21T08:45:00.000Z,BOUV,X,variation,channel,21849.72094746757,nT
2026-03-21T08:46:00.000Z,BOUV,X,variation,channel,21850.797571620515,nT
2026-03-21T08:47:00.000Z,BOUV,X,variation,channel,21851.915741082536,nT
2026-03-21T08:48:00.000Z,BOUV,X,variation,channel,21853.418123199877,nT
2026-03-21T08:49:00.000Z,BOUV,X,variation,channel,21854.563192667876,nT
2026-03-21T08:50:00.000Z,BOUV,X,variation,channel,21856.468211089174,nT
2026-03-21T08:51:00.000Z,BOUV,X,variation,channel,21857.297080565702,nT
2026-03-21T08:52:00.000Z,BOUV,X,variation,channel,21858.259852885716,nT
2026-03-21T08:53:00.000Z,BOUV,X,variation,channel,21860.31023701688,nT
2026-03-21T08:54:00.000Z,BOUV,X,variation,channel,21861.963756871195,nT
2026-03-21T08:55:00.000Z,BOUV,X,variation,channel,21863.61704739147,nT
2026-03-21T08:56:00.000Z,BOUV,X,variation,channel,21867.339939850288,nT
2026-03-21T08:57:00.000Z,BOUV,X,variation,channel,21869.367344312406,nT
2026-03-21T08:58:00.000Z,BOUV,X,variation,channel,21870.92120997184,nT
2026-03-21T08:59:00.000Z,BOUV,X,variation,channel,21872.58032925213,nT
2026-03-21T09:00:00.000Z,BOUV,X,variation,channel,21872.98920299077,nT
2026-03-21T09:01:00.000Z,BOUV,X,variation,channel,21873.788721851102,nT
2026-03-21T09:02:00.000Z,BOUV,X,variation,channel,21873.386348046908,nT
2026-03-21T09:03:00.000Z,BOUV,X,variation,channel,21871.5830997005,nT
2026-03-21T09:04:00.000Z,BOUV,X,variation,channel,21869.713158227543,nT
2026-03-21T09:05:00.000Z,BOUV,X,variation,channel,21868.046412819225,nT
2026-03-21T09:06:00.000Z,BOUV,X,variation,channel,21866.939636099374,nT
2026-03-21T09:07:00.000Z,BOUV,X,variation,channel,21865.96543749056,nT
2026-03-21T09:08:00.000Z,BOUV,X,variation,channel,21864.75509435098,nT
2026-03-21T09:09:00.000Z,BOUV,X,variation,channel,21863.539610443237,nT
2026-03-21T09:10:00.000Z,BOUV,X,variation,channel,21861.504201581352,nT
2026-03-21T09:11:00.000Z,BOUV,X,variation,channel,21860.2070472344,nT
2026-03-21T09:12:00.000Z,BOUV,X,variation,channel,21859.933293913808,nT
2026-03-21T09:13:00.000Z,BOUV,X,variation,channel,21860.411545243333,nT
2026-03-21T09:14:00.000Z,BOUV,X,variation,channel,21860.709220018547,nT
2026-03-21T09:15:00.000Z,BOUV,X,variation,channel,21861.038919838425,nT
2026-03-21T09:16:00.000Z,BOUV,X,variation,channel,21860.689463486127,nT
2026-03-21T09:17:00.000Z,BOUV,X,variation,channel,21859.91240178176,nT
2026-03-21T09:18:00.000Z,BOUV,X,variation,channel,21859.424812921872,nT
2026-03-21T09:19:00.000Z,BOUV,X,variation,channel,21859.201406078646,nT
2026-03-21T09:20:00.000Z,BOUV,X,variation,channel,21858.92275949983,nT
2026-03-21T09:21:00.000Z,BOUV,X,variation,channel,21858.495519967095,nT
2026-03-21T09:22:00.000Z,BOUV,X,variation,channel,21858.06427622597,nT
2026-03-21T09:23:00.000Z,BOUV,X,variation,channel,21859.11197146146,nT
2026-03-21T09:24:00.000Z,BOUV,X,variation,channel,21860.71960130208,nT
2026-03-21T09:25:00.000Z,BOUV,X,variation,channel,21861.583294955344,nT
2026-03-21T09:26:00.000Z,BOUV,X,variation,channel,21862.611144457296,nT
2026-03-21T09:27:00.000Z,BOUV,X,variation,channel,21864.1429997707,nT
2026-03-21T09:28:00.000Z,BOUV,X,variation,channel,21865.146787603917,nT
2026-03-21T09:29:00.000Z,BOUV,X,variation,channel,21865.967351694093,nT
2026-03-21T09:30:00.000Z,BOUV,X,variation,channel,21866.790781899446,nT
2026-03-21T09:31:00.000Z,BOUV,X,variation,channel,21867.154898017456,nT
2026-03-21T09:32:00.000Z,BOUV,X,variation,channel,21867.526898970795,nT
2026-03-21T09:33:00.000Z,BOUV,X,variation,channel,21867.921680344767,nT
2026-03-21T09:34:00.000Z,BOUV,X,variation,channel,21867.52134149478,nT
2026-03-21T09:35:00.000Z,BOUV,X,variation,channel,21866.526638734635,nT
2026-03-21T09:36:00.000Z,BOUV,X,variation,channel,21865.534510736146,nT
2026-03-21T09:37:00.000Z,BOUV,X,variation,channel,21863.982127054514,nT
2026-03-21T09:38:00.000Z,BOUV,X,variation,channel,21862.83146959968,nT
2026-03-21T09:39:00.000Z,BOUV,X,variation,channel,21862.19172212436,nT
2026-03-21T09:40:00.000Z,BOUV,X,variation,channel,21862.53255763843,nT
2026-03-21T09:41:00.000Z,BOUV,X,variation,channel,21862.312255200504,nT
2026-03-21T09:42:00.000Z,BOUV,X,variation,channel,21862.810046243678,nT
2026-03-21T09:43:00.000Z,BOUV,X,variation,channel,21862.995525325678,nT
2026-03-21T09:44:00.000Z,BOUV,X,variation,channel,21862.49118250131,nT
2026-03-21T09:45:00.000Z,BOUV,X,variation,channel,21861.866439525464,nT
2026-03-21T09:46:00.000Z,BOUV,X,variation,channel,21861.98164111046,nT
2026-03-21T09:47:00.000Z,BOUV,X,variation,channel,21861.502982964812,nT
2026-03-21T09:48:00.000Z,BOUV,X,variation,channel,21861.142000848347,nT
2026-03-21T09:49:00.000Z,BOUV,X,variation,channel,21860.969207898594,nT
2026-03-21T09:50:00.000Z,BOUV,X,variation,channel,21861.378710187106,nT
2026-03-21T09:51:00.000Z,BOUV,X,variation,channel,21861.658187192596,nT
2026-03-21T09:52:00.000Z,BOUV,X,variation,channel,21861.95811963745,nT
2026-03-21T09:53:00.000Z,BOUV,X,variation,channel,21861.834044909723,nT
2026-03-21T09:54:00.000Z,BOUV,X,variation,channel,21861.253311395903,nT
2026-03-21T09:55:00.000Z,BOUV,X,variation,channel,21861.175313904914,nT
2026-03-21T09:56:00.000Z,BOUV,X,variation,channel,21861.21037715991,nT
2026-03-21T09:57:00.000Z,BOUV,X,variation,channel,21861.85884521873,nT
2026-03-21T09:58:00.000Z,BOUV,X,variation,channel,21861.975217439594,nT
2026-03-21T09:59:00.000Z,BOUV,X,variation,channel,21862.458224719077,nT
2026-03-21T10:00:00.000Z,BOUV,X,variation,channel,21862.763183741867,nT
2026-03-21T10:01:00.000Z,BOUV,X,variation,channel,21863.275453408747,nT
2026-03-21T10:02:00.000Z,BOUV,X,variation,channel,21863.392283144694,nT
2026-03-21T10:03:00.000Z,BOUV,X,variation,channel,21863.15680789677,nT
2026-03-21T10:04:00.000Z,BOUV,X,variation,channel,21862.999534490446,nT
2026-03-21T10:05:00.000Z,BOUV,X,variation,channel,21864.594273742874,nT
2026-03-21T10:06:00.000Z,BOUV,X,variation,channel,21865.28632319845,nT
2026-03-21T10:07:00.000Z,BOUV,X,variation,channel,21866.819314698423,nT
2026-03-21T10:08:00.000Z,BOUV,X,variation,channel,21866.67068942381,nT
2026-03-21T10:09:00.000Z,BOUV,X,variation,channel,21865.218964365624,nT
2026-03-21T10:10:00.000Z,BOUV,X,variation,channel,21865.609423229645,nT
2026-03-21T10:11:00.000Z,BOUV,X,variation,channel,21865.415822405685,nT
2026-03-21T10:12:00.000Z,BOUV,X,variation,channel,21864.87552880427,nT
2026-03-21T10:13:00.000Z,BOUV,X,variation,channel,21865.160745034595,nT
2026-03-21T10:14:00.000Z,BOUV,X,variation,channel,21865.495971745782,nT
2026-03-21T10:15:00.000Z,BOUV,X,variation,channel,21865.458610622434,nT
2026-03-21T10:16:00.000Z,BOUV,X,variation,channel,21865.499052475243,nT
2026-03-21T10:17:00.000Z,BOUV,X,variation,channel,21865.86977795874,nT
2026-03-21T10:18:00.000Z,BOUV,X,variation,channel,21866.121582588206,nT
2026-03-21T10:19:00.000Z,BOUV,X,variation,channel,21865.982683559007,nT
2026-03-21T10:20:00.000Z,BOUV,X,variation,channel,21866.153514909773,nT
2026-03-21T10:21:00.000Z,BOUV,X,variation,channel,21866.85350166104,nT
2026-03-21T10:22:00.000Z,BOUV,X,variation,channel,21866.816600827697,nT
2026-03-21T10:23:00.000Z,BOUV,X,variation,channel,21866.541214999725,nT
2026-03-21T10:24:00.000Z,BOUV,X,variation,channel,21866.740197325526,nT
2026-03-21T10:25:00.000Z,BOUV,X,variation,channel,21866.98557846077,nT
2026-03-21T10:26:00.000Z,BOUV,X,variation,channel,21867.062652129138,nT
2026-03-21T10:27:00.000Z,BOUV,X,variation,channel,21866.83153443965,nT
2026-03-21T10:28:00.000Z,BOUV,X,variation,channel,21867.052010110656,nT
2026-03-21T10:29:00.000Z,BOUV,X,variation,channel,21867.262250522886,nT
2026-03-21T10:30:00.000Z,BOUV,X,variation,channel,21867.248198488694,nT
2026-03-21T10:31:00.000Z,BOUV,X,variation,channel,21866.97393273332,nT
2026-03-21T10:32:00.000Z,BOUV,X,variation,channel,21867.674596717847,nT
2026-03-21T10:33:00.000Z,BOUV,X,variation,channel,21867.9295769273,nT
2026-03-21T10:34:00.000Z,BOUV,X,variation,channel,21868.113631101503,nT
2026-03-21T10:35:00.000Z,BOUV,X,variation,channel,21869.068712649554,nT
2026-03-21T10:36:00.000Z,BOUV,X,variation,channel,21870.900212455854,nT
2026-03-21T10:37:00.000Z,BOUV,X,variation,channel,21871.977008345093,nT
2026-03-21T10:38:00.000Z,BOUV,X,variation,channel,21872.86245016998,nT
2026-03-21T10:39:00.000Z,BOUV,X,variation,channel,21872.576383176536,nT
2026-03-21T10:40:00.000Z,BOUV,X,variation,channel,21872.438999663635,nT
2026-03-21T10:41:00.000Z,BOUV,X,variation,channel,21872.849821010288,nT
2026-03-21T10:42:00.000Z,BOUV,X,variation,channel,21873.577666204543,nT
2026-03-21T10:43:00.000Z,BOUV,X,variation,channel,21874.194497651075,nT
2026-03-21T10:44:00.000Z,BOUV,X,variation,channel,21874.48324418659,nT
2026-03-21T10:45:00.000Z,BOUV,X,variation,channel,21873.953208665956,nT
2026-03-21T10:46:00.000Z,BOUV,X,variation,channel,21873.220057387487,nT
2026-03-21T10:47:00.000Z,BOUV,X,variation,channel,21872.786896677146,nT
2026-03-21T10:48:00.000Z,BOUV,X,variation,channel,21872.787423158086,nT
2026-03-21T10:49:00.000Z,BOUV,X,variation,channel,21872.553019876574,nT
2026-03-21T10:50:00.000Z,BOUV,X,variation,channel,21871.92921413176,nT
2026-03-21T10:51:00.000Z,BOUV,X,variation,channel,21870.78271350383,nT
2026-03-21T10:52:00.000Z,BOUV,X,variation,channel,21870.45517861908,nT
2026-03-21T10:53:00.000Z,BOUV,X,variation,channel,21870.96729573615,nT
2026-03-21T10:54:00.000Z,BOUV,X,variation,channel,21871.21458885239,nT
2026-03-21T10:55:00.000Z,BOUV,X,variation,channel,21871.39276057639,nT
2026-03-21T10:56:00.000Z,BOUV,X,variation,channel,21872.361690509766,nT
2026-03-21T10:57:00.000Z,BOUV,X,variation,channel,21874.03393859071,nT
2026-03-21T10:58:00.000Z,BOUV,X,variation,channel,21874.67650402575,nT
2026-03-21T10:59:00.000Z,BOUV,X,variation,channel,21874.851674603364,nT
2026-03-21T11:00:00.000Z,BOUV,X,variation,channel,21874.422113249508,nT
2026-03-21T11:01:00.000Z,BOUV,X,variation,channel,21873.806663753567,nT
2026-03-21T11:02:00.000Z,BOUV,X,variation,channel,21872.182898201147,nT
2026-03-21T11:03:00.000Z,BOUV,X,variation,channel,21870.503890176577,nT
2026-03-21T11:04:00.000Z,BOUV,X,variation,channel,21868.408246937717,nT
2026-03-21T11:05:00.000Z,BOUV,X,variation,channel,21866.52728211903,nT
2026-03-21T11:06:00.000Z,BOUV,X,variation,channel,21864.994582548767,nT
2026-03-21T11:07:00.000Z,BOUV,X,variation,channel,21864.17291076729,nT
2026-03-21T11:08:00.000Z,BOUV,X,variation,channel,21864.69336813959,nT
2026-03-21T11:09:00.000Z,BOUV,X,variation,channel,21865.323569128108,nT
2026-03-21T11:10:00.000Z,BOUV,X,variation,channel,21865.326885869308,nT
2026-03-21T11:11:00.000Z,BOUV,X,variation,channel,21866.20667198408,nT
2026-03-21T11:12:00.000Z,BOUV,X,variation,channel,21867.043235558933,nT
2026-03-21T11:13:00.000Z,BOUV,X,variation,channel,21867.71951271022,nT
2026-03-21T11:14:00.000Z,BOUV,X,variation,channel,21868.43459211449,nT
2026-03-21T11:15:00.000Z,BOUV,X,variation,channel,21868.99258412599,nT
2026-03-21T11:16:00.000Z,BOUV,X,variation,channel,21870.071037917947,nT
2026-03-21T11:17:00.000Z,BOUV,X,variation,channel,21871.02839068421,nT
2026-03-21T11:18:00.000Z,BOUV,X,variation,channel,21871.316144567187,nT
2026-03-21T11:19:00.000Z,BOUV,X,variation,channel,21871.822394428185,nT
2026-03-21T11:20:00.000Z,BOUV,X,variation,channel,21871.56510009185,nT
2026-03-21T11:21:00.000Z,BOUV,X,variation,channel,21871.18187113575,nT
2026-03-21T11:22:00.000Z,BOUV,X,variation,channel,21871.041394087577,nT
2026-03-21T11:23:00.000Z,BOUV,X,variation,channel,21871.443361799662,nT
2026-03-21T11:24:00.000Z,BOUV,X,variation,channel,21871.60388604384,nT
2026-03-21T11:25:00.000Z,BOUV,X,variation,channel,21871.721292620034,nT
2026-03-21T11:26:00.000Z,BOUV,X,variation,channel,21872.223491792232,nT
2026-03-21T11:27:00.000Z,BOUV,X,variation,channel,21872.97473344631,nT
2026-03-21T11:28:00.000Z,BOUV,X,variation,channel,21874.210632268256,nT
2026-03-21T11:29:00.000Z,BOUV,X,variation,channel,21875.33846731915,nT
2026-03-21T11:30:00.000Z,BOUV,X,variation,channel,21874.755732446632,nT
2026-03-21T11:31:00.000Z,BOUV,X,variation,channel,21876.5658080192,nT
2026-03-21T11:32:00.000Z,BOUV,X,variation,channel,21876.434254765725,nT
2026-03-21T11:33:00.000Z,BOUV,X,variation,channel,21876.439274045548,nT
2026-03-21T11:34:00.000Z,BOUV,X,variation,channel,21877.816319158796,nT
2026-03-21T11:35:00.000Z,BOUV,X,variation,channel,21879.305142294175,nT
2026-03-21T11:36:00.000Z,BOUV,X,variation,channel,21879.43494450618,nT
2026-03-21T11:37:00.000Z,BOUV,X,variation,channel,21880.44407760675,nT
2026-03-21T11:38:00.000Z,BOUV,X,variation,channel,21881.24154269212,nT
2026-03-21T11:39:00.000Z,BOUV,X,variation,channel,21881.72277459635,nT
2026-03-21T11:40:00.000Z,BOUV,X,variation,channel,21882.54182882224,nT
2026-03-21T11:41:00.000Z,BOUV,X,variation,channel,21883.739075542304,nT
2026-03-21T11:42:00.000Z,BOUV,X,variation,channel,21884.678234331543,nT
2026-03-21T11:43:00.000Z,BOUV,X,variation,channel,21885.320058425415,nT
2026-03-21T11:44:00.000Z,BOUV,X,variation,channel,21886.144592245204,nT
2026-03-21T11:45:00.000Z,BOUV,X,variation,channel,21886.60244894877,nT
2026-03-21T11:46:00.000Z,BOUV,X,variation,channel,21887.605120164186,nT
2026-03-21T11:47:00.000Z,BOUV,X,variation,channel,21887.58185973327,nT
2026-03-21T11:48:00.000Z,BOUV,X,variation,channel,21888.036090253703,nT
2026-03-21T11:49:00.000Z,BOUV,X,variation,channel,21887.89585962116,nT
2026-03-21T11:50:00.000Z,BOUV,X,variation,channel,21886.354242747286,nT
2026-03-21T11:51:00.000Z,BOUV,X,variation,channel,21886.014758199657,nT
2026-03-21T11:52:00.000Z,BOUV,X,variation,channel,21886.028508012983,nT
2026-03-21T11:53:00.000Z,BOUV,X,variation,channel,21885.89985369689,nT
2026-03-21T11:54:00.000Z,BOUV,X,variation,channel,21886.000312894896,nT
2026-03-21T11:55:00.000Z,BOUV,X,variation,channel,21885.196666070053,nT
2026-03-21T11:56:00.000Z,BOUV,X,variation,channel,21884.01921513326,nT
2026-03-21T11:57:00.000Z,BOUV,X,variation,channel,21883.39968560333,nT
2026-03-21T11:58:00.000Z,BOUV,X,variation,channel,21882.982046942136,nT
2026-03-21T11:59:00.000Z,BOUV,X,variation,channel,21884.00576790364,nT
2026-03-21T12:00:00.000Z,BOUV,X,variation,channel,21884.686076252892,nT
2026-03-21T12:01:00.000Z,BOUV,X,variation,channel,21885.046568918973,nT
2026-03-21T12:02:00.000Z,BOUV,X,variation,channel,21885.671871815102,nT
2026-03-21T12:03:00.000Z,BOUV,X,variation,channel,21886.270515173856,nT
2026-03-21T12:04:00.000Z,BOUV,X,variation,channel,21886.526476407114,nT
2026-03-21T12:05:00.000Z,BOUV,X,variation,channel,21886.872226550695,nT
2026-03-21T12:06:00.000Z,BOUV,X,variation,channel,21886.865884319293,nT
2026-03-21T12:07:00.000Z,BOUV,X,variation,channel,21886.48858145917,nT
2026-03-21T12:08:00.000Z,BOUV,X,variation,channel,21886.312131266834,nT
2026-03-21T12:09:00.000Z,BOUV,X,variation,channel,21885.03827235414,nT
2026-03-21T12:10:00.000Z,BOUV,X,variation,channel,21883.907106292492,nT
2026-03-21T12:11:00.000Z,BOUV,X,variation,channel,21882.46135682794,nT
2026-03-21T12:12:00.000Z,BOUV,X,variation,channel,21881.495595110908,nT
2026-03-21T12:13:00.000Z,BOUV,X,variation,channel,21881.799925683506,nT
2026-03-21T12:14:00.000Z,BOUV,X,variation,channel,21880.377705219988,nT
2026-03-21T12:15:00.000Z,BOUV,X,variation,channel,21879.967459265346,nT
2026-03-21T12:16:00.000Z,BOUV,X,variation,channel,21881.987886309456,nT
2026-03-21T12:17:00.000Z,BOUV,X,variation,channel,21881.659405062623,nT
2026-03-21T12:18:00.000Z,BOUV,X,variation,channel,21880.262664686044,nT
2026-03-21T12:19:00.000Z,BOUV,X,variation,channel,21878.913788747584,nT
2026-03-21T12:20:00.000Z,BOUV,X,variation,channel,21878.072578345775,nT
2026-03-21T12:21:00.000Z,BOUV,X,variation,channel,21877.530995611687,nT
2026-03-21T12:22:00.000Z,BOUV,X,variation,channel,21877.443419406634,nT
2026-03-21T12:23:00.000Z,BOUV,X,variation,channel,21877.70679740219,nT
2026-03-21T12:24:00.000Z,BOUV,X,variation,channel,21877.875168264058,nT
2026-03-21T12:25:00.000Z,BOUV,X,variation,channel,21877.37171029405,nT
2026-03-21T12:26:00.000Z,BOUV,X,variation,channel,21877.136682821234,nT
2026-03-21T12:27:00.000Z,BOUV,X,variation,channel,21877.35009418778,nT
2026-03-21T12:28:00.000Z,BOUV,X,variation,channel,21877.586874098222,nT
2026-03-21T12:29:00.000Z,BOUV,X,variation,channel,21877.740625766546,nT
2026-03-21T12:30:00.000Z,BOUV,X,variation,channel,21877.444713707482,nT
2026-03-21T12:31:00.000Z,BOUV,X,variation,channel,21876.94988783521,nT
2026-03-21T12:32:00.000Z,BOUV,X,variation,channel,21877.782829205134,nT
2026-03-21T12:33:00.000Z,BOUV,X,variation,channel,21877.641178973186,nT
2026-03-21T12:34:00.000Z,BOUV,X,variation,channel,21877.2786385516,nT
2026-03-21T12:35:00.000Z,BOUV,X,variation,channel,21877.28238776974,nT
2026-03-21T12:36:00.000Z,BOUV,X,variation,channel,21876.827632128785,nT
2026-03-21T12:37:00.000Z,BOUV,X,variation,channel,21875.78834349005,nT
2026-03-21T12:38:00.000Z,BOUV,X,variation,channel,21874.188808130886,nT
2026-03-21T12:39:00.000Z,BOUV,X,variation,channel,21873.81256860208,nT
2026-03-21T12:40:00.000Z,BOUV,X,variation,channel,21874.200662425308,nT
2026-03-21T12:41:00.000Z,BOUV,X,variation,channel,21872.847345952065,nT
2026-03-21T12:42:00.000Z,BOUV,X,variation,channel,21872.42487072408,nT
2026-03-21T12:43:00.000Z,BOUV,X,variation,channel,21872.66640627897,nT
2026-03-21T12:44:00.000Z,BOUV,X,variation,channel,21873.138458624813,nT
2026-03-21T12:45:00.000Z,BOUV,X,variation,channel,21874.29528635538,nT
2026-03-21T12:46:00.000Z,BOUV,X,variation,channel,21875.349722857147,nT
2026-03-21T12:47:00.000Z,BOUV,X,variation,channel,21875.59349448592,nT
2026-03-21T12:48:00.000Z,BOUV,X,variation,channel,21874.815548965344,nT
2026-03-21T12:49:00.000Z,BOUV,X,variation,channel,21874.750561638495,nT
2026-03-21T12:50:00.000Z,BOUV,X,variation,channel,21874.621665932464,nT
2026-03-21T12:51:00.000Z,BOUV,X,variation,channel,21874.881794007793,nT
2026-03-21T12:52:00.000Z,BOUV,X,variation,channel,21875.193574506073,nT
2026-03-21T12:53:00.000Z,BOUV,X,variation,channel,21875.989633802586,nT
2026-03-21T12:54:00.000Z,BOUV,X,variation,channel,21876.501881928285,nT
2026-03-21T12:55:00.000Z,BOUV,X,variation,channel,21877.567516144776,nT
2026-03-21T12:56:00.000Z,BOUV,X,variation,channel,21877.63799843388,nT
2026-03-21T12:57:00.000Z,BOUV,X,variation,channel,21875.402231533633,nT
2026-03-21T12:58:00.000Z,BOUV,X,variation,channel,21875.667281784346,nT
2026-03-21T12:59:00.000Z,BOUV,X,variation,channel,21876.545051546764,nT
2026-03-21T13:00:00.000Z,BOUV,X,variation,channel,21876.333301351537,nT
2026-03-21T13:01:00.000Z,BOUV,X,variation,channel,21876.933441697533,nT
2026-03-21T13:02:00.000Z,BOUV,X,variation,channel,21876.583838968447,nT
2026-03-21T13:03:00.000Z,BOUV,X,variation,channel,21876.936086196416,nT
2026-03-21T13:04:00.000Z,BOUV,X,variation,channel,21876.590157989973,nT
2026-03-21T13:05:00.000Z,BOUV,X,variation,channel,21874.738766628907,nT
2026-03-21T13:06:00.000Z,BOUV,X,variation,channel,21874.63793622814,nT
2026-03-21T13:07:00.000Z,BOUV,X,variation,channel,21874.54153779457,nT
2026-03-21T13:08:00.000Z,BOUV,X,variation,channel,21874.088324303477,nT
2026-03-21T13:09:00.000Z,BOUV,X,variation,channel,21873.764627361772,nT
2026-03-21T13:10:00.000Z,BOUV,X,variation,channel,21872.637954556296,nT
2026-03-21T13:11:00.000Z,BOUV,X,variation,channel,21871.968568133296,nT
2026-03-21T13:12:00.000Z,BOUV,X,variation,channel,21871.635924737828,nT
2026-03-21T13:13:00.000Z,BOUV,X,variation,channel,21870.17417479189,nT
2026-03-21T13:14:00.000Z,BOUV,X,variation,channel,21870.358060718383,nT
2026-03-21T13:15:00.000Z,BOUV,X,variation,channel,21869.788126051542,nT
2026-03-21T13:16:00.000Z,BOUV,X,variation,channel,21870.228218702567,nT
2026-03-21T13:17:00.000Z,BOUV,X,variation,channel,21870.132762668494,nT
2026-03-21T13:18:00.000Z,BOUV,X,variation,channel,21869.237613161164,nT
2026-03-21T13:19:00.000Z,BOUV,X,variation,channel,21868.55593562414,nT
2026-03-21T13:20:00.000Z,BOUV,X,variation,channel,21868.40540796931,nT
2026-03-21T13:21:00.000Z,BOUV,X,variation,channel,21869.47470132613,nT
2026-03-21T13:22:00.000Z,BOUV,X,variation,channel,21870.008660311658,nT
2026-03-21T13:23:00.000Z,BOUV,X,variation,channel,21870.084958663345,nT
2026-03-21T13:24:00.000Z,BOUV,X,variation,channel,21869.50995456674,nT
2026-03-21T13:25:00.000Z,BOUV,X,variation,channel,21869.575753240104,nT
2026-03-21T13:26:00.000Z,BOUV,X,variation,channel,21868.756043755115,nT
2026-03-21T13:27:00.000Z,BOUV,X,variation,channel,21868.693303935655,nT
2026-03-21T13:28:00.000Z,BOUV,X,variation,channel,21867.86907360597,nT
2026-03-21T13:29:00.000Z,BOUV,X,variation,channel,21868.289674181553,nT
2026-03-21T13:30:00.000Z,BOUV,X,variation,channel,21868.628117865293,nT
2026-03-21T13:31:00.000Z,BOUV,X,variation,channel,21869.100169290297,nT
2026-03-21T13:32:00.000Z,BOUV,X,variation,channel,21869.47657238938,nT
2026-03-21T13:33:00.000Z,BOUV,X,variation,channel,21868.904040501155,nT
2026-03-21T13:34:00.000Z,BOUV,X,variation,channel,21868.231823305894,nT
2026-03-21T13:35:00.000Z,BOUV,X,variation,channel,21867.554279011263,nT
2026-03-21T13:36:00.000Z,BOUV,X,variation,channel,21866.980589787367,nT
2026-03-21T13:37:00.000Z,BOUV,X,variation,channel,21867.84837864775,nT
2026-03-21T13:38:00.000Z,BOUV,X,variation,channel,21867.24192428311,nT
2026-03-21T13:39:00.000Z,BOUV,X,variation,channel,21866.76339289997,nT
2026-03-21T13:40:00.000Z,BOUV,X,variation,channel,21866.530175624568,nT
2026-03-21T13:41:00.000Z,BOUV,X,variation,channel,21866.745018039117,nT
2026-03-21T13:42:00.000Z,BOUV,X,variation,channel,21866.682170419543,nT
2026-03-21T13:43:00.000Z,BOUV,X,variation,channel,21866.46422740152,nT
2026-03-21T13:44:00.000Z,BOUV,X,variation,channel,21866.368476610387,nT
2026-03-21T13:45:00.000Z,BOUV,X,variation,channel,21865.19648763748,nT
2026-03-21T13:46:00.000Z,BOUV,X,variation,channel,21865.481904121574,nT
2026-03-21T13:47:00.000Z,BOUV,X,variation,channel,21866.353715367113,nT
2026-03-21T13:48:00.000Z,BOUV,X,variation,channel,21865.328317446005,nT
2026-03-21T13:49:00.000Z,BOUV,X,variation,channel,21865.410467326376,nT
2026-03-21T13:50:00.000Z,BOUV,X,variation,channel,21865.5941784676,nT
2026-03-21T13:51:00.000Z,BOUV,X,variation,channel,21866.055658880432,nT
2026-03-21T13:52:00.000Z,BOUV,X,variation,channel,21864.91388457086,nT
2026-03-21T13:53:00.000Z,BOUV,X,variation,channel,21864.231896763107,nT
2026-03-21T13:54:00.000Z,BOUV,X,variation,channel,21863.86922634272,nT
2026-03-21T13:55:00.000Z,BOUV,X,variation,channel,21863.28152663682,nT
2026-03-21T13:56:00.000Z,BOUV,X,variation,channel,21863.003600524848,nT
2026-03-21T13:57:00.000Z,BOUV,X,variation,channel,21862.64403263752,nT
2026-03-21T13:58:00.000Z,BOUV,X,variation,channel,21862.268723179717,nT
2026-03-21T13:59:00.000Z,BOUV,X,variation,channel,21861.587531548492,nT
2026-03-21T14:00:00.000Z,BOUV,X,variation,channel,21861.36036959695,nT
2026-03-21T14:01:00.000Z,BOUV,X,variation,channel,21860.679195138466,nT
2026-03-21T14:02:00.000Z,BOUV,X,variation,channel,21860.30400524785,nT
2026-03-21T14:03:00.000Z,BOUV,X,variation,channel,21860.593738253796,nT
2026-03-21T14:04:00.000Z,BOUV,X,variation,channel,21860.011458031557,nT
2026-03-21T14:05:00.000Z,BOUV,X,variation,channel,21860.26845587599,nT
2026-03-21T14:06:00.000Z,BOUV,X,variation,channel,21860.34195578536,nT
2026-03-21T14:07:00.000Z,BOUV,X,variation,channel,21860.090441613553,nT
2026-03-21T14:08:00.000Z,BOUV,X,variation,channel,21859.726633875234,nT
2026-03-21T14:09:00.000Z,BOUV,X,variation,channel,21859.44988565235,nT
2026-03-21T14:10:00.000Z,BOUV,X,variation,channel,21860.015577911458,nT
2026-03-21T14:11:00.000Z,BOUV,X,variation,channel,21859.848648806987,nT
2026-03-21T14:12:00.000Z,BOUV,X,variation,channel,21859.662971644073,nT
2026-03-21T14:13:00.000Z,BOUV,X,variation,channel,21859.555265740462,nT
2026-03-21T14:14:00.000Z,BOUV,X,variation,channel,21859.198112667607,nT
2026-03-21T14:15:00.000Z,BOUV,X,variation,channel,21859.08899234953,nT
2026-03-21T14:16:00.000Z,BOUV,X,variation,channel,21859.58310170715,nT
2026-03-21T14:17:00.000Z,BOUV,X,variation,channel,21860.085889100712,nT
2026-03-21T14:18:00.000Z,BOUV,X,variation,channel,21860.238262235966,nT
2026-03-21T14:19:00.000Z,BOUV,X,variation,channel,21860.751560779216,nT
2026-03-21T14:20:00.000Z,BOUV,X,variation,channel,21861.223960920885,nT
2026-03-21T14:21:00.000Z,BOUV,X,variation,channel,21862.48987729273,nT
2026-03-21T14:22:00.000Z,BOUV,X,variation,channel,21862.66207844061,nT
2026-03-21T14:23:00.000Z,BOUV,X,variation,channel,21862.476768673085,nT
2026-03-21T14:24:00.000Z,BOUV,X,variation,channel,21862.985087531255,nT
2026-03-21T14:25:00.000Z,BOUV,X,variation,channel,21863.088044808916,nT
2026-03-21T14:26:00.000Z,BOUV,X,variation,channel,21863.079064501904,nT
2026-03-21T14:27:00.000Z,BOUV,X,variation,channel,21862.76891892247,nT
2026-03-21T14:28:00.000Z,BOUV,X,variation,channel,21862.803644446103,nT
2026-03-21T14:29:00.000Z,BOUV,X,variation,channel,21863.388290690706,nT
2026-03-21T14:30:00.000Z,BOUV,X,variation,channel,21863.054476913538,nT
2026-03-21T14:31:00.000Z,BOUV,X,variation,channel,21862.559771757755,nT
2026-03-21T14:32:00.000Z,BOUV,X,variation,channel,21863.071305764297,nT
2026-03-21T14:33:00.000Z,BOUV,X,variation,channel,21863.22865099627,nT
2026-03-21T14:34:00.000Z,BOUV,X,variation,channel,21863.061741801008,nT
2026-03-21T14:35:00.000Z,BOUV,X,variation,channel,21862.700968230765,nT
2026-03-21T14:36:00.000Z,BOUV,X,variation,channel,21863.025978719765,nT
2026-03-21T14:37:00.000Z,BOUV,X,variation,channel,21862.918330698503,nT
2026-03-21T14:38:00.000Z,BOUV,X,variation,channel,21863.21307154973,nT
2026-03-21T14:39:00.000Z,BOUV,X,variation,channel,21863.312401331175,nT
2026-03-21T14:40:00.000Z,BOUV,X,variation,channel,21863.01788584777,nT
2026-03-21T14:41:00.000Z,BOUV,X,variation,channel,21862.449338122202,nT
2026-03-21T14:42:00.000Z,BOUV,X,variation,channel,21862.91804682997,nT
2026-03-21T14:43:00.000Z,BOUV,X,variation,channel,21862.668605965824,nT
2026-03-21T14:44:00.000Z,BOUV,X,variation,channel,21862.6178655152,nT
2026-03-21T14:45:00.000Z,BOUV,X,variation,channel,21863.063144192838,nT
2026-03-21T14:46:00.000Z,BOUV,X,variation,channel,21862.704166349482,nT
2026-03-21T14:47:00.000Z,BOUV,X,variation,channel,21862.545740445403,nT
2026-03-21T14:48:00.000Z,BOUV,X,variation,channel,21861.967866798233,nT
2026-03-21T14:49:00.000Z,BOUV,X,variation,channel,21862.167931896674,nT
2026-03-21T14:50:00.000Z,BOUV,X,variation,channel,21862.402190332767,nT
2026-03-21T14:51:00.000Z,BOUV,X,variation,channel,21862.367178242675,nT
2026-03-21T14:52:00.000Z,BOUV,X,variation,channel,21862.725840594896,nT
2026-03-21T14:53:00.000Z,BOUV,X,variation,channel,21862.73864241154,nT
2026-03-21T14:54:00.000Z,BOUV,X,variation,channel,21863.80149269569,nT
2026-03-21T14:55:00.000Z,BOUV,X,variation,channel,21863.889457403195,nT
2026-03-21T14:56:00.000Z,BOUV,X,variation,channel,21863.950769918443,nT
2026-03-21T14:57:00.000Z,BOUV,X,variation,channel,21862.921543227072,nT
2026-03-21T14:58:00.000Z,BOUV,X,variation,channel,21861.53968808186,nT
2026-03-21T14:59:00.000Z,BOUV,X,variation,channel,21859.578000675585,nT
2026-03-21T15:00:00.000Z,BOUV,X,variation,channel,21857.579682806678,nT
2026-03-21T15:01:00.000Z,BOUV,X,variation,channel,21857.65347260774,nT
2026-03-21T15:02:00.000Z,BOUV,X,variation,channel,21860.25796278376,nT
2026-03-21T15:03:00.000Z,BOUV,X,variation,channel,21863.4579223505,nT
2026-03-21T15:04:00.000Z,BOUV,X,variation,channel,21865.11252747523,nT
2026-03-21T15:05:00.000Z,BOUV,X,variation,channel,21866.050960283348,nT
2026-03-21T15:06:00.000Z,BOUV,X,variation,channel,21866.807268277873,nT
2026-03-21T15:07:00.000Z,BOUV,X,variation,channel,21867.156974743073,nT
2026-03-21T15:08:00.000Z,BOUV,X,variation,channel,21866.940699400788,nT
2026-03-21T15:09:00.000Z,BOUV,X,variation,channel,21866.75288399529,nT
2026-03-21T15:10:00.000Z,BOUV,X,variation,channel,21866.655042293398,nT
2026-03-21T15:11:00.000Z,BOUV,X,variation,channel,21866.781536424336,nT
2026-03-21T15:12:00.000Z,BOUV,X,variation,channel,21866.255748259082,nT
2026-03-21T15:13:00.000Z,BOUV,X,variation,channel,21867.74691185749,nT
2026-03-21T15:14:00.000Z,BOUV,X,variation,channel,21868.790320851775,nT
2026-03-21T15:15:00.000Z,BOUV,X,variation,channel,21875.500881566655,nT
2026-03-21T15:16:00.000Z,BOUV,X,variation,channel,21876.002100461046,nT
2026-03-21T15:17:00.000Z,BOUV,X,variation,channel,21873.508835654826,nT
2026-03-21T15:18:00.000Z,BOUV,X,variation,channel,21873.732147915925,nT
2026-03-21T15:19:00.000Z,BOUV,X,variation,channel,21874.49763524698,nT
2026-03-21T15:20:00.000Z,BOUV,X,variation,channel,21875.031764437826,nT
2026-03-21T15:21:00.000Z,BOUV,X,variation,channel,21875.737515525634,nT
2026-03-21T15:22:00.000Z,BOUV,X,variation,channel,21874.077975967164,nT
2026-03-21T15:23:00.000Z,BOUV,X,variation,channel,21875.59573197689,nT
2026-03-21T15:24:00.000Z,BOUV,X,variation,channel,21872.179003867215,nT
2026-03-21T15:25:00.000Z,BOUV,X,variation,channel,21873.155414665776,nT
2026-03-21T15:26:00.000Z,BOUV,X,variation,channel,21876.110659769645,nT
2026-03-21T15:27:00.000Z,BOUV,X,variation,channel,21876.21518572999,nT
2026-03-21T15:28:00.000Z,BOUV,X,variation,channel,21876.143611138363,nT
2026-03-21T15:29:00.000Z,BOUV,X,variation,channel,21877.916639690808,nT
2026-03-21T15:30:00.000Z,BOUV,X,variation,channel,21879.51002974261,nT
2026-03-21T15:31:00.000Z,BOUV,X,variation,channel,21876.59879337708,nT
2026-03-21T15:32:00.000Z,BOUV,X,variation,channel,21874.041275235377,nT
2026-03-21T15:33:00.000Z,BOUV,X,variation,channel,21874.373046351633,nT
2026-03-21T15:34:00.000Z,BOUV,X,variation,channel,21873.721182745496,nT
2026-03-21T15:35:00.000Z,BOUV,X,variation,channel,21872.537572333647,nT
2026-03-21T15:36:00.000Z,BOUV,X,variation,channel,21872.396478932256,nT
2026-03-21T15:37:00.000Z,BOUV,X,variation,channel,21872.47815074158,nT
2026-03-21T15:38:00.000Z,BOUV,X,variation,channel,21872.34729029235,nT
2026-03-21T15:39:00.000Z,BOUV,X,variation,channel,21872.96923523606,nT
2026-03-21T15:40:00.000Z,BOUV,X,variation,channel,21873.361443029517,nT
2026-03-21T15:41:00.000Z,BOUV,X,variation,channel,21873.288256610027,nT
2026-03-21T15:42:00.000Z,BOUV,X,variation,channel,21873.941062490896,nT
2026-03-21T15:43:00.000Z,BOUV,X,variation,channel,21874.197570984685,nT
2026-03-21T15:44:00.000Z,BOUV,X,variation,channel,21874.723890686513,nT
2026-03-21T15:45:00.000Z,BOUV,X,variation,channel,21875.54667504978,nT
2026-03-21T15:46:00.000Z,BOUV,X,variation,channel,21875.459325078402,nT
2026-03-21T15:47:00.000Z,BOUV,X,variation,channel,21875.650041600446,nT
2026-03-21T15:48:00.000Z,BOUV,X,variation,channel,21875.191858245907,nT
2026-03-21T15:49:00.000Z,BOUV,X,variation,channel,21874.33456322389,nT
2026-03-21T15:50:00.000Z,BOUV,X,variation,channel,21873.71285814132,nT
2026-03-21T15:51:00.000Z,BOUV,X,variation,channel,21872.63530930459,nT
2026-03-21T15:52:00.000Z,BOUV,X,variation,channel,21872.47840743583,nT
2026-03-21T15:53:00.000Z,BOUV,X,variation,channel,21873.49830315346,nT
2026-03-21T15:54:00.000Z,BOUV,X,variation,channel,21874.01050797073,nT
2026-03-21T15:55:00.000Z,BOUV,X,variation,channel,21873.663926518326,nT
2026-03-21T15:56:00.000Z,BOUV,X,variation,channel,21873.427831035107,nT
2026-03-21T15:57:00.000Z,BOUV,X,variation,channel,21873.696426484632,nT
2026-03-21T15:58:00.000Z,BOUV,X,variation,channel,21873.890162182077,nT
2026-03-21T15:59:00.000Z,BOUV,X,variation,channel,21873.98282179633,nT
2026-03-21T16:00:00.000Z,BOUV,X,variation,channel,21874.069967558906,nT
2026-03-21T16:01:00.000Z,BOUV,X,variation,channel,21873.519009506195,nT
2026-03-21T16:02:00.000Z,BOUV,X,variation,channel,21873.386560724,nT
2026-03-21T16:03:00.000Z,BOUV,X,variation,channel,21873.71179717281,nT
2026-03-21T16:04:00.000Z,BOUV,X,variation,channel,21873.41767166366,nT
2026-03-21T16:05:00.000Z,BOUV,X,variation,channel,21874.338757240377,nT
2026-03-21T16:06:00.000Z,BOUV,X,variation,channel,21874.314216694915,nT
2026-03-21T16:07:00.000Z,BOUV,X,variation,channel,21874.22710341665,nT
2026-03-21T16:08:00.000Z,BOUV,X,variation,channel,21874.719417111766,nT
2026-03-21T16:09:00.000Z,BOUV,X,variation,channel,21875.538687148357,nT
2026-03-21T16:10:00.000Z,BOUV,X,variation,channel,21875.515629613903,nT
2026-03-21T16:11:00.000Z,BOUV,X,variation,channel,21875.79129765795,nT
2026-03-21T16:12:00.000Z,BOUV,X,variation,channel,21876.825324766945,nT
2026-03-21T16:13:00.000Z,BOUV,X,variation,channel,21877.12551915501,nT
2026-03-21T16:14:00.000Z,BOUV,X,variation,channel,21876.48071872225,nT
2026-03-21T16:15:00.000Z,BOUV,X,variation,channel,21876.08631936503,nT
2026-03-21T16:16:00.000Z,BOUV,X,variation,channel,21875.620579059483,nT
2026-03-21T16:17:00.000Z,BOUV,X,variation,channel,21874.707974349276,nT
2026-03-21T16:18:00.000Z,BOUV,X,variation,channel,21873.947171619086,nT
2026-03-21T16:19:00.000Z,BOUV,X,variation,channel,21873.76823729885,nT
2026-03-21T16:20:00.000Z,BOUV,X,variation,channel,21874.398662895826,nT
2026-03-21T16:21:00.000Z,BOUV,X,variation,channel,21874.658365050826,nT
2026-03-21T16:22:00.000Z,BOUV,X,variation,channel,21875.19573888945,nT
2026-03-21T16:23:00.000Z,BOUV,X,variation,channel,21875.824895377704,nT
2026-03-21T16:24:00.000Z,BOUV,X,variation,channel,21875.64823367274,nT
2026-03-21T16:25:00.000Z,BOUV,X,variation,channel,21875.50904826535,nT
2026-03-21T16:26:00.000Z,BOUV,X,variation,channel,21875.577216844522,nT
2026-03-21T16:27:00.000Z,BOUV,X,variation,channel,21876.182362338,nT
2026-03-21T16:28:00.000Z,BOUV,X,variation,channel,21876.855682328216,nT
2026-03-21T16:29:00.000Z,BOUV,X,variation,channel,21876.69537656028,nT
2026-03-21T16:30:00.000Z,BOUV,X,variation,channel,21876.47418416435,nT
2026-03-21T16:31:00.000Z,BOUV,X,variation,channel,21876.409741274132,nT
2026-03-21T16:32:00.000Z,BOUV,X,variation,channel,21876.897840806665,nT
2026-03-21T16:33:00.000Z,BOUV,X,variation,channel,21877.967691278474,nT
2026-03-21T16:34:00.000Z,BOUV,X,variation,channel,21878.792192652716,nT
2026-03-21T16:35:00.000Z,BOUV,X,variation,channel,21879.04445968663,nT
2026-03-21T16:36:00.000Z,BOUV,X,variation,channel,21878.90720890943,nT
2026-03-21T16:37:00.000Z,BOUV,X,variation,channel,21878.484981362286,nT
2026-03-21T16:38:00.000Z,BOUV,X,variation,channel,21879.043915970975,nT
2026-03-21T16:39:00.000Z,BOUV,X,variation,channel,21878.607020467312,nT
2026-03-21T16:40:00.000Z,BOUV,X,variation,channel,21878.30352450245,nT
2026-03-21T16:41:00.000Z,BOUV,X,variation,channel,21878.077722616308,nT
2026-03-21T16:42:00.000Z,BOUV,X,variation,channel,21877.603411568576,nT
2026-03-21T16:43:00.000Z,BOUV,X,variation,channel,21877.893111473673,nT
2026-03-21T16:44:00.000Z,BOUV,X,variation,channel,21879.248416762504,nT
2026-03-21T16:45:00.000Z,BOUV,X,variation,channel,21880.132956664227,nT
2026-03-21T16:46:00.000Z,BOUV,X,variation,channel,21879.35869873358,nT
2026-03-21T16:47:00.000Z,BOUV,X,variation,channel,21878.40279056729,nT
2026-03-21T16:48:00.000Z,BOUV,X,variation,channel,21877.58357785799,nT
2026-03-21T16:49:00.000Z,BOUV,X,variation,channel,21877.788431610184,nT
2026-03-21T16:50:00.000Z,BOUV,X,variation,channel,21878.07974899945,nT
2026-03-21T16:51:00.000Z,BOUV,X,variation,channel,21878.550289754203,nT
2026-03-21T16:52:00.000Z,BOUV,X,variation,channel,21879.366736768225,nT
2026-03-21T16:53:00.000Z,BOUV,X,variation,channel,21880.0762416225,nT
2026-03-21T16:54:00.000Z,BOUV,X,variation,channel,21880.61152096931,nT
2026-03-21T16:55:00.000Z,BOUV,X,variation,channel,21881.279438261776,nT
2026-03-21T16:56:00.000Z,BOUV,X,variation,channel,21881.06509401823,nT
2026-03-21T16:57:00.000Z,BOUV,X,variation,channel,21880.75884138324,nT
2026-03-21T16:58:00.000Z,BOUV,X,variation,channel,21880.180653365725,nT
2026-03-21T16:59:00.000Z,BOUV,X,variation,channel,21879.80947055378,nT
2026-03-21T17:00:00.000Z,BOUV,X,variation,channel,21879.36567437959,nT
2026-03-21T17:01:00.000Z,BOUV,X,variation,channel,21879.125314243433,nT
2026-03-21T17:02:00.000Z,BOUV,X,variation,channel,21879.286648352056,nT
2026-03-21T17:03:00.000Z,BOUV,X,variation,channel,21879.096326670504,nT
2026-03-21T17:04:00.000Z,BOUV,X,variation,channel,21879.30365511093,nT
2026-03-21T17:05:00.000Z,BOUV,X,variation,channel,21879.459892753446,nT
2026-03-21T17:06:00.000Z,BOUV,X,variation,channel,21879.65924268706,nT
2026-03-21T17:07:00.000Z,BOUV,X,variation,channel,21878.954539253024,nT
2026-03-21T17:08:00.000Z,BOUV,X,variation,channel,21877.4738475099,nT
2026-03-21T17:09:00.000Z,BOUV,X,variation,channel,21877.36174846411,nT
2026-03-21T17:10:00.000Z,BOUV,X,variation,channel,21878.628676327564,nT
2026-03-21T17:11:00.000Z,BOUV,X,variation,channel,21877.985609765998,nT
2026-03-21T17:12:00.000Z,BOUV,X,variation,channel,21877.907608404013,nT
2026-03-21T17:13:00.000Z,BOUV,X,variation,channel,21878.42577167835,nT
2026-03-21T17:14:00.000Z,BOUV,X,variation,channel,21878.48703037452,nT
2026-03-21T17:15:00.000Z,BOUV,X,variation,channel,21877.690987173664,nT
2026-03-21T17:16:00.000Z,BOUV,X,variation,channel,21877.50528157157,nT
2026-03-21T17:17:00.000Z,BOUV,X,variation,channel,21876.21449857182,nT
2026-03-21T17:18:00.000Z,BOUV,X,variation,channel,21874.955708492733,nT
2026-03-21T17:19:00.000Z,BOUV,X,variation,channel,21874.5366328836,nT
2026-03-21T17:20:00.000Z,BOUV,X,variation,channel,21874.324160219217,nT
2026-03-21T17:21:00.000Z,BOUV,X,variation,channel,21873.67976906733,nT
2026-03-21T17:22:00.000Z,BOUV,X,variation,channel,21873.771168031533,nT
2026-03-21T17:23:00.000Z,BOUV,X,variation,channel,21873.99800366807,nT
2026-03-21T17:24:00.000Z,BOUV,X,variation,channel,21872.450356221892,nT
2026-03-21T17:25:00.000Z,BOUV,X,variation,channel,21871.763440360333,nT
2026-03-21T17:26:00.000Z,BOUV,X,variation,channel,21872.03796104855,nT
2026-03-21T17:27:00.000Z,BOUV,X,variation,channel,21872.397237020785,nT
2026-03-21T17:28:00.000Z,BOUV,X,variation,channel,21872.51384789961,nT
2026-03-21T17:29:00.000Z,BOUV,X,variation,channel,21872.405120449905,nT
2026-03-21T17:30:00.000Z,BOUV,X,variation,channel,21870.552157084203,nT
2026-03-21T17:31:00.000Z,BOUV,X,variation,channel,21869.22307088222,nT
2026-03-21T17:32:00.000Z,BOUV,X,variation,channel,21869.686336837043,nT
2026-03-21T17:33:00.000Z,BOUV,X,variation,channel,21869.699507208923,nT
2026-03-21T17:34:00.000Z,BOUV,X,variation,channel,21869.900856344655,nT
2026-03-21T17:35:00.000Z,BOUV,X,variation,channel,21870.388289568353,nT
2026-03-21T17:36:00.000Z,BOUV,X,variation,channel,21871.32861665368,nT
2026-03-21T17:37:00.000Z,BOUV,X,variation,channel,21871.189743805953,nT
2026-03-21T17:38:00.000Z,BOUV,X,variation,channel,21870.389057521625,nT
2026-03-21T17:39:00.000Z,BOUV,X,variation,channel,21869.77262589995,nT
2026-03-21T17:40:00.000Z,BOUV,X,variation,channel,21870.158795134077,nT
2026-03-21T17:41:00.000Z,BOUV,X,variation,channel,21870.471271510505,nT
2026-03-21T17:42:00.000Z,BOUV,X,variation,channel,21872.47720866605,nT
2026-03-21T17:43:00.000Z,BOUV,X,variation,channel,21873.002378073514,nT
2026-03-21T17:44:00.000Z,BOUV,X,variation,channel,21872.875912098825,nT
2026-03-21T17:45:00.000Z,BOUV,X,variation,channel,21873.74386471008,nT
2026-03-21T17:46:00.000Z,BOUV,X,variation,channel,21872.43462278647,nT
2026-03-21T17:47:00.000Z,BOUV,X,variation,channel,21871.403769201064,nT
2026-03-21T17:48:00.000Z,BOUV,X,variation,channel,21871.7887383415,nT
2026-03-21T17:49:00.000Z,BOUV,X,variation,channel,21872.850942520705,nT
2026-03-21T17:50:00.000Z,BOUV,X,variation,channel,21873.299703997334,nT
2026-03-21T17:51:00.000Z,BOUV,X,variation,channel,21873.722156306398,nT
2026-03-21T17:52:00.000Z,BOUV,X,variation,channel,21873.7692943911,nT
2026-03-21T17:53:00.000Z,BOUV,X,variation,channel,21872.600150288992,nT
2026-03-21T17:54:00.000Z,BOUV,X,variation,channel,21871.889602891635,nT
2026-03-21T17:55:00.000Z,BOUV,X,variation,channel,21871.097304459974,nT
2026-03-21T17:56:00.000Z,BOUV,X,variation,channel,21871.805170567084,nT
2026-03-21T17:57:00.000Z,BOUV,X,variation,channel,21871.72622791197,nT
2026-03-21T17:58:00.000Z,BOUV,X,variation,channel,21871.866504785914,nT
2026-03-21T17:59:00.000Z,BOUV,X,variation,channel,21871.97383548828,nT
2026-03-21T18:00:00.000Z,BOUV,X,variation,channel,21872.307048390347,nT
2026-03-21T18:01:00.000Z,BOUV,X,variation,channel,21873.03062680534,nT
2026-03-21T18:02:00.000Z,BOUV,X,variation,channel,21871.576305036753,nT
2026-03-21T18:03:00.000Z,BOUV,X,variation,channel,21871.45387358951,nT
2026-03-21T18:04:00.000Z,BOUV,X,variation,channel,21872.60538466298,nT
2026-03-21T18:05:00.000Z,BOUV,X,variation,channel,21873.460143696644,nT
2026-03-21T18:06:00.000Z,BOUV,X,variation,channel,21875.4685814964,nT
2026-03-21T18:07:00.000Z,BOUV,X,variation,channel,21876.376425533424,nT
2026-03-21T18:08:00.000Z,BOUV,X,variation,channel,21873.6373093866,nT
2026-03-21T18:09:00.000Z,BOUV,X,variation,channel,21871.9004619177,nT
2026-03-21T18:10:00.000Z,BOUV,X,variation,channel,21872.100754735315,nT
2026-03-21T18:11:00.000Z,BOUV,X,variation,channel,21873.483638086876,nT
2026-03-21T18:12:00.000Z,BOUV,X,variation,channel,21875.1424141902,nT
2026-03-21T18:13:00.000Z,BOUV,X,variation,channel,21873.81753972248,nT
2026-03-21T18:14:00.000Z,BOUV,X,variation,channel,21876.683879781456,nT
2026-03-21T18:15:00.000Z,BOUV,X,variation,channel,21878.191967130857,nT
2026-03-21T18:16:00.000Z,BOUV,X,variation,channel,21878.650609270473,nT
2026-03-21T18:17:00.000Z,BOUV,X,variation,channel,21878.275826319532,nT
2026-03-21T18:18:00.000Z,BOUV,X,variation,channel,21878.892746331672,nT
2026-03-21T18:19:00.000Z,BOUV,X,variation,channel,21878.876585681894,nT
2026-03-21T18:20:00.000Z,BOUV,X,variation,channel,21878.4826537359,nT
2026-03-21T18:21:00.000Z,BOUV,X,variation,channel,21876.957254729223,nT
2026-03-21T18:22:00.000Z,BOUV,X,variation,channel,21876.635770834087,nT
2026-03-21T18:23:00.000Z,BOUV,X,variation,channel,21876.16058674096,nT
2026-03-21T18:24:00.000Z,BOUV,X,variation,channel,21876.379048374965,nT
2026-03-21T18:25:00.000Z,BOUV,X,variation,channel,21875.939659629825,nT
2026-03-21T18:26:00.000Z,BOUV,X,variation,channel,21875.1225039646,nT
2026-03-21T18:27:00.000Z,BOUV,X,variation,channel,21874.636317271943,nT
2026-03-21T18:28:00.000Z,BOUV,X,variation,channel,21875.196701940004,nT
2026-03-21T18:29:00.000Z,BOUV,X,variation,channel,21877.3431990317,nT
2026-03-21T18:30:00.000Z,BOUV,X,variation,channel,21878.900152011796,nT
2026-03-21T18:31:00.000Z,BOUV,X,variation,channel,21877.235229255493,nT
2026-03-21T18:32:00.000Z,BOUV,X,variation,channel,21877.322372098843,nT
2026-03-21T18:33:00.000Z,BOUV,X,variation,channel,21877.444522317106,nT
2026-03-21T18:34:00.000Z,BOUV,X,variation,channel,21877.741443413663,nT
2026-03-21T18:35:00.000Z,BOUV,X,variation,channel,21877.026429132322,nT
2026-03-21T18:36:00.000Z,BOUV,X,variation,channel,21876.779392357435,nT
2026-03-21T18:37:00.000Z,BOUV,X,variation,channel,21877.198560451605,nT
2026-03-21T18:38:00.000Z,BOUV,X,variation,channel,21879.01586974745,nT
2026-03-21T18:39:00.000Z,BOUV,X,variation,channel,21880.076316871742,nT
2026-03-21T18:40:00.000Z,BOUV,X,variation,channel,21880.213806198975,nT
2026-03-21T18:41:00.000Z,BOUV,X,variation,channel,21881.36042840115,nT
2026-03-21T18:42:00.000Z,BOUV,X,variation,channel,21881.96690162011,nT
2026-03-21T18:43:00.000Z,BOUV,X,variation,channel,21881.902383418503,nT
2026-03-21T18:44:00.000Z,BOUV,X,variation,channel,21880.726249643743,nT
2026-03-21T18:45:00.000Z,BOUV,X,variation,channel,21880.404278198537,nT
2026-03-21T18:46:00.000Z,BOUV,X,variation,channel,21882.217652799787,nT
2026-03-21T18:47:00.000Z,BOUV,X,variation,channel,21882.393151533593,nT
2026-03-21T18:48:00.000Z,BOUV,X,variation,channel,21883.29281531996,nT
2026-03-21T18:49:00.000Z,BOUV,X,variation,channel,21884.22584475714,nT
2026-03-21T18:50:00.000Z,BOUV,X,variation,channel,21883.14152106728,nT
2026-03-21T18:51:00.000Z,BOUV,X,variation,channel,21880.96849097817,nT
2026-03-21T18:52:00.000Z,BOUV,X,variation,channel,21882.21554949183,nT
2026-03-21T18:53:00.000Z,BOUV,X,variation,channel,21882.99923557858,nT
2026-03-21T18:54:00.000Z,BOUV,X,variation,channel,21883.415391606475,nT
2026-03-21T18:55:00.000Z,BOUV,X,variation,channel,21882.575046803515,nT
2026-03-21T18:56:00.000Z,BOUV,X,variation,channel,21882.63376225239,nT
2026-03-21T18:57:00.000Z,BOUV,X,variation,channel,21881.88808594686,nT
2026-03-21T18:58:00.000Z,BOUV,X,variation,channel,21880.756119981783,nT
2026-03-21T18:59:00.000Z,BOUV,X,variation,channel,21880.455226461032,nT
2026-03-21T19:00:00.000Z,BOUV,X,variation,channel,21880.23350265155,nT
2026-03-21T19:01:00.000Z,BOUV,X,variation,channel,21880.396052984917,nT
2026-03-21T19:02:00.000Z,BOUV,X,variation,channel,21881.18569718536,nT
2026-03-21T19:03:00.000Z,BOUV,X,variation,channel,21881.509200823763,nT
2026-03-21T19:04:00.000Z,BOUV,X,variation,channel,21881.648274300846,nT
2026-03-21T19:05:00.000Z,BOUV,X,variation,channel,21881.71492274501,nT
2026-03-21T19:06:00.000Z,BOUV,X,variation,channel,21881.86544358897,nT
2026-03-21T19:07:00.000Z,BOUV,X,variation,channel,21881.617492515576,nT
2026-03-21T19:08:00.000Z,BOUV,X,variation,channel,21881.08366935657,nT
2026-03-21T19:09:00.000Z,BOUV,X,variation,channel,21881.182275711068,nT
2026-03-21T19:10:00.000Z,BOUV,X,variation,channel,21881.3440458297,nT
2026-03-21T19:11:00.000Z,BOUV,X,variation,channel,21881.387279365714,nT
2026-03-21T19:12:00.000Z,BOUV,X,variation,channel,21881.52558965072,nT
2026-03-21T19:13:00.000Z,BOUV,X,variation,channel,21881.741460471756,nT
2026-03-21T19:14:00.000Z,BOUV,X,variation,channel,21880.98481844525,nT
2026-03-21T19:15:00.000Z,BOUV,X,variation,channel,21882.170875392618,nT
2026-03-21T19:16:00.000Z,BOUV,X,variation,channel,21882.259840373485,nT
2026-03-21T19:17:00.000Z,BOUV,X,variation,channel,21882.95629948644,nT
2026-03-21T19:18:00.000Z,BOUV,X,variation,channel,21883.696051182338,nT
2026-03-21T19:19:00.000Z,BOUV,X,variation,channel,21884.155703372948,nT
2026-03-21T19:20:00.000Z,BOUV,X,variation,channel,21884.29960815082,nT
2026-03-21T19:21:00.000Z,BOUV,X,variation,channel,21884.913736999562,nT
2026-03-21T19:22:00.000Z,BOUV,X,variation,channel,21885.11796778914,nT
2026-03-21T19:23:00.000Z,BOUV,X,variation,channel,21885.419924845508,nT
2026-03-21T19:24:00.000Z,BOUV,X,variation,channel,21885.412452917033,nT
2026-03-21T19:25:00.000Z,BOUV,X,variation,channel,21885.715597692877,nT
2026-03-21T19:26:00.000Z,BOUV,X,variation,channel,21886.543514599,nT
2026-03-21T19:27:00.000Z,BOUV,X,variation,channel,21886.8042530709,nT
2026-03-21T19:28:00.000Z,BOUV,X,variation,channel,21886.690305089192,nT
2026-03-21T19:29:00.000Z,BOUV,X,variation,channel,21886.813475626837,nT
2026-03-21T19:30:00.000Z,BOUV,X,variation,channel,21887.489468704087,nT
2026-03-21T19:31:00.000Z,BOUV,X,variation,channel,21887.804996002127,nT
2026-03-21T19:32:00.000Z,BOUV,X,variation,channel,21888.057779072496,nT
2026-03-21T19:33:00.000Z,BOUV,X,variation,channel,21887.52684725302,nT
2026-03-21T19:34:00.000Z,BOUV,X,variation,channel,21887.56740504892,nT
2026-03-21T19:35:00.000Z,BOUV,X,variation,channel,21887.7368445169,nT
2026-03-21T19:36:00.000Z,BOUV,X,variation,channel,21887.79443625442,nT
2026-03-21T19:37:00.000Z,BOUV,X,variation,channel,21887.898002895323,nT
2026-03-21T19:38:00.000Z,BOUV,X,variation,channel,21887.90580810003,nT
2026-03-21T19:39:00.000Z,BOUV,X,variation,channel,21887.49937606934,nT
2026-03-21T19:40:00.000Z,BOUV,X,variation,channel,21886.183245643428,nT
2026-03-21T19:41:00.000Z,BOUV,X,variation,channel,21886.052863288543,nT
2026-03-21T19:42:00.000Z,BOUV,X,variation,channel,21887.044941218595,nT
2026-03-21T19:43:00.000Z,BOUV,X,variation,channel,21888.35055147789,nT
2026-03-21T19:44:00.000Z,BOUV,X,variation,channel,21889.053165504425,nT
2026-03-21T19:45:00.000Z,BOUV,X,variation,channel,21889.068156523113,nT
2026-03-21T19:46:00.000Z,BOUV,X,variation,channel,21889.078358770657,nT
2026-03-21T19:47:00.000Z,BOUV,X,variation,channel,21889.066635626637,nT
2026-03-21T19:48:00.000Z,BOUV,X,variation,channel,21889.375210112186,nT
2026-03-21T19:49:00.000Z,BOUV,X,variation,channel,21889.44983264144,nT
2026-03-21T19:50:00.000Z,BOUV,X,variation,channel,21889.88249043576,nT
2026-03-21T19:51:00.000Z,BOUV,X,variation,channel,21890.04710506242,nT
2026-03-21T19:52:00.000Z,BOUV,X,variation,channel,21890.552920537404,nT
2026-03-21T19:53:00.000Z,BOUV,X,variation,channel,21890.993430415056,nT
2026-03-21T19:54:00.000Z,BOUV,X,variation,channel,21891.521445490114,nT
2026-03-21T19:55:00.000Z,BOUV,X,variation,channel,21891.541561850594,nT
2026-03-21T19:56:00.000Z,BOUV,X,variation,channel,21891.773577726082,nT
2026-03-21T19:57:00.000Z,BOUV,X,variation,channel,21891.551502126174,nT
2026-03-21T19:58:00.000Z,BOUV,X,variation,channel,21891.08061892024,nT
2026-03-21T19:59:00.000Z,BOUV,X,variation,channel,21890.84433862445,nT
2026-03-21T20:00:00.000Z,BOUV,X,variation,channel,21890.407249893695,nT
2026-03-21T20:01:00.000Z,BOUV,X,variation,channel,21890.20762546077,nT
2026-03-21T20:02:00.000Z,BOUV,X,variation,channel,21891.125668156696,nT
2026-03-21T20:03:00.000Z,BOUV,X,variation,channel,21892.224913923274,nT
2026-03-21T20:04:00.000Z,BOUV,X,variation,channel,21894.563866103315,nT
2026-03-21T20:05:00.000Z,BOUV,X,variation,channel,21896.374607682363,nT
2026-03-21T20:06:00.000Z,BOUV,X,variation,channel,21898.671200470882,nT
2026-03-21T20:07:00.000Z,BOUV,X,variation,channel,21900.773090274906,nT
2026-03-21T20:08:00.000Z,BOUV,X,variation,channel,21900.825214335837,nT
2026-03-21T20:09:00.000Z,BOUV,X,variation,channel,21899.353982670757,nT
2026-03-21T20:10:00.000Z,BOUV,X,variation,channel,21897.209500061843,nT
2026-03-21T20:11:00.000Z,BOUV,X,variation,channel,21896.31766845235,nT
2026-03-21T20:12:00.000Z,BOUV,X,variation,channel,21896.524999535468,nT
2026-03-21T20:13:00.000Z,BOUV,X,variation,channel,21896.716193156477,nT
2026-03-21T20:14:00.000Z,BOUV,X,variation,channel,21898.029154892465,nT
2026-03-21T20:15:00.000Z,BOUV,X,variation,channel,21899.574425445768,nT
2026-03-21T20:16:00.000Z,BOUV,X,variation,channel,21901.37667881993,nT
2026-03-21T20:17:00.000Z,BOUV,X,variation,channel,21902.66154086065,nT
2026-03-21T20:18:00.000Z,BOUV,X,variation,channel,21903.86116150126,nT
2026-03-21T20:19:00.000Z,BOUV,X,variation,channel,21904.461944423478,nT
2026-03-21T20:20:00.000Z,BOUV,X,variation,channel,21905.17314201736,nT
2026-03-21T20:21:00.000Z,BOUV,X,variation,channel,21904.471619779055,nT
2026-03-21T20:22:00.000Z,BOUV,X,variation,channel,21904.407114171594,nT
2026-03-21T20:23:00.000Z,BOUV,X,variation,channel,21903.6899226467,nT
2026-03-21T20:24:00.000Z,BOUV,X,variation,channel,21902.07381531579,nT
2026-03-21T20:25:00.000Z,BOUV,X,variation,channel,21898.94253807398,nT
2026-03-21T20:26:00.000Z,BOUV,X,variation,channel,21896.142563111993,nT
2026-03-21T20:27:00.000Z,BOUV,X,variation,channel,21895.38168646665,nT
2026-03-21T20:28:00.000Z,BOUV,X,variation,channel,21894.95730820043,nT
2026-03-21T20:29:00.000Z,BOUV,X,variation,channel,21894.469800250467,nT
2026-03-21T20:30:00.000Z,BOUV,X,variation,channel,21893.057253796684,nT
2026-03-21T20:31:00.000Z,BOUV,X,variation,channel,21892.16712806754,nT
2026-03-21T20:32:00.000Z,BOUV,X,variation,channel,21891.806972468374,nT
2026-03-21T20:33:00.000Z,BOUV,X,variation,channel,21892.586422728265,nT
2026-03-21T20:34:00.000Z,BOUV,X,variation,channel,21892.109034050343,nT
2026-03-21T20:35:00.000Z,BOUV,X,variation,channel,21891.642785841494,nT
2026-03-21T20:36:00.000Z,BOUV,X,variation,channel,21891.734564943898,nT
2026-03-21T20:37:00.000Z,BOUV,X,variation,channel,21892.47075257367,nT
2026-03-21T20:38:00.000Z,BOUV,X,variation,channel,21892.802764693195,nT
2026-03-21T20:39:00.000Z,BOUV,X,variation,channel,21890.610258615827,nT
2026-03-21T20:40:00.000Z,BOUV,X,variation,channel,21890.57171341783,nT
2026-03-21T20:41:00.000Z,BOUV,X,variation,channel,21890.6283379671,nT
2026-03-21T20:42:00.000Z,BOUV,X,variation,channel,21890.170717693458,nT
2026-03-21T20:43:00.000Z,BOUV,X,variation,channel,21888.623053367806,nT
2026-03-21T20:44:00.000Z,BOUV,X,variation,channel,21887.531530668293,nT
2026-03-21T20:45:00.000Z,BOUV,X,variation,channel,21886.597740171896,nT
2026-03-21T20:46:00.000Z,BOUV,X,variation,channel,21886.043781712317,nT
2026-03-21T20:47:00.000Z,BOUV,X,variation,channel,21885.927135071826,nT
2026-03-21T20:48:00.000Z,BOUV,X,variation,channel,21885.240916101327,nT
2026-03-21T20:49:00.000Z,BOUV,X,variation,channel,21884.504079647082,nT
2026-03-21T20:50:00.000Z,BOUV,X,variation,channel,21883.910579271236,nT
2026-03-21T20:51:00.000Z,BOUV,X,variation,channel,21883.732813910578,nT
2026-03-21T20:52:00.000Z,BOUV,X,variation,channel,21883.98653629406,nT
2026-03-21T20:53:00.000Z,BOUV,X,variation,channel,21883.817063718998,nT
2026-03-21T20:54:00.000Z,BOUV,X,variation,channel,21884.551753399188,nT
2026-03-21T20:55:00.000Z,BOUV,X,variation,channel,21886.27520337578,nT
2026-03-21T20:56:00.000Z,BOUV,X,variation,channel,21886.438803577275,nT
2026-03-21T20:57:00.000Z,BOUV,X,variation,channel,21887.04379217144,nT
2026-03-21T20:58:00.000Z,BOUV,X,variation,channel,21887.655696622594,nT
2026-03-21T20:59:00.000Z,BOUV,X,variation,channel,21888.232692836427,nT
2026-03-21T21:00:00.000Z,BOUV,X,variation,channel,21889.295292702835,nT
2026-03-21T21:01:00.000Z,BOUV,X,variation,channel,21889.54035290557,nT
2026-03-21T21:02:00.000Z,BOUV,X,variation,channel,21890.512204979805,nT
2026-03-21T21:03:00.000Z,BOUV,X,variation,channel,21891.235674412,nT
2026-03-21T21:04:00.000Z,BOUV,X,variation,channel,21892.126558570388,nT
2026-03-21T21:05:00.000Z,BOUV,X,variation,channel,21893.926454136243,nT
2026-03-21T21:06:00.000Z,BOUV,X,variation,channel,21896.321377945045,nT
2026-03-21T21:07:00.000Z,BOUV,X,variation,channel,21896.36472354402,nT
2026-03-21T21:08:00.000Z,BOUV,X,variation,channel,21896.437301546495,nT
2026-03-21T21:09:00.000Z,BOUV,X,variation,channel,21896.92679237501,nT
2026-03-21T21:10:00.000Z,BOUV,X,variation,channel,21898.624917616155,nT
2026-03-21T21:11:00.000Z,BOUV,X,variation,channel,21897.732157036018,nT
2026-03-21T21:12:00.000Z,BOUV,X,variation,channel,21897.086771130853,nT
2026-03-21T21:13:00.000Z,BOUV,X,variation,channel,21897.69160779815,nT
2026-03-21T21:14:00.000Z,BOUV,X,variation,channel,21896.096155472118,nT
2026-03-21T21:15:00.000Z,BOUV,X,variation,channel,21896.28960761794,nT
2026-03-21T21:16:00.000Z,BOUV,X,variation,channel,21894.893216778546,nT
2026-03-21T21:17:00.000Z,BOUV,X,variation,channel,21895.589254237817,nT
2026-03-21T21:18:00.000Z,BOUV,X,variation,channel,21895.344890039956,nT
2026-03-21T21:19:00.000Z,BOUV,X,variation,channel,21895.398713840943,nT
2026-03-21T21:20:00.000Z,BOUV,X,variation,channel,21894.071365403783,nT
2026-03-21T21:21:00.000Z,BOUV,X,variation,channel,21893.122916347307,nT
2026-03-21T21:22:00.000Z,BOUV,X,variation,channel,21892.50361959243,nT
2026-03-21T21:23:00.000Z,BOUV,X,variation,channel,21892.949400707745,nT
2026-03-21T21:24:00.000Z,BOUV,X,variation,channel,21893.895243066454,nT
2026-03-21T21:25:00.000Z,BOUV,X,variation,channel,21890.701697653574,nT
2026-03-21T21:26:00.000Z,BOUV,X,variation,channel,21889.450060785486,nT
2026-03-21T21:27:00.000Z,BOUV,X,variation,channel,21889.50749645899,nT
2026-03-21T21:28:00.000Z,BOUV,X,variation,channel,21887.870357682637,nT
2026-03-21T21:29:00.000Z,BOUV,X,variation,channel,21887.219099894133,nT
2026-03-21T21:30:00.000Z,BOUV,X,variation,channel,21886.176153046043,nT
2026-03-21T21:31:00.000Z,BOUV,X,variation,channel,21885.075634321787,nT
2026-03-21T21:32:00.000Z,BOUV,X,variation,channel,21884.978796092095,nT
2026-03-21T21:33:00.000Z,BOUV,X,variation,channel,21885.0872323085,nT
2026-03-21T21:34:00.000Z,BOUV,X,variation,channel,21886.236047690625,nT
2026-03-21T21:35:00.000Z,BOUV,X,variation,channel,21887.891085564857,nT
2026-03-21T21:36:00.000Z,BOUV,X,variation,channel,21888.057638009912,nT
2026-03-21T21:37:00.000Z,BOUV,X,variation,channel,21888.039094839998,nT
2026-03-21T21:38:00.000Z,BOUV,X,variation,channel,21888.64077301361,nT
2026-03-21T21:39:00.000Z,BOUV,X,variation,channel,21889.848642186593,nT
2026-03-21T21:40:00.000Z,BOUV,X,variation,channel,21890.17479336008,nT
2026-03-21T21:41:00.000Z,BOUV,X,variation,channel,21890.22260920504,nT
2026-03-21T21:42:00.000Z,BOUV,X,variation,channel,21892.74301907662,nT
2026-03-21T21:43:00.000Z,BOUV,X,variation,channel,21894.30869407557,nT
2026-03-21T21:44:00.000Z,BOUV,X,variation,channel,21894.32865578576,nT
2026-03-21T21:45:00.000Z,BOUV,X,variation,channel,21895.021475647165,nT
2026-03-21T21:46:00.000Z,BOUV,X,variation,channel,21896.689862258838,nT
2026-03-21T21:47:00.000Z,BOUV,X,variation,channel,21896.46799480553,nT
2026-03-21T21:48:00.000Z,BOUV,X,variation,channel,21896.960137780483,nT
2026-03-21T21:49:00.000Z,BOUV,X,variation,channel,21896.757272536863,nT
2026-03-21T21:50:00.000Z,BOUV,X,variation,channel,21896.719322710516,nT
2026-03-21T21:51:00.000Z,BOUV,X,variation,channel,21897.45456081226,nT
2026-03-21T21:52:00.000Z,BOUV,X,variation,channel,21896.54695138477,nT
2026-03-21T21:53:00.000Z,BOUV,X,variation,channel,21896.504149224664,nT
2026-03-21T21:54:00.000Z,BOUV,X,variation,channel,21897.4368099722,nT
2026-03-21T21:55:00.000Z,BOUV,X,variation,channel,21897.265484753047,nT
2026-03-21T21:56:00.000Z,BOUV,X,variation,channel,21896.89170772814,nT
2026-03-21T21:57:00.000Z,BOUV,X,variation,channel,21897.707183591257,nT
2026-03-21T21:58:00.000Z,BOUV,X,variation,channel,21899.263583694283,nT
2026-03-21T21:59:00.000Z,BOUV,X,variation,channel,21900.860395797816,nT
2026-03-21T22:00:00.000Z,BOUV,X,variation,channel,21900.49796714577,nT
2026-03-21T22:01:00.000Z,BOUV,X,variation,channel,21899.641241882222,nT
2026-03-21T22:02:00.000Z,BOUV,X,variation,channel,21898.35183421038,nT
2026-03-21T22:03:00.000Z,BOUV,X,variation,channel,21899.093264509516,nT
2026-03-21T22:04:00.000Z,BOUV,X,variation,channel,21897.5912181188,nT
2026-03-21T22:05:00.000Z,BOUV,X,variation,channel,21896.1390421628,nT
2026-03-21T22:06:00.000Z,BOUV,X,variation,channel,21896.970541938463,nT
2026-03-21T22:07:00.000Z,BOUV,X,variation,channel,21897.280819464326,nT
2026-03-21T22:08:00.000Z,BOUV,X,variation,channel,21897.272464502825,nT
2026-03-21T22:09:00.000Z,BOUV,X,variation,channel,21897.24870673595,nT
2026-03-21T22:10:00.000Z,BOUV,X,variation,channel,21897.65704778637,nT
2026-03-21T22:11:00.000Z,BOUV,X,variation,channel,21897.866010408226,nT
2026-03-21T22:12:00.000Z,BOUV,X,variation,channel,21897.301214070947,nT
2026-03-21T22:13:00.000Z,BOUV,X,variation,channel,21896.85146193933,nT
2026-03-21T22:14:00.000Z,BOUV,X,variation,channel,21896.607533081537,nT
2026-03-21T22:15:00.000Z,BOUV,X,variation,channel,21897.232792842064,nT
2026-03-21T22:16:00.000Z,BOUV,X,variation,channel,21896.978425111163,nT
2026-03-21T22:17:00.000Z,BOUV,X,variation,channel,21897.222746648065,nT
2026-03-21T22:18:00.000Z,BOUV,X,variation,channel,21898.127873298912,nT
2026-03-21T22:19:00.000Z,BOUV,X,variation,channel,21899.339209573183,nT
2026-03-21T22:20:00.000Z,BOUV,X,variation,channel,21898.787783071024,nT
2026-03-21T22:21:00.000Z,BOUV,X,variation,channel,21898.667180894674,nT
2026-03-21T22:22:00.000Z,BOUV,X,variation,channel,21899.435005721025,nT
2026-03-21T22:23:00.000Z,BOUV,X,variation,channel,21898.610339420997,nT
2026-03-21T22:24:00.000Z,BOUV,X,variation,channel,21897.8291884995,nT
2026-03-21T22:25:00.000Z,BOUV,X,variation,channel,21896.891629652524,nT
2026-03-21T22:26:00.000Z,BOUV,X,variation,channel,21895.365700715956,nT
2026-03-21T22:27:00.000Z,BOUV,X,variation,channel,21894.305065609173,nT
2026-03-21T22:28:00.000Z,BOUV,X,variation,channel,21893.574566035582,nT
2026-03-21T22:29:00.000Z,BOUV,X,variation,channel,21893.725787809097,nT
2026-03-21T22:30:00.000Z,BOUV,X,variation,channel,21893.32827750866,nT
2026-03-21T22:31:00.000Z,BOUV,X,variation,channel,21893.16899521838,nT
2026-03-21T22:32:00.000Z,BOUV,X,variation,channel,21893.69915459785,nT
2026-03-21T22:33:00.000Z,BOUV,X,variation,channel,21893.711273872854,nT
2026-03-21T22:34:00.000Z,BOUV,X,variation,channel,21894.09229808869,nT
2026-03-21T22:35:00.000Z,BOUV,X,variation,channel,21893.794953250028,nT
2026-03-21T22:36:00.000Z,BOUV,X,variation,channel,21892.436908656997,nT
2026-03-21T22:37:00.000Z,BOUV,X,variation,channel,21891.59046044344,nT
2026-03-21T22:38:00.000Z,BOUV,X,variation,channel,21891.5620521734,nT
2026-03-21T22:39:00.000Z,BOUV,X,variation,channel,21890.766378879725,nT
2026-03-21T22:40:00.000Z,BOUV,X,variation,channel,21891.183924481258,nT
2026-03-21T22:41:00.000Z,BOUV,X,variation,channel,21891.165399744434,nT
2026-03-21T22:42:00.000Z,BOUV,X,variation,channel,21890.612563650095,nT
2026-03-21T22:43:00.000Z,BOUV,X,variation,channel,21891.42067042116,nT
2026-03-21T22:44:00.000Z,BOUV,X,variation,channel,21891.81079105854,nT
2026-03-21T22:45:00.000Z,BOUV,X,variation,channel,21891.965073255844,nT
2026-03-21T22:46:00.000Z,BOUV,X,variation,channel,21892.940193136463,nT
2026-03-21T22:47:00.000Z,BOUV,X,variation,channel,21892.659485694618,nT
2026-03-21T22:48:00.000Z,BOUV,X,variation,channel,21892.41817255615,nT
2026-03-21T22:49:00.000Z,BOUV,X,variation,channel,21892.65945628703,nT
2026-03-21T22:50:00.000Z,BOUV,X,variation,channel,21892.81838215366,nT
2026-03-21T22:51:00.000Z,BOUV,X,variation,channel,21893.9036879118,nT
2026-03-21T22:52:00.000Z,BOUV,X,variation,channel,21894.664016921794,nT
2026-03-21T22:53:00.000Z,BOUV,X,variation,channel,21895.678907769707,nT
2026-03-21T22:54:00.000Z,BOUV,X,variation,channel,21897.048860353832,nT
2026-03-21T22:55:00.000Z,BOUV,X,variation,channel,21898.08585633414,nT
2026-03-21T22:56:00.000Z,BOUV,X,variation,channel,21899.64905497337,nT
2026-03-21T22:57:00.000Z,BOUV,X,variation,channel,21900.799527544325,nT
2026-03-21T22:58:00.000Z,BOUV,X,variation,channel,21901.184881801655,nT
2026-03-21T22:59:00.000Z,BOUV,X,variation,channel,21901.287921333653,nT
2026-03-21T23:00:00.000Z,BOUV,X,variation,channel,21901.15658652668,nT
2026-03-21T23:01:00.000Z,BOUV,X,variation,channel,21901.117882309176,nT
2026-03-21T23:02:00.000Z,BOUV,X,variation,channel,21901.14405197314,nT
2026-03-21T23:03:00.000Z,BOUV,X,variation,channel,21901.5802276692,nT
2026-03-21T23:04:00.000Z,BOUV,X,variation,channel,21901.358091588867,nT
2026-03-21T23:05:00.000Z,BOUV,X,variation,channel,21900.87882299014,nT
2026-03-21T23:06:00.000Z,BOUV,X,variation,channel,21900.264459514838,nT
2026-03-21T23:07:00.000Z,BOUV,X,variation,channel,21899.66515965558,nT
2026-03-21T23:08:00.000Z,BOUV,X,variation,channel,21899.104617989964,nT
2026-03-21T23:09:00.000Z,BOUV,X,variation,channel,21898.976073402428,nT
2026-03-21T23:10:00.000Z,BOUV,X,variation,channel,21899.041385546596,nT
2026-03-21T23:11:00.000Z,BOUV,X,variation,channel,21899.3033569229,nT
2026-03-21T23:12:00.000Z,BOUV,X,variation,channel,21899.568206366417,nT
2026-03-21T23:13:00.000Z,BOUV,X,variation,channel,21900.014164759326,nT
2026-03-21T23:14:00.000Z,BOUV,X,variation,channel,21900.610991870584,nT
2026-03-21T23:15:00.000Z,BOUV,X,variation,channel,21900.756129584122,nT
2026-03-21T23:16:00.000Z,BOUV,X,variation,channel,21901.158733695538,nT
2026-03-21T23:17:00.000Z,BOUV,X,variation,channel,21901.335734308534,nT
2026-03-21T23:18:00.000Z,BOUV,X,variation,channel,21901.27086286663,nT
2026-03-21T23:19:00.000Z,BOUV,X,variation,channel,21901.18951294461,nT
2026-03-21T23:20:00.000Z,BOUV,X,variation,channel,21900.869039791167,nT
2026-03-21T23:21:00.000Z,BOUV,X,variation,channel,21900.38504560869,nT
2026-03-21T23:22:00.000Z,BOUV,X,variation,channel,21900.78257007995,nT
2026-03-21T23:23:00.000Z,BOUV,X,variation,channel,21900.237827595607,nT
2026-03-21T23:24:00.000Z,BOUV,X,variation,channel,21900.22907689661,nT
2026-03-21T23:25:00.000Z,BOUV,X,variation,channel,21900.497867337603,nT
2026-03-21T23:26:00.000Z,BOUV,X,variation,channel,21900.70054875835,nT
2026-03-21T23:27:00.000Z,BOUV,X,variation,channel,21900.98359227195,nT
2026-03-21T23:28:00.000Z,BOUV,X,variation,channel,21901.06135375667,nT
2026-03-21T23:29:00.000Z,BOUV,X,variation,channel,21901.027153548694,nT
2026-03-21T23:30:00.000Z,BOUV,X,variation,channel,21900.79848302858,nT
2026-03-21T23:31:00.000Z,BOUV,X,variation,channel,21900.675376664247,nT
2026-03-21T23:32:00.000Z,BOUV,X,variation,channel,21901.237723553004,nT
2026-03-21T23:33:00.000Z,BOUV,X,variation,channel,21900.46373962689,nT
2026-03-21T23:34:00.000Z,BOUV,X,variation,channel,21900.159371760335,nT
2026-03-21T23:35:00.000Z,BOUV,X,variation,channel,21900.253215348504,nT
2026-03-21T23:36:00.000Z,BOUV,X,variation,channel,21900.582021042188,nT
2026-03-21T23:37:00.000Z,BOUV,X,variation,channel,21899.800408453124,nT
2026-03-21T23:38:00.000Z,BOUV,X,variation,channel,21898.725765640218,nT
2026-03-21T23:39:00.000Z,BOUV,X,variation,channel,21898.38782161281,nT
2026-03-21T23:40:00.000Z,BOUV,X,variation,channel,21897.83850251606,nT
2026-03-21T23:41:00.000Z,BOUV,X,variation,channel,21897.928203978194,nT
2026-03-21T23:42:00.000Z,BOUV,X,variation,channel,21898.39860865672,nT
2026-03-21T23:43:00.000Z,BOUV,X,variation,channel,21898.61637324434,nT
2026-03-21T23:44:00.000Z,BOUV,X,variation,channel,21898.4861441723,nT
2026-03-21T23:45:00.000Z,BOUV,X,variation,channel,21898.829238608076,nT
2026-03-21T23:46:00.000Z,BOUV,X,variation,channel,21899.384879519417,nT
2026-03-21T23:47:00.000Z,BOUV,X,variation,channel,21899.832102035874,nT
2026-03-21T23:48:00.000Z,BOUV,X,variation,channel,21900.576730887904,nT
2026-03-21T23:49:00.000Z,BOUV,X,variation,channel,21900.845606808158,nT
2026-03-21T23:50:00.000Z,BOUV,X,variation,channel,21901.168293638002,nT
2026-03-21T23:51:00.000Z,BOUV,X,variation,channel,21901.761172369086,nT
2026-03-21T23:52:00.000Z,BOUV,X,variation,channel,21902.161842692163,nT
2026-03-21T23:53:00.000Z,BOUV,X,variation,channel,21902.614290478577,nT
2026-03-21T23:54:00.000Z,BOUV,X,variation,channel,21903.63134077998,nT
2026-03-21T23:55:00.000Z,BOUV,X,variation,channel,21904.56238581803,nT
2026-03-21T23:56:00.000Z,BOUV,X,variation,channel,21905.015687319144,nT
2026-03-21T23:57:00.000Z,BOUV,X,variation,channel,21905.68116297967,nT
2026-03-21T23:58:00.000Z,BOUV,X,variation,channel,21905.914532766426,nT
2026-03-21T23:59:00.000Z,BOUV,X,variation,channel,21906.268697324438,nT
2026-03-22T00:00:00.000Z,BOUV,X,variation,channel,21906.632510142445,nT
2026-03-22T00:01:00.000Z,BOUV,X,variation,channel,21906.012186518,nT
2026-03-22T00:02:00.000Z,BOUV,X,variation,channel,21905.38790793984,nT
2026-03-22T00:03:00.000Z,BOUV,X,variation,channel,21905.256941168558,nT
2026-03-22T00:04:00.000Z,BOUV,X,variation,channel,21905.420901504007,nT
2026-03-22T00:05:00.000Z,BOUV,X,variation,channel,21905.763707840084,nT
2026-03-22T00:06:00.000Z,BOUV,X,variation,channel,21905.96782331597,nT
2026-03-22T00:07:00.000Z,BOUV,X,variation,channel,21905.966052567703,nT
2026-03-22T00:08:00.000Z,BOUV,X,variation,channel,21905.744469120127,nT
2026-03-22T00:09:00.000Z,BOUV,X,variation,channel,21905.668178044085,nT
2026-03-22T00:10:00.000Z,BOUV,X,variation,channel,21905.468646906804,nT
2026-03-22T00:11:00.000Z,BOUV,X,variation,channel,21904.79698792271,nT
2026-03-22T00:12:00.000Z,BOUV,X,variation,channel,21904.42895768926,nT
2026-03-22T00:13:00.000Z,BOUV,X,variation,channel,21904.362209930474,nT
2026-03-22T00:14:00.000Z,BOUV,X,variation,channel,21903.794973978667,nT
2026-03-22T00:15:00.000Z,BOUV,X,variation,channel,21903.35949863304,nT
2026-03-22T00:16:00.000Z,BOUV,X,variation,channel,21902.323158701543,nT
2026-03-22T00:17:00.000Z,BOUV,X,variation,channel,21901.302017959468,nT
2026-03-22T00:18:00.000Z,BOUV,X,variation,channel,21900.35244937146,nT
2026-03-22T00:19:00.000Z,BOUV,X,variation,channel,21899.874014599984,nT
2026-03-22T00:20:00.000Z,BOUV,X,variation,channel,21899.850799079835,nT
2026-03-22T00:21:00.000Z,BOUV,X,variation,channel,21899.596976819237,nT
2026-03-22T00:22:00.000Z,BOUV,X,variation,channel,21899.142194806424,nT
2026-03-22T00:23:00.000Z,BOUV,X,variation,channel,21898.43792609283,nT
2026-03-22T00:24:00.000Z,BOUV,X,variation,channel,21897.972183706053,nT
2026-03-22T00:25:00.000Z,BOUV,X,variation,channel,21897.43636026338,nT
2026-03-22T00:26:00.000Z,BOUV,X,variation,channel,21896.988705093234,nT
2026-03-22T00:27:00.000Z,BOUV,X,variation,channel,21896.62807456419,nT
2026-03-22T00:28:00.000Z,BOUV,X,variation,channel,21896.31740251999,nT
2026-03-22T00:29:00.000Z,BOUV,X,variation,channel,21896.56355450293,nT
2026-03-22T00:30:00.000Z,BOUV,X,variation,channel,21896.133167326763,nT
2026-03-22T00:31:00.000Z,BOUV,X,variation,channel,21895.871478888606,nT
2026-03-22T00:32:00.000Z,BOUV,X,variation,channel,21896.40033122609,nT
2026-03-22T00:33:00.000Z,BOUV,X,variation,channel,21896.35611435163,nT
2026-03-22T00:34:00.000Z,BOUV,X,variation,channel,21895.938678959563,nT
2026-03-22T00:35:00.000Z,BOUV,X,variation,channel,21896.254608788822,nT
2026-03-22T00:36:00.000Z,BOUV,X,variation,channel,21896.32845705942,nT
2026-03-22T00:37:00.000Z,BOUV,X,variation,channel,21896.04827662277,nT
2026-03-22T00:38:00.000Z,BOUV,X,variation,channel,21896.288212792333,nT
2026-03-22T00:39:00.000Z,BOUV,X,variation,channel,21896.319027658883,nT
2026-03-22T00:40:00.000Z,BOUV,X,variation,channel,21896.11176277164,nT
2026-03-22T00:41:00.000Z,BOUV,X,variation,channel,21895.197062763345,nT
2026-03-22T00:42:00.000Z,BOUV,X,variation,channel,21894.427078631015,nT
2026-03-22T00:43:00.000Z,BOUV,X,variation,channel,21894.30580937914,nT
2026-03-22T00:44:00.000Z,BOUV,X,variation,channel,21892.868178213215,nT
2026-03-22T00:45:00.000Z,BOUV,X,variation,channel,21891.524954496937,nT
2026-03-22T00:46:00.000Z,BOUV,X,variation,channel,21891.251599442643,nT
2026-03-22T00:47:00.000Z,BOUV,X,variation,channel,21890.61809008742,nT
2026-03-22T00:48:00.000Z,BOUV,X,variation,channel,21889.692659443193,nT
2026-03-22T00:49:00.000Z,BOUV,X,variation,channel,21888.52044298896,nT
2026-03-22T00:50:00.000Z,BOUV,X,variation,channel,21888.181866921113,nT
2026-03-22T00:51:00.000Z,BOUV,X,variation,channel,21888.6140881091,nT
2026-03-22T00:52:00.000Z,BOUV,X,variation,channel,21888.95078737694,nT
2026-03-22T00:53:00.000Z,BOUV,X,variation,channel,21889.10354740993,nT
2026-03-22T00:54:00.000Z,BOUV,X,variation,channel,21888.78467510851,nT
2026-03-22T00:55:00.000Z,BOUV,X,variation,channel,21888.742473653783,nT
2026-03-22T00:56:00.000Z,BOUV,X,variation,channel,21889.36050461426,nT
2026-03-22T00:57:00.000Z,BOUV,X,variation,channel,21890.376512397714,nT
2026-03-22T00:58:00.000Z,BOUV,X,variation,channel,21892.052242394424,nT
2026-03-22T00:59:00.000Z,BOUV,X,variation,channel,21893.22156073297,nT
2026-03-22T01:00:00.000Z,BOUV,X,variation,channel,21894.492442715018,nT
2026-03-22T01:01:00.000Z,BOUV,X,variation,channel,21895.093314465415,nT
2026-03-22T01:02:00.000Z,BOUV,X,variation,channel,21895.59203639456,nT
2026-03-22T01:03:00.000Z,BOUV,X,variation,channel,21896.74861897458,nT
2026-03-22T01:04:00.000Z,BOUV,X,variation,channel,21896.82733377562,nT
2026-03-22T01:05:00.000Z,BOUV,X,variation,channel,21897.29913900923,nT
2026-03-22T01:06:00.000Z,BOUV,X,variation,channel,21898.062912212936,nT
2026-03-22T01:07:00.000Z,BOUV,X,variation,channel,21898.40502993105,nT
2026-03-22T01:08:00.000Z,BOUV,X,variation,channel,21898.489865033334,nT
2026-03-22T01:09:00.000Z,BOUV,X,variation,channel,21898.602845928002,nT
2026-03-22T01:10:00.000Z,BOUV,X,variation,channel,21899.21098715025,nT
2026-03-22T01:11:00.000Z,BOUV,X,variation,channel,21900.092109435776,nT
2026-03-22T01:12:00.000Z,BOUV,X,variation,channel,21900.398511309275,nT
2026-03-22T01:13:00.000Z,BOUV,X,variation,channel,21899.742902390553,nT
2026-03-22T01:14:00.000Z,BOUV,X,variation,channel,21899.993386630995,nT
2026-03-22T01:15:00.000Z,BOUV,X,variation,channel,21901.095575358533,nT
2026-03-22T01:16:00.000Z,BOUV,X,variation,channel,21901.108990318044,nT
2026-03-22T01:17:00.000Z,BOUV,X,variation,channel,21900.883910618955,nT
2026-03-22T01:18:00.000Z,BOUV,X,variation,channel,21900.38491291364,nT
2026-03-22T01:19:00.000Z,BOUV,X,variation,channel,21900.349049871125,nT
2026-03-22T01:20:00.000Z,BOUV,X,variation,channel,21900.066571880245,nT
2026-03-22T01:21:00.000Z,BOUV,X,variation,channel,21900.43103476832,nT
2026-03-22T01:22:00.000Z,BOUV,X,variation,channel,21900.91138380827,nT
2026-03-22T01:23:00.000Z,BOUV,X,variation,channel,21901.166467806866,nT
2026-03-22T01:24:00.000Z,BOUV,X,variation,channel,21901.183834888267,nT
2026-03-22T01:25:00.000Z,BOUV,X,variation,channel,21901.97044937633,nT
2026-03-22T01:26:00.000Z,BOUV,X,variation,channel,21902.28465319979,nT
2026-03-22T01:27:00.000Z,BOUV,X,variation,channel,21902.377269658286,nT
2026-03-22T01:28:00.000Z,BOUV,X,variation,channel,21902.122630078575,nT
2026-03-22T01:29:00.000Z,BOUV,X,variation,channel,21901.836922639875,nT
2026-03-22T01:30:00.000Z,BOUV,X,variation,channel,21902.466866916224,nT
2026-03-22T01:31:00.000Z,BOUV,X,variation,channel,21902.265890689916,nT
2026-03-22T01:32:00.000Z,BOUV,X,variation,channel,21902.679005594535,nT
2026-03-22T01:33:00.000Z,BOUV,X,variation,channel,21903.054983622478,nT
2026-03-22T01:34:00.000Z,BOUV,X,variation,channel,21903.196916079694,nT
2026-03-22T01:35:00.000Z,BOUV,X,variation,channel,21904.748012416192,nT
2026-03-22T01:36:00.000Z,BOUV,X,variation,channel,21905.816787993383,nT
2026-03-22T01:37:00.000Z,BOUV,X,variation,channel,21906.173061375048,nT
2026-03-22T01:38:00.000Z,BOUV,X,variation,channel,21906.972325001618,nT
2026-03-22T01:39:00.000Z,BOUV,X,variation,channel,21907.306102977236,nT
2026-03-22T01:40:00.000Z,BOUV,X,variation,channel,21907.644315839545,nT
2026-03-22T01:41:00.000Z,BOUV,X,variation,channel,21907.18720610168,nT
2026-03-22T01:42:00.000Z,BOUV,X,variation,channel,21907.03835901213,nT
2026-03-22T01:43:00.000Z,BOUV,X,variation,channel,21906.471524422708,nT
2026-03-22T01:44:00.000Z,BOUV,X,variation,channel,21906.02093979374,nT
2026-03-22T01:45:00.000Z,BOUV,X,variation,channel,21905.594374577937,nT
2026-03-22T01:46:00.000Z,BOUV,X,variation,channel,21904.90752863464,nT
2026-03-22T01:47:00.000Z,BOUV,X,variation,channel,21904.454544974815,nT
2026-03-22T01:48:00.000Z,BOUV,X,variation,channel,21904.116665635822,nT
2026-03-22T01:49:00.000Z,BOUV,X,variation,channel,21903.845280334146,nT
2026-03-22T01:50:00.000Z,BOUV,X,variation,channel,21903.52004792995,nT
2026-03-22T01:51:00.000Z,BOUV,X,variation,channel,21903.157626244432,nT
2026-03-22T01:52:00.000Z,BOUV,X,variation,channel,21903.506737698113,nT
2026-03-22T01:53:00.000Z,BOUV,X,variation,channel,21903.506339562682,nT
2026-03-22T01:54:00.000Z,BOUV,X,variation,channel,21903.902196095805,nT
2026-03-22T01:55:00.000Z,BOUV,X,variation,channel,21904.171964607092,nT
2026-03-22T01:56:00.000Z,BOUV,X,variation,channel,21904.517875967547,nT
2026-03-22T01:57:00.000Z,BOUV,X,variation,channel,21904.43333270959,nT
2026-03-22T01:58:00.000Z,BOUV,X,variation,channel,21904.08211305638,nT
2026-03-22T01:59:00.000Z,BOUV,X,variation,channel,21904.15841917667,nT
2026-03-22T02:00:00.000Z,BOUV,X,variation,channel,21904.020258196106,nT
2026-03-22T02:01:00.000Z,BOUV,X,variation,channel,21903.599469712866,nT
2026-03-22T02:02:00.000Z,BOUV,X,variation,channel,21903.600886913046,nT
2026-03-22T02:03:00.000Z,BOUV,X,variation,channel,21903.607628717087,nT
2026-03-22T02:04:00.000Z,BOUV,X,variation,channel,21903.45444391401,nT
2026-03-22T02:05:00.000Z,BOUV,X,variation,channel,21903.33004266418,nT
2026-03-22T02:06:00.000Z,BOUV,X,variation,channel,21902.97366209991,nT
2026-03-22T02:07:00.000Z,BOUV,X,variation,channel,21902.756164007696,nT
2026-03-22T02:08:00.000Z,BOUV,X,variation,channel,21902.871953019825,nT
2026-03-22T02:09:00.000Z,BOUV,X,variation,channel,21902.14990156676,nT
2026-03-22T02:10:00.000Z,BOUV,X,variation,channel,21901.298863268457,nT
2026-03-22T02:11:00.000Z,BOUV,X,variation,channel,21900.863975368255,nT
2026-03-22T02:12:00.000Z,BOUV,X,variation,channel,21900.4628035882,nT
2026-03-22T02:13:00.000Z,BOUV,X,variation,channel,21900.259487008658,nT
2026-03-22T02:14:00.000Z,BOUV,X,variation,channel,21900.09741676641,nT
2026-03-22T02:15:00.000Z,BOUV,X,variation,channel,21899.712128590254,nT
2026-03-22T02:16:00.000Z,BOUV,X,variation,channel,21899.75846027328,nT
2026-03-22T02:17:00.000Z,BOUV,X,variation,channel,21899.675421035678,nT
2026-03-22T02:18:00.000Z,BOUV,X,variation,channel,21899.951205868947,nT
2026-03-22T02:19:00.000Z,BOUV,X,variation,channel,21899.781538016567,nT
2026-03-22T02:20:00.000Z,BOUV,X,variation,channel,21900.512071139703,nT
2026-03-22T02:21:00.000Z,BOUV,X,variation,channel,21900.48606201191,nT
2026-03-22T02:22:00.000Z,BOUV,X,variation,channel,21900.62106159303,nT
2026-03-22T02:23:00.000Z,BOUV,X,variation,channel,21901.753881057582,nT
2026-03-22T02:24:00.000Z,BOUV,X,variation,channel,21901.945900561564,nT
2026-03-22T02:25:00.000Z,BOUV,X,variation,channel,21902.433043199246,nT
2026-03-22T02:26:00.000Z,BOUV,X,variation,channel,21902.882058145842,nT
2026-03-22T02:27:00.000Z,BOUV,X,variation,channel,21903.1378431048,nT
2026-03-22T02:28:00.000Z,BOUV,X,variation,channel,21904.086140500203,nT
2026-03-22T02:29:00.000Z,BOUV,X,variation,channel,21904.77549393142,nT
2026-03-22T02:30:00.000Z,BOUV,X,variation,channel,21905.623285809488,nT
2026-03-22T02:31:00.000Z,BOUV,X,variation,channel,21905.69869227053,nT
2026-03-22T02:32:00.000Z,BOUV,X,variation,channel,21905.773050429303,nT
2026-03-22T02:33:00.000Z,BOUV,X,variation,channel,21905.831676938753,nT
2026-03-22T02:34:00.000Z,BOUV,X,variation,channel,21905.539028547435,nT
2026-03-22T02:35:00.000Z,BOUV,X,variation,channel,21906.15467580537,nT
2026-03-22T02:36:00.000Z,BOUV,X,variation,channel,21906.114345566373,nT
2026-03-22T02:37:00.000Z,BOUV,X,variation,channel,21906.461293365686,nT
2026-03-22T02:38:00.000Z,BOUV,X,variation,channel,21906.69186353985,nT
2026-03-22T02:39:00.000Z,BOUV,X,variation,channel,21906.61526136828,nT
2026-03-22T02:40:00.000Z,BOUV,X,variation,channel,21906.61624918504,nT
2026-03-22T02:41:00.000Z,BOUV,X,variation,channel,21906.04906660157,nT
2026-03-22T02:42:00.000Z,BOUV,X,variation,channel,21905.92182697118,nT
2026-03-22T02:43:00.000Z,BOUV,X,variation,channel,21905.81390410872,nT
2026-03-22T02:44:00.000Z,BOUV,X,variation,channel,21905.576146251722,nT
2026-03-22T02:45:00.000Z,BOUV,X,variation,channel,21905.016144889712,nT
2026-03-22T02:46:00.000Z,BOUV,X,variation,channel,21904.24464736572,nT
2026-03-22T02:47:00.000Z,BOUV,X,variation,channel,21903.708222418885,nT
2026-03-22T02:48:00.000Z,BOUV,X,variation,channel,21903.20104796,nT
2026-03-22T02:49:00.000Z,BOUV,X,variation,channel,21902.61723544257,nT
2026-03-22T02:50:00.000Z,BOUV,X,variation,channel,21902.1277681126,nT
2026-03-22T02:51:00.000Z,BOUV,X,variation,channel,21901.74927033373,nT
2026-03-22T02:52:00.000Z,BOUV,X,variation,channel,21901.185383943448,nT
2026-03-22T02:53:00.000Z,BOUV,X,variation,channel,21901.291841737373,nT
2026-03-22T02:54:00.000Z,BOUV,X,variation,channel,21900.55175972489,nT
2026-03-22T02:55:00.000Z,BOUV,X,variation,channel,21900.130298589414,nT
2026-03-22T02:56:00.000Z,BOUV,X,variation,channel,21900.23857803684,nT
2026-03-22T02:57:00.000Z,BOUV,X,variation,channel,21900.181766843685,nT
2026-03-22T02:58:00.000Z,BOUV,X,variation,channel,21899.805305289778,nT
2026-03-22T02:59:00.000Z,BOUV,X,variation,channel,21899.744521331857,nT
2026-03-22T03:00:00.000Z,BOUV,X,variation,channel,21900.111877975694,nT
2026-03-22T03:01:00.000Z,BOUV,X,variation,channel,21899.32323422205,nT
2026-03-22T03:02:00.000Z,BOUV,X,variation,channel,21898.852912948543,nT
2026-03-22T03:03:00.000Z,BOUV,X,variation,channel,21898.87556506355,nT
2026-03-22T03:04:00.000Z,BOUV,X,variation,channel,21899.05366921886,nT
2026-03-22T03:05:00.000Z,BOUV,X,variation,channel,21899.183996683707,nT
2026-03-22T03:06:00.000Z,BOUV,X,variation,channel,21899.268537558433,nT
2026-03-22T03:07:00.000Z,BOUV,X,variation,channel,21899.235400794987,nT
2026-03-22T03:08:00.000Z,BOUV,X,variation,channel,21899.51928188831,nT
2026-03-22T03:09:00.000Z,BOUV,X,variation,channel,21899.483112287504,nT
2026-03-22T03:10:00.000Z,BOUV,X,variation,channel,21898.53057448175,nT
2026-03-22T03:11:00.000Z,BOUV,X,variation,channel,21897.645916650396,nT
2026-03-22T03:12:00.000Z,BOUV,X,variation,channel,21896.32264408551,nT
2026-03-22T03:13:00.000Z,BOUV,X,variation,channel,21895.4353402849,nT
2026-03-22T03:14:00.000Z,BOUV,X,variation,channel,21894.700780563642,nT
2026-03-22T03:15:00.000Z,BOUV,X,variation,channel,21893.829742413393,nT
2026-03-22T03:16:00.000Z,BOUV,X,variation,channel,21892.739042116962,nT
2026-03-22T03:17:00.000Z,BOUV,X,variation,channel,21891.79929342492,nT
2026-03-22T03:18:00.000Z,BOUV,X,variation,channel,21891.264292562933,nT
2026-03-22T03:19:00.000Z,BOUV,X,variation,channel,21890.131960851868,nT
2026-03-22T03:20:00.000Z,BOUV,X,variation,channel,21888.77848822187,nT
2026-03-22T03:21:00.000Z,BOUV,X,variation,channel,21888.513556187067,nT
2026-03-22T03:22:00.000Z,BOUV,X,variation,channel,21888.230223797636,nT
2026-03-22T03:23:00.000Z,BOUV,X,variation,channel,21889.001850228247,nT
2026-03-22T03:24:00.000Z,BOUV,X,variation,channel,21889.10039695726,nT
2026-03-22T03:25:00.000Z,BOUV,X,variation,channel,21888.377162176468,nT
2026-03-22T03:26:00.000Z,BOUV,X,variation,channel,21888.039993961243,nT
2026-03-22T03:27:00.000Z,BOUV,X,variation,channel,21890.902220208864,nT
2026-03-22T03:28:00.000Z,BOUV,X,variation,channel,21894.344981872495,nT
2026-03-22T03:29:00.000Z,BOUV,X,variation,channel,21899.870096426403,nT
2026-03-22T03:30:00.000Z,BOUV,X,variation,channel,21907.83970778971,nT
2026-03-22T03:31:00.000Z,BOUV,X,variation,channel,21915.341514335752,nT
2026-03-22T03:32:00.000Z,BOUV,X,variation,channel,21921.522640819363,nT
2026-03-22T03:33:00.000Z,BOUV,X,variation,channel,21926.163078276997,nT
2026-03-22T03:34:00.000Z,BOUV,X,variation,channel,21929.49217191177,nT
2026-03-22T03:35:00.000Z,BOUV,X,variation,channel,21932.513104547586,nT
2026-03-22T03:36:00.000Z,BOUV,X,variation,channel,21936.114262199677,nT
2026-03-22T03:37:00.000Z,BOUV,X,variation,channel,21939.14854244679,nT
2026-03-22T03:38:00.000Z,BOUV,X,variation,channel,21940.760182843707,nT
2026-03-22T03:39:00.000Z,BOUV,X,variation,channel,21940.93945905941,nT
2026-03-22T03:40:00.000Z,BOUV,X,variation,channel,21941.13965736109,nT
2026-03-22T03:41:00.000Z,BOUV,X,variation,channel,21942.002380895465,nT
2026-03-22T03:42:00.000Z,BOUV,X,variation,channel,21941.8612393235,nT
2026-03-22T03:43:00.000Z,BOUV,X,variation,channel,21941.464807116903,nT
2026-03-22T03:44:00.000Z,BOUV,X,variation,channel,21942.31152185821,nT
2026-03-22T03:45:00.000Z,BOUV,X,variation,channel,21942.041030990855,nT
2026-03-22T03:46:00.000Z,BOUV,X,variation,channel,21940.80128590156,nT
2026-03-22T03:47:00.000Z,BOUV,X,variation,channel,21939.492115188892,nT
2026-03-22T03:48:00.000Z,BOUV,X,variation,channel,21937.933999496872,nT
2026-03-22T03:49:00.000Z,BOUV,X,variation,channel,21935.878527035944,nT
2026-03-22T03:50:00.000Z,BOUV,X,variation,channel,21934.651586290514,nT
2026-03-22T03:51:00.000Z,BOUV,X,variation,channel,21933.508421932187,nT
2026-03-22T03:52:00.000Z,BOUV,X,variation,channel,21932.486328198065,nT
2026-03-22T03:53:00.000Z,BOUV,X,variation,channel,21931.422579656777,nT
2026-03-22T03:54:00.000Z,BOUV,X,variation,channel,21929.894419410655,nT
2026-03-22T03:55:00.000Z,BOUV,X,variation,channel,21928.275906285962,nT
2026-03-22T03:56:00.000Z,BOUV,X,variation,channel,21926.437690072482,nT
2026-03-22T03:57:00.000Z,BOUV,X,variation,channel,21925.611169282918,nT
2026-03-22T03:58:00.000Z,BOUV,X,variation,channel,21924.059879225297,nT
2026-03-22T03:59:00.000Z,BOUV,X,variation,channel,21921.55615468871,nT
2026-03-22T04:00:00.000Z,BOUV,X,variation,channel,21918.98899293687,nT
2026-03-22T04:01:00.000Z,BOUV,X,variation,channel,21916.88313365209,nT
2026-03-22T04:02:00.000Z,BOUV,X,variation,channel,21915.088852162167,nT
2026-03-22T04:03:00.000Z,BOUV,X,variation,channel,21913.223707707093,nT
2026-03-22T04:04:00.000Z,BOUV,X,variation,channel,21911.731298408442,nT
2026-03-22T04:05:00.000Z,BOUV,X,variation,channel,21909.873975408365,nT
2026-03-22T04:06:00.000Z,BOUV,X,variation,channel,21907.709079600598,nT
2026-03-22T04:07:00.000Z,BOUV,X,variation,channel,21905.350209021082,nT
2026-03-22T04:08:00.000Z,BOUV,X,variation,channel,21902.7253195386,nT
2026-03-22T04:09:00.000Z,BOUV,X,variation,channel,21900.665653524225,nT
2026-03-22T04:10:00.000Z,BOUV,X,variation,channel,21899.011684262765,nT
2026-03-22T04:11:00.000Z,BOUV,X,variation,channel,21897.414745881862,nT
2026-03-22T04:12:00.000Z,BOUV,X,variation,channel,21896.10480521492,nT
2026-03-22T04:13:00.000Z,BOUV,X,variation,channel,21895.018730221123,nT
2026-03-22T04:14:00.000Z,BOUV,X,variation,channel,21894.13970362693,nT
2026-03-22T04:15:00.000Z,BOUV,X,variation,channel,21893.292067748793,nT
2026-03-22T04:16:00.000Z,BOUV,X,variation,channel,21893.17416449415,nT
2026-03-22T04:17:00.000Z,BOUV,X,variation,channel,21893.2675237603,nT
2026-03-22T04:18:00.000Z,BOUV,X,variation,channel,21893.61353852346,nT
2026-03-22T04:19:00.000Z,BOUV,X,variation,channel,21893.950593774844,nT
2026-03-22T04:20:00.000Z,BOUV,X,variation,channel,21894.593922692242,nT
2026-03-22T04:21:00.000Z,BOUV,X,variation,channel,21894.969967504894,nT
2026-03-22T04:22:00.000Z,BOUV,X,variation,channel,21894.83029519369,nT
2026-03-22T04:23:00.000Z,BOUV,X,variation,channel,21895.274826747773,nT
2026-03-22T04:24:00.000Z,BOUV,X,variation,channel,21895.695273488524,nT
2026-03-22T04:25:00.000Z,BOUV,X,variation,channel,21895.67344784639,nT
2026-03-22T04:26:00.000Z,BOUV,X,variation,channel,21895.460203291565,nT
2026-03-22T04:27:00.000Z,BOUV,X,variation,channel,21895.07379342783,nT
2026-03-22T04:28:00.000Z,BOUV,X,variation,channel,21894.497306931567,nT
2026-03-22T04:29:00.000Z,BOUV,X,variation,channel,21894.10221114907,nT
2026-03-22T04:30:00.000Z,BOUV,X,variation,channel,21894.35866869919,nT
2026-03-22T04:31:00.000Z,BOUV,X,variation,channel,21895.162239813828,nT
2026-03-22T04:32:00.000Z,BOUV,X,variation,channel,21896.208677764265,nT
2026-03-22T04:33:00.000Z,BOUV,X,variation,channel,21896.837169637587,nT
2026-03-22T04:34:00.000Z,BOUV,X,variation,channel,21897.604484469834,nT
2026-03-22T04:35:00.000Z,BOUV,X,variation,channel,21898.003968922796,nT
2026-03-22T04:36:00.000Z,BOUV,X,variation,channel,21898.0937338294,nT
2026-03-22T04:37:00.000Z,BOUV,X,variation,channel,21898.143305212907,nT
2026-03-22T04:38:00.000Z,BOUV,X,variation,channel,21898.08763555947,nT
2026-03-22T04:39:00.000Z,BOUV,X,variation,channel,21898.35850898884,nT
2026-03-22T04:40:00.000Z,BOUV,X,variation,channel,21898.617992979285,nT
2026-03-22T04:41:00.000Z,BOUV,X,variation,channel,21898.340424733527,nT
2026-03-22T04:42:00.000Z,BOUV,X,variation,channel,21898.39124850954,nT
2026-03-22T04:43:00.000Z,BOUV,X,variation,channel,21898.354004009212,nT
2026-03-22T04:44:00.000Z,BOUV,X,variation,channel,21898.050657778567,nT
2026-03-22T04:45:00.000Z,BOUV,X,variation,channel,21897.991502549867,nT
2026-03-22T04:46:00.000Z,BOUV,X,variation,channel,21897.71593322385,nT
2026-03-22T04:47:00.000Z,BOUV,X,variation,channel,21897.569600273953,nT
2026-03-22T04:48:00.000Z,BOUV,X,variation,channel,21897.32024533685,nT
2026-03-22T04:49:00.000Z,BOUV,X,variation,channel,21897.322812962946,nT
2026-03-22T04:50:00.000Z,BOUV,X,variation,channel,21897.714325755132,nT
2026-03-22T04:51:00.000Z,BOUV,X,variation,channel,21898.84787243358,nT
2026-03-22T04:52:00.000Z,BOUV,X,variation,channel,21899.39346157309,nT
2026-03-22T04:53:00.000Z,BOUV,X,variation,channel,21899.47202505998,nT
2026-03-22T04:54:00.000Z,BOUV,X,variation,channel,21898.813961957996,nT
2026-03-22T04:55:00.000Z,BOUV,X,variation,channel,21899.08703990922,nT
2026-03-22T04:56:00.000Z,BOUV,X,variation,channel,21897.97490658764,nT
2026-03-22T04:57:00.000Z,BOUV,X,variation,channel,21896.46810829909,nT
2026-03-22T04:58:00.000Z,BOUV,X,variation,channel,21895.14208648961,nT
2026-03-22T04:59:00.000Z,BOUV,X,variation,channel,21894.087734091892,nT
2026-03-22T05:00:00.000Z,BOUV,X,variation,channel,21893.774759870717,nT
2026-03-22T05:01:00.000Z,BOUV,X,variation,channel,21895.605616613026,nT
2026-03-22T05:02:00.000Z,BOUV,X,variation,channel,21896.84802442064,nT
2026-03-22T05:03:00.000Z,BOUV,X,variation,channel,21897.793681333787,nT
2026-03-22T05:04:00.000Z,BOUV,X,variation,channel,21898.748698574498,nT
2026-03-22T05:05:00.000Z,BOUV,X,variation,channel,21899.83895057556,nT
2026-03-22T05:06:00.000Z,BOUV,X,variation,channel,21900.6129634061,nT
2026-03-22T05:07:00.000Z,BOUV,X,variation,channel,21901.3728252272,nT
2026-03-22T05:08:00.000Z,BOUV,X,variation,channel,21902.183752407927,nT
2026-03-22T05:09:00.000Z,BOUV,X,variation,channel,21902.061068299776,nT
2026-03-22T05:10:00.000Z,BOUV,X,variation,channel,21903.38409805375,nT
2026-03-22T05:11:00.000Z,BOUV,X,variation,channel,21906.10122213024,nT
2026-03-22T05:12:00.000Z,BOUV,X,variation,channel,21907.908752484796,nT
2026-03-22T05:13:00.000Z,BOUV,X,variation,channel,21908.47713153087,nT
2026-03-22T05:14:00.000Z,BOUV,X,variation,channel,21907.615119605223,nT
2026-03-22T05:15:00.000Z,BOUV,X,variation,channel,21904.843329734376,nT
2026-03-22T05:16:00.000Z,BOUV,X,variation,channel,21902.477276694095,nT
2026-03-22T05:17:00.000Z,BOUV,X,variation,channel,21902.065195858802,nT
2026-03-22T05:18:00.000Z,BOUV,X,variation,channel,21902.654069283377,nT
2026-03-22T05:19:00.000Z,BOUV,X,variation,channel,21903.08715327864,nT
2026-03-22T05:20:00.000Z,BOUV,X,variation,channel,21901.867520576125,nT
2026-03-22T05:21:00.000Z,BOUV,X,variation,channel,21899.77225474514,nT
2026-03-22T05:22:00.000Z,BOUV,X,variation,channel,21897.97870126585,nT
2026-03-22T05:23:00.000Z,BOUV,X,variation,channel,21897.08963750309,nT
2026-03-22T05:24:00.000Z,BOUV,X,variation,channel,21897.399127419318,nT
2026-03-22T05:25:00.000Z,BOUV,X,variation,channel,21897.639714804263,nT
2026-03-22T05:26:00.000Z,BOUV,X,variation,channel,21897.587089342975,nT
2026-03-22T05:27:00.000Z,BOUV,X,variation,channel,21896.47001887295,nT
2026-03-22T05:28:00.000Z,BOUV,X,variation,channel,21895.97460588912,nT
2026-03-22T05:29:00.000Z,BOUV,X,variation,channel,21895.11094091936,nT
2026-03-22T05:30:00.000Z,BOUV,X,variation,channel,21895.492476110147,nT
2026-03-22T05:31:00.000Z,BOUV,X,variation,channel,21896.15935845601,nT
2026-03-22T05:32:00.000Z,BOUV,X,variation,channel,21896.22536428453,nT
2026-03-22T05:33:00.000Z,BOUV,X,variation,channel,21898.04026013943,nT
2026-03-22T05:34:00.000Z,BOUV,X,variation,channel,21899.40271932803,nT
2026-03-22T05:35:00.000Z,BOUV,X,variation,channel,21900.91540560663,nT
2026-03-22T05:36:00.000Z,BOUV,X,variation,channel,21902.938515361606,nT
2026-03-22T05:37:00.000Z,BOUV,X,variation,channel,21905.44743297696,nT
2026-03-22T05:38:00.000Z,BOUV,X,variation,channel,21906.56564023837,nT
2026-03-22T05:39:00.000Z,BOUV,X,variation,channel,21907.536581499742,nT
2026-03-22T05:40:00.000Z,BOUV,X,variation,channel,21907.53721516898,nT
2026-03-22T05:41:00.000Z,BOUV,X,variation,channel,21907.92483409356,nT
2026-03-22T05:42:00.000Z,BOUV,X,variation,channel,21908.656873870757,nT
2026-03-22T05:43:00.000Z,BOUV,X,variation,channel,21909.47772804337,nT
2026-03-22T05:44:00.000Z,BOUV,X,variation,channel,21910.858726574672,nT
2026-03-22T05:45:00.000Z,BOUV,X,variation,channel,21911.826570306337,nT
2026-03-22T05:46:00.000Z,BOUV,X,variation,channel,21912.195195273303,nT
2026-03-22T05:47:00.000Z,BOUV,X,variation,channel,21912.67464972451,nT
2026-03-22T05:48:00.000Z,BOUV,X,variation,channel,21913.823337660924,nT
2026-03-22T05:49:00.000Z,BOUV,X,variation,channel,21914.791449362394,nT
2026-03-22T05:50:00.000Z,BOUV,X,variation,channel,21916.070927095283,nT
2026-03-22T05:51:00.000Z,BOUV,X,variation,channel,21916.586984405672,nT
2026-03-22T05:52:00.000Z,BOUV,X,variation,channel,21917.081550307194,nT
2026-03-22T05:53:00.000Z,BOUV,X,variation,channel,21916.335580519735,nT
2026-03-22T05:54:00.000Z,BOUV,X,variation,channel,21916.005688698,nT
2026-03-22T05:55:00.000Z,BOUV,X,variation,channel,21916.56138223491,nT
2026-03-22T05:56:00.000Z,BOUV,X,variation,channel,21916.34478337546,nT
2026-03-22T05:57:00.000Z,BOUV,X,variation,channel,21915.65063903451,nT
2026-03-22T05:58:00.000Z,BOUV,X,variation,channel,21915.22779025751,nT
2026-03-22T05:59:00.000Z,BOUV,X,variation,channel,21915.26252115493,nT
2026-03-22T06:00:00.000Z,BOUV,X,variation,channel,21915.983616363763,nT
2026-03-22T06:01:00.000Z,BOUV,X,variation,channel,21915.585328566933,nT
2026-03-22T06:02:00.000Z,BOUV,X,variation,channel,21914.948486414083,nT
2026-03-22T06:03:00.000Z,BOUV,X,variation,channel,21914.26935314157,nT
2026-03-22T06:04:00.000Z,BOUV,X,variation,channel,21914.297681994394,nT
2026-03-22T06:05:00.000Z,BOUV,X,variation,channel,21915.281922280246,nT
2026-03-22T06:06:00.000Z,BOUV,X,variation,channel,21916.423859273422,nT
2026-03-22T06:07:00.000Z,BOUV,X,variation,channel,21917.789721872898,nT
2026-03-22T06:08:00.000Z,BOUV,X,variation,channel,21918.685675666566,nT
2026-03-22T06:09:00.000Z,BOUV,X,variation,channel,21919.328695121887,nT
2026-03-22T06:10:00.000Z,BOUV,X,variation,channel,21919.430613629578,nT
2026-03-22T06:11:00.000Z,BOUV,X,variation,channel,21920.77595794599,nT
2026-03-22T06:12:00.000Z,BOUV,X,variation,channel,21922.606400810313,nT
2026-03-22T06:13:00.000Z,BOUV,X,variation,channel,21925.018607939797,nT
2026-03-22T06:14:00.000Z,BOUV,X,variation,channel,21926.620755737524,nT
2026-03-22T06:15:00.000Z,BOUV,X,variation,channel,21927.984105710617,nT
2026-03-22T06:16:00.000Z,BOUV,X,variation,channel,21930.50149171687,nT
2026-03-22T06:17:00.000Z,BOUV,X,variation,channel,21932.497677385887,nT
2026-03-22T06:18:00.000Z,BOUV,X,variation,channel,21933.183081509964,nT
2026-03-22T06:19:00.000Z,BOUV,X,variation,channel,21934.314546155205,nT
2026-03-22T06:20:00.000Z,BOUV,X,variation,channel,21935.401442773164,nT
2026-03-22T06:21:00.000Z,BOUV,X,variation,channel,21937.83822376717,nT
2026-03-22T06:22:00.000Z,BOUV,X,variation,channel,21939.486176552204,nT
2026-03-22T06:23:00.000Z,BOUV,X,variation,channel,21940.772790839106,nT
2026-03-22T06:24:00.000Z,BOUV,X,variation,channel,21942.462762428462,nT
2026-03-22T06:25:00.000Z,BOUV,X,variation,channel,21944.336394583584,nT
2026-03-22T06:26:00.000Z,BOUV,X,variation,channel,21945.061831683248,nT
2026-03-22T06:27:00.000Z,BOUV,X,variation,channel,21945.52611574268,nT
2026-03-22T06:28:00.000Z,BOUV,X,variation,channel,21945.96080187204,nT
2026-03-22T06:29:00.000Z,BOUV,X,variation,channel,21945.85851184109,nT
2026-03-22T06:30:00.000Z,BOUV,X,variation,channel,21946.481099909695,nT
2026-03-22T06:31:00.000Z,BOUV,X,variation,channel,21947.525630541055,nT
2026-03-22T06:32:00.000Z,BOUV,X,variation,channel,21948.43760656972,nT
2026-03-22T06:33:00.000Z,BOUV,X,variation,channel,21949.086016709134,nT
2026-03-22T06:34:00.000Z,BOUV,X,variation,channel,21949.21588929438,nT
2026-03-22T06:35:00.000Z,BOUV,X,variation,channel,21949.99634705498,nT
2026-03-22T06:36:00.000Z,BOUV,X,variation,channel,21950.936890317942,nT
2026-03-22T06:37:00.000Z,BOUV,X,variation,channel,21950.26477950569,nT
2026-03-22T06:38:00.000Z,BOUV,X,variation,channel,21950.03477687618,nT
2026-03-22T06:39:00.000Z,BOUV,X,variation,channel,21950.490760546705,nT
2026-03-22T06:40:00.000Z,BOUV,X,variation,channel,21950.202168567732,nT
2026-03-22T06:41:00.000Z,BOUV,X,variation,channel,21949.21816073166,nT
2026-03-22T06:42:00.000Z,BOUV,X,variation,channel,21949.108500563118,nT
2026-03-22T06:43:00.000Z,BOUV,X,variation,channel,21948.265964506194,nT
2026-03-22T06:44:00.000Z,BOUV,X,variation,channel,21947.453315726667,nT
2026-03-22T06:45:00.000Z,BOUV,X,variation,channel,21945.59008730231,nT
2026-03-22T06:46:00.000Z,BOUV,X,variation,channel,21943.72869538663,nT
2026-03-22T06:47:00.000Z,BOUV,X,variation,channel,21943.033247133946,nT
2026-03-22T06:48:00.000Z,BOUV,X,variation,channel,21943.201493244705,nT
2026-03-22T06:49:00.000Z,BOUV,X,variation,channel,21943.39506828925,nT
2026-03-22T06:50:00.000Z,BOUV,X,variation,channel,21943.050206627588,nT
2026-03-22T06:51:00.000Z,BOUV,X,variation,channel,21943.05484318982,nT
2026-03-22T06:52:00.000Z,BOUV,X,variation,channel,21942.3489455055,nT
2026-03-22T06:53:00.000Z,BOUV,X,variation,channel,21941.080720109487,nT
2026-03-22T06:54:00.000Z,BOUV,X,variation,channel,21939.104570208685,nT
2026-03-22T06:55:00.000Z,BOUV,X,variation,channel,21936.848115895067,nT
2026-03-22T06:56:00.000Z,BOUV,X,variation,channel,21934.8460534841,nT
2026-03-22T06:57:00.000Z,BOUV,X,variation,channel,21933.342174607264,nT
2026-03-22T06:58:00.000Z,BOUV,X,variation,channel,21931.432095093423,nT
2026-03-22T06:59:00.000Z,BOUV,X,variation,channel,21929.580811754837,nT
2026-03-22T07:00:00.000Z,BOUV,X,variation,channel,21928.15662823094,nT
2026-03-22T07:01:00.000Z,BOUV,X,variation,channel,21926.41629046115,nT
2026-03-22T07:02:00.000Z,BOUV,X,variation,channel,21924.40415109415,nT
2026-03-22T07:03:00.000Z,BOUV,X,variation,channel,21922.676503006423,nT
2026-03-22T07:04:00.000Z,BOUV,X,variation,channel,21920.70546693026,nT
2026-03-22T07:05:00.000Z,BOUV,X,variation,channel,21918.85988820169,nT
2026-03-22T07:06:00.000Z,BOUV,X,variation,channel,21917.03427991117,nT
2026-03-22T07:07:00.000Z,BOUV,X,variation,channel,21915.344587923762,nT
2026-03-22T07:08:00.000Z,BOUV,X,variation,channel,21913.703521590083,nT
2026-03-22T07:09:00.000Z,BOUV,X,variation,channel,21912.165518432237,nT
2026-03-22T07:10:00.000Z,BOUV,X,variation,channel,21910.832858172118,nT
2026-03-22T07:11:00.000Z,BOUV,X,variation,channel,21909.657225000985,nT
2026-03-22T07:12:00.000Z,BOUV,X,variation,channel,21908.53101113425,nT
2026-03-22T07:13:00.000Z,BOUV,X,variation,channel,21907.46576065169,nT
2026-03-22T07:14:00.000Z,BOUV,X,variation,channel,21906.59536543216,nT
2026-03-22T07:15:00.000Z,BOUV,X,variation,channel,21906.245898087807,nT
2026-03-22T07:16:00.000Z,BOUV,X,variation,channel,21905.13110816784,nT
2026-03-22T07:17:00.000Z,BOUV,X,variation,channel,21904.173265881356,nT
2026-03-22T07:18:00.000Z,BOUV,X,variation,channel,21903.810038990487,nT
2026-03-22T07:19:00.000Z,BOUV,X,variation,channel,21904.11033167701,nT
2026-03-22T07:20:00.000Z,BOUV,X,variation,channel,21904.4318884048,nT
2026-03-22T07:21:00.000Z,BOUV,X,variation,channel,21904.526324090737,nT
2026-03-22T07:22:00.000Z,BOUV,X,variation,channel,21905.016350884427,nT
2026-03-22T07:23:00.000Z,BOUV,X,variation,channel,21905.548009150905,nT
2026-03-22T07:24:00.000Z,BOUV,X,variation,channel,21906.47046331354,nT
2026-03-22T07:25:00.000Z,BOUV,X,variation,channel,21906.914697454657,nT
2026-03-22T07:26:00.000Z,BOUV,X,variation,channel,21907.334325813554,nT
2026-03-22T07:27:00.000Z,BOUV,X,variation,channel,21907.20528411385,nT
2026-03-22T07:28:00.000Z,BOUV,X,variation,channel,21907.594405656146,nT
2026-03-22T07:29:00.000Z,BOUV,X,variation,channel,21908.329471541245,nT
2026-03-22T07:30:00.000Z,BOUV,X,variation,channel,21908.647255831573,nT
2026-03-22T07:31:00.000Z,BOUV,X,variation,channel,21908.669750771256,nT
2026-03-22T07:32:00.000Z,BOUV,X,variation,channel,21908.2082937856,nT
2026-03-22T07:33:00.000Z,BOUV,X,variation,channel,21907.373854360052,nT
2026-03-22T07:34:00.000Z,BOUV,X,variation,channel,21906.54002181912,nT
2026-03-22T07:35:00.000Z,BOUV,X,variation,channel,21905.55629315833,nT
2026-03-22T07:36:00.000Z,BOUV,X,variation,channel,21904.379427043114,nT
2026-03-22T07:37:00.000Z,BOUV,X,variation,channel,21902.521246804965,nT
2026-03-22T07:38:00.000Z,BOUV,X,variation,channel,21900.495158053433,nT
2026-03-22T07:39:00.000Z,BOUV,X,variation,channel,21898.658072274586,nT
2026-03-22T07:40:00.000Z,BOUV,X,variation,channel,21896.96166534367,nT
2026-03-22T07:41:00.000Z,BOUV,X,variation,channel,21895.362831850194,nT
2026-03-22T07:42:00.000Z,BOUV,X,variation,channel,21894.32596410409,nT
2026-03-22T07:43:00.000Z,BOUV,X,variation,channel,21893.20209138059,nT
2026-03-22T07:44:00.000Z,BOUV,X,variation,channel,21891.871282923003,nT
2026-03-22T07:45:00.000Z,BOUV,X,variation,channel,21890.880318280764,nT
2026-03-22T07:46:00.000Z,BOUV,X,variation,channel,21890.25614694198,nT
2026-03-22T07:47:00.000Z,BOUV,X,variation,channel,21889.932743242665,nT
2026-03-22T07:48:00.000Z,BOUV,X,variation,channel,21890.021564661725,nT
2026-03-22T07:49:00.000Z,BOUV,X,variation,channel,21890.499649057878,nT
2026-03-22T07:50:00.000Z,BOUV,X,variation,channel,21892.218791605348,nT
2026-03-22T07:51:00.000Z,BOUV,X,variation,channel,21893.95952349833,nT
2026-03-22T07:52:00.000Z,BOUV,X,variation,channel,21895.86117363761,nT
2026-03-22T07:53:00.000Z,BOUV,X,variation,channel,21897.077078538136,nT
2026-03-22T07:54:00.000Z,BOUV,X,variation,channel,21896.98538330983,nT
2026-03-22T07:55:00.000Z,BOUV,X,variation,channel,21896.574766259735,nT
2026-03-22T07:56:00.000Z,BOUV,X,variation,channel,21896.106994271504,nT
2026-03-22T07:57:00.000Z,BOUV,X,variation,channel,21896.086259527005,nT
2026-03-22T07:58:00.000Z,BOUV,X,variation,channel,21896.30384659304,nT
2026-03-22T07:59:00.000Z,BOUV,X,variation,channel,21896.785224932566,nT
2026-03-22T08:00:00.000Z,BOUV,X,variation,channel,21897.00736448463,nT
2026-03-22T08:01:00.000Z,BOUV,X,variation,channel,21897.364437346358,nT
2026-03-22T08:02:00.000Z,BOUV,X,variation,channel,21897.723103258428,nT
2026-03-22T08:03:00.000Z,BOUV,X,variation,channel,21898.177186767083,nT
2026-03-22T08:04:00.000Z,BOUV,X,variation,channel,21898.09165792164,nT
2026-03-22T08:05:00.000Z,BOUV,X,variation,channel,21899.51280062172,nT
2026-03-22T08:06:00.000Z,BOUV,X,variation,channel,21900.462176698096,nT
2026-03-22T08:07:00.000Z,BOUV,X,variation,channel,21901.179337602476,nT
2026-03-22T08:08:00.000Z,BOUV,X,variation,channel,21900.915728855274,nT
2026-03-22T08:09:00.000Z,BOUV,X,variation,channel,21900.49668982222,nT
2026-03-22T08:10:00.000Z,BOUV,X,variation,channel,21900.018777466055,nT
2026-03-22T08:11:00.000Z,BOUV,X,variation,channel,21899.494403557186,nT
2026-03-22T08:12:00.000Z,BOUV,X,variation,channel,21895.83147533992,nT
2026-03-22T08:13:00.000Z,BOUV,X,variation,channel,21890.736508459195,nT
2026-03-22T08:14:00.000Z,BOUV,X,variation,channel,21885.77079277978,nT
2026-03-22T08:15:00.000Z,BOUV,X,variation,channel,21879.78803613421,nT
2026-03-22T08:16:00.000Z,BOUV,X,variation,channel,21877.266059565543,nT
2026-03-22T08:17:00.000Z,BOUV,X,variation,channel,21876.234672660452,nT
2026-03-22T08:18:00.000Z,BOUV,X,variation,channel,21876.159445759877,nT
2026-03-22T08:19:00.000Z,BOUV,X,variation,channel,21876.510148669946,nT
2026-03-22T08:20:00.000Z,BOUV,X,variation,channel,21877.218996348627,nT
2026-03-22T08:21:00.000Z,BOUV,X,variation,channel,21876.930826581043,nT
2026-03-22T08:22:00.000Z,BOUV,X,variation,channel,21876.291634837362,nT
2026-03-22T08:23:00.000Z,BOUV,X,variation,channel,21876.074424871887,nT
2026-03-22T08:24:00.000Z,BOUV,X,variation,channel,21875.492238051265,nT
2026-03-22T08:25:00.000Z,BOUV,X,variation,channel,21873.92248051201,nT
2026-03-22T08:26:00.000Z,BOUV,X,variation,channel,21873.64186775574,nT
2026-03-22T08:27:00.000Z,BOUV,X,variation,channel,21874.394164458,nT
2026-03-22T08:28:00.000Z,BOUV,X,variation,channel,21875.327852970495,nT
2026-03-22T08:29:00.000Z,BOUV,X,variation,channel,21875.63691383985,nT
2026-03-22T08:30:00.000Z,BOUV,X,variation,channel,21876.52071563953,nT
2026-03-22T08:31:00.000Z,BOUV,X,variation,channel,21877.870710374995,nT
2026-03-22T08:32:00.000Z,BOUV,X,variation,channel,21879.055775024317,nT
2026-03-22T08:33:00.000Z,BOUV,X,variation,channel,21883.090501812087,nT
2026-03-22T08:34:00.000Z,BOUV,X,variation,channel,21886.864606293293,nT
2026-03-22T08:35:00.000Z,BOUV,X,variation,channel,21892.473583345964,nT
2026-03-22T08:36:00.000Z,BOUV,X,variation,channel,21899.160655779782,nT
2026-03-22T08:37:00.000Z,BOUV,X,variation,channel,21903.951333716792,nT
2026-03-22T08:38:00.000Z,BOUV,X,variation,channel,21908.54583873505,nT
2026-03-22T08:39:00.000Z,BOUV,X,variation,channel,21912.559209688043,nT
2026-03-22T08:40:00.000Z,BOUV,X,variation,channel,21915.454577817876,nT
2026-03-22T08:41:00.000Z,BOUV,X,variation,channel,21916.824704705745,nT
2026-03-22T08:42:00.000Z,BOUV,X,variation,channel,21916.58912777214,nT
2026-03-22T08:43:00.000Z,BOUV,X,variation,channel,21913.205716902503,nT
2026-03-22T08:44:00.000Z,BOUV,X,variation,channel,21909.257784490375,nT
2026-03-22T08:45:00.000Z,BOUV,X,variation,channel,21906.468733651716,nT
2026-03-22T08:46:00.000Z,BOUV,X,variation,channel,21903.962446426674,nT
2026-03-22T08:47:00.000Z,BOUV,X,variation,channel,21902.875253394788,nT
2026-03-22T08:48:00.000Z,BOUV,X,variation,channel,21903.00964451482,nT
2026-03-22T08:49:00.000Z,BOUV,X,variation,channel,21904.401150484988,nT
2026-03-22T08:50:00.000Z,BOUV,X,variation,channel,21906.53452249584,nT
2026-03-22T08:51:00.000Z,BOUV,X,variation,channel,21908.626320902535,nT
2026-03-22T08:52:00.000Z,BOUV,X,variation,channel,21910.37964552464,nT
2026-03-22T08:53:00.000Z,BOUV,X,variation,channel,21909.262024246924,nT
2026-03-22T08:54:00.000Z,BOUV,X,variation,channel,21906.76457338483,nT
2026-03-22T08:55:00.000Z,BOUV,X,variation,channel,21905.088004586407,nT
2026-03-22T08:56:00.000Z,BOUV,X,variation,channel,21903.402137202847,nT
2026-03-22T08:57:00.000Z,BOUV,X,variation,channel,21902.273840718273,nT
2026-03-22T08:58:00.000Z,BOUV,X,variation,channel,21901.290752541314,nT
2026-03-22T08:59:00.000Z,BOUV,X,variation,channel,21899.12701477259,nT
2026-03-22T09:00:00.000Z,BOUV,X,variation,channel,21898.014276206286,nT
2026-03-22T09:01:00.000Z,BOUV,X,variation,channel,21897.97276489631,nT
2026-03-22T09:02:00.000Z,BOUV,X,variation,channel,21897.93708346006,nT
2026-03-22T09:03:00.000Z,BOUV,X,variation,channel,21898.32931002606,nT
2026-03-22T09:04:00.000Z,BOUV,X,variation,channel,21898.231396642972,nT
2026-03-22T09:05:00.000Z,BOUV,X,variation,channel,21898.455146918754,nT
2026-03-22T09:06:00.000Z,BOUV,X,variation,channel,21898.895668236135,nT
2026-03-22T09:07:00.000Z,BOUV,X,variation,channel,21897.982574354362,nT
2026-03-22T09:08:00.000Z,BOUV,X,variation,channel,21896.908872441487,nT
2026-03-22T09:09:00.000Z,BOUV,X,variation,channel,21895.846194534508,nT
2026-03-22T09:10:00.000Z,BOUV,X,variation,channel,21895.43075656806,nT
2026-03-22T09:11:00.000Z,BOUV,X,variation,channel,21894.72038431497,nT
2026-03-22T09:12:00.000Z,BOUV,X,variation,channel,21894.492482769194,nT
2026-03-22T09:13:00.000Z,BOUV,X,variation,channel,21894.48673380111,nT
2026-03-22T09:14:00.000Z,BOUV,X,variation,channel,21895.142270622422,nT
2026-03-22T09:15:00.000Z,BOUV,X,variation,channel,21894.97250541176,nT
2026-03-22T09:16:00.000Z,BOUV,X,variation,channel,21894.994172259903,nT
2026-03-22T09:17:00.000Z,BOUV,X,variation,channel,21895.02853102393,nT
2026-03-22T09:18:00.000Z,BOUV,X,variation,channel,21895.350112944012,nT
2026-03-22T09:19:00.000Z,BOUV,X,variation,channel,21892.654837636535,nT
2026-03-22T09:20:00.000Z,BOUV,X,variation,channel,21890.270557707387,nT
2026-03-22T09:21:00.000Z,BOUV,X,variation,channel,21888.054917634097,nT
2026-03-22T09:22:00.000Z,BOUV,X,variation,channel,21886.62962645778,nT
2026-03-22T09:23:00.000Z,BOUV,X,variation,channel,21886.671022336337,nT
2026-03-22T09:24:00.000Z,BOUV,X,variation,channel,21886.720715537183,nT
2026-03-22T09:25:00.000Z,BOUV,X,variation,channel,21887.31547789344,nT
2026-03-22T09:26:00.000Z,BOUV,X,variation,channel,21889.216217362,nT
2026-03-22T09:27:00.000Z,BOUV,X,variation,channel,21890.900311197587,nT
2026-03-22T09:28:00.000Z,BOUV,X,variation,channel,21893.057094195963,nT
2026-03-22T09:29:00.000Z,BOUV,X,variation,channel,21896.418260147155,nT
2026-03-22T09:30:00.000Z,BOUV,X,variation,channel,21899.545933069377,nT
2026-03-22T09:31:00.000Z,BOUV,X,variation,channel,21902.83450573274,nT
2026-03-22T09:32:00.000Z,BOUV,X,variation,channel,21905.81463616859,nT
2026-03-22T09:33:00.000Z,BOUV,X,variation,channel,21908.736506832265,nT
2026-03-22T09:34:00.000Z,BOUV,X,variation,channel,21910.731421533324,nT
2026-03-22T09:35:00.000Z,BOUV,X,variation,channel,21913.047523479236,nT
2026-03-22T09:36:00.000Z,BOUV,X,variation,channel,21914.36587136985,nT
2026-03-22T09:37:00.000Z,BOUV,X,variation,channel,21917.095821722734,nT
2026-03-22T09:38:00.000Z,BOUV,X,variation,channel,21919.921727601122,nT
2026-03-22T09:39:00.000Z,BOUV,X,variation,channel,21922.494964566493,nT
2026-03-22T09:40:00.000Z,BOUV,X,variation,channel,21924.74102489239,nT
2026-03-22T09:41:00.000Z,BOUV,X,variation,channel,21925.081972686126,nT
2026-03-22T09:42:00.000Z,BOUV,X,variation,channel,21924.737628987943,nT
2026-03-22T09:43:00.000Z,BOUV,X,variation,channel,21924.577303001795,nT
2026-03-22T09:44:00.000Z,BOUV,X,variation,channel,21923.172667518586,nT
2026-03-22T09:45:00.000Z,BOUV,X,variation,channel,21921.28157164721,nT
2026-03-22T09:46:00.000Z,BOUV,X,variation,channel,21919.20068024881,nT
2026-03-22T09:47:00.000Z,BOUV,X,variation,channel,21916.33637894341,nT
2026-03-22T09:48:00.000Z,BOUV,X,variation,channel,21914.53752565947,nT
2026-03-22T09:49:00.000Z,BOUV,X,variation,channel,21912.324036351816,nT
2026-03-22T09:50:00.000Z,BOUV,X,variation,channel,21910.613518354236,nT
2026-03-22T09:51:00.000Z,BOUV,X,variation,channel,21909.187450534486,nT
2026-03-22T09:52:00.000Z,BOUV,X,variation,channel,21907.476166452605,nT
2026-03-22T09:53:00.000Z,BOUV,X,variation,channel,21905.711230812365,nT
2026-03-22T09:54:00.000Z,BOUV,X,variation,channel,21903.710612375515,nT
2026-03-22T09:55:00.000Z,BOUV,X,variation,channel,21901.869909145284,nT
2026-03-22T09:56:00.000Z,BOUV,X,variation,channel,21900.195006682006,nT
2026-03-22T09:57:00.000Z,BOUV,X,variation,channel,21898.336188581492,nT
2026-03-22T09:58:00.000Z,BOUV,X,variation,channel,21896.63706237288,nT
2026-03-22T09:59:00.000Z,BOUV,X,variation,channel,21894.644348153146,nT
2026-03-22T10:00:00.000Z,BOUV,X,variation,channel,21892.117118450795,nT
2026-03-22T10:01:00.000Z,BOUV,X,variation,channel,21890.28907127605,nT
2026-03-22T10:02:00.000Z,BOUV,X,variation,channel,21888.27118648936,nT
2026-03-22T10:03:00.000Z,BOUV,X,variation,channel,21885.900688602727,nT
2026-03-22T10:04:00.000Z,BOUV,X,variation,channel,21883.191734684915,nT
2026-03-22T10:05:00.000Z,BOUV,X,variation,channel,21881.524720716912,nT
2026-03-22T10:06:00.000Z,BOUV,X,variation,channel,21879.63369277428,nT
2026-03-22T10:07:00.000Z,BOUV,X,variation,channel,21877.636368843043,nT
2026-03-22T10:08:00.000Z,BOUV,X,variation,channel,21876.11515637538,nT
2026-03-22T10:09:00.000Z,BOUV,X,variation,channel,21875.19597318596,nT
2026-03-22T10:10:00.000Z,BOUV,X,variation,channel,21874.49064730211,nT
2026-03-22T10:11:00.000Z,BOUV,X,variation,channel,21873.947477777572,nT
2026-03-22T10:12:00.000Z,BOUV,X,variation,channel,21873.166191159737,nT
2026-03-22T10:13:00.000Z,BOUV,X,variation,channel,21873.451608957927,nT
2026-03-22T10:14:00.000Z,BOUV,X,variation,channel,21876.038793302585,nT
2026-03-22T10:15:00.000Z,BOUV,X,variation,channel,21881.36357050229,nT
2026-03-22T10:16:00.000Z,BOUV,X,variation,channel,21885.796523914163,nT
2026-03-22T10:17:00.000Z,BOUV,X,variation,channel,21889.917707751552,nT
2026-03-22T10:18:00.000Z,BOUV,X,variation,channel,21894.114257689216,nT
2026-03-22T10:19:00.000Z,BOUV,X,variation,channel,21895.62568971716,nT
2026-03-22T10:20:00.000Z,BOUV,X,variation,channel,21896.407952346995,nT
2026-03-22T10:21:00.000Z,BOUV,X,variation,channel,21898.045557883488,nT
2026-03-22T10:22:00.000Z,BOUV,X,variation,channel,21899.154096123417,nT
2026-03-22T10:23:00.000Z,BOUV,X,variation,channel,21899.9191602891,nT
2026-03-22T10:24:00.000Z,BOUV,X,variation,channel,21899.27581002454,nT
2026-03-22T10:25:00.000Z,BOUV,X,variation,channel,21898.494561688512,nT
2026-03-22T10:26:00.000Z,BOUV,X,variation,channel,21897.616135361488,nT
2026-03-22T10:27:00.000Z,BOUV,X,variation,channel,21897.44276342273,nT
2026-03-22T10:28:00.000Z,BOUV,X,variation,channel,21898.048752881365,nT
2026-03-22T10:29:00.000Z,BOUV,X,variation,channel,21898.694881721425,nT
2026-03-22T10:30:00.000Z,BOUV,X,variation,channel,21898.943250772507,nT
2026-03-22T10:31:00.000Z,BOUV,X,variation,channel,21899.868174069386,nT
2026-03-22T10:32:00.000Z,BOUV,X,variation,channel,21900.297653982863,nT
2026-03-22T10:33:00.000Z,BOUV,X,variation,channel,21901.49264328953,nT
2026-03-22T10:34:00.000Z,BOUV,X,variation,channel,21901.198625572626,nT
2026-03-22T10:35:00.000Z,BOUV,X,variation,channel,21900.955947046583,nT
2026-03-22T10:36:00.000Z,BOUV,X,variation,channel,21901.483162364286,nT
2026-03-22T10:37:00.000Z,BOUV,X,variation,channel,21903.528542681146,nT
2026-03-22T10:38:00.000Z,BOUV,X,variation,channel,21903.612345712263,nT
2026-03-22T10:39:00.000Z,BOUV,X,variation,channel,21904.67449251472,nT
2026-03-22T10:40:00.000Z,BOUV,X,variation,channel,21906.760289181686,nT
2026-03-22T10:41:00.000Z,BOUV,X,variation,channel,21908.781246915085,nT
2026-03-22T10:42:00.000Z,BOUV,X,variation,channel,21909.680807597484,nT
2026-03-22T10:43:00.000Z,BOUV,X,variation,channel,21909.986723675876,nT
2026-03-22T10:44:00.000Z,BOUV,X,variation,channel,21910.923917850774,nT
2026-03-22T10:45:00.000Z,BOUV,X,variation,channel,21911.681639864302,nT
2026-03-22T10:46:00.000Z,BOUV,X,variation,channel,21912.400345270496,nT
2026-03-22T10:47:00.000Z,BOUV,X,variation,channel,21912.733905997444,nT
2026-03-22T10:48:00.000Z,BOUV,X,variation,channel,21912.63717077949,nT
2026-03-22T10:49:00.000Z,BOUV,X,variation,channel,21912.796113698285,nT
2026-03-22T10:50:00.000Z,BOUV,X,variation,channel,21912.93624229196,nT
2026-03-22T10:51:00.000Z,BOUV,X,variation,channel,21912.999617227248,nT
2026-03-22T10:52:00.000Z,BOUV,X,variation,channel,21912.25442141872,nT
2026-03-22T10:53:00.000Z,BOUV,X,variation,channel,21909.721014423838,nT
2026-03-22T10:54:00.000Z,BOUV,X,variation,channel,21908.31878088647,nT
2026-03-22T10:55:00.000Z,BOUV,X,variation,channel,21907.881468120915,nT
2026-03-22T10:56:00.000Z,BOUV,X,variation,channel,21908.81795104664,nT
2026-03-22T10:57:00.000Z,BOUV,X,variation,channel,21910.555336606172,nT
2026-03-22T10:58:00.000Z,BOUV,X,variation,channel,21912.26342926142,nT
2026-03-22T10:59:00.000Z,BOUV,X,variation,channel,21913.51335147955,nT
2026-03-22T11:00:00.000Z,BOUV,X,variation,channel,21913.882740054818,nT
2026-03-22T11:01:00.000Z,BOUV,X,variation,channel,21915.135453176634,nT
2026-03-22T11:02:00.000Z,BOUV,X,variation,channel,21915.67470149022,nT
2026-03-22T11:03:00.000Z,BOUV,X,variation,channel,21915.737616565162,nT
2026-03-22T11:04:00.000Z,BOUV,X,variation,channel,21915.29226056702,nT
2026-03-22T11:05:00.000Z,BOUV,X,variation,channel,21914.52034868265,nT
2026-03-22T11:06:00.000Z,BOUV,X,variation,channel,21914.674439064565,nT
2026-03-22T11:07:00.000Z,BOUV,X,variation,channel,21915.337222068974,nT
2026-03-22T11:08:00.000Z,BOUV,X,variation,channel,21916.222212117194,nT
2026-03-22T11:09:00.000Z,BOUV,X,variation,channel,21916.89440019435,nT
2026-03-22T11:10:00.000Z,BOUV,X,variation,channel,21917.38316438998,nT
2026-03-22T11:11:00.000Z,BOUV,X,variation,channel,21917.07488082347,nT
2026-03-22T11:12:00.000Z,BOUV,X,variation,channel,21916.036248165947,nT
2026-03-22T11:13:00.000Z,BOUV,X,variation,channel,21914.651458662443,nT
2026-03-22T11:14:00.000Z,BOUV,X,variation,channel,21913.405934493567,nT
2026-03-22T11:15:00.000Z,BOUV,X,variation,channel,21911.833958718147,nT
2026-03-22T11:16:00.000Z,BOUV,X,variation,channel,21909.686347188257,nT
2026-03-22T11:17:00.000Z,BOUV,X,variation,channel,21908.24997214683,nT
2026-03-22T11:18:00.000Z,BOUV,X,variation,channel,21906.59678871372,nT
2026-03-22T11:19:00.000Z,BOUV,X,variation,channel,21905.88438785281,nT
2026-03-22T11:20:00.000Z,BOUV,X,variation,channel,21904.579058314866,nT
2026-03-22T11:21:00.000Z,BOUV,X,variation,channel,21903.833427633377,nT
2026-03-22T11:22:00.000Z,BOUV,X,variation,channel,21903.38485257011,nT
2026-03-22T11:23:00.000Z,BOUV,X,variation,channel,21903.452616419814,nT
2026-03-22T11:24:00.000Z,BOUV,X,variation,channel,21904.390629070254,nT
2026-03-22T11:25:00.000Z,BOUV,X,variation,channel,21905.491132417006,nT
2026-03-22T11:26:00.000Z,BOUV,X,variation,channel,21906.441373492096,nT
2026-03-22T11:27:00.000Z,BOUV,X,variation,channel,21906.240199549215,nT
2026-03-22T11:28:00.000Z,BOUV,X,variation,channel,21906.029673608453,nT
2026-03-22T11:29:00.000Z,BOUV,X,variation,channel,21906.919437469867,nT
2026-03-22T11:30:00.000Z,BOUV,X,variation,channel,21907.527708164776,nT
2026-03-22T11:31:00.000Z,BOUV,X,variation,channel,21907.702859948884,nT
2026-03-22T11:32:00.000Z,BOUV,X,variation,channel,21907.823437141775,nT
2026-03-22T11:33:00.000Z,BOUV,X,variation,channel,21908.34779824692,nT
2026-03-22T11:34:00.000Z,BOUV,X,variation,channel,21908.654671392083,nT
2026-03-22T11:35:00.000Z,BOUV,X,variation,channel,21909.962594100725,nT
2026-03-22T11:36:00.000Z,BOUV,X,variation,channel,21910.377164256104,nT
2026-03-22T11:37:00.000Z,BOUV,X,variation,channel,21912.072442013516,nT
2026-03-22T11:38:00.000Z,BOUV,X,variation,channel,21913.36880108407,nT
2026-03-22T11:39:00.000Z,BOUV,X,variation,channel,21913.35117552835,nT
2026-03-22T11:40:00.000Z,BOUV,X,variation,channel,21912.499492810384,nT
2026-03-22T11:41:00.000Z,BOUV,X,variation,channel,21910.722442690312,nT
2026-03-22T11:42:00.000Z,BOUV,X,variation,channel,21908.233644862645,nT
2026-03-22T11:43:00.000Z,BOUV,X,variation,channel,21905.08004823314,nT
2026-03-22T11:44:00.000Z,BOUV,X,variation,channel,21901.856820308305,nT
2026-03-22T11:45:00.000Z,BOUV,X,variation,channel,21899.552275534395,nT
2026-03-22T11:46:00.000Z,BOUV,X,variation,channel,21898.956851662668,nT
2026-03-22T11:47:00.000Z,BOUV,X,variation,channel,21897.75079665078,nT
2026-03-22T11:48:00.000Z,BOUV,X,variation,channel,21897.736965503704,nT
2026-03-22T11:49:00.000Z,BOUV,X,variation,channel,21898.658900197424,nT
2026-03-22T11:50:00.000Z,BOUV,X,variation,channel,21900.30700542168,nT
2026-03-22T11:51:00.000Z,BOUV,X,variation,channel,21902.539502648327,nT
2026-03-22T11:52:00.000Z,BOUV,X,variation,channel,21903.224246505673,nT
2026-03-22T11:53:00.000Z,BOUV,X,variation,channel,21903.863623838235,nT
2026-03-22T11:54:00.000Z,BOUV,X,variation,channel,21904.586693304333,nT
2026-03-22T11:55:00.000Z,BOUV,X,variation,channel,21906.313106860085,nT
2026-03-22T11:56:00.000Z,BOUV,X,variation,channel,21907.638807673382,nT
2026-03-22T11:57:00.000Z,BOUV,X,variation,channel,21908.43765311521,nT
2026-03-22T11:58:00.000Z,BOUV,X,variation,channel,21909.478676510113,nT
2026-03-22T11:59:00.000Z,BOUV,X,variation,channel,21910.180486245867,nT
2026-03-22T12:00:00.000Z,BOUV,X,variation,channel,21910.024861436425,nT
2026-03-22T12:01:00.000Z,BOUV,X,variation,channel,21910.93587300715,nT
2026-03-22T12:02:00.000Z,BOUV,X,variation,channel,21912.638621803893,nT
2026-03-22T12:03:00.000Z,BOUV,X,variation,channel,21913.090344805307,nT
2026-03-22T12:04:00.000Z,BOUV,X,variation,channel,21913.3987544334,nT
2026-03-22T12:05:00.000Z,BOUV,X,variation,channel,21914.074117652683,nT
2026-03-22T12:06:00.000Z,BOUV,X,variation,channel,21913.915514292636,nT
2026-03-22T12:07:00.000Z,BOUV,X,variation,channel,21912.774264840944,nT
2026-03-22T12:08:00.000Z,BOUV,X,variation,channel,21914.4752124828,nT
2026-03-22T12:09:00.000Z,BOUV,X,variation,channel,21917.351920031277,nT
2026-03-22T12:10:00.000Z,BOUV,X,variation,channel,21919.289249987312,nT
2026-03-22T12:11:00.000Z,BOUV,X,variation,channel,21919.76244881376,nT
2026-03-22T12:12:00.000Z,BOUV,X,variation,channel,21919.321842953996,nT
2026-03-22T12:13:00.000Z,BOUV,X,variation,channel,21918.967335398553,nT
2026-03-22T12:14:00.000Z,BOUV,X,variation,channel,21919.181004543825,nT
2026-03-22T12:15:00.000Z,BOUV,X,variation,channel,21920.968445930506,nT
2026-03-22T12:16:00.000Z,BOUV,X,variation,channel,21923.135537574453,nT
2026-03-22T12:17:00.000Z,BOUV,X,variation,channel,21925.469542514402,nT
2026-03-22T12:18:00.000Z,BOUV,X,variation,channel,21926.47619630963,nT
2026-03-22T12:19:00.000Z,BOUV,X,variation,channel,21926.572365987573,nT
2026-03-22T12:20:00.000Z,BOUV,X,variation,channel,21926.211809016146,nT
2026-03-22T12:21:00.000Z,BOUV,X,variation,channel,21925.78314501537,nT
2026-03-22T12:22:00.000Z,BOUV,X,variation,channel,21925.704253216503,nT
2026-03-22T12:23:00.000Z,BOUV,X,variation,channel,21924.215308671683,nT
2026-03-22T12:24:00.000Z,BOUV,X,variation,channel,21923.42849269792,nT
2026-03-22T12:25:00.000Z,BOUV,X,variation,channel,21922.702186667142,nT
2026-03-22T12:26:00.000Z,BOUV,X,variation,channel,21922.753656677105,nT
2026-03-22T12:27:00.000Z,BOUV,X,variation,channel,21922.28508093805,nT
2026-03-22T12:28:00.000Z,BOUV,X,variation,channel,21923.49477408632,nT
2026-03-22T12:29:00.000Z,BOUV,X,variation,channel,21924.11351713426,nT
2026-03-22T12:30:00.000Z,BOUV,X,variation,channel,21924.35145858521,nT
2026-03-22T12:31:00.000Z,BOUV,X,variation,channel,21925.1184838635,nT
2026-03-22T12:32:00.000Z,BOUV,X,variation,channel,21926.54614661279,nT
2026-03-22T12:33:00.000Z,BOUV,X,variation,channel,21927.96293241705,nT
2026-03-22T12:34:00.000Z,BOUV,X,variation,channel,21927.495778995664,nT
2026-03-22T12:35:00.000Z,BOUV,X,variation,channel,21926.877998015447,nT
2026-03-22T12:36:00.000Z,BOUV,X,variation,channel,21924.30705250385,nT
2026-03-22T12:37:00.000Z,BOUV,X,variation,channel,21922.35408195285,nT
2026-03-22T12:38:00.000Z,BOUV,X,variation,channel,21920.58847203104,nT
2026-03-22T12:39:00.000Z,BOUV,X,variation,channel,21920.531967490475,nT
2026-03-22T12:40:00.000Z,BOUV,X,variation,channel,21920.70760959431,nT
2026-03-22T12:41:00.000Z,BOUV,X,variation,channel,21921.122487637673,nT
2026-03-22T12:42:00.000Z,BOUV,X,variation,channel,21920.37456018755,nT
2026-03-22T12:43:00.000Z,BOUV,X,variation,channel,21919.360292836758,nT
2026-03-22T12:44:00.000Z,BOUV,X,variation,channel,21918.58848417998,nT
2026-03-22T12:45:00.000Z,BOUV,X,variation,channel,21917.77021317353,nT
2026-03-22T12:46:00.000Z,BOUV,X,variation,channel,21916.838842102192,nT
2026-03-22T12:47:00.000Z,BOUV,X,variation,channel,21916.10462010139,nT
2026-03-22T12:48:00.000Z,BOUV,X,variation,channel,21914.709854070206,nT
2026-03-22T12:49:00.000Z,BOUV,X,variation,channel,21912.578746588333,nT
2026-03-22T12:50:00.000Z,BOUV,X,variation,channel,21910.563682855205,nT
2026-03-22T12:51:00.000Z,BOUV,X,variation,channel,21907.46003874986,nT
2026-03-22T12:52:00.000Z,BOUV,X,variation,channel,21903.488788222672,nT
2026-03-22T12:53:00.000Z,BOUV,X,variation,channel,21900.300330213468,nT
2026-03-22T12:54:00.000Z,BOUV,X,variation,channel,21897.3868603012,nT
2026-03-22T12:55:00.000Z,BOUV,X,variation,channel,21894.62189898928,nT
2026-03-22T12:56:00.000Z,BOUV,X,variation,channel,21892.360798999798,nT
2026-03-22T12:57:00.000Z,BOUV,X,variation,channel,21889.949714780916,nT
2026-03-22T12:58:00.000Z,BOUV,X,variation,channel,21887.866374021367,nT
2026-03-22T12:59:00.000Z,BOUV,X,variation,channel,21883.96303330264,nT
2026-03-22T13:00:00.000Z,BOUV,X,variation,channel,21880.202736334184,nT
2026-03-22T13:01:00.000Z,BOUV,X,variation,channel,21878.3345431115,nT
2026-03-22T13:02:00.000Z,BOUV,X,variation,channel,21876.505299887125,nT
2026-03-22T13:03:00.000Z,BOUV,X,variation,channel,21876.152638199197,nT
2026-03-22T13:04:00.000Z,BOUV,X,variation,channel,21875.792249506267,nT
2026-03-22T13:05:00.000Z,BOUV,X,variation,channel,21874.601043147442,nT
2026-03-22T13:06:00.000Z,BOUV,X,variation,channel,21874.43615741955,nT
2026-03-22T13:07:00.000Z,BOUV,X,variation,channel,21873.889314541382,nT
2026-03-22T13:08:00.000Z,BOUV,X,variation,channel,21874.63590645244,nT
2026-03-22T13:09:00.000Z,BOUV,X,variation,channel,21874.405070887577,nT
2026-03-22T13:10:00.000Z,BOUV,X,variation,channel,21873.994452412073,nT
2026-03-22T13:11:00.000Z,BOUV,X,variation,channel,21873.147310344768,nT
2026-03-22T13:12:00.000Z,BOUV,X,variation,channel,21871.354197010693,nT
2026-03-22T13:13:00.000Z,BOUV,X,variation,channel,21870.17170272233,nT
2026-03-22T13:14:00.000Z,BOUV,X,variation,channel,21867.564427136334,nT
2026-03-22T13:15:00.000Z,BOUV,X,variation,channel,21863.685604873164,nT
2026-03-22T13:16:00.000Z,BOUV,X,variation,channel,21860.237290201174,nT
2026-03-22T13:17:00.000Z,BOUV,X,variation,channel,21857.932896360468,nT
2026-03-22T13:18:00.000Z,BOUV,X,variation,channel,21856.938028759552,nT
2026-03-22T13:19:00.000Z,BOUV,X,variation,channel,21855.283646415817,nT
2026-03-22T13:20:00.000Z,BOUV,X,variation,channel,21854.39965768625,nT
2026-03-22T13:21:00.000Z,BOUV,X,variation,channel,21853.677041256866,nT
2026-03-22T13:22:00.000Z,BOUV,X,variation,channel,21852.088908521466,nT
2026-03-22T13:23:00.000Z,BOUV,X,variation,channel,21850.75683622335,nT
2026-03-22T13:24:00.000Z,BOUV,X,variation,channel,21850.184824648808,nT
2026-03-22T13:25:00.000Z,BOUV,X,variation,channel,21851.964860967048,nT
2026-03-22T13:26:00.000Z,BOUV,X,variation,channel,21856.05870662747,nT
2026-03-22T13:27:00.000Z,BOUV,X,variation,channel,21859.740743028775,nT
2026-03-22T13:28:00.000Z,BOUV,X,variation,channel,21862.5202938529,nT
2026-03-22T13:29:00.000Z,BOUV,X,variation,channel,21864.70737995402,nT
2026-03-22T13:30:00.000Z,BOUV,X,variation,channel,21868.173286742967,nT
2026-03-22T13:31:00.000Z,BOUV,X,variation,channel,21870.508474950897,nT
2026-03-22T13:32:00.000Z,BOUV,X,variation,channel,21873.720239115435,nT
2026-03-22T13:33:00.000Z,BOUV,X,variation,channel,21876.699490502302,nT
2026-03-22T13:34:00.000Z,BOUV,X,variation,channel,21882.326280982288,nT
2026-03-22T13:35:00.000Z,BOUV,X,variation,channel,21885.421983702578,nT
2026-03-22T13:36:00.000Z,BOUV,X,variation,channel,21885.990700759536,nT
2026-03-22T13:37:00.000Z,BOUV,X,variation,channel,21886.142162870816,nT
2026-03-22T13:38:00.000Z,BOUV,X,variation,channel,21886.44234225336,nT
2026-03-22T13:39:00.000Z,BOUV,X,variation,channel,21887.484155553368,nT
2026-03-22T13:40:00.000Z,BOUV,X,variation,channel,21888.176297571634,nT
2026-03-22T13:41:00.000Z,BOUV,X,variation,channel,21888.898262759347,nT
2026-03-22T13:42:00.000Z,BOUV,X,variation,channel,21890.05678560945,nT
2026-03-22T13:43:00.000Z,BOUV,X,variation,channel,21893.793611834662,nT
2026-03-22T13:44:00.000Z,BOUV,X,variation,channel,21896.74207912599,nT
2026-03-22T13:45:00.000Z,BOUV,X,variation,channel,21897.815620096568,nT
2026-03-22T13:46:00.000Z,BOUV,X,variation,channel,21899.108711698344,nT
2026-03-22T13:47:00.000Z,BOUV,X,variation,channel,21899.425136592014,nT
2026-03-22T13:48:00.000Z,BOUV,X,variation,channel,21899.962700087355,nT
2026-03-22T13:49:00.000Z,BOUV,X,variation,channel,21900.925214286373,nT
2026-03-22T13:50:00.000Z,BOUV,X,variation,channel,21901.13039891068,nT
2026-03-22T13:51:00.000Z,BOUV,X,variation,channel,21902.01869169652,nT
2026-03-22T13:52:00.000Z,BOUV,X,variation,channel,21902.00946785811,nT
2026-03-22T13:53:00.000Z,BOUV,X,variation,channel,21901.991234793837,nT
2026-03-22T13:54:00.000Z,BOUV,X,variation,channel,21902.372301791904,nT
2026-03-22T13:55:00.000Z,BOUV,X,variation,channel,21901.719067703565,nT
2026-03-22T13:56:00.000Z,BOUV,X,variation,channel,21900.97396095686,nT
2026-03-22T13:57:00.000Z,BOUV,X,variation,channel,21899.722601064004,nT
2026-03-22T13:58:00.000Z,BOUV,X,variation,channel,21897.191313619038,nT
2026-03-22T13:59:00.000Z,BOUV,X,variation,channel,21894.99097540924,nT
2026-03-22T14:00:00.000Z,BOUV,X,variation,channel,21894.064780151144,nT
2026-03-22T14:01:00.000Z,BOUV,X,variation,channel,21894.523543533556,nT
2026-03-22T14:02:00.000Z,BOUV,X,variation,channel,21895.053132351142,nT
2026-03-22T14:03:00.000Z,BOUV,X,variation,channel,21896.53086799287,nT
2026-03-22T14:04:00.000Z,BOUV,X,variation,channel,21897.071670169003,nT
2026-03-22T14:05:00.000Z,BOUV,X,variation,channel,21897.326978899375,nT
2026-03-22T14:06:00.000Z,BOUV,X,variation,channel,21897.394829662193,nT
2026-03-22T14:07:00.000Z,BOUV,X,variation,channel,21897.53640320115,nT
2026-03-22T14:08:00.000Z,BOUV,X,variation,channel,21896.735986720138,nT
2026-03-22T14:09:00.000Z,BOUV,X,variation,channel,21896.75624456616,nT
2026-03-22T14:10:00.000Z,BOUV,X,variation,channel,21895.339032341613,nT
2026-03-22T14:11:00.000Z,BOUV,X,variation,channel,21893.91957859517,nT
2026-03-22T14:12:00.000Z,BOUV,X,variation,channel,21891.78375243758,nT
2026-03-22T14:13:00.000Z,BOUV,X,variation,channel,21891.246891199313,nT
2026-03-22T14:14:00.000Z,BOUV,X,variation,channel,21888.80310080885,nT
2026-03-22T14:15:00.000Z,BOUV,X,variation,channel,21887.29151002714,nT
2026-03-22T14:16:00.000Z,BOUV,X,variation,channel,21887.196156727856,nT
2026-03-22T14:17:00.000Z,BOUV,X,variation,channel,21885.400353038807,nT
2026-03-22T14:18:00.000Z,BOUV,X,variation,channel,21883.192410738422,nT
2026-03-22T14:19:00.000Z,BOUV,X,variation,channel,21883.240676540718,nT
2026-03-22T14:20:00.000Z,BOUV,X,variation,channel,21881.860319891846,nT
2026-03-22T14:21:00.000Z,BOUV,X,variation,channel,21881.44033761341,nT
2026-03-22T14:22:00.000Z,BOUV,X,variation,channel,21879.389070939174,nT
2026-03-22T14:23:00.000Z,BOUV,X,variation,channel,21876.404600183352,nT
2026-03-22T14:24:00.000Z,BOUV,X,variation,channel,21875.029136701418,nT
2026-03-22T14:25:00.000Z,BOUV,X,variation,channel,21872.860674580887,nT
2026-03-22T14:26:00.000Z,BOUV,X,variation,channel,21870.61571202468,nT
2026-03-22T14:27:00.000Z,BOUV,X,variation,channel,21868.189102901237,nT
2026-03-22T14:28:00.000Z,BOUV,X,variation,channel,21867.576052919667,nT
2026-03-22T14:29:00.000Z,BOUV,X,variation,channel,21867.247595541136,nT
2026-03-22T14:30:00.000Z,BOUV,X,variation,channel,21867.195647547458,nT
2026-03-22T14:31:00.000Z,BOUV,X,variation,channel,21866.40416052291,nT
2026-03-22T14:32:00.000Z,BOUV,X,variation,channel,21865.136040374287,nT
2026-03-22T14:33:00.000Z,BOUV,X,variation,channel,21865.277388340233,nT
2026-03-22T14:34:00.000Z,BOUV,X,variation,channel,21865.07479281242,nT
2026-03-22T14:35:00.000Z,BOUV,X,variation,channel,21866.245790536097,nT
2026-03-22T14:36:00.000Z,BOUV,X,variation,channel,21866.510403088458,nT
2026-03-22T14:37:00.000Z,BOUV,X,variation,channel,21865.917508230337,nT
2026-03-22T14:38:00.000Z,BOUV,X,variation,channel,21865.057772526834,nT
2026-03-22T14:39:00.000Z,BOUV,X,variation,channel,21865.301654684587,nT
2026-03-22T14:40:00.000Z,BOUV,X,variation,channel,21863.42842630738,nT
2026-03-22T14:41:00.000Z,BOUV,X,variation,channel,21861.89334051188,nT
2026-03-22T14:42:00.000Z,BOUV,X,variation,channel,21858.81241172389,nT
2026-03-22T14:43:00.000Z,BOUV,X,variation,channel,21856.35065308326,nT
2026-03-22T14:44:00.000Z,BOUV,X,variation,channel,21852.480530780267,nT
2026-03-22T14:45:00.000Z,BOUV,X,variation,channel,21850.15204141031,nT
2026-03-22T14:46:00.000Z,BOUV,X,variation,channel,21845.671111392126,nT
2026-03-22T14:47:00.000Z,BOUV,X,variation,channel,21843.084714919078,nT
2026-03-22T14:48:00.000Z,BOUV,X,variation,channel,21841.819633443833,nT
2026-03-22T14:49:00.000Z,BOUV,X,variation,channel,21839.941111633183,nT
2026-03-22T14:50:00.000Z,BOUV,X,variation,channel,21839.223804732814,nT
2026-03-22T14:51:00.000Z,BOUV,X,variation,channel,21838.90027885688,nT
2026-03-22T14:52:00.000Z,BOUV,X,variation,channel,21838.23617216863,nT
2026-03-22T14:53:00.000Z,BOUV,X,variation,channel,21837.602620615722,nT
2026-03-22T14:54:00.000Z,BOUV,X,variation,channel,21836.96420160495,nT
2026-03-22T14:55:00.000Z,BOUV,X,variation,channel,21836.217324913978,nT
2026-03-22T14:56:00.000Z,BOUV,X,variation,channel,21836.014568013237,nT
2026-03-22T14:57:00.000Z,BOUV,X,variation,channel,21834.59084497868,nT
2026-03-22T14:58:00.000Z,BOUV,X,variation,channel,21833.94020664426,nT
2026-03-22T14:59:00.000Z,BOUV,X,variation,channel,21832.633764431146,nT
2026-03-22T15:00:00.000Z,BOUV,X,variation,channel,21830.281784355753,nT
2026-03-22T15:01:00.000Z,BOUV,X,variation,channel,21828.71640460929,nT
2026-03-22T15:02:00.000Z,BOUV,X,variation,channel,21826.939337670286,nT
2026-03-22T15:03:00.000Z,BOUV,X,variation,channel,21825.908951672125,nT
2026-03-22T15:04:00.000Z,BOUV,X,variation,channel,21825.73889837024,nT
2026-03-22T15:05:00.000Z,BOUV,X,variation,channel,21827.014799784043,nT
2026-03-22T15:06:00.000Z,BOUV,X,variation,channel,21828.049348932585,nT
2026-03-22T15:07:00.000Z,BOUV,X,variation,channel,21828.300217516764,nT
2026-03-22T15:08:00.000Z,BOUV,X,variation,channel,21828.283527536714,nT
2026-03-22T15:09:00.000Z,BOUV,X,variation,channel,21829.56958666752,nT
2026-03-22T15:10:00.000Z,BOUV,X,variation,channel,21831.34025422489,nT
2026-03-22T15:11:00.000Z,BOUV,X,variation,channel,21830.571750996165,nT
2026-03-22T15:12:00.000Z,BOUV,X,variation,channel,21827.68732332831,nT
2026-03-22T15:13:00.000Z,BOUV,X,variation,channel,21824.367763690963,nT
2026-03-22T15:14:00.000Z,BOUV,X,variation,channel,21820.059169032505,nT
2026-03-22T15:15:00.000Z,BOUV,X,variation,channel,21814.798578909165,nT
2026-03-22T15:16:00.000Z,BOUV,X,variation,channel,21809.717830541722,nT
2026-03-22T15:17:00.000Z,BOUV,X,variation,channel,21807.545390190484,nT
2026-03-22T15:18:00.000Z,BOUV,X,variation,channel,21807.91573739524,nT
2026-03-22T15:19:00.000Z,BOUV,X,variation,channel,21805.73035728609,nT
2026-03-22T15:20:00.000Z,BOUV,X,variation,channel,21803.46988192343,nT
2026-03-22T15:21:00.000Z,BOUV,X,variation,channel,21802.865540332383,nT
2026-03-22T15:22:00.000Z,BOUV,X,variation,channel,21801.050459596685,nT
2026-03-22T15:23:00.000Z,BOUV,X,variation,channel,21802.59601150474,nT
2026-03-22T15:24:00.000Z,BOUV,X,variation,channel,21800.019495252625,nT
2026-03-22T15:25:00.000Z,BOUV,X,variation,channel,21797.471238335336,nT
2026-03-22T15:26:00.000Z,BOUV,X,variation,channel,21798.751814687406,nT
2026-03-22T15:27:00.000Z,BOUV,X,variation,channel,21800.176977859282,nT
2026-03-22T15:28:00.000Z,BOUV,X,variation,channel,21801.043751104877,nT
2026-03-22T15:29:00.000Z,BOUV,X,variation,channel,21800.582616496886,nT
2026-03-22T15:30:00.000Z,BOUV,X,variation,channel,21800.63858055224,nT
2026-03-22T15:31:00.000Z,BOUV,X,variation,channel,21801.101361462956,nT
2026-03-22T15:32:00.000Z,BOUV,X,variation,channel,21798.966619571154,nT
2026-03-22T15:33:00.000Z,BOUV,X,variation,channel,21796.304998543983,nT
2026-03-22T15:34:00.000Z,BOUV,X,variation,channel,21796.61840458386,nT
2026-03-22T15:35:00.000Z,BOUV,X,variation,channel,21795.771800423958,nT
2026-03-22T15:36:00.000Z,BOUV,X,variation,channel,21793.17375082197,nT
2026-03-22T15:37:00.000Z,BOUV,X,variation,channel,21792.324741630648,nT
2026-03-22T15:38:00.000Z,BOUV,X,variation,channel,21791.32991156989,nT
2026-03-22T15:39:00.000Z,BOUV,X,variation,channel,21787.956191946483,nT
2026-03-22T15:40:00.000Z,BOUV,X,variation,channel,21786.25428120734,nT
2026-03-22T15:41:00.000Z,BOUV,X,variation,channel,21784.7566404358,nT
2026-03-22T15:42:00.000Z,BOUV,X,variation,channel,21784.383526433514,nT
2026-03-22T15:43:00.000Z,BOUV,X,variation,channel,21784.82150447655,nT
2026-03-22T15:44:00.000Z,BOUV,X,variation,channel,21784.84275003197,nT
2026-03-22T15:45:00.000Z,BOUV,X,variation,channel,21782.85920549074,nT
2026-03-22T15:46:00.000Z,BOUV,X,variation,channel,21782.317782235565,nT
2026-03-22T15:47:00.000Z,BOUV,X,variation,channel,21782.955198148702,nT
2026-03-22T15:48:00.000Z,BOUV,X,variation,channel,21784.512091171197,nT
2026-03-22T15:49:00.000Z,BOUV,X,variation,channel,21784.39634733054,nT
2026-03-22T15:50:00.000Z,BOUV,X,variation,channel,21785.73879661501,nT
2026-03-22T15:51:00.000Z,BOUV,X,variation,channel,21783.978734980905,nT
2026-03-22T15:52:00.000Z,BOUV,X,variation,channel,21782.346290540132,nT
2026-03-22T15:53:00.000Z,BOUV,X,variation,channel,21781.210774793966,nT
2026-03-22T15:54:00.000Z,BOUV,X,variation,channel,21780.96146272804,nT
2026-03-22T15:55:00.000Z,BOUV,X,variation,channel,21782.55786592875,nT
2026-03-22T15:56:00.000Z,BOUV,X,variation,channel,21781.999061149803,nT
2026-03-22T15:57:00.000Z,BOUV,X,variation,channel,21779.383617061867,nT
2026-03-22T15:58:00.000Z,BOUV,X,variation,channel,21775.326030459582,nT
2026-03-22T15:59:00.000Z,BOUV,X,variation,channel,21773.701801730982,nT
2026-03-22T16:00:00.000Z,BOUV,X,variation,channel,21774.968357164424,nT
2026-03-22T16:01:00.000Z,BOUV,X,variation,channel,21776.991995508313,nT
2026-03-22T16:02:00.000Z,BOUV,X,variation,channel,21775.36290006586,nT
2026-03-22T16:03:00.000Z,BOUV,X,variation,channel,21772.917641988715,nT
2026-03-22T16:04:00.000Z,BOUV,X,variation,channel,21770.03627364385,nT
2026-03-22T16:05:00.000Z,BOUV,X,variation,channel,21766.63738661971,nT
2026-03-22T16:06:00.000Z,BOUV,X,variation,channel,21762.66941239379,nT
2026-03-22T16:07:00.000Z,BOUV,X,variation,channel,21757.539020324453,nT
2026-03-22T16:08:00.000Z,BOUV,X,variation,channel,21754.23764607307,nT
2026-03-22T16:09:00.000Z,BOUV,X,variation,channel,21756.20495609647,nT
2026-03-22T16:10:00.000Z,BOUV,X,variation,channel,21763.73378332508,nT
2026-03-22T16:11:00.000Z,BOUV,X,variation,channel,21773.49669661583,nT
2026-03-22T16:12:00.000Z,BOUV,X,variation,channel,21771.426621437633,nT
2026-03-22T16:13:00.000Z,BOUV,X,variation,channel,21766.59295143845,nT
2026-03-22T16:14:00.000Z,BOUV,X,variation,channel,21764.148314148406,nT
2026-03-22T16:15:00.000Z,BOUV,X,variation,channel,21761.370248398653,nT
2026-03-22T16:16:00.000Z,BOUV,X,variation,channel,21761.169114929744,nT
2026-03-22T16:17:00.000Z,BOUV,X,variation,channel,21763.205665029684,nT
2026-03-22T16:18:00.000Z,BOUV,X,variation,channel,21762.846279193156,nT
2026-03-22T16:19:00.000Z,BOUV,X,variation,channel,21763.841593183006,nT
2026-03-22T16:20:00.000Z,BOUV,X,variation,channel,21762.15049615832,nT
2026-03-22T16:21:00.000Z,BOUV,X,variation,channel,21761.370759175257,nT
2026-03-22T16:22:00.000Z,BOUV,X,variation,channel,21759.326279617522,nT
2026-03-22T16:23:00.000Z,BOUV,X,variation,channel,21759.335078892876,nT
2026-03-22T16:24:00.000Z,BOUV,X,variation,channel,21757.830798041134,nT
2026-03-22T16:25:00.000Z,BOUV,X,variation,channel,21756.47269255061,nT
2026-03-22T16:26:00.000Z,BOUV,X,variation,channel,21754.90193166306,nT
2026-03-22T16:27:00.000Z,BOUV,X,variation,channel,21754.25055397456,nT
2026-03-22T16:28:00.000Z,BOUV,X,variation,channel,21753.085847397986,nT
2026-03-22T16:29:00.000Z,BOUV,X,variation,channel,21756.91308409931,nT
2026-03-22T16:30:00.000Z,BOUV,X,variation,channel,21757.44568994469,nT
2026-03-22T16:31:00.000Z,BOUV,X,variation,channel,21758.838343542273,nT
2026-03-22T16:32:00.000Z,BOUV,X,variation,channel,21761.486253922983,nT
2026-03-22T16:33:00.000Z,BOUV,X,variation,channel,21764.95226134834,nT
2026-03-22T16:34:00.000Z,BOUV,X,variation,channel,21767.160212928356,nT
2026-03-22T16:35:00.000Z,BOUV,X,variation,channel,21767.443694006,nT
2026-03-22T16:36:00.000Z,BOUV,X,variation,channel,21769.396721042114,nT
2026-03-22T16:37:00.000Z,BOUV,X,variation,channel,21772.68599353472,nT
2026-03-22T16:38:00.000Z,BOUV,X,variation,channel,21771.188828948387,nT
2026-03-22T16:39:00.000Z,BOUV,X,variation,channel,21769.525492107477,nT
2026-03-22T16:40:00.000Z,BOUV,X,variation,channel,21770.2786307609,nT
2026-03-22T16:41:00.000Z,BOUV,X,variation,channel,21770.07900698866,nT
2026-03-22T16:42:00.000Z,BOUV,X,variation,channel,21770.145326013444,nT
2026-03-22T16:43:00.000Z,BOUV,X,variation,channel,21770.987339711493,nT
2026-03-22T16:44:00.000Z,BOUV,X,variation,channel,21769.054392834627,nT
2026-03-22T16:45:00.000Z,BOUV,X,variation,channel,21770.19624717782,nT
2026-03-22T16:46:00.000Z,BOUV,X,variation,channel,21769.256539397975,nT
2026-03-22T16:47:00.000Z,BOUV,X,variation,channel,21770.74471012786,nT
2026-03-22T16:48:00.000Z,BOUV,X,variation,channel,21773.042932322845,nT
2026-03-22T16:49:00.000Z,BOUV,X,variation,channel,21775.553262821384,nT
2026-03-22T16:50:00.000Z,BOUV,X,variation,channel,21774.25480136524,nT
2026-03-22T16:51:00.000Z,BOUV,X,variation,channel,21775.71705439617,nT
2026-03-22T16:52:00.000Z,BOUV,X,variation,channel,21778.07191434763,nT
2026-03-22T16:53:00.000Z,BOUV,X,variation,channel,21777.242423425232,nT
2026-03-22T16:54:00.000Z,BOUV,X,variation,channel,21777.668228358325,nT
2026-03-22T16:55:00.000Z,BOUV,X,variation,channel,21780.816684698595,nT
2026-03-22T16:56:00.000Z,BOUV,X,variation,channel,21783.622533674126,nT
2026-03-22T16:57:00.000Z,BOUV,X,variation,channel,21787.685023297014,nT
2026-03-22T16:58:00.000Z,BOUV,X,variation,channel,21791.34469142697,nT
2026-03-22T16:59:00.000Z,BOUV,X,variation,channel,21793.611053887947,nT
2026-03-22T17:00:00.000Z,BOUV,X,variation,channel,21796.06943613903,nT
2026-03-22T17:01:00.000Z,BOUV,X,variation,channel,21802.40799488667,nT
2026-03-22T17:02:00.000Z,BOUV,X,variation,channel,21804.98257022828,nT
2026-03-22T17:03:00.000Z,BOUV,X,variation,channel,21807.43293886337,nT
2026-03-22T17:04:00.000Z,BOUV,X,variation,channel,21808.70226921513,nT
2026-03-22T17:05:00.000Z,BOUV,X,variation,channel,21810.369897433982,nT
2026-03-22T17:06:00.000Z,BOUV,X,variation,channel,21816.284633349576,nT
2026-03-22T17:07:00.000Z,BOUV,X,variation,channel,21821.08466075882,nT
2026-03-22T17:08:00.000Z,BOUV,X,variation,channel,21815.869169603528,nT
2026-03-22T17:09:00.000Z,BOUV,X,variation,channel,21815.473988489706,nT
2026-03-22T17:10:00.000Z,BOUV,X,variation,channel,21816.224906282954,nT
2026-03-22T17:11:00.000Z,BOUV,X,variation,channel,21820.68661168036,nT
2026-03-22T17:12:00.000Z,BOUV,X,variation,channel,21823.11748821687,nT
2026-03-22T17:13:00.000Z,BOUV,X,variation,channel,21824.72098432622,nT
2026-03-22T17:14:00.000Z,BOUV,X,variation,channel,21822.91156315274,nT
2026-03-22T17:15:00.000Z,BOUV,X,variation,channel,21822.991924357837,nT
2026-03-22T17:16:00.000Z,BOUV,X,variation,channel,21823.665622020024,nT
2026-03-22T17:17:00.000Z,BOUV,X,variation,channel,21824.055214320444,nT
2026-03-22T17:18:00.000Z,BOUV,X,variation,channel,21818.154378855175,nT
2026-03-22T17:19:00.000Z,BOUV,X,variation,channel,21819.37131678708,nT
2026-03-22T17:20:00.000Z,BOUV,X,variation,channel,21820.338996731694,nT
2026-03-22T17:21:00.000Z,BOUV,X,variation,channel,21819.149178916756,nT
2026-03-22T17:22:00.000Z,BOUV,X,variation,channel,21815.494177808167,nT
2026-03-22T17:23:00.000Z,BOUV,X,variation,channel,21813.83622872612,nT
2026-03-22T17:24:00.000Z,BOUV,X,variation,channel,21812.5545123491,nT
2026-03-22T17:25:00.000Z,BOUV,X,variation,channel,21809.672728140198,nT
2026-03-22T17:26:00.000Z,BOUV,X,variation,channel,21807.364031490095,nT
2026-03-22T17:27:00.000Z,BOUV,X,variation,channel,21806.85303886162,nT
2026-03-22T17:28:00.000Z,BOUV,X,variation,channel,21805.72311561062,nT
2026-03-22T17:29:00.000Z,BOUV,X,variation,channel,21804.17044145256,nT
2026-03-22T17:30:00.000Z,BOUV,X,variation,channel,21803.813755315205,nT
2026-03-22T17:31:00.000Z,BOUV,X,variation,channel,21801.47284029572,nT
2026-03-22T17:32:00.000Z,BOUV,X,variation,channel,21801.719346046764,nT
2026-03-22T17:33:00.000Z,BOUV,X,variation,channel,21798.20943065767,nT
2026-03-22T17:34:00.000Z,BOUV,X,variation,channel,21796.068198860576,nT
2026-03-22T17:35:00.000Z,BOUV,X,variation,channel,21795.723189854052,nT
2026-03-22T17:36:00.000Z,BOUV,X,variation,channel,21798.256249374514,nT
2026-03-22T17:37:00.000Z,BOUV,X,variation,channel,21795.930317248185,nT
2026-03-22T17:38:00.000Z,BOUV,X,variation,channel,21800.19764820606,nT
2026-03-22T17:39:00.000Z,BOUV,X,variation,channel,21801.761631605365,nT
2026-03-22T17:40:00.000Z,BOUV,X,variation,channel,21796.930700749443,nT
2026-03-22T17:41:00.000Z,BOUV,X,variation,channel,21794.3993005967,nT
2026-03-22T17:42:00.000Z,BOUV,X,variation,channel,21794.570253784535,nT
2026-03-22T17:43:00.000Z,BOUV,X,variation,channel,21794.71772877309,nT
2026-03-22T17:44:00.000Z,BOUV,X,variation,channel,21792.936788739866,nT
2026-03-22T17:45:00.000Z,BOUV,X,variation,channel,21801.362827886467,nT
2026-03-22T17:46:00.000Z,BOUV,X,variation,channel,21804.150033350033,nT
2026-03-22T17:47:00.000Z,BOUV,X,variation,channel,21804.405820391734,nT
2026-03-22T17:48:00.000Z,BOUV,X,variation,channel,21804.00694131515,nT
2026-03-22T17:49:00.000Z,BOUV,X,variation,channel,21802.75126119092,nT
2026-03-22T17:50:00.000Z,BOUV,X,variation,channel,21802.017903250122,nT
2026-03-22T17:51:00.000Z,BOUV,X,variation,channel,21800.83608767277,nT
2026-03-22T17:52:00.000Z,BOUV,X,variation,channel,21796.906270594605,nT
2026-03-22T17:53:00.000Z,BOUV,X,variation,channel,21790.81488692455,nT
2026-03-22T17:54:00.000Z,BOUV,X,variation,channel,21784.118721830582,nT
2026-03-22T17:55:00.000Z,BOUV,X,variation,channel,21778.97777758159,nT
2026-03-22T17:56:00.000Z,BOUV,X,variation,channel,21778.724961747033,nT
2026-03-22T17:57:00.000Z,BOUV,X,variation,channel,21780.326654429053,nT
2026-03-22T17:58:00.000Z,BOUV,X,variation,channel,21779.63413271169,nT
2026-03-22T17:59:00.000Z,BOUV,X,variation,channel,21780.48708047046,nT
2026-03-22T18:00:00.000Z,BOUV,X,variation,channel,21782.130387722715,nT
2026-03-22T18:01:00.000Z,BOUV,X,variation,channel,21784.71202872565,nT
2026-03-22T18:02:00.000Z,BOUV,X,variation,channel,21788.347076989,nT
2026-03-22T18:03:00.000Z,BOUV,X,variation,channel,21793.40731953245,nT
2026-03-22T18:04:00.000Z,BOUV,X,variation,channel,21795.826686676017,nT
2026-03-22T18:05:00.000Z,BOUV,X,variation,channel,21795.666757098905,nT
2026-03-22T18:06:00.000Z,BOUV,X,variation,channel,21799.5606867382,nT
2026-03-22T18:07:00.000Z,BOUV,X,variation,channel,21802.11469452848,nT
2026-03-22T18:08:00.000Z,BOUV,X,variation,channel,21805.273256320324,nT
2026-03-22T18:09:00.000Z,BOUV,X,variation,channel,21806.724644808775,nT
2026-03-22T18:10:00.000Z,BOUV,X,variation,channel,21808.701293889833,nT
2026-03-22T18:11:00.000Z,BOUV,X,variation,channel,21809.883100084055,nT
2026-03-22T18:12:00.000Z,BOUV,X,variation,channel,21811.67713666935,nT
2026-03-22T18:13:00.000Z,BOUV,X,variation,channel,21814.25853680641,nT
2026-03-22T18:14:00.000Z,BOUV,X,variation,channel,21817.420925143248,nT
2026-03-22T18:15:00.000Z,BOUV,X,variation,channel,21820.43828053673,nT
2026-03-22T18:16:00.000Z,BOUV,X,variation,channel,21820.743729336555,nT
2026-03-22T18:17:00.000Z,BOUV,X,variation,channel,21820.372554102254,nT
2026-03-22T18:18:00.000Z,BOUV,X,variation,channel,21822.095524552442,nT
2026-03-22T18:19:00.000Z,BOUV,X,variation,channel,21822.341837206124,nT
2026-03-22T18:20:00.000Z,BOUV,X,variation,channel,21824.90183703752,nT
2026-03-22T18:21:00.000Z,BOUV,X,variation,channel,21822.030798496726,nT
2026-03-22T18:22:00.000Z,BOUV,X,variation,channel,21822.21881356378,nT
2026-03-22T18:23:00.000Z,BOUV,X,variation,channel,21821.28591838928,nT
2026-03-22T18:24:00.000Z,BOUV,X,variation,channel,21818.13210658302,nT
2026-03-22T18:25:00.000Z,BOUV,X,variation,channel,21814.451296470885,nT
2026-03-22T18:26:00.000Z,BOUV,X,variation,channel,21810.001291522414,nT
2026-03-22T18:27:00.000Z,BOUV,X,variation,channel,21808.496222455065,nT
2026-03-22T18:28:00.000Z,BOUV,X,variation,channel,21810.570439053277,nT
2026-03-22T18:29:00.000Z,BOUV,X,variation,channel,21808.615063875488,nT
2026-03-22T18:30:00.000Z,BOUV,X,variation,channel,21806.105841143406,nT
2026-03-22T18:31:00.000Z,BOUV,X,variation,channel,21804.98210835544,nT
2026-03-22T18:32:00.000Z,BOUV,X,variation,channel,21805.514112607187,nT
2026-03-22T18:33:00.000Z,BOUV,X,variation,channel,21806.562631018704,nT
2026-03-22T18:34:00.000Z,BOUV,X,variation,channel,21808.307470222277,nT
2026-03-22T18:35:00.000Z,BOUV,X,variation,channel,21810.235374562413,nT
2026-03-22T18:36:00.000Z,BOUV,X,variation,channel,21811.740292635688,nT
2026-03-22T18:37:00.000Z,BOUV,X,variation,channel,21813.053122003534,nT
2026-03-22T18:38:00.000Z,BOUV,X,variation,channel,21814.035349739555,nT
2026-03-22T18:39:00.000Z,BOUV,X,variation,channel,21816.36911421932,nT
2026-03-22T18:40:00.000Z,BOUV,X,variation,channel,21817.270145290797,nT
2026-03-22T18:41:00.000Z,BOUV,X,variation,channel,21819.531185489865,nT
2026-03-22T18:42:00.000Z,BOUV,X,variation,channel,21820.66161013377,nT
2026-03-22T18:43:00.000Z,BOUV,X,variation,channel,21821.34378453032,nT
2026-03-22T18:44:00.000Z,BOUV,X,variation,channel,21824.19667488627,nT
2026-03-22T18:45:00.000Z,BOUV,X,variation,channel,21825.915441256417,nT
2026-03-22T18:46:00.000Z,BOUV,X,variation,channel,21826.107650417962,nT
2026-03-22T18:47:00.000Z,BOUV,X,variation,channel,21825.68587142615,nT
2026-03-22T18:48:00.000Z,BOUV,X,variation,channel,21825.815581606956,nT
2026-03-22T18:49:00.000Z,BOUV,X,variation,channel,21826.931756744227,nT
2026-03-22T18:50:00.000Z,BOUV,X,variation,channel,21828.758233184926,nT
2026-03-22T18:51:00.000Z,BOUV,X,variation,channel,21831.01612845372,nT
2026-03-22T18:52:00.000Z,BOUV,X,variation,channel,21830.91296915736,nT
2026-03-22T18:53:00.000Z,BOUV,X,variation,channel,21829.35035967911,nT
2026-03-22T18:54:00.000Z,BOUV,X,variation,channel,21835.843086874378,nT
2026-03-22T18:55:00.000Z,BOUV,X,variation,channel,21832.076654129094,nT
2026-03-22T18:56:00.000Z,BOUV,X,variation,channel,21831.78123099566,nT
2026-03-22T18:57:00.000Z,BOUV,X,variation,channel,21834.263167465793,nT
2026-03-22T18:58:00.000Z,BOUV,X,variation,channel,21836.072508882586,nT
2026-03-22T18:59:00.000Z,BOUV,X,variation,channel,21834.14941966224,nT
2026-03-22T19:00:00.000Z,BOUV,X,variation,channel,21833.34077309169,nT
2026-03-22T19:01:00.000Z,BOUV,X,variation,channel,21833.04536544986,nT
2026-03-22T19:02:00.000Z,BOUV,X,variation,channel,21832.81016603508,nT
2026-03-22T19:03:00.000Z,BOUV,X,variation,channel,21832.0772193805,nT
2026-03-22T19:04:00.000Z,BOUV,X,variation,channel,21831.954697410423,nT
2026-03-22T19:05:00.000Z,BOUV,X,variation,channel,21831.218084101114,nT
2026-03-22T19:06:00.000Z,BOUV,X,variation,channel,21832.421153928728,nT
2026-03-22T19:07:00.000Z,BOUV,X,variation,channel,21833.800731471703,nT
2026-03-22T19:08:00.000Z,BOUV,X,variation,channel,21834.272040102132,nT
2026-03-22T19:09:00.000Z,BOUV,X,variation,channel,21835.18325372418,nT
2026-03-22T19:10:00.000Z,BOUV,X,variation,channel,21835.974516374146,nT
2026-03-22T19:11:00.000Z,BOUV,X,variation,channel,21834.979244182075,nT
2026-03-22T19:12:00.000Z,BOUV,X,variation,channel,21836.95504976176,nT
2026-03-22T19:13:00.000Z,BOUV,X,variation,channel,21837.763134934587,nT
2026-03-22T19:14:00.000Z,BOUV,X,variation,channel,21839.592357844613,nT
2026-03-22T19:15:00.000Z,BOUV,X,variation,channel,21839.143556189392,nT
2026-03-22T19:16:00.000Z,BOUV,X,variation,channel,21837.561506667833,nT
2026-03-22T19:17:00.000Z,BOUV,X,variation,channel,21834.36543468516,nT
2026-03-22T19:18:00.000Z,BOUV,X,variation,channel,21831.405799769225,nT
2026-03-22T19:19:00.000Z,BOUV,X,variation,channel,21828.87026821184,nT
2026-03-22T19:20:00.000Z,BOUV,X,variation,channel,21827.04508132311,nT
2026-03-22T19:21:00.000Z,BOUV,X,variation,channel,21825.566314514486,nT
2026-03-22T19:22:00.000Z,BOUV,X,variation,channel,21825.452763601654,nT
2026-03-22T19:23:00.000Z,BOUV,X,variation,channel,21823.860204283887,nT
2026-03-22T19:24:00.000Z,BOUV,X,variation,channel,21822.89726897297,nT
2026-03-22T19:25:00.000Z,BOUV,X,variation,channel,21821.354568374332,nT
2026-03-22T19:26:00.000Z,BOUV,X,variation,channel,21821.08400951834,nT
2026-03-22T19:27:00.000Z,BOUV,X,variation,channel,21820.431400639623,nT
2026-03-22T19:28:00.000Z,BOUV,X,variation,channel,21819.10470979028,nT
2026-03-22T19:29:00.000Z,BOUV,X,variation,channel,21818.07083109866,nT
2026-03-22T19:30:00.000Z,BOUV,X,variation,channel,21816.933632182587,nT
2026-03-22T19:31:00.000Z,BOUV,X,variation,channel,21817.63501557742,nT
2026-03-22T19:32:00.000Z,BOUV,X,variation,channel,21818.300534504695,nT
2026-03-22T19:33:00.000Z,BOUV,X,variation,channel,21819.11285664433,nT
2026-03-22T19:34:00.000Z,BOUV,X,variation,channel,21820.685353398494,nT
2026-03-22T19:35:00.000Z,BOUV,X,variation,channel,21820.989917259078,nT
2026-03-22T19:36:00.000Z,BOUV,X,variation,channel,21820.896739137945,nT
2026-03-22T19:37:00.000Z,BOUV,X,variation,channel,21820.090534178828,nT
2026-03-22T19:38:00.000Z,BOUV,X,variation,channel,21819.113893001573,nT
2026-03-22T19:39:00.000Z,BOUV,X,variation,channel,21818.606494679927,nT
2026-03-22T19:40:00.000Z,BOUV,X,variation,channel,21818.468215741494,nT
2026-03-22T19:41:00.000Z,BOUV,X,variation,channel,21817.90850593379,nT
2026-03-22T19:42:00.000Z,BOUV,X,variation,channel,21819.363597364856,nT
2026-03-22T19:43:00.000Z,BOUV,X,variation,channel,21819.090238660665,nT
2026-03-22T19:44:00.000Z,BOUV,X,variation,channel,21817.21988438672,nT
2026-03-22T19:45:00.000Z,BOUV,X,variation,channel,21816.268428724306,nT
2026-03-22T19:46:00.000Z,BOUV,X,variation,channel,21816.68294262023,nT
2026-03-22T19:47:00.000Z,BOUV,X,variation,channel,21816.615547842186,nT
2026-03-22T19:48:00.000Z,BOUV,X,variation,channel,21812.774988720033,nT
2026-03-22T19:49:00.000Z,BOUV,X,variation,channel,21812.610819639405,nT
2026-03-22T19:50:00.000Z,BOUV,X,variation,channel,21814.410626291345,nT
2026-03-22T19:51:00.000Z,BOUV,X,variation,channel,21816.324232718474,nT
2026-03-22T19:52:00.000Z,BOUV,X,variation,channel,21817.362412618644,nT
2026-03-22T19:53:00.000Z,BOUV,X,variation,channel,21814.411200897237,nT
2026-03-22T19:54:00.000Z,BOUV,X,variation,channel,21810.749207370187,nT
2026-03-22T19:55:00.000Z,BOUV,X,variation,channel,21809.985724251586,nT
2026-03-22T19:56:00.000Z,BOUV,X,variation,channel,21812.19903027473,nT
2026-03-22T19:57:00.000Z,BOUV,X,variation,channel,21811.65488181933,nT
2026-03-22T19:58:00.000Z,BOUV,X,variation,channel,21810.873508893055,nT
2026-03-22T19:59:00.000Z,BOUV,X,variation,channel,21810.251887390157,nT
2026-03-22T20:00:00.000Z,BOUV,X,variation,channel,21810.304445627073,nT
2026-03-22T20:01:00.000Z,BOUV,X,variation,channel,21809.803857253293,nT
2026-03-22T20:02:00.000Z,BOUV,X,variation,channel,21808.65505900654,nT
2026-03-22T20:03:00.000Z,BOUV,X,variation,channel,21810.416453162878,nT
2026-03-22T20:04:00.000Z,BOUV,X,variation,channel,21813.4348275839,nT
2026-03-22T20:05:00.000Z,BOUV,X,variation,channel,21817.456024765972,nT
2026-03-22T20:06:00.000Z,BOUV,X,variation,channel,21823.10281624222,nT
2026-03-22T20:07:00.000Z,BOUV,X,variation,channel,21827.4516181639,nT
2026-03-22T20:08:00.000Z,BOUV,X,variation,channel,21830.518309160532,nT
2026-03-22T20:09:00.000Z,BOUV,X,variation,channel,21833.02199175801,nT
2026-03-22T20:10:00.000Z,BOUV,X,variation,channel,21830.050517153675,nT
2026-03-22T20:11:00.000Z,BOUV,X,variation,channel,21827.41249894913,nT
2026-03-22T20:12:00.000Z,BOUV,X,variation,channel,21825.98425642232,nT
2026-03-22T20:13:00.000Z,BOUV,X,variation,channel,21827.84929612786,nT
2026-03-22T20:14:00.000Z,BOUV,X,variation,channel,21832.131682599345,nT
2026-03-22T20:15:00.000Z,BOUV,X,variation,channel,21836.283152119,nT
2026-03-22T20:16:00.000Z,BOUV,X,variation,channel,21836.667373021442,nT
2026-03-22T20:17:00.000Z,BOUV,X,variation,channel,21837.11352600371,nT
2026-03-22T20:18:00.000Z,BOUV,X,variation,channel,21838.764409305313,nT
2026-03-22T20:19:00.000Z,BOUV,X,variation,channel,21839.97257935183,nT
2026-03-22T20:20:00.000Z,BOUV,X,variation,channel,21841.25034507592,nT
2026-03-22T20:21:00.000Z,BOUV,X,variation,channel,21841.745774731837,nT
2026-03-22T20:22:00.000Z,BOUV,X,variation,channel,21838.84238761676,nT
2026-03-22T20:23:00.000Z,BOUV,X,variation,channel,21835.002224035386,nT
2026-03-22T20:24:00.000Z,BOUV,X,variation,channel,21834.73151878357,nT
2026-03-22T20:25:00.000Z,BOUV,X,variation,channel,21834.7706212229,nT
2026-03-22T20:26:00.000Z,BOUV,X,variation,channel,21835.06634977101,nT
2026-03-22T20:27:00.000Z,BOUV,X,variation,channel,21834.635760898498,nT
2026-03-22T20:28:00.000Z,BOUV,X,variation,channel,21835.044516048634,nT
2026-03-22T20:29:00.000Z,BOUV,X,variation,channel,21834.318274040197,nT
2026-03-22T20:30:00.000Z,BOUV,X,variation,channel,21830.93797225199,nT
2026-03-22T20:31:00.000Z,BOUV,X,variation,channel,21829.784983182242,nT
2026-03-22T20:32:00.000Z,BOUV,X,variation,channel,21830.572713471756,nT
2026-03-22T20:33:00.000Z,BOUV,X,variation,channel,21830.51841019103,nT
2026-03-22T20:34:00.000Z,BOUV,X,variation,channel,21836.390618679437,nT
2026-03-22T20:35:00.000Z,BOUV,X,variation,channel,21836.845874916944,nT
2026-03-22T20:36:00.000Z,BOUV,X,variation,channel,21836.339640498783,nT
2026-03-22T20:37:00.000Z,BOUV,X,variation,channel,21838.257866363456,nT
2026-03-22T20:38:00.000Z,BOUV,X,variation,channel,21837.770925765133,nT
2026-03-22T20:39:00.000Z,BOUV,X,variation,channel,21839.70867371288,nT
2026-03-22T20:40:00.000Z,BOUV,X,variation,channel,21838.848667343922,nT
2026-03-22T20:41:00.000Z,BOUV,X,variation,channel,21835.441791777834,nT
2026-03-22T20:42:00.000Z,BOUV,X,variation,channel,21836.44054494143,nT
2026-03-22T20:43:00.000Z,BOUV,X,variation,channel,21839.93141689979,nT
2026-03-22T20:44:00.000Z,BOUV,X,variation,channel,21845.187456065974,nT
2026-03-22T20:45:00.000Z,BOUV,X,variation,channel,21848.843727559826,nT
2026-03-22T20:46:00.000Z,BOUV,X,variation,channel,21844.709527799176,nT
2026-03-22T20:47:00.000Z,BOUV,X,variation,channel,21840.986881832407,nT
2026-03-22T20:48:00.000Z,BOUV,X,variation,channel,21844.4147585604,nT
2026-03-22T20:49:00.000Z,BOUV,X,variation,channel,21842.68158574673,nT
2026-03-22T20:50:00.000Z,BOUV,X,variation,channel,21840.71808173763,nT
2026-03-22T20:51:00.000Z,BOUV,X,variation,channel,21839.376393304734,nT
2026-03-22T20:52:00.000Z,BOUV,X,variation,channel,21842.936948116938,nT
2026-03-22T20:53:00.000Z,BOUV,X,variation,channel,21846.97520898629,nT
2026-03-22T20:54:00.000Z,BOUV,X,variation,channel,21845.21421082194,nT
2026-03-22T20:55:00.000Z,BOUV,X,variation,channel,21843.302744118824,nT
2026-03-22T20:56:00.000Z,BOUV,X,variation,channel,21846.385661313707,nT
2026-03-22T20:57:00.000Z,BOUV,X,variation,channel,21851.741374466743,nT
2026-03-22T20:58:00.000Z,BOUV,X,variation,channel,21851.98780620322,nT
2026-03-22T20:59:00.000Z,BOUV,X,variation,channel,21848.77077853817,nT
2026-03-22T21:00:00.000Z,BOUV,X,variation,channel,21847.507795553192,nT
2026-03-22T21:01:00.000Z,BOUV,X,variation,channel,21848.589901820444,nT
2026-03-22T21:02:00.000Z,BOUV,X,variation,channel,21847.593087627374,nT
2026-03-22T21:03:00.000Z,BOUV,X,variation,channel,21845.006605707975,nT
2026-03-22T21:04:00.000Z,BOUV,X,variation,channel,21844.608440953845,nT
2026-03-22T21:05:00.000Z,BOUV,X,variation,channel,21844.42866862901,nT
2026-03-22T21:06:00.000Z,BOUV,X,variation,channel,21843.444798538207,nT
2026-03-22T21:07:00.000Z,BOUV,X,variation,channel,21842.069703370176,nT
2026-03-22T21:08:00.000Z,BOUV,X,variation,channel,21841.785886632282,nT
2026-03-22T21:09:00.000Z,BOUV,X,variation,channel,21841.806494237702,nT
2026-03-22T21:10:00.000Z,BOUV,X,variation,channel,21841.713524179475,nT
2026-03-22T21:11:00.000Z,BOUV,X,variation,channel,21841.505924008034,nT
2026-03-22T21:12:00.000Z,BOUV,X,variation,channel,21839.46846068068,nT
2026-03-22T21:13:00.000Z,BOUV,X,variation,channel,21836.845488453753,nT
2026-03-22T21:14:00.000Z,BOUV,X,variation,channel,21835.39211831956,nT
2026-03-22T21:15:00.000Z,BOUV,X,variation,channel,21833.618688888822,nT
2026-03-22T21:16:00.000Z,BOUV,X,variation,channel,21832.580569821734,nT
2026-03-22T21:17:00.000Z,BOUV,X,variation,channel,21834.683449026117,nT
2026-03-22T21:18:00.000Z,BOUV,X,variation,channel,21836.025092370248,nT
2026-03-22T21:19:00.000Z,BOUV,X,variation,channel,21833.903122925236,nT
2026-03-22T21:20:00.000Z,BOUV,X,variation,channel,21834.133977851336,nT
2026-03-22T21:21:00.000Z,BOUV,X,variation,channel,21835.41995707073,nT
2026-03-22T21:22:00.000Z,BOUV,X,variation,channel,21835.185603133104,nT
2026-03-22T21:23:00.000Z,BOUV,X,variation,channel,21834.957631340778,nT
2026-03-22T21:24:00.000Z,BOUV,X,variation,channel,21833.670976673475,nT
2026-03-22T21:25:00.000Z,BOUV,X,variation,channel,21833.645077647103,nT
2026-03-22T21:26:00.000Z,BOUV,X,variation,channel,21833.207736292607,nT
2026-03-22T21:27:00.000Z,BOUV,X,variation,channel,21833.106820357378,nT
2026-03-22T21:28:00.000Z,BOUV,X,variation,channel,21833.960693462475,nT
2026-03-22T21:29:00.000Z,BOUV,X,variation,channel,21832.78349702874,nT
2026-03-22T21:30:00.000Z,BOUV,X,variation,channel,21830.91925087303,nT
2026-03-22T21:31:00.000Z,BOUV,X,variation,channel,21831.17941636446,nT
2026-03-22T21:32:00.000Z,BOUV,X,variation,channel,21830.3753150319,nT
2026-03-22T21:33:00.000Z,BOUV,X,variation,channel,21829.162773227054,nT
2026-03-22T21:34:00.000Z,BOUV,X,variation,channel,21828.22364704472,nT
2026-03-22T21:35:00.000Z,BOUV,X,variation,channel,21826.561157452736,nT
2026-03-22T21:36:00.000Z,BOUV,X,variation,channel,21827.774104978027,nT
2026-03-22T21:37:00.000Z,BOUV,X,variation,channel,21828.456202653262,nT
2026-03-22T21:38:00.000Z,BOUV,X,variation,channel,21827.25711555458,nT
2026-03-22T21:39:00.000Z,BOUV,X,variation,channel,21829.01989082847,nT
2026-03-22T21:40:00.000Z,BOUV,X,variation,channel,21830.177501207272,nT
2026-03-22T21:41:00.000Z,BOUV,X,variation,channel,21831.095819137325,nT
2026-03-22T21:42:00.000Z,BOUV,X,variation,channel,21831.14938020282,nT
2026-03-22T21:43:00.000Z,BOUV,X,variation,channel,21831.665400249713,nT
2026-03-22T21:44:00.000Z,BOUV,X,variation,channel,21831.483736715232,nT
2026-03-22T21:45:00.000Z,BOUV,X,variation,channel,21830.849140436487,nT
2026-03-22T21:46:00.000Z,BOUV,X,variation,channel,21831.746438522878,nT
2026-03-22T21:47:00.000Z,BOUV,X,variation,channel,21834.027495913888,nT
2026-03-22T21:48:00.000Z,BOUV,X,variation,channel,21834.21419692589,nT
2026-03-22T21:49:00.000Z,BOUV,X,variation,channel,21834.19116311615,nT
2026-03-22T21:50:00.000Z,BOUV,X,variation,channel,21834.759993995445,nT
2026-03-22T21:51:00.000Z,BOUV,X,variation,channel,21834.946782657866,nT
2026-03-22T21:52:00.000Z,BOUV,X,variation,channel,21834.76694920004,nT
2026-03-22T21:53:00.000Z,BOUV,X,variation,channel,21837.617623811188,nT
2026-03-22T21:54:00.000Z,BOUV,X,variation,channel,21838.037831486934,nT
2026-03-22T21:55:00.000Z,BOUV,X,variation,channel,21838.87859409731,nT
2026-03-22T21:56:00.000Z,BOUV,X,variation,channel,21839.08968910079,nT
2026-03-22T21:57:00.000Z,BOUV,X,variation,channel,21839.70955114752,nT
2026-03-22T21:58:00.000Z,BOUV,X,variation,channel,21840.75508464397,nT
2026-03-22T21:59:00.000Z,BOUV,X,variation,channel,21841.620565164125,nT
2026-03-22T22:00:00.000Z,BOUV,X,variation,channel,21843.41133829209,nT
2026-03-22T22:01:00.000Z,BOUV,X,variation,channel,21843.930886566948,nT
2026-03-22T22:02:00.000Z,BOUV,X,variation,channel,21844.144962659724,nT
2026-03-22T22:03:00.000Z,BOUV,X,variation,channel,21845.526699063746,nT
2026-03-22T22:04:00.000Z,BOUV,X,variation,channel,21846.437017459222,nT
2026-03-22T22:05:00.000Z,BOUV,X,variation,channel,21846.787854070222,nT
2026-03-22T22:06:00.000Z,BOUV,X,variation,channel,21847.95297501726,nT
2026-03-22T22:07:00.000Z,BOUV,X,variation,channel,21847.16922696018,nT
2026-03-22T22:08:00.000Z,BOUV,X,variation,channel,21846.563489661534,nT
2026-03-22T22:09:00.000Z,BOUV,X,variation,channel,21844.9543109649,nT
2026-03-22T22:10:00.000Z,BOUV,X,variation,channel,21846.42464808222,nT
2026-03-22T22:11:00.000Z,BOUV,X,variation,channel,21847.725880852326,nT
2026-03-22T22:12:00.000Z,BOUV,X,variation,channel,21847.356466139194,nT
2026-03-22T22:13:00.000Z,BOUV,X,variation,channel,21848.42269993209,nT
2026-03-22T22:14:00.000Z,BOUV,X,variation,channel,21849.425877466627,nT
2026-03-22T22:15:00.000Z,BOUV,X,variation,channel,21846.416208080722,nT
2026-03-22T22:16:00.000Z,BOUV,X,variation,channel,21843.268690542725,nT
2026-03-22T22:17:00.000Z,BOUV,X,variation,channel,21841.057599973992,nT
2026-03-22T22:18:00.000Z,BOUV,X,variation,channel,21840.221189975888,nT
2026-03-22T22:19:00.000Z,BOUV,X,variation,channel,21838.79717444366,nT
2026-03-22T22:20:00.000Z,BOUV,X,variation,channel,21836.859927041838,nT
2026-03-22T22:21:00.000Z,BOUV,X,variation,channel,21837.65070511314,nT
2026-03-22T22:22:00.000Z,BOUV,X,variation,channel,21837.808032300178,nT
2026-03-22T22:23:00.000Z,BOUV,X,variation,channel,21837.672211510846,nT
2026-03-22T22:24:00.000Z,BOUV,X,variation,channel,21837.59172023206,nT
2026-03-22T22:25:00.000Z,BOUV,X,variation,channel,21837.383434496984,nT
2026-03-22T22:26:00.000Z,BOUV,X,variation,channel,21835.85253273835,nT
2026-03-22T22:27:00.000Z,BOUV,X,variation,channel,21834.447316373127,nT
2026-03-22T22:28:00.000Z,BOUV,X,variation,channel,21834.64360357113,nT
2026-03-22T22:29:00.000Z,BOUV,X,variation,channel,21835.240283030318,nT
2026-03-22T22:30:00.000Z,BOUV,X,variation,channel,21834.573280995013,nT
2026-03-22T22:31:00.000Z,BOUV,X,variation,channel,21836.136538860042,nT
2026-03-22T22:32:00.000Z,BOUV,X,variation,channel,21838.584117677176,nT
2026-03-22T22:33:00.000Z,BOUV,X,variation,channel,21840.194423725377,nT
2026-03-22T22:34:00.000Z,BOUV,X,variation,channel,21841.698637447378,nT
2026-03-22T22:35:00.000Z,BOUV,X,variation,channel,21840.073466605536,nT
2026-03-22T22:36:00.000Z,BOUV,X,variation,channel,21838.692365159586,nT
2026-03-22T22:37:00.000Z,BOUV,X,variation,channel,21835.91637645998,nT
2026-03-22T22:38:00.000Z,BOUV,X,variation,channel,21834.94538793037,nT
2026-03-22T22:39:00.000Z,BOUV,X,variation,channel,21833.539739866424,nT
2026-03-22T22:40:00.000Z,BOUV,X,variation,channel,21832.36668924859,nT
2026-03-22T22:41:00.000Z,BOUV,X,variation,channel,21832.205218328192,nT
2026-03-22T22:42:00.000Z,BOUV,X,variation,channel,21831.869113595185,nT
2026-03-22T22:43:00.000Z,BOUV,X,variation,channel,21832.376723318223,nT
2026-03-22T22:44:00.000Z,BOUV,X,variation,channel,21832.22155089886,nT
2026-03-22T22:45:00.000Z,BOUV,X,variation,channel,21831.71955710708,nT
2026-03-22T22:46:00.000Z,BOUV,X,variation,channel,21831.19366715241,nT
2026-03-22T22:47:00.000Z,BOUV,X,variation,channel,21830.776052050565,nT
2026-03-22T22:48:00.000Z,BOUV,X,variation,channel,21831.912395136857,nT
2026-03-22T22:49:00.000Z,BOUV,X,variation,channel,21836.19381109588,nT
2026-03-22T22:50:00.000Z,BOUV,X,variation,channel,21839.981766368703,nT
2026-03-22T22:51:00.000Z,BOUV,X,variation,channel,21844.002296282833,nT
2026-03-22T22:52:00.000Z,BOUV,X,variation,channel,21847.730648383455,nT
2026-03-22T22:53:00.000Z,BOUV,X,variation,channel,21849.131273253275,nT
2026-03-22T22:54:00.000Z,BOUV,X,variation,channel,21845.629383780102,nT
2026-03-22T22:55:00.000Z,BOUV,X,variation,channel,21844.86454143999,nT
2026-03-22T22:56:00.000Z,BOUV,X,variation,channel,21844.04355135299,nT
2026-03-22T22:57:00.000Z,BOUV,X,variation,channel,21843.916209996474,nT
2026-03-22T22:58:00.000Z,BOUV,X,variation,channel,21849.694824718867,nT
2026-03-22T22:59:00.000Z,BOUV,X,variation,channel,21851.778336721323,nT
2026-03-22T23:00:00.000Z,BOUV,X,variation,channel,21845.247460384697,nT
2026-03-22T23:01:00.000Z,BOUV,X,variation,channel,21843.250758543214,nT
2026-03-22T23:02:00.000Z,BOUV,X,variation,channel,21843.17009762851,nT
2026-03-22T23:03:00.000Z,BOUV,X,variation,channel,21837.57820604887,nT
2026-03-22T23:04:00.000Z,BOUV,X,variation,channel,21836.08976790075,nT
2026-03-22T23:05:00.000Z,BOUV,X,variation,channel,21833.975207038387,nT
2026-03-22T23:06:00.000Z,BOUV,X,variation,channel,21832.07694912933,nT
2026-03-22T23:07:00.000Z,BOUV,X,variation,channel,21834.072563458125,nT
2026-03-22T23:08:00.000Z,BOUV,X,variation,channel,21833.94427238535,nT
2026-03-22T23:09:00.000Z,BOUV,X,variation,channel,21836.006516571866,nT
2026-03-22T23:10:00.000Z,BOUV,X,variation,channel,21838.860878561525,nT
2026-03-22T23:11:00.000Z,BOUV,X,variation,channel,21838.96864606346,nT
2026-03-22T23:12:00.000Z,BOUV,X,variation,channel,21840.952756682153,nT
2026-03-22T23:13:00.000Z,BOUV,X,variation,channel,21842.408177548805,nT
2026-03-22T23:14:00.000Z,BOUV,X,variation,channel,21843.71682605126,nT
2026-03-22T23:15:00.000Z,BOUV,X,variation,channel,21844.55315210229,nT
2026-03-22T23:16:00.000Z,BOUV,X,variation,channel,21846.93003805613,nT
2026-03-22T23:17:00.000Z,BOUV,X,variation,channel,21847.898342935936,nT
2026-03-22T23:18:00.000Z,BOUV,X,variation,channel,21847.93251301914,nT
2026-03-22T23:19:00.000Z,BOUV,X,variation,channel,21846.29698000641,nT
2026-03-22T23:20:00.000Z,BOUV,X,variation,channel,21845.136785415598,nT
2026-03-22T23:21:00.000Z,BOUV,X,variation,channel,21845.72699888444,nT
2026-03-22T23:22:00.000Z,BOUV,X,variation,channel,21845.900844658117,nT
2026-03-22T23:23:00.000Z,BOUV,X,variation,channel,21844.314080185577,nT
2026-03-22T23:24:00.000Z,BOUV,X,variation,channel,21841.480385817733,nT
2026-03-22T23:25:00.000Z,BOUV,X,variation,channel,21839.56312738118,nT
2026-03-22T23:26:00.000Z,BOUV,X,variation,channel,21836.367241634376,nT
2026-03-22T23:27:00.000Z,BOUV,X,variation,channel,21834.27921934109,nT
2026-03-22T23:28:00.000Z,BOUV,X,variation,channel,21828.554613077988,nT
2026-03-22T23:29:00.000Z,BOUV,X,variation,channel,21824.808934451983,nT
2026-03-22T23:30:00.000Z,BOUV,X,variation,channel,21824.448315889156,nT
2026-03-22T23:31:00.000Z,BOUV,X,variation,channel,21824.578010718233,nT
2026-03-22T23:32:00.000Z,BOUV,X,variation,channel,21816.823406836353,nT
2026-03-22T23:33:00.000Z,BOUV,X,variation,channel,21823.79761427589,nT
2026-03-22T23:34:00.000Z,BOUV,X,variation,channel,21823.7036193313,nT
2026-03-22T23:35:00.000Z,BOUV,X,variation,channel,21818.882072881122,nT
2026-03-22T23:36:00.000Z,BOUV,X,variation,channel,21812.8838976084,nT
2026-03-22T23:37:00.000Z,BOUV,X,variation,channel,21805.421319026394,nT
2026-03-22T23:38:00.000Z,BOUV,X,variation,channel,21802.264158591,nT
2026-03-22T23:39:00.000Z,BOUV,X,variation,channel,21808.31146317034,nT
2026-03-22T23:40:00.000Z,BOUV,X,variation,channel,21819.001660519978,nT
2026-03-22T23:41:00.000Z,BOUV,X,variation,channel,21827.12072050938,nT
2026-03-22T23:42:00.000Z,BOUV,X,variation,channel,21833.588672071408,nT
2026-03-22T23:43:00.000Z,BOUV,X,variation,channel,21833.527977458158,nT
2026-03-22T23:44:00.000Z,BOUV,X,variation,channel,21832.647646442056,nT
2026-03-22T23:45:00.000Z,BOUV,X,variation,channel,21833.48839295637,nT
2026-03-22T23:46:00.000Z,BOUV,X,variation,channel,21833.284598270246,nT
2026-03-22T23:47:00.000Z,BOUV,X,variation,channel,21838.97229450548,nT
2026-03-22T23:48:00.000Z,BOUV,X,variation,channel,21840.35146069518,nT
2026-03-22T23:49:00.000Z,BOUV,X,variation,channel,21840.597924862017,nT
2026-03-22T23:50:00.000Z,BOUV,X,variation,channel,21839.889072456837,nT
2026-03-22T23:51:00.000Z,BOUV,X,variation,channel,21842.495741984585,nT
2026-03-22T23:52:00.000Z,BOUV,X,variation,channel,21847.189717185647,nT
2026-03-22T23:53:00.000Z,BOUV,X,variation,channel,21852.103032300038,nT
2026-03-22T23:54:00.000Z,BOUV,X,variation,channel,21856.704184742426,nT
2026-03-22T23:55:00.000Z,BOUV,X,variation,channel,21862.905954414353,nT
2026-03-22T23:56:00.000Z,BOUV,X,variation,channel,21867.51084719301,nT
2026-03-22T23:57:00.000Z,BOUV,X,variation,channel,21870.32626151068,nT
2026-03-22T23:58:00.000Z,BOUV,X,variation,channel,21873.196306788508,nT
2026-03-22T23:59:00.000Z,BOUV,X,variation,channel,21876.194940101064,nT
2026-03-23T00:00:00.000Z,BOUV,X,variation,channel,21878.34603686252,nT
2026-03-23T00:01:00.000Z,BOUV,X,variation,channel,21878.580451061986,nT
2026-03-23T00:02:00.000Z,BOUV,X,variation,channel,21878.290333503464,nT
2026-03-23T00:03:00.000Z,BOUV,X,variation,channel,21875.903908615637,nT
2026-03-23T00:04:00.000Z,BOUV,X,variation,channel,21873.517565762726,nT
2026-03-23T00:05:00.000Z,BOUV,X,variation,channel,21873.06155593963,nT
2026-03-23T00:06:00.000Z,BOUV,X,variation,channel,21869.174031948132,nT
2026-03-23T00:07:00.000Z,BOUV,X,variation,channel,21870.402025887128,nT
2026-03-23T00:08:00.000Z,BOUV,X,variation,channel,21869.57782824081,nT
2026-03-23T00:09:00.000Z,BOUV,X,variation,channel,21870.60013738189,nT
2026-03-23T00:10:00.000Z,BOUV,X,variation,channel,21871.220484807818,nT
2026-03-23T00:11:00.000Z,BOUV,X,variation,channel,21871.7784850752,nT
2026-03-23T00:12:00.000Z,BOUV,X,variation,channel,21872.580172804268,nT
2026-03-23T00:13:00.000Z,BOUV,X,variation,channel,21873.219423465252,nT
2026-03-23T00:14:00.000Z,BOUV,X,variation,channel,21872.9300838996,nT
2026-03-23T00:15:00.000Z,BOUV,X,variation,channel,21871.959877568443,nT
2026-03-23T00:16:00.000Z,BOUV,X,variation,channel,21871.517195644075,nT
2026-03-23T00:17:00.000Z,BOUV,X,variation,channel,21869.920197162886,nT
2026-03-23T00:18:00.000Z,BOUV,X,variation,channel,21869.19781752455,nT
2026-03-23T00:19:00.000Z,BOUV,X,variation,channel,21869.1851500541,nT
2026-03-23T00:20:00.000Z,BOUV,X,variation,channel,21867.80105544274,nT
2026-03-23T00:21:00.000Z,BOUV,X,variation,channel,21867.228343282615,nT
2026-03-23T00:22:00.000Z,BOUV,X,variation,channel,21865.547262714583,nT
2026-03-23T00:23:00.000Z,BOUV,X,variation,channel,21863.972108598406,nT
2026-03-23T00:24:00.000Z,BOUV,X,variation,channel,21863.373217618235,nT
2026-03-23T00:25:00.000Z,BOUV,X,variation,channel,21861.75868943055,nT
2026-03-23T00:26:00.000Z,BOUV,X,variation,channel,21860.440329396984,nT
2026-03-23T00:27:00.000Z,BOUV,X,variation,channel,21859.057595440678,nT
2026-03-23T00:28:00.000Z,BOUV,X,variation,channel,21857.955493651803,nT
2026-03-23T00:29:00.000Z,BOUV,X,variation,channel,21856.391016172198,nT
2026-03-23T00:30:00.000Z,BOUV,X,variation,channel,21854.966792415984,nT
2026-03-23T00:31:00.000Z,BOUV,X,variation,channel,21854.278000968498,nT
2026-03-23T00:32:00.000Z,BOUV,X,variation,channel,21853.83067533067,nT
2026-03-23T00:33:00.000Z,BOUV,X,variation,channel,21854.370184990166,nT
2026-03-23T00:34:00.000Z,BOUV,X,variation,channel,21854.97329392323,nT
2026-03-23T00:35:00.000Z,BOUV,X,variation,channel,21855.557153708465,nT
2026-03-23T00:36:00.000Z,BOUV,X,variation,channel,21855.555390021,nT
2026-03-23T00:37:00.000Z,BOUV,X,variation,channel,21856.278527502098,nT
2026-03-23T00:38:00.000Z,BOUV,X,variation,channel,21856.44327386957,nT
2026-03-23T00:39:00.000Z,BOUV,X,variation,channel,21855.56495401782,nT
2026-03-23T00:40:00.000Z,BOUV,X,variation,channel,21854.50682661855,nT
2026-03-23T00:41:00.000Z,BOUV,X,variation,channel,21853.929227280572,nT
2026-03-23T00:42:00.000Z,BOUV,X,variation,channel,21852.855184395423,nT
2026-03-23T00:43:00.000Z,BOUV,X,variation,channel,21852.654087868083,nT
2026-03-23T00:44:00.000Z,BOUV,X,variation,channel,21852.91909659577,nT
2026-03-23T00:45:00.000Z,BOUV,X,variation,channel,21853.186179038097,nT
2026-03-23T00:46:00.000Z,BOUV,X,variation,channel,21853.141957274755,nT
2026-03-23T00:47:00.000Z,BOUV,X,variation,channel,21852.468056228387,nT
2026-03-23T00:48:00.000Z,BOUV,X,variation,channel,21851.33495729376,nT
2026-03-23T00:49:00.000Z,BOUV,X,variation,channel,21850.938506589653,nT
2026-03-23T00:50:00.000Z,BOUV,X,variation,channel,21850.378108672292,nT
2026-03-23T00:51:00.000Z,BOUV,X,variation,channel,21849.98478641512,nT
2026-03-23T00:52:00.000Z,BOUV,X,variation,channel,21849.630427759086,nT
2026-03-23T00:53:00.000Z,BOUV,X,variation,channel,21849.294238412458,nT
2026-03-23T00:54:00.000Z,BOUV,X,variation,channel,21850.340117931246,nT
2026-03-23T00:55:00.000Z,BOUV,X,variation,channel,21851.512533450943,nT
2026-03-23T00:56:00.000Z,BOUV,X,variation,channel,21852.0346784814,nT
2026-03-23T00:57:00.000Z,BOUV,X,variation,channel,21852.19316115192,nT
2026-03-23T00:58:00.000Z,BOUV,X,variation,channel,21851.919694337048,nT
2026-03-23T00:59:00.000Z,BOUV,X,variation,channel,21851.35140370571,nT
2026-03-23T01:00:00.000Z,BOUV,X,variation,channel,21851.937944467558,nT
2026-03-23T01:01:00.000Z,BOUV,X,variation,channel,21852.052593269316,nT
2026-03-23T01:02:00.000Z,BOUV,X,variation,channel,21852.413661894923,nT
2026-03-23T01:03:00.000Z,BOUV,X,variation,channel,21853.04641162695,nT
2026-03-23T01:04:00.000Z,BOUV,X,variation,channel,21853.692923358252,nT
2026-03-23T01:05:00.000Z,BOUV,X,variation,channel,21854.961072198497,nT
2026-03-23T01:06:00.000Z,BOUV,X,variation,channel,21856.31075619928,nT
2026-03-23T01:07:00.000Z,BOUV,X,variation,channel,21857.17179395726,nT
2026-03-23T01:08:00.000Z,BOUV,X,variation,channel,21857.640363795275,nT
2026-03-23T01:09:00.000Z,BOUV,X,variation,channel,21858.604778640307,nT
2026-03-23T01:10:00.000Z,BOUV,X,variation,channel,21858.906576773494,nT
2026-03-23T01:11:00.000Z,BOUV,X,variation,channel,21859.42401276733,nT
2026-03-23T01:12:00.000Z,BOUV,X,variation,channel,21859.421013043546,nT
2026-03-23T01:13:00.000Z,BOUV,X,variation,channel,21859.176336809323,nT
2026-03-23T01:14:00.000Z,BOUV,X,variation,channel,21858.554333781667,nT
2026-03-23T01:15:00.000Z,BOUV,X,variation,channel,21858.62276757565,nT
2026-03-23T01:16:00.000Z,BOUV,X,variation,channel,21859.220617755174,nT
2026-03-23T01:17:00.000Z,BOUV,X,variation,channel,21859.96248129583,nT
2026-03-23T01:18:00.000Z,BOUV,X,variation,channel,21859.86284448592,nT
2026-03-23T01:19:00.000Z,BOUV,X,variation,channel,21860.000277154984,nT
2026-03-23T01:20:00.000Z,BOUV,X,variation,channel,21860.69252257443,nT
2026-03-23T01:21:00.000Z,BOUV,X,variation,channel,21860.408970629487,nT
2026-03-23T01:22:00.000Z,BOUV,X,variation,channel,21860.79554237765,nT
2026-03-23T01:23:00.000Z,BOUV,X,variation,channel,21861.377682078437,nT
2026-03-23T01:24:00.000Z,BOUV,X,variation,channel,21861.147251502814,nT
2026-03-23T01:25:00.000Z,BOUV,X,variation,channel,21860.79725719957,nT
2026-03-23T01:26:00.000Z,BOUV,X,variation,channel,21860.224857032354,nT
2026-03-23T01:27:00.000Z,BOUV,X,variation,channel,21858.831561509644,nT
2026-03-23T01:28:00.000Z,BOUV,X,variation,channel,21858.64738235536,nT
2026-03-23T01:29:00.000Z,BOUV,X,variation,channel,21857.920286588374,nT
2026-03-23T01:30:00.000Z,BOUV,X,variation,channel,21857.02117818002,nT
2026-03-23T01:31:00.000Z,BOUV,X,variation,channel,21856.56496344424,nT
2026-03-23T01:32:00.000Z,BOUV,X,variation,channel,21856.151557170968,nT
2026-03-23T01:33:00.000Z,BOUV,X,variation,channel,21856.03282701806,nT
2026-03-23T01:34:00.000Z,BOUV,X,variation,channel,21855.1285028552,nT
2026-03-23T01:35:00.000Z,BOUV,X,variation,channel,21854.971494318077,nT
2026-03-23T01:36:00.000Z,BOUV,X,variation,channel,21855.02657689826,nT
2026-03-23T01:37:00.000Z,BOUV,X,variation,channel,21855.464367209694,nT
2026-03-23T01:38:00.000Z,BOUV,X,variation,channel,21855.9246322944,nT
2026-03-23T01:39:00.000Z,BOUV,X,variation,channel,21855.702111778694,nT
2026-03-23T01:40:00.000Z,BOUV,X,variation,channel,21855.30865819359,nT
2026-03-23T01:41:00.000Z,BOUV,X,variation,channel,21855.474601476228,nT
2026-03-23T01:42:00.000Z,BOUV,X,variation,channel,21855.988062710676,nT
2026-03-23T01:43:00.000Z,BOUV,X,variation,channel,21856.10756707651,nT
2026-03-23T01:44:00.000Z,BOUV,X,variation,channel,21856.927758734888,nT
2026-03-23T01:45:00.000Z,BOUV,X,variation,channel,21856.533800216464,nT
2026-03-23T01:46:00.000Z,BOUV,X,variation,channel,21859.206124789216,nT
2026-03-23T01:47:00.000Z,BOUV,X,variation,channel,21857.76556748038,nT
2026-03-23T01:48:00.000Z,BOUV,X,variation,channel,21858.13749100102,nT
2026-03-23T01:49:00.000Z,BOUV,X,variation,channel,21858.766277224902,nT
2026-03-23T01:50:00.000Z,BOUV,X,variation,channel,21860.563408599075,nT
2026-03-23T01:51:00.000Z,BOUV,X,variation,channel,21861.895110934744,nT
2026-03-23T01:52:00.000Z,BOUV,X,variation,channel,21862.873478208137,nT
2026-03-23T01:53:00.000Z,BOUV,X,variation,channel,21863.20504505427,nT
2026-03-23T01:54:00.000Z,BOUV,X,variation,channel,21863.809338515795,nT
2026-03-23T01:55:00.000Z,BOUV,X,variation,channel,21864.529134591656,nT
2026-03-23T01:56:00.000Z,BOUV,X,variation,channel,21865.31641445435,nT
2026-03-23T01:57:00.000Z,BOUV,X,variation,channel,21864.69731249358,nT
2026-03-23T01:58:00.000Z,BOUV,X,variation,channel,21865.371564036148,nT
2026-03-23T01:59:00.000Z,BOUV,X,variation,channel,21865.04236828652,nT
2026-03-23T02:00:00.000Z,BOUV,X,variation,channel,21865.388319800775,nT
2026-03-23T02:01:00.000Z,BOUV,X,variation,channel,21865.74602461456,nT
2026-03-23T02:02:00.000Z,BOUV,X,variation,channel,21866.858109537097,nT
2026-03-23T02:03:00.000Z,BOUV,X,variation,channel,21865.90831522824,nT
2026-03-23T02:04:00.000Z,BOUV,X,variation,channel,21865.492555278375,nT
2026-03-23T02:05:00.000Z,BOUV,X,variation,channel,21864.803877098722,nT
2026-03-23T02:06:00.000Z,BOUV,X,variation,channel,21865.815470184185,nT
2026-03-23T02:07:00.000Z,BOUV,X,variation,channel,21866.99513722917,nT
2026-03-23T02:08:00.000Z,BOUV,X,variation,channel,21867.54007618848,nT
2026-03-23T02:09:00.000Z,BOUV,X,variation,channel,21868.063084217196,nT
2026-03-23T02:10:00.000Z,BOUV,X,variation,channel,21868.416794780616,nT
2026-03-23T02:11:00.000Z,BOUV,X,variation,channel,21868.940059280914,nT
2026-03-23T02:12:00.000Z,BOUV,X,variation,channel,21869.100565502842,nT
2026-03-23T02:13:00.000Z,BOUV,X,variation,channel,21868.939294195505,nT
2026-03-23T02:14:00.000Z,BOUV,X,variation,channel,21868.013553681,nT
2026-03-23T02:15:00.000Z,BOUV,X,variation,channel,21867.470416883614,nT
2026-03-23T02:16:00.000Z,BOUV,X,variation,channel,21866.81224920785,nT
2026-03-23T02:17:00.000Z,BOUV,X,variation,channel,21866.05897306131,nT
2026-03-23T02:18:00.000Z,BOUV,X,variation,channel,21865.253279973134,nT
2026-03-23T02:19:00.000Z,BOUV,X,variation,channel,21864.51597044904,nT
2026-03-23T02:20:00.000Z,BOUV,X,variation,channel,21864.451407315133,nT
2026-03-23T02:21:00.000Z,BOUV,X,variation,channel,21863.822782288888,nT
2026-03-23T02:22:00.000Z,BOUV,X,variation,channel,21863.957206156785,nT
2026-03-23T02:23:00.000Z,BOUV,X,variation,channel,21864.869117652917,nT
2026-03-23T02:24:00.000Z,BOUV,X,variation,channel,21866.20003425545,nT
2026-03-23T02:25:00.000Z,BOUV,X,variation,channel,21865.599723474363,nT
2026-03-23T02:26:00.000Z,BOUV,X,variation,channel,21864.35203940338,nT
2026-03-23T02:27:00.000Z,BOUV,X,variation,channel,21863.386516033122,nT
2026-03-23T02:28:00.000Z,BOUV,X,variation,channel,21862.481776089557,nT
2026-03-23T02:29:00.000Z,BOUV,X,variation,channel,21860.800022450385,nT
2026-03-23T02:30:00.000Z,BOUV,X,variation,channel,21860.291919843043,nT
2026-03-23T02:31:00.000Z,BOUV,X,variation,channel,21860.209383845635,nT
2026-03-23T02:32:00.000Z,BOUV,X,variation,channel,21859.633467622247,nT
2026-03-23T02:33:00.000Z,BOUV,X,variation,channel,21858.898512096283,nT
2026-03-23T02:34:00.000Z,BOUV,X,variation,channel,21858.06247667446,nT
2026-03-23T02:35:00.000Z,BOUV,X,variation,channel,21856.852017741312,nT
2026-03-23T02:36:00.000Z,BOUV,X,variation,channel,21855.923186530636,nT
2026-03-23T02:37:00.000Z,BOUV,X,variation,channel,21853.427414177462,nT
2026-03-23T02:38:00.000Z,BOUV,X,variation,channel,21851.256085994537,nT
2026-03-23T02:39:00.000Z,BOUV,X,variation,channel,21850.541025421768,nT
2026-03-23T02:40:00.000Z,BOUV,X,variation,channel,21849.981828582528,nT
2026-03-23T02:41:00.000Z,BOUV,X,variation,channel,21849.434333754267,nT
2026-03-23T02:42:00.000Z,BOUV,X,variation,channel,21849.154249613774,nT
2026-03-23T02:43:00.000Z,BOUV,X,variation,channel,21849.20186501757,nT
2026-03-23T02:44:00.000Z,BOUV,X,variation,channel,21849.042513444452,nT
2026-03-23T02:45:00.000Z,BOUV,X,variation,channel,21849.006016887444,nT
2026-03-23T02:46:00.000Z,BOUV,X,variation,channel,21849.5241815516,nT
2026-03-23T02:47:00.000Z,BOUV,X,variation,channel,21850.62974224948,nT
2026-03-23T02:48:00.000Z,BOUV,X,variation,channel,21852.35785811869,nT
2026-03-23T02:49:00.000Z,BOUV,X,variation,channel,21854.5099372697,nT
2026-03-23T02:50:00.000Z,BOUV,X,variation,channel,21856.015208638546,nT
2026-03-23T02:51:00.000Z,BOUV,X,variation,channel,21857.876309795538,nT
2026-03-23T02:52:00.000Z,BOUV,X,variation,channel,21859.085792774516,nT
2026-03-23T02:53:00.000Z,BOUV,X,variation,channel,21860.708310636055,nT
2026-03-23T02:54:00.000Z,BOUV,X,variation,channel,21861.6353620971,nT
2026-03-23T02:55:00.000Z,BOUV,X,variation,channel,21862.82328326367,nT
2026-03-23T02:56:00.000Z,BOUV,X,variation,channel,21863.128898369167,nT
2026-03-23T02:57:00.000Z,BOUV,X,variation,channel,21862.669815057117,nT
2026-03-23T02:58:00.000Z,BOUV,X,variation,channel,21864.101440164268,nT
2026-03-23T02:59:00.000Z,BOUV,X,variation,channel,21864.78602266969,nT
2026-03-23T03:00:00.000Z,BOUV,X,variation,channel,21866.070622684616,nT
2026-03-23T03:01:00.000Z,BOUV,X,variation,channel,21867.02583899518,nT
2026-03-23T03:02:00.000Z,BOUV,X,variation,channel,21868.528297389785,nT
2026-03-23T03:03:00.000Z,BOUV,X,variation,channel,21868.823578387255,nT
2026-03-23T03:04:00.000Z,BOUV,X,variation,channel,21869.919976368765,nT
2026-03-23T03:05:00.000Z,BOUV,X,variation,channel,21871.11269859064,nT
2026-03-23T03:06:00.000Z,BOUV,X,variation,channel,21873.030800083143,nT
2026-03-23T03:07:00.000Z,BOUV,X,variation,channel,21874.377794620486,nT
2026-03-23T03:08:00.000Z,BOUV,X,variation,channel,21874.983184901157,nT
2026-03-23T03:09:00.000Z,BOUV,X,variation,channel,21875.37863021773,nT
2026-03-23T03:10:00.000Z,BOUV,X,variation,channel,21875.990905793504,nT
2026-03-23T03:11:00.000Z,BOUV,X,variation,channel,21876.199119949113,nT
2026-03-23T03:12:00.000Z,BOUV,X,variation,channel,21876.306581514644,nT
2026-03-23T03:13:00.000Z,BOUV,X,variation,channel,21875.804385662916,nT
2026-03-23T03:14:00.000Z,BOUV,X,variation,channel,21875.01286322169,nT
2026-03-23T03:15:00.000Z,BOUV,X,variation,channel,21874.263952327587,nT
2026-03-23T03:16:00.000Z,BOUV,X,variation,channel,21873.533383943166,nT
2026-03-23T03:17:00.000Z,BOUV,X,variation,channel,21871.598902069007,nT
2026-03-23T03:18:00.000Z,BOUV,X,variation,channel,21870.3333094892,nT
2026-03-23T03:19:00.000Z,BOUV,X,variation,channel,21869.483661706665,nT
2026-03-23T03:20:00.000Z,BOUV,X,variation,channel,21868.82078716139,nT
2026-03-23T03:21:00.000Z,BOUV,X,variation,channel,21868.54333065266,nT
2026-03-23T03:22:00.000Z,BOUV,X,variation,channel,21868.662934581556,nT
2026-03-23T03:23:00.000Z,BOUV,X,variation,channel,21869.138145271732,nT
2026-03-23T03:24:00.000Z,BOUV,X,variation,channel,21869.662779436447,nT
2026-03-23T03:25:00.000Z,BOUV,X,variation,channel,21870.910666347336,nT
2026-03-23T03:26:00.000Z,BOUV,X,variation,channel,21871.91484221227,nT
2026-03-23T03:27:00.000Z,BOUV,X,variation,channel,21871.947376799646,nT
2026-03-23T03:28:00.000Z,BOUV,X,variation,channel,21872.650594144714,nT
2026-03-23T03:29:00.000Z,BOUV,X,variation,channel,21872.99865503781,nT
2026-03-23T03:30:00.000Z,BOUV,X,variation,channel,21873.469935904413,nT
2026-03-23T03:31:00.000Z,BOUV,X,variation,channel,21874.136645828916,nT
2026-03-23T03:32:00.000Z,BOUV,X,variation,channel,21874.293053051308,nT
2026-03-23T03:33:00.000Z,BOUV,X,variation,channel,21874.63897855044,nT
2026-03-23T03:34:00.000Z,BOUV,X,variation,channel,21874.113310211644,nT
2026-03-23T03:35:00.000Z,BOUV,X,variation,channel,21873.557791921485,nT
2026-03-23T03:36:00.000Z,BOUV,X,variation,channel,21872.47724948975,nT
2026-03-23T03:37:00.000Z,BOUV,X,variation,channel,21872.50345446299,nT
2026-03-23T03:38:00.000Z,BOUV,X,variation,channel,21872.054117971857,nT
2026-03-23T03:39:00.000Z,BOUV,X,variation,channel,21871.25161729103,nT
2026-03-23T03:40:00.000Z,BOUV,X,variation,channel,21870.3492743187,nT
2026-03-23T03:41:00.000Z,BOUV,X,variation,channel,21869.46014643889,nT
2026-03-23T03:42:00.000Z,BOUV,X,variation,channel,21870.00260692266,nT
2026-03-23T03:43:00.000Z,BOUV,X,variation,channel,21870.817183996955,nT
2026-03-23T03:44:00.000Z,BOUV,X,variation,channel,21871.869367522002,nT
2026-03-23T03:45:00.000Z,BOUV,X,variation,channel,21872.493455323263,nT
2026-03-23T03:46:00.000Z,BOUV,X,variation,channel,21872.726984754092,nT
2026-03-23T03:47:00.000Z,BOUV,X,variation,channel,21871.946741923675,nT
2026-03-23T03:48:00.000Z,BOUV,X,variation,channel,21871.11749954942,nT
2026-03-23T03:49:00.000Z,BOUV,X,variation,channel,21871.15254757427,nT
2026-03-23T03:50:00.000Z,BOUV,X,variation,channel,21870.768763630123,nT
2026-03-23T03:51:00.000Z,BOUV,X,variation,channel,21869.558390085287,nT
2026-03-23T03:52:00.000Z,BOUV,X,variation,channel,21868.31580089604,nT
2026-03-23T03:53:00.000Z,BOUV,X,variation,channel,21867.78919711099,nT
2026-03-23T03:54:00.000Z,BOUV,X,variation,channel,21866.563280944545,nT
2026-03-23T03:55:00.000Z,BOUV,X,variation,channel,21865.13309007408,nT
2026-03-23T03:56:00.000Z,BOUV,X,variation,channel,21864.11935870952,nT
2026-03-23T03:57:00.000Z,BOUV,X,variation,channel,21863.175850538504,nT
2026-03-23T03:58:00.000Z,BOUV,X,variation,channel,21862.019709496333,nT
2026-03-23T03:59:00.000Z,BOUV,X,variation,channel,21860.5712544203,nT
2026-03-23T04:00:00.000Z,BOUV,X,variation,channel,21859.660597618196,nT
2026-03-23T04:01:00.000Z,BOUV,X,variation,channel,21858.65416704141,nT
2026-03-23T04:02:00.000Z,BOUV,X,variation,channel,21857.53822165586,nT
2026-03-23T04:03:00.000Z,BOUV,X,variation,channel,21856.59373904641,nT
2026-03-23T04:04:00.000Z,BOUV,X,variation,channel,21854.98774111782,nT
2026-03-23T04:05:00.000Z,BOUV,X,variation,channel,21853.711240747438,nT
2026-03-23T04:06:00.000Z,BOUV,X,variation,channel,21853.00315510091,nT
2026-03-23T04:07:00.000Z,BOUV,X,variation,channel,21852.58045175654,nT
2026-03-23T04:08:00.000Z,BOUV,X,variation,channel,21852.991017958266,nT
2026-03-23T04:09:00.000Z,BOUV,X,variation,channel,21853.15641408775,nT
2026-03-23T04:10:00.000Z,BOUV,X,variation,channel,21853.522153132715,nT
2026-03-23T04:11:00.000Z,BOUV,X,variation,channel,21854.25631674697,nT
2026-03-23T04:12:00.000Z,BOUV,X,variation,channel,21854.941400293777,nT
2026-03-23T04:13:00.000Z,BOUV,X,variation,channel,21855.68027865184,nT
2026-03-23T04:14:00.000Z,BOUV,X,variation,channel,21856.848326247164,nT
2026-03-23T04:15:00.000Z,BOUV,X,variation,channel,21857.541090284783,nT
2026-03-23T04:16:00.000Z,BOUV,X,variation,channel,21858.390906717657,nT
2026-03-23T04:17:00.000Z,BOUV,X,variation,channel,21859.496210046676,nT
2026-03-23T04:18:00.000Z,BOUV,X,variation,channel,21860.34674979256,nT
2026-03-23T04:19:00.000Z,BOUV,X,variation,channel,21860.908276990813,nT
2026-03-23T04:20:00.000Z,BOUV,X,variation,channel,21860.788099273002,nT
2026-03-23T04:21:00.000Z,BOUV,X,variation,channel,21860.502609620784,nT
2026-03-23T04:22:00.000Z,BOUV,X,variation,channel,21860.323500682458,nT
2026-03-23T04:23:00.000Z,BOUV,X,variation,channel,21860.11755113101,nT
2026-03-23T04:24:00.000Z,BOUV,X,variation,channel,21859.710332675495,nT
2026-03-23T04:25:00.000Z,BOUV,X,variation,channel,21859.374437512775,nT
2026-03-23T04:26:00.000Z,BOUV,X,variation,channel,21859.077333341134,nT
2026-03-23T04:27:00.000Z,BOUV,X,variation,channel,21858.696403267862,nT
2026-03-23T04:28:00.000Z,BOUV,X,variation,channel,21858.389035442786,nT
2026-03-23T04:29:00.000Z,BOUV,X,variation,channel,21857.246158814556,nT
2026-03-23T04:30:00.000Z,BOUV,X,variation,channel,21856.211607361565,nT
2026-03-23T04:31:00.000Z,BOUV,X,variation,channel,21854.876525001473,nT
2026-03-23T04:32:00.000Z,BOUV,X,variation,channel,21853.452924809775,nT
2026-03-23T04:33:00.000Z,BOUV,X,variation,channel,21852.24459008276,nT
2026-03-23T04:34:00.000Z,BOUV,X,variation,channel,21851.13480696644,nT
2026-03-23T04:35:00.000Z,BOUV,X,variation,channel,21850.163472153836,nT
2026-03-23T04:36:00.000Z,BOUV,X,variation,channel,21849.20297947392,nT
2026-03-23T04:37:00.000Z,BOUV,X,variation,channel,21847.87638923878,nT
2026-03-23T04:38:00.000Z,BOUV,X,variation,channel,21846.511024295258,nT
2026-03-23T04:39:00.000Z,BOUV,X,variation,channel,21845.73275623073,nT
2026-03-23T04:40:00.000Z,BOUV,X,variation,channel,21844.550557796625,nT
2026-03-23T04:41:00.000Z,BOUV,X,variation,channel,21843.50868248265,nT
2026-03-23T04:42:00.000Z,BOUV,X,variation,channel,21842.49323537151,nT
2026-03-23T04:43:00.000Z,BOUV,X,variation,channel,21841.365305191168,nT
2026-03-23T04:44:00.000Z,BOUV,X,variation,channel,21840.662992492125,nT
2026-03-23T04:45:00.000Z,BOUV,X,variation,channel,21840.263453177504,nT
2026-03-23T04:46:00.000Z,BOUV,X,variation,channel,21839.7126323025,nT
2026-03-23T04:47:00.000Z,BOUV,X,variation,channel,21839.55540652969,nT
2026-03-23T04:48:00.000Z,BOUV,X,variation,channel,21839.449819319896,nT
2026-03-23T04:49:00.000Z,BOUV,X,variation,channel,21839.625568425316,nT
2026-03-23T04:50:00.000Z,BOUV,X,variation,channel,21840.336982200217,nT
2026-03-23T04:51:00.000Z,BOUV,X,variation,channel,21841.14471797942,nT
2026-03-23T04:52:00.000Z,BOUV,X,variation,channel,21842.068328898906,nT
2026-03-23T04:53:00.000Z,BOUV,X,variation,channel,21843.085567046754,nT
2026-03-23T04:54:00.000Z,BOUV,X,variation,channel,21843.8378683176,nT
2026-03-23T04:55:00.000Z,BOUV,X,variation,channel,21844.274988597772,nT
2026-03-23T04:56:00.000Z,BOUV,X,variation,channel,21844.55847581538,nT
2026-03-23T04:57:00.000Z,BOUV,X,variation,channel,21844.847349319592,nT
2026-03-23T04:58:00.000Z,BOUV,X,variation,channel,21845.190377084487,nT
2026-03-23T04:59:00.000Z,BOUV,X,variation,channel,21845.692385132726,nT
2026-03-23T05:00:00.000Z,BOUV,X,variation,channel,21847.05511982617,nT
2026-03-23T05:01:00.000Z,BOUV,X,variation,channel,21848.56718162247,nT
2026-03-23T05:02:00.000Z,BOUV,X,variation,channel,21850.04954260755,nT
2026-03-23T05:03:00.000Z,BOUV,X,variation,channel,21851.348685378558,nT
2026-03-23T05:04:00.000Z,BOUV,X,variation,channel,21853.091143476613,nT
2026-03-23T05:05:00.000Z,BOUV,X,variation,channel,21854.51557704801,nT
2026-03-23T05:06:00.000Z,BOUV,X,variation,channel,21855.4188725209,nT
2026-03-23T05:07:00.000Z,BOUV,X,variation,channel,21855.357374012277,nT
2026-03-23T05:08:00.000Z,BOUV,X,variation,channel,21854.57278287979,nT
2026-03-23T05:09:00.000Z,BOUV,X,variation,channel,21854.126272451525,nT
2026-03-23T05:10:00.000Z,BOUV,X,variation,channel,21853.47701295289,nT
2026-03-23T05:11:00.000Z,BOUV,X,variation,channel,21852.08512265399,nT
2026-03-23T05:12:00.000Z,BOUV,X,variation,channel,21850.56318412705,nT
2026-03-23T05:13:00.000Z,BOUV,X,variation,channel,21849.452068440976,nT
2026-03-23T05:14:00.000Z,BOUV,X,variation,channel,21848.735806326153,nT
2026-03-23T05:15:00.000Z,BOUV,X,variation,channel,21848.381985218257,nT
2026-03-23T05:16:00.000Z,BOUV,X,variation,channel,21848.13971617681,nT
2026-03-23T05:17:00.000Z,BOUV,X,variation,channel,21848.23164205982,nT
2026-03-23T05:18:00.000Z,BOUV,X,variation,channel,21848.55873595769,nT
2026-03-23T05:19:00.000Z,BOUV,X,variation,channel,21848.357333157892,nT
2026-03-23T05:20:00.000Z,BOUV,X,variation,channel,21848.163080750808,nT
2026-03-23T05:21:00.000Z,BOUV,X,variation,channel,21848.166697052235,nT
2026-03-23T05:22:00.000Z,BOUV,X,variation,channel,21848.03273960995,nT
2026-03-23T05:23:00.000Z,BOUV,X,variation,channel,21847.81027129753,nT
2026-03-23T05:24:00.000Z,BOUV,X,variation,channel,21848.1941868684,nT
2026-03-23T05:25:00.000Z,BOUV,X,variation,channel,21849.133299094363,nT
2026-03-23T05:26:00.000Z,BOUV,X,variation,channel,21849.903349577187,nT
2026-03-23T05:27:00.000Z,BOUV,X,variation,channel,21850.696417406587,nT
2026-03-23T05:28:00.000Z,BOUV,X,variation,channel,21851.04431973879,nT
2026-03-23T05:29:00.000Z,BOUV,X,variation,channel,21851.130075956546,nT
2026-03-23T05:30:00.000Z,BOUV,X,variation,channel,21851.302336904522,nT
2026-03-23T05:31:00.000Z,BOUV,X,variation,channel,21851.75133265226,nT
2026-03-23T05:32:00.000Z,BOUV,X,variation,channel,21851.57679491311,nT
2026-03-23T05:33:00.000Z,BOUV,X,variation,channel,21850.752548444867,nT
2026-03-23T05:34:00.000Z,BOUV,X,variation,channel,21850.39429126634,nT
2026-03-23T05:35:00.000Z,BOUV,X,variation,channel,21850.02689243036,nT
2026-03-23T05:36:00.000Z,BOUV,X,variation,channel,21849.677639495276,nT
2026-03-23T05:37:00.000Z,BOUV,X,variation,channel,21849.037518863355,nT
2026-03-23T05:38:00.000Z,BOUV,X,variation,channel,21848.888230816065,nT
2026-03-23T05:39:00.000Z,BOUV,X,variation,channel,21848.623763455085,nT
2026-03-23T05:40:00.000Z,BOUV,X,variation,channel,21849.13752235743,nT
2026-03-23T05:41:00.000Z,BOUV,X,variation,channel,21849.503333716464,nT
2026-03-23T05:42:00.000Z,BOUV,X,variation,channel,21850.11579740687,nT
2026-03-23T05:43:00.000Z,BOUV,X,variation,channel,21850.848409810427,nT
2026-03-23T05:44:00.000Z,BOUV,X,variation,channel,21851.7756751835,nT
2026-03-23T05:45:00.000Z,BOUV,X,variation,channel,21852.610722684614,nT
2026-03-23T05:46:00.000Z,BOUV,X,variation,channel,21852.66983642997,nT
2026-03-23T05:47:00.000Z,BOUV,X,variation,channel,21852.249728068826,nT
2026-03-23T05:48:00.000Z,BOUV,X,variation,channel,21851.819323458807,nT
2026-03-23T05:49:00.000Z,BOUV,X,variation,channel,21851.325043189732,nT
2026-03-23T05:50:00.000Z,BOUV,X,variation,channel,21850.931210348375,nT
2026-03-23T05:51:00.000Z,BOUV,X,variation,channel,21850.89944199654,nT
2026-03-23T05:52:00.000Z,BOUV,X,variation,channel,21851.237658252634,nT
2026-03-23T05:53:00.000Z,BOUV,X,variation,channel,21851.962162129024,nT
2026-03-23T05:54:00.000Z,BOUV,X,variation,channel,21852.32789407325,nT
2026-03-23T05:55:00.000Z,BOUV,X,variation,channel,21852.279327022698,nT
2026-03-23T05:56:00.000Z,BOUV,X,variation,channel,21851.985809340924,nT
2026-03-23T05:57:00.000Z,BOUV,X,variation,channel,21851.81112324113,nT
2026-03-23T05:58:00.000Z,BOUV,X,variation,channel,21851.215018033985,nT
2026-03-23T05:59:00.000Z,BOUV,X,variation,channel,21850.60711619113,nT
2026-03-23T06:00:00.000Z,BOUV,X,variation,channel,21850.146811301325,nT
2026-03-23T06:01:00.000Z,BOUV,X,variation,channel,21850.175258009203,nT
2026-03-23T06:02:00.000Z,BOUV,X,variation,channel,21850.099945317543,nT
2026-03-23T06:03:00.000Z,BOUV,X,variation,channel,21850.799659638542,nT
2026-03-23T06:04:00.000Z,BOUV,X,variation,channel,21851.816745411994,nT
2026-03-23T06:05:00.000Z,BOUV,X,variation,channel,21852.297266421017,nT
2026-03-23T06:06:00.000Z,BOUV,X,variation,channel,21852.167760158485,nT
2026-03-23T06:07:00.000Z,BOUV,X,variation,channel,21851.98365744352,nT
2026-03-23T06:08:00.000Z,BOUV,X,variation,channel,21851.523039094034,nT
2026-03-23T06:09:00.000Z,BOUV,X,variation,channel,21851.163091917337,nT
2026-03-23T06:10:00.000Z,BOUV,X,variation,channel,21852.964055706903,nT
2026-03-23T06:11:00.000Z,BOUV,X,variation,channel,21856.236250652466,nT
2026-03-23T06:12:00.000Z,BOUV,X,variation,channel,21859.03193750319,nT
2026-03-23T06:13:00.000Z,BOUV,X,variation,channel,21860.40352831569,nT
2026-03-23T06:14:00.000Z,BOUV,X,variation,channel,21861.486065770187,nT
2026-03-23T06:15:00.000Z,BOUV,X,variation,channel,21861.440484711336,nT
2026-03-23T06:16:00.000Z,BOUV,X,variation,channel,21861.57693473139,nT
2026-03-23T06:17:00.000Z,BOUV,X,variation,channel,21862.052441995507,nT
2026-03-23T06:18:00.000Z,BOUV,X,variation,channel,21863.397892178346,nT
2026-03-23T06:19:00.000Z,BOUV,X,variation,channel,21865.18071895722,nT
2026-03-23T06:20:00.000Z,BOUV,X,variation,channel,21867.053510773763,nT
2026-03-23T06:21:00.000Z,BOUV,X,variation,channel,21870.026486531213,nT
2026-03-23T06:22:00.000Z,BOUV,X,variation,channel,21871.42097555502,nT
2026-03-23T06:23:00.000Z,BOUV,X,variation,channel,21872.841255612795,nT
2026-03-23T06:24:00.000Z,BOUV,X,variation,channel,21874.083548470127,nT
2026-03-23T06:25:00.000Z,BOUV,X,variation,channel,21876.563639268374,nT
2026-03-23T06:26:00.000Z,BOUV,X,variation,channel,21878.63861235477,nT
2026-03-23T06:27:00.000Z,BOUV,X,variation,channel,21881.046105512178,nT
2026-03-23T06:28:00.000Z,BOUV,X,variation,channel,21883.437106817266,nT
2026-03-23T06:29:00.000Z,BOUV,X,variation,channel,21885.66742421358,nT
2026-03-23T06:30:00.000Z,BOUV,X,variation,channel,21886.616606830165,nT
2026-03-23T06:31:00.000Z,BOUV,X,variation,channel,21887.392192442658,nT
2026-03-23T06:32:00.000Z,BOUV,X,variation,channel,21887.670247884485,nT
2026-03-23T06:33:00.000Z,BOUV,X,variation,channel,21887.25081216916,nT
2026-03-23T06:34:00.000Z,BOUV,X,variation,channel,21887.254325277452,nT
2026-03-23T06:35:00.000Z,BOUV,X,variation,channel,21887.14738730684,nT
2026-03-23T06:36:00.000Z,BOUV,X,variation,channel,21887.56268684278,nT
2026-03-23T06:37:00.000Z,BOUV,X,variation,channel,21888.400894937324,nT
2026-03-23T06:38:00.000Z,BOUV,X,variation,channel,21889.44096847515,nT
2026-03-23T06:39:00.000Z,BOUV,X,variation,channel,21888.895987640088,nT
2026-03-23T06:40:00.000Z,BOUV,X,variation,channel,21888.801477878216,nT
2026-03-23T06:41:00.000Z,BOUV,X,variation,channel,21887.84072162638,nT
2026-03-23T06:42:00.000Z,BOUV,X,variation,channel,21887.186503289322,nT
2026-03-23T06:43:00.000Z,BOUV,X,variation,channel,21886.829288091292,nT
2026-03-23T06:44:00.000Z,BOUV,X,variation,channel,21885.88850663321,nT
2026-03-23T06:45:00.000Z,BOUV,X,variation,channel,21885.90916832719,nT
2026-03-23T06:46:00.000Z,BOUV,X,variation,channel,21886.422755350606,nT
2026-03-23T06:47:00.000Z,BOUV,X,variation,channel,21886.09918797094,nT
2026-03-23T06:48:00.000Z,BOUV,X,variation,channel,21885.277812830744,nT
2026-03-23T06:49:00.000Z,BOUV,X,variation,channel,21885.185043908208,nT
2026-03-23T06:50:00.000Z,BOUV,X,variation,channel,21884.00164679984,nT
2026-03-23T06:51:00.000Z,BOUV,X,variation,channel,21882.993015369473,nT
2026-03-23T06:52:00.000Z,BOUV,X,variation,channel,21881.943329265814,nT
2026-03-23T06:53:00.000Z,BOUV,X,variation,channel,21880.60415736132,nT
2026-03-23T06:54:00.000Z,BOUV,X,variation,channel,21879.400173953498,nT
2026-03-23T06:55:00.000Z,BOUV,X,variation,channel,21878.380330339576,nT
2026-03-23T06:56:00.000Z,BOUV,X,variation,channel,21877.261081561137,nT
2026-03-23T06:57:00.000Z,BOUV,X,variation,channel,21877.01223807636,nT
2026-03-23T06:58:00.000Z,BOUV,X,variation,channel,21876.631916522558,nT
2026-03-23T06:59:00.000Z,BOUV,X,variation,channel,21876.333675584578,nT
2026-03-23T07:00:00.000Z,BOUV,X,variation,channel,21876.166737352327,nT
2026-03-23T07:01:00.000Z,BOUV,X,variation,channel,21875.82246729962,nT
2026-03-23T07:02:00.000Z,BOUV,X,variation,channel,21875.780589902643,nT
2026-03-23T07:03:00.000Z,BOUV,X,variation,channel,21875.784418459003,nT
2026-03-23T07:04:00.000Z,BOUV,X,variation,channel,21876.238416935368,nT
2026-03-23T07:05:00.000Z,BOUV,X,variation,channel,21876.5938838399,nT
2026-03-23T07:06:00.000Z,BOUV,X,variation,channel,21876.859971557307,nT
2026-03-23T07:07:00.000Z,BOUV,X,variation,channel,21876.85869935418,nT
2026-03-23T07:08:00.000Z,BOUV,X,variation,channel,21876.304145600603,nT
2026-03-23T07:09:00.000Z,BOUV,X,variation,channel,21876.01121990702,nT
2026-03-23T07:10:00.000Z,BOUV,X,variation,channel,21875.348336375995,nT
2026-03-23T07:11:00.000Z,BOUV,X,variation,channel,21875.195586678536,nT
2026-03-23T07:12:00.000Z,BOUV,X,variation,channel,21874.77392786423,nT
2026-03-23T07:13:00.000Z,BOUV,X,variation,channel,21873.686658099537,nT
2026-03-23T07:14:00.000Z,BOUV,X,variation,channel,21872.335796583884,nT
2026-03-23T07:15:00.000Z,BOUV,X,variation,channel,21871.612908009214,nT
2026-03-23T07:16:00.000Z,BOUV,X,variation,channel,21871.39697271488,nT
2026-03-23T07:17:00.000Z,BOUV,X,variation,channel,21871.291318623476,nT
2026-03-23T07:18:00.000Z,BOUV,X,variation,channel,21872.513228139203,nT
2026-03-23T07:19:00.000Z,BOUV,X,variation,channel,21873.551775478125,nT
2026-03-23T07:20:00.000Z,BOUV,X,variation,channel,21872.986144133774,nT
2026-03-23T07:21:00.000Z,BOUV,X,variation,channel,21872.311406226425,nT
2026-03-23T07:22:00.000Z,BOUV,X,variation,channel,21872.31991753448,nT
2026-03-23T07:23:00.000Z,BOUV,X,variation,channel,21872.365207079227,nT
2026-03-23T07:24:00.000Z,BOUV,X,variation,channel,21872.118809401374,nT
2026-03-23T07:25:00.000Z,BOUV,X,variation,channel,21872.06723844825,nT
2026-03-23T07:26:00.000Z,BOUV,X,variation,channel,21872.92905823543,nT
2026-03-23T07:27:00.000Z,BOUV,X,variation,channel,21873.164860246703,nT
2026-03-23T07:28:00.000Z,BOUV,X,variation,channel,21873.137701829233,nT
2026-03-23T07:29:00.000Z,BOUV,X,variation,channel,21872.9662591778,nT
2026-03-23T07:30:00.000Z,BOUV,X,variation,channel,21872.970130814203,nT
2026-03-23T07:31:00.000Z,BOUV,X,variation,channel,21873.272455813873,nT
2026-03-23T07:32:00.000Z,BOUV,X,variation,channel,21873.057494697012,nT
2026-03-23T07:33:00.000Z,BOUV,X,variation,channel,21873.086473219835,nT
2026-03-23T07:34:00.000Z,BOUV,X,variation,channel,21873.102210896348,nT
2026-03-23T07:35:00.000Z,BOUV,X,variation,channel,21873.564229526793,nT
2026-03-23T07:36:00.000Z,BOUV,X,variation,channel,21874.41181363881,nT
2026-03-23T07:37:00.000Z,BOUV,X,variation,channel,21874.991165763146,nT
2026-03-23T07:38:00.000Z,BOUV,X,variation,channel,21874.629043331923,nT
2026-03-23T07:39:00.000Z,BOUV,X,variation,channel,21874.656199701072,nT
2026-03-23T07:40:00.000Z,BOUV,X,variation,channel,21874.620980547614,nT
2026-03-23T07:41:00.000Z,BOUV,X,variation,channel,21874.561202223136,nT
2026-03-23T07:42:00.000Z,BOUV,X,variation,channel,21874.59990366316,nT
2026-03-23T07:43:00.000Z,BOUV,X,variation,channel,21874.418234432902,nT
2026-03-23T07:44:00.000Z,BOUV,X,variation,channel,21873.8488089519,nT
2026-03-23T07:45:00.000Z,BOUV,X,variation,channel,21873.20954643437,nT
2026-03-23T07:46:00.000Z,BOUV,X,variation,channel,21872.564974292487,nT
2026-03-23T07:47:00.000Z,BOUV,X,variation,channel,21871.83217018717,nT
2026-03-23T07:48:00.000Z,BOUV,X,variation,channel,21871.19486810564,nT
2026-03-23T07:49:00.000Z,BOUV,X,variation,channel,21870.71443219639,nT
2026-03-23T07:50:00.000Z,BOUV,X,variation,channel,21870.696900011208,nT
2026-03-23T07:51:00.000Z,BOUV,X,variation,channel,21870.256314026377,nT
2026-03-23T07:52:00.000Z,BOUV,X,variation,channel,21869.80787980237,nT
2026-03-23T07:53:00.000Z,BOUV,X,variation,channel,21869.761616057825,nT
2026-03-23T07:54:00.000Z,BOUV,X,variation,channel,21870.712761165923,nT
2026-03-23T07:55:00.000Z,BOUV,X,variation,channel,21871.88118939756,nT
2026-03-23T07:56:00.000Z,BOUV,X,variation,channel,21873.36267337998,nT
2026-03-23T07:57:00.000Z,BOUV,X,variation,channel,21874.549386078634,nT
2026-03-23T07:58:00.000Z,BOUV,X,variation,channel,21875.855410010456,nT
2026-03-23T07:59:00.000Z,BOUV,X,variation,channel,21876.896330690895,nT
2026-03-23T08:00:00.000Z,BOUV,X,variation,channel,21878.007351068758,nT
2026-03-23T08:01:00.000Z,BOUV,X,variation,channel,21878.938932403944,nT
2026-03-23T08:02:00.000Z,BOUV,X,variation,channel,21879.385891792685,nT
2026-03-23T08:03:00.000Z,BOUV,X,variation,channel,21879.54098079528,nT
2026-03-23T08:04:00.000Z,BOUV,X,variation,channel,21879.360038709237,nT
2026-03-23T08:05:00.000Z,BOUV,X,variation,channel,21878.400287573128,nT
2026-03-23T08:06:00.000Z,BOUV,X,variation,channel,21877.569216064458,nT
2026-03-23T08:07:00.000Z,BOUV,X,variation,channel,21876.656801743517,nT
2026-03-23T08:08:00.000Z,BOUV,X,variation,channel,21876.08714733336,nT
2026-03-23T08:09:00.000Z,BOUV,X,variation,channel,21876.04617208524,nT
2026-03-23T08:10:00.000Z,BOUV,X,variation,channel,21877.387469113888,nT
2026-03-23T08:11:00.000Z,BOUV,X,variation,channel,21878.705424563566,nT
2026-03-23T08:12:00.000Z,BOUV,X,variation,channel,21880.09141809474,nT
2026-03-23T08:13:00.000Z,BOUV,X,variation,channel,21881.00089324196,nT
2026-03-23T08:14:00.000Z,BOUV,X,variation,channel,21881.208337758493,nT
2026-03-23T08:15:00.000Z,BOUV,X,variation,channel,21880.313297840847,nT
2026-03-23T08:16:00.000Z,BOUV,X,variation,channel,21879.82610170375,nT
2026-03-23T08:17:00.000Z,BOUV,X,variation,channel,21879.930911965963,nT
2026-03-23T08:18:00.000Z,BOUV,X,variation,channel,21879.813632234687,nT
2026-03-23T08:19:00.000Z,BOUV,X,variation,channel,21879.776481099114,nT
2026-03-23T08:20:00.000Z,BOUV,X,variation,channel,21879.933329861906,nT
2026-03-23T08:21:00.000Z,BOUV,X,variation,channel,21879.87177919524,nT
2026-03-23T08:22:00.000Z,BOUV,X,variation,channel,21879.77741055223,nT
2026-03-23T08:23:00.000Z,BOUV,X,variation,channel,21879.176193845313,nT
2026-03-23T08:24:00.000Z,BOUV,X,variation,channel,21879.40639527963,nT
2026-03-23T08:25:00.000Z,BOUV,X,variation,channel,21879.84635009448,nT
2026-03-23T08:26:00.000Z,BOUV,X,variation,channel,21879.953801563013,nT
2026-03-23T08:27:00.000Z,BOUV,X,variation,channel,21879.895867564952,nT
2026-03-23T08:28:00.000Z,BOUV,X,variation,channel,21879.68344613722,nT
2026-03-23T08:29:00.000Z,BOUV,X,variation,channel,21879.56408870825,nT
2026-03-23T08:30:00.000Z,BOUV,X,variation,channel,21879.829256367564,nT
2026-03-23T08:31:00.000Z,BOUV,X,variation,channel,21879.23956645361,nT
2026-03-23T08:32:00.000Z,BOUV,X,variation,channel,21878.57879815116,nT
2026-03-23T08:33:00.000Z,BOUV,X,variation,channel,21878.242676892572,nT
2026-03-23T08:34:00.000Z,BOUV,X,variation,channel,21877.19681513275,nT
2026-03-23T08:35:00.000Z,BOUV,X,variation,channel,21876.50203144103,nT
2026-03-23T08:36:00.000Z,BOUV,X,variation,channel,21876.050426621056,nT
2026-03-23T08:37:00.000Z,BOUV,X,variation,channel,21875.59676226756,nT
2026-03-23T08:38:00.000Z,BOUV,X,variation,channel,21875.280850796058,nT
2026-03-23T08:39:00.000Z,BOUV,X,variation,channel,21874.855530693356,nT
2026-03-23T08:40:00.000Z,BOUV,X,variation,channel,21874.88022216292,nT
2026-03-23T08:41:00.000Z,BOUV,X,variation,channel,21874.308502067943,nT
2026-03-23T08:42:00.000Z,BOUV,X,variation,channel,21873.34223734702,nT
2026-03-23T08:43:00.000Z,BOUV,X,variation,channel,21872.921423215794,nT
2026-03-23T08:44:00.000Z,BOUV,X,variation,channel,21872.977986243885,nT
2026-03-23T08:45:00.000Z,BOUV,X,variation,channel,21873.177717892424,nT
2026-03-23T08:46:00.000Z,BOUV,X,variation,channel,21873.406855967944,nT
2026-03-23T08:47:00.000Z,BOUV,X,variation,channel,21874.15310826834,nT
2026-03-23T08:48:00.000Z,BOUV,X,variation,channel,21874.769217090572,nT
2026-03-23T08:49:00.000Z,BOUV,X,variation,channel,21874.777995814744,nT
2026-03-23T08:50:00.000Z,BOUV,X,variation,channel,21874.73530823529,nT
2026-03-23T08:51:00.000Z,BOUV,X,variation,channel,21874.59509968722,nT
2026-03-23T08:52:00.000Z,BOUV,X,variation,channel,21874.46075626092,nT
2026-03-23T08:53:00.000Z,BOUV,X,variation,channel,21874.255747543633,nT
2026-03-23T08:54:00.000Z,BOUV,X,variation,channel,21873.94090273101,nT
2026-03-23T08:55:00.000Z,BOUV,X,variation,channel,21873.93471091068,nT
2026-03-23T08:56:00.000Z,BOUV,X,variation,channel,21873.71452927005,nT
2026-03-23T08:57:00.000Z,BOUV,X,variation,channel,21873.19321478214,nT
2026-03-23T08:58:00.000Z,BOUV,X,variation,channel,21872.737612623674,nT
2026-03-23T08:59:00.000Z,BOUV,X,variation,channel,21872.449803835385,nT
2026-03-23T09:00:00.000Z,BOUV,X,variation,channel,21872.17689310138,nT
2026-03-23T09:01:00.000Z,BOUV,X,variation,channel,21871.684815419594,nT
2026-03-23T09:02:00.000Z,BOUV,X,variation,channel,21871.504153478778,nT
2026-03-23T09:03:00.000Z,BOUV,X,variation,channel,21871.601166399603,nT
2026-03-23T09:04:00.000Z,BOUV,X,variation,channel,21872.07159017863,nT
2026-03-23T09:05:00.000Z,BOUV,X,variation,channel,21872.491364901558,nT
2026-03-23T09:06:00.000Z,BOUV,X,variation,channel,21872.47071483325,nT
2026-03-23T09:07:00.000Z,BOUV,X,variation,channel,21872.32932129038,nT
2026-03-23T09:08:00.000Z,BOUV,X,variation,channel,21872.014280736457,nT
2026-03-23T09:09:00.000Z,BOUV,X,variation,channel,21871.8849677981,nT
2026-03-23T09:10:00.000Z,BOUV,X,variation,channel,21871.839146435694,nT
2026-03-23T09:11:00.000Z,BOUV,X,variation,channel,21871.90926090531,nT
2026-03-23T09:12:00.000Z,BOUV,X,variation,channel,21872.00303978418,nT
2026-03-23T09:13:00.000Z,BOUV,X,variation,channel,21872.270195819536,nT
2026-03-23T09:14:00.000Z,BOUV,X,variation,channel,21872.82907220242,nT
2026-03-23T09:15:00.000Z,BOUV,X,variation,channel,21873.523017802654,nT
2026-03-23T09:16:00.000Z,BOUV,X,variation,channel,21873.801537433792,nT
2026-03-23T09:17:00.000Z,BOUV,X,variation,channel,21873.329622329955,nT
2026-03-23T09:18:00.000Z,BOUV,X,variation,channel,21872.77290347649,nT
2026-03-23T09:19:00.000Z,BOUV,X,variation,channel,21872.246419636373,nT
2026-03-23T09:20:00.000Z,BOUV,X,variation,channel,21872.09902167602,nT
2026-03-23T09:21:00.000Z,BOUV,X,variation,channel,21871.960643348004,nT
2026-03-23T09:22:00.000Z,BOUV,X,variation,channel,21871.57376598016,nT
2026-03-23T09:23:00.000Z,BOUV,X,variation,channel,21871.100372224733,nT
2026-03-23T09:24:00.000Z,BOUV,X,variation,channel,21870.776680385196,nT
2026-03-23T09:25:00.000Z,BOUV,X,variation,channel,21870.311489053754,nT
2026-03-23T09:26:00.000Z,BOUV,X,variation,channel,21869.906713355707,nT
2026-03-23T09:27:00.000Z,BOUV,X,variation,channel,21869.52891952206,nT
2026-03-23T09:28:00.000Z,BOUV,X,variation,channel,21869.07411535862,nT
2026-03-23T09:29:00.000Z,BOUV,X,variation,channel,21868.30657923408,nT
2026-03-23T09:30:00.000Z,BOUV,X,variation,channel,21867.717105340922,nT
2026-03-23T09:31:00.000Z,BOUV,X,variation,channel,21867.24589071855,nT
2026-03-23T09:32:00.000Z,BOUV,X,variation,channel,21866.952188724972,nT
2026-03-23T09:33:00.000Z,BOUV,X,variation,channel,21866.654236543895,nT
2026-03-23T09:34:00.000Z,BOUV,X,variation,channel,21866.218878161486,nT
2026-03-23T09:35:00.000Z,BOUV,X,variation,channel,21865.953710728856,nT
2026-03-23T09:36:00.000Z,BOUV,X,variation,channel,21865.717426015508,nT
2026-03-23T09:37:00.000Z,BOUV,X,variation,channel,21865.89846498229,nT
2026-03-23T09:38:00.000Z,BOUV,X,variation,channel,21866.405340412715,nT
2026-03-23T09:39:00.000Z,BOUV,X,variation,channel,21866.932029635926,nT
2026-03-23T09:40:00.000Z,BOUV,X,variation,channel,21867.225457495224,nT
2026-03-23T09:41:00.000Z,BOUV,X,variation,channel,21867.871836235976,nT
2026-03-23T09:42:00.000Z,BOUV,X,variation,channel,21868.773096766516,nT
2026-03-23T09:43:00.000Z,BOUV,X,variation,channel,21868.9546635705,nT
2026-03-23T09:44:00.000Z,BOUV,X,variation,channel,21868.831992853186,nT
2026-03-23T09:45:00.000Z,BOUV,X,variation,channel,21868.490361480308,nT
2026-03-23T09:46:00.000Z,BOUV,X,variation,channel,21867.98789134809,nT
2026-03-23T09:47:00.000Z,BOUV,X,variation,channel,21867.4725198705,nT
2026-03-23T09:48:00.000Z,BOUV,X,variation,channel,21867.27736694922,nT
2026-03-23T09:49:00.000Z,BOUV,X,variation,channel,21867.3853735074,nT
2026-03-23T09:50:00.000Z,BOUV,X,variation,channel,21868.179804256364,nT
2026-03-23T09:51:00.000Z,BOUV,X,variation,channel,21868.938151317303,nT
2026-03-23T09:52:00.000Z,BOUV,X,variation,channel,21869.15298067291,nT
2026-03-23T09:53:00.000Z,BOUV,X,variation,channel,21869.142726636237,nT
2026-03-23T09:54:00.000Z,BOUV,X,variation,channel,21868.806137807263,nT
2026-03-23T09:55:00.000Z,BOUV,X,variation,channel,21868.64084814378,nT
2026-03-23T09:56:00.000Z,BOUV,X,variation,channel,21868.958034092982,nT
2026-03-23T09:57:00.000Z,BOUV,X,variation,channel,21869.148009779106,nT
2026-03-23T09:58:00.000Z,BOUV,X,variation,channel,21868.50375855548,nT
2026-03-23T09:59:00.000Z,BOUV,X,variation,channel,21867.682618081486,nT
2026-03-23T10:00:00.000Z,BOUV,X,variation,channel,21867.30081658827,nT
2026-03-23T10:01:00.000Z,BOUV,X,variation,channel,21867.256781358246,nT
2026-03-23T10:02:00.000Z,BOUV,X,variation,channel,21866.791712342143,nT
2026-03-23T10:03:00.000Z,BOUV,X,variation,channel,21866.511666812967,nT
2026-03-23T10:04:00.000Z,BOUV,X,variation,channel,21865.93979457737,nT
2026-03-23T10:05:00.000Z,BOUV,X,variation,channel,21865.197882289296,nT
2026-03-23T10:06:00.000Z,BOUV,X,variation,channel,21864.421970964046,nT
2026-03-23T10:07:00.000Z,BOUV,X,variation,channel,21864.055322151617,nT
2026-03-23T10:08:00.000Z,BOUV,X,variation,channel,21863.990718333083,nT
2026-03-23T10:09:00.000Z,BOUV,X,variation,channel,21863.62701906201,nT
2026-03-23T10:10:00.000Z,BOUV,X,variation,channel,21863.442406903912,nT
2026-03-23T10:11:00.000Z,BOUV,X,variation,channel,21863.43671529885,nT
2026-03-23T10:12:00.000Z,BOUV,X,variation,channel,21863.325375220265,nT
2026-03-23T10:13:00.000Z,BOUV,X,variation,channel,21863.48335368373,nT
2026-03-23T10:14:00.000Z,BOUV,X,variation,channel,21863.329360052707,nT
2026-03-23T10:15:00.000Z,BOUV,X,variation,channel,21862.861551572474,nT
2026-03-23T10:16:00.000Z,BOUV,X,variation,channel,21862.610293605878,nT
2026-03-23T10:17:00.000Z,BOUV,X,variation,channel,21862.6562686634,nT
2026-03-23T10:18:00.000Z,BOUV,X,variation,channel,21862.949382119325,nT
2026-03-23T10:19:00.000Z,BOUV,X,variation,channel,21863.592917271828,nT
2026-03-23T10:20:00.000Z,BOUV,X,variation,channel,21864.34798517809,nT
2026-03-23T10:21:00.000Z,BOUV,X,variation,channel,21865.401318168788,nT
2026-03-23T10:22:00.000Z,BOUV,X,variation,channel,21866.7561253833,nT
2026-03-23T10:23:00.000Z,BOUV,X,variation,channel,21868.272600086366,nT
2026-03-23T10:24:00.000Z,BOUV,X,variation,channel,21868.150297450255,nT
2026-03-23T10:25:00.000Z,BOUV,X,variation,channel,21867.272977146265,nT
2026-03-23T10:26:00.000Z,BOUV,X,variation,channel,21866.418281642982,nT
2026-03-23T10:27:00.000Z,BOUV,X,variation,channel,21865.91705389531,nT
2026-03-23T10:28:00.000Z,BOUV,X,variation,channel,21866.350344424813,nT
2026-03-23T10:29:00.000Z,BOUV,X,variation,channel,21866.712507634278,nT
2026-03-23T10:30:00.000Z,BOUV,X,variation,channel,21866.78768248988,nT
2026-03-23T10:31:00.000Z,BOUV,X,variation,channel,21866.39448134181,nT
2026-03-23T10:32:00.000Z,BOUV,X,variation,channel,21866.059577607528,nT
2026-03-23T10:33:00.000Z,BOUV,X,variation,channel,21865.872954556155,nT
2026-03-23T10:34:00.000Z,BOUV,X,variation,channel,21865.238688978814,nT
2026-03-23T10:35:00.000Z,BOUV,X,variation,channel,21865.084999726598,nT
2026-03-23T10:36:00.000Z,BOUV,X,variation,channel,21864.75463378543,nT
2026-03-23T10:37:00.000Z,BOUV,X,variation,channel,21864.825558094286,nT
2026-03-23T10:38:00.000Z,BOUV,X,variation,channel,21865.057389904585,nT
2026-03-23T10:39:00.000Z,BOUV,X,variation,channel,21864.95865857651,nT
2026-03-23T10:40:00.000Z,BOUV,X,variation,channel,21864.589637463632,nT
2026-03-23T10:41:00.000Z,BOUV,X,variation,channel,21864.49586095712,nT
2026-03-23T10:42:00.000Z,BOUV,X,variation,channel,21864.737350904783,nT
2026-03-23T10:43:00.000Z,BOUV,X,variation,channel,21865.138336116015,nT
2026-03-23T10:44:00.000Z,BOUV,X,variation,channel,21865.468171317167,nT
2026-03-23T10:45:00.000Z,BOUV,X,variation,channel,21865.75128756865,nT
2026-03-23T10:46:00.000Z,BOUV,X,variation,channel,21866.17814153909,nT
2026-03-23T10:47:00.000Z,BOUV,X,variation,channel,21866.619225565668,nT
2026-03-23T10:48:00.000Z,BOUV,X,variation,channel,21867.16131878802,nT
2026-03-23T10:49:00.000Z,BOUV,X,variation,channel,21867.462426917096,nT
2026-03-23T10:50:00.000Z,BOUV,X,variation,channel,21867.661613243454,nT
2026-03-23T10:51:00.000Z,BOUV,X,variation,channel,21867.77708604856,nT
2026-03-23T10:52:00.000Z,BOUV,X,variation,channel,21867.682972343147,nT
2026-03-23T10:53:00.000Z,BOUV,X,variation,channel,21867.30797964887,nT
2026-03-23T10:54:00.000Z,BOUV,X,variation,channel,21866.926378809647,nT
2026-03-23T10:55:00.000Z,BOUV,X,variation,channel,21866.951779052102,nT
2026-03-23T10:56:00.000Z,BOUV,X,variation,channel,21866.99961363624,nT
2026-03-23T10:57:00.000Z,BOUV,X,variation,channel,21867.253785201538,nT
2026-03-23T10:58:00.000Z,BOUV,X,variation,channel,21867.53843620541,nT
2026-03-23T10:59:00.000Z,BOUV,X,variation,channel,21867.76286238472,nT
2026-03-23T11:00:00.000Z,BOUV,X,variation,channel,21868.029175525466,nT
2026-03-23T11:01:00.000Z,BOUV,X,variation,channel,21868.443710463842,nT
2026-03-23T11:02:00.000Z,BOUV,X,variation,channel,21869.11614531049,nT
2026-03-23T11:03:00.000Z,BOUV,X,variation,channel,21869.379890947388,nT
2026-03-23T11:04:00.000Z,BOUV,X,variation,channel,21869.2534708803,nT
2026-03-23T11:05:00.000Z,BOUV,X,variation,channel,21869.22600594079,nT
2026-03-23T11:06:00.000Z,BOUV,X,variation,channel,21868.80916349927,nT
2026-03-23T11:07:00.000Z,BOUV,X,variation,channel,21868.025774139678,nT
2026-03-23T11:08:00.000Z,BOUV,X,variation,channel,21867.38364004229,nT
2026-03-23T11:09:00.000Z,BOUV,X,variation,channel,21866.570009131647,nT
2026-03-23T11:10:00.000Z,BOUV,X,variation,channel,21866.274703234314,nT
2026-03-23T11:11:00.000Z,BOUV,X,variation,channel,21866.17443252996,nT
2026-03-23T11:12:00.000Z,BOUV,X,variation,channel,21865.793090642164,nT
2026-03-23T11:13:00.000Z,BOUV,X,variation,channel,21865.591571389064,nT
2026-03-23T11:14:00.000Z,BOUV,X,variation,channel,21865.82917354751,nT
2026-03-23T11:15:00.000Z,BOUV,X,variation,channel,21865.726693885903,nT
2026-03-23T11:16:00.000Z,BOUV,X,variation,channel,21864.92107218547,nT
2026-03-23T11:17:00.000Z,BOUV,X,variation,channel,21864.431679387122,nT
2026-03-23T11:18:00.000Z,BOUV,X,variation,channel,21864.758995540655,nT
2026-03-23T11:19:00.000Z,BOUV,X,variation,channel,21864.680787816495,nT
2026-03-23T11:20:00.000Z,BOUV,X,variation,channel,21864.95851463157,nT
2026-03-23T11:21:00.000Z,BOUV,X,variation,channel,21865.568277775066,nT
2026-03-23T11:22:00.000Z,BOUV,X,variation,channel,21866.360591319568,nT
2026-03-23T11:23:00.000Z,BOUV,X,variation,channel,21866.742923120255,nT
2026-03-23T11:24:00.000Z,BOUV,X,variation,channel,21866.647554662843,nT
2026-03-23T11:25:00.000Z,BOUV,X,variation,channel,21866.304892797678,nT
2026-03-23T11:26:00.000Z,BOUV,X,variation,channel,21866.29793621491,nT
2026-03-23T11:27:00.000Z,BOUV,X,variation,channel,21866.646602379362,nT
2026-03-23T11:28:00.000Z,BOUV,X,variation,channel,21866.448556720832,nT
2026-03-23T11:29:00.000Z,BOUV,X,variation,channel,21866.338915960812,nT
2026-03-23T11:30:00.000Z,BOUV,X,variation,channel,21866.280753221316,nT
2026-03-23T11:31:00.000Z,BOUV,X,variation,channel,21866.00617844644,nT
2026-03-23T11:32:00.000Z,BOUV,X,variation,channel,21866.55500807624,nT
2026-03-23T11:33:00.000Z,BOUV,X,variation,channel,21866.259979341175,nT
2026-03-23T11:34:00.000Z,BOUV,X,variation,channel,21866.287375673764,nT
2026-03-23T11:35:00.000Z,BOUV,X,variation,channel,21866.562158068537,nT
2026-03-23T11:36:00.000Z,BOUV,X,variation,channel,21866.766680708566,nT
2026-03-23T11:37:00.000Z,BOUV,X,variation,channel,21866.951183881796,nT
2026-03-23T11:38:00.000Z,BOUV,X,variation,channel,21867.077062275457,nT
2026-03-23T11:39:00.000Z,BOUV,X,variation,channel,21866.811537535254,nT
2026-03-23T11:40:00.000Z,BOUV,X,variation,channel,21866.545414341683,nT
2026-03-23T11:41:00.000Z,BOUV,X,variation,channel,21866.280094489346,nT
2026-03-23T11:42:00.000Z,BOUV,X,variation,channel,21865.82647896618,nT
2026-03-23T11:43:00.000Z,BOUV,X,variation,channel,21865.61377880462,nT
2026-03-23T11:44:00.000Z,BOUV,X,variation,channel,21865.3331599666,nT
2026-03-23T11:45:00.000Z,BOUV,X,variation,channel,21865.018140164597,nT
2026-03-23T11:46:00.000Z,BOUV,X,variation,channel,21864.218008942957,nT
2026-03-23T11:47:00.000Z,BOUV,X,variation,channel,21863.44409091287,nT
2026-03-23T11:48:00.000Z,BOUV,X,variation,channel,21862.70279784649,nT
2026-03-23T11:49:00.000Z,BOUV,X,variation,channel,21862.370089681517,nT
2026-03-23T11:50:00.000Z,BOUV,X,variation,channel,21862.532348949022,nT
2026-03-23T11:51:00.000Z,BOUV,X,variation,channel,21862.824086052045,nT
2026-03-23T11:52:00.000Z,BOUV,X,variation,channel,21863.30245296442,nT
2026-03-23T11:53:00.000Z,BOUV,X,variation,channel,21863.020662644773,nT
2026-03-23T11:54:00.000Z,BOUV,X,variation,channel,21862.285379121095,nT
2026-03-23T11:55:00.000Z,BOUV,X,variation,channel,21862.155652624602,nT
2026-03-23T11:56:00.000Z,BOUV,X,variation,channel,21861.855987311992,nT
2026-03-23T11:57:00.000Z,BOUV,X,variation,channel,21861.666507203172,nT
2026-03-23T11:58:00.000Z,BOUV,X,variation,channel,21861.628622766017,nT
2026-03-23T11:59:00.000Z,BOUV,X,variation,channel,21862.422009770296,nT
2026-03-23T12:00:00.000Z,BOUV,X,variation,channel,21862.537497544105,nT
2026-03-23T12:01:00.000Z,BOUV,X,variation,channel,21861.771973070445,nT
2026-03-23T12:02:00.000Z,BOUV,X,variation,channel,21861.23963152843,nT
2026-03-23T12:03:00.000Z,BOUV,X,variation,channel,21861.1110247007,nT
2026-03-23T12:04:00.000Z,BOUV,X,variation,channel,21860.998201028568,nT
2026-03-23T12:05:00.000Z,BOUV,X,variation,channel,21860.526561929793,nT
2026-03-23T12:06:00.000Z,BOUV,X,variation,channel,21860.265474224267,nT
2026-03-23T12:07:00.000Z,BOUV,X,variation,channel,21860.41047168337,nT
2026-03-23T12:08:00.000Z,BOUV,X,variation,channel,21860.640074336254,nT
2026-03-23T12:09:00.000Z,BOUV,X,variation,channel,21860.722714193056,nT
2026-03-23T12:10:00.000Z,BOUV,X,variation,channel,21860.641579707968,nT
2026-03-23T12:11:00.000Z,BOUV,X,variation,channel,21861.035619026363,nT
2026-03-23T12:12:00.000Z,BOUV,X,variation,channel,21861.777216985,nT
2026-03-23T12:13:00.000Z,BOUV,X,variation,channel,21861.67109573193,nT
2026-03-23T12:14:00.000Z,BOUV,X,variation,channel,21862.007091877986,nT
2026-03-23T12:15:00.000Z,BOUV,X,variation,channel,21862.5581532471,nT
2026-03-23T12:16:00.000Z,BOUV,X,variation,channel,21863.191650248926,nT
2026-03-23T12:17:00.000Z,BOUV,X,variation,channel,21863.718833238785,nT
2026-03-23T12:18:00.000Z,BOUV,X,variation,channel,21864.108083912142,nT
2026-03-23T12:19:00.000Z,BOUV,X,variation,channel,21864.29432041418,nT
2026-03-23T12:20:00.000Z,BOUV,X,variation,channel,21864.74238797652,nT
2026-03-23T12:21:00.000Z,BOUV,X,variation,channel,21865.506128101173,nT
2026-03-23T12:22:00.000Z,BOUV,X,variation,channel,21866.165593399473,nT
2026-03-23T12:23:00.000Z,BOUV,X,variation,channel,21866.24677513313,nT
2026-03-23T12:24:00.000Z,BOUV,X,variation,channel,21866.402927463765,nT
2026-03-23T12:25:00.000Z,BOUV,X,variation,channel,21866.58167137083,nT
2026-03-23T12:26:00.000Z,BOUV,X,variation,channel,21866.614700501566,nT
2026-03-23T12:27:00.000Z,BOUV,X,variation,channel,21866.32072265072,nT
2026-03-23T12:28:00.000Z,BOUV,X,variation,channel,21866.082820793552,nT
2026-03-23T12:29:00.000Z,BOUV,X,variation,channel,21865.939587528475,nT
2026-03-23T12:30:00.000Z,BOUV,X,variation,channel,21865.821611860374,nT
2026-03-23T12:31:00.000Z,BOUV,X,variation,channel,21865.764119581352,nT
2026-03-23T12:32:00.000Z,BOUV,X,variation,channel,21866.4506103077,nT
2026-03-23T12:33:00.000Z,BOUV,X,variation,channel,21867.084425100984,nT
2026-03-23T12:34:00.000Z,BOUV,X,variation,channel,21866.75994494366,nT
2026-03-23T12:35:00.000Z,BOUV,X,variation,channel,21867.155611597194,nT
2026-03-23T12:36:00.000Z,BOUV,X,variation,channel,21867.54915759391,nT
2026-03-23T12:37:00.000Z,BOUV,X,variation,channel,21868.691328837544,nT
2026-03-23T12:38:00.000Z,BOUV,X,variation,channel,21870.20414354803,nT
2026-03-23T12:39:00.000Z,BOUV,X,variation,channel,21871.57626309963,nT
2026-03-23T12:40:00.000Z,BOUV,X,variation,channel,21872.959808369404,nT
2026-03-23T12:41:00.000Z,BOUV,X,variation,channel,21873.94914889182,nT
2026-03-23T12:42:00.000Z,BOUV,X,variation,channel,21872.99631466827,nT
2026-03-23T12:43:00.000Z,BOUV,X,variation,channel,21872.52541447184,nT
2026-03-23T12:44:00.000Z,BOUV,X,variation,channel,21872.777169234974,nT
2026-03-23T12:45:00.000Z,BOUV,X,variation,channel,21872.640614691885,nT
2026-03-23T12:46:00.000Z,BOUV,X,variation,channel,21872.24301891403,nT
2026-03-23T12:47:00.000Z,BOUV,X,variation,channel,21872.225981341802,nT
2026-03-23T12:48:00.000Z,BOUV,X,variation,channel,21872.189893670835,nT
2026-03-23T12:49:00.000Z,BOUV,X,variation,channel,21872.51773477389,nT
2026-03-23T12:50:00.000Z,BOUV,X,variation,channel,21872.327328191648,nT
2026-03-23T12:51:00.000Z,BOUV,X,variation,channel,21871.312909162505,nT
2026-03-23T12:52:00.000Z,BOUV,X,variation,channel,21870.965767994305,nT
2026-03-23T12:53:00.000Z,BOUV,X,variation,channel,21871.217867719686,nT
2026-03-23T12:54:00.000Z,BOUV,X,variation,channel,21871.309416777145,nT
2026-03-23T12:55:00.000Z,BOUV,X,variation,channel,21871.31670020645,nT
2026-03-23T12:56:00.000Z,BOUV,X,variation,channel,21871.265624591157,nT
2026-03-23T12:57:00.000Z,BOUV,X,variation,channel,21871.15496070855,nT
2026-03-23T12:58:00.000Z,BOUV,X,variation,channel,21871.478270264106,nT
2026-03-23T12:59:00.000Z,BOUV,X,variation,channel,21872.056390489364,nT
2026-03-23T13:00:00.000Z,BOUV,X,variation,channel,21872.68599889505,nT
2026-03-23T13:01:00.000Z,BOUV,X,variation,channel,21873.379240210572,nT
2026-03-23T13:02:00.000Z,BOUV,X,variation,channel,21873.89082701508,nT
2026-03-23T13:03:00.000Z,BOUV,X,variation,channel,21874.210428480055,nT
2026-03-23T13:04:00.000Z,BOUV,X,variation,channel,21874.109129858138,nT
2026-03-23T13:05:00.000Z,BOUV,X,variation,channel,21874.55400964464,nT
2026-03-23T13:06:00.000Z,BOUV,X,variation,channel,21875.13084397564,nT
2026-03-23T13:07:00.000Z,BOUV,X,variation,channel,21875.347985725355,nT
2026-03-23T13:08:00.000Z,BOUV,X,variation,channel,21875.28646977921,nT
2026-03-23T13:09:00.000Z,BOUV,X,variation,channel,21875.647493338973,nT
2026-03-23T13:10:00.000Z,BOUV,X,variation,channel,21875.416980732847,nT
2026-03-23T13:11:00.000Z,BOUV,X,variation,channel,21874.326483377885,nT
2026-03-23T13:12:00.000Z,BOUV,X,variation,channel,21873.524470686116,nT
2026-03-23T13:13:00.000Z,BOUV,X,variation,channel,21873.230333113974,nT
2026-03-23T13:14:00.000Z,BOUV,X,variation,channel,21873.386274279954,nT
2026-03-23T13:15:00.000Z,BOUV,X,variation,channel,21873.372615228065,nT
2026-03-23T13:16:00.000Z,BOUV,X,variation,channel,21874.180609245333,nT
2026-03-23T13:17:00.000Z,BOUV,X,variation,channel,21875.34020312698,nT
2026-03-23T13:18:00.000Z,BOUV,X,variation,channel,21876.04729104477,nT
2026-03-23T13:19:00.000Z,BOUV,X,variation,channel,21876.618477376556,nT
2026-03-23T13:20:00.000Z,BOUV,X,variation,channel,21876.876624718523,nT
2026-03-23T13:21:00.000Z,BOUV,X,variation,channel,21875.980070103884,nT
2026-03-23T13:22:00.000Z,BOUV,X,variation,channel,21874.597656606675,nT
2026-03-23T13:23:00.000Z,BOUV,X,variation,channel,21873.845328212537,nT
2026-03-23T13:24:00.000Z,BOUV,X,variation,channel,21872.856731920685,nT
2026-03-23T13:25:00.000Z,BOUV,X,variation,channel,21873.074540162914,nT
2026-03-23T13:26:00.000Z,BOUV,X,variation,channel,21873.44333060649,nT
2026-03-23T13:27:00.000Z,BOUV,X,variation,channel,21873.835042315834,nT
2026-03-23T13:28:00.000Z,BOUV,X,variation,channel,21874.17298446723,nT
2026-03-23T13:29:00.000Z,BOUV,X,variation,channel,21873.924499636512,nT
2026-03-23T13:30:00.000Z,BOUV,X,variation,channel,21874.161769861446,nT
2026-03-23T13:31:00.000Z,BOUV,X,variation,channel,21873.91374647963,nT
2026-03-23T13:32:00.000Z,BOUV,X,variation,channel,21872.942554291163,nT
2026-03-23T13:33:00.000Z,BOUV,X,variation,channel,21872.96652092296,nT
2026-03-23T13:34:00.000Z,BOUV,X,variation,channel,21873.50651828978,nT
2026-03-23T13:35:00.000Z,BOUV,X,variation,channel,21873.08647237858,nT
2026-03-23T13:36:00.000Z,BOUV,X,variation,channel,21872.93860886088,nT
2026-03-23T13:37:00.000Z,BOUV,X,variation,channel,21873.079603733782,nT
2026-03-23T13:38:00.000Z,BOUV,X,variation,channel,21871.985832462728,nT
2026-03-23T13:39:00.000Z,BOUV,X,variation,channel,21871.140923428655,nT
2026-03-23T13:40:00.000Z,BOUV,X,variation,channel,21871.17192872441,nT
2026-03-23T13:41:00.000Z,BOUV,X,variation,channel,21871.429827463846,nT
2026-03-23T13:42:00.000Z,BOUV,X,variation,channel,21871.07795915457,nT
2026-03-23T13:43:00.000Z,BOUV,X,variation,channel,21870.250607754537,nT
2026-03-23T13:44:00.000Z,BOUV,X,variation,channel,21870.812039504548,nT
2026-03-23T13:45:00.000Z,BOUV,X,variation,channel,21871.456596010863,nT
2026-03-23T13:46:00.000Z,BOUV,X,variation,channel,21871.273281150465,nT
2026-03-23T13:47:00.000Z,BOUV,X,variation,channel,21869.713450495477,nT
2026-03-23T13:48:00.000Z,BOUV,X,variation,channel,21868.181519381276,nT
2026-03-23T13:49:00.000Z,BOUV,X,variation,channel,21868.912446586182,nT
2026-03-23T13:50:00.000Z,BOUV,X,variation,channel,21869.795142860916,nT
2026-03-23T13:51:00.000Z,BOUV,X,variation,channel,21870.869001511554,nT
2026-03-23T13:52:00.000Z,BOUV,X,variation,channel,21870.80427272616,nT
2026-03-23T13:53:00.000Z,BOUV,X,variation,channel,21869.65770394999,nT
2026-03-23T13:54:00.000Z,BOUV,X,variation,channel,21868.11973686945,nT
2026-03-23T13:55:00.000Z,BOUV,X,variation,channel,21868.703389924794,nT
2026-03-23T13:56:00.000Z,BOUV,X,variation,channel,21869.868076731545,nT
2026-03-23T13:57:00.000Z,BOUV,X,variation,channel,21868.87073852716,nT
2026-03-23T13:58:00.000Z,BOUV,X,variation,channel,21868.279304250616,nT
2026-03-23T13:59:00.000Z,BOUV,X,variation,channel,21866.955745491472,nT
2026-03-23T14:00:00.000Z,BOUV,X,variation,channel,21867.828005281357,nT
2026-03-23T14:01:00.000Z,BOUV,X,variation,channel,21869.46322442058,nT
2026-03-23T14:02:00.000Z,BOUV,X,variation,channel,21869.815473548202,nT
2026-03-23T14:03:00.000Z,BOUV,X,variation,channel,21869.674180957314,nT
2026-03-23T14:04:00.000Z,BOUV,X,variation,channel,21870.180206380748,nT
2026-03-23T14:05:00.000Z,BOUV,X,variation,channel,21871.212666361927,nT
2026-03-23T14:06:00.000Z,BOUV,X,variation,channel,21871.268458713144,nT
2026-03-23T14:07:00.000Z,BOUV,X,variation,channel,21871.47873842297,nT
2026-03-23T14:08:00.000Z,BOUV,X,variation,channel,21872.59787925105,nT
2026-03-23T14:09:00.000Z,BOUV,X,variation,channel,21873.967742025146,nT
2026-03-23T14:10:00.000Z,BOUV,X,variation,channel,21873.43593128091,nT
2026-03-23T14:11:00.000Z,BOUV,X,variation,channel,21871.58063041945,nT
2026-03-23T14:12:00.000Z,BOUV,X,variation,channel,21870.658546541385,nT
2026-03-23T14:13:00.000Z,BOUV,X,variation,channel,21870.963816967273,nT
2026-03-23T14:14:00.000Z,BOUV,X,variation,channel,21870.446124355476,nT
2026-03-23T14:15:00.000Z,BOUV,X,variation,channel,21868.251528101275,nT
2026-03-23T14:16:00.000Z,BOUV,X,variation,channel,21866.101592357838,nT
2026-03-23T14:17:00.000Z,BOUV,X,variation,channel,21865.14136447475,nT
2026-03-23T14:18:00.000Z,BOUV,X,variation,channel,21864.84414723151,nT
2026-03-23T14:19:00.000Z,BOUV,X,variation,channel,21864.143852790574,nT
2026-03-23T14:20:00.000Z,BOUV,X,variation,channel,21862.80918738528,nT
2026-03-23T14:21:00.000Z,BOUV,X,variation,channel,21860.499201427425,nT
2026-03-23T14:22:00.000Z,BOUV,X,variation,channel,21858.742487142532,nT
2026-03-23T14:23:00.000Z,BOUV,X,variation,channel,21859.133097725055,nT
2026-03-23T14:24:00.000Z,BOUV,X,variation,channel,21859.83483391159,nT
2026-03-23T14:25:00.000Z,BOUV,X,variation,channel,21858.852233799786,nT
2026-03-23T14:26:00.000Z,BOUV,X,variation,channel,21857.915719199693,nT
2026-03-23T14:27:00.000Z,BOUV,X,variation,channel,21856.771197645216,nT
2026-03-23T14:28:00.000Z,BOUV,X,variation,channel,21855.666686165365,nT
2026-03-23T14:29:00.000Z,BOUV,X,variation,channel,21853.97589832168,nT
2026-03-23T14:30:00.000Z,BOUV,X,variation,channel,21852.18395130535,nT
2026-03-23T14:31:00.000Z,BOUV,X,variation,channel,21851.920173704173,nT
2026-03-23T14:32:00.000Z,BOUV,X,variation,channel,21850.608761762436,nT
2026-03-23T14:33:00.000Z,BOUV,X,variation,channel,21849.8979113503,nT
2026-03-23T14:34:00.000Z,BOUV,X,variation,channel,21849.015204765663,nT
2026-03-23T14:35:00.000Z,BOUV,X,variation,channel,21848.1497869431,nT
2026-03-23T14:36:00.000Z,BOUV,X,variation,channel,21848.563581380742,nT
2026-03-23T14:37:00.000Z,BOUV,X,variation,channel,21848.713654302683,nT
2026-03-23T14:38:00.000Z,BOUV,X,variation,channel,21846.33519118965,nT
2026-03-23T14:39:00.000Z,BOUV,X,variation,channel,21845.84377985871,nT
2026-03-23T14:40:00.000Z,BOUV,X,variation,channel,21845.352901391154,nT
2026-03-23T14:41:00.000Z,BOUV,X,variation,channel,21845.333403359746,nT
2026-03-23T14:42:00.000Z,BOUV,X,variation,channel,21844.3336033164,nT
2026-03-23T14:43:00.000Z,BOUV,X,variation,channel,21842.430379302397,nT
2026-03-23T14:44:00.000Z,BOUV,X,variation,channel,21841.680195135486,nT
2026-03-23T14:45:00.000Z,BOUV,X,variation,channel,21843.66897214227,nT
2026-03-23T14:46:00.000Z,BOUV,X,variation,channel,21845.880155739596,nT
2026-03-23T14:47:00.000Z,BOUV,X,variation,channel,21846.95301700352,nT
2026-03-23T14:48:00.000Z,BOUV,X,variation,channel,21847.296936886793,nT
2026-03-23T14:49:00.000Z,BOUV,X,variation,channel,21849.192649750945,nT
2026-03-23T14:50:00.000Z,BOUV,X,variation,channel,21850.235486004927,nT
2026-03-23T14:51:00.000Z,BOUV,X,variation,channel,21850.763216528663,nT
2026-03-23T14:52:00.000Z,BOUV,X,variation,channel,21849.698696144547,nT
2026-03-23T14:53:00.000Z,BOUV,X,variation,channel,21849.221612534748,nT
2026-03-23T14:54:00.000Z,BOUV,X,variation,channel,21850.794382998487,nT
2026-03-23T14:55:00.000Z,BOUV,X,variation,channel,21854.65921107646,nT
2026-03-23T14:56:00.000Z,BOUV,X,variation,channel,21857.770959068417,nT
2026-03-23T14:57:00.000Z,BOUV,X,variation,channel,21859.030130868006,nT
2026-03-23T14:58:00.000Z,BOUV,X,variation,channel,21860.044358127812,nT
2026-03-23T14:59:00.000Z,BOUV,X,variation,channel,21861.452053024746,nT
2026-03-23T15:00:00.000Z,BOUV,X,variation,channel,21862.760491425837,nT
2026-03-23T15:01:00.000Z,BOUV,X,variation,channel,21864.189202990387,nT
2026-03-23T15:02:00.000Z,BOUV,X,variation,channel,21864.926578708393,nT
2026-03-23T15:03:00.000Z,BOUV,X,variation,channel,21864.623809239634,nT
2026-03-23T15:04:00.000Z,BOUV,X,variation,channel,21863.6518427552,nT
2026-03-23T15:05:00.000Z,BOUV,X,variation,channel,21864.552619482805,nT
2026-03-23T15:06:00.000Z,BOUV,X,variation,channel,21866.983744185873,nT
2026-03-23T15:07:00.000Z,BOUV,X,variation,channel,21868.498211724695,nT
2026-03-23T15:08:00.000Z,BOUV,X,variation,channel,21867.450612378143,nT
2026-03-23T15:09:00.000Z,BOUV,X,variation,channel,21867.211887048285,nT
2026-03-23T15:10:00.000Z,BOUV,X,variation,channel,21868.32456418355,nT
2026-03-23T15:11:00.000Z,BOUV,X,variation,channel,21868.75291087229,nT
2026-03-23T15:12:00.000Z,BOUV,X,variation,channel,21867.823125128052,nT
2026-03-23T15:13:00.000Z,BOUV,X,variation,channel,21866.248374242485,nT
2026-03-23T15:14:00.000Z,BOUV,X,variation,channel,21867.51189027163,nT
2026-03-23T15:15:00.000Z,BOUV,X,variation,channel,21869.653004758256,nT
2026-03-23T15:16:00.000Z,BOUV,X,variation,channel,21869.66821187818,nT
2026-03-23T15:17:00.000Z,BOUV,X,variation,channel,21868.576955174743,nT
2026-03-23T15:18:00.000Z,BOUV,X,variation,channel,21869.112485202706,nT
2026-03-23T15:19:00.000Z,BOUV,X,variation,channel,21870.58275680344,nT
2026-03-23T15:20:00.000Z,BOUV,X,variation,channel,21871.536797420522,nT
2026-03-23T15:21:00.000Z,BOUV,X,variation,channel,21871.02521795129,nT
2026-03-23T15:22:00.000Z,BOUV,X,variation,channel,21870.68495589833,nT
2026-03-23T15:23:00.000Z,BOUV,X,variation,channel,21870.277233212495,nT
2026-03-23T15:24:00.000Z,BOUV,X,variation,channel,21869.568564372385,nT
2026-03-23T15:25:00.000Z,BOUV,X,variation,channel,21870.477401617198,nT
2026-03-23T15:26:00.000Z,BOUV,X,variation,channel,21872.231301425752,nT
2026-03-23T15:27:00.000Z,BOUV,X,variation,channel,21872.764662461406,nT
2026-03-23T15:28:00.000Z,BOUV,X,variation,channel,21872.008605387095,nT
2026-03-23T15:29:00.000Z,BOUV,X,variation,channel,21872.593013967227,nT
2026-03-23T15:30:00.000Z,BOUV,X,variation,channel,21872.423771764523,nT
2026-03-23T15:31:00.000Z,BOUV,X,variation,channel,21872.828405403812,nT
2026-03-23T15:32:00.000Z,BOUV,X,variation,channel,21873.061578492176,nT
2026-03-23T15:33:00.000Z,BOUV,X,variation,channel,21873.479431180396,nT
2026-03-23T15:34:00.000Z,BOUV,X,variation,channel,21873.616184295533,nT
2026-03-23T15:35:00.000Z,BOUV,X,variation,channel,21872.42161007735,nT
2026-03-23T15:36:00.000Z,BOUV,X,variation,channel,21872.683874431394,nT
2026-03-23T15:37:00.000Z,BOUV,X,variation,channel,21873.410209608395,nT
2026-03-23T15:38:00.000Z,BOUV,X,variation,channel,21873.887355525498,nT
2026-03-23T15:39:00.000Z,BOUV,X,variation,channel,21874.284388160402,nT
2026-03-23T15:40:00.000Z,BOUV,X,variation,channel,21875.0565687281,nT
2026-03-23T15:41:00.000Z,BOUV,X,variation,channel,21875.679736163365,nT
2026-03-23T15:42:00.000Z,BOUV,X,variation,channel,21875.329946514143,nT
2026-03-23T15:43:00.000Z,BOUV,X,variation,channel,21874.74367887349,nT
2026-03-23T15:44:00.000Z,BOUV,X,variation,channel,21874.709226792744,nT
2026-03-23T15:45:00.000Z,BOUV,X,variation,channel,21876.019291199205,nT
2026-03-23T15:46:00.000Z,BOUV,X,variation,channel,21875.771421518606,nT
2026-03-23T15:47:00.000Z,BOUV,X,variation,channel,21874.741840682625,nT
2026-03-23T15:48:00.000Z,BOUV,X,variation,channel,21873.39481928075,nT
2026-03-23T15:49:00.000Z,BOUV,X,variation,channel,21871.895073072195,nT
2026-03-23T15:50:00.000Z,BOUV,X,variation,channel,21872.460599504793,nT
2026-03-23T15:51:00.000Z,BOUV,X,variation,channel,21873.628167343864,nT
2026-03-23T15:52:00.000Z,BOUV,X,variation,channel,21875.79156040344,nT
2026-03-23T15:53:00.000Z,BOUV,X,variation,channel,21874.661441706605,nT
2026-03-23T15:54:00.000Z,BOUV,X,variation,channel,21872.848665931106,nT
2026-03-23T15:55:00.000Z,BOUV,X,variation,channel,21873.561932675795,nT
2026-03-23T15:56:00.000Z,BOUV,X,variation,channel,21874.989908903855,nT
2026-03-23T15:57:00.000Z,BOUV,X,variation,channel,21873.749104955907,nT
2026-03-23T15:58:00.000Z,BOUV,X,variation,channel,21873.64802524833,nT
2026-03-23T15:59:00.000Z,BOUV,X,variation,channel,21873.681078664686,nT
2026-03-23T16:00:00.000Z,BOUV,X,variation,channel,21872.92461950786,nT
2026-03-23T16:01:00.000Z,BOUV,X,variation,channel,21872.457863771884,nT
2026-03-23T16:02:00.000Z,BOUV,X,variation,channel,21873.37204670754,nT
2026-03-23T16:03:00.000Z,BOUV,X,variation,channel,21874.166988755424,nT
2026-03-23T16:04:00.000Z,BOUV,X,variation,channel,21872.958734456068,nT
2026-03-23T16:05:00.000Z,BOUV,X,variation,channel,21871.531336433698,nT
2026-03-23T16:06:00.000Z,BOUV,X,variation,channel,21870.116896409254,nT
2026-03-23T16:07:00.000Z,BOUV,X,variation,channel,21869.625769655304,nT
2026-03-23T16:08:00.000Z,BOUV,X,variation,channel,21868.805846643045,nT
2026-03-23T16:09:00.000Z,BOUV,X,variation,channel,21867.781111389355,nT
2026-03-23T16:10:00.000Z,BOUV,X,variation,channel,21868.26950030176,nT
2026-03-23T16:11:00.000Z,BOUV,X,variation,channel,21868.88716800514,nT
2026-03-23T16:12:00.000Z,BOUV,X,variation,channel,21867.58000001953,nT
2026-03-23T16:13:00.000Z,BOUV,X,variation,channel,21866.587099624576,nT
2026-03-23T16:14:00.000Z,BOUV,X,variation,channel,21865.477124336274,nT
2026-03-23T16:15:00.000Z,BOUV,X,variation,channel,21864.34532011485,nT
2026-03-23T16:16:00.000Z,BOUV,X,variation,channel,21864.701769490304,nT
2026-03-23T16:17:00.000Z,BOUV,X,variation,channel,21866.65173127823,nT
2026-03-23T16:18:00.000Z,BOUV,X,variation,channel,21865.53330227527,nT
2026-03-23T16:19:00.000Z,BOUV,X,variation,channel,21863.761268771093,nT
2026-03-23T16:20:00.000Z,BOUV,X,variation,channel,21862.598562890304,nT
2026-03-23T16:21:00.000Z,BOUV,X,variation,channel,21862.1228722334,nT
2026-03-23T16:22:00.000Z,BOUV,X,variation,channel,21862.32487413653,nT
2026-03-23T16:23:00.000Z,BOUV,X,variation,channel,21863.167302182654,nT
2026-03-23T16:24:00.000Z,BOUV,X,variation,channel,21863.501230635804,nT
2026-03-23T16:25:00.000Z,BOUV,X,variation,channel,21862.82681259502,nT
2026-03-23T16:26:00.000Z,BOUV,X,variation,channel,21862.30491884006,nT
2026-03-23T16:27:00.000Z,BOUV,X,variation,channel,21861.677148610208,nT
2026-03-23T16:28:00.000Z,BOUV,X,variation,channel,21861.95567746188,nT
2026-03-23T16:29:00.000Z,BOUV,X,variation,channel,21861.516694340407,nT
2026-03-23T16:30:00.000Z,BOUV,X,variation,channel,21861.266429568426,nT
2026-03-23T16:31:00.000Z,BOUV,X,variation,channel,21861.435778763982,nT
2026-03-23T16:32:00.000Z,BOUV,X,variation,channel,21861.64480524977,nT
2026-03-23T16:33:00.000Z,BOUV,X,variation,channel,21860.965334114022,nT
2026-03-23T16:34:00.000Z,BOUV,X,variation,channel,21860.556055739355,nT
2026-03-23T16:35:00.000Z,BOUV,X,variation,channel,21860.59442309608,nT
2026-03-23T16:36:00.000Z,BOUV,X,variation,channel,21860.413642232932,nT
2026-03-23T16:37:00.000Z,BOUV,X,variation,channel,21860.07461439046,nT
2026-03-23T16:38:00.000Z,BOUV,X,variation,channel,21859.48297933213,nT
2026-03-23T16:39:00.000Z,BOUV,X,variation,channel,21859.223685013592,nT
2026-03-23T16:40:00.000Z,BOUV,X,variation,channel,21858.995449883238,nT
2026-03-23T16:41:00.000Z,BOUV,X,variation,channel,21858.906770003454,nT
2026-03-23T16:42:00.000Z,BOUV,X,variation,channel,21858.45920018459,nT
2026-03-23T16:43:00.000Z,BOUV,X,variation,channel,21858.603696990158,nT
2026-03-23T16:44:00.000Z,BOUV,X,variation,channel,21857.895497029513,nT
2026-03-23T16:45:00.000Z,BOUV,X,variation,channel,21858.300224006278,nT
2026-03-23T16:46:00.000Z,BOUV,X,variation,channel,21857.06639330581,nT
2026-03-23T16:47:00.000Z,BOUV,X,variation,channel,21857.167314856553,nT
2026-03-23T16:48:00.000Z,BOUV,X,variation,channel,21857.061631040466,nT
2026-03-23T16:49:00.000Z,BOUV,X,variation,channel,21857.937516260066,nT
2026-03-23T16:50:00.000Z,BOUV,X,variation,channel,21858.266012790948,nT
2026-03-23T16:51:00.000Z,BOUV,X,variation,channel,21857.777706747776,nT
2026-03-23T16:52:00.000Z,BOUV,X,variation,channel,21857.35926957391,nT
2026-03-23T16:53:00.000Z,BOUV,X,variation,channel,21857.419188084812,nT
2026-03-23T16:54:00.000Z,BOUV,X,variation,channel,21857.215672098337,nT
2026-03-23T16:55:00.000Z,BOUV,X,variation,channel,21857.120111464927,nT
2026-03-23T16:56:00.000Z,BOUV,X,variation,channel,21857.32624764826,nT
2026-03-23T16:57:00.000Z,BOUV,X,variation,channel,21855.96607231367,nT
2026-03-23T16:58:00.000Z,BOUV,X,variation,channel,21855.343540299957,nT
2026-03-23T16:59:00.000Z,BOUV,X,variation,channel,21854.562286833418,nT
2026-03-23T17:00:00.000Z,BOUV,X,variation,channel,21852.9879327948,nT
2026-03-23T17:01:00.000Z,BOUV,X,variation,channel,21851.76653528029,nT
2026-03-23T17:02:00.000Z,BOUV,X,variation,channel,21850.898431302765,nT
2026-03-23T17:03:00.000Z,BOUV,X,variation,channel,21849.99148231477,nT
2026-03-23T17:04:00.000Z,BOUV,X,variation,channel,21849.1813805527,nT
2026-03-23T17:05:00.000Z,BOUV,X,variation,channel,21847.869724027692,nT
2026-03-23T17:06:00.000Z,BOUV,X,variation,channel,21847.017621182902,nT
2026-03-23T17:07:00.000Z,BOUV,X,variation,channel,21846.841929505266,nT
2026-03-23T17:08:00.000Z,BOUV,X,variation,channel,21845.40856806401,nT
2026-03-23T17:09:00.000Z,BOUV,X,variation,channel,21845.694052540428,nT
2026-03-23T17:10:00.000Z,BOUV,X,variation,channel,21843.696261019108,nT
2026-03-23T17:11:00.000Z,BOUV,X,variation,channel,21842.03516998651,nT
2026-03-23T17:12:00.000Z,BOUV,X,variation,channel,21841.950009653076,nT
2026-03-23T17:13:00.000Z,BOUV,X,variation,channel,21840.377176190985,nT
2026-03-23T17:14:00.000Z,BOUV,X,variation,channel,21838.07266068297,nT
2026-03-23T17:15:00.000Z,BOUV,X,variation,channel,21836.14406289989,nT
2026-03-23T17:16:00.000Z,BOUV,X,variation,channel,21835.43112895237,nT
2026-03-23T17:17:00.000Z,BOUV,X,variation,channel,21834.68704142846,nT
2026-03-23T17:18:00.000Z,BOUV,X,variation,channel,21832.76073795728,nT
2026-03-23T17:19:00.000Z,BOUV,X,variation,channel,21830.33636954652,nT
2026-03-23T17:20:00.000Z,BOUV,X,variation,channel,21829.237384821256,nT
2026-03-23T17:21:00.000Z,BOUV,X,variation,channel,21829.668057111754,nT
2026-03-23T17:22:00.000Z,BOUV,X,variation,channel,21828.62258022793,nT
2026-03-23T17:23:00.000Z,BOUV,X,variation,channel,21826.672039829362,nT
2026-03-23T17:24:00.000Z,BOUV,X,variation,channel,21826.858671203507,nT
2026-03-23T17:25:00.000Z,BOUV,X,variation,channel,21825.416558624253,nT
2026-03-23T17:26:00.000Z,BOUV,X,variation,channel,21823.75704130225,nT
2026-03-23T17:27:00.000Z,BOUV,X,variation,channel,21821.96382384072,nT
2026-03-23T17:28:00.000Z,BOUV,X,variation,channel,21820.3597992999,nT
2026-03-23T17:29:00.000Z,BOUV,X,variation,channel,21818.126225307158,nT
2026-03-23T17:30:00.000Z,BOUV,X,variation,channel,21815.95313530857,nT
2026-03-23T17:31:00.000Z,BOUV,X,variation,channel,21814.891512956874,nT
2026-03-23T17:32:00.000Z,BOUV,X,variation,channel,21812.00792293351,nT
2026-03-23T17:33:00.000Z,BOUV,X,variation,channel,21809.81297313018,nT
2026-03-23T17:34:00.000Z,BOUV,X,variation,channel,21808.37536095009,nT
2026-03-23T17:35:00.000Z,BOUV,X,variation,channel,21806.88900593083,nT
2026-03-23T17:36:00.000Z,BOUV,X,variation,channel,21806.216448115185,nT
2026-03-23T17:37:00.000Z,BOUV,X,variation,channel,21805.50600591964,nT
2026-03-23T17:38:00.000Z,BOUV,X,variation,channel,21803.661005292815,nT
2026-03-23T17:39:00.000Z,BOUV,X,variation,channel,21802.22068019849,nT
2026-03-23T17:40:00.000Z,BOUV,X,variation,channel,21800.374422650482,nT
2026-03-23T17:41:00.000Z,BOUV,X,variation,channel,21799.27589458002,nT
2026-03-23T17:42:00.000Z,BOUV,X,variation,channel,21798.072587955416,nT
2026-03-23T17:43:00.000Z,BOUV,X,variation,channel,21797.088145719943,nT
2026-03-23T17:44:00.000Z,BOUV,X,variation,channel,21796.17086115232,nT
2026-03-23T17:45:00.000Z,BOUV,X,variation,channel,21796.05122541995,nT
2026-03-23T17:46:00.000Z,BOUV,X,variation,channel,21796.089373119823,nT
2026-03-23T17:47:00.000Z,BOUV,X,variation,channel,21795.751060164002,nT
2026-03-23T17:48:00.000Z,BOUV,X,variation,channel,21794.941102869594,nT
2026-03-23T17:49:00.000Z,BOUV,X,variation,channel,21794.38821906136,nT
2026-03-23T17:50:00.000Z,BOUV,X,variation,channel,21793.926183679436,nT
2026-03-23T17:51:00.000Z,BOUV,X,variation,channel,21793.0144068255,nT
2026-03-23T17:52:00.000Z,BOUV,X,variation,channel,21793.24836521045,nT
2026-03-23T17:53:00.000Z,BOUV,X,variation,channel,21791.495904079733,nT
2026-03-23T17:54:00.000Z,BOUV,X,variation,channel,21791.601689572784,nT
2026-03-23T17:55:00.000Z,BOUV,X,variation,channel,21791.24270358168,nT
2026-03-23T17:56:00.000Z,BOUV,X,variation,channel,21791.9154876488,nT
2026-03-23T17:57:00.000Z,BOUV,X,variation,channel,21790.92014196225,nT
2026-03-23T17:58:00.000Z,BOUV,X,variation,channel,21789.28990705294,nT
2026-03-23T17:59:00.000Z,BOUV,X,variation,channel,21789.670516681592,nT
2026-03-23T18:00:00.000Z,BOUV,X,variation,channel,21790.385989672694,nT
2026-03-23T18:01:00.000Z,BOUV,X,variation,channel,21790.701934361787,nT
2026-03-23T18:02:00.000Z,BOUV,X,variation,channel,21791.111301070465,nT
2026-03-23T18:03:00.000Z,BOUV,X,variation,channel,21791.149526388104,nT
2026-03-23T18:04:00.000Z,BOUV,X,variation,channel,21792.333617691398,nT
2026-03-23T18:05:00.000Z,BOUV,X,variation,channel,21794.053281665292,nT
2026-03-23T18:06:00.000Z,BOUV,X,variation,channel,21796.624173076365,nT
2026-03-23T18:07:00.000Z,BOUV,X,variation,channel,21797.736863313952,nT
2026-03-23T18:08:00.000Z,BOUV,X,variation,channel,21799.58465558627,nT
2026-03-23T18:09:00.000Z,BOUV,X,variation,channel,21800.6560317585,nT
2026-03-23T18:10:00.000Z,BOUV,X,variation,channel,21799.517723336212,nT
2026-03-23T18:11:00.000Z,BOUV,X,variation,channel,21798.78550011671,nT
2026-03-23T18:12:00.000Z,BOUV,X,variation,channel,21798.930371404596,nT
2026-03-23T18:13:00.000Z,BOUV,X,variation,channel,21798.986046638387,nT
2026-03-23T18:14:00.000Z,BOUV,X,variation,channel,21798.83554134825,nT
2026-03-23T18:15:00.000Z,BOUV,X,variation,channel,21800.147281461464,nT
2026-03-23T18:16:00.000Z,BOUV,X,variation,channel,21801.425019055125,nT
2026-03-23T18:17:00.000Z,BOUV,X,variation,channel,21803.154813940608,nT
2026-03-23T18:18:00.000Z,BOUV,X,variation,channel,21805.06600934294,nT
2026-03-23T18:19:00.000Z,BOUV,X,variation,channel,21805.66965378743,nT
2026-03-23T18:20:00.000Z,BOUV,X,variation,channel,21806.13763295085,nT
2026-03-23T18:21:00.000Z,BOUV,X,variation,channel,21806.27162995768,nT
2026-03-23T18:22:00.000Z,BOUV,X,variation,channel,21804.869415459554,nT
2026-03-23T18:23:00.000Z,BOUV,X,variation,channel,21804.7014470555,nT
2026-03-23T18:24:00.000Z,BOUV,X,variation,channel,21803.65914788003,nT
2026-03-23T18:25:00.000Z,BOUV,X,variation,channel,21801.86453815666,nT
2026-03-23T18:26:00.000Z,BOUV,X,variation,channel,21802.66710033811,nT
2026-03-23T18:27:00.000Z,BOUV,X,variation,channel,21802.94870144294,nT
2026-03-23T18:28:00.000Z,BOUV,X,variation,channel,21802.2021790554,nT
2026-03-23T18:29:00.000Z,BOUV,X,variation,channel,21802.56456563408,nT
2026-03-23T18:30:00.000Z,BOUV,X,variation,channel,21802.34052740034,nT
2026-03-23T18:31:00.000Z,BOUV,X,variation,channel,21800.711406591487,nT
2026-03-23T18:32:00.000Z,BOUV,X,variation,channel,21799.14068534045,nT
2026-03-23T18:33:00.000Z,BOUV,X,variation,channel,21799.449102859668,nT
2026-03-23T18:34:00.000Z,BOUV,X,variation,channel,21800.99015957696,nT
2026-03-23T18:35:00.000Z,BOUV,X,variation,channel,21802.875920544244,nT
2026-03-23T18:36:00.000Z,BOUV,X,variation,channel,21803.758911040553,nT
2026-03-23T18:37:00.000Z,BOUV,X,variation,channel,21805.42814908661,nT
2026-03-23T18:38:00.000Z,BOUV,X,variation,channel,21806.176734343608,nT
2026-03-23T18:39:00.000Z,BOUV,X,variation,channel,21807.492166646276,nT
2026-03-23T18:40:00.000Z,BOUV,X,variation,channel,21807.98493972514,nT
2026-03-23T18:41:00.000Z,BOUV,X,variation,channel,21808.457848407656,nT
2026-03-23T18:42:00.000Z,BOUV,X,variation,channel,21809.123232132057,nT
2026-03-23T18:43:00.000Z,BOUV,X,variation,channel,21808.410075836957,nT
2026-03-23T18:44:00.000Z,BOUV,X,variation,channel,21808.514810593155,nT
2026-03-23T18:45:00.000Z,BOUV,X,variation,channel,21808.55789313131,nT
2026-03-23T18:46:00.000Z,BOUV,X,variation,channel,21809.055984005467,nT
2026-03-23T18:47:00.000Z,BOUV,X,variation,channel,21810.255897917432,nT
2026-03-23T18:48:00.000Z,BOUV,X,variation,channel,21810.02133668009,nT
2026-03-23T18:49:00.000Z,BOUV,X,variation,channel,21809.780940447934,nT
2026-03-23T18:50:00.000Z,BOUV,X,variation,channel,21809.003899223302,nT
2026-03-23T18:51:00.000Z,BOUV,X,variation,channel,21809.26010528264,nT
2026-03-23T18:52:00.000Z,BOUV,X,variation,channel,21807.96118201114,nT
2026-03-23T18:53:00.000Z,BOUV,X,variation,channel,21807.274061769196,nT
2026-03-23T18:54:00.000Z,BOUV,X,variation,channel,21806.821057265908,nT
2026-03-23T18:55:00.000Z,BOUV,X,variation,channel,21806.032368032553,nT
2026-03-23T18:56:00.000Z,BOUV,X,variation,channel,21805.589114703216,nT
2026-03-23T18:57:00.000Z,BOUV,X,variation,channel,21807.14602484168,nT
2026-03-23T18:58:00.000Z,BOUV,X,variation,channel,21808.497807083073,nT
2026-03-23T18:59:00.000Z,BOUV,X,variation,channel,21808.688100643136,nT
2026-03-23T19:00:00.000Z,BOUV,X,variation,channel,21808.321450211242,nT
2026-03-23T19:01:00.000Z,BOUV,X,variation,channel,21808.230865634803,nT
2026-03-23T19:02:00.000Z,BOUV,X,variation,channel,21807.772423694616,nT
2026-03-23T19:03:00.000Z,BOUV,X,variation,channel,21807.42022736532,nT
2026-03-23T19:04:00.000Z,BOUV,X,variation,channel,21807.171821286815,nT
2026-03-23T19:05:00.000Z,BOUV,X,variation,channel,21806.745863482134,nT
2026-03-23T19:06:00.000Z,BOUV,X,variation,channel,21806.20960217546,nT
2026-03-23T19:07:00.000Z,BOUV,X,variation,channel,21806.361248184414,nT
2026-03-23T19:08:00.000Z,BOUV,X,variation,channel,21806.00332805156,nT
2026-03-23T19:09:00.000Z,BOUV,X,variation,channel,21805.896649947448,nT
2026-03-23T19:10:00.000Z,BOUV,X,variation,channel,21806.065513670168,nT
2026-03-23T19:11:00.000Z,BOUV,X,variation,channel,21806.150718471457,nT
2026-03-23T19:12:00.000Z,BOUV,X,variation,channel,21806.788151277065,nT
2026-03-23T19:13:00.000Z,BOUV,X,variation,channel,21807.141109163113,nT
2026-03-23T19:14:00.000Z,BOUV,X,variation,channel,21807.46086136758,nT
2026-03-23T19:15:00.000Z,BOUV,X,variation,channel,21808.501958128494,nT
2026-03-23T19:16:00.000Z,BOUV,X,variation,channel,21810.142166644422,nT
2026-03-23T19:17:00.000Z,BOUV,X,variation,channel,21811.42746959185,nT
2026-03-23T19:18:00.000Z,BOUV,X,variation,channel,21811.612534028678,nT
2026-03-23T19:19:00.000Z,BOUV,X,variation,channel,21812.806259069148,nT
2026-03-23T19:20:00.000Z,BOUV,X,variation,channel,21812.843536270877,nT
2026-03-23T19:21:00.000Z,BOUV,X,variation,channel,21813.40531277503,nT
2026-03-23T19:22:00.000Z,BOUV,X,variation,channel,21813.932268355933,nT
2026-03-23T19:23:00.000Z,BOUV,X,variation,channel,21814.301757582405,nT
2026-03-23T19:24:00.000Z,BOUV,X,variation,channel,21814.567247967683,nT
2026-03-23T19:25:00.000Z,BOUV,X,variation,channel,21813.35773180671,nT
2026-03-23T19:26:00.000Z,BOUV,X,variation,channel,21812.52392681694,nT
2026-03-23T19:27:00.000Z,BOUV,X,variation,channel,21811.63744619144,nT
2026-03-23T19:28:00.000Z,BOUV,X,variation,channel,21811.081075691764,nT
2026-03-23T19:29:00.000Z,BOUV,X,variation,channel,21811.616046909872,nT
2026-03-23T19:30:00.000Z,BOUV,X,variation,channel,21812.03059734973,nT
2026-03-23T19:31:00.000Z,BOUV,X,variation,channel,21811.268145507885,nT
2026-03-23T19:32:00.000Z,BOUV,X,variation,channel,21811.20229806705,nT
2026-03-23T19:33:00.000Z,BOUV,X,variation,channel,21811.538668474623,nT
2026-03-23T19:34:00.000Z,BOUV,X,variation,channel,21811.320422575925,nT
2026-03-23T19:35:00.000Z,BOUV,X,variation,channel,21810.89973728087,nT
2026-03-23T19:36:00.000Z,BOUV,X,variation,channel,21810.617160609658,nT
2026-03-23T19:37:00.000Z,BOUV,X,variation,channel,21811.864592639435,nT
2026-03-23T19:38:00.000Z,BOUV,X,variation,channel,21812.473910086017,nT
2026-03-23T19:39:00.000Z,BOUV,X,variation,channel,21813.97504345407,nT
2026-03-23T19:40:00.000Z,BOUV,X,variation,channel,21815.143967544584,nT
2026-03-23T19:41:00.000Z,BOUV,X,variation,channel,21815.3793101452,nT
2026-03-23T19:42:00.000Z,BOUV,X,variation,channel,21815.0594510658,nT
2026-03-23T19:43:00.000Z,BOUV,X,variation,channel,21815.839509614605,nT
2026-03-23T19:44:00.000Z,BOUV,X,variation,channel,21816.421305116084,nT
2026-03-23T19:45:00.000Z,BOUV,X,variation,channel,21816.052250742203,nT
2026-03-23T19:46:00.000Z,BOUV,X,variation,channel,21815.062198009637,nT
2026-03-23T19:47:00.000Z,BOUV,X,variation,channel,21813.673483158203,nT
2026-03-23T19:48:00.000Z,BOUV,X,variation,channel,21814.440349596574,nT
2026-03-23T19:49:00.000Z,BOUV,X,variation,channel,21815.106681869103,nT
2026-03-23T19:50:00.000Z,BOUV,X,variation,channel,21815.60460813356,nT
2026-03-23T19:51:00.000Z,BOUV,X,variation,channel,21815.733859160067,nT
2026-03-23T19:52:00.000Z,BOUV,X,variation,channel,21816.058711786955,nT
2026-03-23T19:53:00.000Z,BOUV,X,variation,channel,21817.23848041775,nT
2026-03-23T19:54:00.000Z,BOUV,X,variation,channel,21818.204493702746,nT
2026-03-23T19:55:00.000Z,BOUV,X,variation,channel,21818.832420283674,nT
2026-03-23T19:56:00.000Z,BOUV,X,variation,channel,21818.882967094996,nT
2026-03-23T19:57:00.000Z,BOUV,X,variation,channel,21819.028011518414,nT
2026-03-23T19:58:00.000Z,BOUV,X,variation,channel,21819.91298742658,nT
2026-03-23T19:59:00.000Z,BOUV,X,variation,channel,21820.681130226378,nT
2026-03-23T20:00:00.000Z,BOUV,X,variation,channel,21820.656191310867,nT
2026-03-23T20:01:00.000Z,BOUV,X,variation,channel,21821.10988974445,nT
2026-03-23T20:02:00.000Z,BOUV,X,variation,channel,21821.518507729324,nT
2026-03-23T20:03:00.000Z,BOUV,X,variation,channel,21821.721250650964,nT
2026-03-23T20:04:00.000Z,BOUV,X,variation,channel,21821.281617509965,nT
2026-03-23T20:05:00.000Z,BOUV,X,variation,channel,21821.18553554398,nT
2026-03-23T20:06:00.000Z,BOUV,X,variation,channel,21820.983599313568,nT
2026-03-23T20:07:00.000Z,BOUV,X,variation,channel,21821.04494380426,nT
2026-03-23T20:08:00.000Z,BOUV,X,variation,channel,21821.92317830388,nT
2026-03-23T20:09:00.000Z,BOUV,X,variation,channel,21822.36850423318,nT
2026-03-23T20:10:00.000Z,BOUV,X,variation,channel,21822.34381454554,nT
2026-03-23T20:11:00.000Z,BOUV,X,variation,channel,21821.453414951386,nT
2026-03-23T20:12:00.000Z,BOUV,X,variation,channel,21820.471827300364,nT
2026-03-23T20:13:00.000Z,BOUV,X,variation,channel,21820.240038237953,nT
2026-03-23T20:14:00.000Z,BOUV,X,variation,channel,21819.82784579681,nT
2026-03-23T20:15:00.000Z,BOUV,X,variation,channel,21819.113344968904,nT
2026-03-23T20:16:00.000Z,BOUV,X,variation,channel,21818.216917242844,nT
2026-03-23T20:17:00.000Z,BOUV,X,variation,channel,21817.75670496279,nT
2026-03-23T20:18:00.000Z,BOUV,X,variation,channel,21818.612895579874,nT
2026-03-23T20:19:00.000Z,BOUV,X,variation,channel,21819.274667567206,nT
2026-03-23T20:20:00.000Z,BOUV,X,variation,channel,21818.666196839113,nT
2026-03-23T20:21:00.000Z,BOUV,X,variation,channel,21819.325586271174,nT
2026-03-23T20:22:00.000Z,BOUV,X,variation,channel,21819.023581205747,nT
2026-03-23T20:23:00.000Z,BOUV,X,variation,channel,21819.470681393967,nT
2026-03-23T20:24:00.000Z,BOUV,X,variation,channel,21821.6439198793,nT
2026-03-23T20:25:00.000Z,BOUV,X,variation,channel,21821.5500096825,nT
2026-03-23T20:26:00.000Z,BOUV,X,variation,channel,21821.76543886843,nT
2026-03-23T20:27:00.000Z,BOUV,X,variation,channel,21821.953066064718,nT
2026-03-23T20:28:00.000Z,BOUV,X,variation,channel,21822.66672973898,nT
2026-03-23T20:29:00.000Z,BOUV,X,variation,channel,21824.820391358753,nT
2026-03-23T20:30:00.000Z,BOUV,X,variation,channel,21823.82110093686,nT
2026-03-23T20:31:00.000Z,BOUV,X,variation,channel,21824.5819772206,nT
2026-03-23T20:32:00.000Z,BOUV,X,variation,channel,21824.621643119353,nT
2026-03-23T20:33:00.000Z,BOUV,X,variation,channel,21824.79930891437,nT
2026-03-23T20:34:00.000Z,BOUV,X,variation,channel,21825.049218980763,nT
2026-03-23T20:35:00.000Z,BOUV,X,variation,channel,21826.50271097047,nT
2026-03-23T20:36:00.000Z,BOUV,X,variation,channel,21826.917093930726,nT
2026-03-23T20:37:00.000Z,BOUV,X,variation,channel,21826.845834896354,nT
2026-03-23T20:38:00.000Z,BOUV,X,variation,channel,21826.32524947188,nT
2026-03-23T20:39:00.000Z,BOUV,X,variation,channel,21824.694251555193,nT
2026-03-23T20:40:00.000Z,BOUV,X,variation,channel,21824.488046242088,nT
2026-03-23T20:41:00.000Z,BOUV,X,variation,channel,21823.685139618836,nT
2026-03-23T20:42:00.000Z,BOUV,X,variation,channel,21823.737214577704,nT
2026-03-23T20:43:00.000Z,BOUV,X,variation,channel,21824.19623566502,nT
2026-03-23T20:44:00.000Z,BOUV,X,variation,channel,21823.787435937193,nT
2026-03-23T20:45:00.000Z,BOUV,X,variation,channel,21824.440885206815,nT
2026-03-23T20:46:00.000Z,BOUV,X,variation,channel,21825.87049610935,nT
2026-03-23T20:47:00.000Z,BOUV,X,variation,channel,21826.91601492907,nT
2026-03-23T20:48:00.000Z,BOUV,X,variation,channel,21827.27165046726,nT
2026-03-23T20:49:00.000Z,BOUV,X,variation,channel,21827.4800363966,nT
2026-03-23T20:50:00.000Z,BOUV,X,variation,channel,21826.542300946006,nT
2026-03-23T20:51:00.000Z,BOUV,X,variation,channel,21825.413919720057,nT
2026-03-23T20:52:00.000Z,BOUV,X,variation,channel,21825.592621462707,nT
2026-03-23T20:53:00.000Z,BOUV,X,variation,channel,21825.787334512763,nT
2026-03-23T20:54:00.000Z,BOUV,X,variation,channel,21826.100371762826,nT
2026-03-23T20:55:00.000Z,BOUV,X,variation,channel,21826.719535620072,nT
2026-03-23T20:56:00.000Z,BOUV,X,variation,channel,21827.62589028734,nT
2026-03-23T20:57:00.000Z,BOUV,X,variation,channel,21828.14994453048,nT
2026-03-23T20:58:00.000Z,BOUV,X,variation,channel,21828.665666239714,nT
2026-03-23T20:59:00.000Z,BOUV,X,variation,channel,21829.218764149573,nT
2026-03-23T21:00:00.000Z,BOUV,X,variation,channel,21828.97929499885,nT
2026-03-23T21:01:00.000Z,BOUV,X,variation,channel,21828.957483186423,nT
2026-03-23T21:02:00.000Z,BOUV,X,variation,channel,21829.518288103704,nT
2026-03-23T21:03:00.000Z,BOUV,X,variation,channel,21829.71264683795,nT
2026-03-23T21:04:00.000Z,BOUV,X,variation,channel,21829.76758880878,nT
2026-03-23T21:05:00.000Z,BOUV,X,variation,channel,21830.297405353864,nT
2026-03-23T21:06:00.000Z,BOUV,X,variation,channel,21830.445079867248,nT
2026-03-23T21:07:00.000Z,BOUV,X,variation,channel,21830.536902419335,nT
2026-03-23T21:08:00.000Z,BOUV,X,variation,channel,21830.566293727057,nT
2026-03-23T21:09:00.000Z,BOUV,X,variation,channel,21830.74508040188,nT
2026-03-23T21:10:00.000Z,BOUV,X,variation,channel,21831.207441520044,nT
2026-03-23T21:11:00.000Z,BOUV,X,variation,channel,21831.955388860013,nT
2026-03-23T21:12:00.000Z,BOUV,X,variation,channel,21832.16971307553,nT
2026-03-23T21:13:00.000Z,BOUV,X,variation,channel,21832.18507224,nT
2026-03-23T21:14:00.000Z,BOUV,X,variation,channel,21832.67265349155,nT
2026-03-23T21:15:00.000Z,BOUV,X,variation,channel,21833.463345895223,nT
2026-03-23T21:16:00.000Z,BOUV,X,variation,channel,21834.094933808192,nT
2026-03-23T21:17:00.000Z,BOUV,X,variation,channel,21834.566703582528,nT
2026-03-23T21:18:00.000Z,BOUV,X,variation,channel,21834.804733753004,nT
2026-03-23T21:19:00.000Z,BOUV,X,variation,channel,21835.25799334255,nT
2026-03-23T21:20:00.000Z,BOUV,X,variation,channel,21836.142352163613,nT
2026-03-23T21:21:00.000Z,BOUV,X,variation,channel,21836.378235319058,nT
2026-03-23T21:22:00.000Z,BOUV,X,variation,channel,21837.045076291364,nT
2026-03-23T21:23:00.000Z,BOUV,X,variation,channel,21835.873548094685,nT
2026-03-23T21:24:00.000Z,BOUV,X,variation,channel,21835.767264611324,nT
2026-03-23T21:25:00.000Z,BOUV,X,variation,channel,21836.821408689448,nT
2026-03-23T21:26:00.000Z,BOUV,X,variation,channel,21837.352909058845,nT
2026-03-23T21:27:00.000Z,BOUV,X,variation,channel,21837.596595313225,nT
2026-03-23T21:28:00.000Z,BOUV,X,variation,channel,21838.19262524091,nT
2026-03-23T21:29:00.000Z,BOUV,X,variation,channel,21838.624777284233,nT
2026-03-23T21:30:00.000Z,BOUV,X,variation,channel,21837.23985229919,nT
2026-03-23T21:31:00.000Z,BOUV,X,variation,channel,21837.445663945957,nT
2026-03-23T21:32:00.000Z,BOUV,X,variation,channel,21838.94331538514,nT
2026-03-23T21:33:00.000Z,BOUV,X,variation,channel,21839.25218105969,nT
2026-03-23T21:34:00.000Z,BOUV,X,variation,channel,21839.75020285083,nT
2026-03-23T21:35:00.000Z,BOUV,X,variation,channel,21840.14965678512,nT
2026-03-23T21:36:00.000Z,BOUV,X,variation,channel,21839.968655277702,nT
2026-03-23T21:37:00.000Z,BOUV,X,variation,channel,21839.89623767701,nT
2026-03-23T21:38:00.000Z,BOUV,X,variation,channel,21840.27862960944,nT
2026-03-23T21:39:00.000Z,BOUV,X,variation,channel,21842.142200849226,nT
2026-03-23T21:40:00.000Z,BOUV,X,variation,channel,21842.584800140325,nT
2026-03-23T21:41:00.000Z,BOUV,X,variation,channel,21843.331499803906,nT
2026-03-23T21:42:00.000Z,BOUV,X,variation,channel,21843.859346480043,nT
2026-03-23T21:43:00.000Z,BOUV,X,variation,channel,21842.739641085725,nT
2026-03-23T21:44:00.000Z,BOUV,X,variation,channel,21844.023923515277,nT
2026-03-23T21:45:00.000Z,BOUV,X,variation,channel,21844.989981882438,nT
2026-03-23T21:46:00.000Z,BOUV,X,variation,channel,21847.1839748888,nT
2026-03-23T21:47:00.000Z,BOUV,X,variation,channel,21848.0715015488,nT
2026-03-23T21:48:00.000Z,BOUV,X,variation,channel,21849.183068955386,nT
2026-03-23T21:49:00.000Z,BOUV,X,variation,channel,21850.238541164632,nT
2026-03-23T21:50:00.000Z,BOUV,X,variation,channel,21850.651443215495,nT
2026-03-23T21:51:00.000Z,BOUV,X,variation,channel,21851.83558762812,nT
2026-03-23T21:52:00.000Z,BOUV,X,variation,channel,21852.54529892388,nT
2026-03-23T21:53:00.000Z,BOUV,X,variation,channel,21852.92896900815,nT
2026-03-23T21:54:00.000Z,BOUV,X,variation,channel,21854.383261417875,nT
2026-03-23T21:55:00.000Z,BOUV,X,variation,channel,21854.384208129406,nT
2026-03-23T21:56:00.000Z,BOUV,X,variation,channel,21854.538835627474,nT
2026-03-23T21:57:00.000Z,BOUV,X,variation,channel,21855.175730376675,nT
2026-03-23T21:58:00.000Z,BOUV,X,variation,channel,21855.66885384177,nT
2026-03-23T21:59:00.000Z,BOUV,X,variation,channel,21858.792665819197,nT
2026-03-23T22:00:00.000Z,BOUV,X,variation,channel,21861.94021880598,nT
2026-03-23T22:01:00.000Z,BOUV,X,variation,channel,21862.715406749976,nT
2026-03-23T22:02:00.000Z,BOUV,X,variation,channel,21863.2226492095,nT
2026-03-23T22:03:00.000Z,BOUV,X,variation,channel,21862.976603769883,nT
2026-03-23T22:04:00.000Z,BOUV,X,variation,channel,21862.485747433042,nT
2026-03-23T22:05:00.000Z,BOUV,X,variation,channel,21863.80218794357,nT
2026-03-23T22:06:00.000Z,BOUV,X,variation,channel,21864.29145843646,nT
2026-03-23T22:07:00.000Z,BOUV,X,variation,channel,21863.811631716264,nT
2026-03-23T22:08:00.000Z,BOUV,X,variation,channel,21862.79499682472,nT
2026-03-23T22:09:00.000Z,BOUV,X,variation,channel,21862.43994522388,nT
2026-03-23T22:10:00.000Z,BOUV,X,variation,channel,21862.528764194547,nT
2026-03-23T22:11:00.000Z,BOUV,X,variation,channel,21862.57426497206,nT
2026-03-23T22:12:00.000Z,BOUV,X,variation,channel,21861.55773148436,nT
2026-03-23T22:13:00.000Z,BOUV,X,variation,channel,21860.864352442168,nT
2026-03-23T22:14:00.000Z,BOUV,X,variation,channel,21860.251604125082,nT
2026-03-23T22:15:00.000Z,BOUV,X,variation,channel,21859.836910506365,nT
2026-03-23T22:16:00.000Z,BOUV,X,variation,channel,21859.050641575377,nT
2026-03-23T22:17:00.000Z,BOUV,X,variation,channel,21858.05557193363,nT
2026-03-23T22:18:00.000Z,BOUV,X,variation,channel,21858.76997936702,nT
2026-03-23T22:19:00.000Z,BOUV,X,variation,channel,21860.2712532143,nT
2026-03-23T22:20:00.000Z,BOUV,X,variation,channel,21859.825057806338,nT
2026-03-23T22:21:00.000Z,BOUV,X,variation,channel,21857.835771468144,nT
2026-03-23T22:22:00.000Z,BOUV,X,variation,channel,21856.725851921805,nT
2026-03-23T22:23:00.000Z,BOUV,X,variation,channel,21856.87867261102,nT
2026-03-23T22:24:00.000Z,BOUV,X,variation,channel,21857.761058793112,nT
2026-03-23T22:25:00.000Z,BOUV,X,variation,channel,21857.84176781811,nT
2026-03-23T22:26:00.000Z,BOUV,X,variation,channel,21855.897277875214,nT
2026-03-23T22:27:00.000Z,BOUV,X,variation,channel,21854.59881089062,nT
2026-03-23T22:28:00.000Z,BOUV,X,variation,channel,21851.67625934862,nT
2026-03-23T22:29:00.000Z,BOUV,X,variation,channel,21850.231825525414,nT
2026-03-23T22:30:00.000Z,BOUV,X,variation,channel,21847.92067353326,nT
2026-03-23T22:31:00.000Z,BOUV,X,variation,channel,21847.177298172322,nT
2026-03-23T22:32:00.000Z,BOUV,X,variation,channel,21846.661597933333,nT
2026-03-23T22:33:00.000Z,BOUV,X,variation,channel,21849.586973244473,nT
2026-03-23T22:34:00.000Z,BOUV,X,variation,channel,21850.228612333845,nT
2026-03-23T22:35:00.000Z,BOUV,X,variation,channel,21850.53016234446,nT
2026-03-23T22:36:00.000Z,BOUV,X,variation,channel,21850.09385593323,nT
2026-03-23T22:37:00.000Z,BOUV,X,variation,channel,21848.89358140755,nT
2026-03-23T22:38:00.000Z,BOUV,X,variation,channel,21848.802517547076,nT
2026-03-23T22:39:00.000Z,BOUV,X,variation,channel,21849.266898350044,nT
2026-03-23T22:40:00.000Z,BOUV,X,variation,channel,21849.1775373089,nT
2026-03-23T22:41:00.000Z,BOUV,X,variation,channel,21849.750800484617,nT
2026-03-23T22:42:00.000Z,BOUV,X,variation,channel,21850.28046336371,nT
2026-03-23T22:43:00.000Z,BOUV,X,variation,channel,21851.664005851566,nT
2026-03-23T22:44:00.000Z,BOUV,X,variation,channel,21853.30529095005,nT
2026-03-23T22:45:00.000Z,BOUV,X,variation,channel,21854.971735105966,nT
2026-03-23T22:46:00.000Z,BOUV,X,variation,channel,21856.55830945778,nT
2026-03-23T22:47:00.000Z,BOUV,X,variation,channel,21857.186271451665,nT
2026-03-23T22:48:00.000Z,BOUV,X,variation,channel,21856.16678960991,nT
2026-03-23T22:49:00.000Z,BOUV,X,variation,channel,21856.12637331133,nT
2026-03-23T22:50:00.000Z,BOUV,X,variation,channel,21856.77388861419,nT
2026-03-23T22:51:00.000Z,BOUV,X,variation,channel,21856.7685718036,nT
2026-03-23T22:52:00.000Z,BOUV,X,variation,channel,21857.8037955467,nT
2026-03-23T22:53:00.000Z,BOUV,X,variation,channel,21858.317731707633,nT
2026-03-23T22:54:00.000Z,BOUV,X,variation,channel,21857.8361180049,nT
2026-03-23T22:55:00.000Z,BOUV,X,variation,channel,21857.711321240044,nT
2026-03-23T22:56:00.000Z,BOUV,X,variation,channel,21858.62012923426,nT
2026-03-23T22:57:00.000Z,BOUV,X,variation,channel,21858.925249585824,nT
2026-03-23T22:58:00.000Z,BOUV,X,variation,channel,21857.921539455987,nT
2026-03-23T22:59:00.000Z,BOUV,X,variation,channel,21858.3318136602,nT
2026-03-23T23:00:00.000Z,BOUV,X,variation,channel,21860.346929979456,nT
2026-03-23T23:01:00.000Z,BOUV,X,variation,channel,21860.689955227004,nT
2026-03-23T23:02:00.000Z,BOUV,X,variation,channel,21861.524931018,nT
2026-03-23T23:03:00.000Z,BOUV,X,variation,channel,21862.33698873669,nT
2026-03-23T23:04:00.000Z,BOUV,X,variation,channel,21863.245785454477,nT
2026-03-23T23:05:00.000Z,BOUV,X,variation,channel,21864.204842937455,nT
2026-03-23T23:06:00.000Z,BOUV,X,variation,channel,21864.87297281708,nT
2026-03-23T23:07:00.000Z,BOUV,X,variation,channel,21865.76291026681,nT
2026-03-23T23:08:00.000Z,BOUV,X,variation,channel,21866.225547481936,nT
2026-03-23T23:09:00.000Z,BOUV,X,variation,channel,21866.45260143438,nT
2026-03-23T23:10:00.000Z,BOUV,X,variation,channel,21866.801997360235,nT
2026-03-23T23:11:00.000Z,BOUV,X,variation,channel,21867.08589214727,nT
2026-03-23T23:12:00.000Z,BOUV,X,variation,channel,21867.37814915229,nT
2026-03-23T23:13:00.000Z,BOUV,X,variation,channel,21867.388558620583,nT
2026-03-23T23:14:00.000Z,BOUV,X,variation,channel,21867.635558034184,nT
2026-03-23T23:15:00.000Z,BOUV,X,variation,channel,21868.003987577642,nT
2026-03-23T23:16:00.000Z,BOUV,X,variation,channel,21868.066698190647,nT
2026-03-23T23:17:00.000Z,BOUV,X,variation,channel,21868.32346787426,nT
2026-03-23T23:18:00.000Z,BOUV,X,variation,channel,21869.930660426722,nT
2026-03-23T23:19:00.000Z,BOUV,X,variation,channel,21871.020851392594,nT
2026-03-23T23:20:00.000Z,BOUV,X,variation,channel,21872.27922591006,nT
2026-03-23T23:21:00.000Z,BOUV,X,variation,channel,21873.067260606706,nT
2026-03-23T23:22:00.000Z,BOUV,X,variation,channel,21873.79268309149,nT
2026-03-23T23:23:00.000Z,BOUV,X,variation,channel,21875.021765418045,nT
2026-03-23T23:24:00.000Z,BOUV,X,variation,channel,21876.46891137378,nT
2026-03-23T23:25:00.000Z,BOUV,X,variation,channel,21877.167248104568,nT
2026-03-23T23:26:00.000Z,BOUV,X,variation,channel,21877.375244506664,nT
2026-03-23T23:27:00.000Z,BOUV,X,variation,channel,21877.418093372682,nT
2026-03-23T23:28:00.000Z,BOUV,X,variation,channel,21877.496629447636,nT
2026-03-23T23:29:00.000Z,BOUV,X,variation,channel,21877.783511328205,nT
2026-03-23T23:30:00.000Z,BOUV,X,variation,channel,21877.802991351287,nT
2026-03-23T23:31:00.000Z,BOUV,X,variation,channel,21878.114554744334,nT
2026-03-23T23:32:00.000Z,BOUV,X,variation,channel,21878.38554570147,nT
2026-03-23T23:33:00.000Z,BOUV,X,variation,channel,21879.66888555332,nT
2026-03-23T23:34:00.000Z,BOUV,X,variation,channel,21880.502094292522,nT
2026-03-23T23:35:00.000Z,BOUV,X,variation,channel,21881.722821137762,nT
2026-03-23T23:36:00.000Z,BOUV,X,variation,channel,21882.790126641525,nT
2026-03-23T23:37:00.000Z,BOUV,X,variation,channel,21883.514738693524,nT
2026-03-23T23:38:00.000Z,BOUV,X,variation,channel,21884.383295769185,nT
2026-03-23T23:39:00.000Z,BOUV,X,variation,channel,21885.444228198943,nT
2026-03-23T23:40:00.000Z,BOUV,X,variation,channel,21885.484221083843,nT
2026-03-23T23:41:00.000Z,BOUV,X,variation,channel,21886.373528839562,nT
2026-03-23T23:42:00.000Z,BOUV,X,variation,channel,21885.002386309006,nT
2026-03-23T23:43:00.000Z,BOUV,X,variation,channel,21886.619020534425,nT
2026-03-23T23:44:00.000Z,BOUV,X,variation,channel,21888.425760777587,nT
2026-03-23T23:45:00.000Z,BOUV,X,variation,channel,21886.043141587576,nT
2026-03-23T23:46:00.000Z,BOUV,X,variation,channel,21883.073163268033,nT
2026-03-23T23:47:00.000Z,BOUV,X,variation,channel,21882.35589598654,nT
2026-03-23T23:48:00.000Z,BOUV,X,variation,channel,21881.263765077954,nT
2026-03-23T23:49:00.000Z,BOUV,X,variation,channel,21880.45492930309,nT
2026-03-23T23:50:00.000Z,BOUV,X,variation,channel,21878.869254445057,nT
2026-03-23T23:51:00.000Z,BOUV,X,variation,channel,21877.74668436981,nT
2026-03-23T23:52:00.000Z,BOUV,X,variation,channel,21879.189074311704,nT
2026-03-23T23:53:00.000Z,BOUV,X,variation,channel,21878.641994006055,nT
2026-03-23T23:54:00.000Z,BOUV,X,variation,channel,21879.219561383707,nT
2026-03-23T23:55:00.000Z,BOUV,X,variation,channel,21885.0516888786,nT
2026-03-23T23:56:00.000Z,BOUV,X,variation,channel,21888.71601679836,nT
2026-03-23T23:57:00.000Z,BOUV,X,variation,channel,21887.09433446729,nT
2026-03-23T23:58:00.000Z,BOUV,X,variation,channel,21883.57060347258,nT
2026-03-23T23:59:00.000Z,BOUV,X,variation,channel,21881.278852560074,nT
2026-03-24T00:00:00.000Z,BOUV,X,variation,channel,21878.999712676166,nT
2026-03-24T00:01:00.000Z,BOUV,X,variation,channel,21876.25606231752,nT
2026-03-24T00:02:00.000Z,BOUV,X,variation,channel,21873.996941692763,nT
2026-03-24T00:03:00.000Z,BOUV,X,variation,channel,21874.379747706058,nT
2026-03-24T00:04:00.000Z,BOUV,X,variation,channel,21873.33451670915,nT
2026-03-24T00:05:00.000Z,BOUV,X,variation,channel,21872.35163267157,nT
2026-03-24T00:06:00.000Z,BOUV,X,variation,channel,21871.450519651633,nT
2026-03-24T00:07:00.000Z,BOUV,X,variation,channel,21872.063429144404,nT
2026-03-24T00:08:00.000Z,BOUV,X,variation,channel,21871.844680265076,nT
2026-03-24T00:09:00.000Z,BOUV,X,variation,channel,21871.084619465866,nT
2026-03-24T00:10:00.000Z,BOUV,X,variation,channel,21871.3245350322,nT
2026-03-24T00:11:00.000Z,BOUV,X,variation,channel,21871.856429232324,nT
2026-03-24T00:12:00.000Z,BOUV,X,variation,channel,21872.10673426126,nT
2026-03-24T00:13:00.000Z,BOUV,X,variation,channel,21871.644303439756,nT
2026-03-24T00:14:00.000Z,BOUV,X,variation,channel,21872.101256804282,nT
2026-03-24T00:15:00.000Z,BOUV,X,variation,channel,21872.082084730104,nT
2026-03-24T00:16:00.000Z,BOUV,X,variation,channel,21871.908019063685,nT
2026-03-24T00:17:00.000Z,BOUV,X,variation,channel,21871.46005377094,nT
2026-03-24T00:18:00.000Z,BOUV,X,variation,channel,21871.259381146105,nT
2026-03-24T00:19:00.000Z,BOUV,X,variation,channel,21870.923689896415,nT
2026-03-24T00:20:00.000Z,BOUV,X,variation,channel,21870.838658607463,nT
2026-03-24T00:21:00.000Z,BOUV,X,variation,channel,21870.365125544315,nT
2026-03-24T00:22:00.000Z,BOUV,X,variation,channel,21871.18552742051,nT
2026-03-24T00:23:00.000Z,BOUV,X,variation,channel,21871.978471740746,nT
2026-03-24T00:24:00.000Z,BOUV,X,variation,channel,21872.185375264777,nT
2026-03-24T00:25:00.000Z,BOUV,X,variation,channel,21873.085528386622,nT
2026-03-24T00:26:00.000Z,BOUV,X,variation,channel,21873.7695054481,nT
2026-03-24T00:27:00.000Z,BOUV,X,variation,channel,21873.68448956814,nT
2026-03-24T00:28:00.000Z,BOUV,X,variation,channel,21873.687594219344,nT
2026-03-24T00:29:00.000Z,BOUV,X,variation,channel,21874.030467542118,nT
2026-03-24T00:30:00.000Z,BOUV,X,variation,channel,21874.154537113693,nT
2026-03-24T00:31:00.000Z,BOUV,X,variation,channel,21874.342273049853,nT
2026-03-24T00:32:00.000Z,BOUV,X,variation,channel,21874.5769032853,nT
2026-03-24T00:33:00.000Z,BOUV,X,variation,channel,21874.576144880233,nT
2026-03-24T00:34:00.000Z,BOUV,X,variation,channel,21873.724993561704,nT
2026-03-24T00:35:00.000Z,BOUV,X,variation,channel,21875.004780384017,nT
2026-03-24T00:36:00.000Z,BOUV,X,variation,channel,21874.964976795778,nT
2026-03-24T00:37:00.000Z,BOUV,X,variation,channel,21875.049903738432,nT
2026-03-24T00:38:00.000Z,BOUV,X,variation,channel,21875.892310560324,nT
2026-03-24T00:39:00.000Z,BOUV,X,variation,channel,21875.838852373814,nT
2026-03-24T00:40:00.000Z,BOUV,X,variation,channel,21876.108901698415,nT
2026-03-24T00:41:00.000Z,BOUV,X,variation,channel,21876.812003582723,nT
2026-03-24T00:42:00.000Z,BOUV,X,variation,channel,21877.37200157302,nT
2026-03-24T00:43:00.000Z,BOUV,X,variation,channel,21878.233725227885,nT
2026-03-24T00:44:00.000Z,BOUV,X,variation,channel,21878.070797215198,nT
2026-03-24T00:45:00.000Z,BOUV,X,variation,channel,21877.650206075858,nT
2026-03-24T00:46:00.000Z,BOUV,X,variation,channel,21877.45478686387,nT
2026-03-24T00:47:00.000Z,BOUV,X,variation,channel,21877.886797468258,nT
2026-03-24T00:48:00.000Z,BOUV,X,variation,channel,21878.742889923044,nT
2026-03-24T00:49:00.000Z,BOUV,X,variation,channel,21879.221166987856,nT
2026-03-24T00:50:00.000Z,BOUV,X,variation,channel,21879.230504214163,nT
2026-03-24T00:51:00.000Z,BOUV,X,variation,channel,21878.64638290891,nT
2026-03-24T00:52:00.000Z,BOUV,X,variation,channel,21878.828947673956,nT
2026-03-24T00:53:00.000Z,BOUV,X,variation,channel,21878.879908305633,nT
2026-03-24T00:54:00.000Z,BOUV,X,variation,channel,21878.89704859613,nT
2026-03-24T00:55:00.000Z,BOUV,X,variation,channel,21879.084181421644,nT
2026-03-24T00:56:00.000Z,BOUV,X,variation,channel,21880.346960504357,nT
2026-03-24T00:57:00.000Z,BOUV,X,variation,channel,21880.136966681603,nT
2026-03-24T00:58:00.000Z,BOUV,X,variation,channel,21880.446262166468,nT
2026-03-24T00:59:00.000Z,BOUV,X,variation,channel,21880.625421518504,nT
2026-03-24T01:00:00.000Z,BOUV,X,variation,channel,21880.360508452493,nT
2026-03-24T01:01:00.000Z,BOUV,X,variation,channel,21880.109955552798,nT
2026-03-24T01:02:00.000Z,BOUV,X,variation,channel,21880.063021048423,nT
2026-03-24T01:03:00.000Z,BOUV,X,variation,channel,21880.023545528533,nT
2026-03-24T01:04:00.000Z,BOUV,X,variation,channel,21880.23160693698,nT
2026-03-24T01:05:00.000Z,BOUV,X,variation,channel,21880.213996546183,nT
2026-03-24T01:06:00.000Z,BOUV,X,variation,channel,21880.107864595084,nT
2026-03-24T01:07:00.000Z,BOUV,X,variation,channel,21879.456432163384,nT
2026-03-24T01:08:00.000Z,BOUV,X,variation,channel,21879.388952789544,nT
2026-03-24T01:09:00.000Z,BOUV,X,variation,channel,21879.05030748503,nT
2026-03-24T01:10:00.000Z,BOUV,X,variation,channel,21879.19605516026,nT
2026-03-24T01:11:00.000Z,BOUV,X,variation,channel,21878.868071026143,nT
2026-03-24T01:12:00.000Z,BOUV,X,variation,channel,21879.473889765133,nT
2026-03-24T01:13:00.000Z,BOUV,X,variation,channel,21879.77653017861,nT
2026-03-24T01:14:00.000Z,BOUV,X,variation,channel,21879.464393872917,nT
2026-03-24T01:15:00.000Z,BOUV,X,variation,channel,21879.88235846548,nT
2026-03-24T01:16:00.000Z,BOUV,X,variation,channel,21880.270339677852,nT
2026-03-24T01:17:00.000Z,BOUV,X,variation,channel,21880.499812743856,nT
2026-03-24T01:18:00.000Z,BOUV,X,variation,channel,21880.979887924554,nT
2026-03-24T01:19:00.000Z,BOUV,X,variation,channel,21881.018430421624,nT
2026-03-24T01:20:00.000Z,BOUV,X,variation,channel,21881.005194952922,nT
2026-03-24T01:21:00.000Z,BOUV,X,variation,channel,21881.248757998936,nT
2026-03-24T01:22:00.000Z,BOUV,X,variation,channel,21881.336713802724,nT
2026-03-24T01:23:00.000Z,BOUV,X,variation,channel,21881.60749854807,nT
2026-03-24T01:24:00.000Z,BOUV,X,variation,channel,21881.84855818844,nT
2026-03-24T01:25:00.000Z,BOUV,X,variation,channel,21881.43351117648,nT
2026-03-24T01:26:00.000Z,BOUV,X,variation,channel,21880.786121103825,nT
2026-03-24T01:27:00.000Z,BOUV,X,variation,channel,21880.427460817213,nT
2026-03-24T01:28:00.000Z,BOUV,X,variation,channel,21879.91612769015,nT
2026-03-24T01:29:00.000Z,BOUV,X,variation,channel,21879.356220389527,nT
2026-03-24T01:30:00.000Z,BOUV,X,variation,channel,21878.821738653853,nT
2026-03-24T01:31:00.000Z,BOUV,X,variation,channel,21878.40581198109,nT
2026-03-24T01:32:00.000Z,BOUV,X,variation,channel,21877.846327471707,nT
2026-03-24T01:33:00.000Z,BOUV,X,variation,channel,21877.306548204127,nT
2026-03-24T01:34:00.000Z,BOUV,X,variation,channel,21877.08977515073,nT
2026-03-24T01:35:00.000Z,BOUV,X,variation,channel,21877.00425108445,nT
2026-03-24T01:36:00.000Z,BOUV,X,variation,channel,21876.81323630592,nT
2026-03-24T01:37:00.000Z,BOUV,X,variation,channel,21876.490280871563,nT
2026-03-24T01:38:00.000Z,BOUV,X,variation,channel,21876.458859309103,nT
2026-03-24T01:39:00.000Z,BOUV,X,variation,channel,21876.73016019518,nT
2026-03-24T01:40:00.000Z,BOUV,X,variation,channel,21877.197313613004,nT
2026-03-24T01:41:00.000Z,BOUV,X,variation,channel,21877.77075583443,nT
2026-03-24T01:42:00.000Z,BOUV,X,variation,channel,21878.07990295753,nT
2026-03-24T01:43:00.000Z,BOUV,X,variation,channel,21878.081945815546,nT
2026-03-24T01:44:00.000Z,BOUV,X,variation,channel,21878.160816191194,nT
2026-03-24T01:45:00.000Z,BOUV,X,variation,channel,21877.82682117853,nT
2026-03-24T01:46:00.000Z,BOUV,X,variation,channel,21877.504815378616,nT
2026-03-24T01:47:00.000Z,BOUV,X,variation,channel,21877.018942907354,nT
2026-03-24T01:48:00.000Z,BOUV,X,variation,channel,21878.0647733243,nT
2026-03-24T01:49:00.000Z,BOUV,X,variation,channel,21878.45078978268,nT
2026-03-24T01:50:00.000Z,BOUV,X,variation,channel,21878.86535799626,nT
2026-03-24T01:51:00.000Z,BOUV,X,variation,channel,21879.488785028578,nT
2026-03-24T01:52:00.000Z,BOUV,X,variation,channel,21880.06255562449,nT
2026-03-24T01:53:00.000Z,BOUV,X,variation,channel,21880.457961044973,nT
2026-03-24T01:54:00.000Z,BOUV,X,variation,channel,21880.53726949519,nT
2026-03-24T01:55:00.000Z,BOUV,X,variation,channel,21880.902861218983,nT
2026-03-24T01:56:00.000Z,BOUV,X,variation,channel,21880.93769932631,nT
2026-03-24T01:57:00.000Z,BOUV,X,variation,channel,21881.447017865205,nT
2026-03-24T01:58:00.000Z,BOUV,X,variation,channel,21881.591755557696,nT
2026-03-24T01:59:00.000Z,BOUV,X,variation,channel,21881.869497557414,nT
2026-03-24T02:00:00.000Z,BOUV,X,variation,channel,21882.309127243323,nT
2026-03-24T02:01:00.000Z,BOUV,X,variation,channel,21882.610046893275,nT
2026-03-24T02:02:00.000Z,BOUV,X,variation,channel,21882.293116094756,nT
2026-03-24T02:03:00.000Z,BOUV,X,variation,channel,21881.536659739246,nT
2026-03-24T02:04:00.000Z,BOUV,X,variation,channel,21881.212046404427,nT
2026-03-24T02:05:00.000Z,BOUV,X,variation,channel,21880.976536064638,nT
2026-03-24T02:06:00.000Z,BOUV,X,variation,channel,21880.26050421664,nT
2026-03-24T02:07:00.000Z,BOUV,X,variation,channel,21879.635566249624,nT
2026-03-24T02:08:00.000Z,BOUV,X,variation,channel,21879.634156598244,nT
2026-03-24T02:09:00.000Z,BOUV,X,variation,channel,21879.448587934377,nT
2026-03-24T02:10:00.000Z,BOUV,X,variation,channel,21878.566121180284,nT
2026-03-24T02:11:00.000Z,BOUV,X,variation,channel,21877.88502772765,nT
2026-03-24T02:12:00.000Z,BOUV,X,variation,channel,21877.076719350574,nT
2026-03-24T02:13:00.000Z,BOUV,X,variation,channel,21876.06726990682,nT
2026-03-24T02:14:00.000Z,BOUV,X,variation,channel,21875.023171298395,nT
2026-03-24T02:15:00.000Z,BOUV,X,variation,channel,21874.321074719253,nT
2026-03-24T02:16:00.000Z,BOUV,X,variation,channel,21873.780272751275,nT
2026-03-24T02:17:00.000Z,BOUV,X,variation,channel,21873.30241466259,nT
2026-03-24T02:18:00.000Z,BOUV,X,variation,channel,21873.246897365814,nT
2026-03-24T02:19:00.000Z,BOUV,X,variation,channel,21873.119640821475,nT
2026-03-24T02:20:00.000Z,BOUV,X,variation,channel,21872.989858644432,nT
2026-03-24T02:21:00.000Z,BOUV,X,variation,channel,21872.67195195982,nT
2026-03-24T02:22:00.000Z,BOUV,X,variation,channel,21872.689913519105,nT
2026-03-24T02:23:00.000Z,BOUV,X,variation,channel,21872.729590098497,nT
2026-03-24T02:24:00.000Z,BOUV,X,variation,channel,21872.794958442842,nT
2026-03-24T02:25:00.000Z,BOUV,X,variation,channel,21872.565681857726,nT
2026-03-24T02:26:00.000Z,BOUV,X,variation,channel,21872.527552340518,nT
2026-03-24T02:27:00.000Z,BOUV,X,variation,channel,21872.56347172285,nT
2026-03-24T02:28:00.000Z,BOUV,X,variation,channel,21873.219195121983,nT
2026-03-24T02:29:00.000Z,BOUV,X,variation,channel,21873.52009575388,nT
2026-03-24T02:30:00.000Z,BOUV,X,variation,channel,21874.313513508823,nT
2026-03-24T02:31:00.000Z,BOUV,X,variation,channel,21874.263094289454,nT
2026-03-24T02:32:00.000Z,BOUV,X,variation,channel,21874.615595984127,nT
2026-03-24T02:33:00.000Z,BOUV,X,variation,channel,21874.645384884207,nT
2026-03-24T02:34:00.000Z,BOUV,X,variation,channel,21875.099071364602,nT
2026-03-24T02:35:00.000Z,BOUV,X,variation,channel,21875.529612436898,nT
2026-03-24T02:36:00.000Z,BOUV,X,variation,channel,21875.760187881344,nT
2026-03-24T02:37:00.000Z,BOUV,X,variation,channel,21876.87362539384,nT
2026-03-24T02:38:00.000Z,BOUV,X,variation,channel,21878.393836182182,nT
2026-03-24T02:39:00.000Z,BOUV,X,variation,channel,21879.868560299834,nT
2026-03-24T02:40:00.000Z,BOUV,X,variation,channel,21881.521474613102,nT
2026-03-24T02:41:00.000Z,BOUV,X,variation,channel,21883.109323961122,nT
2026-03-24T02:42:00.000Z,BOUV,X,variation,channel,21884.327104596177,nT
2026-03-24T02:43:00.000Z,BOUV,X,variation,channel,21885.302361088907,nT
2026-03-24T02:44:00.000Z,BOUV,X,variation,channel,21886.224464790823,nT
2026-03-24T02:45:00.000Z,BOUV,X,variation,channel,21886.669375952726,nT
2026-03-24T02:46:00.000Z,BOUV,X,variation,channel,21887.167089449027,nT
2026-03-24T02:47:00.000Z,BOUV,X,variation,channel,21887.42279449934,nT
2026-03-24T02:48:00.000Z,BOUV,X,variation,channel,21887.6098821017,nT
2026-03-24T02:49:00.000Z,BOUV,X,variation,channel,21887.829893748753,nT
2026-03-24T02:50:00.000Z,BOUV,X,variation,channel,21887.770887728762,nT
2026-03-24T02:51:00.000Z,BOUV,X,variation,channel,21887.657558769057,nT
2026-03-24T02:52:00.000Z,BOUV,X,variation,channel,21887.664033074914,nT
2026-03-24T02:53:00.000Z,BOUV,X,variation,channel,21887.471559073056,nT
2026-03-24T02:54:00.000Z,BOUV,X,variation,channel,21887.51622401001,nT
2026-03-24T02:55:00.000Z,BOUV,X,variation,channel,21887.561259589565,nT
2026-03-24T02:56:00.000Z,BOUV,X,variation,channel,21887.528636592775,nT
2026-03-24T02:57:00.000Z,BOUV,X,variation,channel,21887.533358985125,nT
2026-03-24T02:58:00.000Z,BOUV,X,variation,channel,21887.49929891231,nT
2026-03-24T02:59:00.000Z,BOUV,X,variation,channel,21887.322071737624,nT
2026-03-24T03:00:00.000Z,BOUV,X,variation,channel,21887.243046686053,nT
2026-03-24T03:01:00.000Z,BOUV,X,variation,channel,21886.99004446304,nT
2026-03-24T03:02:00.000Z,BOUV,X,variation,channel,21886.707362505575,nT
2026-03-24T03:03:00.000Z,BOUV,X,variation,channel,21886.88583762045,nT
2026-03-24T03:04:00.000Z,BOUV,X,variation,channel,21886.927046913956,nT
2026-03-24T03:05:00.000Z,BOUV,X,variation,channel,21886.673829363644,nT
2026-03-24T03:06:00.000Z,BOUV,X,variation,channel,21886.48112864056,nT
2026-03-24T03:07:00.000Z,BOUV,X,variation,channel,21885.980887440684,nT
2026-03-24T03:08:00.000Z,BOUV,X,variation,channel,21885.593821952574,nT
2026-03-24T03:09:00.000Z,BOUV,X,variation,channel,21885.323420320346,nT
2026-03-24T03:10:00.000Z,BOUV,X,variation,channel,21885.206941168224,nT
2026-03-24T03:11:00.000Z,BOUV,X,variation,channel,21885.22178707448,nT
2026-03-24T03:12:00.000Z,BOUV,X,variation,channel,21885.157479449168,nT
2026-03-24T03:13:00.000Z,BOUV,X,variation,channel,21885.055255176478,nT
2026-03-24T03:14:00.000Z,BOUV,X,variation,channel,21885.084828966854,nT
2026-03-24T03:15:00.000Z,BOUV,X,variation,channel,21885.086856531132,nT
2026-03-24T03:16:00.000Z,BOUV,X,variation,channel,21885.282106082763,nT
2026-03-24T03:17:00.000Z,BOUV,X,variation,channel,21885.316406625534,nT
2026-03-24T03:18:00.000Z,BOUV,X,variation,channel,21885.508663803863,nT
2026-03-24T03:19:00.000Z,BOUV,X,variation,channel,21885.78678641114,nT
2026-03-24T03:20:00.000Z,BOUV,X,variation,channel,21886.01357583988,nT
2026-03-24T03:21:00.000Z,BOUV,X,variation,channel,21886.796752283146,nT
2026-03-24T03:22:00.000Z,BOUV,X,variation,channel,21887.821784613297,nT
2026-03-24T03:23:00.000Z,BOUV,X,variation,channel,21888.270852268848,nT
2026-03-24T03:24:00.000Z,BOUV,X,variation,channel,21888.990767403895,nT
2026-03-24T03:25:00.000Z,BOUV,X,variation,channel,21889.467412365313,nT
2026-03-24T03:26:00.000Z,BOUV,X,variation,channel,21890.18840315367,nT
2026-03-24T03:27:00.000Z,BOUV,X,variation,channel,21890.882925819154,nT
2026-03-24T03:28:00.000Z,BOUV,X,variation,channel,21891.24249400614,nT
2026-03-24T03:29:00.000Z,BOUV,X,variation,channel,21892.045575805732,nT
2026-03-24T03:30:00.000Z,BOUV,X,variation,channel,21892.45819899379,nT
2026-03-24T03:31:00.000Z,BOUV,X,variation,channel,21892.975593712275,nT
2026-03-24T03:32:00.000Z,BOUV,X,variation,channel,21893.211102756864,nT
2026-03-24T03:33:00.000Z,BOUV,X,variation,channel,21893.63977568293,nT
2026-03-24T03:34:00.000Z,BOUV,X,variation,channel,21893.909540014265,nT
2026-03-24T03:35:00.000Z,BOUV,X,variation,channel,21894.13673151688,nT
2026-03-24T03:36:00.000Z,BOUV,X,variation,channel,21894.518250966226,nT
2026-03-24T03:37:00.000Z,BOUV,X,variation,channel,21894.708561706324,nT
2026-03-24T03:38:00.000Z,BOUV,X,variation,channel,21894.430505085656,nT
2026-03-24T03:39:00.000Z,BOUV,X,variation,channel,21893.814225737253,nT
2026-03-24T03:40:00.000Z,BOUV,X,variation,channel,21892.84391562684,nT
2026-03-24T03:41:00.000Z,BOUV,X,variation,channel,21894.307819256457,nT
2026-03-24T03:42:00.000Z,BOUV,X,variation,channel,21895.76285231442,nT
2026-03-24T03:43:00.000Z,BOUV,X,variation,channel,21898.04583273643,nT
2026-03-24T03:44:00.000Z,BOUV,X,variation,channel,21901.138629799945,nT
2026-03-24T03:45:00.000Z,BOUV,X,variation,channel,21901.75635889989,nT
2026-03-24T03:46:00.000Z,BOUV,X,variation,channel,21903.27953732268,nT
2026-03-24T03:47:00.000Z,BOUV,X,variation,channel,21903.115696406265,nT
2026-03-24T03:48:00.000Z,BOUV,X,variation,channel,21903.309276793447,nT
2026-03-24T03:49:00.000Z,BOUV,X,variation,channel,21904.382964436,nT
2026-03-24T03:50:00.000Z,BOUV,X,variation,channel,21906.337467934536,nT
2026-03-24T03:51:00.000Z,BOUV,X,variation,channel,21908.68280159433,nT
2026-03-24T03:52:00.000Z,BOUV,X,variation,channel,21910.89795107881,nT
2026-03-24T03:53:00.000Z,BOUV,X,variation,channel,21912.841355949324,nT
2026-03-24T03:54:00.000Z,BOUV,X,variation,channel,21914.028127744525,nT
2026-03-24T03:55:00.000Z,BOUV,X,variation,channel,21916.671349748893,nT
2026-03-24T03:56:00.000Z,BOUV,X,variation,channel,21917.676183781256,nT
2026-03-24T03:57:00.000Z,BOUV,X,variation,channel,21917.805366932847,nT
2026-03-24T03:58:00.000Z,BOUV,X,variation,channel,21917.911467362304,nT
2026-03-24T03:59:00.000Z,BOUV,X,variation,channel,21918.559584468643,nT
2026-03-24T04:00:00.000Z,BOUV,X,variation,channel,21919.12853348673,nT
2026-03-24T04:01:00.000Z,BOUV,X,variation,channel,21918.930066781726,nT
2026-03-24T04:02:00.000Z,BOUV,X,variation,channel,21918.74770943822,nT
2026-03-24T04:03:00.000Z,BOUV,X,variation,channel,21918.457285180037,nT
2026-03-24T04:04:00.000Z,BOUV,X,variation,channel,21917.780722909214,nT
2026-03-24T04:05:00.000Z,BOUV,X,variation,channel,21916.666069622763,nT
2026-03-24T04:06:00.000Z,BOUV,X,variation,channel,21915.72489420276,nT
2026-03-24T04:07:00.000Z,BOUV,X,variation,channel,21915.56695056353,nT
2026-03-24T04:08:00.000Z,BOUV,X,variation,channel,21915.482109652934,nT
2026-03-24T04:09:00.000Z,BOUV,X,variation,channel,21915.704995445998,nT
2026-03-24T04:10:00.000Z,BOUV,X,variation,channel,21915.61541088275,nT
2026-03-24T04:11:00.000Z,BOUV,X,variation,channel,21916.37267781932,nT
2026-03-24T04:12:00.000Z,BOUV,X,variation,channel,21916.927544325332,nT
2026-03-24T04:13:00.000Z,BOUV,X,variation,channel,21917.139869349216,nT
2026-03-24T04:14:00.000Z,BOUV,X,variation,channel,21918.548662932044,nT
2026-03-24T04:15:00.000Z,BOUV,X,variation,channel,21919.283176478482,nT
2026-03-24T04:16:00.000Z,BOUV,X,variation,channel,21919.829492718247,nT
2026-03-24T04:17:00.000Z,BOUV,X,variation,channel,21920.743641794565,nT
2026-03-24T04:18:00.000Z,BOUV,X,variation,channel,21920.627553476843,nT
2026-03-24T04:19:00.000Z,BOUV,X,variation,channel,21920.263371753415,nT
2026-03-24T04:20:00.000Z,BOUV,X,variation,channel,21919.55080385575,nT
2026-03-24T04:21:00.000Z,BOUV,X,variation,channel,21918.700624860026,nT
2026-03-24T04:22:00.000Z,BOUV,X,variation,channel,21917.804422604822,nT
2026-03-24T04:23:00.000Z,BOUV,X,variation,channel,21915.958094216938,nT
2026-03-24T04:24:00.000Z,BOUV,X,variation,channel,21914.73495291751,nT
2026-03-24T04:25:00.000Z,BOUV,X,variation,channel,21912.662210116865,nT
2026-03-24T04:26:00.000Z,BOUV,X,variation,channel,21911.0903407505,nT
2026-03-24T04:27:00.000Z,BOUV,X,variation,channel,21909.382549691785,nT
2026-03-24T04:28:00.000Z,BOUV,X,variation,channel,21907.980000523643,nT
2026-03-24T04:29:00.000Z,BOUV,X,variation,channel,21906.73669615236,nT
2026-03-24T04:30:00.000Z,BOUV,X,variation,channel,21905.707438963247,nT
2026-03-24T04:31:00.000Z,BOUV,X,variation,channel,21904.575978884593,nT
2026-03-24T04:32:00.000Z,BOUV,X,variation,channel,21903.579984018303,nT
2026-03-24T04:33:00.000Z,BOUV,X,variation,channel,21903.33891673919,nT
2026-03-24T04:34:00.000Z,BOUV,X,variation,channel,21902.833031133734,nT
2026-03-24T04:35:00.000Z,BOUV,X,variation,channel,21902.313299901412,nT
2026-03-24T04:36:00.000Z,BOUV,X,variation,channel,21902.488557064426,nT
2026-03-24T04:37:00.000Z,BOUV,X,variation,channel,21902.77591970331,nT
2026-03-24T04:38:00.000Z,BOUV,X,variation,channel,21903.47892199473,nT
2026-03-24T04:39:00.000Z,BOUV,X,variation,channel,21903.828266083176,nT
2026-03-24T04:40:00.000Z,BOUV,X,variation,channel,21904.23283829804,nT
2026-03-24T04:41:00.000Z,BOUV,X,variation,channel,21904.910370135232,nT
2026-03-24T04:42:00.000Z,BOUV,X,variation,channel,21905.27416836874,nT
2026-03-24T04:43:00.000Z,BOUV,X,variation,channel,21904.305750506537,nT
2026-03-24T04:44:00.000Z,BOUV,X,variation,channel,21902.86373217062,nT
2026-03-24T04:45:00.000Z,BOUV,X,variation,channel,21902.366216411803,nT
2026-03-24T04:46:00.000Z,BOUV,X,variation,channel,21901.435255422577,nT
2026-03-24T04:47:00.000Z,BOUV,X,variation,channel,21900.242028247416,nT
2026-03-24T04:48:00.000Z,BOUV,X,variation,channel,21899.461882262633,nT
2026-03-24T04:49:00.000Z,BOUV,X,variation,channel,21898.700483912628,nT
2026-03-24T04:50:00.000Z,BOUV,X,variation,channel,21897.865780447144,nT
2026-03-24T04:51:00.000Z,BOUV,X,variation,channel,21896.689313974413,nT
2026-03-24T04:52:00.000Z,BOUV,X,variation,channel,21895.54034060021,nT
2026-03-24T04:53:00.000Z,BOUV,X,variation,channel,21894.78917357592,nT
2026-03-24T04:54:00.000Z,BOUV,X,variation,channel,21893.86857333356,nT
2026-03-24T04:55:00.000Z,BOUV,X,variation,channel,21893.08681726354,nT
2026-03-24T04:56:00.000Z,BOUV,X,variation,channel,21891.74123141619,nT
2026-03-24T04:57:00.000Z,BOUV,X,variation,channel,21890.6120699185,nT
2026-03-24T04:58:00.000Z,BOUV,X,variation,channel,21889.168232461197,nT
2026-03-24T04:59:00.000Z,BOUV,X,variation,channel,21887.66577704383,nT
2026-03-24T05:00:00.000Z,BOUV,X,variation,channel,21886.92008882184,nT
2026-03-24T05:01:00.000Z,BOUV,X,variation,channel,21886.49085476701,nT
2026-03-24T05:02:00.000Z,BOUV,X,variation,channel,21885.746086173902,nT
2026-03-24T05:03:00.000Z,BOUV,X,variation,channel,21884.418842894742,nT
2026-03-24T05:04:00.000Z,BOUV,X,variation,channel,21883.182794839122,nT
2026-03-24T05:05:00.000Z,BOUV,X,variation,channel,21881.42476947592,nT
2026-03-24T05:06:00.000Z,BOUV,X,variation,channel,21880.11763859589,nT
2026-03-24T05:07:00.000Z,BOUV,X,variation,channel,21879.08310762921,nT
2026-03-24T05:08:00.000Z,BOUV,X,variation,channel,21877.80573210394,nT
2026-03-24T05:09:00.000Z,BOUV,X,variation,channel,21877.470654145385,nT
2026-03-24T05:10:00.000Z,BOUV,X,variation,channel,21877.07482986296,nT
2026-03-24T05:11:00.000Z,BOUV,X,variation,channel,21875.809723614988,nT
2026-03-24T05:12:00.000Z,BOUV,X,variation,channel,21875.78906878229,nT
2026-03-24T05:13:00.000Z,BOUV,X,variation,channel,21876.64418397289,nT
2026-03-24T05:14:00.000Z,BOUV,X,variation,channel,21877.1638822423,nT
2026-03-24T05:15:00.000Z,BOUV,X,variation,channel,21877.63411727033,nT
2026-03-24T05:16:00.000Z,BOUV,X,variation,channel,21877.4728261957,nT
2026-03-24T05:17:00.000Z,BOUV,X,variation,channel,21877.130806139303,nT
2026-03-24T05:18:00.000Z,BOUV,X,variation,channel,21876.333791823792,nT
2026-03-24T05:19:00.000Z,BOUV,X,variation,channel,21875.576518161888,nT
2026-03-24T05:20:00.000Z,BOUV,X,variation,channel,21875.088771275092,nT
2026-03-24T05:21:00.000Z,BOUV,X,variation,channel,21874.312654956946,nT
2026-03-24T05:22:00.000Z,BOUV,X,variation,channel,21873.701185504175,nT
2026-03-24T05:23:00.000Z,BOUV,X,variation,channel,21873.500241650552,nT
2026-03-24T05:24:00.000Z,BOUV,X,variation,channel,21873.086285839156,nT
2026-03-24T05:25:00.000Z,BOUV,X,variation,channel,21872.48527841423,nT
2026-03-24T05:26:00.000Z,BOUV,X,variation,channel,21871.710180356673,nT
2026-03-24T05:27:00.000Z,BOUV,X,variation,channel,21871.319360236288,nT
2026-03-24T05:28:00.000Z,BOUV,X,variation,channel,21871.098405760855,nT
2026-03-24T05:29:00.000Z,BOUV,X,variation,channel,21870.79705273181,nT
2026-03-24T05:30:00.000Z,BOUV,X,variation,channel,21870.884324965307,nT
2026-03-24T05:31:00.000Z,BOUV,X,variation,channel,21870.82716924389,nT
2026-03-24T05:32:00.000Z,BOUV,X,variation,channel,21870.300485636075,nT
2026-03-24T05:33:00.000Z,BOUV,X,variation,channel,21869.448355460303,nT
2026-03-24T05:34:00.000Z,BOUV,X,variation,channel,21868.972003131224,nT
2026-03-24T05:35:00.000Z,BOUV,X,variation,channel,21868.352909854137,nT
2026-03-24T05:36:00.000Z,BOUV,X,variation,channel,21868.01215020073,nT
2026-03-24T05:37:00.000Z,BOUV,X,variation,channel,21867.83647344105,nT
2026-03-24T05:38:00.000Z,BOUV,X,variation,channel,21867.848823091375,nT
2026-03-24T05:39:00.000Z,BOUV,X,variation,channel,21867.990344443744,nT
2026-03-24T05:40:00.000Z,BOUV,X,variation,channel,21868.102835339145,nT
2026-03-24T05:41:00.000Z,BOUV,X,variation,channel,21868.099776734813,nT
2026-03-24T05:42:00.000Z,BOUV,X,variation,channel,21868.054749364102,nT
2026-03-24T05:43:00.000Z,BOUV,X,variation,channel,21867.68207150139,nT
2026-03-24T05:44:00.000Z,BOUV,X,variation,channel,21866.98594124485,nT
2026-03-24T05:45:00.000Z,BOUV,X,variation,channel,21866.300413651472,nT
2026-03-24T05:46:00.000Z,BOUV,X,variation,channel,21866.004292874295,nT
2026-03-24T05:47:00.000Z,BOUV,X,variation,channel,21865.462719752835,nT
2026-03-24T05:48:00.000Z,BOUV,X,variation,channel,21865.15786069172,nT
2026-03-24T05:49:00.000Z,BOUV,X,variation,channel,21865.151306684438,nT
2026-03-24T05:50:00.000Z,BOUV,X,variation,channel,21864.90372878612,nT
2026-03-24T05:51:00.000Z,BOUV,X,variation,channel,21864.717564172628,nT
2026-03-24T05:52:00.000Z,BOUV,X,variation,channel,21864.605739042636,nT
2026-03-24T05:53:00.000Z,BOUV,X,variation,channel,21864.453704851232,nT
2026-03-24T05:54:00.000Z,BOUV,X,variation,channel,21864.331032212325,nT
2026-03-24T05:55:00.000Z,BOUV,X,variation,channel,21864.47375976169,nT
2026-03-24T05:56:00.000Z,BOUV,X,variation,channel,21864.98162992005,nT
2026-03-24T05:57:00.000Z,BOUV,X,variation,channel,21865.586310022092,nT
2026-03-24T05:58:00.000Z,BOUV,X,variation,channel,21866.01665267018,nT
2026-03-24T05:59:00.000Z,BOUV,X,variation,channel,21866.53931133934,nT
2026-03-24T06:00:00.000Z,BOUV,X,variation,channel,21866.944671720077,nT
2026-03-24T06:01:00.000Z,BOUV,X,variation,channel,21867.644934889355,nT
2026-03-24T06:02:00.000Z,BOUV,X,variation,channel,21868.096938971365,nT
2026-03-24T06:03:00.000Z,BOUV,X,variation,channel,21868.554230888163,nT
2026-03-24T06:04:00.000Z,BOUV,X,variation,channel,21869.209417499154,nT
2026-03-24T06:05:00.000Z,BOUV,X,variation,channel,21869.93557453988,nT
2026-03-24T06:06:00.000Z,BOUV,X,variation,channel,21870.54243858657,nT
2026-03-24T06:07:00.000Z,BOUV,X,variation,channel,21870.71388851255,nT
2026-03-24T06:08:00.000Z,BOUV,X,variation,channel,21870.523882356872,nT
2026-03-24T06:09:00.000Z,BOUV,X,variation,channel,21870.25436180449,nT
2026-03-24T06:10:00.000Z,BOUV,X,variation,channel,21870.303819782002,nT
2026-03-24T06:11:00.000Z,BOUV,X,variation,channel,21869.87370352378,nT
2026-03-24T06:12:00.000Z,BOUV,X,variation,channel,21869.652371072978,nT
2026-03-24T06:13:00.000Z,BOUV,X,variation,channel,21869.646852262333,nT
2026-03-24T06:14:00.000Z,BOUV,X,variation,channel,21869.634830275794,nT
2026-03-24T06:15:00.000Z,BOUV,X,variation,channel,21870.040154132694,nT
2026-03-24T06:16:00.000Z,BOUV,X,variation,channel,21870.39484760222,nT
2026-03-24T06:17:00.000Z,BOUV,X,variation,channel,21869.997133401444,nT
2026-03-24T06:18:00.000Z,BOUV,X,variation,channel,21869.036647510333,nT
2026-03-24T06:19:00.000Z,BOUV,X,variation,channel,21868.52722741045,nT
2026-03-24T06:20:00.000Z,BOUV,X,variation,channel,21868.244459968093,nT
2026-03-24T06:21:00.000Z,BOUV,X,variation,channel,21867.5454933286,nT
2026-03-24T06:22:00.000Z,BOUV,X,variation,channel,21867.03377963103,nT
2026-03-24T06:23:00.000Z,BOUV,X,variation,channel,21866.9418879894,nT
2026-03-24T06:24:00.000Z,BOUV,X,variation,channel,21866.93975958498,nT
2026-03-24T06:25:00.000Z,BOUV,X,variation,channel,21867.053134123307,nT
2026-03-24T06:26:00.000Z,BOUV,X,variation,channel,21867.408431252992,nT
2026-03-24T06:27:00.000Z,BOUV,X,variation,channel,21868.49638846162,nT
2026-03-24T06:28:00.000Z,BOUV,X,variation,channel,21870.396598401556,nT
2026-03-24T06:29:00.000Z,BOUV,X,variation,channel,21872.48403127174,nT
2026-03-24T06:30:00.000Z,BOUV,X,variation,channel,21874.780919052308,nT
2026-03-24T06:31:00.000Z,BOUV,X,variation,channel,21876.097574487292,nT
2026-03-24T06:32:00.000Z,BOUV,X,variation,channel,21878.28476779984,nT
2026-03-24T06:33:00.000Z,BOUV,X,variation,channel,21879.624099419212,nT
2026-03-24T06:34:00.000Z,BOUV,X,variation,channel,21881.03583419074,nT
2026-03-24T06:35:00.000Z,BOUV,X,variation,channel,21882.3094303253,nT
2026-03-24T06:36:00.000Z,BOUV,X,variation,channel,21883.169283411702,nT
2026-03-24T06:37:00.000Z,BOUV,X,variation,channel,21884.037601102842,nT
2026-03-24T06:38:00.000Z,BOUV,X,variation,channel,21885.458101876055,nT
2026-03-24T06:39:00.000Z,BOUV,X,variation,channel,21886.257299513905,nT
2026-03-24T06:40:00.000Z,BOUV,X,variation,channel,21886.957226874576,nT
2026-03-24T06:41:00.000Z,BOUV,X,variation,channel,21887.242566277277,nT
2026-03-24T06:42:00.000Z,BOUV,X,variation,channel,21887.561768695152,nT
2026-03-24T06:43:00.000Z,BOUV,X,variation,channel,21888.22684304369,nT
2026-03-24T06:44:00.000Z,BOUV,X,variation,channel,21888.88097074712,nT
2026-03-24T06:45:00.000Z,BOUV,X,variation,channel,21888.74419610051,nT
2026-03-24T06:46:00.000Z,BOUV,X,variation,channel,21888.96467361654,nT
2026-03-24T06:47:00.000Z,BOUV,X,variation,channel,21889.603273953693,nT
2026-03-24T06:48:00.000Z,BOUV,X,variation,channel,21889.80670228604,nT
2026-03-24T06:49:00.000Z,BOUV,X,variation,channel,21890.541265686006,nT
2026-03-24T06:50:00.000Z,BOUV,X,variation,channel,21891.333492168727,nT
2026-03-24T06:51:00.000Z,BOUV,X,variation,channel,21891.498599649196,nT
2026-03-24T06:52:00.000Z,BOUV,X,variation,channel,21891.81772511492,nT
2026-03-24T06:53:00.000Z,BOUV,X,variation,channel,21891.585293784487,nT
2026-03-24T06:54:00.000Z,BOUV,X,variation,channel,21891.050171508756,nT
2026-03-24T06:55:00.000Z,BOUV,X,variation,channel,21890.276493742196,nT
2026-03-24T06:56:00.000Z,BOUV,X,variation,channel,21889.516333408566,nT
2026-03-24T06:57:00.000Z,BOUV,X,variation,channel,21888.54935634886,nT
2026-03-24T06:58:00.000Z,BOUV,X,variation,channel,21887.918898148666,nT
2026-03-24T06:59:00.000Z,BOUV,X,variation,channel,21887.4488312089,nT
2026-03-24T07:00:00.000Z,BOUV,X,variation,channel,21887.778893103747,nT
2026-03-24T07:01:00.000Z,BOUV,X,variation,channel,21887.99570348143,nT
2026-03-24T07:02:00.000Z,BOUV,X,variation,channel,21887.77425099341,nT
2026-03-24T07:03:00.000Z,BOUV,X,variation,channel,21887.821004061763,nT
2026-03-24T07:04:00.000Z,BOUV,X,variation,channel,21887.56770609005,nT
2026-03-24T07:05:00.000Z,BOUV,X,variation,channel,21887.60486549345,nT
2026-03-24T07:06:00.000Z,BOUV,X,variation,channel,21887.847307446606,nT
2026-03-24T07:07:00.000Z,BOUV,X,variation,channel,21887.886327395114,nT
2026-03-24T07:08:00.000Z,BOUV,X,variation,channel,21887.82645382742,nT
2026-03-24T07:09:00.000Z,BOUV,X,variation,channel,21887.680977595606,nT
2026-03-24T07:10:00.000Z,BOUV,X,variation,channel,21887.68952985916,nT
2026-03-24T07:11:00.000Z,BOUV,X,variation,channel,21888.04652047103,nT
2026-03-24T07:12:00.000Z,BOUV,X,variation,channel,21887.636821254993,nT
2026-03-24T07:13:00.000Z,BOUV,X,variation,channel,21887.198765369827,nT
2026-03-24T07:14:00.000Z,BOUV,X,variation,channel,21886.066120270196,nT
2026-03-24T07:15:00.000Z,BOUV,X,variation,channel,21885.16786365535,nT
2026-03-24T07:16:00.000Z,BOUV,X,variation,channel,21884.364948860304,nT
2026-03-24T07:17:00.000Z,BOUV,X,variation,channel,21883.734132091537,nT
2026-03-24T07:18:00.000Z,BOUV,X,variation,channel,21883.112133749226,nT
2026-03-24T07:19:00.000Z,BOUV,X,variation,channel,21882.187491526558,nT
2026-03-24T07:20:00.000Z,BOUV,X,variation,channel,21881.38489356515,nT
2026-03-24T07:21:00.000Z,BOUV,X,variation,channel,21881.54706012914,nT
2026-03-24T07:22:00.000Z,BOUV,X,variation,channel,21881.5364567466,nT
2026-03-24T07:23:00.000Z,BOUV,X,variation,channel,21880.848957541624,nT
2026-03-24T07:24:00.000Z,BOUV,X,variation,channel,21880.563562279385,nT
2026-03-24T07:25:00.000Z,BOUV,X,variation,channel,21880.458673125362,nT
2026-03-24T07:26:00.000Z,BOUV,X,variation,channel,21880.27150507696,nT
2026-03-24T07:27:00.000Z,BOUV,X,variation,channel,21881.006366012287,nT
2026-03-24T07:28:00.000Z,BOUV,X,variation,channel,21881.238382986197,nT
2026-03-24T07:29:00.000Z,BOUV,X,variation,channel,21881.897947271853,nT
2026-03-24T07:30:00.000Z,BOUV,X,variation,channel,21882.387817732197,nT
2026-03-24T07:31:00.000Z,BOUV,X,variation,channel,21883.863901382494,nT
2026-03-24T07:32:00.000Z,BOUV,X,variation,channel,21885.140124921632,nT
2026-03-24T07:33:00.000Z,BOUV,X,variation,channel,21887.029388683455,nT
2026-03-24T07:34:00.000Z,BOUV,X,variation,channel,21889.295886180356,nT
2026-03-24T07:35:00.000Z,BOUV,X,variation,channel,21891.884943871722,nT
2026-03-24T07:36:00.000Z,BOUV,X,variation,channel,21893.78370390959,nT
2026-03-24T07:37:00.000Z,BOUV,X,variation,channel,21895.515439095685,nT
2026-03-24T07:38:00.000Z,BOUV,X,variation,channel,21896.39787886079,nT
2026-03-24T07:39:00.000Z,BOUV,X,variation,channel,21897.13328094204,nT
2026-03-24T07:40:00.000Z,BOUV,X,variation,channel,21897.959704384753,nT
2026-03-24T07:41:00.000Z,BOUV,X,variation,channel,21898.7502153097,nT
2026-03-24T07:42:00.000Z,BOUV,X,variation,channel,21899.306838632994,nT
2026-03-24T07:43:00.000Z,BOUV,X,variation,channel,21898.877879268395,nT
2026-03-24T07:44:00.000Z,BOUV,X,variation,channel,21898.93653317007,nT
2026-03-24T07:45:00.000Z,BOUV,X,variation,channel,21899.460661223864,nT
2026-03-24T07:46:00.000Z,BOUV,X,variation,channel,21899.36041737222,nT
2026-03-24T07:47:00.000Z,BOUV,X,variation,channel,21899.60050981354,nT
2026-03-24T07:48:00.000Z,BOUV,X,variation,channel,21898.83088805054,nT
2026-03-24T07:49:00.000Z,BOUV,X,variation,channel,21897.786909391994,nT
2026-03-24T07:50:00.000Z,BOUV,X,variation,channel,21897.12508068541,nT
2026-03-24T07:51:00.000Z,BOUV,X,variation,channel,21895.943411704087,nT
2026-03-24T07:52:00.000Z,BOUV,X,variation,channel,21895.18613455104,nT
2026-03-24T07:53:00.000Z,BOUV,X,variation,channel,21894.878605336828,nT
2026-03-24T07:54:00.000Z,BOUV,X,variation,channel,21894.73744924717,nT
2026-03-24T07:55:00.000Z,BOUV,X,variation,channel,21894.055393425668,nT
2026-03-24T07:56:00.000Z,BOUV,X,variation,channel,21893.025688538793,nT
2026-03-24T07:57:00.000Z,BOUV,X,variation,channel,21892.66749292663,nT
2026-03-24T07:58:00.000Z,BOUV,X,variation,channel,21891.876232180384,nT
2026-03-24T07:59:00.000Z,BOUV,X,variation,channel,21891.290140019264,nT
2026-03-24T08:00:00.000Z,BOUV,X,variation,channel,21890.973351875225,nT
2026-03-24T08:01:00.000Z,BOUV,X,variation,channel,21890.787069569335,nT
2026-03-24T08:02:00.000Z,BOUV,X,variation,channel,21889.834081154946,nT
2026-03-24T08:03:00.000Z,BOUV,X,variation,channel,21889.15544257906,nT
2026-03-24T08:04:00.000Z,BOUV,X,variation,channel,21888.622104255854,nT
2026-03-24T08:05:00.000Z,BOUV,X,variation,channel,21888.311722730035,nT
2026-03-24T08:06:00.000Z,BOUV,X,variation,channel,21887.504312074416,nT
2026-03-24T08:07:00.000Z,BOUV,X,variation,channel,21887.184835785818,nT
2026-03-24T08:08:00.000Z,BOUV,X,variation,channel,21887.037302124878,nT
2026-03-24T08:09:00.000Z,BOUV,X,variation,channel,21886.736882478646,nT
2026-03-24T08:10:00.000Z,BOUV,X,variation,channel,21886.80116033432,nT
2026-03-24T08:11:00.000Z,BOUV,X,variation,channel,21887.141306146328,nT
2026-03-24T08:12:00.000Z,BOUV,X,variation,channel,21886.982780493083,nT
2026-03-24T08:13:00.000Z,BOUV,X,variation,channel,21887.00120512128,nT
2026-03-24T08:14:00.000Z,BOUV,X,variation,channel,21887.11806331436,nT
2026-03-24T08:15:00.000Z,BOUV,X,variation,channel,21887.73767626833,nT
2026-03-24T08:16:00.000Z,BOUV,X,variation,channel,21888.52200170521,nT
2026-03-24T08:17:00.000Z,BOUV,X,variation,channel,21888.77775728076,nT
2026-03-24T08:18:00.000Z,BOUV,X,variation,channel,21889.190172071125,nT
2026-03-24T08:19:00.000Z,BOUV,X,variation,channel,21889.768023312732,nT
2026-03-24T08:20:00.000Z,BOUV,X,variation,channel,21890.131180457767,nT
2026-03-24T08:21:00.000Z,BOUV,X,variation,channel,21890.51562052557,nT
2026-03-24T08:22:00.000Z,BOUV,X,variation,channel,21891.122432650598,nT
2026-03-24T08:23:00.000Z,BOUV,X,variation,channel,21891.44300539689,nT
2026-03-24T08:24:00.000Z,BOUV,X,variation,channel,21892.11644283865,nT
2026-03-24T08:25:00.000Z,BOUV,X,variation,channel,21892.417469534856,nT
2026-03-24T08:26:00.000Z,BOUV,X,variation,channel,21893.029263739954,nT
2026-03-24T08:27:00.000Z,BOUV,X,variation,channel,21894.302190355855,nT
2026-03-24T08:28:00.000Z,BOUV,X,variation,channel,21895.686374374436,nT
2026-03-24T08:29:00.000Z,BOUV,X,variation,channel,21896.124335670826,nT
2026-03-24T08:30:00.000Z,BOUV,X,variation,channel,21895.9067307187,nT
2026-03-24T08:31:00.000Z,BOUV,X,variation,channel,21895.18660402127,nT
2026-03-24T08:32:00.000Z,BOUV,X,variation,channel,21894.702567848548,nT
2026-03-24T08:33:00.000Z,BOUV,X,variation,channel,21894.35646292599,nT
2026-03-24T08:34:00.000Z,BOUV,X,variation,channel,21894.056358865306,nT
2026-03-24T08:35:00.000Z,BOUV,X,variation,channel,21893.623956547133,nT
2026-03-24T08:36:00.000Z,BOUV,X,variation,channel,21893.219496740232,nT
2026-03-24T08:37:00.000Z,BOUV,X,variation,channel,21892.71140501441,nT
2026-03-24T08:38:00.000Z,BOUV,X,variation,channel,21892.530672013938,nT
2026-03-24T08:39:00.000Z,BOUV,X,variation,channel,21892.466264713214,nT
2026-03-24T08:40:00.000Z,BOUV,X,variation,channel,21892.26214758789,nT
2026-03-24T08:41:00.000Z,BOUV,X,variation,channel,21892.553817710654,nT
2026-03-24T08:42:00.000Z,BOUV,X,variation,channel,21892.19559533796,nT
2026-03-24T08:43:00.000Z,BOUV,X,variation,channel,21891.388345113628,nT
2026-03-24T08:44:00.000Z,BOUV,X,variation,channel,21890.804803198345,nT
2026-03-24T08:45:00.000Z,BOUV,X,variation,channel,21890.730527343916,nT
2026-03-24T08:46:00.000Z,BOUV,X,variation,channel,21890.65525109742,nT
2026-03-24T08:47:00.000Z,BOUV,X,variation,channel,21890.900324829418,nT
2026-03-24T08:48:00.000Z,BOUV,X,variation,channel,21890.981698870055,nT
2026-03-24T08:49:00.000Z,BOUV,X,variation,channel,21890.82843417819,nT
2026-03-24T08:50:00.000Z,BOUV,X,variation,channel,21890.248443319135,nT
2026-03-24T08:51:00.000Z,BOUV,X,variation,channel,21889.918059447995,nT
2026-03-24T08:52:00.000Z,BOUV,X,variation,channel,21889.561862979725,nT
2026-03-24T08:53:00.000Z,BOUV,X,variation,channel,21889.230700479795,nT
2026-03-24T08:54:00.000Z,BOUV,X,variation,channel,21889.11208509395,nT
2026-03-24T08:55:00.000Z,BOUV,X,variation,channel,21889.086643605824,nT
2026-03-24T08:56:00.000Z,BOUV,X,variation,channel,21889.23143358045,nT
2026-03-24T08:57:00.000Z,BOUV,X,variation,channel,21889.283156927908,nT
2026-03-24T08:58:00.000Z,BOUV,X,variation,channel,21889.122134631136,nT
2026-03-24T08:59:00.000Z,BOUV,X,variation,channel,21889.185841265924,nT
2026-03-24T09:00:00.000Z,BOUV,X,variation,channel,21889.5929855672,nT
2026-03-24T09:01:00.000Z,BOUV,X,variation,channel,21889.712443210203,nT
2026-03-24T09:02:00.000Z,BOUV,X,variation,channel,21889.776567400244,nT
2026-03-24T09:03:00.000Z,BOUV,X,variation,channel,21889.74333441992,nT
2026-03-24T09:04:00.000Z,BOUV,X,variation,channel,21889.35578229139,nT
2026-03-24T09:05:00.000Z,BOUV,X,variation,channel,21889.3024241933,nT
2026-03-24T09:06:00.000Z,BOUV,X,variation,channel,21889.573192805507,nT
2026-03-24T09:07:00.000Z,BOUV,X,variation,channel,21889.596269419635,nT
2026-03-24T09:08:00.000Z,BOUV,X,variation,channel,21889.701755650476,nT
2026-03-24T09:09:00.000Z,BOUV,X,variation,channel,21889.727467677738,nT
2026-03-24T09:10:00.000Z,BOUV,X,variation,channel,21889.57634059064,nT
2026-03-24T09:11:00.000Z,BOUV,X,variation,channel,21889.088128523883,nT
2026-03-24T09:12:00.000Z,BOUV,X,variation,channel,21888.652866907352,nT
2026-03-24T09:13:00.000Z,BOUV,X,variation,channel,21888.562309482375,nT
2026-03-24T09:14:00.000Z,BOUV,X,variation,channel,21888.092572478174,nT
2026-03-24T09:15:00.000Z,BOUV,X,variation,channel,21887.341492947715,nT
2026-03-24T09:16:00.000Z,BOUV,X,variation,channel,21887.810751688365,nT
2026-03-24T09:17:00.000Z,BOUV,X,variation,channel,21887.990411391747,nT
2026-03-24T09:18:00.000Z,BOUV,X,variation,channel,21887.31906724762,nT
2026-03-24T09:19:00.000Z,BOUV,X,variation,channel,21886.66408174599,nT
2026-03-24T09:20:00.000Z,BOUV,X,variation,channel,21885.456149889327,nT
2026-03-24T09:21:00.000Z,BOUV,X,variation,channel,21884.27132485891,nT
2026-03-24T09:22:00.000Z,BOUV,X,variation,channel,21883.42870286627,nT
2026-03-24T09:23:00.000Z,BOUV,X,variation,channel,21882.689464875722,nT
2026-03-24T09:24:00.000Z,BOUV,X,variation,channel,21881.911223402265,nT
2026-03-24T09:25:00.000Z,BOUV,X,variation,channel,21881.197247811026,nT
2026-03-24T09:26:00.000Z,BOUV,X,variation,channel,21880.718026471935,nT
2026-03-24T09:27:00.000Z,BOUV,X,variation,channel,21880.001654832147,nT
2026-03-24T09:28:00.000Z,BOUV,X,variation,channel,21879.55734203653,nT
2026-03-24T09:29:00.000Z,BOUV,X,variation,channel,21879.458516281076,nT
2026-03-24T09:30:00.000Z,BOUV,X,variation,channel,21878.97804346226,nT
2026-03-24T09:31:00.000Z,BOUV,X,variation,channel,21878.852424685105,nT
2026-03-24T09:32:00.000Z,BOUV,X,variation,channel,21878.869755988868,nT
2026-03-24T09:33:00.000Z,BOUV,X,variation,channel,21878.728438080936,nT
2026-03-24T09:34:00.000Z,BOUV,X,variation,channel,21878.70851271015,nT
2026-03-24T09:35:00.000Z,BOUV,X,variation,channel,21879.554287545925,nT
2026-03-24T09:36:00.000Z,BOUV,X,variation,channel,21880.434848013265,nT
2026-03-24T09:37:00.000Z,BOUV,X,variation,channel,21880.9249258888,nT
2026-03-24T09:38:00.000Z,BOUV,X,variation,channel,21881.71938306922,nT
2026-03-24T09:39:00.000Z,BOUV,X,variation,channel,21882.888920903806,nT
2026-03-24T09:40:00.000Z,BOUV,X,variation,channel,21884.513385906605,nT
2026-03-24T09:41:00.000Z,BOUV,X,variation,channel,21886.201539474572,nT
2026-03-24T09:42:00.000Z,BOUV,X,variation,channel,21886.653562219468,nT
2026-03-24T09:43:00.000Z,BOUV,X,variation,channel,21886.073855527466,nT
2026-03-24T09:44:00.000Z,BOUV,X,variation,channel,21885.408309511793,nT
2026-03-24T09:45:00.000Z,BOUV,X,variation,channel,21885.18010193903,nT
2026-03-24T09:46:00.000Z,BOUV,X,variation,channel,21885.32540602697,nT
2026-03-24T09:47:00.000Z,BOUV,X,variation,channel,21885.177758461374,nT
2026-03-24T09:48:00.000Z,BOUV,X,variation,channel,21884.53818167386,nT
2026-03-24T09:49:00.000Z,BOUV,X,variation,channel,21882.95702567941,nT
2026-03-24T09:50:00.000Z,BOUV,X,variation,channel,21881.87134802631,nT
2026-03-24T09:51:00.000Z,BOUV,X,variation,channel,21881.436084733006,nT
2026-03-24T09:52:00.000Z,BOUV,X,variation,channel,21881.58223881407,nT
2026-03-24T09:53:00.000Z,BOUV,X,variation,channel,21881.42338869275,nT
2026-03-24T09:54:00.000Z,BOUV,X,variation,channel,21880.909781880036,nT
2026-03-24T09:55:00.000Z,BOUV,X,variation,channel,21880.228155264456,nT
2026-03-24T09:56:00.000Z,BOUV,X,variation,channel,21879.740033116515,nT
2026-03-24T09:57:00.000Z,BOUV,X,variation,channel,21879.160680221932,nT
2026-03-24T09:58:00.000Z,BOUV,X,variation,channel,21878.816521238597,nT
2026-03-24T09:59:00.000Z,BOUV,X,variation,channel,21878.655400987496,nT
2026-03-24T10:00:00.000Z,BOUV,X,variation,channel,21878.408193595136,nT
2026-03-24T10:01:00.000Z,BOUV,X,variation,channel,21877.803294896854,nT
2026-03-24T10:02:00.000Z,BOUV,X,variation,channel,21877.569611160678,nT
2026-03-24T10:03:00.000Z,BOUV,X,variation,channel,21877.91693412913,nT
2026-03-24T10:04:00.000Z,BOUV,X,variation,channel,21878.39200889467,nT
2026-03-24T10:05:00.000Z,BOUV,X,variation,channel,21878.950859513483,nT
2026-03-24T10:06:00.000Z,BOUV,X,variation,channel,21879.53702664536,nT
2026-03-24T10:07:00.000Z,BOUV,X,variation,channel,21880.473923901623,nT
2026-03-24T10:08:00.000Z,BOUV,X,variation,channel,21881.13759824757,nT
2026-03-24T10:09:00.000Z,BOUV,X,variation,channel,21882.393332492302,nT
2026-03-24T10:10:00.000Z,BOUV,X,variation,channel,21883.582202822934,nT
2026-03-24T10:11:00.000Z,BOUV,X,variation,channel,21884.64390829316,nT
2026-03-24T10:12:00.000Z,BOUV,X,variation,channel,21885.45592149758,nT
2026-03-24T10:13:00.000Z,BOUV,X,variation,channel,21886.32140129211,nT
2026-03-24T10:14:00.000Z,BOUV,X,variation,channel,21887.031110351734,nT
2026-03-24T10:15:00.000Z,BOUV,X,variation,channel,21887.47830275013,nT
2026-03-24T10:16:00.000Z,BOUV,X,variation,channel,21887.39140649853,nT
2026-03-24T10:17:00.000Z,BOUV,X,variation,channel,21887.186928717292,nT
2026-03-24T10:18:00.000Z,BOUV,X,variation,channel,21886.974081958822,nT
2026-03-24T10:19:00.000Z,BOUV,X,variation,channel,21886.829365502817,nT
2026-03-24T10:20:00.000Z,BOUV,X,variation,channel,21886.5719499291,nT
2026-03-24T10:21:00.000Z,BOUV,X,variation,channel,21886.503594502996,nT
2026-03-24T10:22:00.000Z,BOUV,X,variation,channel,21886.91551302344,nT
2026-03-24T10:23:00.000Z,BOUV,X,variation,channel,21887.388986675924,nT
2026-03-24T10:24:00.000Z,BOUV,X,variation,channel,21887.758223961442,nT
2026-03-24T10:25:00.000Z,BOUV,X,variation,channel,21887.767610019564,nT
2026-03-24T10:26:00.000Z,BOUV,X,variation,channel,21887.736138210155,nT
2026-03-24T10:27:00.000Z,BOUV,X,variation,channel,21887.66492001369,nT
2026-03-24T10:28:00.000Z,BOUV,X,variation,channel,21887.844176257207,nT
2026-03-24T10:29:00.000Z,BOUV,X,variation,channel,21887.903702178293,nT
2026-03-24T10:30:00.000Z,BOUV,X,variation,channel,21887.90306682749,nT
2026-03-24T10:31:00.000Z,BOUV,X,variation,channel,21887.880954756118,nT
2026-03-24T10:32:00.000Z,BOUV,X,variation,channel,21888.1151891131,nT
2026-03-24T10:33:00.000Z,BOUV,X,variation,channel,21887.658783870214,nT
2026-03-24T10:34:00.000Z,BOUV,X,variation,channel,21887.297629356977,nT
2026-03-24T10:35:00.000Z,BOUV,X,variation,channel,21887.086908640336,nT
2026-03-24T10:36:00.000Z,BOUV,X,variation,channel,21886.97765557504,nT
2026-03-24T10:37:00.000Z,BOUV,X,variation,channel,21886.89297877245,nT
2026-03-24T10:38:00.000Z,BOUV,X,variation,channel,21887.021542932325,nT
2026-03-24T10:39:00.000Z,BOUV,X,variation,channel,21886.80324476371,nT
2026-03-24T10:40:00.000Z,BOUV,X,variation,channel,21886.808786702215,nT
2026-03-24T10:41:00.000Z,BOUV,X,variation,channel,21886.43398994254,nT
2026-03-24T10:42:00.000Z,BOUV,X,variation,channel,21886.195918191424,nT
2026-03-24T10:43:00.000Z,BOUV,X,variation,channel,21886.030027452627,nT
2026-03-24T10:44:00.000Z,BOUV,X,variation,channel,21886.019183961023,nT
2026-03-24T10:45:00.000Z,BOUV,X,variation,channel,21886.098282289022,nT
2026-03-24T10:46:00.000Z,BOUV,X,variation,channel,21886.122067980337,nT
2026-03-24T10:47:00.000Z,BOUV,X,variation,channel,21885.93818401346,nT
2026-03-24T10:48:00.000Z,BOUV,X,variation,channel,21885.974513441764,nT
2026-03-24T10:49:00.000Z,BOUV,X,variation,channel,21885.997366454212,nT
2026-03-24T10:50:00.000Z,BOUV,X,variation,channel,21885.846633101606,nT
2026-03-24T10:51:00.000Z,BOUV,X,variation,channel,21885.72861535228,nT
2026-03-24T10:52:00.000Z,BOUV,X,variation,channel,21885.42491404267,nT
2026-03-24T10:53:00.000Z,BOUV,X,variation,channel,21885.37521114697,nT
2026-03-24T10:54:00.000Z,BOUV,X,variation,channel,21885.496400061962,nT
2026-03-24T10:55:00.000Z,BOUV,X,variation,channel,21885.388535419574,nT
2026-03-24T10:56:00.000Z,BOUV,X,variation,channel,21885.040157795705,nT
2026-03-24T10:57:00.000Z,BOUV,X,variation,channel,21884.953138151894,nT
2026-03-24T10:58:00.000Z,BOUV,X,variation,channel,21884.765841528522,nT
2026-03-24T10:59:00.000Z,BOUV,X,variation,channel,21884.641350045444,nT
2026-03-24T11:00:00.000Z,BOUV,X,variation,channel,21884.497496434924,nT
2026-03-24T11:01:00.000Z,BOUV,X,variation,channel,21884.54951170564,nT
2026-03-24T11:02:00.000Z,BOUV,X,variation,channel,21884.87571466383,nT
2026-03-24T11:03:00.000Z,BOUV,X,variation,channel,21884.97152469479,nT
2026-03-24T11:04:00.000Z,BOUV,X,variation,channel,21885.55508880091,nT
2026-03-24T11:05:00.000Z,BOUV,X,variation,channel,21886.21276142153,nT
2026-03-24T11:06:00.000Z,BOUV,X,variation,channel,21886.057161747394,nT
2026-03-24T11:07:00.000Z,BOUV,X,variation,channel,21886.23053453189,nT
2026-03-24T11:08:00.000Z,BOUV,X,variation,channel,21886.380565091276,nT
2026-03-24T11:09:00.000Z,BOUV,X,variation,channel,21886.44572374837,nT
2026-03-24T11:10:00.000Z,BOUV,X,variation,channel,21887.032359792604,nT
2026-03-24T11:11:00.000Z,BOUV,X,variation,channel,21887.371822623056,nT
2026-03-24T11:12:00.000Z,BOUV,X,variation,channel,21887.344075566663,nT
2026-03-24T11:13:00.000Z,BOUV,X,variation,channel,21887.56300556748,nT
2026-03-24T11:14:00.000Z,BOUV,X,variation,channel,21888.46669289541,nT
2026-03-24T11:15:00.000Z,BOUV,X,variation,channel,21888.952870500976,nT
2026-03-24T11:16:00.000Z,BOUV,X,variation,channel,21889.665772057866,nT
2026-03-24T11:17:00.000Z,BOUV,X,variation,channel,21889.945102445734,nT
2026-03-24T11:18:00.000Z,BOUV,X,variation,channel,21889.811171346417,nT
2026-03-24T11:19:00.000Z,BOUV,X,variation,channel,21889.80301914947,nT
2026-03-24T11:20:00.000Z,BOUV,X,variation,channel,21890.082090651922,nT
2026-03-24T11:21:00.000Z,BOUV,X,variation,channel,21890.318622722196,nT
2026-03-24T11:22:00.000Z,BOUV,X,variation,channel,21890.678549288994,nT
2026-03-24T11:23:00.000Z,BOUV,X,variation,channel,21890.52218143851,nT
2026-03-24T11:24:00.000Z,BOUV,X,variation,channel,21890.49136694795,nT
2026-03-24T11:25:00.000Z,BOUV,X,variation,channel,21890.09866115927,nT
2026-03-24T11:26:00.000Z,BOUV,X,variation,channel,21889.878417980653,nT
2026-03-24T11:27:00.000Z,BOUV,X,variation,channel,21889.364607254283,nT
2026-03-24T11:28:00.000Z,BOUV,X,variation,channel,21889.244459491685,nT
2026-03-24T11:29:00.000Z,BOUV,X,variation,channel,21889.11452586722,nT
2026-03-24T11:30:00.000Z,BOUV,X,variation,channel,21888.824411941805,nT
2026-03-24T11:31:00.000Z,BOUV,X,variation,channel,21888.925305214663,nT
2026-03-24T11:32:00.000Z,BOUV,X,variation,channel,21889.379859835713,nT
2026-03-24T11:33:00.000Z,BOUV,X,variation,channel,21890.138822001536,nT
2026-03-24T11:34:00.000Z,BOUV,X,variation,channel,21890.902787316467,nT
2026-03-24T11:35:00.000Z,BOUV,X,variation,channel,21891.608331552852,nT
2026-03-24T11:36:00.000Z,BOUV,X,variation,channel,21892.72115365965,nT
2026-03-24T11:37:00.000Z,BOUV,X,variation,channel,21893.623239476452,nT
2026-03-24T11:38:00.000Z,BOUV,X,variation,channel,21894.28878693788,nT
2026-03-24T11:39:00.000Z,BOUV,X,variation,channel,21894.851944596543,nT
2026-03-24T11:40:00.000Z,BOUV,X,variation,channel,21895.18421920411,nT
2026-03-24T11:41:00.000Z,BOUV,X,variation,channel,21895.15830253884,nT
2026-03-24T11:42:00.000Z,BOUV,X,variation,channel,21895.22329052686,nT
2026-03-24T11:43:00.000Z,BOUV,X,variation,channel,21894.968663079566,nT
2026-03-24T11:44:00.000Z,BOUV,X,variation,channel,21894.30825091937,nT
2026-03-24T11:45:00.000Z,BOUV,X,variation,channel,21893.921859944352,nT
2026-03-24T11:46:00.000Z,BOUV,X,variation,channel,21893.796861196442,nT
2026-03-24T11:47:00.000Z,BOUV,X,variation,channel,21894.00614315388,nT
2026-03-24T11:48:00.000Z,BOUV,X,variation,channel,21894.0898110748,nT
2026-03-24T11:49:00.000Z,BOUV,X,variation,channel,21894.428731639175,nT
2026-03-24T11:50:00.000Z,BOUV,X,variation,channel,21895.093168200176,nT
2026-03-24T11:51:00.000Z,BOUV,X,variation,channel,21895.71245885784,nT
2026-03-24T11:52:00.000Z,BOUV,X,variation,channel,21896.276659976458,nT
2026-03-24T11:53:00.000Z,BOUV,X,variation,channel,21896.411116249245,nT
2026-03-24T11:54:00.000Z,BOUV,X,variation,channel,21896.053486123692,nT
2026-03-24T11:55:00.000Z,BOUV,X,variation,channel,21896.00226074,nT
2026-03-24T11:56:00.000Z,BOUV,X,variation,channel,21895.573684472136,nT
2026-03-24T11:57:00.000Z,BOUV,X,variation,channel,21895.460029428777,nT
2026-03-24T11:58:00.000Z,BOUV,X,variation,channel,21895.712203928808,nT
2026-03-24T11:59:00.000Z,BOUV,X,variation,channel,21895.652152531162,nT
2026-03-24T12:00:00.000Z,BOUV,X,variation,channel,21895.888553445504,nT
2026-03-24T12:01:00.000Z,BOUV,X,variation,channel,21895.695982887522,nT
2026-03-24T12:02:00.000Z,BOUV,X,variation,channel,21895.496583486074,nT
2026-03-24T12:03:00.000Z,BOUV,X,variation,channel,21895.159166082874,nT
2026-03-24T12:04:00.000Z,BOUV,X,variation,channel,21894.779345319756,nT
2026-03-24T12:05:00.000Z,BOUV,X,variation,channel,21894.22815195593,nT
2026-03-24T12:06:00.000Z,BOUV,X,variation,channel,21893.566935369272,nT
2026-03-24T12:07:00.000Z,BOUV,X,variation,channel,21892.845623472593,nT
2026-03-24T12:08:00.000Z,BOUV,X,variation,channel,21892.120750931826,nT
2026-03-24T12:09:00.000Z,BOUV,X,variation,channel,21891.676421224864,nT
2026-03-24T12:10:00.000Z,BOUV,X,variation,channel,21891.326999109115,nT
2026-03-24T12:11:00.000Z,BOUV,X,variation,channel,21891.113270528993,nT
2026-03-24T12:12:00.000Z,BOUV,X,variation,channel,21890.80574228343,nT
2026-03-24T12:13:00.000Z,BOUV,X,variation,channel,21890.613272224447,nT
2026-03-24T12:14:00.000Z,BOUV,X,variation,channel,21890.561670932922,nT
2026-03-24T12:15:00.000Z,BOUV,X,variation,channel,21890.144144042344,nT
2026-03-24T12:16:00.000Z,BOUV,X,variation,channel,21889.711391868026,nT
2026-03-24T12:17:00.000Z,BOUV,X,variation,channel,21889.44502221025,nT
2026-03-24T12:18:00.000Z,BOUV,X,variation,channel,21889.399867199947,nT
2026-03-24T12:19:00.000Z,BOUV,X,variation,channel,21889.18604368592,nT
2026-03-24T12:20:00.000Z,BOUV,X,variation,channel,21889.0118490955,nT
2026-03-24T12:21:00.000Z,BOUV,X,variation,channel,21888.56131197006,nT
2026-03-24T12:22:00.000Z,BOUV,X,variation,channel,21888.21900826089,nT
2026-03-24T12:23:00.000Z,BOUV,X,variation,channel,21887.90678234593,nT
2026-03-24T12:24:00.000Z,BOUV,X,variation,channel,21887.42945756182,nT
2026-03-24T12:25:00.000Z,BOUV,X,variation,channel,21887.137987724345,nT
2026-03-24T12:26:00.000Z,BOUV,X,variation,channel,21886.917241513518,nT
2026-03-24T12:27:00.000Z,BOUV,X,variation,channel,21887.02876818262,nT
2026-03-24T12:28:00.000Z,BOUV,X,variation,channel,21887.027096750713,nT
2026-03-24T12:29:00.000Z,BOUV,X,variation,channel,21886.74147701356,nT
2026-03-24T12:30:00.000Z,BOUV,X,variation,channel,21886.4792973822,nT
2026-03-24T12:31:00.000Z,BOUV,X,variation,channel,21886.36745624472,nT
2026-03-24T12:32:00.000Z,BOUV,X,variation,channel,21886.277276634242,nT
2026-03-24T12:33:00.000Z,BOUV,X,variation,channel,21886.015738492337,nT
2026-03-24T12:34:00.000Z,BOUV,X,variation,channel,21886.17061037673,nT
2026-03-24T12:35:00.000Z,BOUV,X,variation,channel,21886.60437377408,nT
2026-03-24T12:36:00.000Z,BOUV,X,variation,channel,21887.01881407491,nT
2026-03-24T12:37:00.000Z,BOUV,X,variation,channel,21887.45790534991,nT
2026-03-24T12:38:00.000Z,BOUV,X,variation,channel,21887.626925489018,nT
2026-03-24T12:39:00.000Z,BOUV,X,variation,channel,21887.241883143826,nT
2026-03-24T12:40:00.000Z,BOUV,X,variation,channel,21886.986087298043,nT
2026-03-24T12:41:00.000Z,BOUV,X,variation,channel,21887.00016908236,nT
2026-03-24T12:42:00.000Z,BOUV,X,variation,channel,21887.216813416217,nT
2026-03-24T12:43:00.000Z,BOUV,X,variation,channel,21887.87343301882,nT
2026-03-24T12:44:00.000Z,BOUV,X,variation,channel,21888.1852088066,nT
2026-03-24T12:45:00.000Z,BOUV,X,variation,channel,21888.2988178915,nT
2026-03-24T12:46:00.000Z,BOUV,X,variation,channel,21888.393860386423,nT
2026-03-24T12:47:00.000Z,BOUV,X,variation,channel,21888.7428463488,nT
2026-03-24T12:48:00.000Z,BOUV,X,variation,channel,21889.022560082216,nT
2026-03-24T12:49:00.000Z,BOUV,X,variation,channel,21889.279141231535,nT
2026-03-24T12:50:00.000Z,BOUV,X,variation,channel,21889.401501018987,nT
2026-03-24T12:51:00.000Z,BOUV,X,variation,channel,21889.275625316805,nT
2026-03-24T12:52:00.000Z,BOUV,X,variation,channel,21889.348664374123,nT
2026-03-24T12:53:00.000Z,BOUV,X,variation,channel,21889.509588444955,nT
2026-03-24T12:54:00.000Z,BOUV,X,variation,channel,21889.796838758528,nT
2026-03-24T12:55:00.000Z,BOUV,X,variation,channel,21889.87760671175,nT
2026-03-24T12:56:00.000Z,BOUV,X,variation,channel,21889.757862801842,nT
2026-03-24T12:57:00.000Z,BOUV,X,variation,channel,21889.612294375136,nT
2026-03-24T12:58:00.000Z,BOUV,X,variation,channel,21889.82977475059,nT
2026-03-24T12:59:00.000Z,BOUV,X,variation,channel,21890.525112825977,nT
2026-03-24T13:00:00.000Z,BOUV,X,variation,channel,21890.86447072776,nT
2026-03-24T13:01:00.000Z,BOUV,X,variation,channel,21890.89614718557,nT
2026-03-24T13:02:00.000Z,BOUV,X,variation,channel,21891.040973999483,nT
2026-03-24T13:03:00.000Z,BOUV,X,variation,channel,21891.044219635587,nT
2026-03-24T13:04:00.000Z,BOUV,X,variation,channel,21891.034030707193,nT
2026-03-24T13:05:00.000Z,BOUV,X,variation,channel,21890.594293741753,nT
2026-03-24T13:06:00.000Z,BOUV,X,variation,channel,21890.46013198776,nT
2026-03-24T13:07:00.000Z,BOUV,X,variation,channel,21890.99708159343,nT
2026-03-24T13:08:00.000Z,BOUV,X,variation,channel,21891.20435189409,nT
2026-03-24T13:09:00.000Z,BOUV,X,variation,channel,21891.458510732813,nT
2026-03-24T13:10:00.000Z,BOUV,X,variation,channel,21891.705235761,nT
2026-03-24T13:11:00.000Z,BOUV,X,variation,channel,21891.88000440389,nT
2026-03-24T13:12:00.000Z,BOUV,X,variation,channel,21891.652571644805,nT
2026-03-24T13:13:00.000Z,BOUV,X,variation,channel,21891.45564287539,nT
2026-03-24T13:14:00.000Z,BOUV,X,variation,channel,21891.480573243047,nT
2026-03-24T13:15:00.000Z,BOUV,X,variation,channel,21891.22175224457,nT
2026-03-24T13:16:00.000Z,BOUV,X,variation,channel,21891.09096019514,nT
2026-03-24T13:17:00.000Z,BOUV,X,variation,channel,21891.020541873117,nT
2026-03-24T13:18:00.000Z,BOUV,X,variation,channel,21891.167472720637,nT
2026-03-24T13:19:00.000Z,BOUV,X,variation,channel,21891.262282845284,nT
2026-03-24T13:20:00.000Z,BOUV,X,variation,channel,21891.12322070504,nT
2026-03-24T13:21:00.000Z,BOUV,X,variation,channel,21890.77464823502,nT
2026-03-24T13:22:00.000Z,BOUV,X,variation,channel,21890.464382104572,nT
2026-03-24T13:23:00.000Z,BOUV,X,variation,channel,21890.536851656572,nT
2026-03-24T13:24:00.000Z,BOUV,X,variation,channel,21890.486872987472,nT
2026-03-24T13:25:00.000Z,BOUV,X,variation,channel,21890.492265895467,nT
2026-03-24T13:26:00.000Z,BOUV,X,variation,channel,21890.69068226308,nT
2026-03-24T13:27:00.000Z,BOUV,X,variation,channel,21890.901746970212,nT
2026-03-24T13:28:00.000Z,BOUV,X,variation,channel,21890.655100383217,nT
2026-03-24T13:29:00.000Z,BOUV,X,variation,channel,21890.216377951765,nT
2026-03-24T13:30:00.000Z,BOUV,X,variation,channel,21890.163371255177,nT
2026-03-24T13:31:00.000Z,BOUV,X,variation,channel,21890.139398959505,nT
2026-03-24T13:32:00.000Z,BOUV,X,variation,channel,21889.883148679033,nT
2026-03-24T13:33:00.000Z,BOUV,X,variation,channel,21889.61395566102,nT
2026-03-24T13:34:00.000Z,BOUV,X,variation,channel,21889.2489473869,nT
2026-03-24T13:35:00.000Z,BOUV,X,variation,channel,21888.99516137205,nT
2026-03-24T13:36:00.000Z,BOUV,X,variation,channel,21888.51524134437,nT
2026-03-24T13:37:00.000Z,BOUV,X,variation,channel,21888.093505408106,nT
2026-03-24T13:38:00.000Z,BOUV,X,variation,channel,21887.971727484786,nT
2026-03-24T13:39:00.000Z,BOUV,X,variation,channel,21888.11306998023,nT
2026-03-24T13:40:00.000Z,BOUV,X,variation,channel,21888.080782498622,nT
2026-03-24T13:41:00.000Z,BOUV,X,variation,channel,21888.031350390265,nT
2026-03-24T13:42:00.000Z,BOUV,X,variation,channel,21887.931143495578,nT
2026-03-24T13:43:00.000Z,BOUV,X,variation,channel,21888.35442356415,nT
2026-03-24T13:44:00.000Z,BOUV,X,variation,channel,21887.835946871513,nT
2026-03-24T13:45:00.000Z,BOUV,X,variation,channel,21887.46983725891,nT
2026-03-24T13:46:00.000Z,BOUV,X,variation,channel,21887.28316199427,nT
2026-03-24T13:47:00.000Z,BOUV,X,variation,channel,21887.012387674742,nT
2026-03-24T13:48:00.000Z,BOUV,X,variation,channel,21886.301667564214,nT
2026-03-24T13:49:00.000Z,BOUV,X,variation,channel,21885.47423953498,nT
2026-03-24T13:50:00.000Z,BOUV,X,variation,channel,21884.802297125018,nT
2026-03-24T13:51:00.000Z,BOUV,X,variation,channel,21884.661159863987,nT
2026-03-24T13:52:00.000Z,BOUV,X,variation,channel,21884.452680598308,nT
2026-03-24T13:53:00.000Z,BOUV,X,variation,channel,21883.17929069769,nT
2026-03-24T13:54:00.000Z,BOUV,X,variation,channel,21882.525628582487,nT
2026-03-24T13:55:00.000Z,BOUV,X,variation,channel,21881.773818035846,nT
2026-03-24T13:56:00.000Z,BOUV,X,variation,channel,21881.358366991593,nT
2026-03-24T13:57:00.000Z,BOUV,X,variation,channel,21881.207133924792,nT
2026-03-24T13:58:00.000Z,BOUV,X,variation,channel,21881.289502512656,nT
2026-03-24T13:59:00.000Z,BOUV,X,variation,channel,21881.12563197293,nT
2026-03-24T14:00:00.000Z,BOUV,X,variation,channel,21881.123988932042,nT
2026-03-24T14:01:00.000Z,BOUV,X,variation,channel,21881.19640730437,nT
2026-03-24T14:02:00.000Z,BOUV,X,variation,channel,21881.087668831304,nT
2026-03-24T14:03:00.000Z,BOUV,X,variation,channel,21880.845109518545,nT
2026-03-24T14:04:00.000Z,BOUV,X,variation,channel,21880.50343352332,nT
2026-03-24T14:05:00.000Z,BOUV,X,variation,channel,21879.943492930233,nT
2026-03-24T14:06:00.000Z,BOUV,X,variation,channel,21879.111693064177,nT
2026-03-24T14:07:00.000Z,BOUV,X,variation,channel,21878.548185663152,nT
2026-03-24T14:08:00.000Z,BOUV,X,variation,channel,21878.14267321779,nT
2026-03-24T14:09:00.000Z,BOUV,X,variation,channel,21878.242504958773,nT
2026-03-24T14:10:00.000Z,BOUV,X,variation,channel,21877.75340259671,nT
2026-03-24T14:11:00.000Z,BOUV,X,variation,channel,21877.94355276397,nT
2026-03-24T14:12:00.000Z,BOUV,X,variation,channel,21878.13053228181,nT
2026-03-24T14:13:00.000Z,BOUV,X,variation,channel,21878.807260123547,nT
2026-03-24T14:14:00.000Z,BOUV,X,variation,channel,21879.28264088761,nT
2026-03-24T14:15:00.000Z,BOUV,X,variation,channel,21879.339432117635,nT
2026-03-24T14:16:00.000Z,BOUV,X,variation,channel,21878.78072196241,nT
2026-03-24T14:17:00.000Z,BOUV,X,variation,channel,21878.427245289382,nT
2026-03-24T14:18:00.000Z,BOUV,X,variation,channel,21877.826449349122,nT
2026-03-24T14:19:00.000Z,BOUV,X,variation,channel,21877.477144767985,nT
2026-03-24T14:20:00.000Z,BOUV,X,variation,channel,21877.73621048517,nT
2026-03-24T14:21:00.000Z,BOUV,X,variation,channel,21878.056240740545,nT
2026-03-24T14:22:00.000Z,BOUV,X,variation,channel,21877.980019522016,nT
2026-03-24T14:23:00.000Z,BOUV,X,variation,channel,21877.73290256309,nT
2026-03-24T14:24:00.000Z,BOUV,X,variation,channel,21877.00064616614,nT
2026-03-24T14:25:00.000Z,BOUV,X,variation,channel,21876.41064205474,nT
2026-03-24T14:26:00.000Z,BOUV,X,variation,channel,21876.095584504714,nT
2026-03-24T14:27:00.000Z,BOUV,X,variation,channel,21876.48930556875,nT
2026-03-24T14:28:00.000Z,BOUV,X,variation,channel,21876.65029987796,nT
2026-03-24T14:29:00.000Z,BOUV,X,variation,channel,21876.789681193994,nT
2026-03-24T14:30:00.000Z,BOUV,X,variation,channel,21876.438470069,nT
2026-03-24T14:31:00.000Z,BOUV,X,variation,channel,21876.673112465847,nT
2026-03-24T14:32:00.000Z,BOUV,X,variation,channel,21876.77706666466,nT
2026-03-24T14:33:00.000Z,BOUV,X,variation,channel,21877.04733336864,nT
2026-03-24T14:34:00.000Z,BOUV,X,variation,channel,21877.201061281594,nT
2026-03-24T14:35:00.000Z,BOUV,X,variation,channel,21876.883062962683,nT
2026-03-24T14:36:00.000Z,BOUV,X,variation,channel,21876.479469062106,nT
2026-03-24T14:37:00.000Z,BOUV,X,variation,channel,21876.298382674187,nT
2026-03-24T14:38:00.000Z,BOUV,X,variation,channel,21876.13626186035,nT
2026-03-24T14:39:00.000Z,BOUV,X,variation,channel,21875.967757473143,nT
2026-03-24T14:40:00.000Z,BOUV,X,variation,channel,21875.973017658718,nT
2026-03-24T14:41:00.000Z,BOUV,X,variation,channel,21875.286340706243,nT
2026-03-24T14:42:00.000Z,BOUV,X,variation,channel,21874.874141036165,nT
2026-03-24T14:43:00.000Z,BOUV,X,variation,channel,21874.655616237105,nT
2026-03-24T14:44:00.000Z,BOUV,X,variation,channel,21874.606531397294,nT
2026-03-24T14:45:00.000Z,BOUV,X,variation,channel,21874.61420150794,nT
2026-03-24T14:46:00.000Z,BOUV,X,variation,channel,21874.59376874883,nT
2026-03-24T14:47:00.000Z,BOUV,X,variation,channel,21874.776253569413,nT
2026-03-24T14:48:00.000Z,BOUV,X,variation,channel,21875.138977240884,nT
2026-03-24T14:49:00.000Z,BOUV,X,variation,channel,21875.43011561604,nT
2026-03-24T14:50:00.000Z,BOUV,X,variation,channel,21875.438457811364,nT
2026-03-24T14:51:00.000Z,BOUV,X,variation,channel,21875.489204592075,nT
2026-03-24T14:52:00.000Z,BOUV,X,variation,channel,21875.60025386276,nT
2026-03-24T14:53:00.000Z,BOUV,X,variation,channel,21876.17684997829,nT
2026-03-24T14:54:00.000Z,BOUV,X,variation,channel,21876.549098990472,nT
2026-03-24T14:55:00.000Z,BOUV,X,variation,channel,21877.002118337183,nT
2026-03-24T14:56:00.000Z,BOUV,X,variation,channel,21877.450319942473,nT
2026-03-24T14:57:00.000Z,BOUV,X,variation,channel,21877.611860573543,nT
2026-03-24T14:58:00.000Z,BOUV,X,variation,channel,21877.93943461188,nT
2026-03-24T14:59:00.000Z,BOUV,X,variation,channel,21878.211057072476,nT
2026-03-24T15:00:00.000Z,BOUV,X,variation,channel,21878.215628940827,nT
2026-03-24T15:01:00.000Z,BOUV,X,variation,channel,21878.477675223425,nT
2026-03-24T15:02:00.000Z,BOUV,X,variation,channel,21878.255149266766,nT
2026-03-24T15:03:00.000Z,BOUV,X,variation,channel,21878.016250224548,nT
2026-03-24T15:04:00.000Z,BOUV,X,variation,channel,21877.716056300404,nT
2026-03-24T15:05:00.000Z,BOUV,X,variation,channel,21877.40128890876,nT
2026-03-24T15:06:00.000Z,BOUV,X,variation,channel,21878.03268527529,nT
2026-03-24T15:07:00.000Z,BOUV,X,variation,channel,21877.978841547338,nT
2026-03-24T15:08:00.000Z,BOUV,X,variation,channel,21877.48294098703,nT
2026-03-24T15:09:00.000Z,BOUV,X,variation,channel,21876.75747435548,nT
2026-03-24T15:10:00.000Z,BOUV,X,variation,channel,21875.80587033706,nT
2026-03-24T15:11:00.000Z,BOUV,X,variation,channel,21874.908216448886,nT
2026-03-24T15:12:00.000Z,BOUV,X,variation,channel,21874.514895825687,nT
2026-03-24T15:13:00.000Z,BOUV,X,variation,channel,21874.11685869775,nT
2026-03-24T15:14:00.000Z,BOUV,X,variation,channel,21874.53677785753,nT
2026-03-24T15:15:00.000Z,BOUV,X,variation,channel,21875.145816612025,nT
2026-03-24T15:16:00.000Z,BOUV,X,variation,channel,21874.0865188285,nT
2026-03-24T15:17:00.000Z,BOUV,X,variation,channel,21873.92874990115,nT
2026-03-24T15:18:00.000Z,BOUV,X,variation,channel,21874.13332801841,nT
2026-03-24T15:19:00.000Z,BOUV,X,variation,channel,21875.018727842602,nT
2026-03-24T15:20:00.000Z,BOUV,X,variation,channel,21874.962885964604,nT
2026-03-24T15:21:00.000Z,BOUV,X,variation,channel,21874.67813090565,nT
2026-03-24T15:22:00.000Z,BOUV,X,variation,channel,21874.3111339559,nT
2026-03-24T15:23:00.000Z,BOUV,X,variation,channel,21873.753647021527,nT
2026-03-24T15:24:00.000Z,BOUV,X,variation,channel,21873.60041043607,nT
2026-03-24T15:25:00.000Z,BOUV,X,variation,channel,21873.668112253956,nT
2026-03-24T15:26:00.000Z,BOUV,X,variation,channel,21873.930127921678,nT
2026-03-24T15:27:00.000Z,BOUV,X,variation,channel,21873.5213755021,nT
2026-03-24T15:28:00.000Z,BOUV,X,variation,channel,21873.000650113823,nT
2026-03-24T15:29:00.000Z,BOUV,X,variation,channel,21872.798006572248,nT
2026-03-24T15:30:00.000Z,BOUV,X,variation,channel,21873.534377874563,nT
2026-03-24T15:31:00.000Z,BOUV,X,variation,channel,21873.515466779405,nT
2026-03-24T15:32:00.000Z,BOUV,X,variation,channel,21873.22327368114,nT
2026-03-24T15:33:00.000Z,BOUV,X,variation,channel,21872.696174333792,nT
2026-03-24T15:34:00.000Z,BOUV,X,variation,channel,21871.517167018694,nT
2026-03-24T15:35:00.000Z,BOUV,X,variation,channel,21871.89217558012,nT
2026-03-24T15:36:00.000Z,BOUV,X,variation,channel,21872.956883651063,nT
2026-03-24T15:37:00.000Z,BOUV,X,variation,channel,21873.14170526951,nT
2026-03-24T15:38:00.000Z,BOUV,X,variation,channel,21872.813821757063,nT
2026-03-24T15:39:00.000Z,BOUV,X,variation,channel,21872.600236840768,nT
2026-03-24T15:40:00.000Z,BOUV,X,variation,channel,21872.469545865475,nT
2026-03-24T15:41:00.000Z,BOUV,X,variation,channel,21872.24615651537,nT
2026-03-24T15:42:00.000Z,BOUV,X,variation,channel,21872.252529629528,nT
2026-03-24T15:43:00.000Z,BOUV,X,variation,channel,21872.091882673078,nT
2026-03-24T15:44:00.000Z,BOUV,X,variation,channel,21871.44102483385,nT
2026-03-24T15:45:00.000Z,BOUV,X,variation,channel,21870.87978521265,nT
2026-03-24T15:46:00.000Z,BOUV,X,variation,channel,21870.696158961033,nT
2026-03-24T15:47:00.000Z,BOUV,X,variation,channel,21870.312697032827,nT
2026-03-24T15:48:00.000Z,BOUV,X,variation,channel,21870.361647622263,nT
2026-03-24T15:49:00.000Z,BOUV,X,variation,channel,21870.27581823423,nT
2026-03-24T15:50:00.000Z,BOUV,X,variation,channel,21869.51187847371,nT
2026-03-24T15:51:00.000Z,BOUV,X,variation,channel,21868.57492018066,nT
2026-03-24T15:52:00.000Z,BOUV,X,variation,channel,21867.918392208758,nT
2026-03-24T15:53:00.000Z,BOUV,X,variation,channel,21867.720250464114,nT
2026-03-24T15:54:00.000Z,BOUV,X,variation,channel,21867.872118281804,nT
2026-03-24T15:55:00.000Z,BOUV,X,variation,channel,21867.103430372088,nT
2026-03-24T15:56:00.000Z,BOUV,X,variation,channel,21867.151209507803,nT
2026-03-24T15:57:00.000Z,BOUV,X,variation,channel,21866.596147247037,nT
2026-03-24T15:58:00.000Z,BOUV,X,variation,channel,21865.991564201155,nT
2026-03-24T15:59:00.000Z,BOUV,X,variation,channel,21865.57199647866,nT
2026-03-24T16:00:00.000Z,BOUV,X,variation,channel,21865.316084995506,nT
2026-03-24T16:01:00.000Z,BOUV,X,variation,channel,21865.243734775686,nT
2026-03-24T16:02:00.000Z,BOUV,X,variation,channel,21866.055928045174,nT
2026-03-24T16:03:00.000Z,BOUV,X,variation,channel,21866.81354137383,nT
2026-03-24T16:04:00.000Z,BOUV,X,variation,channel,21866.878905661088,nT
2026-03-24T16:05:00.000Z,BOUV,X,variation,channel,21866.66379456569,nT
2026-03-24T16:06:00.000Z,BOUV,X,variation,channel,21867.011723047748,nT
2026-03-24T16:07:00.000Z,BOUV,X,variation,channel,21867.63915563123,nT
2026-03-24T16:08:00.000Z,BOUV,X,variation,channel,21868.89193057788,nT
2026-03-24T16:09:00.000Z,BOUV,X,variation,channel,21869.54082615345,nT
2026-03-24T16:10:00.000Z,BOUV,X,variation,channel,21870.0597521285,nT
2026-03-24T16:11:00.000Z,BOUV,X,variation,channel,21870.86215524608,nT
2026-03-24T16:12:00.000Z,BOUV,X,variation,channel,21871.156704337758,nT
2026-03-24T16:13:00.000Z,BOUV,X,variation,channel,21872.017966416293,nT
2026-03-24T16:14:00.000Z,BOUV,X,variation,channel,21872.15367283312,nT
2026-03-24T16:15:00.000Z,BOUV,X,variation,channel,21872.15602960819,nT
2026-03-24T16:16:00.000Z,BOUV,X,variation,channel,21872.329591106434,nT
2026-03-24T16:17:00.000Z,BOUV,X,variation,channel,21872.955923745252,nT
2026-03-24T16:18:00.000Z,BOUV,X,variation,channel,21873.24794361868,nT
2026-03-24T16:19:00.000Z,BOUV,X,variation,channel,21872.844274852265,nT
2026-03-24T16:20:00.000Z,BOUV,X,variation,channel,21872.959063856357,nT
2026-03-24T16:21:00.000Z,BOUV,X,variation,channel,21872.99592275288,nT
2026-03-24T16:22:00.000Z,BOUV,X,variation,channel,21872.973622485097,nT
2026-03-24T16:23:00.000Z,BOUV,X,variation,channel,21872.538882166296,nT
2026-03-24T16:24:00.000Z,BOUV,X,variation,channel,21871.661578676314,nT
2026-03-24T16:25:00.000Z,BOUV,X,variation,channel,21870.917994285992,nT
2026-03-24T16:26:00.000Z,BOUV,X,variation,channel,21870.076112372488,nT
2026-03-24T16:27:00.000Z,BOUV,X,variation,channel,21870.446114132632,nT
2026-03-24T16:28:00.000Z,BOUV,X,variation,channel,21870.34636679187,nT
2026-03-24T16:29:00.000Z,BOUV,X,variation,channel,21869.609897525963,nT
2026-03-24T16:30:00.000Z,BOUV,X,variation,channel,21869.713835235667,nT
2026-03-24T16:31:00.000Z,BOUV,X,variation,channel,21869.888246747658,nT
2026-03-24T16:32:00.000Z,BOUV,X,variation,channel,21870.157722946027,nT
2026-03-24T16:33:00.000Z,BOUV,X,variation,channel,21869.839282635527,nT
2026-03-24T16:34:00.000Z,BOUV,X,variation,channel,21870.197580943393,nT
2026-03-24T16:35:00.000Z,BOUV,X,variation,channel,21871.038809944504,nT
2026-03-24T16:36:00.000Z,BOUV,X,variation,channel,21869.767401264042,nT
2026-03-24T16:37:00.000Z,BOUV,X,variation,channel,21870.213909830552,nT
2026-03-24T16:38:00.000Z,BOUV,X,variation,channel,21870.7417706855,nT
2026-03-24T16:39:00.000Z,BOUV,X,variation,channel,21871.407075445368,nT
2026-03-24T16:40:00.000Z,BOUV,X,variation,channel,21871.643630745875,nT
2026-03-24T16:41:00.000Z,BOUV,X,variation,channel,21871.422477752432,nT
2026-03-24T16:42:00.000Z,BOUV,X,variation,channel,21870.187876875305,nT
2026-03-24T16:43:00.000Z,BOUV,X,variation,channel,21869.84023778956,nT
2026-03-24T16:44:00.000Z,BOUV,X,variation,channel,21870.844992910163,nT
2026-03-24T16:45:00.000Z,BOUV,X,variation,channel,21871.132127505793,nT
2026-03-24T16:46:00.000Z,BOUV,X,variation,channel,21870.86072346828,nT
2026-03-24T16:47:00.000Z,BOUV,X,variation,channel,21871.256279076122,nT
2026-03-24T16:48:00.000Z,BOUV,X,variation,channel,21871.800056397293,nT
2026-03-24T16:49:00.000Z,BOUV,X,variation,channel,21872.396103536426,nT
2026-03-24T16:50:00.000Z,BOUV,X,variation,channel,21872.911129569846,nT
2026-03-24T16:51:00.000Z,BOUV,X,variation,channel,21873.500656406806,nT
2026-03-24T16:52:00.000Z,BOUV,X,variation,channel,21873.648391677412,nT
2026-03-24T16:53:00.000Z,BOUV,X,variation,channel,21874.000950160433,nT
2026-03-24T16:54:00.000Z,BOUV,X,variation,channel,21874.109404890845,nT
2026-03-24T16:55:00.000Z,BOUV,X,variation,channel,21873.924282100117,nT
2026-03-24T16:56:00.000Z,BOUV,X,variation,channel,21873.160161461754,nT
2026-03-24T16:57:00.000Z,BOUV,X,variation,channel,21872.78556701612,nT
2026-03-24T16:58:00.000Z,BOUV,X,variation,channel,21873.018990581953,nT
2026-03-24T16:59:00.000Z,BOUV,X,variation,channel,21872.96668777709,nT
2026-03-24T17:00:00.000Z,BOUV,X,variation,channel,21872.421379453666,nT
2026-03-24T17:01:00.000Z,BOUV,X,variation,channel,21871.343468447903,nT
2026-03-24T17:02:00.000Z,BOUV,X,variation,channel,21870.6381525008,nT
2026-03-24T17:03:00.000Z,BOUV,X,variation,channel,21871.16492107303,nT
2026-03-24T17:04:00.000Z,BOUV,X,variation,channel,21871.080142655443,nT
2026-03-24T17:05:00.000Z,BOUV,X,variation,channel,21870.763287239803,nT
2026-03-24T17:06:00.000Z,BOUV,X,variation,channel,21870.476272233467,nT
2026-03-24T17:07:00.000Z,BOUV,X,variation,channel,21870.35141933603,nT
2026-03-24T17:08:00.000Z,BOUV,X,variation,channel,21870.072117945434,nT
2026-03-24T17:09:00.000Z,BOUV,X,variation,channel,21870.138068871434,nT
2026-03-24T17:10:00.000Z,BOUV,X,variation,channel,21870.58230527835,nT
2026-03-24T17:11:00.000Z,BOUV,X,variation,channel,21870.780546919297,nT
2026-03-24T17:12:00.000Z,BOUV,X,variation,channel,21870.13589808153,nT
2026-03-24T17:13:00.000Z,BOUV,X,variation,channel,21869.805377476816,nT
2026-03-24T17:14:00.000Z,BOUV,X,variation,channel,21869.59552264508,nT
2026-03-24T17:15:00.000Z,BOUV,X,variation,channel,21869.180839974397,nT
2026-03-24T17:16:00.000Z,BOUV,X,variation,channel,21868.39206633574,nT
2026-03-24T17:17:00.000Z,BOUV,X,variation,channel,21867.651593948427,nT
2026-03-24T17:18:00.000Z,BOUV,X,variation,channel,21867.21192770292,nT
2026-03-24T17:19:00.000Z,BOUV,X,variation,channel,21866.416965412387,nT
2026-03-24T17:20:00.000Z,BOUV,X,variation,channel,21866.61365801717,nT
2026-03-24T17:21:00.000Z,BOUV,X,variation,channel,21867.01535722656,nT
2026-03-24T17:22:00.000Z,BOUV,X,variation,channel,21866.43065411918,nT
2026-03-24T17:23:00.000Z,BOUV,X,variation,channel,21865.585066171276,nT
2026-03-24T17:24:00.000Z,BOUV,X,variation,channel,21864.846752169233,nT
2026-03-24T17:25:00.000Z,BOUV,X,variation,channel,21865.007916884035,nT
2026-03-24T17:26:00.000Z,BOUV,X,variation,channel,21865.214994824622,nT
2026-03-24T17:27:00.000Z,BOUV,X,variation,channel,21865.33531433889,nT
2026-03-24T17:28:00.000Z,BOUV,X,variation,channel,21865.197837336702,nT
2026-03-24T17:29:00.000Z,BOUV,X,variation,channel,21865.55444481222,nT
2026-03-24T17:30:00.000Z,BOUV,X,variation,channel,21866.027822825887,nT
2026-03-24T17:31:00.000Z,BOUV,X,variation,channel,21865.76847214284,nT
2026-03-24T17:32:00.000Z,BOUV,X,variation,channel,21865.98045267889,nT
2026-03-24T17:33:00.000Z,BOUV,X,variation,channel,21866.03765338857,nT
2026-03-24T17:34:00.000Z,BOUV,X,variation,channel,21865.18747739795,nT
2026-03-24T17:35:00.000Z,BOUV,X,variation,channel,21864.39761764191,nT
2026-03-24T17:36:00.000Z,BOUV,X,variation,channel,21864.56925206683,nT
2026-03-24T17:37:00.000Z,BOUV,X,variation,channel,21864.702383552012,nT
2026-03-24T17:38:00.000Z,BOUV,X,variation,channel,21863.96278012538,nT
2026-03-24T17:39:00.000Z,BOUV,X,variation,channel,21863.322184843102,nT
2026-03-24T17:40:00.000Z,BOUV,X,variation,channel,21863.08271452539,nT
2026-03-24T17:41:00.000Z,BOUV,X,variation,channel,21863.00945365646,nT
2026-03-24T17:42:00.000Z,BOUV,X,variation,channel,21863.09680298309,nT
2026-03-24T17:43:00.000Z,BOUV,X,variation,channel,21862.925652863058,nT
2026-03-24T17:44:00.000Z,BOUV,X,variation,channel,21862.812518675055,nT
2026-03-24T17:45:00.000Z,BOUV,X,variation,channel,21862.672226267678,nT
2026-03-24T17:46:00.000Z,BOUV,X,variation,channel,21862.917185054528,nT
2026-03-24T17:47:00.000Z,BOUV,X,variation,channel,21863.125632000567,nT
2026-03-24T17:48:00.000Z,BOUV,X,variation,channel,21863.61901869914,nT
2026-03-24T17:49:00.000Z,BOUV,X,variation,channel,21864.16014717295,nT
2026-03-24T17:50:00.000Z,BOUV,X,variation,channel,21864.603713531425,nT
2026-03-24T17:51:00.000Z,BOUV,X,variation,channel,21864.174140487765,nT
2026-03-24T17:52:00.000Z,BOUV,X,variation,channel,21864.394389864898,nT
2026-03-24T17:53:00.000Z,BOUV,X,variation,channel,21864.582530093132,nT
2026-03-24T17:54:00.000Z,BOUV,X,variation,channel,21863.379756954502,nT
2026-03-24T17:55:00.000Z,BOUV,X,variation,channel,21863.59532083971,nT
2026-03-24T17:56:00.000Z,BOUV,X,variation,channel,21863.647069721188,nT
2026-03-24T17:57:00.000Z,BOUV,X,variation,channel,21863.93531514341,nT
2026-03-24T17:58:00.000Z,BOUV,X,variation,channel,21863.383957598333,nT
2026-03-24T17:59:00.000Z,BOUV,X,variation,channel,21863.423363031503,nT
2026-03-24T18:00:00.000Z,BOUV,X,variation,channel,21863.357931873237,nT
2026-03-24T18:01:00.000Z,BOUV,X,variation,channel,21862.481560890206,nT
2026-03-24T18:02:00.000Z,BOUV,X,variation,channel,21861.25360606862,nT
2026-03-24T18:03:00.000Z,BOUV,X,variation,channel,21862.013234755595,nT
2026-03-24T18:04:00.000Z,BOUV,X,variation,channel,21863.65684148384,nT
2026-03-24T18:05:00.000Z,BOUV,X,variation,channel,21863.397964598094,nT
2026-03-24T18:06:00.000Z,BOUV,X,variation,channel,21862.000849893113,nT
2026-03-24T18:07:00.000Z,BOUV,X,variation,channel,21861.609809974998,nT
2026-03-24T18:08:00.000Z,BOUV,X,variation,channel,21861.429196340585,nT
2026-03-24T18:09:00.000Z,BOUV,X,variation,channel,21862.718171452747,nT
2026-03-24T18:10:00.000Z,BOUV,X,variation,channel,21862.877318857136,nT
2026-03-24T18:11:00.000Z,BOUV,X,variation,channel,21863.01538613128,nT
2026-03-24T18:12:00.000Z,BOUV,X,variation,channel,21863.4808642374,nT
2026-03-24T18:13:00.000Z,BOUV,X,variation,channel,21863.801943782622,nT
2026-03-24T18:14:00.000Z,BOUV,X,variation,channel,21863.100808788884,nT
2026-03-24T18:15:00.000Z,BOUV,X,variation,channel,21863.62825100065,nT
2026-03-24T18:16:00.000Z,BOUV,X,variation,channel,21863.95868569165,nT
2026-03-24T18:17:00.000Z,BOUV,X,variation,channel,21864.170677779464,nT
2026-03-24T18:18:00.000Z,BOUV,X,variation,channel,21864.237574273022,nT
2026-03-24T18:19:00.000Z,BOUV,X,variation,channel,21864.63176494918,nT
2026-03-24T18:20:00.000Z,BOUV,X,variation,channel,21865.259045491912,nT
2026-03-24T18:21:00.000Z,BOUV,X,variation,channel,21866.13842471616,nT
2026-03-24T18:22:00.000Z,BOUV,X,variation,channel,21867.083207293304,nT
2026-03-24T18:23:00.000Z,BOUV,X,variation,channel,21867.25599641124,nT
2026-03-24T18:24:00.000Z,BOUV,X,variation,channel,21867.077309592576,nT
2026-03-24T18:25:00.000Z,BOUV,X,variation,channel,21867.930178093968,nT
2026-03-24T18:26:00.000Z,BOUV,X,variation,channel,21867.742165317042,nT
2026-03-24T18:27:00.000Z,BOUV,X,variation,channel,21866.478371207242,nT
2026-03-24T18:28:00.000Z,BOUV,X,variation,channel,21866.93543543378,nT
2026-03-24T18:29:00.000Z,BOUV,X,variation,channel,21867.427807156044,nT
2026-03-24T18:30:00.000Z,BOUV,X,variation,channel,21868.632886414918,nT
2026-03-24T18:31:00.000Z,BOUV,X,variation,channel,21869.281370180342,nT
2026-03-24T18:32:00.000Z,BOUV,X,variation,channel,21870.06287451304,nT
2026-03-24T18:33:00.000Z,BOUV,X,variation,channel,21870.76646752111,nT
2026-03-24T18:34:00.000Z,BOUV,X,variation,channel,21872.483795329506,nT
2026-03-24T18:35:00.000Z,BOUV,X,variation,channel,21873.418404924018,nT
2026-03-24T18:36:00.000Z,BOUV,X,variation,channel,21872.763284180044,nT
2026-03-24T18:37:00.000Z,BOUV,X,variation,channel,21869.801084907907,nT
2026-03-24T18:38:00.000Z,BOUV,X,variation,channel,21871.428337032412,nT
2026-03-24T18:39:00.000Z,BOUV,X,variation,channel,21872.68445407015,nT
2026-03-24T18:40:00.000Z,BOUV,X,variation,channel,21871.73993476912,nT
2026-03-24T18:41:00.000Z,BOUV,X,variation,channel,21873.258878559172,nT
2026-03-24T18:42:00.000Z,BOUV,X,variation,channel,21873.262666826024,nT
2026-03-24T18:43:00.000Z,BOUV,X,variation,channel,21874.5032384646,nT
2026-03-24T18:44:00.000Z,BOUV,X,variation,channel,21874.78627932029,nT
2026-03-24T18:45:00.000Z,BOUV,X,variation,channel,21875.294140334634,nT
2026-03-24T18:46:00.000Z,BOUV,X,variation,channel,21875.822832010606,nT
2026-03-24T18:47:00.000Z,BOUV,X,variation,channel,21876.71515254892,nT
2026-03-24T18:48:00.000Z,BOUV,X,variation,channel,21877.56045040894,nT
2026-03-24T18:49:00.000Z,BOUV,X,variation,channel,21878.210033029238,nT
2026-03-24T18:50:00.000Z,BOUV,X,variation,channel,21878.749000076932,nT
2026-03-24T18:51:00.000Z,BOUV,X,variation,channel,21879.435907796684,nT
2026-03-24T18:52:00.000Z,BOUV,X,variation,channel,21879.969163388396,nT
2026-03-24T18:53:00.000Z,BOUV,X,variation,channel,21880.794460966674,nT
2026-03-24T18:54:00.000Z,BOUV,X,variation,channel,21881.62624592858,nT
2026-03-24T18:55:00.000Z,BOUV,X,variation,channel,21882.05365823888,nT
2026-03-24T18:56:00.000Z,BOUV,X,variation,channel,21882.317162063493,nT
2026-03-24T18:57:00.000Z,BOUV,X,variation,channel,21883.030623670722,nT
2026-03-24T18:58:00.000Z,BOUV,X,variation,channel,21883.85690547563,nT
2026-03-24T18:59:00.000Z,BOUV,X,variation,channel,21884.268557701533,nT
2026-03-24T19:00:00.000Z,BOUV,X,variation,channel,21884.40082615769,nT
2026-03-24T19:01:00.000Z,BOUV,X,variation,channel,21884.804104899897,nT
2026-03-24T19:02:00.000Z,BOUV,X,variation,channel,21885.12233977155,nT
2026-03-24T19:03:00.000Z,BOUV,X,variation,channel,21885.67569841561,nT
2026-03-24T19:04:00.000Z,BOUV,X,variation,channel,21886.179457384853,nT
2026-03-24T19:05:00.000Z,BOUV,X,variation,channel,21886.63036687516,nT
2026-03-24T19:06:00.000Z,BOUV,X,variation,channel,21886.971197474224,nT
2026-03-24T19:07:00.000Z,BOUV,X,variation,channel,21887.68770143765,nT
2026-03-24T19:08:00.000Z,BOUV,X,variation,channel,21888.128292668593,nT
2026-03-24T19:09:00.000Z,BOUV,X,variation,channel,21888.422150192913,nT
2026-03-24T19:10:00.000Z,BOUV,X,variation,channel,21888.77117628924,nT
2026-03-24T19:11:00.000Z,BOUV,X,variation,channel,21888.929882455082,nT
2026-03-24T19:12:00.000Z,BOUV,X,variation,channel,21889.274309451357,nT
2026-03-24T19:13:00.000Z,BOUV,X,variation,channel,21889.77038205703,nT
2026-03-24T19:14:00.000Z,BOUV,X,variation,channel,21889.954284365336,nT
2026-03-24T19:15:00.000Z,BOUV,X,variation,channel,21890.02084810161,nT
2026-03-24T19:16:00.000Z,BOUV,X,variation,channel,21890.02745361394,nT
2026-03-24T19:17:00.000Z,BOUV,X,variation,channel,21890.097318431835,nT
2026-03-24T19:18:00.000Z,BOUV,X,variation,channel,21890.49552822063,nT
2026-03-24T19:19:00.000Z,BOUV,X,variation,channel,21890.91907054346,nT
2026-03-24T19:20:00.000Z,BOUV,X,variation,channel,21891.076247177738,nT
2026-03-24T19:21:00.000Z,BOUV,X,variation,channel,21891.108394518847,nT
2026-03-24T19:22:00.000Z,BOUV,X,variation,channel,21891.255056745962,nT
2026-03-24T19:23:00.000Z,BOUV,X,variation,channel,21891.35363353409,nT
2026-03-24T19:24:00.000Z,BOUV,X,variation,channel,21891.56978174637,nT
2026-03-24T19:25:00.000Z,BOUV,X,variation,channel,21892.07212208879,nT
2026-03-24T19:26:00.000Z,BOUV,X,variation,channel,21892.469571688223,nT
2026-03-24T19:27:00.000Z,BOUV,X,variation,channel,21892.78088687385,nT
2026-03-24T19:28:00.000Z,BOUV,X,variation,channel,21892.86832724325,nT
2026-03-24T19:29:00.000Z,BOUV,X,variation,channel,21892.871388580534,nT
2026-03-24T19:30:00.000Z,BOUV,X,variation,channel,21893.234035004196,nT
2026-03-24T19:31:00.000Z,BOUV,X,variation,channel,21893.738310239103,nT
2026-03-24T19:32:00.000Z,BOUV,X,variation,channel,21894.154967151917,nT
2026-03-24T19:33:00.000Z,BOUV,X,variation,channel,21894.225823179087,nT
2026-03-24T19:34:00.000Z,BOUV,X,variation,channel,21894.121536881325,nT
2026-03-24T19:35:00.000Z,BOUV,X,variation,channel,21894.27577706014,nT
2026-03-24T19:36:00.000Z,BOUV,X,variation,channel,21894.27445193449,nT
2026-03-24T19:37:00.000Z,BOUV,X,variation,channel,21893.68915090082,nT
2026-03-24T19:38:00.000Z,BOUV,X,variation,channel,21892.929082056577,nT
2026-03-24T19:39:00.000Z,BOUV,X,variation,channel,21892.680696951433,nT
2026-03-24T19:40:00.000Z,BOUV,X,variation,channel,21893.08487344772,nT
2026-03-24T19:41:00.000Z,BOUV,X,variation,channel,21894.640694249956,nT
2026-03-24T19:42:00.000Z,BOUV,X,variation,channel,21896.001490565053,nT
2026-03-24T19:43:00.000Z,BOUV,X,variation,channel,21896.87150018163,nT
2026-03-24T19:44:00.000Z,BOUV,X,variation,channel,21896.597014532137,nT
2026-03-24T19:45:00.000Z,BOUV,X,variation,channel,21895.806618779,nT
2026-03-24T19:46:00.000Z,BOUV,X,variation,channel,21894.515394437833,nT
2026-03-24T19:47:00.000Z,BOUV,X,variation,channel,21893.483318238726,nT
2026-03-24T19:48:00.000Z,BOUV,X,variation,channel,21893.12782534807,nT
2026-03-24T19:49:00.000Z,BOUV,X,variation,channel,21892.9848917912,nT
2026-03-24T19:50:00.000Z,BOUV,X,variation,channel,21893.765648061395,nT
2026-03-24T19:51:00.000Z,BOUV,X,variation,channel,21894.418666856258,nT
2026-03-24T19:52:00.000Z,BOUV,X,variation,channel,21894.580028639797,nT
2026-03-24T19:53:00.000Z,BOUV,X,variation,channel,21894.09601956371,nT
2026-03-24T19:54:00.000Z,BOUV,X,variation,channel,21894.159853249814,nT
2026-03-24T19:55:00.000Z,BOUV,X,variation,channel,21893.64081127849,nT
2026-03-24T19:56:00.000Z,BOUV,X,variation,channel,21894.556793665284,nT
2026-03-24T19:57:00.000Z,BOUV,X,variation,channel,21895.307497034886,nT
2026-03-24T19:58:00.000Z,BOUV,X,variation,channel,21895.73851143382,nT
2026-03-24T19:59:00.000Z,BOUV,X,variation,channel,21895.56991191472,nT
2026-03-24T20:00:00.000Z,BOUV,X,variation,channel,21894.474143636435,nT
2026-03-24T20:01:00.000Z,BOUV,X,variation,channel,21893.12114663797,nT
2026-03-24T20:02:00.000Z,BOUV,X,variation,channel,21892.82945586801,nT
2026-03-24T20:03:00.000Z,BOUV,X,variation,channel,21892.906576224406,nT
2026-03-24T20:04:00.000Z,BOUV,X,variation,channel,21894.26575679097,nT
2026-03-24T20:05:00.000Z,BOUV,X,variation,channel,21894.95107485911,nT
2026-03-24T20:06:00.000Z,BOUV,X,variation,channel,21894.097691100447,nT
2026-03-24T20:07:00.000Z,BOUV,X,variation,channel,21892.29802384966,nT
2026-03-24T20:08:00.000Z,BOUV,X,variation,channel,21891.527448442386,nT
2026-03-24T20:09:00.000Z,BOUV,X,variation,channel,21891.40024022585,nT
2026-03-24T20:10:00.000Z,BOUV,X,variation,channel,21890.964884917277,nT
2026-03-24T20:11:00.000Z,BOUV,X,variation,channel,21891.18934181291,nT
2026-03-24T20:12:00.000Z,BOUV,X,variation,channel,21891.861658573653,nT
2026-03-24T20:13:00.000Z,BOUV,X,variation,channel,21893.380712024264,nT
2026-03-24T20:14:00.000Z,BOUV,X,variation,channel,21894.239480958255,nT
2026-03-24T20:15:00.000Z,BOUV,X,variation,channel,21894.391089073393,nT
2026-03-24T20:16:00.000Z,BOUV,X,variation,channel,21894.417233624798,nT
2026-03-24T20:17:00.000Z,BOUV,X,variation,channel,21893.956086158258,nT
2026-03-24T20:18:00.000Z,BOUV,X,variation,channel,21892.987631047,nT
2026-03-24T20:19:00.000Z,BOUV,X,variation,channel,21891.82038324008,nT
2026-03-24T20:20:00.000Z,BOUV,X,variation,channel,21892.005885057748,nT
2026-03-24T20:21:00.000Z,BOUV,X,variation,channel,21893.314806740516,nT
2026-03-24T20:22:00.000Z,BOUV,X,variation,channel,21894.30212710956,nT
2026-03-24T20:23:00.000Z,BOUV,X,variation,channel,21894.942730029954,nT
2026-03-24T20:24:00.000Z,BOUV,X,variation,channel,21894.931694302148,nT
2026-03-24T20:25:00.000Z,BOUV,X,variation,channel,21894.8612438019,nT
2026-03-24T20:26:00.000Z,BOUV,X,variation,channel,21894.836649622615,nT
2026-03-24T20:27:00.000Z,BOUV,X,variation,channel,21894.92692441038,nT
2026-03-24T20:28:00.000Z,BOUV,X,variation,channel,21895.09721506672,nT
2026-03-24T20:29:00.000Z,BOUV,X,variation,channel,21895.067540238553,nT
2026-03-24T20:30:00.000Z,BOUV,X,variation,channel,21895.524735962514,nT
2026-03-24T20:31:00.000Z,BOUV,X,variation,channel,21895.417617213137,nT
2026-03-24T20:32:00.000Z,BOUV,X,variation,channel,21894.838447518912,nT
2026-03-24T20:33:00.000Z,BOUV,X,variation,channel,21895.204583754585,nT
2026-03-24T20:34:00.000Z,BOUV,X,variation,channel,21894.77113997114,nT
2026-03-24T20:35:00.000Z,BOUV,X,variation,channel,21894.876486871024,nT
2026-03-24T20:36:00.000Z,BOUV,X,variation,channel,21895.296620593435,nT
2026-03-24T20:37:00.000Z,BOUV,X,variation,channel,21894.872452410378,nT
2026-03-24T20:38:00.000Z,BOUV,X,variation,channel,21894.286113772334,nT
2026-03-24T20:39:00.000Z,BOUV,X,variation,channel,21893.36066594068,nT
2026-03-24T20:40:00.000Z,BOUV,X,variation,channel,21892.962426513877,nT
2026-03-24T20:41:00.000Z,BOUV,X,variation,channel,21892.52481674592,nT
2026-03-24T20:42:00.000Z,BOUV,X,variation,channel,21892.22520592253,nT
2026-03-24T20:43:00.000Z,BOUV,X,variation,channel,21891.342050548697,nT
2026-03-24T20:44:00.000Z,BOUV,X,variation,channel,21890.56666819155,nT
2026-03-24T20:45:00.000Z,BOUV,X,variation,channel,21890.922320486967,nT
2026-03-24T20:46:00.000Z,BOUV,X,variation,channel,21890.941042028036,nT
2026-03-24T20:47:00.000Z,BOUV,X,variation,channel,21891.26583547129,nT
2026-03-24T20:48:00.000Z,BOUV,X,variation,channel,21890.80237589548,nT
2026-03-24T20:49:00.000Z,BOUV,X,variation,channel,21890.265777516863,nT
2026-03-24T20:50:00.000Z,BOUV,X,variation,channel,21889.898573455754,nT
2026-03-24T20:51:00.000Z,BOUV,X,variation,channel,21889.599896828706,nT
2026-03-24T20:52:00.000Z,BOUV,X,variation,channel,21888.923572319385,nT
2026-03-24T20:53:00.000Z,BOUV,X,variation,channel,21888.92819462254,nT
2026-03-24T20:54:00.000Z,BOUV,X,variation,channel,21888.341647953366,nT
2026-03-24T20:55:00.000Z,BOUV,X,variation,channel,21888.23703383555,nT
2026-03-24T20:56:00.000Z,BOUV,X,variation,channel,21888.409255357034,nT
2026-03-24T20:57:00.000Z,BOUV,X,variation,channel,21887.025540278355,nT
2026-03-24T20:58:00.000Z,BOUV,X,variation,channel,21885.391485079097,nT
2026-03-24T20:59:00.000Z,BOUV,X,variation,channel,21884.264195669486,nT
2026-03-24T21:00:00.000Z,BOUV,X,variation,channel,21882.079157636286,nT
2026-03-24T21:01:00.000Z,BOUV,X,variation,channel,21879.986377709512,nT
2026-03-24T21:02:00.000Z,BOUV,X,variation,channel,21879.543344996164,nT
2026-03-24T21:03:00.000Z,BOUV,X,variation,channel,21878.54972127565,nT
2026-03-24T21:04:00.000Z,BOUV,X,variation,channel,21879.065967115253,nT
2026-03-24T21:05:00.000Z,BOUV,X,variation,channel,21879.78622378381,nT
2026-03-24T21:06:00.000Z,BOUV,X,variation,channel,21879.669084396715,nT
2026-03-24T21:07:00.000Z,BOUV,X,variation,channel,21879.417075676793,nT
2026-03-24T21:08:00.000Z,BOUV,X,variation,channel,21879.73315667787,nT
2026-03-24T21:09:00.000Z,BOUV,X,variation,channel,21880.082079564843,nT
2026-03-24T21:10:00.000Z,BOUV,X,variation,channel,21880.129292495236,nT
2026-03-24T21:11:00.000Z,BOUV,X,variation,channel,21880.75746663501,nT
2026-03-24T21:12:00.000Z,BOUV,X,variation,channel,21880.480538280146,nT
2026-03-24T21:13:00.000Z,BOUV,X,variation,channel,21879.713961365404,nT
2026-03-24T21:14:00.000Z,BOUV,X,variation,channel,21878.618922809546,nT
2026-03-24T21:15:00.000Z,BOUV,X,variation,channel,21878.622737724723,nT
2026-03-24T21:16:00.000Z,BOUV,X,variation,channel,21878.267713818714,nT
2026-03-24T21:17:00.000Z,BOUV,X,variation,channel,21878.84161263436,nT
2026-03-24T21:18:00.000Z,BOUV,X,variation,channel,21879.269479485585,nT
2026-03-24T21:19:00.000Z,BOUV,X,variation,channel,21879.420044832033,nT
2026-03-24T21:20:00.000Z,BOUV,X,variation,channel,21879.554995183313,nT
2026-03-24T21:21:00.000Z,BOUV,X,variation,channel,21880.545187356678,nT
2026-03-24T21:22:00.000Z,BOUV,X,variation,channel,21880.846725178,nT
2026-03-24T21:23:00.000Z,BOUV,X,variation,channel,21880.837685608938,nT
2026-03-24T21:24:00.000Z,BOUV,X,variation,channel,21880.734197821388,nT
2026-03-24T21:25:00.000Z,BOUV,X,variation,channel,21880.67011046344,nT
2026-03-24T21:26:00.000Z,BOUV,X,variation,channel,21881.133451009508,nT
2026-03-24T21:27:00.000Z,BOUV,X,variation,channel,21881.0783172571,nT
2026-03-24T21:28:00.000Z,BOUV,X,variation,channel,21881.614894991166,nT
2026-03-24T21:29:00.000Z,BOUV,X,variation,channel,21882.448951235445,nT
2026-03-24T21:30:00.000Z,BOUV,X,variation,channel,21883.560719462108,nT
2026-03-24T21:31:00.000Z,BOUV,X,variation,channel,21884.83154498316,nT
2026-03-24T21:32:00.000Z,BOUV,X,variation,channel,21885.822754225526,nT
2026-03-24T21:33:00.000Z,BOUV,X,variation,channel,21886.109632015592,nT
2026-03-24T21:34:00.000Z,BOUV,X,variation,channel,21886.057445142338,nT
2026-03-24T21:35:00.000Z,BOUV,X,variation,channel,21886.06610537442,nT
2026-03-24T21:36:00.000Z,BOUV,X,variation,channel,21886.058453253438,nT
2026-03-24T21:37:00.000Z,BOUV,X,variation,channel,21885.826012489233,nT
2026-03-24T21:38:00.000Z,BOUV,X,variation,channel,21886.182643041186,nT
2026-03-24T21:39:00.000Z,BOUV,X,variation,channel,21886.879868455468,nT
2026-03-24T21:40:00.000Z,BOUV,X,variation,channel,21887.275494364727,nT
2026-03-24T21:41:00.000Z,BOUV,X,variation,channel,21887.317289348102,nT
2026-03-24T21:42:00.000Z,BOUV,X,variation,channel,21887.416456404488,nT
2026-03-24T21:43:00.000Z,BOUV,X,variation,channel,21887.547146113495,nT
2026-03-24T21:44:00.000Z,BOUV,X,variation,channel,21887.859815361422,nT
2026-03-24T21:45:00.000Z,BOUV,X,variation,channel,21888.013373065332,nT
2026-03-24T21:46:00.000Z,BOUV,X,variation,channel,21888.155104876987,nT
2026-03-24T21:47:00.000Z,BOUV,X,variation,channel,21888.297184537285,nT
2026-03-24T21:48:00.000Z,BOUV,X,variation,channel,21888.2294622306,nT
2026-03-24T21:49:00.000Z,BOUV,X,variation,channel,21888.17076224554,nT
2026-03-24T21:50:00.000Z,BOUV,X,variation,channel,21888.116430687478,nT
2026-03-24T21:51:00.000Z,BOUV,X,variation,channel,21888.50247740688,nT
2026-03-24T21:52:00.000Z,BOUV,X,variation,channel,21889.44175229638,nT
2026-03-24T21:53:00.000Z,BOUV,X,variation,channel,21890.010459995694,nT
2026-03-24T21:54:00.000Z,BOUV,X,variation,channel,21890.75811385839,nT
2026-03-24T21:55:00.000Z,BOUV,X,variation,channel,21891.144516991957,nT
2026-03-24T21:56:00.000Z,BOUV,X,variation,channel,21891.052850369182,nT
2026-03-24T21:57:00.000Z,BOUV,X,variation,channel,21891.029859463775,nT
2026-03-24T21:58:00.000Z,BOUV,X,variation,channel,21891.130593214155,nT
2026-03-24T21:59:00.000Z,BOUV,X,variation,channel,21891.19833051525,nT
2026-03-24T22:00:00.000Z,BOUV,X,variation,channel,21890.806760218402,nT
2026-03-24T22:01:00.000Z,BOUV,X,variation,channel,21890.48605653643,nT
2026-03-24T22:02:00.000Z,BOUV,X,variation,channel,21890.913357291418,nT
2026-03-24T22:03:00.000Z,BOUV,X,variation,channel,21891.18197398159,nT
2026-03-24T22:04:00.000Z,BOUV,X,variation,channel,21890.55975157436,nT
2026-03-24T22:05:00.000Z,BOUV,X,variation,channel,21890.41515590992,nT
2026-03-24T22:06:00.000Z,BOUV,X,variation,channel,21890.608114894058,nT
2026-03-24T22:07:00.000Z,BOUV,X,variation,channel,21890.52268625224,nT
2026-03-24T22:08:00.000Z,BOUV,X,variation,channel,21890.76267590224,nT
2026-03-24T22:09:00.000Z,BOUV,X,variation,channel,21890.850804681035,nT
2026-03-24T22:10:00.000Z,BOUV,X,variation,channel,21890.642917819954,nT
2026-03-24T22:11:00.000Z,BOUV,X,variation,channel,21890.762691733034,nT
2026-03-24T22:12:00.000Z,BOUV,X,variation,channel,21890.790513544856,nT
2026-03-24T22:13:00.000Z,BOUV,X,variation,channel,21891.06980907581,nT
2026-03-24T22:14:00.000Z,BOUV,X,variation,channel,21891.23140880015,nT
2026-03-24T22:15:00.000Z,BOUV,X,variation,channel,21891.326704840394,nT
2026-03-24T22:16:00.000Z,BOUV,X,variation,channel,21891.2813040864,nT
2026-03-24T22:17:00.000Z,BOUV,X,variation,channel,21891.334942498583,nT
2026-03-24T22:18:00.000Z,BOUV,X,variation,channel,21891.379810466973,nT
2026-03-24T22:19:00.000Z,BOUV,X,variation,channel,21891.556899164938,nT
2026-03-24T22:20:00.000Z,BOUV,X,variation,channel,21891.776376753038,nT
2026-03-24T22:21:00.000Z,BOUV,X,variation,channel,21892.025988987163,nT
2026-03-24T22:22:00.000Z,BOUV,X,variation,channel,21892.419859694328,nT
2026-03-24T22:23:00.000Z,BOUV,X,variation,channel,21892.706203030466,nT
2026-03-24T22:24:00.000Z,BOUV,X,variation,channel,21893.14381560211,nT
2026-03-24T22:25:00.000Z,BOUV,X,variation,channel,21893.513493254617,nT
2026-03-24T22:26:00.000Z,BOUV,X,variation,channel,21893.9299046202,nT
2026-03-24T22:27:00.000Z,BOUV,X,variation,channel,21894.216984794097,nT
2026-03-24T22:28:00.000Z,BOUV,X,variation,channel,21894.364151802172,nT
2026-03-24T22:29:00.000Z,BOUV,X,variation,channel,21894.477650233835,nT
2026-03-24T22:30:00.000Z,BOUV,X,variation,channel,21894.663588160773,nT
2026-03-24T22:31:00.000Z,BOUV,X,variation,channel,21894.719797375845,nT
2026-03-24T22:32:00.000Z,BOUV,X,variation,channel,21894.84468827972,nT
2026-03-24T22:33:00.000Z,BOUV,X,variation,channel,21894.885799763906,nT
2026-03-24T22:34:00.000Z,BOUV,X,variation,channel,21894.986001231304,nT
2026-03-24T22:35:00.000Z,BOUV,X,variation,channel,21894.97693920321,nT
2026-03-24T22:36:00.000Z,BOUV,X,variation,channel,21894.879594678976,nT
2026-03-24T22:37:00.000Z,BOUV,X,variation,channel,21894.947131068573,nT
2026-03-24T22:38:00.000Z,BOUV,X,variation,channel,21894.905163070976,nT
2026-03-24T22:39:00.000Z,BOUV,X,variation,channel,21895.047565170993,nT
2026-03-24T22:40:00.000Z,BOUV,X,variation,channel,21895.11898991565,nT
2026-03-24T22:41:00.000Z,BOUV,X,variation,channel,21895.37255291751,nT
2026-03-24T22:42:00.000Z,BOUV,X,variation,channel,21895.361801990675,nT
2026-03-24T22:43:00.000Z,BOUV,X,variation,channel,21895.4425709101,nT
2026-03-24T22:44:00.000Z,BOUV,X,variation,channel,21895.365001863443,nT
2026-03-24T22:45:00.000Z,BOUV,X,variation,channel,21895.227178339337,nT
2026-03-24T22:46:00.000Z,BOUV,X,variation,channel,21895.236222671305,nT
2026-03-24T22:47:00.000Z,BOUV,X,variation,channel,21895.280184290154,nT
2026-03-24T22:48:00.000Z,BOUV,X,variation,channel,21895.436767310337,nT
2026-03-24T22:49:00.000Z,BOUV,X,variation,channel,21895.540095489338,nT
2026-03-24T22:50:00.000Z,BOUV,X,variation,channel,21895.58458465877,nT
2026-03-24T22:51:00.000Z,BOUV,X,variation,channel,21895.602743676925,nT
2026-03-24T22:52:00.000Z,BOUV,X,variation,channel,21895.658460590737,nT
2026-03-24T22:53:00.000Z,BOUV,X,variation,channel,21895.61956229901,nT
2026-03-24T22:54:00.000Z,BOUV,X,variation,channel,21895.64954374053,nT
2026-03-24T22:55:00.000Z,BOUV,X,variation,channel,21895.766398511118,nT
2026-03-24T22:56:00.000Z,BOUV,X,variation,channel,21895.906794858212,nT
2026-03-24T22:57:00.000Z,BOUV,X,variation,channel,21895.87886878509,nT
2026-03-24T22:58:00.000Z,BOUV,X,variation,channel,21895.858157035385,nT
2026-03-24T22:59:00.000Z,BOUV,X,variation,channel,21895.89770341091,nT
2026-03-24T23:00:00.000Z,BOUV,X,variation,channel,21896.030573099775,nT
2026-03-24T23:01:00.000Z,BOUV,X,variation,channel,21896.455221215125,nT
2026-03-24T23:02:00.000Z,BOUV,X,variation,channel,21896.45626566205,nT
2026-03-24T23:03:00.000Z,BOUV,X,variation,channel,21896.812725888463,nT
2026-03-24T23:04:00.000Z,BOUV,X,variation,channel,21897.06390145102,nT
2026-03-24T23:05:00.000Z,BOUV,X,variation,channel,21897.777492512414,nT
2026-03-24T23:06:00.000Z,BOUV,X,variation,channel,21898.5319010977,nT
2026-03-24T23:07:00.000Z,BOUV,X,variation,channel,21898.947350975202,nT
2026-03-24T23:08:00.000Z,BOUV,X,variation,channel,21899.153427339166,nT
2026-03-24T23:09:00.000Z,BOUV,X,variation,channel,21899.26778191282,nT
2026-03-24T23:10:00.000Z,BOUV,X,variation,channel,21899.324744735553,nT
2026-03-24T23:11:00.000Z,BOUV,X,variation,channel,21899.10924715616,nT
2026-03-24T23:12:00.000Z,BOUV,X,variation,channel,21899.189548963834,nT
2026-03-24T23:13:00.000Z,BOUV,X,variation,channel,21899.473055396982,nT
2026-03-24T23:14:00.000Z,BOUV,X,variation,channel,21899.25654984223,nT
2026-03-24T23:15:00.000Z,BOUV,X,variation,channel,21899.575436246065,nT
2026-03-24T23:16:00.000Z,BOUV,X,variation,channel,21899.80900660728,nT
2026-03-24T23:17:00.000Z,BOUV,X,variation,channel,21899.98504151283,nT
2026-03-24T23:18:00.000Z,BOUV,X,variation,channel,21900.382209912063,nT
2026-03-24T23:19:00.000Z,BOUV,X,variation,channel,21900.82922868678,nT
2026-03-24T23:20:00.000Z,BOUV,X,variation,channel,21901.121896091787,nT
2026-03-24T23:21:00.000Z,BOUV,X,variation,channel,21901.60503385952,nT
2026-03-24T23:22:00.000Z,BOUV,X,variation,channel,21901.667212047825,nT
2026-03-24T23:23:00.000Z,BOUV,X,variation,channel,21901.80288550333,nT
2026-03-24T23:24:00.000Z,BOUV,X,variation,channel,21901.707437545694,nT
2026-03-24T23:25:00.000Z,BOUV,X,variation,channel,21901.175481699844,nT
2026-03-24T23:26:00.000Z,BOUV,X,variation,channel,21900.78673014067,nT
2026-03-24T23:27:00.000Z,BOUV,X,variation,channel,21900.622320079216,nT
2026-03-24T23:28:00.000Z,BOUV,X,variation,channel,21900.381872256155,nT
2026-03-24T23:29:00.000Z,BOUV,X,variation,channel,21900.14152660603,nT
2026-03-24T23:30:00.000Z,BOUV,X,variation,channel,21900.09204377315,nT
2026-03-24T23:31:00.000Z,BOUV,X,variation,channel,21899.683581183665,nT
2026-03-24T23:32:00.000Z,BOUV,X,variation,channel,21899.286365878175,nT
2026-03-24T23:33:00.000Z,BOUV,X,variation,channel,21898.834415224417,nT
2026-03-24T23:34:00.000Z,BOUV,X,variation,channel,21898.365084342153,nT
2026-03-24T23:35:00.000Z,BOUV,X,variation,channel,21898.17843312898,nT
2026-03-24T23:36:00.000Z,BOUV,X,variation,channel,21897.666689619757,nT
2026-03-24T23:37:00.000Z,BOUV,X,variation,channel,21897.145654719177,nT
2026-03-24T23:38:00.000Z,BOUV,X,variation,channel,21896.673357119886,nT
2026-03-24T23:39:00.000Z,BOUV,X,variation,channel,21896.34399617695,nT
2026-03-24T23:40:00.000Z,BOUV,X,variation,channel,21895.959959153464,nT
2026-03-24T23:41:00.000Z,BOUV,X,variation,channel,21895.888814073205,nT
2026-03-24T23:42:00.000Z,BOUV,X,variation,channel,21895.706780954544,nT
2026-03-24T23:43:00.000Z,BOUV,X,variation,channel,21895.426591059113,nT
2026-03-24T23:44:00.000Z,BOUV,X,variation,channel,21895.07736530242,nT
2026-03-24T23:45:00.000Z,BOUV,X,variation,channel,21894.88807602525,nT
2026-03-24T23:46:00.000Z,BOUV,X,variation,channel,21894.443508551136,nT
2026-03-24T23:47:00.000Z,BOUV,X,variation,channel,21894.145450130793,nT
2026-03-24T23:48:00.000Z,BOUV,X,variation,channel,21894.410869936568,nT
2026-03-24T23:49:00.000Z,BOUV,X,variation,channel,21894.959089984626,nT
2026-03-24T23:50:00.000Z,BOUV,X,variation,channel,21894.69040814221,nT
2026-03-24T23:51:00.000Z,BOUV,X,variation,channel,21893.823715639563,nT
2026-03-24T23:52:00.000Z,BOUV,X,variation,channel,21893.32315250915,nT
2026-03-24T23:53:00.000Z,BOUV,X,variation,channel,21893.292936879527,nT
2026-03-24T23:54:00.000Z,BOUV,X,variation,channel,21894.427679342338,nT
2026-03-24T23:55:00.000Z,BOUV,X,variation,channel,21894.52751290557,nT
2026-03-24T23:56:00.000Z,BOUV,X,variation,channel,21894.062593120114,nT
2026-03-24T23:57:00.000Z,BOUV,X,variation,channel,21893.42206214899,nT
2026-03-24T23:58:00.000Z,BOUV,X,variation,channel,21893.246113862304,nT
2026-03-24T23:59:00.000Z,BOUV,X,variation,channel,21893.160068332247,nT
2026-03-25T00:00:00.000Z,BOUV,X,variation,channel,21893.66972011163,nT
2026-03-25T00:01:00.000Z,BOUV,X,variation,channel,21894.242890715097,nT
2026-03-25T00:02:00.000Z,BOUV,X,variation,channel,21893.629951023562,nT
2026-03-25T00:03:00.000Z,BOUV,X,variation,channel,21893.37519724946,nT
2026-03-25T00:04:00.000Z,BOUV,X,variation,channel,21893.687148207562,nT
2026-03-25T00:05:00.000Z,BOUV,X,variation,channel,21894.18696366252,nT
2026-03-25T00:06:00.000Z,BOUV,X,variation,channel,21895.342319886826,nT
2026-03-25T00:07:00.000Z,BOUV,X,variation,channel,21895.54743097844,nT
2026-03-25T00:08:00.000Z,BOUV,X,variation,channel,21896.337727349386,nT
2026-03-25T00:09:00.000Z,BOUV,X,variation,channel,21897.228702580527,nT
2026-03-25T00:10:00.000Z,BOUV,X,variation,channel,21897.411133227542,nT
2026-03-25T00:11:00.000Z,BOUV,X,variation,channel,21897.46008434293,nT
2026-03-25T00:12:00.000Z,BOUV,X,variation,channel,21897.88957777946,nT
2026-03-25T00:13:00.000Z,BOUV,X,variation,channel,21898.989854982847,nT
2026-03-25T00:14:00.000Z,BOUV,X,variation,channel,21900.206160205544,nT
2026-03-25T00:15:00.000Z,BOUV,X,variation,channel,21901.06758631501,nT
2026-03-25T00:16:00.000Z,BOUV,X,variation,channel,21901.306916347767,nT
2026-03-25T00:17:00.000Z,BOUV,X,variation,channel,21901.315234569058,nT
2026-03-25T00:18:00.000Z,BOUV,X,variation,channel,21901.112809207196,nT
2026-03-25T00:19:00.000Z,BOUV,X,variation,channel,21901.12472978509,nT
2026-03-25T00:20:00.000Z,BOUV,X,variation,channel,21901.49959014695,nT
2026-03-25T00:21:00.000Z,BOUV,X,variation,channel,21901.47150285441,nT
2026-03-25T00:22:00.000Z,BOUV,X,variation,channel,21901.431533436145,nT
2026-03-25T00:23:00.000Z,BOUV,X,variation,channel,21901.574086250825,nT
2026-03-25T00:24:00.000Z,BOUV,X,variation,channel,21901.6534133083,nT
2026-03-25T00:25:00.000Z,BOUV,X,variation,channel,21901.774988894264,nT
2026-03-25T00:26:00.000Z,BOUV,X,variation,channel,21901.89596942569,nT
2026-03-25T00:27:00.000Z,BOUV,X,variation,channel,21902.161778826183,nT
2026-03-25T00:28:00.000Z,BOUV,X,variation,channel,21902.082100924195,nT
2026-03-25T00:29:00.000Z,BOUV,X,variation,channel,21902.13433736486,nT
2026-03-25T00:30:00.000Z,BOUV,X,variation,channel,21902.832842330638,nT
2026-03-25T00:31:00.000Z,BOUV,X,variation,channel,21902.949598830808,nT
2026-03-25T00:32:00.000Z,BOUV,X,variation,channel,21902.862890706892,nT
2026-03-25T00:33:00.000Z,BOUV,X,variation,channel,21902.699859948505,nT
2026-03-25T00:34:00.000Z,BOUV,X,variation,channel,21902.610406351396,nT
2026-03-25T00:35:00.000Z,BOUV,X,variation,channel,21902.32567236174,nT
2026-03-25T00:36:00.000Z,BOUV,X,variation,channel,21902.168588474036,nT
2026-03-25T00:37:00.000Z,BOUV,X,variation,channel,21901.912057366266,nT
2026-03-25T00:38:00.000Z,BOUV,X,variation,channel,21901.74923210815,nT
2026-03-25T00:39:00.000Z,BOUV,X,variation,channel,21901.84932511758,nT
2026-03-25T00:40:00.000Z,BOUV,X,variation,channel,21901.62602042343,nT
2026-03-25T00:41:00.000Z,BOUV,X,variation,channel,21901.07460484026,nT
2026-03-25T00:42:00.000Z,BOUV,X,variation,channel,21899.836823068454,nT
2026-03-25T00:43:00.000Z,BOUV,X,variation,channel,21898.504499871633,nT
2026-03-25T00:44:00.000Z,BOUV,X,variation,channel,21897.890343430474,nT
2026-03-25T00:45:00.000Z,BOUV,X,variation,channel,21897.643953724,nT
2026-03-25T00:46:00.000Z,BOUV,X,variation,channel,21897.012893166884,nT
2026-03-25T00:47:00.000Z,BOUV,X,variation,channel,21896.744439199116,nT
2026-03-25T00:48:00.000Z,BOUV,X,variation,channel,21896.411107756514,nT
2026-03-25T00:49:00.000Z,BOUV,X,variation,channel,21895.984039482548,nT
2026-03-25T00:50:00.000Z,BOUV,X,variation,channel,21896.024307823347,nT
2026-03-25T00:51:00.000Z,BOUV,X,variation,channel,21896.01718514253,nT
2026-03-25T00:52:00.000Z,BOUV,X,variation,channel,21895.925703170724,nT
2026-03-25T00:53:00.000Z,BOUV,X,variation,channel,21895.49116748596,nT
2026-03-25T00:54:00.000Z,BOUV,X,variation,channel,21895.19282704762,nT
2026-03-25T00:55:00.000Z,BOUV,X,variation,channel,21895.74670822104,nT
2026-03-25T00:56:00.000Z,BOUV,X,variation,channel,21895.881003631643,nT
2026-03-25T00:57:00.000Z,BOUV,X,variation,channel,21895.92022669783,nT
2026-03-25T00:58:00.000Z,BOUV,X,variation,channel,21895.766811225636,nT
2026-03-25T00:59:00.000Z,BOUV,X,variation,channel,21896.00904798958,nT
2026-03-25T01:00:00.000Z,BOUV,X,variation,channel,21895.454921550325,nT
2026-03-25T01:01:00.000Z,BOUV,X,variation,channel,21894.12453506434,nT
2026-03-25T01:02:00.000Z,BOUV,X,variation,channel,21893.9746503149,nT
2026-03-25T01:03:00.000Z,BOUV,X,variation,channel,21893.36097952178,nT
2026-03-25T01:04:00.000Z,BOUV,X,variation,channel,21892.462839255873,nT
2026-03-25T01:05:00.000Z,BOUV,X,variation,channel,21893.543021193575,nT
2026-03-25T01:06:00.000Z,BOUV,X,variation,channel,21894.556946317105,nT
2026-03-25T01:07:00.000Z,BOUV,X,variation,channel,21895.087806430023,nT
2026-03-25T01:08:00.000Z,BOUV,X,variation,channel,21895.6316248852,nT
2026-03-25T01:09:00.000Z,BOUV,X,variation,channel,21897.148124130432,nT
2026-03-25T01:10:00.000Z,BOUV,X,variation,channel,21895.35218027121,nT
2026-03-25T01:11:00.000Z,BOUV,X,variation,channel,21895.818709528954,nT
2026-03-25T01:12:00.000Z,BOUV,X,variation,channel,21895.35642340471,nT
2026-03-25T01:13:00.000Z,BOUV,X,variation,channel,21894.836791428217,nT
2026-03-25T01:14:00.000Z,BOUV,X,variation,channel,21895.41466533447,nT
2026-03-25T01:15:00.000Z,BOUV,X,variation,channel,21894.55713833485,nT
2026-03-25T01:16:00.000Z,BOUV,X,variation,channel,21893.5789610667,nT
2026-03-25T01:17:00.000Z,BOUV,X,variation,channel,21894.077746190924,nT
2026-03-25T01:18:00.000Z,BOUV,X,variation,channel,21894.056200662795,nT
2026-03-25T01:19:00.000Z,BOUV,X,variation,channel,21893.705159249166,nT
2026-03-25T01:20:00.000Z,BOUV,X,variation,channel,21894.24427942816,nT
2026-03-25T01:21:00.000Z,BOUV,X,variation,channel,21895.146114572308,nT
2026-03-25T01:22:00.000Z,BOUV,X,variation,channel,21895.812026129803,nT
2026-03-25T01:23:00.000Z,BOUV,X,variation,channel,21896.775968975704,nT
2026-03-25T01:24:00.000Z,BOUV,X,variation,channel,21897.278774353676,nT
2026-03-25T01:25:00.000Z,BOUV,X,variation,channel,21897.786583638135,nT
2026-03-25T01:26:00.000Z,BOUV,X,variation,channel,21897.87541629418,nT
2026-03-25T01:27:00.000Z,BOUV,X,variation,channel,21898.05934296837,nT
2026-03-25T01:28:00.000Z,BOUV,X,variation,channel,21898.470880356883,nT
2026-03-25T01:29:00.000Z,BOUV,X,variation,channel,21898.562399480692,nT
2026-03-25T01:30:00.000Z,BOUV,X,variation,channel,21899.158546623814,nT
2026-03-25T01:31:00.000Z,BOUV,X,variation,channel,21898.791399920552,nT
2026-03-25T01:32:00.000Z,BOUV,X,variation,channel,21898.826359762686,nT
2026-03-25T01:33:00.000Z,BOUV,X,variation,channel,21899.032573461223,nT
2026-03-25T01:34:00.000Z,BOUV,X,variation,channel,21899.304724000798,nT
2026-03-25T01:35:00.000Z,BOUV,X,variation,channel,21899.24559559978,nT
2026-03-25T01:36:00.000Z,BOUV,X,variation,channel,21898.97067656703,nT
2026-03-25T01:37:00.000Z,BOUV,X,variation,channel,21899.169468754655,nT
2026-03-25T01:38:00.000Z,BOUV,X,variation,channel,21899.59428532284,nT
2026-03-25T01:39:00.000Z,BOUV,X,variation,channel,21900.072256128264,nT
2026-03-25T01:40:00.000Z,BOUV,X,variation,channel,21900.11918812402,nT
2026-03-25T01:41:00.000Z,BOUV,X,variation,channel,21900.704367253635,nT
2026-03-25T01:42:00.000Z,BOUV,X,variation,channel,21900.749598842594,nT
2026-03-25T01:43:00.000Z,BOUV,X,variation,channel,21901.593590099666,nT
2026-03-25T01:44:00.000Z,BOUV,X,variation,channel,21901.371502502592,nT
2026-03-25T01:45:00.000Z,BOUV,X,variation,channel,21901.772173042005,nT
2026-03-25T01:46:00.000Z,BOUV,X,variation,channel,21902.907987657614,nT
2026-03-25T01:47:00.000Z,BOUV,X,variation,channel,21904.006177855143,nT
2026-03-25T01:48:00.000Z,BOUV,X,variation,channel,21904.618790514814,nT
2026-03-25T01:49:00.000Z,BOUV,X,variation,channel,21904.79936979206,nT
2026-03-25T01:50:00.000Z,BOUV,X,variation,channel,21904.47024174939,nT
2026-03-25T01:51:00.000Z,BOUV,X,variation,channel,21904.74714144449,nT
2026-03-25T01:52:00.000Z,BOUV,X,variation,channel,21904.82325421214,nT
2026-03-25T01:53:00.000Z,BOUV,X,variation,channel,21904.730835917755,nT
2026-03-25T01:54:00.000Z,BOUV,X,variation,channel,21904.526327517357,nT
2026-03-25T01:55:00.000Z,BOUV,X,variation,channel,21905.020250449303,nT
2026-03-25T01:56:00.000Z,BOUV,X,variation,channel,21905.074861967387,nT
2026-03-25T01:57:00.000Z,BOUV,X,variation,channel,21905.1391855922,nT
2026-03-25T01:58:00.000Z,BOUV,X,variation,channel,21905.010246595542,nT
2026-03-25T01:59:00.000Z,BOUV,X,variation,channel,21905.052938256653,nT
2026-03-25T02:00:00.000Z,BOUV,X,variation,channel,21904.849778337113,nT
2026-03-25T02:01:00.000Z,BOUV,X,variation,channel,21904.852080632085,nT
2026-03-25T02:02:00.000Z,BOUV,X,variation,channel,21904.46049516794,nT
2026-03-25T02:03:00.000Z,BOUV,X,variation,channel,21904.050249658383,nT
2026-03-25T02:04:00.000Z,BOUV,X,variation,channel,21903.071101715912,nT
2026-03-25T02:05:00.000Z,BOUV,X,variation,channel,21902.31285870945,nT
2026-03-25T02:06:00.000Z,BOUV,X,variation,channel,21902.240881246486,nT
2026-03-25T02:07:00.000Z,BOUV,X,variation,channel,21901.785691300927,nT
2026-03-25T02:08:00.000Z,BOUV,X,variation,channel,21901.038398416484,nT
2026-03-25T02:09:00.000Z,BOUV,X,variation,channel,21900.352266443693,nT
2026-03-25T02:10:00.000Z,BOUV,X,variation,channel,21899.918952334927,nT
2026-03-25T02:11:00.000Z,BOUV,X,variation,channel,21899.370291724284,nT
2026-03-25T02:12:00.000Z,BOUV,X,variation,channel,21899.157885636938,nT
2026-03-25T02:13:00.000Z,BOUV,X,variation,channel,21898.797003895168,nT
2026-03-25T02:14:00.000Z,BOUV,X,variation,channel,21898.549279203573,nT
2026-03-25T02:15:00.000Z,BOUV,X,variation,channel,21898.239271102277,nT
2026-03-25T02:16:00.000Z,BOUV,X,variation,channel,21897.730774371874,nT
2026-03-25T02:17:00.000Z,BOUV,X,variation,channel,21897.056176569084,nT
2026-03-25T02:18:00.000Z,BOUV,X,variation,channel,21896.542100871513,nT
2026-03-25T02:19:00.000Z,BOUV,X,variation,channel,21896.405902400755,nT
2026-03-25T02:20:00.000Z,BOUV,X,variation,channel,21896.41251322302,nT
2026-03-25T02:21:00.000Z,BOUV,X,variation,channel,21896.461516111405,nT
2026-03-25T02:22:00.000Z,BOUV,X,variation,channel,21896.52811753744,nT
2026-03-25T02:23:00.000Z,BOUV,X,variation,channel,21896.713269789077,nT
2026-03-25T02:24:00.000Z,BOUV,X,variation,channel,21897.249193440144,nT
2026-03-25T02:25:00.000Z,BOUV,X,variation,channel,21897.073333414308,nT
2026-03-25T02:26:00.000Z,BOUV,X,variation,channel,21896.821996408366,nT
2026-03-25T02:27:00.000Z,BOUV,X,variation,channel,21896.25399199547,nT
2026-03-25T02:28:00.000Z,BOUV,X,variation,channel,21895.95669917656,nT
2026-03-25T02:29:00.000Z,BOUV,X,variation,channel,21895.882337537812,nT
2026-03-25T02:30:00.000Z,BOUV,X,variation,channel,21896.36200809471,nT
2026-03-25T02:31:00.000Z,BOUV,X,variation,channel,21896.476549387702,nT
2026-03-25T02:32:00.000Z,BOUV,X,variation,channel,21896.303389579472,nT
2026-03-25T02:33:00.000Z,BOUV,X,variation,channel,21896.193102349574,nT
2026-03-25T02:34:00.000Z,BOUV,X,variation,channel,21895.951654198092,nT
2026-03-25T02:35:00.000Z,BOUV,X,variation,channel,21895.521105690896,nT
2026-03-25T02:36:00.000Z,BOUV,X,variation,channel,21894.995090484113,nT
2026-03-25T02:37:00.000Z,BOUV,X,variation,channel,21893.842369785747,nT
2026-03-25T02:38:00.000Z,BOUV,X,variation,channel,21893.11722593779,nT
2026-03-25T02:39:00.000Z,BOUV,X,variation,channel,21892.6993741276,nT
2026-03-25T02:40:00.000Z,BOUV,X,variation,channel,21892.436347453877,nT
2026-03-25T02:41:00.000Z,BOUV,X,variation,channel,21892.38918111893,nT
2026-03-25T02:42:00.000Z,BOUV,X,variation,channel,21892.11256856427,nT
2026-03-25T02:43:00.000Z,BOUV,X,variation,channel,21892.232569434873,nT
2026-03-25T02:44:00.000Z,BOUV,X,variation,channel,21892.371218105283,nT
2026-03-25T02:45:00.000Z,BOUV,X,variation,channel,21892.9257018167,nT
2026-03-25T02:46:00.000Z,BOUV,X,variation,channel,21893.56980413207,nT
2026-03-25T02:47:00.000Z,BOUV,X,variation,channel,21893.775377061582,nT
2026-03-25T02:48:00.000Z,BOUV,X,variation,channel,21894.22299467355,nT
2026-03-25T02:49:00.000Z,BOUV,X,variation,channel,21894.641322786654,nT
2026-03-25T02:50:00.000Z,BOUV,X,variation,channel,21895.17373558575,nT
2026-03-25T02:51:00.000Z,BOUV,X,variation,channel,21895.69966424869,nT
2026-03-25T02:52:00.000Z,BOUV,X,variation,channel,21895.85421825715,nT
2026-03-25T02:53:00.000Z,BOUV,X,variation,channel,21895.98564752998,nT
2026-03-25T02:54:00.000Z,BOUV,X,variation,channel,21895.948930442413,nT
2026-03-25T02:55:00.000Z,BOUV,X,variation,channel,21896.113382438412,nT
2026-03-25T02:56:00.000Z,BOUV,X,variation,channel,21895.74895578287,nT
2026-03-25T02:57:00.000Z,BOUV,X,variation,channel,21896.089595413512,nT
2026-03-25T02:58:00.000Z,BOUV,X,variation,channel,21896.76895924179,nT
2026-03-25T02:59:00.000Z,BOUV,X,variation,channel,21897.514849443225,nT
2026-03-25T03:00:00.000Z,BOUV,X,variation,channel,21898.173655093495,nT
2026-03-25T03:01:00.000Z,BOUV,X,variation,channel,21898.512430403873,nT
2026-03-25T03:02:00.000Z,BOUV,X,variation,channel,21898.4610642115,nT
2026-03-25T03:03:00.000Z,BOUV,X,variation,channel,21898.72281753998,nT
2026-03-25T03:04:00.000Z,BOUV,X,variation,channel,21899.036206102413,nT
2026-03-25T03:05:00.000Z,BOUV,X,variation,channel,21899.527184129787,nT
2026-03-25T03:06:00.000Z,BOUV,X,variation,channel,21899.69955609138,nT
2026-03-25T03:07:00.000Z,BOUV,X,variation,channel,21900.19876169056,nT
2026-03-25T03:08:00.000Z,BOUV,X,variation,channel,21900.449105548058,nT
2026-03-25T03:09:00.000Z,BOUV,X,variation,channel,21900.550618934205,nT
2026-03-25T03:10:00.000Z,BOUV,X,variation,channel,21900.56923588318,nT
2026-03-25T03:11:00.000Z,BOUV,X,variation,channel,21900.57886996553,nT
2026-03-25T03:12:00.000Z,BOUV,X,variation,channel,21900.433322038512,nT
2026-03-25T03:13:00.000Z,BOUV,X,variation,channel,21900.18967791569,nT
2026-03-25T03:14:00.000Z,BOUV,X,variation,channel,21899.88393601303,nT
2026-03-25T03:15:00.000Z,BOUV,X,variation,channel,21899.28173108543,nT
2026-03-25T03:16:00.000Z,BOUV,X,variation,channel,21898.710012761476,nT
2026-03-25T03:17:00.000Z,BOUV,X,variation,channel,21898.197483016378,nT
2026-03-25T03:18:00.000Z,BOUV,X,variation,channel,21898.088626744124,nT
2026-03-25T03:19:00.000Z,BOUV,X,variation,channel,21898.224229806598,nT
2026-03-25T03:20:00.000Z,BOUV,X,variation,channel,21897.591267116022,nT
2026-03-25T03:21:00.000Z,BOUV,X,variation,channel,21897.657836624152,nT
2026-03-25T03:22:00.000Z,BOUV,X,variation,channel,21897.557881600125,nT
2026-03-25T03:23:00.000Z,BOUV,X,variation,channel,21897.191910774392,nT
2026-03-25T03:24:00.000Z,BOUV,X,variation,channel,21896.762396189955,nT
2026-03-25T03:25:00.000Z,BOUV,X,variation,channel,21896.437056731913,nT
2026-03-25T03:26:00.000Z,BOUV,X,variation,channel,21895.903260824183,nT
2026-03-25T03:27:00.000Z,BOUV,X,variation,channel,21895.311490446027,nT
2026-03-25T03:28:00.000Z,BOUV,X,variation,channel,21894.56354440453,nT
2026-03-25T03:29:00.000Z,BOUV,X,variation,channel,21894.07773534266,nT
2026-03-25T03:30:00.000Z,BOUV,X,variation,channel,21893.619249382496,nT
2026-03-25T03:31:00.000Z,BOUV,X,variation,channel,21893.321125663428,nT
2026-03-25T03:32:00.000Z,BOUV,X,variation,channel,21892.329902621983,nT
2026-03-25T03:33:00.000Z,BOUV,X,variation,channel,21891.98405464776,nT
2026-03-25T03:34:00.000Z,BOUV,X,variation,channel,21891.58789006202,nT
2026-03-25T03:35:00.000Z,BOUV,X,variation,channel,21890.997652648584,nT
2026-03-25T03:36:00.000Z,BOUV,X,variation,channel,21891.848719054622,nT
2026-03-25T03:37:00.000Z,BOUV,X,variation,channel,21891.371534729937,nT
2026-03-25T03:38:00.000Z,BOUV,X,variation,channel,21891.3145610418,nT
2026-03-25T03:39:00.000Z,BOUV,X,variation,channel,21891.462914875014,nT
2026-03-25T03:40:00.000Z,BOUV,X,variation,channel,21891.72059095577,nT
2026-03-25T03:41:00.000Z,BOUV,X,variation,channel,21892.16182676287,nT
2026-03-25T03:42:00.000Z,BOUV,X,variation,channel,21892.66711449024,nT
2026-03-25T03:43:00.000Z,BOUV,X,variation,channel,21893.520206547997,nT
2026-03-25T03:44:00.000Z,BOUV,X,variation,channel,21894.435467600448,nT
2026-03-25T03:45:00.000Z,BOUV,X,variation,channel,21894.986396176537,nT
2026-03-25T03:46:00.000Z,BOUV,X,variation,channel,21896.34011500075,nT
2026-03-25T03:47:00.000Z,BOUV,X,variation,channel,21898.062369324118,nT
2026-03-25T03:48:00.000Z,BOUV,X,variation,channel,21899.42518291022,nT
2026-03-25T03:49:00.000Z,BOUV,X,variation,channel,21899.990796681206,nT
2026-03-25T03:50:00.000Z,BOUV,X,variation,channel,21900.832608420977,nT
2026-03-25T03:51:00.000Z,BOUV,X,variation,channel,21901.224892527964,nT
2026-03-25T03:52:00.000Z,BOUV,X,variation,channel,21901.65525903105,nT
2026-03-25T03:53:00.000Z,BOUV,X,variation,channel,21902.40601890207,nT
2026-03-25T03:54:00.000Z,BOUV,X,variation,channel,21902.793816488847,nT
2026-03-25T03:55:00.000Z,BOUV,X,variation,channel,21903.44859711076,nT
2026-03-25T03:56:00.000Z,BOUV,X,variation,channel,21903.33872788074,nT
2026-03-25T03:57:00.000Z,BOUV,X,variation,channel,21903.362689278474,nT
2026-03-25T03:58:00.000Z,BOUV,X,variation,channel,21903.487532468058,nT
2026-03-25T03:59:00.000Z,BOUV,X,variation,channel,21904.63513306266,nT
2026-03-25T04:00:00.000Z,BOUV,X,variation,channel,21905.41777826998,nT
2026-03-25T04:01:00.000Z,BOUV,X,variation,channel,21906.35653444751,nT
2026-03-25T04:02:00.000Z,BOUV,X,variation,channel,21906.841221377756,nT
2026-03-25T04:03:00.000Z,BOUV,X,variation,channel,21907.440535010377,nT
2026-03-25T04:04:00.000Z,BOUV,X,variation,channel,21907.503539366615,nT
2026-03-25T04:05:00.000Z,BOUV,X,variation,channel,21907.928455007434,nT
2026-03-25T04:06:00.000Z,BOUV,X,variation,channel,21908.459628867084,nT
2026-03-25T04:07:00.000Z,BOUV,X,variation,channel,21908.996772266833,nT
2026-03-25T04:08:00.000Z,BOUV,X,variation,channel,21908.593277159296,nT
2026-03-25T04:09:00.000Z,BOUV,X,variation,channel,21909.04932350358,nT
2026-03-25T04:10:00.000Z,BOUV,X,variation,channel,21908.800951316818,nT
2026-03-25T04:11:00.000Z,BOUV,X,variation,channel,21909.360037019687,nT
2026-03-25T04:12:00.000Z,BOUV,X,variation,channel,21909.785354327094,nT
2026-03-25T04:13:00.000Z,BOUV,X,variation,channel,21909.843565677136,nT
2026-03-25T04:14:00.000Z,BOUV,X,variation,channel,21911.54945252065,nT
2026-03-25T04:15:00.000Z,BOUV,X,variation,channel,21912.707715113538,nT
2026-03-25T04:16:00.000Z,BOUV,X,variation,channel,21912.7125966751,nT
2026-03-25T04:17:00.000Z,BOUV,X,variation,channel,21912.43959559894,nT
2026-03-25T04:18:00.000Z,BOUV,X,variation,channel,21913.11549910419,nT
2026-03-25T04:19:00.000Z,BOUV,X,variation,channel,21912.71098869919,nT
2026-03-25T04:20:00.000Z,BOUV,X,variation,channel,21913.23456485859,nT
2026-03-25T04:21:00.000Z,BOUV,X,variation,channel,21913.572312145498,nT
2026-03-25T04:22:00.000Z,BOUV,X,variation,channel,21913.69554741495,nT
2026-03-25T04:23:00.000Z,BOUV,X,variation,channel,21913.97952957881,nT
2026-03-25T04:24:00.000Z,BOUV,X,variation,channel,21914.60219335656,nT
2026-03-25T04:25:00.000Z,BOUV,X,variation,channel,21915.55147099215,nT
2026-03-25T04:26:00.000Z,BOUV,X,variation,channel,21916.93968702109,nT
2026-03-25T04:27:00.000Z,BOUV,X,variation,channel,21917.110826590106,nT
2026-03-25T04:28:00.000Z,BOUV,X,variation,channel,21917.881061154574,nT
2026-03-25T04:29:00.000Z,BOUV,X,variation,channel,21918.45611604543,nT
2026-03-25T04:30:00.000Z,BOUV,X,variation,channel,21918.92072574496,nT
2026-03-25T04:31:00.000Z,BOUV,X,variation,channel,21919.708689222156,nT
2026-03-25T04:32:00.000Z,BOUV,X,variation,channel,21920.500228817247,nT
2026-03-25T04:33:00.000Z,BOUV,X,variation,channel,21920.88255133719,nT
2026-03-25T04:34:00.000Z,BOUV,X,variation,channel,21921.11290201842,nT
2026-03-25T04:35:00.000Z,BOUV,X,variation,channel,21921.363812693966,nT
2026-03-25T04:36:00.000Z,BOUV,X,variation,channel,21921.35463670524,nT
2026-03-25T04:37:00.000Z,BOUV,X,variation,channel,21921.231603568984,nT
2026-03-25T04:38:00.000Z,BOUV,X,variation,channel,21921.158776743694,nT
2026-03-25T04:39:00.000Z,BOUV,X,variation,channel,21920.62634586869,nT
2026-03-25T04:40:00.000Z,BOUV,X,variation,channel,21920.305591082066,nT
2026-03-25T04:41:00.000Z,BOUV,X,variation,channel,21919.577231972817,nT
2026-03-25T04:42:00.000Z,BOUV,X,variation,channel,21918.69364048914,nT
2026-03-25T04:43:00.000Z,BOUV,X,variation,channel,21917.85108025058,nT
2026-03-25T04:44:00.000Z,BOUV,X,variation,channel,21917.40236782722,nT
2026-03-25T04:45:00.000Z,BOUV,X,variation,channel,21916.464367653945,nT
2026-03-25T04:46:00.000Z,BOUV,X,variation,channel,21915.56830320426,nT
2026-03-25T04:47:00.000Z,BOUV,X,variation,channel,21914.661931105802,nT
2026-03-25T04:48:00.000Z,BOUV,X,variation,channel,21913.277255144352,nT
2026-03-25T04:49:00.000Z,BOUV,X,variation,channel,21912.227124269855,nT
2026-03-25T04:50:00.000Z,BOUV,X,variation,channel,21911.073802335064,nT
2026-03-25T04:51:00.000Z,BOUV,X,variation,channel,21909.71990789297,nT
2026-03-25T04:52:00.000Z,BOUV,X,variation,channel,21908.732388182827,nT
2026-03-25T04:53:00.000Z,BOUV,X,variation,channel,21908.074125927265,nT
2026-03-25T04:54:00.000Z,BOUV,X,variation,channel,21907.247786984506,nT
2026-03-25T04:55:00.000Z,BOUV,X,variation,channel,21906.50611262356,nT
2026-03-25T04:56:00.000Z,BOUV,X,variation,channel,21905.370694785328,nT
2026-03-25T04:57:00.000Z,BOUV,X,variation,channel,21904.28380492425,nT
2026-03-25T04:58:00.000Z,BOUV,X,variation,channel,21903.198460585212,nT
2026-03-25T04:59:00.000Z,BOUV,X,variation,channel,21902.027609903373,nT
2026-03-25T05:00:00.000Z,BOUV,X,variation,channel,21900.627371577975,nT
2026-03-25T05:01:00.000Z,BOUV,X,variation,channel,21898.997168117417,nT
2026-03-25T05:02:00.000Z,BOUV,X,variation,channel,21898.404476377797,nT
2026-03-25T05:03:00.000Z,BOUV,X,variation,channel,21897.84720053664,nT
2026-03-25T05:04:00.000Z,BOUV,X,variation,channel,21896.997471768565,nT
2026-03-25T05:05:00.000Z,BOUV,X,variation,channel,21896.347288822853,nT
2026-03-25T05:06:00.000Z,BOUV,X,variation,channel,21895.67627689619,nT
2026-03-25T05:07:00.000Z,BOUV,X,variation,channel,21894.94308790201,nT
2026-03-25T05:08:00.000Z,BOUV,X,variation,channel,21894.411499166672,nT
2026-03-25T05:09:00.000Z,BOUV,X,variation,channel,21893.91423302706,nT
2026-03-25T05:10:00.000Z,BOUV,X,variation,channel,21894.045426304914,nT
2026-03-25T05:11:00.000Z,BOUV,X,variation,channel,21893.94899058465,nT
2026-03-25T05:12:00.000Z,BOUV,X,variation,channel,21893.721242131876,nT
2026-03-25T05:13:00.000Z,BOUV,X,variation,channel,21893.62816900957,nT
2026-03-25T05:14:00.000Z,BOUV,X,variation,channel,21893.25456924367,nT
2026-03-25T05:15:00.000Z,BOUV,X,variation,channel,21893.117428670652,nT
2026-03-25T05:16:00.000Z,BOUV,X,variation,channel,21893.227275728106,nT
2026-03-25T05:17:00.000Z,BOUV,X,variation,channel,21893.326054231642,nT
2026-03-25T05:18:00.000Z,BOUV,X,variation,channel,21893.37295248015,nT
2026-03-25T05:19:00.000Z,BOUV,X,variation,channel,21893.600007383076,nT
2026-03-25T05:20:00.000Z,BOUV,X,variation,channel,21893.878951455954,nT
2026-03-25T05:21:00.000Z,BOUV,X,variation,channel,21894.065597731238,nT
2026-03-25T05:22:00.000Z,BOUV,X,variation,channel,21894.578614413243,nT
2026-03-25T05:23:00.000Z,BOUV,X,variation,channel,21895.157775512704,nT
2026-03-25T05:24:00.000Z,BOUV,X,variation,channel,21895.870732692645,nT
2026-03-25T05:25:00.000Z,BOUV,X,variation,channel,21896.55763617422,nT
2026-03-25T05:26:00.000Z,BOUV,X,variation,channel,21897.148869996363,nT
2026-03-25T05:27:00.000Z,BOUV,X,variation,channel,21897.459037808658,nT
2026-03-25T05:28:00.000Z,BOUV,X,variation,channel,21897.570640938626,nT
2026-03-25T05:29:00.000Z,BOUV,X,variation,channel,21897.677541153178,nT
2026-03-25T05:30:00.000Z,BOUV,X,variation,channel,21897.31482822714,nT
2026-03-25T05:31:00.000Z,BOUV,X,variation,channel,21896.93519243077,nT
2026-03-25T05:32:00.000Z,BOUV,X,variation,channel,21896.94643971542,nT
2026-03-25T05:33:00.000Z,BOUV,X,variation,channel,21897.208039763973,nT
2026-03-25T05:34:00.000Z,BOUV,X,variation,channel,21897.37847193191,nT
2026-03-25T05:35:00.000Z,BOUV,X,variation,channel,21897.136071133085,nT
2026-03-25T05:36:00.000Z,BOUV,X,variation,channel,21896.544012456652,nT
2026-03-25T05:37:00.000Z,BOUV,X,variation,channel,21896.109628061808,nT
2026-03-25T05:38:00.000Z,BOUV,X,variation,channel,21895.60552499712,nT
2026-03-25T05:39:00.000Z,BOUV,X,variation,channel,21895.036076526205,nT
2026-03-25T05:40:00.000Z,BOUV,X,variation,channel,21894.29478238599,nT
2026-03-25T05:41:00.000Z,BOUV,X,variation,channel,21893.49262775543,nT
2026-03-25T05:42:00.000Z,BOUV,X,variation,channel,21892.88014527601,nT
2026-03-25T05:43:00.000Z,BOUV,X,variation,channel,21892.467471912987,nT
2026-03-25T05:44:00.000Z,BOUV,X,variation,channel,21892.593534220305,nT
2026-03-25T05:45:00.000Z,BOUV,X,variation,channel,21892.523051215896,nT
2026-03-25T05:46:00.000Z,BOUV,X,variation,channel,21892.412434027327,nT
2026-03-25T05:47:00.000Z,BOUV,X,variation,channel,21892.30151240751,nT
2026-03-25T05:48:00.000Z,BOUV,X,variation,channel,21892.427550258006,nT
2026-03-25T05:49:00.000Z,BOUV,X,variation,channel,21892.474233013563,nT
2026-03-25T05:50:00.000Z,BOUV,X,variation,channel,21892.65303262562,nT
2026-03-25T05:51:00.000Z,BOUV,X,variation,channel,21892.5648697918,nT
2026-03-25T05:52:00.000Z,BOUV,X,variation,channel,21892.234591249606,nT
2026-03-25T05:53:00.000Z,BOUV,X,variation,channel,21891.922773427097,nT
2026-03-25T05:54:00.000Z,BOUV,X,variation,channel,21891.92980111289,nT
2026-03-25T05:55:00.000Z,BOUV,X,variation,channel,21892.019885772464,nT
2026-03-25T05:56:00.000Z,BOUV,X,variation,channel,21892.225074625865,nT
2026-03-25T05:57:00.000Z,BOUV,X,variation,channel,21892.52847239108,nT
2026-03-25T05:58:00.000Z,BOUV,X,variation,channel,21892.70933650683,nT
2026-03-25T05:59:00.000Z,BOUV,X,variation,channel,21892.969327802068,nT
2026-03-25T06:00:00.000Z,BOUV,X,variation,channel,21893.499629607708,nT
2026-03-25T06:01:00.000Z,BOUV,X,variation,channel,21894.18969940718,nT
2026-03-25T06:02:00.000Z,BOUV,X,variation,channel,21894.72912182279,nT
2026-03-25T06:03:00.000Z,BOUV,X,variation,channel,21895.31761727377,nT
2026-03-25T06:04:00.000Z,BOUV,X,variation,channel,21895.835017720325,nT
2026-03-25T06:05:00.000Z,BOUV,X,variation,channel,21896.206552329488,nT
2026-03-25T06:06:00.000Z,BOUV,X,variation,channel,21896.281736324072,nT
2026-03-25T06:07:00.000Z,BOUV,X,variation,channel,21896.128697795943,nT
2026-03-25T06:08:00.000Z,BOUV,X,variation,channel,21895.99155605631,nT
2026-03-25T06:09:00.000Z,BOUV,X,variation,channel,21895.67174537442,nT
2026-03-25T06:10:00.000Z,BOUV,X,variation,channel,21895.462325425367,nT
2026-03-25T06:11:00.000Z,BOUV,X,variation,channel,21895.308397004508,nT
2026-03-25T06:12:00.000Z,BOUV,X,variation,channel,21895.18524533346,nT
2026-03-25T06:13:00.000Z,BOUV,X,variation,channel,21894.740705661927,nT
2026-03-25T06:14:00.000Z,BOUV,X,variation,channel,21894.300575184232,nT
2026-03-25T06:15:00.000Z,BOUV,X,variation,channel,21894.25477077851,nT
2026-03-25T06:16:00.000Z,BOUV,X,variation,channel,21894.14027424469,nT
2026-03-25T06:17:00.000Z,BOUV,X,variation,channel,21893.720909893575,nT
2026-03-25T06:18:00.000Z,BOUV,X,variation,channel,21893.38862505947,nT
2026-03-25T06:19:00.000Z,BOUV,X,variation,channel,21893.476653189417,nT
2026-03-25T06:20:00.000Z,BOUV,X,variation,channel,21893.568887845446,nT
2026-03-25T06:21:00.000Z,BOUV,X,variation,channel,21893.47730035616,nT
2026-03-25T06:22:00.000Z,BOUV,X,variation,channel,21893.425022069634,nT
2026-03-25T06:23:00.000Z,BOUV,X,variation,channel,21893.47610196894,nT
2026-03-25T06:24:00.000Z,BOUV,X,variation,channel,21893.822320940297,nT
2026-03-25T06:25:00.000Z,BOUV,X,variation,channel,21894.191609256668,nT
2026-03-25T06:26:00.000Z,BOUV,X,variation,channel,21894.154109166884,nT
2026-03-25T06:27:00.000Z,BOUV,X,variation,channel,21894.04610892964,nT
2026-03-25T06:28:00.000Z,BOUV,X,variation,channel,21894.071799856618,nT
2026-03-25T06:29:00.000Z,BOUV,X,variation,channel,21894.199447843734,nT
2026-03-25T06:30:00.000Z,BOUV,X,variation,channel,21894.70315533531,nT
2026-03-25T06:31:00.000Z,BOUV,X,variation,channel,21895.7395980387,nT
2026-03-25T06:32:00.000Z,BOUV,X,variation,channel,21901.190386959286,nT
2026-03-25T06:33:00.000Z,BOUV,X,variation,channel,21906.38191218829,nT
2026-03-25T06:34:00.000Z,BOUV,X,variation,channel,21909.783671330533,nT
2026-03-25T06:35:00.000Z,BOUV,X,variation,channel,21910.98777630706,nT
2026-03-25T06:36:00.000Z,BOUV,X,variation,channel,21911.02840790223,nT
2026-03-25T06:37:00.000Z,BOUV,X,variation,channel,21910.282318001875,nT
2026-03-25T06:38:00.000Z,BOUV,X,variation,channel,21910.134528678205,nT
2026-03-25T06:39:00.000Z,BOUV,X,variation,channel,21910.434716808177,nT
2026-03-25T06:40:00.000Z,BOUV,X,variation,channel,21910.38105113129,nT
2026-03-25T06:41:00.000Z,BOUV,X,variation,channel,21909.67757538103,nT
2026-03-25T06:42:00.000Z,BOUV,X,variation,channel,21909.70720785478,nT
2026-03-25T06:43:00.000Z,BOUV,X,variation,channel,21909.888885514847,nT
2026-03-25T06:44:00.000Z,BOUV,X,variation,channel,21909.964427689076,nT
2026-03-25T06:45:00.000Z,BOUV,X,variation,channel,21910.277976584424,nT
2026-03-25T06:46:00.000Z,BOUV,X,variation,channel,21909.91476671885,nT
2026-03-25T06:47:00.000Z,BOUV,X,variation,channel,21909.43118141448,nT
2026-03-25T06:48:00.000Z,BOUV,X,variation,channel,21908.986696503347,nT
2026-03-25T06:49:00.000Z,BOUV,X,variation,channel,21909.587430334203,nT
2026-03-25T06:50:00.000Z,BOUV,X,variation,channel,21909.378707578937,nT
2026-03-25T06:51:00.000Z,BOUV,X,variation,channel,21908.810852743172,nT
2026-03-25T06:52:00.000Z,BOUV,X,variation,channel,21907.612414259962,nT
2026-03-25T06:53:00.000Z,BOUV,X,variation,channel,21906.575218024616,nT
2026-03-25T06:54:00.000Z,BOUV,X,variation,channel,21905.893891525204,nT
2026-03-25T06:55:00.000Z,BOUV,X,variation,channel,21905.26770472446,nT
2026-03-25T06:56:00.000Z,BOUV,X,variation,channel,21904.360748402563,nT
2026-03-25T06:57:00.000Z,BOUV,X,variation,channel,21903.608021989894,nT
2026-03-25T06:58:00.000Z,BOUV,X,variation,channel,21902.991726338998,nT
2026-03-25T06:59:00.000Z,BOUV,X,variation,channel,21902.902055380986,nT
2026-03-25T07:00:00.000Z,BOUV,X,variation,channel,21903.08557172822,nT
2026-03-25T07:01:00.000Z,BOUV,X,variation,channel,21903.10864162893,nT
2026-03-25T07:02:00.000Z,BOUV,X,variation,channel,21902.595294392166,nT
2026-03-25T07:03:00.000Z,BOUV,X,variation,channel,21902.35746273142,nT
2026-03-25T07:04:00.000Z,BOUV,X,variation,channel,21902.392734456753,nT
2026-03-25T07:05:00.000Z,BOUV,X,variation,channel,21902.032737181813,nT
2026-03-25T07:06:00.000Z,BOUV,X,variation,channel,21902.280664281257,nT
2026-03-25T07:07:00.000Z,BOUV,X,variation,channel,21903.29701366073,nT
2026-03-25T07:08:00.000Z,BOUV,X,variation,channel,21905.062865435517,nT
2026-03-25T07:09:00.000Z,BOUV,X,variation,channel,21906.379800353883,nT
2026-03-25T07:10:00.000Z,BOUV,X,variation,channel,21907.028444527557,nT
2026-03-25T07:11:00.000Z,BOUV,X,variation,channel,21908.145204944467,nT
2026-03-25T07:12:00.000Z,BOUV,X,variation,channel,21909.075316159877,nT
2026-03-25T07:13:00.000Z,BOUV,X,variation,channel,21909.489460779965,nT
2026-03-25T07:14:00.000Z,BOUV,X,variation,channel,21909.6924382455,nT
2026-03-25T07:15:00.000Z,BOUV,X,variation,channel,21909.394371821974,nT
2026-03-25T07:16:00.000Z,BOUV,X,variation,channel,21906.56227489899,nT
2026-03-25T07:17:00.000Z,BOUV,X,variation,channel,21905.28699489716,nT
2026-03-25T07:18:00.000Z,BOUV,X,variation,channel,21905.797715652636,nT
2026-03-25T07:19:00.000Z,BOUV,X,variation,channel,21906.716524424894,nT
2026-03-25T07:20:00.000Z,BOUV,X,variation,channel,21907.022458610492,nT
2026-03-25T07:21:00.000Z,BOUV,X,variation,channel,21906.63633384025,nT
2026-03-25T07:22:00.000Z,BOUV,X,variation,channel,21906.786111452886,nT
2026-03-25T07:23:00.000Z,BOUV,X,variation,channel,21907.143090664023,nT
2026-03-25T07:24:00.000Z,BOUV,X,variation,channel,21907.138758730256,nT
2026-03-25T07:25:00.000Z,BOUV,X,variation,channel,21906.595207592545,nT
2026-03-25T07:26:00.000Z,BOUV,X,variation,channel,21903.442841323824,nT
2026-03-25T07:27:00.000Z,BOUV,X,variation,channel,21900.51236693613,nT
2026-03-25T07:28:00.000Z,BOUV,X,variation,channel,21900.883375671114,nT
2026-03-25T07:29:00.000Z,BOUV,X,variation,channel,21903.254010044784,nT
2026-03-25T07:30:00.000Z,BOUV,X,variation,channel,21903.120387000734,nT
2026-03-25T07:31:00.000Z,BOUV,X,variation,channel,21900.913734516937,nT
2026-03-25T07:32:00.000Z,BOUV,X,variation,channel,21898.978206741536,nT
2026-03-25T07:33:00.000Z,BOUV,X,variation,channel,21899.07488932366,nT
2026-03-25T07:34:00.000Z,BOUV,X,variation,channel,21898.610615896658,nT
2026-03-25T07:35:00.000Z,BOUV,X,variation,channel,21897.883400765837,nT
2026-03-25T07:36:00.000Z,BOUV,X,variation,channel,21897.841284853108,nT
2026-03-25T07:37:00.000Z,BOUV,X,variation,channel,21897.275531084644,nT
2026-03-25T07:38:00.000Z,BOUV,X,variation,channel,21896.831984037497,nT
2026-03-25T07:39:00.000Z,BOUV,X,variation,channel,21897.22317634984,nT
2026-03-25T07:40:00.000Z,BOUV,X,variation,channel,21896.747275477737,nT
2026-03-25T07:41:00.000Z,BOUV,X,variation,channel,21898.031353544502,nT
2026-03-25T07:42:00.000Z,BOUV,X,variation,channel,21898.693959420278,nT
2026-03-25T07:43:00.000Z,BOUV,X,variation,channel,21898.95130353968,nT
2026-03-25T07:44:00.000Z,BOUV,X,variation,channel,21898.237062880835,nT
2026-03-25T07:45:00.000Z,BOUV,X,variation,channel,21897.927984097423,nT
2026-03-25T07:46:00.000Z,BOUV,X,variation,channel,21897.048840890136,nT
2026-03-25T07:47:00.000Z,BOUV,X,variation,channel,21896.576599318945,nT
2026-03-25T07:48:00.000Z,BOUV,X,variation,channel,21896.63875274013,nT
2026-03-25T07:49:00.000Z,BOUV,X,variation,channel,21895.785840815883,nT
2026-03-25T07:50:00.000Z,BOUV,X,variation,channel,21894.888455937555,nT
2026-03-25T07:51:00.000Z,BOUV,X,variation,channel,21894.121980540633,nT
2026-03-25T07:52:00.000Z,BOUV,X,variation,channel,21893.97424548736,nT
2026-03-25T07:53:00.000Z,BOUV,X,variation,channel,21893.077356323825,nT
2026-03-25T07:54:00.000Z,BOUV,X,variation,channel,21892.119787940224,nT
2026-03-25T07:55:00.000Z,BOUV,X,variation,channel,21891.55628233895,nT
2026-03-25T07:56:00.000Z,BOUV,X,variation,channel,21891.48097434755,nT
2026-03-25T07:57:00.000Z,BOUV,X,variation,channel,21891.720545548145,nT
2026-03-25T07:58:00.000Z,BOUV,X,variation,channel,21891.4396654716,nT
2026-03-25T07:59:00.000Z,BOUV,X,variation,channel,21890.199500462757,nT
2026-03-25T08:00:00.000Z,BOUV,X,variation,channel,21889.352838873438,nT
2026-03-25T08:01:00.000Z,BOUV,X,variation,channel,21888.936209767115,nT
2026-03-25T08:02:00.000Z,BOUV,X,variation,channel,21888.548695770307,nT
2026-03-25T08:03:00.000Z,BOUV,X,variation,channel,21887.006394183118,nT
2026-03-25T08:04:00.000Z,BOUV,X,variation,channel,21885.181505817025,nT
2026-03-25T08:05:00.000Z,BOUV,X,variation,channel,21883.37759551569,nT
2026-03-25T08:06:00.000Z,BOUV,X,variation,channel,21882.27367122481,nT
2026-03-25T08:07:00.000Z,BOUV,X,variation,channel,21881.9461640481,nT
2026-03-25T08:08:00.000Z,BOUV,X,variation,channel,21882.224067221905,nT
2026-03-25T08:09:00.000Z,BOUV,X,variation,channel,21882.883631695517,nT
2026-03-25T08:10:00.000Z,BOUV,X,variation,channel,21884.12964400161,nT
2026-03-25T08:11:00.000Z,BOUV,X,variation,channel,21884.017275840422,nT
2026-03-25T08:12:00.000Z,BOUV,X,variation,channel,21884.029728031786,nT
2026-03-25T08:13:00.000Z,BOUV,X,variation,channel,21883.542022402715,nT
2026-03-25T08:14:00.000Z,BOUV,X,variation,channel,21883.174950844066,nT
2026-03-25T08:15:00.000Z,BOUV,X,variation,channel,21883.793014494335,nT
2026-03-25T08:16:00.000Z,BOUV,X,variation,channel,21885.397125902888,nT
2026-03-25T08:17:00.000Z,BOUV,X,variation,channel,21886.408697062783,nT
2026-03-25T08:18:00.000Z,BOUV,X,variation,channel,21886.44689378627,nT
2026-03-25T08:19:00.000Z,BOUV,X,variation,channel,21886.413721010766,nT
2026-03-25T08:20:00.000Z,BOUV,X,variation,channel,21885.838848138188,nT
2026-03-25T08:21:00.000Z,BOUV,X,variation,channel,21884.33857506033,nT
2026-03-25T08:22:00.000Z,BOUV,X,variation,channel,21882.096974415952,nT
2026-03-25T08:23:00.000Z,BOUV,X,variation,channel,21880.446139152,nT
2026-03-25T08:24:00.000Z,BOUV,X,variation,channel,21879.70481312045,nT
2026-03-25T08:25:00.000Z,BOUV,X,variation,channel,21878.633123146003,nT
2026-03-25T08:26:00.000Z,BOUV,X,variation,channel,21877.183425148454,nT
2026-03-25T08:27:00.000Z,BOUV,X,variation,channel,21875.543799506166,nT
2026-03-25T08:28:00.000Z,BOUV,X,variation,channel,21875.08543522523,nT
2026-03-25T08:29:00.000Z,BOUV,X,variation,channel,21874.546102912514,nT
2026-03-25T08:30:00.000Z,BOUV,X,variation,channel,21874.71688033422,nT
2026-03-25T08:31:00.000Z,BOUV,X,variation,channel,21873.78416661089,nT
2026-03-25T08:32:00.000Z,BOUV,X,variation,channel,21874.125441066608,nT
2026-03-25T08:33:00.000Z,BOUV,X,variation,channel,21874.714460023955,nT
2026-03-25T08:34:00.000Z,BOUV,X,variation,channel,21875.323304740785,nT
2026-03-25T08:35:00.000Z,BOUV,X,variation,channel,21876.02317533272,nT
2026-03-25T08:36:00.000Z,BOUV,X,variation,channel,21877.787887924387,nT
2026-03-25T08:37:00.000Z,BOUV,X,variation,channel,21880.905355410243,nT
2026-03-25T08:38:00.000Z,BOUV,X,variation,channel,21884.514091554967,nT
2026-03-25T08:39:00.000Z,BOUV,X,variation,channel,21888.07091536196,nT
2026-03-25T08:40:00.000Z,BOUV,X,variation,channel,21891.612226406076,nT
2026-03-25T08:41:00.000Z,BOUV,X,variation,channel,21894.44220237458,nT
2026-03-25T08:42:00.000Z,BOUV,X,variation,channel,21897.361983940104,nT
2026-03-25T08:43:00.000Z,BOUV,X,variation,channel,21900.208530569762,nT
2026-03-25T08:44:00.000Z,BOUV,X,variation,channel,21903.195389305096,nT
2026-03-25T08:45:00.000Z,BOUV,X,variation,channel,21906.17891160199,nT
2026-03-25T08:46:00.000Z,BOUV,X,variation,channel,21907.99081544548,nT
2026-03-25T08:47:00.000Z,BOUV,X,variation,channel,21909.072736939335,nT
2026-03-25T08:48:00.000Z,BOUV,X,variation,channel,21909.901587052605,nT
2026-03-25T08:49:00.000Z,BOUV,X,variation,channel,21910.65647797071,nT
2026-03-25T08:50:00.000Z,BOUV,X,variation,channel,21912.003277488868,nT
2026-03-25T08:51:00.000Z,BOUV,X,variation,channel,21912.431527580222,nT
2026-03-25T08:52:00.000Z,BOUV,X,variation,channel,21912.494297823454,nT
2026-03-25T08:53:00.000Z,BOUV,X,variation,channel,21912.54583659762,nT
2026-03-25T08:54:00.000Z,BOUV,X,variation,channel,21912.09985112364,nT
2026-03-25T08:55:00.000Z,BOUV,X,variation,channel,21911.661461770236,nT
2026-03-25T08:56:00.000Z,BOUV,X,variation,channel,21911.662841142395,nT
2026-03-25T08:57:00.000Z,BOUV,X,variation,channel,21911.48042133623,nT
2026-03-25T08:58:00.000Z,BOUV,X,variation,channel,21911.45079820354,nT
2026-03-25T08:59:00.000Z,BOUV,X,variation,channel,21911.342144348357,nT
2026-03-25T09:00:00.000Z,BOUV,X,variation,channel,21911.60162496145,nT
2026-03-25T09:01:00.000Z,BOUV,X,variation,channel,21911.7014085309,nT
2026-03-25T09:02:00.000Z,BOUV,X,variation,channel,21911.582344616912,nT
2026-03-25T09:03:00.000Z,BOUV,X,variation,channel,21910.847012311897,nT
2026-03-25T09:04:00.000Z,BOUV,X,variation,channel,21909.293949831357,nT
2026-03-25T09:05:00.000Z,BOUV,X,variation,channel,21907.796016102337,nT
2026-03-25T09:06:00.000Z,BOUV,X,variation,channel,21906.585982018874,nT
2026-03-25T09:07:00.000Z,BOUV,X,variation,channel,21905.422257290862,nT
2026-03-25T09:08:00.000Z,BOUV,X,variation,channel,21904.855988271,nT
2026-03-25T09:09:00.000Z,BOUV,X,variation,channel,21903.976652731446,nT
2026-03-25T09:10:00.000Z,BOUV,X,variation,channel,21903.67614331151,nT
2026-03-25T09:11:00.000Z,BOUV,X,variation,channel,21903.982884034187,nT
2026-03-25T09:12:00.000Z,BOUV,X,variation,channel,21904.44950306248,nT
2026-03-25T09:13:00.000Z,BOUV,X,variation,channel,21904.242905911186,nT
2026-03-25T09:14:00.000Z,BOUV,X,variation,channel,21903.00691151307,nT
2026-03-25T09:15:00.000Z,BOUV,X,variation,channel,21901.877443776226,nT
2026-03-25T09:16:00.000Z,BOUV,X,variation,channel,21900.76896575219,nT
2026-03-25T09:17:00.000Z,BOUV,X,variation,channel,21900.35352513482,nT
2026-03-25T09:18:00.000Z,BOUV,X,variation,channel,21900.647795229143,nT
2026-03-25T09:19:00.000Z,BOUV,X,variation,channel,21901.381338342726,nT
2026-03-25T09:20:00.000Z,BOUV,X,variation,channel,21901.969932434324,nT
2026-03-25T09:21:00.000Z,BOUV,X,variation,channel,21902.358226046566,nT
2026-03-25T09:22:00.000Z,BOUV,X,variation,channel,21902.37447647868,nT
2026-03-25T09:23:00.000Z,BOUV,X,variation,channel,21902.025523303968,nT
2026-03-25T09:24:00.000Z,BOUV,X,variation,channel,21902.336499702193,nT
2026-03-25T09:25:00.000Z,BOUV,X,variation,channel,21902.585033397092,nT
2026-03-25T09:26:00.000Z,BOUV,X,variation,channel,21902.36004865553,nT
2026-03-25T09:27:00.000Z,BOUV,X,variation,channel,21902.310292242873,nT
2026-03-25T09:28:00.000Z,BOUV,X,variation,channel,21901.80570805856,nT
2026-03-25T09:29:00.000Z,BOUV,X,variation,channel,21900.8746224598,nT
2026-03-25T09:30:00.000Z,BOUV,X,variation,channel,21899.634390336498,nT
2026-03-25T09:31:00.000Z,BOUV,X,variation,channel,21899.14724813777,nT
2026-03-25T09:32:00.000Z,BOUV,X,variation,channel,21898.55443793022,nT
2026-03-25T09:33:00.000Z,BOUV,X,variation,channel,21898.9058050292,nT
2026-03-25T09:34:00.000Z,BOUV,X,variation,channel,21899.636031016136,nT
2026-03-25T09:35:00.000Z,BOUV,X,variation,channel,21899.65538954836,nT
2026-03-25T09:36:00.000Z,BOUV,X,variation,channel,21899.56466539015,nT
2026-03-25T09:37:00.000Z,BOUV,X,variation,channel,21899.28009193992,nT
2026-03-25T09:38:00.000Z,BOUV,X,variation,channel,21899.310234625624,nT
2026-03-25T09:39:00.000Z,BOUV,X,variation,channel,21898.684918319297,nT
2026-03-25T09:40:00.000Z,BOUV,X,variation,channel,21898.10474177162,nT
2026-03-25T09:41:00.000Z,BOUV,X,variation,channel,21897.179721232627,nT
2026-03-25T09:42:00.000Z,BOUV,X,variation,channel,21896.487014680268,nT
2026-03-25T09:43:00.000Z,BOUV,X,variation,channel,21895.809490542626,nT
2026-03-25T09:44:00.000Z,BOUV,X,variation,channel,21895.229279716757,nT
2026-03-25T09:45:00.000Z,BOUV,X,variation,channel,21894.2463472315,nT
2026-03-25T09:46:00.000Z,BOUV,X,variation,channel,21893.354257552866,nT
2026-03-25T09:47:00.000Z,BOUV,X,variation,channel,21893.07609184776,nT
2026-03-25T09:48:00.000Z,BOUV,X,variation,channel,21893.647269889796,nT
2026-03-25T09:49:00.000Z,BOUV,X,variation,channel,21893.47148311755,nT
2026-03-25T09:50:00.000Z,BOUV,X,variation,channel,21892.934430451718,nT
2026-03-25T09:51:00.000Z,BOUV,X,variation,channel,21892.506063240722,nT
2026-03-25T09:52:00.000Z,BOUV,X,variation,channel,21892.07853570992,nT
2026-03-25T09:53:00.000Z,BOUV,X,variation,channel,21891.218504264125,nT
2026-03-25T09:54:00.000Z,BOUV,X,variation,channel,21890.351148645903,nT
2026-03-25T09:55:00.000Z,BOUV,X,variation,channel,21889.54917780041,nT
2026-03-25T09:56:00.000Z,BOUV,X,variation,channel,21889.0311450685,nT
2026-03-25T09:57:00.000Z,BOUV,X,variation,channel,21888.350901225418,nT
2026-03-25T09:58:00.000Z,BOUV,X,variation,channel,21887.43804146157,nT
2026-03-25T09:59:00.000Z,BOUV,X,variation,channel,21886.14546679244,nT
2026-03-25T10:00:00.000Z,BOUV,X,variation,channel,21884.679767466987,nT
2026-03-25T10:01:00.000Z,BOUV,X,variation,channel,21883.437242894914,nT
2026-03-25T10:02:00.000Z,BOUV,X,variation,channel,21882.833614075844,nT
2026-03-25T10:03:00.000Z,BOUV,X,variation,channel,21882.36748600184,nT
2026-03-25T10:04:00.000Z,BOUV,X,variation,channel,21882.192464253654,nT
2026-03-25T10:05:00.000Z,BOUV,X,variation,channel,21881.964148018185,nT
2026-03-25T10:06:00.000Z,BOUV,X,variation,channel,21881.68794834737,nT
2026-03-25T10:07:00.000Z,BOUV,X,variation,channel,21881.37433193276,nT
2026-03-25T10:08:00.000Z,BOUV,X,variation,channel,21881.19980724642,nT
2026-03-25T10:09:00.000Z,BOUV,X,variation,channel,21881.16567238636,nT
2026-03-25T10:10:00.000Z,BOUV,X,variation,channel,21880.60300969498,nT
2026-03-25T10:11:00.000Z,BOUV,X,variation,channel,21879.470030325338,nT
2026-03-25T10:12:00.000Z,BOUV,X,variation,channel,21878.447189799746,nT
2026-03-25T10:13:00.000Z,BOUV,X,variation,channel,21877.073605122714,nT
2026-03-25T10:14:00.000Z,BOUV,X,variation,channel,21876.757021511003,nT
2026-03-25T10:15:00.000Z,BOUV,X,variation,channel,21876.226705789868,nT
2026-03-25T10:16:00.000Z,BOUV,X,variation,channel,21875.340064371612,nT
2026-03-25T10:17:00.000Z,BOUV,X,variation,channel,21874.736070657247,nT
2026-03-25T10:18:00.000Z,BOUV,X,variation,channel,21875.843774912646,nT
2026-03-25T10:19:00.000Z,BOUV,X,variation,channel,21877.456428587466,nT
2026-03-25T10:20:00.000Z,BOUV,X,variation,channel,21876.97686523278,nT
2026-03-25T10:21:00.000Z,BOUV,X,variation,channel,21875.89755187926,nT
2026-03-25T10:22:00.000Z,BOUV,X,variation,channel,21875.226918018914,nT
2026-03-25T10:23:00.000Z,BOUV,X,variation,channel,21875.074960307116,nT
2026-03-25T10:24:00.000Z,BOUV,X,variation,channel,21875.388730949202,nT
2026-03-25T10:25:00.000Z,BOUV,X,variation,channel,21875.863921297227,nT
2026-03-25T10:26:00.000Z,BOUV,X,variation,channel,21876.48286965263,nT
2026-03-25T10:27:00.000Z,BOUV,X,variation,channel,21876.808093855107,nT
2026-03-25T10:28:00.000Z,BOUV,X,variation,channel,21877.360854973856,nT
2026-03-25T10:29:00.000Z,BOUV,X,variation,channel,21877.437891612284,nT
2026-03-25T10:30:00.000Z,BOUV,X,variation,channel,21878.21880639919,nT
2026-03-25T10:31:00.000Z,BOUV,X,variation,channel,21878.3169316656,nT
2026-03-25T10:32:00.000Z,BOUV,X,variation,channel,21878.238589595287,nT
2026-03-25T10:33:00.000Z,BOUV,X,variation,channel,21877.94076639496,nT
2026-03-25T10:34:00.000Z,BOUV,X,variation,channel,21877.658333811953,nT
2026-03-25T10:35:00.000Z,BOUV,X,variation,channel,21878.006031384775,nT
2026-03-25T10:36:00.000Z,BOUV,X,variation,channel,21878.359359368693,nT
2026-03-25T10:37:00.000Z,BOUV,X,variation,channel,21878.30005546198,nT
2026-03-25T10:38:00.000Z,BOUV,X,variation,channel,21878.54126096721,nT
2026-03-25T10:39:00.000Z,BOUV,X,variation,channel,21879.090373256568,nT
2026-03-25T10:40:00.000Z,BOUV,X,variation,channel,21880.125995162663,nT
2026-03-25T10:41:00.000Z,BOUV,X,variation,channel,21881.27816110922,nT
2026-03-25T10:42:00.000Z,BOUV,X,variation,channel,21881.53643779568,nT
2026-03-25T10:43:00.000Z,BOUV,X,variation,channel,21881.504500484094,nT
2026-03-25T10:44:00.000Z,BOUV,X,variation,channel,21881.79362143216,nT
2026-03-25T10:45:00.000Z,BOUV,X,variation,channel,21881.30080960401,nT
2026-03-25T10:46:00.000Z,BOUV,X,variation,channel,21879.825348787446,nT
2026-03-25T10:47:00.000Z,BOUV,X,variation,channel,21879.01699102543,nT
2026-03-25T10:48:00.000Z,BOUV,X,variation,channel,21879.051135482456,nT
2026-03-25T10:49:00.000Z,BOUV,X,variation,channel,21879.60798961861,nT
2026-03-25T10:50:00.000Z,BOUV,X,variation,channel,21880.619276448862,nT
2026-03-25T10:51:00.000Z,BOUV,X,variation,channel,21881.7659710801,nT
2026-03-25T10:52:00.000Z,BOUV,X,variation,channel,21882.846604625596,nT
2026-03-25T10:53:00.000Z,BOUV,X,variation,channel,21883.555741583168,nT
2026-03-25T10:54:00.000Z,BOUV,X,variation,channel,21883.930130021145,nT
2026-03-25T10:55:00.000Z,BOUV,X,variation,channel,21884.24790984589,nT
2026-03-25T10:56:00.000Z,BOUV,X,variation,channel,21884.359104146086,nT
2026-03-25T10:57:00.000Z,BOUV,X,variation,channel,21884.39917699223,nT
2026-03-25T10:58:00.000Z,BOUV,X,variation,channel,21884.806066058292,nT
2026-03-25T10:59:00.000Z,BOUV,X,variation,channel,21884.727806565883,nT
2026-03-25T11:00:00.000Z,BOUV,X,variation,channel,21884.537884698482,nT
2026-03-25T11:01:00.000Z,BOUV,X,variation,channel,21884.385257667585,nT
2026-03-25T11:02:00.000Z,BOUV,X,variation,channel,21884.288571853915,nT
2026-03-25T11:03:00.000Z,BOUV,X,variation,channel,21884.24458781402,nT
2026-03-25T11:04:00.000Z,BOUV,X,variation,channel,21884.329724266503,nT
2026-03-25T11:05:00.000Z,BOUV,X,variation,channel,21885.42351936895,nT
2026-03-25T11:06:00.000Z,BOUV,X,variation,channel,21886.985164809837,nT
2026-03-25T11:07:00.000Z,BOUV,X,variation,channel,21888.381842747873,nT
2026-03-25T11:08:00.000Z,BOUV,X,variation,channel,21889.129652728552,nT
2026-03-25T11:09:00.000Z,BOUV,X,variation,channel,21889.31848242981,nT
2026-03-25T11:10:00.000Z,BOUV,X,variation,channel,21888.754088787315,nT
2026-03-25T11:11:00.000Z,BOUV,X,variation,channel,21888.010290921513,nT
2026-03-25T11:12:00.000Z,BOUV,X,variation,channel,21888.067322520426,nT
2026-03-25T11:13:00.000Z,BOUV,X,variation,channel,21888.780174985623,nT
2026-03-25T11:14:00.000Z,BOUV,X,variation,channel,21890.317056608157,nT
2026-03-25T11:15:00.000Z,BOUV,X,variation,channel,21892.79096989021,nT
2026-03-25T11:16:00.000Z,BOUV,X,variation,channel,21894.30272617639,nT
2026-03-25T11:17:00.000Z,BOUV,X,variation,channel,21894.36688991265,nT
2026-03-25T11:18:00.000Z,BOUV,X,variation,channel,21893.491219594347,nT
2026-03-25T11:19:00.000Z,BOUV,X,variation,channel,21893.15823494898,nT
2026-03-25T11:20:00.000Z,BOUV,X,variation,channel,21892.90785670445,nT
2026-03-25T11:21:00.000Z,BOUV,X,variation,channel,21892.91731173071,nT
2026-03-25T11:22:00.000Z,BOUV,X,variation,channel,21892.563623018013,nT
2026-03-25T11:23:00.000Z,BOUV,X,variation,channel,21892.208191466532,nT
2026-03-25T11:24:00.000Z,BOUV,X,variation,channel,21892.463161057185,nT
2026-03-25T11:25:00.000Z,BOUV,X,variation,channel,21892.69661153292,nT
2026-03-25T11:26:00.000Z,BOUV,X,variation,channel,21890.99015724384,nT
2026-03-25T11:27:00.000Z,BOUV,X,variation,channel,21891.293177060343,nT
2026-03-25T11:28:00.000Z,BOUV,X,variation,channel,21893.314224922105,nT
2026-03-25T11:29:00.000Z,BOUV,X,variation,channel,21893.724214362508,nT
2026-03-25T11:30:00.000Z,BOUV,X,variation,channel,21893.988369396226,nT
2026-03-25T11:31:00.000Z,BOUV,X,variation,channel,21894.135228897023,nT
2026-03-25T11:32:00.000Z,BOUV,X,variation,channel,21894.109571374862,nT
2026-03-25T11:33:00.000Z,BOUV,X,variation,channel,21894.13219197195,nT
2026-03-25T11:34:00.000Z,BOUV,X,variation,channel,21893.860562323247,nT
2026-03-25T11:35:00.000Z,BOUV,X,variation,channel,21894.015720059084,nT
2026-03-25T11:36:00.000Z,BOUV,X,variation,channel,21894.403594545543,nT
2026-03-25T11:37:00.000Z,BOUV,X,variation,channel,21894.708420585546,nT
2026-03-25T11:38:00.000Z,BOUV,X,variation,channel,21895.11893254557,nT
2026-03-25T11:39:00.000Z,BOUV,X,variation,channel,21895.34427377,nT
2026-03-25T11:40:00.000Z,BOUV,X,variation,channel,21895.462699339823,nT
2026-03-25T11:41:00.000Z,BOUV,X,variation,channel,21895.7334758001,nT
2026-03-25T11:42:00.000Z,BOUV,X,variation,channel,21895.279294627595,nT
2026-03-25T11:43:00.000Z,BOUV,X,variation,channel,21894.53414551385,nT
2026-03-25T11:44:00.000Z,BOUV,X,variation,channel,21894.117368058676,nT
2026-03-25T11:45:00.000Z,BOUV,X,variation,channel,21894.3022077164,nT
2026-03-25T11:46:00.000Z,BOUV,X,variation,channel,21894.58639224937,nT
2026-03-25T11:47:00.000Z,BOUV,X,variation,channel,21894.784944714575,nT
2026-03-25T11:48:00.000Z,BOUV,X,variation,channel,21894.719719940993,nT
2026-03-25T11:49:00.000Z,BOUV,X,variation,channel,21894.361507541907,nT
2026-03-25T11:50:00.000Z,BOUV,X,variation,channel,21894.387799768585,nT
2026-03-25T11:51:00.000Z,BOUV,X,variation,channel,21894.577162314425,nT
2026-03-25T11:52:00.000Z,BOUV,X,variation,channel,21894.763469302667,nT
2026-03-25T11:53:00.000Z,BOUV,X,variation,channel,21895.736357141213,nT
2026-03-25T11:54:00.000Z,BOUV,X,variation,channel,21896.62890755711,nT
2026-03-25T11:55:00.000Z,BOUV,X,variation,channel,21896.29746126398,nT
2026-03-25T11:56:00.000Z,BOUV,X,variation,channel,21894.73667510507,nT
2026-03-25T11:57:00.000Z,BOUV,X,variation,channel,21893.800876161127,nT
2026-03-25T11:58:00.000Z,BOUV,X,variation,channel,21893.450961919872,nT
2026-03-25T11:59:00.000Z,BOUV,X,variation,channel,21893.741507183593,nT
2026-03-25T12:00:00.000Z,BOUV,X,variation,channel,21894.422006022254,nT
2026-03-25T12:01:00.000Z,BOUV,X,variation,channel,21894.906242356115,nT
2026-03-25T12:02:00.000Z,BOUV,X,variation,channel,21894.726261853528,nT
2026-03-25T12:03:00.000Z,BOUV,X,variation,channel,21894.33319419096,nT
2026-03-25T12:04:00.000Z,BOUV,X,variation,channel,21894.270632314205,nT
2026-03-25T12:05:00.000Z,BOUV,X,variation,channel,21894.31324770987,nT
2026-03-25T12:06:00.000Z,BOUV,X,variation,channel,21893.666501389056,nT
2026-03-25T12:07:00.000Z,BOUV,X,variation,channel,21893.456671931155,nT
2026-03-25T12:08:00.000Z,BOUV,X,variation,channel,21893.854100997614,nT
2026-03-25T12:09:00.000Z,BOUV,X,variation,channel,21893.939196470663,nT
2026-03-25T12:10:00.000Z,BOUV,X,variation,channel,21893.704432778617,nT
2026-03-25T12:11:00.000Z,BOUV,X,variation,channel,21893.21953693404,nT
2026-03-25T12:12:00.000Z,BOUV,X,variation,channel,21893.31480526,nT
2026-03-25T12:13:00.000Z,BOUV,X,variation,channel,21893.22563079979,nT
2026-03-25T12:14:00.000Z,BOUV,X,variation,channel,21893.44693306521,nT
2026-03-25T12:15:00.000Z,BOUV,X,variation,channel,21893.13513656077,nT
2026-03-25T12:16:00.000Z,BOUV,X,variation,channel,21892.464905621015,nT
2026-03-25T12:17:00.000Z,BOUV,X,variation,channel,21892.559020062967,nT
2026-03-25T12:18:00.000Z,BOUV,X,variation,channel,21892.402545205787,nT
2026-03-25T12:19:00.000Z,BOUV,X,variation,channel,21892.087976929324,nT
2026-03-25T12:20:00.000Z,BOUV,X,variation,channel,21891.98658074628,nT
2026-03-25T12:21:00.000Z,BOUV,X,variation,channel,21891.67478559093,nT
2026-03-25T12:22:00.000Z,BOUV,X,variation,channel,21891.356255736675,nT
2026-03-25T12:23:00.000Z,BOUV,X,variation,channel,21892.07853742194,nT
2026-03-25T12:24:00.000Z,BOUV,X,variation,channel,21893.109047177135,nT
2026-03-25T12:25:00.000Z,BOUV,X,variation,channel,21893.309853030412,nT
2026-03-25T12:26:00.000Z,BOUV,X,variation,channel,21893.32687720313,nT
2026-03-25T12:27:00.000Z,BOUV,X,variation,channel,21893.1662297659,nT
2026-03-25T12:28:00.000Z,BOUV,X,variation,channel,21893.131268690344,nT
2026-03-25T12:29:00.000Z,BOUV,X,variation,channel,21892.571377459753,nT
2026-03-25T12:30:00.000Z,BOUV,X,variation,channel,21891.673312831834,nT
2026-03-25T12:31:00.000Z,BOUV,X,variation,channel,21890.973988861166,nT
2026-03-25T12:32:00.000Z,BOUV,X,variation,channel,21890.664372112158,nT
2026-03-25T12:33:00.000Z,BOUV,X,variation,channel,21890.703060077874,nT
2026-03-25T12:34:00.000Z,BOUV,X,variation,channel,21890.73744767691,nT
2026-03-25T12:35:00.000Z,BOUV,X,variation,channel,21891.151985411736,nT
2026-03-25T12:36:00.000Z,BOUV,X,variation,channel,21891.331089923453,nT
2026-03-25T12:37:00.000Z,BOUV,X,variation,channel,21891.3315952499,nT
2026-03-25T12:38:00.000Z,BOUV,X,variation,channel,21891.22069836022,nT
2026-03-25T12:39:00.000Z,BOUV,X,variation,channel,21890.964061607072,nT
2026-03-25T12:40:00.000Z,BOUV,X,variation,channel,21890.679833847073,nT
2026-03-25T12:41:00.000Z,BOUV,X,variation,channel,21890.469023590937,nT
2026-03-25T12:42:00.000Z,BOUV,X,variation,channel,21890.39916436451,nT
2026-03-25T12:43:00.000Z,BOUV,X,variation,channel,21890.186631563807,nT
2026-03-25T12:44:00.000Z,BOUV,X,variation,channel,21890.400196887025,nT
2026-03-25T12:45:00.000Z,BOUV,X,variation,channel,21890.521955497006,nT
2026-03-25T12:46:00.000Z,BOUV,X,variation,channel,21890.5598625115,nT
2026-03-25T12:47:00.000Z,BOUV,X,variation,channel,21890.440342261423,nT
2026-03-25T12:48:00.000Z,BOUV,X,variation,channel,21890.359750744763,nT
2026-03-25T12:49:00.000Z,BOUV,X,variation,channel,21891.138029910606,nT
2026-03-25T12:50:00.000Z,BOUV,X,variation,channel,21891.45077361815,nT
2026-03-25T12:51:00.000Z,BOUV,X,variation,channel,21890.80666096563,nT
2026-03-25T12:52:00.000Z,BOUV,X,variation,channel,21890.798085426566,nT
2026-03-25T12:53:00.000Z,BOUV,X,variation,channel,21891.110374121767,nT
2026-03-25T12:54:00.000Z,BOUV,X,variation,channel,21891.101092066914,nT
2026-03-25T12:55:00.000Z,BOUV,X,variation,channel,21890.862101033177,nT
2026-03-25T12:56:00.000Z,BOUV,X,variation,channel,21890.68134730598,nT
2026-03-25T12:57:00.000Z,BOUV,X,variation,channel,21890.83841368996,nT
2026-03-25T12:58:00.000Z,BOUV,X,variation,channel,21890.62739889392,nT
2026-03-25T12:59:00.000Z,BOUV,X,variation,channel,21890.856591702508,nT
2026-03-25T13:00:00.000Z,BOUV,X,variation,channel,21890.98898257667,nT
2026-03-25T13:01:00.000Z,BOUV,X,variation,channel,21890.969373914497,nT
2026-03-25T13:02:00.000Z,BOUV,X,variation,channel,21891.127031475186,nT
2026-03-25T13:03:00.000Z,BOUV,X,variation,channel,21891.251574942824,nT
2026-03-25T13:04:00.000Z,BOUV,X,variation,channel,21891.350672318105,nT
2026-03-25T13:05:00.000Z,BOUV,X,variation,channel,21891.16145175483,nT
2026-03-25T13:06:00.000Z,BOUV,X,variation,channel,21890.965939755424,nT
2026-03-25T13:07:00.000Z,BOUV,X,variation,channel,21890.944798624125,nT
2026-03-25T13:08:00.000Z,BOUV,X,variation,channel,21891.288265785257,nT
2026-03-25T13:09:00.000Z,BOUV,X,variation,channel,21891.32305487643,nT
2026-03-25T13:10:00.000Z,BOUV,X,variation,channel,21891.157434003682,nT
2026-03-25T13:11:00.000Z,BOUV,X,variation,channel,21891.080559438004,nT
2026-03-25T13:12:00.000Z,BOUV,X,variation,channel,21890.961969064017,nT
2026-03-25T13:13:00.000Z,BOUV,X,variation,channel,21890.893770130155,nT
2026-03-25T13:14:00.000Z,BOUV,X,variation,channel,21890.637878954694,nT
2026-03-25T13:15:00.000Z,BOUV,X,variation,channel,21890.514896117045,nT
2026-03-25T13:16:00.000Z,BOUV,X,variation,channel,21890.31976487912,nT
2026-03-25T13:17:00.000Z,BOUV,X,variation,channel,21889.943250191707,nT
2026-03-25T13:18:00.000Z,BOUV,X,variation,channel,21889.614102528027,nT
2026-03-25T13:19:00.000Z,BOUV,X,variation,channel,21889.42074813181,nT
2026-03-25T13:20:00.000Z,BOUV,X,variation,channel,21889.284264834754,nT
2026-03-25T13:21:00.000Z,BOUV,X,variation,channel,21889.023469537075,nT
2026-03-25T13:22:00.000Z,BOUV,X,variation,channel,21889.103630338454,nT
2026-03-25T13:23:00.000Z,BOUV,X,variation,channel,21889.023238287264,nT
2026-03-25T13:24:00.000Z,BOUV,X,variation,channel,21889.00673506921,nT
2026-03-25T13:25:00.000Z,BOUV,X,variation,channel,21888.942002547636,nT
2026-03-25T13:26:00.000Z,BOUV,X,variation,channel,21888.727033301802,nT
2026-03-25T13:27:00.000Z,BOUV,X,variation,channel,21889.04620913373,nT
2026-03-25T13:28:00.000Z,BOUV,X,variation,channel,21889.25649736238,nT
2026-03-25T13:29:00.000Z,BOUV,X,variation,channel,21889.072097803877,nT
2026-03-25T13:30:00.000Z,BOUV,X,variation,channel,21888.470468936524,nT
2026-03-25T13:31:00.000Z,BOUV,X,variation,channel,21887.892775738233,nT
2026-03-25T13:32:00.000Z,BOUV,X,variation,channel,21887.56751451234,nT
2026-03-25T13:33:00.000Z,BOUV,X,variation,channel,21887.393484771612,nT
2026-03-25T13:34:00.000Z,BOUV,X,variation,channel,21887.09945036572,nT
2026-03-25T13:35:00.000Z,BOUV,X,variation,channel,21887.054242907423,nT
2026-03-25T13:36:00.000Z,BOUV,X,variation,channel,21886.954516665817,nT
2026-03-25T13:37:00.000Z,BOUV,X,variation,channel,21886.883353675115,nT
2026-03-25T13:38:00.000Z,BOUV,X,variation,channel,21887.253843592905,nT
2026-03-25T13:39:00.000Z,BOUV,X,variation,channel,21887.05375379592,nT
2026-03-25T13:40:00.000Z,BOUV,X,variation,channel,21886.568061156904,nT
2026-03-25T13:41:00.000Z,BOUV,X,variation,channel,21886.27448312455,nT
2026-03-25T13:42:00.000Z,BOUV,X,variation,channel,21886.418946335667,nT
2026-03-25T13:43:00.000Z,BOUV,X,variation,channel,21886.19511911204,nT
2026-03-25T13:44:00.000Z,BOUV,X,variation,channel,21886.25658492436,nT
2026-03-25T13:45:00.000Z,BOUV,X,variation,channel,21886.326592891804,nT
2026-03-25T13:46:00.000Z,BOUV,X,variation,channel,21886.344080576248,nT
2026-03-25T13:47:00.000Z,BOUV,X,variation,channel,21886.403501185097,nT
2026-03-25T13:48:00.000Z,BOUV,X,variation,channel,21886.64415217867,nT
2026-03-25T13:49:00.000Z,BOUV,X,variation,channel,21886.794399245937,nT
2026-03-25T13:50:00.000Z,BOUV,X,variation,channel,21886.825924260054,nT
2026-03-25T13:51:00.000Z,BOUV,X,variation,channel,21886.650209538217,nT
2026-03-25T13:52:00.000Z,BOUV,X,variation,channel,21886.21750069986,nT
2026-03-25T13:53:00.000Z,BOUV,X,variation,channel,21885.995848563158,nT
2026-03-25T13:54:00.000Z,BOUV,X,variation,channel,21885.980528020613,nT
2026-03-25T13:55:00.000Z,BOUV,X,variation,channel,21885.940821429038,nT
2026-03-25T13:56:00.000Z,BOUV,X,variation,channel,21885.97117827461,nT
2026-03-25T13:57:00.000Z,BOUV,X,variation,channel,21885.911882820903,nT
2026-03-25T13:58:00.000Z,BOUV,X,variation,channel,21886.015771653372,nT
2026-03-25T13:59:00.000Z,BOUV,X,variation,channel,21886.059996988304,nT
2026-03-25T14:00:00.000Z,BOUV,X,variation,channel,21885.876697957225,nT
2026-03-25T14:01:00.000Z,BOUV,X,variation,channel,21885.528264616667,nT
2026-03-25T14:02:00.000Z,BOUV,X,variation,channel,21885.482096141408,nT
2026-03-25T14:03:00.000Z,BOUV,X,variation,channel,21885.56145537886,nT
2026-03-25T14:04:00.000Z,BOUV,X,variation,channel,21885.626570570665,nT
2026-03-25T14:05:00.000Z,BOUV,X,variation,channel,21885.708702135875,nT
2026-03-25T14:06:00.000Z,BOUV,X,variation,channel,21885.606868911906,nT
2026-03-25T14:07:00.000Z,BOUV,X,variation,channel,21885.547360218243,nT
2026-03-25T14:08:00.000Z,BOUV,X,variation,channel,21885.42815830618,nT
2026-03-25T14:09:00.000Z,BOUV,X,variation,channel,21885.485717059055,nT
2026-03-25T14:10:00.000Z,BOUV,X,variation,channel,21885.58941793381,nT
2026-03-25T14:11:00.000Z,BOUV,X,variation,channel,21885.35201323315,nT
2026-03-25T14:12:00.000Z,BOUV,X,variation,channel,21885.237272103812,nT
2026-03-25T14:13:00.000Z,BOUV,X,variation,channel,21885.286207524652,nT
2026-03-25T14:14:00.000Z,BOUV,X,variation,channel,21885.2641974155,nT
2026-03-25T14:15:00.000Z,BOUV,X,variation,channel,21885.09203245215,nT
2026-03-25T14:16:00.000Z,BOUV,X,variation,channel,21884.864616176368,nT
2026-03-25T14:17:00.000Z,BOUV,X,variation,channel,21884.604545035607,nT
2026-03-25T14:18:00.000Z,BOUV,X,variation,channel,21884.336312347565,nT
2026-03-25T14:19:00.000Z,BOUV,X,variation,channel,21884.591139623204,nT
2026-03-25T14:20:00.000Z,BOUV,X,variation,channel,21884.4970612587,nT
2026-03-25T14:21:00.000Z,BOUV,X,variation,channel,21884.744006194294,nT
2026-03-25T14:22:00.000Z,BOUV,X,variation,channel,21884.818140121042,nT
2026-03-25T14:23:00.000Z,BOUV,X,variation,channel,21884.49383253296,nT
2026-03-25T14:24:00.000Z,BOUV,X,variation,channel,21884.45962350053,nT
2026-03-25T14:25:00.000Z,BOUV,X,variation,channel,21884.469837368782,nT
2026-03-25T14:26:00.000Z,BOUV,X,variation,channel,21884.400262535255,nT
2026-03-25T14:27:00.000Z,BOUV,X,variation,channel,21884.35394992448,nT
2026-03-25T14:28:00.000Z,BOUV,X,variation,channel,21884.009403511547,nT
2026-03-25T14:29:00.000Z,BOUV,X,variation,channel,21884.11562260403,nT
2026-03-25T14:30:00.000Z,BOUV,X,variation,channel,21884.17760252877,nT
2026-03-25T14:31:00.000Z,BOUV,X,variation,channel,21883.85814065403,nT
2026-03-25T14:32:00.000Z,BOUV,X,variation,channel,21883.55978907893,nT
2026-03-25T14:33:00.000Z,BOUV,X,variation,channel,21883.693213580074,nT
2026-03-25T14:34:00.000Z,BOUV,X,variation,channel,21884.312376250073,nT
2026-03-25T14:35:00.000Z,BOUV,X,variation,channel,21884.32785916916,nT
2026-03-25T14:36:00.000Z,BOUV,X,variation,channel,21884.08498255609,nT
2026-03-25T14:37:00.000Z,BOUV,X,variation,channel,21883.79524323429,nT
2026-03-25T14:38:00.000Z,BOUV,X,variation,channel,21883.837214582534,nT
2026-03-25T14:39:00.000Z,BOUV,X,variation,channel,21883.985127689197,nT
2026-03-25T14:40:00.000Z,BOUV,X,variation,channel,21883.818475237145,nT
2026-03-25T14:41:00.000Z,BOUV,X,variation,channel,21883.87168714631,nT
2026-03-25T14:42:00.000Z,BOUV,X,variation,channel,21883.658232629623,nT
2026-03-25T14:43:00.000Z,BOUV,X,variation,channel,21883.748632907216,nT
2026-03-25T14:44:00.000Z,BOUV,X,variation,channel,21883.858649220034,nT
2026-03-25T14:45:00.000Z,BOUV,X,variation,channel,21883.871435517714,nT
2026-03-25T14:46:00.000Z,BOUV,X,variation,channel,21883.777088930863,nT
2026-03-25T14:47:00.000Z,BOUV,X,variation,channel,21883.356232964867,nT
2026-03-25T14:48:00.000Z,BOUV,X,variation,channel,21883.384376403657,nT
2026-03-25T14:49:00.000Z,BOUV,X,variation,channel,21883.530297573063,nT
2026-03-25T14:50:00.000Z,BOUV,X,variation,channel,21883.26230057622,nT
2026-03-25T14:51:00.000Z,BOUV,X,variation,channel,21883.342208059763,nT
2026-03-25T14:52:00.000Z,BOUV,X,variation,channel,21883.36436541979,nT
2026-03-25T14:53:00.000Z,BOUV,X,variation,channel,21883.298040944603,nT
2026-03-25T14:54:00.000Z,BOUV,X,variation,channel,21883.086747665933,nT
2026-03-25T14:55:00.000Z,BOUV,X,variation,channel,21882.641788679903,nT
2026-03-25T14:56:00.000Z,BOUV,X,variation,channel,21882.612052109496,nT
2026-03-25T14:57:00.000Z,BOUV,X,variation,channel,21883.07007539121,nT
2026-03-25T14:58:00.000Z,BOUV,X,variation,channel,21883.231259021257,nT
2026-03-25T14:59:00.000Z,BOUV,X,variation,channel,21883.17160012735,nT
2026-03-25T15:00:00.000Z,BOUV,X,variation,channel,21883.03882115225,nT
2026-03-25T15:01:00.000Z,BOUV,X,variation,channel,21883.342604831672,nT
2026-03-25T15:02:00.000Z,BOUV,X,variation,channel,21883.186491678276,nT
2026-03-25T15:03:00.000Z,BOUV,X,variation,channel,21882.754485412963,nT
2026-03-25T15:04:00.000Z,BOUV,X,variation,channel,21882.08124670827,nT
2026-03-25T15:05:00.000Z,BOUV,X,variation,channel,21881.332066489696,nT
2026-03-25T15:06:00.000Z,BOUV,X,variation,channel,21881.125114420276,nT
2026-03-25T15:07:00.000Z,BOUV,X,variation,channel,21881.50667563148,nT
2026-03-25T15:08:00.000Z,BOUV,X,variation,channel,21881.306598378946,nT
2026-03-25T15:09:00.000Z,BOUV,X,variation,channel,21880.8262264072,nT
2026-03-25T15:10:00.000Z,BOUV,X,variation,channel,21881.128929090533,nT
2026-03-25T15:11:00.000Z,BOUV,X,variation,channel,21881.193377229112,nT
2026-03-25T15:12:00.000Z,BOUV,X,variation,channel,21880.759621130084,nT
2026-03-25T15:13:00.000Z,BOUV,X,variation,channel,21880.289896326434,nT
2026-03-25T15:14:00.000Z,BOUV,X,variation,channel,21879.46424308842,nT
2026-03-25T15:15:00.000Z,BOUV,X,variation,channel,21879.57104119464,nT
2026-03-25T15:16:00.000Z,BOUV,X,variation,channel,21879.507053184545,nT
2026-03-25T15:17:00.000Z,BOUV,X,variation,channel,21879.711419657684,nT
2026-03-25T15:18:00.000Z,BOUV,X,variation,channel,21879.891093816597,nT
2026-03-25T15:19:00.000Z,BOUV,X,variation,channel,21880.231670207424,nT
2026-03-25T15:20:00.000Z,BOUV,X,variation,channel,21880.233267331474,nT
2026-03-25T15:21:00.000Z,BOUV,X,variation,channel,21880.588186889127,nT
2026-03-25T15:22:00.000Z,BOUV,X,variation,channel,21881.377204393375,nT
2026-03-25T15:23:00.000Z,BOUV,X,variation,channel,21881.609596863666,nT
2026-03-25T15:24:00.000Z,BOUV,X,variation,channel,21881.830959600706,nT
2026-03-25T15:25:00.000Z,BOUV,X,variation,channel,21882.48145970164,nT
2026-03-25T15:26:00.000Z,BOUV,X,variation,channel,21881.94189080204,nT
2026-03-25T15:27:00.000Z,BOUV,X,variation,channel,21882.036923299394,nT
2026-03-25T15:28:00.000Z,BOUV,X,variation,channel,21882.748132279063,nT
2026-03-25T15:29:00.000Z,BOUV,X,variation,channel,21882.980037694324,nT
2026-03-25T15:30:00.000Z,BOUV,X,variation,channel,21882.453306400792,nT
2026-03-25T15:31:00.000Z,BOUV,X,variation,channel,21884.00939951986,nT
2026-03-25T15:32:00.000Z,BOUV,X,variation,channel,21885.199722582904,nT
2026-03-25T15:33:00.000Z,BOUV,X,variation,channel,21884.991801442993,nT
2026-03-25T15:34:00.000Z,BOUV,X,variation,channel,21884.482041441464,nT
2026-03-25T15:35:00.000Z,BOUV,X,variation,channel,21884.18552024614,nT
2026-03-25T15:36:00.000Z,BOUV,X,variation,channel,21883.930196445504,nT
2026-03-25T15:37:00.000Z,BOUV,X,variation,channel,21884.12757217936,nT
2026-03-25T15:38:00.000Z,BOUV,X,variation,channel,21883.94296876568,nT
2026-03-25T15:39:00.000Z,BOUV,X,variation,channel,21882.870637167205,nT
2026-03-25T15:40:00.000Z,BOUV,X,variation,channel,21882.238335884278,nT
2026-03-25T15:41:00.000Z,BOUV,X,variation,channel,21881.95179249084,nT
2026-03-25T15:42:00.000Z,BOUV,X,variation,channel,21881.696597685015,nT
2026-03-25T15:43:00.000Z,BOUV,X,variation,channel,21881.987388619957,nT
2026-03-25T15:44:00.000Z,BOUV,X,variation,channel,21881.725207298154,nT
2026-03-25T15:45:00.000Z,BOUV,X,variation,channel,21881.108007739575,nT
2026-03-25T15:46:00.000Z,BOUV,X,variation,channel,21881.270023568435,nT
2026-03-25T15:47:00.000Z,BOUV,X,variation,channel,21880.843848782573,nT
2026-03-25T15:48:00.000Z,BOUV,X,variation,channel,21880.863684367978,nT
2026-03-25T15:49:00.000Z,BOUV,X,variation,channel,21880.897222443862,nT
2026-03-25T15:50:00.000Z,BOUV,X,variation,channel,21880.383266849632,nT
2026-03-25T15:51:00.000Z,BOUV,X,variation,channel,21880.31182496549,nT
2026-03-25T15:52:00.000Z,BOUV,X,variation,channel,21880.242511495893,nT
2026-03-25T15:53:00.000Z,BOUV,X,variation,channel,21879.568952180634,nT
2026-03-25T15:54:00.000Z,BOUV,X,variation,channel,21879.925985602593,nT
2026-03-25T15:55:00.000Z,BOUV,X,variation,channel,21880.702016684147,nT
2026-03-25T15:56:00.000Z,BOUV,X,variation,channel,21880.54904682015,nT
2026-03-25T15:57:00.000Z,BOUV,X,variation,channel,21880.082015549408,nT
2026-03-25T15:58:00.000Z,BOUV,X,variation,channel,21880.6541357938,nT
2026-03-25T15:59:00.000Z,BOUV,X,variation,channel,21880.939221367855,nT
2026-03-25T16:00:00.000Z,BOUV,X,variation,channel,21881.852907007178,nT
2026-03-25T16:01:00.000Z,BOUV,X,variation,channel,21882.7717978191,nT
2026-03-25T16:02:00.000Z,BOUV,X,variation,channel,21883.1566524397,nT
2026-03-25T16:03:00.000Z,BOUV,X,variation,channel,21883.227307798035,nT
2026-03-25T16:04:00.000Z,BOUV,X,variation,channel,21882.52422921456,nT
2026-03-25T16:05:00.000Z,BOUV,X,variation,channel,21883.15026886562,nT
2026-03-25T16:06:00.000Z,BOUV,X,variation,channel,21884.329026866686,nT
2026-03-25T16:07:00.000Z,BOUV,X,variation,channel,21884.52302535615,nT
2026-03-25T16:08:00.000Z,BOUV,X,variation,channel,21884.936758883032,nT
2026-03-25T16:09:00.000Z,BOUV,X,variation,channel,21884.901993627613,nT
2026-03-25T16:10:00.000Z,BOUV,X,variation,channel,21884.195456193946,nT
2026-03-25T16:11:00.000Z,BOUV,X,variation,channel,21883.48546247766,nT
2026-03-25T16:12:00.000Z,BOUV,X,variation,channel,21884.08406103595,nT
2026-03-25T16:13:00.000Z,BOUV,X,variation,channel,21885.151787738894,nT
2026-03-25T16:14:00.000Z,BOUV,X,variation,channel,21885.71811688964,nT
2026-03-25T16:15:00.000Z,BOUV,X,variation,channel,21885.328839249956,nT
2026-03-25T16:16:00.000Z,BOUV,X,variation,channel,21885.389170830065,nT
2026-03-25T16:17:00.000Z,BOUV,X,variation,channel,21885.72590960274,nT
2026-03-25T16:18:00.000Z,BOUV,X,variation,channel,21885.959237577543,nT
2026-03-25T16:19:00.000Z,BOUV,X,variation,channel,21886.43148728499,nT
2026-03-25T16:20:00.000Z,BOUV,X,variation,channel,21886.409060494865,nT
2026-03-25T16:21:00.000Z,BOUV,X,variation,channel,21886.328839413363,nT
2026-03-25T16:22:00.000Z,BOUV,X,variation,channel,21885.739731228998,nT
2026-03-25T16:23:00.000Z,BOUV,X,variation,channel,21885.342997238673,nT
2026-03-25T16:24:00.000Z,BOUV,X,variation,channel,21885.31733373423,nT
2026-03-25T16:25:00.000Z,BOUV,X,variation,channel,21885.519452076944,nT
2026-03-25T16:26:00.000Z,BOUV,X,variation,channel,21885.33909755022,nT
2026-03-25T16:27:00.000Z,BOUV,X,variation,channel,21884.72663161939,nT
2026-03-25T16:28:00.000Z,BOUV,X,variation,channel,21884.92660313295,nT
2026-03-25T16:29:00.000Z,BOUV,X,variation,channel,21885.25853090508,nT
2026-03-25T16:30:00.000Z,BOUV,X,variation,channel,21884.96191072364,nT
2026-03-25T16:31:00.000Z,BOUV,X,variation,channel,21883.79811749432,nT
2026-03-25T16:32:00.000Z,BOUV,X,variation,channel,21882.84972911245,nT
2026-03-25T16:33:00.000Z,BOUV,X,variation,channel,21882.94981471624,nT
2026-03-25T16:34:00.000Z,BOUV,X,variation,channel,21882.572403713566,nT
2026-03-25T16:35:00.000Z,BOUV,X,variation,channel,21882.819817807405,nT
2026-03-25T16:36:00.000Z,BOUV,X,variation,channel,21883.184708081324,nT
2026-03-25T16:37:00.000Z,BOUV,X,variation,channel,21883.303955388907,nT
2026-03-25T16:38:00.000Z,BOUV,X,variation,channel,21883.120855887217,nT
2026-03-25T16:39:00.000Z,BOUV,X,variation,channel,21883.455254017274,nT
2026-03-25T16:40:00.000Z,BOUV,X,variation,channel,21883.391932074577,nT
2026-03-25T16:41:00.000Z,BOUV,X,variation,channel,21883.10570696023,nT
2026-03-25T16:42:00.000Z,BOUV,X,variation,channel,21883.36076159566,nT
2026-03-25T16:43:00.000Z,BOUV,X,variation,channel,21882.89940232513,nT
2026-03-25T16:44:00.000Z,BOUV,X,variation,channel,21883.14804963041,nT
2026-03-25T16:45:00.000Z,BOUV,X,variation,channel,21883.55253564126,nT
2026-03-25T16:46:00.000Z,BOUV,X,variation,channel,21883.5733744671,nT
2026-03-25T16:47:00.000Z,BOUV,X,variation,channel,21883.712261896024,nT
2026-03-25T16:48:00.000Z,BOUV,X,variation,channel,21883.424751595976,nT
2026-03-25T16:49:00.000Z,BOUV,X,variation,channel,21882.20268984345,nT
2026-03-25T16:50:00.000Z,BOUV,X,variation,channel,21881.6349505516,nT
2026-03-25T16:51:00.000Z,BOUV,X,variation,channel,21881.61778300033,nT
2026-03-25T16:52:00.000Z,BOUV,X,variation,channel,21881.30817408034,nT
2026-03-25T16:53:00.000Z,BOUV,X,variation,channel,21881.20509399432,nT
2026-03-25T16:54:00.000Z,BOUV,X,variation,channel,21881.033646496973,nT
2026-03-25T16:55:00.000Z,BOUV,X,variation,channel,21880.460265084082,nT
2026-03-25T16:56:00.000Z,BOUV,X,variation,channel,21880.36688905966,nT
2026-03-25T16:57:00.000Z,BOUV,X,variation,channel,21880.150552822244,nT
2026-03-25T16:58:00.000Z,BOUV,X,variation,channel,21879.373973393114,nT
2026-03-25T16:59:00.000Z,BOUV,X,variation,channel,21879.387753499494,nT
2026-03-25T17:00:00.000Z,BOUV,X,variation,channel,21879.48073306264,nT
2026-03-25T17:01:00.000Z,BOUV,X,variation,channel,21879.408540918597,nT
2026-03-25T17:02:00.000Z,BOUV,X,variation,channel,21878.755460752313,nT
2026-03-25T17:03:00.000Z,BOUV,X,variation,channel,21878.086365133047,nT
2026-03-25T17:04:00.000Z,BOUV,X,variation,channel,21878.12976086339,nT
2026-03-25T17:05:00.000Z,BOUV,X,variation,channel,21878.985974864067,nT
2026-03-25T17:06:00.000Z,BOUV,X,variation,channel,21879.56837870393,nT
2026-03-25T17:07:00.000Z,BOUV,X,variation,channel,21879.62443363812,nT
2026-03-25T17:08:00.000Z,BOUV,X,variation,channel,21879.976277658316,nT
2026-03-25T17:09:00.000Z,BOUV,X,variation,channel,21880.207567586815,nT
2026-03-25T17:10:00.000Z,BOUV,X,variation,channel,21880.224107523467,nT
2026-03-25T17:11:00.000Z,BOUV,X,variation,channel,21880.656224904822,nT
2026-03-25T17:12:00.000Z,BOUV,X,variation,channel,21881.736282321945,nT
2026-03-25T17:13:00.000Z,BOUV,X,variation,channel,21882.41706772053,nT
2026-03-25T17:14:00.000Z,BOUV,X,variation,channel,21882.667795852147,nT
2026-03-25T17:15:00.000Z,BOUV,X,variation,channel,21882.76646591574,nT
2026-03-25T17:16:00.000Z,BOUV,X,variation,channel,21882.94254430714,nT
2026-03-25T17:17:00.000Z,BOUV,X,variation,channel,21883.358830608795,nT
2026-03-25T17:18:00.000Z,BOUV,X,variation,channel,21883.38518649804,nT
2026-03-25T17:19:00.000Z,BOUV,X,variation,channel,21883.419329550146,nT
2026-03-25T17:20:00.000Z,BOUV,X,variation,channel,21883.13039301861,nT
2026-03-25T17:21:00.000Z,BOUV,X,variation,channel,21883.20733034095,nT
2026-03-25T17:22:00.000Z,BOUV,X,variation,channel,21883.605804277817,nT
2026-03-25T17:23:00.000Z,BOUV,X,variation,channel,21883.80699156496,nT
2026-03-25T17:24:00.000Z,BOUV,X,variation,channel,21884.10615565649,nT
2026-03-25T17:25:00.000Z,BOUV,X,variation,channel,21884.25182768123,nT
2026-03-25T17:26:00.000Z,BOUV,X,variation,channel,21884.58643298554,nT
2026-03-25T17:27:00.000Z,BOUV,X,variation,channel,21885.028061019242,nT
2026-03-25T17:28:00.000Z,BOUV,X,variation,channel,21885.5056241442,nT
2026-03-25T17:29:00.000Z,BOUV,X,variation,channel,21885.886997817426,nT
2026-03-25T17:30:00.000Z,BOUV,X,variation,channel,21886.017433612273,nT