timestamp,station,channel,data_type,view,value,units
2026-04-15T17:30:00.000Z,BOUV,X,variation,channel,21878.847097792022,nT
2026-04-15T17:31:00.000Z,BOUV,X,variation,channel,21879.52944303493,nT
2026-04-15T17:32:00.000Z,BOUV,X,variation,channel,21879.488385903314,nT
2026-04-15T17:33:00.000Z,BOUV,X,variation,channel,21879.082444301333,nT
2026-04-15T17:34:00.000Z,BOUV,X,variation,channel,21878.715404778904,nT
2026-04-15T17:35:00.000Z,BOUV,X,variation,channel,21878.294005366075,nT
2026-04-15T17:36:00.000Z,BOUV,X,variation,channel,21878.26849414603,nT
2026-04-15T17:37:00.000Z,BOUV,X,variation,channel,21878.533123082994,nT
2026-04-15T17:38:00.000Z,BOUV,X,variation,channel,21878.686116553126,nT
2026-04-15T17:39:00.000Z,BOUV,X,variation,channel,21878.557166760143,nT
2026-04-15T17:40:00.000Z,BOUV,X,variation,channel,21878.403191222802,nT
2026-04-15T17:41:00.000Z,BOUV,X,variation,channel,21878.15320403766,nT
2026-04-15T17:42:00.000Z,BOUV,X,variation,channel,21877.883752483252,nT
2026-04-15T17:43:00.000Z,BOUV,X,variation,channel,21877.91873064228,nT
2026-04-15T17:44:00.000Z,BOUV,X,variation,channel,21878.323063456748,nT
2026-04-15T17:45:00.000Z,BOUV,X,variation,channel,21878.642168195773,nT
2026-04-15T17:46:00.000Z,BOUV,X,variation,channel,21878.412869429885,nT
2026-04-15T17:47:00.000Z,BOUV,X,variation,channel,21878.590087617144,nT
2026-04-15T17:48:00.000Z,BOUV,X,variation,channel,21878.369413291075,nT
2026-04-15T17:49:00.000Z,BOUV,X,variation,channel,21878.491030852805,nT
2026-04-15T17:50:00.000Z,BOUV,X,variation,channel,21878.38013874278,nT
2026-04-15T17:51:00.000Z,BOUV,X,variation,channel,21878.226409950163,nT
2026-04-15T17:52:00.000Z,BOUV,X,variation,channel,21878.089415071336,nT
2026-04-15T17:53:00.000Z,BOUV,X,variation,channel,21877.8795527313,nT
2026-04-15T17:54:00.000Z,BOUV,X,variation,channel,21877.595574237686,nT
2026-04-15T17:55:00.000Z,BOUV,X,variation,channel,21878.09103921194,nT
2026-04-15T17:56:00.000Z,BOUV,X,variation,channel,21878.832087062372,nT
2026-04-15T17:57:00.000Z,BOUV,X,variation,channel,21878.71691469374,nT
2026-04-15T17:58:00.000Z,BOUV,X,variation,channel,21879.301757247762,nT
2026-04-15T17:59:00.000Z,BOUV,X,variation,channel,21879.431128514778,nT
2026-04-15T18:00:00.000Z,BOUV,X,variation,channel,21879.60551160947,nT
2026-04-15T18:01:00.000Z,BOUV,X,variation,channel,21879.655350372486,nT
2026-04-15T18:02:00.000Z,BOUV,X,variation,channel,21879.76420883995,nT
2026-04-15T18:03:00.000Z,BOUV,X,variation,channel,21880.155651356545,nT
2026-04-15T18:04:00.000Z,BOUV,X,variation,channel,21880.294808552462,nT
2026-04-15T18:05:00.000Z,BOUV,X,variation,channel,21880.60376575807,nT
2026-04-15T18:06:00.000Z,BOUV,X,variation,channel,21881.035444637488,nT
2026-04-15T18:07:00.000Z,BOUV,X,variation,channel,21880.60199978997,nT
2026-04-15T18:08:00.000Z,BOUV,X,variation,channel,21880.210215293686,nT
2026-04-15T18:09:00.000Z,BOUV,X,variation,channel,21880.22667809899,nT
2026-04-15T18:10:00.000Z,BOUV,X,variation,channel,21880.593627211114,nT
2026-04-15T18:11:00.000Z,BOUV,X,variation,channel,21880.750619930477,nT
2026-04-15T18:12:00.000Z,BOUV,X,variation,channel,21880.895320483145,nT
2026-04-15T18:13:00.000Z,BOUV,X,variation,channel,21881.445363642462,nT
2026-04-15T18:14:00.000Z,BOUV,X,variation,channel,21881.27727493833,nT
2026-04-15T18:15:00.000Z,BOUV,X,variation,channel,21881.148794348814,nT
2026-04-15T18:16:00.000Z,BOUV,X,variation,channel,21881.76353185235,nT
2026-04-15T18:17:00.000Z,BOUV,X,variation,channel,21882.35821088236,nT
2026-04-15T18:18:00.000Z,BOUV,X,variation,channel,21882.319280687254,nT
2026-04-15T18:19:00.000Z,BOUV,X,variation,channel,21882.469729449975,nT
2026-04-15T18:20:00.000Z,BOUV,X,variation,channel,21882.543105236095,nT
2026-04-15T18:21:00.000Z,BOUV,X,variation,channel,21882.409402502843,nT
2026-04-15T18:22:00.000Z,BOUV,X,variation,channel,21882.905173754225,nT
2026-04-15T18:23:00.000Z,BOUV,X,variation,channel,21882.973549537855,nT
2026-04-15T18:24:00.000Z,BOUV,X,variation,channel,21883.05457326436,nT
2026-04-15T18:25:00.000Z,BOUV,X,variation,channel,21883.323212626616,nT
2026-04-15T18:26:00.000Z,BOUV,X,variation,channel,21883.827369273673,nT
2026-04-15T18:27:00.000Z,BOUV,X,variation,channel,21884.25908337878,nT
2026-04-15T18:28:00.000Z,BOUV,X,variation,channel,21884.435063307148,nT
2026-04-15T18:29:00.000Z,BOUV,X,variation,channel,21884.46338675031,nT
2026-04-15T18:30:00.000Z,BOUV,X,variation,channel,21884.374045769004,nT
2026-04-15T18:31:00.000Z,BOUV,X,variation,channel,21884.489678445498,nT
2026-04-15T18:32:00.000Z,BOUV,X,variation,channel,21884.17959842898,nT
2026-04-15T18:33:00.000Z,BOUV,X,variation,channel,21884.054999537133,nT
2026-04-15T18:34:00.000Z,BOUV,X,variation,channel,21884.203658461225,nT
2026-04-15T18:35:00.000Z,BOUV,X,variation,channel,21884.363801635183,nT
2026-04-15T18:36:00.000Z,BOUV,X,variation,channel,21884.600963989935,nT
2026-04-15T18:37:00.000Z,BOUV,X,variation,channel,21884.63313926947,nT
2026-04-15T18:38:00.000Z,BOUV,X,variation,channel,21885.211557316456,nT
2026-04-15T18:39:00.000Z,BOUV,X,variation,channel,21885.615542691907,nT
2026-04-15T18:40:00.000Z,BOUV,X,variation,channel,21885.798298046022,nT
2026-04-15T18:41:00.000Z,BOUV,X,variation,channel,21885.834183424493,nT
2026-04-15T18:42:00.000Z,BOUV,X,variation,channel,21886.058450428725,nT
2026-04-15T18:43:00.000Z,BOUV,X,variation,channel,21885.62659930543,nT
2026-04-15T18:44:00.000Z,BOUV,X,variation,channel,21885.85808624589,nT
2026-04-15T18:45:00.000Z,BOUV,X,variation,channel,21886.202356924427,nT
2026-04-15T18:46:00.000Z,BOUV,X,variation,channel,21886.648331127573,nT
2026-04-15T18:47:00.000Z,BOUV,X,variation,channel,21886.88489442217,nT
2026-04-15T18:48:00.000Z,BOUV,X,variation,channel,21887.07715050353,nT
2026-04-15T18:49:00.000Z,BOUV,X,variation,channel,21887.136308329373,nT
2026-04-15T18:50:00.000Z,BOUV,X,variation,channel,21887.450331033837,nT
2026-04-15T18:51:00.000Z,BOUV,X,variation,channel,21887.696523184983,nT
2026-04-15T18:52:00.000Z,BOUV,X,variation,channel,21887.918879363413,nT
2026-04-15T18:53:00.000Z,BOUV,X,variation,channel,21888.225945934177,nT
2026-04-15T18:54:00.000Z,BOUV,X,variation,channel,21888.586955509898,nT
2026-04-15T18:55:00.000Z,BOUV,X,variation,channel,21888.698949997743,nT
2026-04-15T18:56:00.000Z,BOUV,X,variation,channel,21888.74594631185,nT
2026-04-15T18:57:00.000Z,BOUV,X,variation,channel,21888.618360994224,nT
2026-04-15T18:58:00.000Z,BOUV,X,variation,channel,21888.412558072472,nT
2026-04-15T18:59:00.000Z,BOUV,X,variation,channel,21888.514300262654,nT
2026-04-15T19:00:00.000Z,BOUV,X,variation,channel,21888.516107044186,nT
2026-04-15T19:01:00.000Z,BOUV,X,variation,channel,21888.314748263885,nT
2026-04-15T19:02:00.000Z,BOUV,X,variation,channel,,nT
2026-04-15T19:03:00.000Z,BOUV,X,variation,channel,21887.940110878393,nT
2026-04-15T19:04:00.000Z,BOUV,X,variation,channel,21887.769508766305,nT
2026-04-15T19:05:00.000Z,BOUV,X,variation,channel,21888.05449739563,nT
2026-04-15T19:06:00.000Z,BOUV,X,variation,channel,21888.17914101104,nT
2026-04-15T19:07:00.000Z,BOUV,X,variation,channel,21888.603813942984,nT
2026-04-15T19:08:00.000Z,BOUV,X,variation,channel,21889.018052588228,nT
2026-04-15T19:09:00.000Z,BOUV,X,variation,channel,21889.48458106275,nT
2026-04-15T19:10:00.000Z,BOUV,X,variation,channel,21889.92091704462,nT
2026-04-15T19:11:00.000Z,BOUV,X,variation,channel,21890.453166555813,nT
2026-04-15T19:12:00.000Z,BOUV,X,variation,channel,21890.861067337002,nT
2026-04-15T19:13:00.000Z,BOUV,X,variation,channel,21891.045324885596,nT
2026-04-15T19:14:00.000Z,BOUV,X,variation,channel,21891.153247561164,nT
2026-04-15T19:15:00.000Z,BOUV,X,variation,channel,21890.970855623837,nT
2026-04-15T19:16:00.000Z,BOUV,X,variation,channel,21891.134181603935,nT
2026-04-15T19:17:00.000Z,BOUV,X,variation,channel,21891.37433497317,nT
2026-04-15T19:18:00.000Z,BOUV,X,variation,channel,21891.543303609586,nT
2026-04-15T19:19:00.000Z,BOUV,X,variation,channel,21891.85516986258,nT
2026-04-15T19:20:00.000Z,BOUV,X,variation,channel,21892.205122610456,nT
2026-04-15T19:21:00.000Z,BOUV,X,variation,channel,21892.47431570018,nT
2026-04-15T19:22:00.000Z,BOUV,X,variation,channel,21892.52665200217,nT
2026-04-15T19:23:00.000Z,BOUV,X,variation,channel,21892.570662260674,nT
2026-04-15T19:24:00.000Z,BOUV,X,variation,channel,21892.79393726488,nT
2026-04-15T19:25:00.000Z,BOUV,X,variation,channel,21892.99391355064,nT
2026-04-15T19:26:00.000Z,BOUV,X,variation,channel,21893.09526765807,nT
2026-04-15T19:27:00.000Z,BOUV,X,variation,channel,21893.38565796265,nT
2026-04-15T19:28:00.000Z,BOUV,X,variation,channel,21893.91377658626,nT
2026-04-15T19:29:00.000Z,BOUV,X,variation,channel,21894.21744151588,nT
2026-04-15T19:30:00.000Z,BOUV,X,variation,channel,21894.29789407367,nT
2026-04-15T19:31:00.000Z,BOUV,X,variation,channel,21894.457907517575,nT
2026-04-15T19:32:00.000Z,BOUV,X,variation,channel,21894.335653796672,nT
2026-04-15T19:33:00.000Z,BOUV,X,variation,channel,21894.587315989414,nT
2026-04-15T19:34:00.000Z,BOUV,X,variation,channel,21894.69350000215,nT
2026-04-15T19:35:00.000Z,BOUV,X,variation,channel,21894.700896312224,nT
2026-04-15T19:36:00.000Z,BOUV,X,variation,channel,21894.587125332364,nT
2026-04-15T19:37:00.000Z,BOUV,X,variation,channel,21894.851574279543,nT
2026-04-15T19:38:00.000Z,BOUV,X,variation,channel,21895.0838351268,nT
2026-04-15T19:39:00.000Z,BOUV,X,variation,channel,21895.395105037453,nT
2026-04-15T19:40:00.000Z,BOUV,X,variation,channel,21895.74232470268,nT
2026-04-15T19:41:00.000Z,BOUV,X,variation,channel,21895.768611548698,nT
2026-04-15T19:42:00.000Z,BOUV,X,variation,channel,21895.916966222852,nT
2026-04-15T19:43:00.000Z,BOUV,X,variation,channel,21896.098239770134,nT
2026-04-15T19:44:00.000Z,BOUV,X,variation,channel,21896.180626854657,nT
2026-04-15T19:45:00.000Z,BOUV,X,variation,channel,21896.4418858744,nT
2026-04-15T19:46:00.000Z,BOUV,X,variation,channel,21896.496193724095,nT
2026-04-15T19:47:00.000Z,BOUV,X,variation,channel,21896.692178226243,nT
2026-04-15T19:48:00.000Z,BOUV,X,variation,channel,21896.577949167593,nT
2026-04-15T19:49:00.000Z,BOUV,X,variation,channel,21896.603897961446,nT
2026-04-15T19:50:00.000Z,BOUV,X,variation,channel,21896.703294534193,nT
2026-04-15T19:51:00.000Z,BOUV,X,variation,channel,21896.60797282385,nT
2026-04-15T19:52:00.000Z,BOUV,X,variation,channel,21896.797728251448,nT
2026-04-15T19:53:00.000Z,BOUV,X,variation,channel,21896.42648213698,nT
2026-04-15T19:54:00.000Z,BOUV,X,variation,channel,21896.701693240666,nT
2026-04-15T19:55:00.000Z,BOUV,X,variation,channel,21896.865385084948,nT
2026-04-15T19:56:00.000Z,BOUV,X,variation,channel,21896.912985080933,nT
2026-04-15T19:57:00.000Z,BOUV,X,variation,channel,21896.878942306248,nT
2026-04-15T19:58:00.000Z,BOUV,X,variation,channel,21897.01478123219,nT
2026-04-15T19:59:00.000Z,BOUV,X,variation,channel,21897.363409379443,nT
2026-04-15T20:00:00.000Z,BOUV,X,variation,channel,21897.588556751845,nT
2026-04-15T20:01:00.000Z,BOUV,X,variation,channel,21897.604447546957,nT
2026-04-15T20:02:00.000Z,BOUV,X,variation,channel,21897.688987976,nT
2026-04-15T20:03:00.000Z,BOUV,X,variation,channel,21898.177312023116,nT
2026-04-15T20:04:00.000Z,BOUV,X,variation,channel,21898.317803400365,nT
2026-04-15T20:05:00.000Z,BOUV,X,variation,channel,21898.545521188556,nT
2026-04-15T20:06:00.000Z,BOUV,X,variation,channel,21898.403854457254,nT
2026-04-15T20:07:00.000Z,BOUV,X,variation,channel,21898.40519690449,nT
2026-04-15T20:08:00.000Z,BOUV,X,variation,channel,21898.666338234718,nT
2026-04-15T20:09:00.000Z,BOUV,X,variation,channel,21899.013832405843,nT
2026-04-15T20:10:00.000Z,BOUV,X,variation,channel,21899.044450936646,nT
2026-04-15T20:11:00.000Z,BOUV,X,variation,channel,21899.03818990594,nT
2026-04-15T20:12:00.000Z,BOUV,X,variation,channel,21899.11831299794,nT
2026-04-15T20:13:00.000Z,BOUV,X,variation,channel,21899.16217870733,nT
2026-04-15T20:14:00.000Z,BOUV,X,variation,channel,21899.302225411233,nT
2026-04-15T20:15:00.000Z,BOUV,X,variation,channel,21899.033207592787,nT
2026-04-15T20:16:00.000Z,BOUV,X,variation,channel,21899.224728352434,nT
2026-04-15T20:17:00.000Z,BOUV,X,variation,channel,21899.687744272785,nT
2026-04-15T20:18:00.000Z,BOUV,X,variation,channel,21899.69772456463,nT
2026-04-15T20:19:00.000Z,BOUV,X,variation,channel,21899.563686293874,nT
2026-04-15T20:20:00.000Z,BOUV,X,variation,channel,21899.53124468265,nT
2026-04-15T20:21:00.000Z,BOUV,X,variation,channel,21899.65032293733,nT
2026-04-15T20:22:00.000Z,BOUV,X,variation,channel,21899.692287281167,nT
2026-04-15T20:23:00.000Z,BOUV,X,variation,channel,21899.80119222193,nT
2026-04-15T20:24:00.000Z,BOUV,X,variation,channel,21900.011304955213,nT
2026-04-15T20:25:00.000Z,BOUV,X,variation,channel,21900.072326546302,nT
2026-04-15T20:26:00.000Z,BOUV,X,variation,channel,21900.58200675944,nT
2026-04-15T20:27:00.000Z,BOUV,X,variation,channel,21901.287079225927,nT
2026-04-15T20:28:00.000Z,BOUV,X,variation,channel,21901.344279669363,nT
2026-04-15T20:29:00.000Z,BOUV,X,variation,channel,21900.84854559152,nT
2026-04-15T20:30:00.000Z,BOUV,X,variation,channel,21901.275735524196,nT
2026-04-15T20:31:00.000Z,BOUV,X,variation,channel,21901.549269929474,nT
2026-04-15T20:32:00.000Z,BOUV,X,variation,channel,21901.612113340896,nT
2026-04-15T20:33:00.000Z,BOUV,X,variation,channel,21901.92863442978,nT
2026-04-15T20:34:00.000Z,BOUV,X,variation,channel,21901.798303232703,nT
2026-04-15T20:35:00.000Z,BOUV,X,variation,channel,21901.812576394997,nT
2026-04-15T20:36:00.000Z,BOUV,X,variation,channel,21901.91332486909,nT
2026-04-15T20:37:00.000Z,BOUV,X,variation,channel,21901.34266146296,nT
2026-04-15T20:38:00.000Z,BOUV,X,variation,channel,21901.094795460616,nT
2026-04-15T20:39:00.000Z,BOUV,X,variation,channel,21900.598925319013,nT
2026-04-15T20:40:00.000Z,BOUV,X,variation,channel,21900.45505549463,nT
2026-04-15T20:41:00.000Z,BOUV,X,variation,channel,21900.473213492438,nT
2026-04-15T20:42:00.000Z,BOUV,X,variation,channel,21900.33951571456,nT
2026-04-15T20:43:00.000Z,BOUV,X,variation,channel,21900.658722525972,nT
2026-04-15T20:44:00.000Z,BOUV,X,variation,channel,21900.865166463947,nT
2026-04-15T20:45:00.000Z,BOUV,X,variation,channel,21901.098013192262,nT
2026-04-15T20:46:00.000Z,BOUV,X,variation,channel,21901.59761632877,nT
2026-04-15T20:47:00.000Z,BOUV,X,variation,channel,21902.32608386441,nT
2026-04-15T20:48:00.000Z,BOUV,X,variation,channel,21903.119541927335,nT
2026-04-15T20:49:00.000Z,BOUV,X,variation,channel,21903.497727543403,nT
2026-04-15T20:50:00.000Z,BOUV,X,variation,channel,21904.080708344754,nT
2026-04-15T20:51:00.000Z,BOUV,X,variation,channel,21904.229784914216,nT
2026-04-15T20:52:00.000Z,BOUV,X,variation,channel,21903.858589698877,nT
2026-04-15T20:53:00.000Z,BOUV,X,variation,channel,21903.584724733133,nT
2026-04-15T20:54:00.000Z,BOUV,X,variation,channel,21902.97282625184,nT
2026-04-15T20:55:00.000Z,BOUV,X,variation,channel,21902.843791128176,nT
2026-04-15T20:56:00.000Z,BOUV,X,variation,channel,21902.956238942577,nT
2026-04-15T20:57:00.000Z,BOUV,X,variation,channel,21902.866757944535,nT
2026-04-15T20:58:00.000Z,BOUV,X,variation,channel,21902.599255225225,nT
2026-04-15T20:59:00.000Z,BOUV,X,variation,channel,21902.372756988923,nT
2026-04-15T21:00:00.000Z,BOUV,X,variation,channel,21902.363145670115,nT
2026-04-15T21:01:00.000Z,BOUV,X,variation,channel,21902.134829746796,nT
2026-04-15T21:02:00.000Z,BOUV,X,variation,channel,21901.62080416889,nT
2026-04-15T21:03:00.000Z,BOUV,X,variation,channel,21901.37421565408,nT
2026-04-15T21:04:00.000Z,BOUV,X,variation,channel,21901.357609845374,nT
2026-04-15T21:05:00.000Z,BOUV,X,variation,channel,21901.222216015012,nT
2026-04-15T21:06:00.000Z,BOUV,X,variation,channel,21901.028817290065,nT
2026-04-15T21:07:00.000Z,BOUV,X,variation,channel,21900.604685372833,nT
2026-04-15T21:08:00.000Z,BOUV,X,variation,channel,21900.406995318524,nT
2026-04-15T21:09:00.000Z,BOUV,X,variation,channel,21900.277304245767,nT
2026-04-15T21:10:00.000Z,BOUV,X,variation,channel,21900.117814552486,nT
2026-04-15T21:11:00.000Z,BOUV,X,variation,channel,21900.103695780705,nT
2026-04-15T21:12:00.000Z,BOUV,X,variation,channel,21899.436680175462,nT
2026-04-15T21:13:00.000Z,BOUV,X,variation,channel,21899.515832972513,nT
2026-04-15T21:14:00.000Z,BOUV,X,variation,channel,21899.50774114878,nT
2026-04-15T21:15:00.000Z,BOUV,X,variation,channel,21900.016419059557,nT
2026-04-15T21:16:00.000Z,BOUV,X,variation,channel,21900.551521171557,nT
2026-04-15T21:17:00.000Z,BOUV,X,variation,channel,21901.08048987317,nT
2026-04-15T21:18:00.000Z,BOUV,X,variation,channel,21902.931509569626,nT
2026-04-15T21:19:00.000Z,BOUV,X,variation,channel,21904.05572012092,nT
2026-04-15T21:20:00.000Z,BOUV,X,variation,channel,21905.666542096424,nT
2026-04-15T21:21:00.000Z,BOUV,X,variation,channel,21906.98044173968,nT
2026-04-15T21:22:00.000Z,BOUV,X,variation,channel,21907.03913887592,nT
2026-04-15T21:23:00.000Z,BOUV,X,variation,channel,21907.29853528322,nT
2026-04-15T21:24:00.000Z,BOUV,X,variation,channel,21906.642492672312,nT
2026-04-15T21:25:00.000Z,BOUV,X,variation,channel,21906.931903399196,nT
2026-04-15T21:26:00.000Z,BOUV,X,variation,channel,21907.282611948573,nT
2026-04-15T21:27:00.000Z,BOUV,X,variation,channel,21907.840417179275,nT
2026-04-15T21:28:00.000Z,BOUV,X,variation,channel,21907.9450771188,nT
2026-04-15T21:29:00.000Z,BOUV,X,variation,channel,21908.036422360372,nT
2026-04-15T21:30:00.000Z,BOUV,X,variation,channel,21908.58615559027,nT
2026-04-15T21:31:00.000Z,BOUV,X,variation,channel,21908.86149521587,nT
2026-04-15T21:32:00.000Z,BOUV,X,variation,channel,21908.64723782513,nT
2026-04-15T21:33:00.000Z,BOUV,X,variation,channel,21908.25487543113,nT
2026-04-15T21:34:00.000Z,BOUV,X,variation,channel,21908.20771211928,nT
2026-04-15T21:35:00.000Z,BOUV,X,variation,channel,21908.067106073064,nT
2026-04-15T21:36:00.000Z,BOUV,X,variation,channel,21907.71712735641,nT
2026-04-15T21:37:00.000Z,BOUV,X,variation,channel,21906.89962416654,nT
2026-04-15T21:38:00.000Z,BOUV,X,variation,channel,21907.001704345425,nT
2026-04-15T21:39:00.000Z,BOUV,X,variation,channel,21906.100611031154,nT
2026-04-15T21:40:00.000Z,BOUV,X,variation,channel,21906.74274264727,nT
2026-04-15T21:41:00.000Z,BOUV,X,variation,channel,21906.599028323966,nT
2026-04-15T21:42:00.000Z,BOUV,X,variation,channel,21906.35446148693,nT
2026-04-15T21:43:00.000Z,BOUV,X,variation,channel,21905.39246029918,nT
2026-04-15T21:44:00.000Z,BOUV,X,variation,channel,21905.791711534668,nT
2026-04-15T21:45:00.000Z,BOUV,X,variation,channel,21905.742981507377,nT
2026-04-15T21:46:00.000Z,BOUV,X,variation,channel,21905.178545895113,nT
2026-04-15T21:47:00.000Z,BOUV,X,variation,channel,21904.62684297538,nT
2026-04-15T21:48:00.000Z,BOUV,X,variation,channel,21904.7072723498,nT
2026-04-15T21:49:00.000Z,BOUV,X,variation,channel,21904.987468275594,nT
2026-04-15T21:50:00.000Z,BOUV,X,variation,channel,21905.090579465043,nT
2026-04-15T21:51:00.000Z,BOUV,X,variation,channel,21904.703496411184,nT
2026-04-15T21:52:00.000Z,BOUV,X,variation,channel,21904.581881646114,nT
2026-04-15T21:53:00.000Z,BOUV,X,variation,channel,21904.862013810598,nT
2026-04-15T21:54:00.000Z,BOUV,X,variation,channel,21904.39961999219,nT
2026-04-15T21:55:00.000Z,BOUV,X,variation,channel,21903.69391476328,nT
2026-04-15T21:56:00.000Z,BOUV,X,variation,channel,21903.627993225997,nT
2026-04-15T21:57:00.000Z,BOUV,X,variation,channel,21903.956810974876,nT
2026-04-15T21:58:00.000Z,BOUV,X,variation,channel,21904.068184091164,nT
2026-04-15T21:59:00.000Z,BOUV,X,variation,channel,21904.284937998767,nT
2026-04-15T22:00:00.000Z,BOUV,X,variation,channel,21904.266715546757,nT
2026-04-15T22:01:00.000Z,BOUV,X,variation,channel,21904.765032036037,nT
2026-04-15T22:02:00.000Z,BOUV,X,variation,channel,21904.83414904262,nT
2026-04-15T22:03:00.000Z,BOUV,X,variation,channel,21905.098184507555,nT
2026-04-15T22:04:00.000Z,BOUV,X,variation,channel,21904.653858247748,nT
2026-04-15T22:05:00.000Z,BOUV,X,variation,channel,21904.851695149075,nT
2026-04-15T22:06:00.000Z,BOUV,X,variation,channel,21904.854069976827,nT
2026-04-15T22:07:00.000Z,BOUV,X,variation,channel,21904.96027544686,nT
2026-04-15T22:08:00.000Z,BOUV,X,variation,channel,21905.144588196385,nT
2026-04-15T22:09:00.000Z,BOUV,X,variation,channel,21904.959882146573,nT
2026-04-15T22:10:00.000Z,BOUV,X,variation,channel,21905.017631828938,nT
2026-04-15T22:11:00.000Z,BOUV,X,variation,channel,21904.91672244185,nT
2026-04-15T22:12:00.000Z,BOUV,X,variation,channel,21905.329512561573,nT
2026-04-15T22:13:00.000Z,BOUV,X,variation,channel,21905.484310080094,nT
2026-04-15T22:14:00.000Z,BOUV,X,variation,channel,21905.352179540714,nT
2026-04-15T22:15:00.000Z,BOUV,X,variation,channel,21905.581199141252,nT
2026-04-15T22:16:00.000Z,BOUV,X,variation,channel,21905.769955309606,nT
2026-04-15T22:17:00.000Z,BOUV,X,variation,channel,21905.946651315837,nT
2026-04-15T22:18:00.000Z,BOUV,X,variation,channel,21905.958223887705,nT
2026-04-15T22:19:00.000Z,BOUV,X,variation,channel,21905.881984295782,nT
2026-04-15T22:20:00.000Z,BOUV,X,variation,channel,21905.741971732907,nT
2026-04-15T22:21:00.000Z,BOUV,X,variation,channel,21906.064685882742,nT
2026-04-15T22:22:00.000Z,BOUV,X,variation,channel,21905.968636140038,nT
2026-04-15T22:23:00.000Z,BOUV,X,variation,channel,21906.027147114168,nT
2026-04-15T22:24:00.000Z,BOUV,X,variation,channel,21906.0916745211,nT
2026-04-15T22:25:00.000Z,BOUV,X,variation,channel,21906.489871210448,nT
2026-04-15T22:26:00.000Z,BOUV,X,variation,channel,21906.749690298733,nT
2026-04-15T22:27:00.000Z,BOUV,X,variation,channel,21906.945313738575,nT
2026-04-15T22:28:00.000Z,BOUV,X,variation,channel,21907.4039952877,nT
2026-04-15T22:29:00.000Z,BOUV,X,variation,channel,21907.57005606348,nT
2026-04-15T22:30:00.000Z,BOUV,X,variation,channel,21907.618144956545,nT
2026-04-15T22:31:00.000Z,BOUV,X,variation,channel,21907.78512050443,nT
2026-04-15T22:32:00.000Z,BOUV,X,variation,channel,21907.85764872161,nT
2026-04-15T22:33:00.000Z,BOUV,X,variation,channel,21908.031310929462,nT
2026-04-15T22:34:00.000Z,BOUV,X,variation,channel,21908.032690719963,nT
2026-04-15T22:35:00.000Z,BOUV,X,variation,channel,21908.035813555252,nT
2026-04-15T22:36:00.000Z,BOUV,X,variation,channel,21908.21910271476,nT
2026-04-15T22:37:00.000Z,BOUV,X,variation,channel,21908.352433891585,nT
2026-04-15T22:38:00.000Z,BOUV,X,variation,channel,21908.47709004091,nT
2026-04-15T22:39:00.000Z,BOUV,X,variation,channel,21908.51657869844,nT
2026-04-15T22:40:00.000Z,BOUV,X,variation,channel,21908.761772633345,nT
2026-04-15T22:41:00.000Z,BOUV,X,variation,channel,21909.237364544606,nT
2026-04-15T22:42:00.000Z,BOUV,X,variation,channel,21909.505945911136,nT
2026-04-15T22:43:00.000Z,BOUV,X,variation,channel,21909.67624264254,nT
2026-04-15T22:44:00.000Z,BOUV,X,variation,channel,21909.843066556547,nT
2026-04-15T22:45:00.000Z,BOUV,X,variation,channel,21909.917879745055,nT
2026-04-15T22:46:00.000Z,BOUV,X,variation,channel,21910.21950791491,nT
2026-04-15T22:47:00.000Z,BOUV,X,variation,channel,21910.61110279495,nT
2026-04-15T22:48:00.000Z,BOUV,X,variation,channel,21910.866874186522,nT
2026-04-15T22:49:00.000Z,BOUV,X,variation,channel,21910.85391649476,nT
2026-04-15T22:50:00.000Z,BOUV,X,variation,channel,21910.828248290592,nT
2026-04-15T22:51:00.000Z,BOUV,X,variation,channel,21910.841170304866,nT
2026-04-15T22:52:00.000Z,BOUV,X,variation,channel,21911.14101111595,nT
2026-04-15T22:53:00.000Z,BOUV,X,variation,channel,21911.45559041079,nT
2026-04-15T22:54:00.000Z,BOUV,X,variation,channel,21911.612229146565,nT
2026-04-15T22:55:00.000Z,BOUV,X,variation,channel,21911.898483361107,nT
2026-04-15T22:56:00.000Z,BOUV,X,variation,channel,21912.067680672262,nT
2026-04-15T22:57:00.000Z,BOUV,X,variation,channel,21911.922766550444,nT
2026-04-15T22:58:00.000Z,BOUV,X,variation,channel,21911.98667987971,nT
2026-04-15T22:59:00.000Z,BOUV,X,variation,channel,21912.00910546125,nT
2026-04-15T23:00:00.000Z,BOUV,X,variation,channel,21912.13737643274,nT
2026-04-15T23:01:00.000Z,BOUV,X,variation,channel,21912.28363909843,nT
2026-04-15T23:02:00.000Z,BOUV,X,variation,channel,21912.550867829774,nT
2026-04-15T23:03:00.000Z,BOUV,X,variation,channel,21912.841401267262,nT
2026-04-15T23:04:00.000Z,BOUV,X,variation,channel,21913.17804868188,nT
2026-04-15T23:05:00.000Z,BOUV,X,variation,channel,21913.37388432282,nT
2026-04-15T23:06:00.000Z,BOUV,X,variation,channel,21913.596040976205,nT
2026-04-15T23:07:00.000Z,BOUV,X,variation,channel,21913.790302066885,nT
2026-04-15T23:08:00.000Z,BOUV,X,variation,channel,21913.604818977572,nT
2026-04-15T23:09:00.000Z,BOUV,X,variation,channel,21913.78152717653,nT
2026-04-15T23:10:00.000Z,BOUV,X,variation,channel,21913.740763003676,nT
2026-04-15T23:11:00.000Z,BOUV,X,variation,channel,21914.042053482273,nT
2026-04-15T23:12:00.000Z,BOUV,X,variation,channel,21914.157567339782,nT
2026-04-15T23:13:00.000Z,BOUV,X,variation,channel,21914.068757517623,nT
2026-04-15T23:14:00.000Z,BOUV,X,variation,channel,21914.012866383026,nT
2026-04-15T23:15:00.000Z,BOUV,X,variation,channel,21914.085967069215,nT
2026-04-15T23:16:00.000Z,BOUV,X,variation,channel,21914.150158667824,nT
2026-04-15T23:17:00.000Z,BOUV,X,variation,channel,21914.279534953555,nT
2026-04-15T23:18:00.000Z,BOUV,X,variation,channel,21914.263675302223,nT
2026-04-15T23:19:00.000Z,BOUV,X,variation,channel,21914.350667822437,nT
2026-04-15T23:20:00.000Z,BOUV,X,variation,channel,21914.604166929756,nT
2026-04-15T23:21:00.000Z,BOUV,X,variation,channel,21915.03887747409,nT
2026-04-15T23:22:00.000Z,BOUV,X,variation,channel,21915.29637975246,nT
2026-04-15T23:23:00.000Z,BOUV,X,variation,channel,21915.517768855687,nT
2026-04-15T23:24:00.000Z,BOUV,X,variation,channel,21915.574503639178,nT
2026-04-15T23:25:00.000Z,BOUV,X,variation,channel,21915.54105578287,nT
2026-04-15T23:26:00.000Z,BOUV,X,variation,channel,21915.440698181184,nT
2026-04-15T23:27:00.000Z,BOUV,X,variation,channel,21915.254875453626,nT
2026-04-15T23:28:00.000Z,BOUV,X,variation,channel,21915.207151723404,nT
2026-04-15T23:29:00.000Z,BOUV,X,variation,channel,21915.422549664447,nT
2026-04-15T23:30:00.000Z,BOUV,X,variation,channel,21915.697561974845,nT
2026-04-15T23:31:00.000Z,BOUV,X,variation,channel,21915.876166555387,nT
2026-04-15T23:32:00.000Z,BOUV,X,variation,channel,21915.91292276712,nT
2026-04-15T23:33:00.000Z,BOUV,X,variation,channel,21915.96061357374,nT
2026-04-15T23:34:00.000Z,BOUV,X,variation,channel,21916.227214349146,nT
2026-04-15T23:35:00.000Z,BOUV,X,variation,channel,21916.362882814785,nT
2026-04-15T23:36:00.000Z,BOUV,X,variation,channel,21916.542042435954,nT
2026-04-15T23:37:00.000Z,BOUV,X,variation,channel,21916.673478348574,nT
2026-04-15T23:38:00.000Z,BOUV,X,variation,channel,21916.67582080152,nT
2026-04-15T23:39:00.000Z,BOUV,X,variation,channel,21916.41105622871,nT
2026-04-15T23:40:00.000Z,BOUV,X,variation,channel,21916.315418570386,nT
2026-04-15T23:41:00.000Z,BOUV,X,variation,channel,21916.1338798991,nT
2026-04-15T23:42:00.000Z,BOUV,X,variation,channel,21915.987053581182,nT
2026-04-15T23:43:00.000Z,BOUV,X,variation,channel,21916.069135135414,nT
2026-04-15T23:44:00.000Z,BOUV,X,variation,channel,21916.150933739682,nT
2026-04-15T23:45:00.000Z,BOUV,X,variation,channel,21916.436467525982,nT
2026-04-15T23:46:00.000Z,BOUV,X,variation,channel,21916.57972089547,nT
2026-04-15T23:47:00.000Z,BOUV,X,variation,channel,21916.668987060188,nT
2026-04-15T23:48:00.000Z,BOUV,X,variation,channel,21916.747516308656,nT
2026-04-15T23:49:00.000Z,BOUV,X,variation,channel,21916.726527447965,nT
2026-04-15T23:50:00.000Z,BOUV,X,variation,channel,21916.64793970767,nT
2026-04-15T23:51:00.000Z,BOUV,X,variation,channel,21916.544044966016,nT
2026-04-15T23:52:00.000Z,BOUV,X,variation,channel,21916.578858607474,nT
2026-04-15T23:53:00.000Z,BOUV,X,variation,channel,21916.647021614546,nT
2026-04-15T23:54:00.000Z,BOUV,X,variation,channel,21916.850780212033,nT
2026-04-15T23:55:00.000Z,BOUV,X,variation,channel,21917.028069496184,nT
2026-04-15T23:56:00.000Z,BOUV,X,variation,channel,21917.216127944987,nT
2026-04-15T23:57:00.000Z,BOUV,X,variation,channel,21917.4329357519,nT
2026-04-15T23:58:00.000Z,BOUV,X,variation,channel,21917.450335559184,nT
2026-04-15T23:59:00.000Z,BOUV,X,variation,channel,21917.258173049016,nT
2026-04-16T00:00:00.000Z,BOUV,X,variation,channel,21917.21178710672,nT
2026-04-16T00:01:00.000Z,BOUV,X,variation,channel,21917.1928553724,nT
2026-04-16T00:02:00.000Z,BOUV,X,variation,channel,21917.347835455992,nT
2026-04-16T00:03:00.000Z,BOUV,X,variation,channel,21917.559740936387,nT
2026-04-16T00:04:00.000Z,BOUV,X,variation,channel,21917.623851391152,nT
2026-04-16T00:05:00.000Z,BOUV,X,variation,channel,21917.533020369472,nT
2026-04-16T00:06:00.000Z,BOUV,X,variation,channel,21917.431736663544,nT
2026-04-16T00:07:00.000Z,BOUV,X,variation,channel,21917.549349494664,nT
2026-04-16T00:08:00.000Z,BOUV,X,variation,channel,21917.725921612968,nT
2026-04-16T00:09:00.000Z,BOUV,X,variation,channel,21917.84657905763,nT
2026-04-16T00:10:00.000Z,BOUV,X,variation,channel,21918.068859727045,nT
2026-04-16T00:11:00.000Z,BOUV,X,variation,channel,21918.309414753352,nT
2026-04-16T00:12:00.000Z,BOUV,X,variation,channel,21918.3148056293,nT
2026-04-16T00:13:00.000Z,BOUV,X,variation,channel,21918.37699038982,nT
2026-04-16T00:14:00.000Z,BOUV,X,variation,channel,21918.416975207707,nT
2026-04-16T00:15:00.000Z,BOUV,X,variation,channel,21918.29326880071,nT
2026-04-16T00:16:00.000Z,BOUV,X,variation,channel,21918.195369442456,nT
2026-04-16T00:17:00.000Z,BOUV,X,variation,channel,21917.857473381442,nT
2026-04-16T00:18:00.000Z,BOUV,X,variation,channel,21917.570789106645,nT
2026-04-16T00:19:00.000Z,BOUV,X,variation,channel,21917.424814953396,nT
2026-04-16T00:20:00.000Z,BOUV,X,variation,channel,21917.55803833783,nT
2026-04-16T00:21:00.000Z,BOUV,X,variation,channel,21917.39412887062,nT
2026-04-16T00:22:00.000Z,BOUV,X,variation,channel,21917.28088080541,nT
2026-04-16T00:23:00.000Z,BOUV,X,variation,channel,21917.36580068522,nT
2026-04-16T00:24:00.000Z,BOUV,X,variation,channel,21917.502234612763,nT
2026-04-16T00:25:00.000Z,BOUV,X,variation,channel,21917.674262800505,nT
2026-04-16T00:26:00.000Z,BOUV,X,variation,channel,21917.9351128047,nT
2026-04-16T00:27:00.000Z,BOUV,X,variation,channel,21917.987570828795,nT
2026-04-16T00:28:00.000Z,BOUV,X,variation,channel,21918.154359570202,nT
2026-04-16T00:29:00.000Z,BOUV,X,variation,channel,21917.884839564857,nT
2026-04-16T00:30:00.000Z,BOUV,X,variation,channel,21917.939009098114,nT
2026-04-16T00:31:00.000Z,BOUV,X,variation,channel,21917.788749139065,nT
2026-04-16T00:32:00.000Z,BOUV,X,variation,channel,21917.655010241084,nT
2026-04-16T00:33:00.000Z,BOUV,X,variation,channel,21917.604178906022,nT
2026-04-16T00:34:00.000Z,BOUV,X,variation,channel,21917.64025502753,nT
2026-04-16T00:35:00.000Z,BOUV,X,variation,channel,21917.57710046443,nT
2026-04-16T00:36:00.000Z,BOUV,X,variation,channel,21917.507802474767,nT
2026-04-16T00:37:00.000Z,BOUV,X,variation,channel,21917.58106663162,nT
2026-04-16T00:38:00.000Z,BOUV,X,variation,channel,21917.618643938094,nT
2026-04-16T00:39:00.000Z,BOUV,X,variation,channel,21917.632188410902,nT
2026-04-16T00:40:00.000Z,BOUV,X,variation,channel,21917.63427344576,nT
2026-04-16T00:41:00.000Z,BOUV,X,variation,channel,21917.572974933388,nT
2026-04-16T00:42:00.000Z,BOUV,X,variation,channel,21917.482238386052,nT
2026-04-16T00:43:00.000Z,BOUV,X,variation,channel,21917.473267927835,nT
2026-04-16T00:44:00.000Z,BOUV,X,variation,channel,21917.44675278635,nT
2026-04-16T00:45:00.000Z,BOUV,X,variation,channel,21917.14213896713,nT
2026-04-16T00:46:00.000Z,BOUV,X,variation,channel,21917.048691334097,nT
2026-04-16T00:47:00.000Z,BOUV,X,variation,channel,21917.213860320906,nT
2026-04-16T00:48:00.000Z,BOUV,X,variation,channel,21917.39935050493,nT
2026-04-16T00:49:00.000Z,BOUV,X,variation,channel,21917.384931804772,nT
2026-04-16T00:50:00.000Z,BOUV,X,variation,channel,21917.272905203896,nT
2026-04-16T00:51:00.000Z,BOUV,X,variation,channel,21917.229732808988,nT
2026-04-16T00:52:00.000Z,BOUV,X,variation,channel,21917.27162416864,nT
2026-04-16T00:53:00.000Z,BOUV,X,variation,channel,21917.247351441514,nT
2026-04-16T00:54:00.000Z,BOUV,X,variation,channel,21917.304682989987,nT
2026-04-16T00:55:00.000Z,BOUV,X,variation,channel,21917.469268443132,nT
2026-04-16T00:56:00.000Z,BOUV,X,variation,channel,21917.670232991804,nT
2026-04-16T00:57:00.000Z,BOUV,X,variation,channel,21917.912708740714,nT
2026-04-16T00:58:00.000Z,BOUV,X,variation,channel,21917.951387160567,nT
2026-04-16T00:59:00.000Z,BOUV,X,variation,channel,21917.815683592053,nT
2026-04-16T01:00:00.000Z,BOUV,X,variation,channel,21917.96896438242,nT
2026-04-16T01:01:00.000Z,BOUV,X,variation,channel,21917.965424334405,nT
2026-04-16T01:02:00.000Z,BOUV,X,variation,channel,21918.098257025315,nT
2026-04-16T01:03:00.000Z,BOUV,X,variation,channel,21918.08706867527,nT
2026-04-16T01:04:00.000Z,BOUV,X,variation,channel,21917.955995594126,nT
2026-04-16T01:05:00.000Z,BOUV,X,variation,channel,21917.929244467457,nT
2026-04-16T01:06:00.000Z,BOUV,X,variation,channel,21918.03160099066,nT
2026-04-16T01:07:00.000Z,BOUV,X,variation,channel,21917.900695923046,nT
2026-04-16T01:08:00.000Z,BOUV,X,variation,channel,21917.689749263543,nT
2026-04-16T01:09:00.000Z,BOUV,X,variation,channel,21917.597057318366,nT
2026-04-16T01:10:00.000Z,BOUV,X,variation,channel,21917.860204205434,nT
2026-04-16T01:11:00.000Z,BOUV,X,variation,channel,21917.901345177208,nT
2026-04-16T01:12:00.000Z,BOUV,X,variation,channel,21917.951931220963,nT
2026-04-16T01:13:00.000Z,BOUV,X,variation,channel,21918.278027633067,nT
2026-04-16T01:14:00.000Z,BOUV,X,variation,channel,21918.51848037507,nT
2026-04-16T01:15:00.000Z,BOUV,X,variation,channel,21918.789357803107,nT
2026-04-16T01:16:00.000Z,BOUV,X,variation,channel,21918.797580704315,nT
2026-04-16T01:17:00.000Z,BOUV,X,variation,channel,21918.782473102907,nT
2026-04-16T01:18:00.000Z,BOUV,X,variation,channel,21918.51583883505,nT
2026-04-16T01:19:00.000Z,BOUV,X,variation,channel,21918.3179146036,nT
2026-04-16T01:20:00.000Z,BOUV,X,variation,channel,21918.035489784612,nT
2026-04-16T01:21:00.000Z,BOUV,X,variation,channel,21917.71682528004,nT
2026-04-16T01:22:00.000Z,BOUV,X,variation,channel,21917.444037704816,nT
2026-04-16T01:23:00.000Z,BOUV,X,variation,channel,21917.262081409077,nT
2026-04-16T01:24:00.000Z,BOUV,X,variation,channel,21917.150283375886,nT
2026-04-16T01:25:00.000Z,BOUV,X,variation,channel,21917.17382299513,nT
2026-04-16T01:26:00.000Z,BOUV,X,variation,channel,21917.2867616691,nT
2026-04-16T01:27:00.000Z,BOUV,X,variation,channel,21917.301150912466,nT
2026-04-16T01:28:00.000Z,BOUV,X,variation,channel,21917.389951237565,nT
2026-04-16T01:29:00.000Z,BOUV,X,variation,channel,21917.460645825147,nT
2026-04-16T01:30:00.000Z,BOUV,X,variation,channel,21917.465495386394,nT
2026-04-16T01:31:00.000Z,BOUV,X,variation,channel,21917.378166080176,nT
2026-04-16T01:32:00.000Z,BOUV,X,variation,channel,21917.18540992631,nT
2026-04-16T01:33:00.000Z,BOUV,X,variation,channel,21917.186351173892,nT
2026-04-16T01:34:00.000Z,BOUV,X,variation,channel,21917.165633784018,nT
2026-04-16T01:35:00.000Z,BOUV,X,variation,channel,21917.16148081359,nT
2026-04-16T01:36:00.000Z,BOUV,X,variation,channel,21917.321110286048,nT
2026-04-16T01:37:00.000Z,BOUV,X,variation,channel,21917.244526634586,nT
2026-04-16T01:38:00.000Z,BOUV,X,variation,channel,21917.119916924235,nT
2026-04-16T01:39:00.000Z,BOUV,X,variation,channel,21917.013333701143,nT
2026-04-16T01:40:00.000Z,BOUV,X,variation,channel,21917.046169416277,nT
2026-04-16T01:41:00.000Z,BOUV,X,variation,channel,21916.895558534605,nT
2026-04-16T01:42:00.000Z,BOUV,X,variation,channel,21916.742955331556,nT
2026-04-16T01:43:00.000Z,BOUV,X,variation,channel,21916.776511273143,nT
2026-04-16T01:44:00.000Z,BOUV,X,variation,channel,21916.881377926307,nT
2026-04-16T01:45:00.000Z,BOUV,X,variation,channel,21917.088703808313,nT
2026-04-16T01:46:00.000Z,BOUV,X,variation,channel,21917.12401581927,nT
2026-04-16T01:47:00.000Z,BOUV,X,variation,channel,21917.143207998426,nT
2026-04-16T01:48:00.000Z,BOUV,X,variation,channel,21917.201851258527,nT
2026-04-16T01:49:00.000Z,BOUV,X,variation,channel,21917.26284317994,nT
2026-04-16T01:50:00.000Z,BOUV,X,variation,channel,21917.584220728902,nT
2026-04-16T01:51:00.000Z,BOUV,X,variation,channel,21917.675655786774,nT
2026-04-16T01:52:00.000Z,BOUV,X,variation,channel,21917.69054274746,nT
2026-04-16T01:53:00.000Z,BOUV,X,variation,channel,21917.74247674247,nT
2026-04-16T01:54:00.000Z,BOUV,X,variation,channel,21918.15426835382,nT
2026-04-16T01:55:00.000Z,BOUV,X,variation,channel,21918.296284730633,nT
2026-04-16T01:56:00.000Z,BOUV,X,variation,channel,21918.448184534544,nT
2026-04-16T01:57:00.000Z,BOUV,X,variation,channel,21918.4707951543,nT
2026-04-16T01:58:00.000Z,BOUV,X,variation,channel,21918.35227688031,nT
2026-04-16T01:59:00.000Z,BOUV,X,variation,channel,21918.058269362315,nT
2026-04-16T02:00:00.000Z,BOUV,X,variation,channel,21917.835142957563,nT
2026-04-16T02:01:00.000Z,BOUV,X,variation,channel,21917.599249827414,nT
2026-04-16T02:02:00.000Z,BOUV,X,variation,channel,21917.640408689716,nT
2026-04-16T02:03:00.000Z,BOUV,X,variation,channel,21917.713954962983,nT
2026-04-16T02:04:00.000Z,BOUV,X,variation,channel,21917.88745982196,nT
2026-04-16T02:05:00.000Z,BOUV,X,variation,channel,21917.946031198662,nT
2026-04-16T02:06:00.000Z,BOUV,X,variation,channel,21918.070623171716,nT
2026-04-16T02:07:00.000Z,BOUV,X,variation,channel,21918.100789638887,nT
2026-04-16T02:08:00.000Z,BOUV,X,variation,channel,21918.230187817844,nT
2026-04-16T02:09:00.000Z,BOUV,X,variation,channel,21918.231915669025,nT
2026-04-16T02:10:00.000Z,BOUV,X,variation,channel,21918.15248957716,nT
2026-04-16T02:11:00.000Z,BOUV,X,variation,channel,21918.206453325023,nT
2026-04-16T02:12:00.000Z,BOUV,X,variation,channel,21918.068025328754,nT
2026-04-16T02:13:00.000Z,BOUV,X,variation,channel,21917.872109246204,nT
2026-04-16T02:14:00.000Z,BOUV,X,variation,channel,21917.832370720465,nT
2026-04-16T02:15:00.000Z,BOUV,X,variation,channel,21917.683369971946,nT
2026-04-16T02:16:00.000Z,BOUV,X,variation,channel,21917.257258236485,nT
2026-04-16T02:17:00.000Z,BOUV,X,variation,channel,21916.982701881334,nT
2026-04-16T02:18:00.000Z,BOUV,X,variation,channel,21916.93782571429,nT
2026-04-16T02:19:00.000Z,BOUV,X,variation,channel,21917.11700945161,nT
2026-04-16T02:20:00.000Z,BOUV,X,variation,channel,21916.91604552138,nT
2026-04-16T02:21:00.000Z,BOUV,X,variation,channel,21916.699935530174,nT
2026-04-16T02:22:00.000Z,BOUV,X,variation,channel,21916.416569917033,nT
2026-04-16T02:23:00.000Z,BOUV,X,variation,channel,21916.365910984237,nT
2026-04-16T02:24:00.000Z,BOUV,X,variation,channel,21916.17689747388,nT
2026-04-16T02:25:00.000Z,BOUV,X,variation,channel,21916.148030824603,nT
2026-04-16T02:26:00.000Z,BOUV,X,variation,channel,21916.2008872178,nT
2026-04-16T02:27:00.000Z,BOUV,X,variation,channel,21916.257696446803,nT
2026-04-16T02:28:00.000Z,BOUV,X,variation,channel,21916.39888194951,nT
2026-04-16T02:29:00.000Z,BOUV,X,variation,channel,21916.301338811936,nT
2026-04-16T02:30:00.000Z,BOUV,X,variation,channel,21916.265901028717,nT
2026-04-16T02:31:00.000Z,BOUV,X,variation,channel,21916.268067014556,nT
2026-04-16T02:32:00.000Z,BOUV,X,variation,channel,21916.224874244166,nT
2026-04-16T02:33:00.000Z,BOUV,X,variation,channel,21916.13916860359,nT
2026-04-16T02:34:00.000Z,BOUV,X,variation,channel,21916.18664774867,nT
2026-04-16T02:35:00.000Z,BOUV,X,variation,channel,21916.210996619197,nT
2026-04-16T02:36:00.000Z,BOUV,X,variation,channel,21916.190330346355,nT
2026-04-16T02:37:00.000Z,BOUV,X,variation,channel,21916.20860286811,nT
2026-04-16T02:38:00.000Z,BOUV,X,variation,channel,21916.30396648156,nT
2026-04-16T02:39:00.000Z,BOUV,X,variation,channel,21916.492460223697,nT
2026-04-16T02:40:00.000Z,BOUV,X,variation,channel,21916.610137866875,nT
2026-04-16T02:41:00.000Z,BOUV,X,variation,channel,21916.548186653017,nT
2026-04-16T02:42:00.000Z,BOUV,X,variation,channel,21916.583670728796,nT
2026-04-16T02:43:00.000Z,BOUV,X,variation,channel,21916.589396202035,nT
2026-04-16T02:44:00.000Z,BOUV,X,variation,channel,21916.401274068652,nT
2026-04-16T02:45:00.000Z,BOUV,X,variation,channel,21915.90198999398,nT
2026-04-16T02:46:00.000Z,BOUV,X,variation,channel,21915.406146879683,nT
2026-04-16T02:47:00.000Z,BOUV,X,variation,channel,21914.974013746072,nT
2026-04-16T02:48:00.000Z,BOUV,X,variation,channel,21915.06583996461,nT
2026-04-16T02:49:00.000Z,BOUV,X,variation,channel,21915.262146818415,nT
2026-04-16T02:50:00.000Z,BOUV,X,variation,channel,21915.42051639875,nT
2026-04-16T02:51:00.000Z,BOUV,X,variation,channel,21915.481471629453,nT
2026-04-16T02:52:00.000Z,BOUV,X,variation,channel,21915.59623382128,nT
2026-04-16T02:53:00.000Z,BOUV,X,variation,channel,21915.672183391354,nT
2026-04-16T02:54:00.000Z,BOUV,X,variation,channel,21915.863404635766,nT
2026-04-16T02:55:00.000Z,BOUV,X,variation,channel,21916.00859844043,nT
2026-04-16T02:56:00.000Z,BOUV,X,variation,channel,21916.214799268193,nT
2026-04-16T02:57:00.000Z,BOUV,X,variation,channel,21916.266714918707,nT
2026-04-16T02:58:00.000Z,BOUV,X,variation,channel,21916.296180010115,nT
2026-04-16T02:59:00.000Z,BOUV,X,variation,channel,21916.343834273976,nT
2026-04-16T03:00:00.000Z,BOUV,X,variation,channel,21916.26209558699,nT
2026-04-16T03:01:00.000Z,BOUV,X,variation,channel,21916.123519168774,nT
2026-04-16T03:02:00.000Z,BOUV,X,variation,channel,21915.96921690703,nT
2026-04-16T03:03:00.000Z,BOUV,X,variation,channel,21916.02895420801,nT
2026-04-16T03:04:00.000Z,BOUV,X,variation,channel,21916.201895190752,nT
2026-04-16T03:05:00.000Z,BOUV,X,variation,channel,21916.398918029106,nT
2026-04-16T03:06:00.000Z,BOUV,X,variation,channel,21916.4340186604,nT
2026-04-16T03:07:00.000Z,BOUV,X,variation,channel,21916.452644337634,nT
2026-04-16T03:08:00.000Z,BOUV,X,variation,channel,21916.350354966547,nT
2026-04-16T03:09:00.000Z,BOUV,X,variation,channel,21916.087621250765,nT
2026-04-16T03:10:00.000Z,BOUV,X,variation,channel,21916.02018328605,nT
2026-04-16T03:11:00.000Z,BOUV,X,variation,channel,21915.95537108991,nT
2026-04-16T03:12:00.000Z,BOUV,X,variation,channel,21916.154407566686,nT
2026-04-16T03:13:00.000Z,BOUV,X,variation,channel,21916.4962161581,nT
2026-04-16T03:14:00.000Z,BOUV,X,variation,channel,21916.681198120255,nT
2026-04-16T03:15:00.000Z,BOUV,X,variation,channel,21916.478332831193,nT
2026-04-16T03:16:00.000Z,BOUV,X,variation,channel,21916.16105007312,nT
2026-04-16T03:17:00.000Z,BOUV,X,variation,channel,21916.19084873199,nT
2026-04-16T03:18:00.000Z,BOUV,X,variation,channel,21916.178705574468,nT
2026-04-16T03:19:00.000Z,BOUV,X,variation,channel,21916.430936400026,nT
2026-04-16T03:20:00.000Z,BOUV,X,variation,channel,21916.57326645101,nT
2026-04-16T03:21:00.000Z,BOUV,X,variation,channel,21916.511280889954,nT
2026-04-16T03:22:00.000Z,BOUV,X,variation,channel,21916.428035560497,nT
2026-04-16T03:23:00.000Z,BOUV,X,variation,channel,21916.271706823594,nT
2026-04-16T03:24:00.000Z,BOUV,X,variation,channel,21915.94005675654,nT
2026-04-16T03:25:00.000Z,BOUV,X,variation,channel,21915.722145370128,nT
2026-04-16T03:26:00.000Z,BOUV,X,variation,channel,21915.649520088216,nT
2026-04-16T03:27:00.000Z,BOUV,X,variation,channel,21915.66182365584,nT
2026-04-16T03:28:00.000Z,BOUV,X,variation,channel,21915.7185787517,nT
2026-04-16T03:29:00.000Z,BOUV,X,variation,channel,21915.856200494625,nT
2026-04-16T03:30:00.000Z,BOUV,X,variation,channel,21915.885189570832,nT
2026-04-16T03:31:00.000Z,BOUV,X,variation,channel,21915.8171065746,nT
2026-04-16T03:32:00.000Z,BOUV,X,variation,channel,21915.873577768107,nT
2026-04-16T03:33:00.000Z,BOUV,X,variation,channel,21915.967001826994,nT
2026-04-16T03:34:00.000Z,BOUV,X,variation,channel,21916.08420440199,nT
2026-04-16T03:35:00.000Z,BOUV,X,variation,channel,21916.20879910674,nT
2026-04-16T03:36:00.000Z,BOUV,X,variation,channel,21916.26812793347,nT
2026-04-16T03:37:00.000Z,BOUV,X,variation,channel,21916.357266281455,nT
2026-04-16T03:38:00.000Z,BOUV,X,variation,channel,21916.575544551262,nT
2026-04-16T03:39:00.000Z,BOUV,X,variation,channel,21916.64623813403,nT
2026-04-16T03:40:00.000Z,BOUV,X,variation,channel,21916.673309491634,nT
2026-04-16T03:41:00.000Z,BOUV,X,variation,channel,21916.561463091413,nT
2026-04-16T03:42:00.000Z,BOUV,X,variation,channel,21916.31039315527,nT
2026-04-16T03:43:00.000Z,BOUV,X,variation,channel,21916.247770715778,nT
2026-04-16T03:44:00.000Z,BOUV,X,variation,channel,21916.254860486828,nT
2026-04-16T03:45:00.000Z,BOUV,X,variation,channel,21916.45655900413,nT
2026-04-16T03:46:00.000Z,BOUV,X,variation,channel,21916.49478217733,nT
2026-04-16T03:47:00.000Z,BOUV,X,variation,channel,21916.459039280177,nT
2026-04-16T03:48:00.000Z,BOUV,X,variation,channel,21916.60699346445,nT
2026-04-16T03:49:00.000Z,BOUV,X,variation,channel,21916.545969448205,nT
2026-04-16T03:50:00.000Z,BOUV,X,variation,channel,21916.452986781434,nT
2026-04-16T03:51:00.000Z,BOUV,X,variation,channel,21916.41089885279,nT
2026-04-16T03:52:00.000Z,BOUV,X,variation,channel,21916.219235292334,nT
2026-04-16T03:53:00.000Z,BOUV,X,variation,channel,21916.058429930265,nT
2026-04-16T03:54:00.000Z,BOUV,X,variation,channel,21915.476437756806,nT
2026-04-16T03:55:00.000Z,BOUV,X,variation,channel,21914.781873679927,nT
2026-04-16T03:56:00.000Z,BOUV,X,variation,channel,21914.008009864174,nT
2026-04-16T03:57:00.000Z,BOUV,X,variation,channel,21913.413783471176,nT
2026-04-16T03:58:00.000Z,BOUV,X,variation,channel,21913.28865646114,nT
2026-04-16T03:59:00.000Z,BOUV,X,variation,channel,21913.17892357343,nT
2026-04-16T04:00:00.000Z,BOUV,X,variation,channel,21912.958788169006,nT
2026-04-16T04:01:00.000Z,BOUV,X,variation,channel,21913.046149917256,nT
2026-04-16T04:02:00.000Z,BOUV,X,variation,channel,21912.885535272064,nT
2026-04-16T04:03:00.000Z,BOUV,X,variation,channel,21912.847310361165,nT
2026-04-16T04:04:00.000Z,BOUV,X,variation,channel,21912.631381282987,nT
2026-04-16T04:05:00.000Z,BOUV,X,variation,channel,21912.321768020454,nT
2026-04-16T04:06:00.000Z,BOUV,X,variation,channel,21912.365677947946,nT
2026-04-16T04:07:00.000Z,BOUV,X,variation,channel,21912.44222058867,nT
2026-04-16T04:08:00.000Z,BOUV,X,variation,channel,21912.57408953797,nT
2026-04-16T04:09:00.000Z,BOUV,X,variation,channel,21912.857043588414,nT
2026-04-16T04:10:00.000Z,BOUV,X,variation,channel,21913.1288537643,nT
2026-04-16T04:11:00.000Z,BOUV,X,variation,channel,21913.070482765546,nT
2026-04-16T04:12:00.000Z,BOUV,X,variation,channel,21913.097676554986,nT
2026-04-16T04:13:00.000Z,BOUV,X,variation,channel,21913.093557881206,nT
2026-04-16T04:14:00.000Z,BOUV,X,variation,channel,21913.286819666173,nT
2026-04-16T04:15:00.000Z,BOUV,X,variation,channel,21913.648139809888,nT
2026-04-16T04:16:00.000Z,BOUV,X,variation,channel,21913.720930905725,nT
2026-04-16T04:17:00.000Z,BOUV,X,variation,channel,21913.761676241375,nT
2026-04-16T04:18:00.000Z,BOUV,X,variation,channel,21913.68053543492,nT
2026-04-16T04:19:00.000Z,BOUV,X,variation,channel,21913.411167257767,nT
2026-04-16T04:20:00.000Z,BOUV,X,variation,channel,21912.880052245204,nT
2026-04-16T04:21:00.000Z,BOUV,X,variation,channel,21912.49539707419,nT
2026-04-16T04:22:00.000Z,BOUV,X,variation,channel,21912.76041493341,nT
2026-04-16T04:23:00.000Z,BOUV,X,variation,channel,21912.95571882733,nT
2026-04-16T04:24:00.000Z,BOUV,X,variation,channel,21912.893065366094,nT
2026-04-16T04:25:00.000Z,BOUV,X,variation,channel,21912.83263152556,nT
2026-04-16T04:26:00.000Z,BOUV,X,variation,channel,21912.802285806712,nT
2026-04-16T04:27:00.000Z,BOUV,X,variation,channel,21912.915329574473,nT
2026-04-16T04:28:00.000Z,BOUV,X,variation,channel,21912.662508082234,nT
2026-04-16T04:29:00.000Z,BOUV,X,variation,channel,21912.3544847245,nT
2026-04-16T04:30:00.000Z,BOUV,X,variation,channel,21912.19137347105,nT
2026-04-16T04:31:00.000Z,BOUV,X,variation,channel,21912.22758967831,nT
2026-04-16T04:32:00.000Z,BOUV,X,variation,channel,21912.222767019997,nT
2026-04-16T04:33:00.000Z,BOUV,X,variation,channel,21911.918019673165,nT
2026-04-16T04:34:00.000Z,BOUV,X,variation,channel,21911.892912844796,nT
2026-04-16T04:35:00.000Z,BOUV,X,variation,channel,21911.307481652806,nT
2026-04-16T04:36:00.000Z,BOUV,X,variation,channel,21911.949659214115,nT
2026-04-16T04:37:00.000Z,BOUV,X,variation,channel,21911.937111778712,nT
2026-04-16T04:38:00.000Z,BOUV,X,variation,channel,21912.053158360803,nT
2026-04-16T04:39:00.000Z,BOUV,X,variation,channel,21911.258273108324,nT
2026-04-16T04:40:00.000Z,BOUV,X,variation,channel,21910.075069624578,nT
2026-04-16T04:41:00.000Z,BOUV,X,variation,channel,21910.57742973961,nT
2026-04-16T04:42:00.000Z,BOUV,X,variation,channel,21910.08136440118,nT
2026-04-16T04:43:00.000Z,BOUV,X,variation,channel,21909.88741402215,nT
2026-04-16T04:44:00.000Z,BOUV,X,variation,channel,21909.596486502087,nT
2026-04-16T04:45:00.000Z,BOUV,X,variation,channel,21909.61841157923,nT
2026-04-16T04:46:00.000Z,BOUV,X,variation,channel,21909.555363833417,nT
2026-04-16T04:47:00.000Z,BOUV,X,variation,channel,21908.856515552714,nT
2026-04-16T04:48:00.000Z,BOUV,X,variation,channel,21909.816357607917,nT
2026-04-16T04:49:00.000Z,BOUV,X,variation,channel,21909.692501019286,nT
2026-04-16T04:50:00.000Z,BOUV,X,variation,channel,21910.14834123272,nT
2026-04-16T04:51:00.000Z,BOUV,X,variation,channel,21909.304548295666,nT
2026-04-16T04:52:00.000Z,BOUV,X,variation,channel,21909.957634282702,nT
2026-04-16T04:53:00.000Z,BOUV,X,variation,channel,21909.951966894696,nT
2026-04-16T04:54:00.000Z,BOUV,X,variation,channel,21909.791675254906,nT
2026-04-16T04:55:00.000Z,BOUV,X,variation,channel,21909.697334228953,nT
2026-04-16T04:56:00.000Z,BOUV,X,variation,channel,21909.960746274905,nT
2026-04-16T04:57:00.000Z,BOUV,X,variation,channel,21910.25468537809,nT
2026-04-16T04:58:00.000Z,BOUV,X,variation,channel,21909.8400777083,nT
2026-04-16T04:59:00.000Z,BOUV,X,variation,channel,21910.711792255075,nT
2026-04-16T05:00:00.000Z,BOUV,X,variation,channel,21910.82428032823,nT
2026-04-16T05:01:00.000Z,BOUV,X,variation,channel,21910.206435032076,nT
2026-04-16T05:02:00.000Z,BOUV,X,variation,channel,21910.99306915471,nT
2026-04-16T05:03:00.000Z,BOUV,X,variation,channel,21911.344214876957,nT
2026-04-16T05:04:00.000Z,BOUV,X,variation,channel,21911.209871286308,nT
2026-04-16T05:05:00.000Z,BOUV,X,variation,channel,21911.19412037207,nT
2026-04-16T05:06:00.000Z,BOUV,X,variation,channel,21910.825038715146,nT
2026-04-16T05:07:00.000Z,BOUV,X,variation,channel,21910.75072238502,nT
2026-04-16T05:08:00.000Z,BOUV,X,variation,channel,21910.783391047597,nT
2026-04-16T05:09:00.000Z,BOUV,X,variation,channel,21910.69412036014,nT
2026-04-16T05:10:00.000Z,BOUV,X,variation,channel,21910.51479023786,nT
2026-04-16T05:11:00.000Z,BOUV,X,variation,channel,21910.22675688013,nT
2026-04-16T05:12:00.000Z,BOUV,X,variation,channel,21910.330029494147,nT
2026-04-16T05:13:00.000Z,BOUV,X,variation,channel,21910.754932148528,nT
2026-04-16T05:14:00.000Z,BOUV,X,variation,channel,21910.714819172477,nT
2026-04-16T05:15:00.000Z,BOUV,X,variation,channel,21910.2197761162,nT
2026-04-16T05:16:00.000Z,BOUV,X,variation,channel,21910.552412717734,nT
2026-04-16T05:17:00.000Z,BOUV,X,variation,channel,21910.371459234757,nT
2026-04-16T05:18:00.000Z,BOUV,X,variation,channel,21910.5553176158,nT
2026-04-16T05:19:00.000Z,BOUV,X,variation,channel,21910.44858500638,nT
2026-04-16T05:20:00.000Z,BOUV,X,variation,channel,21910.575739817887,nT
2026-04-16T05:21:00.000Z,BOUV,X,variation,channel,21910.324915919715,nT
2026-04-16T05:22:00.000Z,BOUV,X,variation,channel,21910.546840569943,nT
2026-04-16T05:23:00.000Z,BOUV,X,variation,channel,21910.294980594976,nT
2026-04-16T05:24:00.000Z,BOUV,X,variation,channel,21909.98599932383,nT
2026-04-16T05:25:00.000Z,BOUV,X,variation,channel,21910.31189101726,nT
2026-04-16T05:26:00.000Z,BOUV,X,variation,channel,21910.171297753423,nT
2026-04-16T05:27:00.000Z,BOUV,X,variation,channel,21910.05806869405,nT
2026-04-16T05:28:00.000Z,BOUV,X,variation,channel,21910.280668250896,nT
2026-04-16T05:29:00.000Z,BOUV,X,variation,channel,21910.352233799687,nT
2026-04-16T05:30:00.000Z,BOUV,X,variation,channel,21910.29541208847,nT
2026-04-16T05:31:00.000Z,BOUV,X,variation,channel,21910.73668852601,nT
2026-04-16T05:32:00.000Z,BOUV,X,variation,channel,21910.26134232511,nT
2026-04-16T05:33:00.000Z,BOUV,X,variation,channel,21910.067430609382,nT
2026-04-16T05:34:00.000Z,BOUV,X,variation,channel,21909.681201637446,nT
2026-04-16T05:35:00.000Z,BOUV,X,variation,channel,21909.662737295777,nT
2026-04-16T05:36:00.000Z,BOUV,X,variation,channel,21909.784793919192,nT
2026-04-16T05:37:00.000Z,BOUV,X,variation,channel,21909.962529451375,nT
2026-04-16T05:38:00.000Z,BOUV,X,variation,channel,21909.961197333807,nT
2026-04-16T05:39:00.000Z,BOUV,X,variation,channel,21909.865021046106,nT
2026-04-16T05:40:00.000Z,BOUV,X,variation,channel,21909.384266655772,nT
2026-04-16T05:41:00.000Z,BOUV,X,variation,channel,21909.324998992815,nT
2026-04-16T05:42:00.000Z,BOUV,X,variation,channel,21908.92225063196,nT
2026-04-16T05:43:00.000Z,BOUV,X,variation,channel,21908.793055956277,nT
2026-04-16T05:44:00.000Z,BOUV,X,variation,channel,21908.960741796578,nT
2026-04-16T05:45:00.000Z,BOUV,X,variation,channel,21909.33904400644,nT
2026-04-16T05:46:00.000Z,BOUV,X,variation,channel,21909.30876577984,nT
2026-04-16T05:47:00.000Z,BOUV,X,variation,channel,21909.372098138272,nT
2026-04-16T05:48:00.000Z,BOUV,X,variation,channel,21909.077062605815,nT
2026-04-16T05:49:00.000Z,BOUV,X,variation,channel,21909.106958763376,nT
2026-04-16T05:50:00.000Z,BOUV,X,variation,channel,21909.030022039726,nT
2026-04-16T05:51:00.000Z,BOUV,X,variation,channel,21909.26944102243,nT
2026-04-16T05:52:00.000Z,BOUV,X,variation,channel,21909.390213310937,nT
2026-04-16T05:53:00.000Z,BOUV,X,variation,channel,21909.315187353965,nT
2026-04-16T05:54:00.000Z,BOUV,X,variation,channel,21909.336828809926,nT
2026-04-16T05:55:00.000Z,BOUV,X,variation,channel,21909.105961210877,nT
2026-04-16T05:56:00.000Z,BOUV,X,variation,channel,21908.972750454846,nT
2026-04-16T05:57:00.000Z,BOUV,X,variation,channel,21909.056977270226,nT
2026-04-16T05:58:00.000Z,BOUV,X,variation,channel,21909.25548450114,nT
2026-04-16T05:59:00.000Z,BOUV,X,variation,channel,21909.129724810206,nT
2026-04-16T06:00:00.000Z,BOUV,X,variation,channel,21908.985484270688,nT
2026-04-16T06:01:00.000Z,BOUV,X,variation,channel,21909.236110487505,nT
2026-04-16T06:02:00.000Z,BOUV,X,variation,channel,21909.902742515587,nT
2026-04-16T06:03:00.000Z,BOUV,X,variation,channel,21910.667419193513,nT
2026-04-16T06:04:00.000Z,BOUV,X,variation,channel,21910.34252832458,nT
2026-04-16T06:05:00.000Z,BOUV,X,variation,channel,21910.16133178336,nT
2026-04-16T06:06:00.000Z,BOUV,X,variation,channel,21909.97909069802,nT
2026-04-16T06:07:00.000Z,BOUV,X,variation,channel,21909.402244571513,nT
2026-04-16T06:08:00.000Z,BOUV,X,variation,channel,21909.36675404116,nT
2026-04-16T06:09:00.000Z,BOUV,X,variation,channel,21909.803555236835,nT
2026-04-16T06:10:00.000Z,BOUV,X,variation,channel,21909.283973424066,nT
2026-04-16T06:11:00.000Z,BOUV,X,variation,channel,21908.752551564292,nT
2026-04-16T06:12:00.000Z,BOUV,X,variation,channel,21909.003116516065,nT
2026-04-16T06:13:00.000Z,BOUV,X,variation,channel,21908.986585040744,nT
2026-04-16T06:14:00.000Z,BOUV,X,variation,channel,21909.051604482454,nT
2026-04-16T06:15:00.000Z,BOUV,X,variation,channel,21909.109348700607,nT
2026-04-16T06:16:00.000Z,BOUV,X,variation,channel,21909.140273278008,nT
2026-04-16T06:17:00.000Z,BOUV,X,variation,channel,21909.326076693,nT
2026-04-16T06:18:00.000Z,BOUV,X,variation,channel,21909.301171404364,nT
2026-04-16T06:19:00.000Z,BOUV,X,variation,channel,21909.32043445083,nT
2026-04-16T06:20:00.000Z,BOUV,X,variation,channel,21909.59739570474,nT
2026-04-16T06:21:00.000Z,BOUV,X,variation,channel,21908.933613769612,nT
2026-04-16T06:22:00.000Z,BOUV,X,variation,channel,21909.363311766225,nT
2026-04-16T06:23:00.000Z,BOUV,X,variation,channel,21910.13078834252,nT
2026-04-16T06:24:00.000Z,BOUV,X,variation,channel,21909.213327847334,nT
2026-04-16T06:25:00.000Z,BOUV,X,variation,channel,21911.283545314374,nT
2026-04-16T06:26:00.000Z,BOUV,X,variation,channel,21911.495897970977,nT
2026-04-16T06:27:00.000Z,BOUV,X,variation,channel,21910.714868738425,nT
2026-04-16T06:28:00.000Z,BOUV,X,variation,channel,21912.996150025512,nT
2026-04-16T06:29:00.000Z,BOUV,X,variation,channel,21912.04810884128,nT
2026-04-16T06:30:00.000Z,BOUV,X,variation,channel,21913.436180405795,nT
2026-04-16T06:31:00.000Z,BOUV,X,variation,channel,21913.288417192285,nT
2026-04-16T06:32:00.000Z,BOUV,X,variation,channel,21913.200898522486,nT
2026-04-16T06:33:00.000Z,BOUV,X,variation,channel,21913.592447441595,nT
2026-04-16T06:34:00.000Z,BOUV,X,variation,channel,21913.617277040972,nT
2026-04-16T06:35:00.000Z,BOUV,X,variation,channel,21913.813725905038,nT
2026-04-16T06:36:00.000Z,BOUV,X,variation,channel,21913.934987351957,nT
2026-04-16T06:37:00.000Z,BOUV,X,variation,channel,21913.886199165507,nT
2026-04-16T06:38:00.000Z,BOUV,X,variation,channel,21913.4847141693,nT
2026-04-16T06:39:00.000Z,BOUV,X,variation,channel,21913.38334892013,nT
2026-04-16T06:40:00.000Z,BOUV,X,variation,channel,21913.368170045957,nT
2026-04-16T06:41:00.000Z,BOUV,X,variation,channel,21912.877335566653,nT
2026-04-16T06:42:00.000Z,BOUV,X,variation,channel,21912.873762313833,nT
2026-04-16T06:43:00.000Z,BOUV,X,variation,channel,21912.554840778164,nT
2026-04-16T06:44:00.000Z,BOUV,X,variation,channel,21912.689882229446,nT
2026-04-16T06:45:00.000Z,BOUV,X,variation,channel,21912.60855948853,nT
2026-04-16T06:46:00.000Z,BOUV,X,variation,channel,21912.538943839027,nT
2026-04-16T06:47:00.000Z,BOUV,X,variation,channel,21912.628748243766,nT
2026-04-16T06:48:00.000Z,BOUV,X,variation,channel,21912.76920962041,nT
2026-04-16T06:49:00.000Z,BOUV,X,variation,channel,21912.735598297753,nT
2026-04-16T06:50:00.000Z,BOUV,X,variation,channel,21912.801414885667,nT
2026-04-16T06:51:00.000Z,BOUV,X,variation,channel,21912.83919222177,nT
2026-04-16T06:52:00.000Z,BOUV,X,variation,channel,21912.36691718611,nT
2026-04-16T06:53:00.000Z,BOUV,X,variation,channel,21912.475833760855,nT
2026-04-16T06:54:00.000Z,BOUV,X,variation,channel,21912.777292518156,nT
2026-04-16T06:55:00.000Z,BOUV,X,variation,channel,21912.569002191703,nT
2026-04-16T06:56:00.000Z,BOUV,X,variation,channel,21912.96329681497,nT
2026-04-16T06:57:00.000Z,BOUV,X,variation,channel,21912.913790531737,nT
2026-04-16T06:58:00.000Z,BOUV,X,variation,channel,21913.054196536395,nT
2026-04-16T06:59:00.000Z,BOUV,X,variation,channel,21913.08280363113,nT
2026-04-16T07:00:00.000Z,BOUV,X,variation,channel,21913.335282365715,nT
2026-04-16T07:01:00.000Z,BOUV,X,variation,channel,21913.76757090906,nT
2026-04-16T07:02:00.000Z,BOUV,X,variation,channel,21913.682362631,nT
2026-04-16T07:03:00.000Z,BOUV,X,variation,channel,21913.683175722996,nT
2026-04-16T07:04:00.000Z,BOUV,X,variation,channel,21913.5958688491,nT
2026-04-16T07:05:00.000Z,BOUV,X,variation,channel,21913.348173791317,nT
2026-04-16T07:06:00.000Z,BOUV,X,variation,channel,21913.355371487858,nT
2026-04-16T07:07:00.000Z,BOUV,X,variation,channel,21913.342030112493,nT
2026-04-16T07:08:00.000Z,BOUV,X,variation,channel,21913.598980826446,nT
2026-04-16T07:09:00.000Z,BOUV,X,variation,channel,21913.691714407913,nT
2026-04-16T07:10:00.000Z,BOUV,X,variation,channel,21913.512268121358,nT
2026-04-16T07:11:00.000Z,BOUV,X,variation,channel,21913.347130599348,nT
2026-04-16T07:12:00.000Z,BOUV,X,variation,channel,21913.040210683095,nT
2026-04-16T07:13:00.000Z,BOUV,X,variation,channel,21912.912084227595,nT
2026-04-16T07:14:00.000Z,BOUV,X,variation,channel,21912.69730516917,nT
2026-04-16T07:15:00.000Z,BOUV,X,variation,channel,21912.599799789397,nT
2026-04-16T07:16:00.000Z,BOUV,X,variation,channel,21912.43003818593,nT
2026-04-16T07:17:00.000Z,BOUV,X,variation,channel,21912.57278706673,nT
2026-04-16T07:18:00.000Z,BOUV,X,variation,channel,21912.567382307003,nT
2026-04-16T07:19:00.000Z,BOUV,X,variation,channel,21912.343343286528,nT
2026-04-16T07:20:00.000Z,BOUV,X,variation,channel,21912.131769831987,nT
2026-04-16T07:21:00.000Z,BOUV,X,variation,channel,21912.065196541953,nT
2026-04-16T07:22:00.000Z,BOUV,X,variation,channel,21911.962950998855,nT
2026-04-16T07:23:00.000Z,BOUV,X,variation,channel,21911.52328192805,nT
2026-04-16T07:24:00.000Z,BOUV,X,variation,channel,21911.309325284976,nT
2026-04-16T07:25:00.000Z,BOUV,X,variation,channel,21911.092988109744,nT
2026-04-16T07:26:00.000Z,BOUV,X,variation,channel,21911.177146493897,nT
2026-04-16T07:27:00.000Z,BOUV,X,variation,channel,21911.3077505259,nT
2026-04-16T07:28:00.000Z,BOUV,X,variation,channel,21911.26830274333,nT
2026-04-16T07:29:00.000Z,BOUV,X,variation,channel,21911.214026291862,nT
2026-04-16T07:30:00.000Z,BOUV,X,variation,channel,21911.512357665506,nT
2026-04-16T07:31:00.000Z,BOUV,X,variation,channel,21911.742960699376,nT
2026-04-16T07:32:00.000Z,BOUV,X,variation,channel,21911.923232440957,nT
2026-04-16T07:33:00.000Z,BOUV,X,variation,channel,21912.19625945726,nT
2026-04-16T07:34:00.000Z,BOUV,X,variation,channel,21912.420503304198,nT
2026-04-16T07:35:00.000Z,BOUV,X,variation,channel,21912.637990945714,nT
2026-04-16T07:36:00.000Z,BOUV,X,variation,channel,21912.841747831106,nT
2026-04-16T07:37:00.000Z,BOUV,X,variation,channel,21913.295940818723,nT
2026-04-16T07:38:00.000Z,BOUV,X,variation,channel,21913.419329078508,nT
2026-04-16T07:39:00.000Z,BOUV,X,variation,channel,21913.75965243837,nT
2026-04-16T07:40:00.000Z,BOUV,X,variation,channel,21914.027550714112,nT
2026-04-16T07:41:00.000Z,BOUV,X,variation,channel,21914.198748557257,nT
2026-04-16T07:42:00.000Z,BOUV,X,variation,channel,21914.316097029463,nT
2026-04-16T07:43:00.000Z,BOUV,X,variation,channel,21913.982818693574,nT
2026-04-16T07:44:00.000Z,BOUV,X,variation,channel,21913.81742486459,nT
2026-04-16T07:45:00.000Z,BOUV,X,variation,channel,21913.636228004743,nT
2026-04-16T07:46:00.000Z,BOUV,X,variation,channel,21913.536515841704,nT
2026-04-16T07:47:00.000Z,BOUV,X,variation,channel,21913.570368023255,nT
2026-04-16T07:48:00.000Z,BOUV,X,variation,channel,21913.334742409384,nT
2026-04-16T07:49:00.000Z,BOUV,X,variation,channel,21913.14294296842,nT
2026-04-16T07:50:00.000Z,BOUV,X,variation,channel,21912.974469997214,nT
2026-04-16T07:51:00.000Z,BOUV,X,variation,channel,21912.978008912454,nT
2026-04-16T07:52:00.000Z,BOUV,X,variation,channel,21912.966378186822,nT
2026-04-16T07:53:00.000Z,BOUV,X,variation,channel,21913.210416046957,nT
2026-04-16T07:54:00.000Z,BOUV,X,variation,channel,21913.293301383095,nT
2026-04-16T07:55:00.000Z,BOUV,X,variation,channel,21913.336198782123,nT
2026-04-16T07:56:00.000Z,BOUV,X,variation,channel,21913.497965414626,nT
2026-04-16T07:57:00.000Z,BOUV,X,variation,channel,21913.541839380654,nT
2026-04-16T07:58:00.000Z,BOUV,X,variation,channel,21913.444978771764,nT
2026-04-16T07:59:00.000Z,BOUV,X,variation,channel,21913.49394911128,nT
2026-04-16T08:00:00.000Z,BOUV,X,variation,channel,21913.45297942618,nT
2026-04-16T08:01:00.000Z,BOUV,X,variation,channel,21913.434334681795,nT
2026-04-16T08:02:00.000Z,BOUV,X,variation,channel,21913.589629293077,nT
2026-04-16T08:03:00.000Z,BOUV,X,variation,channel,21913.779669942916,nT
2026-04-16T08:04:00.000Z,BOUV,X,variation,channel,21913.95914986516,nT
2026-04-16T08:05:00.000Z,BOUV,X,variation,channel,21914.15347747323,nT
2026-04-16T08:06:00.000Z,BOUV,X,variation,channel,21914.314019934078,nT
2026-04-16T08:07:00.000Z,BOUV,X,variation,channel,21914.391258247968,nT
2026-04-16T08:08:00.000Z,BOUV,X,variation,channel,21914.430106761873,nT
2026-04-16T08:09:00.000Z,BOUV,X,variation,channel,21914.4374441481,nT
2026-04-16T08:10:00.000Z,BOUV,X,variation,channel,21914.41173991079,nT
2026-04-16T08:11:00.000Z,BOUV,X,variation,channel,21914.41874393419,nT
2026-04-16T08:12:00.000Z,BOUV,X,variation,channel,21914.490211672728,nT
2026-04-16T08:13:00.000Z,BOUV,X,variation,channel,21914.46451384379,nT
2026-04-16T08:14:00.000Z,BOUV,X,variation,channel,21914.54127413065,nT
2026-04-16T08:15:00.000Z,BOUV,X,variation,channel,21914.623399511525,nT
2026-04-16T08:16:00.000Z,BOUV,X,variation,channel,21914.697294006022,nT
2026-04-16T08:17:00.000Z,BOUV,X,variation,channel,21914.601334427003,nT
2026-04-16T08:18:00.000Z,BOUV,X,variation,channel,21914.61630939061,nT
2026-04-16T08:19:00.000Z,BOUV,X,variation,channel,21914.566085500628,nT
2026-04-16T08:20:00.000Z,BOUV,X,variation,channel,21914.54291858636,nT
2026-04-16T08:21:00.000Z,BOUV,X,variation,channel,21914.60572516923,nT
2026-04-16T08:22:00.000Z,BOUV,X,variation,channel,21914.632041418758,nT
2026-04-16T08:23:00.000Z,BOUV,X,variation,channel,21914.80778090092,nT
2026-04-16T08:24:00.000Z,BOUV,X,variation,channel,21914.916174290163,nT
2026-04-16T08:25:00.000Z,BOUV,X,variation,channel,21914.958773092265,nT
2026-04-16T08:26:00.000Z,BOUV,X,variation,channel,21915.192419909155,nT
2026-04-16T08:27:00.000Z,BOUV,X,variation,channel,21915.321244441933,nT
2026-04-16T08:28:00.000Z,BOUV,X,variation,channel,21915.255139361267,nT
2026-04-16T08:29:00.000Z,BOUV,X,variation,channel,21915.212444659806,nT
2026-04-16T08:30:00.000Z,BOUV,X,variation,channel,21915.172026402455,nT
2026-04-16T08:31:00.000Z,BOUV,X,variation,channel,21915.047222007317,nT
2026-04-16T08:32:00.000Z,BOUV,X,variation,channel,21914.91695715988,nT
2026-04-16T08:33:00.000Z,BOUV,X,variation,channel,21914.896054040008,nT
2026-04-16T08:34:00.000Z,BOUV,X,variation,channel,21914.931150534958,nT
2026-04-16T08:35:00.000Z,BOUV,X,variation,channel,21914.92985315511,nT
2026-04-16T08:36:00.000Z,BOUV,X,variation,channel,21914.92310823955,nT
2026-04-16T08:37:00.000Z,BOUV,X,variation,channel,21914.782265516777,nT
2026-04-16T08:38:00.000Z,BOUV,X,variation,channel,21915.32517148979,nT
2026-04-16T08:39:00.000Z,BOUV,X,variation,channel,21915.528861648076,nT
2026-04-16T08:40:00.000Z,BOUV,X,variation,channel,21915.804368917157,nT
2026-04-16T08:41:00.000Z,BOUV,X,variation,channel,21915.89883576074,nT
2026-04-16T08:42:00.000Z,BOUV,X,variation,channel,21916.152842651685,nT
2026-04-16T08:43:00.000Z,BOUV,X,variation,channel,21916.26671228553,nT
2026-04-16T08:44:00.000Z,BOUV,X,variation,channel,21916.55905092964,nT
2026-04-16T08:45:00.000Z,BOUV,X,variation,channel,21916.597022866055,nT
2026-04-16T08:46:00.000Z,BOUV,X,variation,channel,21916.792889522632,nT
2026-04-16T08:47:00.000Z,BOUV,X,variation,channel,21917.006080366595,nT
2026-04-16T08:48:00.000Z,BOUV,X,variation,channel,21916.981371805487,nT
2026-04-16T08:49:00.000Z,BOUV,X,variation,channel,21916.952710789054,nT
2026-04-16T08:50:00.000Z,BOUV,X,variation,channel,21916.962445278466,nT
2026-04-16T08:51:00.000Z,BOUV,X,variation,channel,21917.03480865982,nT
2026-04-16T08:52:00.000Z,BOUV,X,variation,channel,21917.048235971408,nT
2026-04-16T08:53:00.000Z,BOUV,X,variation,channel,21916.92571000364,nT
2026-04-16T08:54:00.000Z,BOUV,X,variation,channel,21916.87446195634,nT
2026-04-16T08:55:00.000Z,BOUV,X,variation,channel,21916.884963688117,nT
2026-04-16T08:56:00.000Z,BOUV,X,variation,channel,21916.746087713822,nT
2026-04-16T08:57:00.000Z,BOUV,X,variation,channel,21916.63583575678,nT
2026-04-16T08:58:00.000Z,BOUV,X,variation,channel,21916.579556250577,nT
2026-04-16T08:59:00.000Z,BOUV,X,variation,channel,21916.461621697268,nT
2026-04-16T09:00:00.000Z,BOUV,X,variation,channel,21916.317973306042,nT
2026-04-16T09:01:00.000Z,BOUV,X,variation,channel,21916.35956217781,nT
2026-04-16T09:02:00.000Z,BOUV,X,variation,channel,21916.43877502086,nT
2026-04-16T09:03:00.000Z,BOUV,X,variation,channel,21916.264554108337,nT
2026-04-16T09:04:00.000Z,BOUV,X,variation,channel,21916.29673985969,nT
2026-04-16T09:05:00.000Z,BOUV,X,variation,channel,21916.120595986406,nT
2026-04-16T09:06:00.000Z,BOUV,X,variation,channel,21915.934271035327,nT
2026-04-16T09:07:00.000Z,BOUV,X,variation,channel,21915.818348114393,nT
2026-04-16T09:08:00.000Z,BOUV,X,variation,channel,21915.688765568455,nT
2026-04-16T09:09:00.000Z,BOUV,X,variation,channel,21915.647943122556,nT
2026-04-16T09:10:00.000Z,BOUV,X,variation,channel,21915.57196786127,nT
2026-04-16T09:11:00.000Z,BOUV,X,variation,channel,21915.524788016774,nT
2026-04-16T09:12:00.000Z,BOUV,X,variation,channel,21915.474056736017,nT
2026-04-16T09:13:00.000Z,BOUV,X,variation,channel,21915.584208966306,nT
2026-04-16T09:14:00.000Z,BOUV,X,variation,channel,21915.573876487742,nT
2026-04-16T09:15:00.000Z,BOUV,X,variation,channel,21915.786828387907,nT
2026-04-16T09:16:00.000Z,BOUV,X,variation,channel,21916.082659476917,nT
2026-04-16T09:17:00.000Z,BOUV,X,variation,channel,21916.463962377213,nT
2026-04-16T09:18:00.000Z,BOUV,X,variation,channel,21916.860632115076,nT
2026-04-16T09:19:00.000Z,BOUV,X,variation,channel,21917.233357300847,nT
2026-04-16T09:20:00.000Z,BOUV,X,variation,channel,21917.604694510475,nT
2026-04-16T09:21:00.000Z,BOUV,X,variation,channel,21917.782480260037,nT
2026-04-16T09:22:00.000Z,BOUV,X,variation,channel,21917.91234859723,nT
2026-04-16T09:23:00.000Z,BOUV,X,variation,channel,21918.227710762185,nT
2026-04-16T09:24:00.000Z,BOUV,X,variation,channel,21918.13411239379,nT
2026-04-16T09:25:00.000Z,BOUV,X,variation,channel,21918.09923816849,nT
2026-04-16T09:26:00.000Z,BOUV,X,variation,channel,21917.734488033915,nT
2026-04-16T09:27:00.000Z,BOUV,X,variation,channel,21917.48059808253,nT
2026-04-16T09:28:00.000Z,BOUV,X,variation,channel,21917.311300072808,nT
2026-04-16T09:29:00.000Z,BOUV,X,variation,channel,21917.079678244463,nT
2026-04-16T09:30:00.000Z,BOUV,X,variation,channel,21917.143933458214,nT
2026-04-16T09:31:00.000Z,BOUV,X,variation,channel,21917.176358043078,nT
2026-04-16T09:32:00.000Z,BOUV,X,variation,channel,21917.235014036345,nT
2026-04-16T09:33:00.000Z,BOUV,X,variation,channel,21917.206310824728,nT
2026-04-16T09:34:00.000Z,BOUV,X,variation,channel,21917.231414535785,nT
2026-04-16T09:35:00.000Z,BOUV,X,variation,channel,21917.45117010419,nT
2026-04-16T09:36:00.000Z,BOUV,X,variation,channel,21917.575868667744,nT
2026-04-16T09:37:00.000Z,BOUV,X,variation,channel,21917.553865085894,nT
2026-04-16T09:38:00.000Z,BOUV,X,variation,channel,21917.38157197452,nT
2026-04-16T09:39:00.000Z,BOUV,X,variation,channel,21917.093778977916,nT
2026-04-16T09:40:00.000Z,BOUV,X,variation,channel,21916.918084606936,nT
2026-04-16T09:41:00.000Z,BOUV,X,variation,channel,21916.69754614968,nT
2026-04-16T09:42:00.000Z,BOUV,X,variation,channel,21916.72126889896,nT
2026-04-16T09:43:00.000Z,BOUV,X,variation,channel,21916.817087025676,nT
2026-04-16T09:44:00.000Z,BOUV,X,variation,channel,21917.045698654307,nT
2026-04-16T09:45:00.000Z,BOUV,X,variation,channel,21917.11689139793,nT
2026-04-16T09:46:00.000Z,BOUV,X,variation,channel,21917.29347175194,nT
2026-04-16T09:47:00.000Z,BOUV,X,variation,channel,21917.44792010104,nT
2026-04-16T09:48:00.000Z,BOUV,X,variation,channel,21917.63474408875,nT
2026-04-16T09:49:00.000Z,BOUV,X,variation,channel,21917.658695182865,nT
2026-04-16T09:50:00.000Z,BOUV,X,variation,channel,21917.768413243004,nT
2026-04-16T09:51:00.000Z,BOUV,X,variation,channel,21917.7291191928,nT
2026-04-16T09:52:00.000Z,BOUV,X,variation,channel,21917.727375629518,nT
2026-04-16T09:53:00.000Z,BOUV,X,variation,channel,21917.632336721952,nT
2026-04-16T09:54:00.000Z,BOUV,X,variation,channel,21917.754059684845,nT
2026-04-16T09:55:00.000Z,BOUV,X,variation,channel,21917.893109710563,nT
2026-04-16T09:56:00.000Z,BOUV,X,variation,channel,21918.136849423296,nT
2026-04-16T09:57:00.000Z,BOUV,X,variation,channel,21918.254833368752,nT
2026-04-16T09:58:00.000Z,BOUV,X,variation,channel,21918.109281784553,nT
2026-04-16T09:59:00.000Z,BOUV,X,variation,channel,21918.263445593024,nT
2026-04-16T10:00:00.000Z,BOUV,X,variation,channel,21918.093272323556,nT
2026-04-16T10:01:00.000Z,BOUV,X,variation,channel,21917.86271272018,nT
2026-04-16T10:02:00.000Z,BOUV,X,variation,channel,21917.658589029044,nT
2026-04-16T10:03:00.000Z,BOUV,X,variation,channel,21917.258865091946,nT
2026-04-16T10:04:00.000Z,BOUV,X,variation,channel,21917.070944531955,nT
2026-04-16T10:05:00.000Z,BOUV,X,variation,channel,21916.756847315697,nT
2026-04-16T10:06:00.000Z,BOUV,X,variation,channel,21916.78623185543,nT
2026-04-16T10:07:00.000Z,BOUV,X,variation,channel,21916.8728377823,nT
2026-04-16T10:08:00.000Z,BOUV,X,variation,channel,21916.954023337672,nT
2026-04-16T10:09:00.000Z,BOUV,X,variation,channel,21917.145683825056,nT
2026-04-16T10:10:00.000Z,BOUV,X,variation,channel,21917.240347820887,nT
2026-04-16T10:11:00.000Z,BOUV,X,variation,channel,21917.334504642557,nT
2026-04-16T10:12:00.000Z,BOUV,X,variation,channel,21917.559302537455,nT
2026-04-16T10:13:00.000Z,BOUV,X,variation,channel,21917.69275584184,nT
2026-04-16T10:14:00.000Z,BOUV,X,variation,channel,21917.353654890067,nT
2026-04-16T10:15:00.000Z,BOUV,X,variation,channel,21917.83121463089,nT
2026-04-16T10:16:00.000Z,BOUV,X,variation,channel,21917.735343936856,nT
2026-04-16T10:17:00.000Z,BOUV,X,variation,channel,21917.709768955297,nT
2026-04-16T10:18:00.000Z,BOUV,X,variation,channel,21917.677021314546,nT
2026-04-16T10:19:00.000Z,BOUV,X,variation,channel,21917.475603691022,nT
2026-04-16T10:20:00.000Z,BOUV,X,variation,channel,21917.24131849122,nT
2026-04-16T10:21:00.000Z,BOUV,X,variation,channel,21917.24097718974,nT
2026-04-16T10:22:00.000Z,BOUV,X,variation,channel,21917.053148978484,nT
2026-04-16T10:23:00.000Z,BOUV,X,variation,channel,21917.285541451656,nT
2026-04-16T10:24:00.000Z,BOUV,X,variation,channel,21917.09681397208,nT
2026-04-16T10:25:00.000Z,BOUV,X,variation,channel,21917.235045228226,nT
2026-04-16T10:26:00.000Z,BOUV,X,variation,channel,21917.465720098728,nT
2026-04-16T10:27:00.000Z,BOUV,X,variation,channel,21917.77106503105,nT
2026-04-16T10:28:00.000Z,BOUV,X,variation,channel,21917.540429630542,nT
2026-04-16T10:29:00.000Z,BOUV,X,variation,channel,21917.797213257167,nT
2026-04-16T10:30:00.000Z,BOUV,X,variation,channel,21917.76509965347,nT
2026-04-16T10:31:00.000Z,BOUV,X,variation,channel,21918.38335181376,nT
2026-04-16T10:32:00.000Z,BOUV,X,variation,channel,21918.191787977874,nT
2026-04-16T10:33:00.000Z,BOUV,X,variation,channel,21918.453199320287,nT
2026-04-16T10:34:00.000Z,BOUV,X,variation,channel,21918.926991364788,nT
2026-04-16T10:35:00.000Z,BOUV,X,variation,channel,21918.633432507766,nT
2026-04-16T10:36:00.000Z,BOUV,X,variation,channel,21919.90523710395,nT
2026-04-16T10:37:00.000Z,BOUV,X,variation,channel,21920.025670078077,nT
2026-04-16T10:38:00.000Z,BOUV,X,variation,channel,21920.33124234191,nT
2026-04-16T10:39:00.000Z,BOUV,X,variation,channel,21920.14593369985,nT
2026-04-16T10:40:00.000Z,BOUV,X,variation,channel,21920.14405984551,nT
2026-04-16T10:41:00.000Z,BOUV,X,variation,channel,21919.961551081222,nT
2026-04-16T10:42:00.000Z,BOUV,X,variation,channel,21919.98322638088,nT
2026-04-16T10:43:00.000Z,BOUV,X,variation,channel,21919.275346486942,nT
2026-04-16T10:44:00.000Z,BOUV,X,variation,channel,21919.060097966634,nT
2026-04-16T10:45:00.000Z,BOUV,X,variation,channel,21918.90507231576,nT
2026-04-16T10:46:00.000Z,BOUV,X,variation,channel,21918.61416781113,nT
2026-04-16T10:47:00.000Z,BOUV,X,variation,channel,21918.42647473035,nT
2026-04-16T10:48:00.000Z,BOUV,X,variation,channel,21918.124172903128,nT
2026-04-16T10:49:00.000Z,BOUV,X,variation,channel,21917.727095028204,nT
2026-04-16T10:50:00.000Z,BOUV,X,variation,channel,21917.378191497515,nT
2026-04-16T10:51:00.000Z,BOUV,X,variation,channel,21917.15267259684,nT
2026-04-16T10:52:00.000Z,BOUV,X,variation,channel,21916.876840736924,nT
2026-04-16T10:53:00.000Z,BOUV,X,variation,channel,21916.769765563364,nT
2026-04-16T10:54:00.000Z,BOUV,X,variation,channel,21916.546483679733,nT
2026-04-16T10:55:00.000Z,BOUV,X,variation,channel,21916.577811024352,nT
2026-04-16T10:56:00.000Z,BOUV,X,variation,channel,21916.934759867167,nT
2026-04-16T10:57:00.000Z,BOUV,X,variation,channel,21917.319657647648,nT
2026-04-16T10:58:00.000Z,BOUV,X,variation,channel,21918.01704424893,nT
2026-04-16T10:59:00.000Z,BOUV,X,variation,channel,21918.739293340634,nT
2026-04-16T11:00:00.000Z,BOUV,X,variation,channel,21918.960760584443,nT
2026-04-16T11:01:00.000Z,BOUV,X,variation,channel,21918.54166711243,nT
2026-04-16T11:02:00.000Z,BOUV,X,variation,channel,21918.08550911452,nT
2026-04-16T11:03:00.000Z,BOUV,X,variation,channel,21917.573568715517,nT
2026-04-16T11:04:00.000Z,BOUV,X,variation,channel,21917.147215869198,nT
2026-04-16T11:05:00.000Z,BOUV,X,variation,channel,21916.977610267837,nT
2026-04-16T11:06:00.000Z,BOUV,X,variation,channel,21916.69428853938,nT
2026-04-16T11:07:00.000Z,BOUV,X,variation,channel,21916.61224659176,nT
2026-04-16T11:08:00.000Z,BOUV,X,variation,channel,21916.83991013308,nT
2026-04-16T11:09:00.000Z,BOUV,X,variation,channel,21916.37657785574,nT
2026-04-16T11:10:00.000Z,BOUV,X,variation,channel,21916.341084787484,nT
2026-04-16T11:11:00.000Z,BOUV,X,variation,channel,21916.347277641536,nT
2026-04-16T11:12:00.000Z,BOUV,X,variation,channel,21916.356406942363,nT
2026-04-16T11:13:00.000Z,BOUV,X,variation,channel,21916.682201361236,nT
2026-04-16T11:14:00.000Z,BOUV,X,variation,channel,21916.50595038724,nT
2026-04-16T11:15:00.000Z,BOUV,X,variation,channel,21916.319505844553,nT
2026-04-16T11:16:00.000Z,BOUV,X,variation,channel,21916.25910238598,nT
2026-04-16T11:17:00.000Z,BOUV,X,variation,channel,21916.266078348097,nT
2026-04-16T11:18:00.000Z,BOUV,X,variation,channel,21916.43781898081,nT
2026-04-16T11:19:00.000Z,BOUV,X,variation,channel,21916.61427070305,nT
2026-04-16T11:20:00.000Z,BOUV,X,variation,channel,21916.75280352259,nT
2026-04-16T11:21:00.000Z,BOUV,X,variation,channel,21917.263733817064,nT
2026-04-16T11:22:00.000Z,BOUV,X,variation,channel,21918.285757581714,nT
2026-04-16T11:23:00.000Z,BOUV,X,variation,channel,21918.645761074276,nT
2026-04-16T11:24:00.000Z,BOUV,X,variation,channel,21918.480351481925,nT
2026-04-16T11:25:00.000Z,BOUV,X,variation,channel,21917.935512900898,nT
2026-04-16T11:26:00.000Z,BOUV,X,variation,channel,21917.611919506868,nT
2026-04-16T11:27:00.000Z,BOUV,X,variation,channel,21917.418639823256,nT
2026-04-16T11:28:00.000Z,BOUV,X,variation,channel,21917.472434725674,nT
2026-04-16T11:29:00.000Z,BOUV,X,variation,channel,21917.547696644364,nT
2026-04-16T11:30:00.000Z,BOUV,X,variation,channel,21917.41846249968,nT
2026-04-16T11:31:00.000Z,BOUV,X,variation,channel,21917.48068502743,nT
2026-04-16T11:32:00.000Z,BOUV,X,variation,channel,21917.35930486771,nT
2026-04-16T11:33:00.000Z,BOUV,X,variation,channel,21917.19511836354,nT
2026-04-16T11:34:00.000Z,BOUV,X,variation,channel,21917.45113454291,nT
2026-04-16T11:35:00.000Z,BOUV,X,variation,channel,21917.570777179688,nT
2026-04-16T11:36:00.000Z,BOUV,X,variation,channel,21917.680504172502,nT
2026-04-16T11:37:00.000Z,BOUV,X,variation,channel,21917.549601199287,nT
2026-04-16T11:38:00.000Z,BOUV,X,variation,channel,21917.545091632866,nT
2026-04-16T11:39:00.000Z,BOUV,X,variation,channel,21917.720471803168,nT
2026-04-16T11:40:00.000Z,BOUV,X,variation,channel,21917.692129297142,nT
2026-04-16T11:41:00.000Z,BOUV,X,variation,channel,21917.837875275873,nT
2026-04-16T11:42:00.000Z,BOUV,X,variation,channel,21917.88488054322,nT
2026-04-16T11:43:00.000Z,BOUV,X,variation,channel,21917.758235464178,nT
2026-04-16T11:44:00.000Z,BOUV,X,variation,channel,21917.68346374144,nT
2026-04-16T11:45:00.000Z,BOUV,X,variation,channel,21917.32319667086,nT
2026-04-16T11:46:00.000Z,BOUV,X,variation,channel,21917.231812595553,nT
2026-04-16T11:47:00.000Z,BOUV,X,variation,channel,21916.92187013307,nT
2026-04-16T11:48:00.000Z,BOUV,X,variation,channel,21916.686625750775,nT
2026-04-16T11:49:00.000Z,BOUV,X,variation,channel,21916.561640100474,nT
2026-04-16T11:50:00.000Z,BOUV,X,variation,channel,21916.500914773453,nT
2026-04-16T11:51:00.000Z,BOUV,X,variation,channel,21916.385802671506,nT
2026-04-16T11:52:00.000Z,BOUV,X,variation,channel,21916.16310642386,nT
2026-04-16T11:53:00.000Z,BOUV,X,variation,channel,21916.156161113962,nT
2026-04-16T11:54:00.000Z,BOUV,X,variation,channel,21916.086435993864,nT
2026-04-16T11:55:00.000Z,BOUV,X,variation,channel,21916.031313116007,nT
2026-04-16T11:56:00.000Z,BOUV,X,variation,channel,21916.124518748868,nT
2026-04-16T11:57:00.000Z,BOUV,X,variation,channel,21916.181136944644,nT
2026-04-16T11:58:00.000Z,BOUV,X,variation,channel,21916.25936371336,nT
2026-04-16T11:59:00.000Z,BOUV,X,variation,channel,21916.26295901856,nT
2026-04-16T12:00:00.000Z,BOUV,X,variation,channel,21916.29286124162,nT
2026-04-16T12:01:00.000Z,BOUV,X,variation,channel,21916.236151716235,nT
2026-04-16T12:02:00.000Z,BOUV,X,variation,channel,21916.11466618886,nT
2026-04-16T12:03:00.000Z,BOUV,X,variation,channel,21915.885197788346,nT
2026-04-16T12:04:00.000Z,BOUV,X,variation,channel,21915.713311872903,nT
2026-04-16T12:05:00.000Z,BOUV,X,variation,channel,21915.65493635935,nT
2026-04-16T12:06:00.000Z,BOUV,X,variation,channel,21915.52552143458,nT
2026-04-16T12:07:00.000Z,BOUV,X,variation,channel,21915.35565652023,nT
2026-04-16T12:08:00.000Z,BOUV,X,variation,channel,21915.41980954062,nT
2026-04-16T12:09:00.000Z,BOUV,X,variation,channel,21915.42203091404,nT
2026-04-16T12:10:00.000Z,BOUV,X,variation,channel,21915.367048019376,nT
2026-04-16T12:11:00.000Z,BOUV,X,variation,channel,21915.421439910664,nT
2026-04-16T12:12:00.000Z,BOUV,X,variation,channel,21915.267612514457,nT
2026-04-16T12:13:00.000Z,BOUV,X,variation,channel,21915.142329812606,nT
2026-04-16T12:14:00.000Z,BOUV,X,variation,channel,21914.8712361921,nT
2026-04-16T12:15:00.000Z,BOUV,X,variation,channel,21914.748452938962,nT
2026-04-16T12:16:00.000Z,BOUV,X,variation,channel,21914.4770293756,nT
2026-04-16T12:17:00.000Z,BOUV,X,variation,channel,21914.438608415396,nT
2026-04-16T12:18:00.000Z,BOUV,X,variation,channel,21914.513698843435,nT
2026-04-16T12:19:00.000Z,BOUV,X,variation,channel,21914.53231695545,nT
2026-04-16T12:20:00.000Z,BOUV,X,variation,channel,21914.37239188972,nT
2026-04-16T12:21:00.000Z,BOUV,X,variation,channel,21914.288914078348,nT
2026-04-16T12:22:00.000Z,BOUV,X,variation,channel,21914.442610826874,nT
2026-04-16T12:23:00.000Z,BOUV,X,variation,channel,21914.474301219438,nT
2026-04-16T12:24:00.000Z,BOUV,X,variation,channel,21914.402487167084,nT
2026-04-16T12:25:00.000Z,BOUV,X,variation,channel,21914.17650835642,nT
2026-04-16T12:26:00.000Z,BOUV,X,variation,channel,21914.046871806924,nT
2026-04-16T12:27:00.000Z,BOUV,X,variation,channel,21914.024245972192,nT
2026-04-16T12:28:00.000Z,BOUV,X,variation,channel,21913.9625814293,nT
2026-04-16T12:29:00.000Z,BOUV,X,variation,channel,21914.00208451591,nT
2026-04-16T12:30:00.000Z,BOUV,X,variation,channel,21913.83609247934,nT
2026-04-16T12:31:00.000Z,BOUV,X,variation,channel,21913.893154130717,nT
2026-04-16T12:32:00.000Z,BOUV,X,variation,channel,21914.0634978117,nT
2026-04-16T12:33:00.000Z,BOUV,X,variation,channel,21913.76938074738,nT
2026-04-16T12:34:00.000Z,BOUV,X,variation,channel,21913.656760665875,nT
2026-04-16T12:35:00.000Z,BOUV,X,variation,channel,21913.475971900683,nT
2026-04-16T12:36:00.000Z,BOUV,X,variation,channel,21913.458619960602,nT
2026-04-16T12:37:00.000Z,BOUV,X,variation,channel,21913.307828308985,nT
2026-04-16T12:38:00.000Z,BOUV,X,variation,channel,21913.193818048043,nT
2026-04-16T12:39:00.000Z,BOUV,X,variation,channel,21913.10892956554,nT
2026-04-16T12:40:00.000Z,BOUV,X,variation,channel,21912.94524577471,nT
2026-04-16T12:41:00.000Z,BOUV,X,variation,channel,21912.906036754906,nT
2026-04-16T12:42:00.000Z,BOUV,X,variation,channel,21912.965394237508,nT
2026-04-16T12:43:00.000Z,BOUV,X,variation,channel,21913.028438325655,nT
2026-04-16T12:44:00.000Z,BOUV,X,variation,channel,21912.808815301796,nT
2026-04-16T12:45:00.000Z,BOUV,X,variation,channel,21912.55627460481,nT
2026-04-16T12:46:00.000Z,BOUV,X,variation,channel,21912.433243506504,nT
2026-04-16T12:47:00.000Z,BOUV,X,variation,channel,21912.11459553595,nT
2026-04-16T12:48:00.000Z,BOUV,X,variation,channel,21911.822335540317,nT
2026-04-16T12:49:00.000Z,BOUV,X,variation,channel,21911.651504585483,nT
2026-04-16T12:50:00.000Z,BOUV,X,variation,channel,21911.48509897629,nT
2026-04-16T12:51:00.000Z,BOUV,X,variation,channel,21911.527888960638,nT
2026-04-16T12:52:00.000Z,BOUV,X,variation,channel,21911.384097433256,nT
2026-04-16T12:53:00.000Z,BOUV,X,variation,channel,21911.336569469517,nT
2026-04-16T12:54:00.000Z,BOUV,X,variation,channel,21911.103632954124,nT
2026-04-16T12:55:00.000Z,BOUV,X,variation,channel,21910.851399099964,nT
2026-04-16T12:56:00.000Z,BOUV,X,variation,channel,21910.514799914035,nT
2026-04-16T12:57:00.000Z,BOUV,X,variation,channel,21910.35449188848,nT
2026-04-16T12:58:00.000Z,BOUV,X,variation,channel,21910.29408024372,nT
2026-04-16T12:59:00.000Z,BOUV,X,variation,channel,21910.278964086494,nT
2026-04-16T13:00:00.000Z,BOUV,X,variation,channel,21910.110243333424,nT
2026-04-16T13:01:00.000Z,BOUV,X,variation,channel,21909.997397162668,nT
2026-04-16T13:02:00.000Z,BOUV,X,variation,channel,21909.835232710917,nT
2026-04-16T13:03:00.000Z,BOUV,X,variation,channel,21909.771136896707,nT
2026-04-16T13:04:00.000Z,BOUV,X,variation,channel,21909.657464116754,nT
2026-04-16T13:05:00.000Z,BOUV,X,variation,channel,21909.741414312535,nT
2026-04-16T13:06:00.000Z,BOUV,X,variation,channel,21909.764482613355,nT
2026-04-16T13:07:00.000Z,BOUV,X,variation,channel,21909.723488396983,nT
2026-04-16T13:08:00.000Z,BOUV,X,variation,channel,21909.667326773437,nT
2026-04-16T13:09:00.000Z,BOUV,X,variation,channel,21909.572549815523,nT
2026-04-16T13:10:00.000Z,BOUV,X,variation,channel,21909.565010163733,nT
2026-04-16T13:11:00.000Z,BOUV,X,variation,channel,21909.54249736596,nT
2026-04-16T13:12:00.000Z,BOUV,X,variation,channel,21909.324325215566,nT
2026-04-16T13:13:00.000Z,BOUV,X,variation,channel,21909.094817932822,nT
2026-04-16T13:14:00.000Z,BOUV,X,variation,channel,21908.954798087147,nT
2026-04-16T13:15:00.000Z,BOUV,X,variation,channel,21908.854969804517,nT
2026-04-16T13:16:00.000Z,BOUV,X,variation,channel,21908.850214918166,nT
2026-04-16T13:17:00.000Z,BOUV,X,variation,channel,21908.767704466616,nT
2026-04-16T13:18:00.000Z,BOUV,X,variation,channel,21908.560318943564,nT
2026-04-16T13:19:00.000Z,BOUV,X,variation,channel,21908.5036186572,nT
2026-04-16T13:20:00.000Z,BOUV,X,variation,channel,21908.39087573553,nT
2026-04-16T13:21:00.000Z,BOUV,X,variation,channel,21908.416638524184,nT
2026-04-16T13:22:00.000Z,BOUV,X,variation,channel,21908.36375491709,nT
2026-04-16T13:23:00.000Z,BOUV,X,variation,channel,21908.315800024426,nT
2026-04-16T13:24:00.000Z,BOUV,X,variation,channel,21908.386086709117,nT
2026-04-16T13:25:00.000Z,BOUV,X,variation,channel,21908.509007569144,nT
2026-04-16T13:26:00.000Z,BOUV,X,variation,channel,21908.434344006775,nT
2026-04-16T13:27:00.000Z,BOUV,X,variation,channel,21908.37869974174,nT
2026-04-16T13:28:00.000Z,BOUV,X,variation,channel,21908.276988385962,nT
2026-04-16T13:29:00.000Z,BOUV,X,variation,channel,21908.15063911256,nT
2026-04-16T13:30:00.000Z,BOUV,X,variation,channel,21908.03642312517,nT
2026-04-16T13:31:00.000Z,BOUV,X,variation,channel,21907.98050213261,nT
2026-04-16T13:32:00.000Z,BOUV,X,variation,channel,21907.861812517982,nT
2026-04-16T13:33:00.000Z,BOUV,X,variation,channel,21907.87554902414,nT
2026-04-16T13:34:00.000Z,BOUV,X,variation,channel,21907.758798120292,nT
2026-04-16T13:35:00.000Z,BOUV,X,variation,channel,21907.73564285234,nT
2026-04-16T13:36:00.000Z,BOUV,X,variation,channel,21907.743212028367,nT
2026-04-16T13:37:00.000Z,BOUV,X,variation,channel,21907.668222079275,nT
2026-04-16T13:38:00.000Z,BOUV,X,variation,channel,21907.432125631214,nT
2026-04-16T13:39:00.000Z,BOUV,X,variation,channel,21907.33003243324,nT
2026-04-16T13:40:00.000Z,BOUV,X,variation,channel,21907.290910354775,nT
2026-04-16T13:41:00.000Z,BOUV,X,variation,channel,21907.232091416852,nT
2026-04-16T13:42:00.000Z,BOUV,X,variation,channel,21907.220507875085,nT
2026-04-16T13:43:00.000Z,BOUV,X,variation,channel,21907.162144341924,nT
2026-04-16T13:44:00.000Z,BOUV,X,variation,channel,21907.07849025297,nT
2026-04-16T13:45:00.000Z,BOUV,X,variation,channel,21906.965594397927,nT
2026-04-16T13:46:00.000Z,BOUV,X,variation,channel,21906.985499336184,nT
2026-04-16T13:47:00.000Z,BOUV,X,variation,channel,21906.931066167617,nT
2026-04-16T13:48:00.000Z,BOUV,X,variation,channel,21906.868920012763,nT
2026-04-16T13:49:00.000Z,BOUV,X,variation,channel,21906.847081409585,nT
2026-04-16T13:50:00.000Z,BOUV,X,variation,channel,21906.65138090461,nT
2026-04-16T13:51:00.000Z,BOUV,X,variation,channel,21906.60164601772,nT
2026-04-16T13:52:00.000Z,BOUV,X,variation,channel,21906.598692660984,nT
2026-04-16T13:53:00.000Z,BOUV,X,variation,channel,21906.456022830538,nT
2026-04-16T13:54:00.000Z,BOUV,X,variation,channel,21906.40804977093,nT
2026-04-16T13:55:00.000Z,BOUV,X,variation,channel,21906.15833370579,nT
2026-04-16T13:56:00.000Z,BOUV,X,variation,channel,21905.882304389877,nT
2026-04-16T13:57:00.000Z,BOUV,X,variation,channel,21905.859162114095,nT
2026-04-16T13:58:00.000Z,BOUV,X,variation,channel,21905.69652893304,nT
2026-04-16T13:59:00.000Z,BOUV,X,variation,channel,21905.64953795272,nT
2026-04-16T14:00:00.000Z,BOUV,X,variation,channel,21905.568427379676,nT
2026-04-16T14:01:00.000Z,BOUV,X,variation,channel,21905.29125369364,nT
2026-04-16T14:02:00.000Z,BOUV,X,variation,channel,21905.10585179319,nT
2026-04-16T14:03:00.000Z,BOUV,X,variation,channel,21905.150201266628,nT
2026-04-16T14:04:00.000Z,BOUV,X,variation,channel,21904.948954628017,nT
2026-04-16T14:05:00.000Z,BOUV,X,variation,channel,21904.820226707663,nT
2026-04-16T14:06:00.000Z,BOUV,X,variation,channel,21904.534347870795,nT
2026-04-16T14:07:00.000Z,BOUV,X,variation,channel,21904.487440962308,nT
2026-04-16T14:08:00.000Z,BOUV,X,variation,channel,21904.437926282142,nT
2026-04-16T14:09:00.000Z,BOUV,X,variation,channel,21904.26154023866,nT
2026-04-16T14:10:00.000Z,BOUV,X,variation,channel,21904.02015911332,nT
2026-04-16T14:11:00.000Z,BOUV,X,variation,channel,21903.72943240365,nT
2026-04-16T14:12:00.000Z,BOUV,X,variation,channel,21903.4777666192,nT
2026-04-16T14:13:00.000Z,BOUV,X,variation,channel,21903.067956630624,nT
2026-04-16T14:14:00.000Z,BOUV,X,variation,channel,21902.76851764036,nT
2026-04-16T14:15:00.000Z,BOUV,X,variation,channel,21902.437417938618,nT
2026-04-16T14:16:00.000Z,BOUV,X,variation,channel,21902.21495309628,nT
2026-04-16T14:17:00.000Z,BOUV,X,variation,channel,21902.116366447175,nT
2026-04-16T14:18:00.000Z,BOUV,X,variation,channel,21901.820071107857,nT
2026-04-16T14:19:00.000Z,BOUV,X,variation,channel,21901.652011240512,nT
2026-04-16T14:20:00.000Z,BOUV,X,variation,channel,21901.76197809915,nT
2026-04-16T14:21:00.000Z,BOUV,X,variation,channel,21901.495660537388,nT
2026-04-16T14:22:00.000Z,BOUV,X,variation,channel,21901.552371572656,nT
2026-04-16T14:23:00.000Z,BOUV,X,variation,channel,21901.28431453198,nT
2026-04-16T14:24:00.000Z,BOUV,X,variation,channel,21901.156607380155,nT
2026-04-16T14:25:00.000Z,BOUV,X,variation,channel,21901.106973764054,nT
2026-04-16T14:26:00.000Z,BOUV,X,variation,channel,21900.99495376993,nT
2026-04-16T14:27:00.000Z,BOUV,X,variation,channel,21900.800078389588,nT
2026-04-16T14:28:00.000Z,BOUV,X,variation,channel,21900.985830864458,nT
2026-04-16T14:29:00.000Z,BOUV,X,variation,channel,21900.893553494236,nT
2026-04-16T14:30:00.000Z,BOUV,X,variation,channel,21900.482970515142,nT
2026-04-16T14:31:00.000Z,BOUV,X,variation,channel,21900.743179010962,nT
2026-04-16T14:32:00.000Z,BOUV,X,variation,channel,21900.79648995825,nT
2026-04-16T14:33:00.000Z,BOUV,X,variation,channel,21900.35732285908,nT
2026-04-16T14:34:00.000Z,BOUV,X,variation,channel,21900.561545064502,nT
2026-04-16T14:35:00.000Z,BOUV,X,variation,channel,21900.391243600694,nT
2026-04-16T14:36:00.000Z,BOUV,X,variation,channel,21900.463466928402,nT
2026-04-16T14:37:00.000Z,BOUV,X,variation,channel,21900.316772797272,nT
2026-04-16T14:38:00.000Z,BOUV,X,variation,channel,21900.16020374636,nT
2026-04-16T14:39:00.000Z,BOUV,X,variation,channel,21899.742337650503,nT
2026-04-16T14:40:00.000Z,BOUV,X,variation,channel,21899.532261185257,nT
2026-04-16T14:41:00.000Z,BOUV,X,variation,channel,21899.240629656266,nT
2026-04-16T14:42:00.000Z,BOUV,X,variation,channel,21898.965646366105,nT
2026-04-16T14:43:00.000Z,BOUV,X,variation,channel,21898.78228861548,nT
2026-04-16T14:44:00.000Z,BOUV,X,variation,channel,21898.759171650436,nT
2026-04-16T14:45:00.000Z,BOUV,X,variation,channel,21898.655130984782,nT
2026-04-16T14:46:00.000Z,BOUV,X,variation,channel,21898.583456602024,nT
2026-04-16T14:47:00.000Z,BOUV,X,variation,channel,21898.505043785764,nT
2026-04-16T14:48:00.000Z,BOUV,X,variation,channel,21898.38454204452,nT
2026-04-16T14:49:00.000Z,BOUV,X,variation,channel,21898.31846120906,nT
2026-04-16T14:50:00.000Z,BOUV,X,variation,channel,21898.329350690507,nT
2026-04-16T14:51:00.000Z,BOUV,X,variation,channel,21898.45836104112,nT
2026-04-16T14:52:00.000Z,BOUV,X,variation,channel,21898.391073481544,nT
2026-04-16T14:53:00.000Z,BOUV,X,variation,channel,21898.426493091814,nT
2026-04-16T14:54:00.000Z,BOUV,X,variation,channel,21898.2135000796,nT
2026-04-16T14:55:00.000Z,BOUV,X,variation,channel,21897.97811364866,nT
2026-04-16T14:56:00.000Z,BOUV,X,variation,channel,21897.80671611838,nT
2026-04-16T14:57:00.000Z,BOUV,X,variation,channel,21897.628759978055,nT
2026-04-16T14:58:00.000Z,BOUV,X,variation,channel,21897.51554989906,nT
2026-04-16T14:59:00.000Z,BOUV,X,variation,channel,21897.40035140128,nT
2026-04-16T15:00:00.000Z,BOUV,X,variation,channel,21897.1778133743,nT
2026-04-16T15:01:00.000Z,BOUV,X,variation,channel,21896.92853620166,nT
2026-04-16T15:02:00.000Z,BOUV,X,variation,channel,21896.65184777194,nT
2026-04-16T15:03:00.000Z,BOUV,X,variation,channel,21896.410938185516,nT
2026-04-16T15:04:00.000Z,BOUV,X,variation,channel,21896.41726018448,nT
2026-04-16T15:05:00.000Z,BOUV,X,variation,channel,21896.30054977513,nT
2026-04-16T15:06:00.000Z,BOUV,X,variation,channel,21896.14675028265,nT
2026-04-16T15:07:00.000Z,BOUV,X,variation,channel,21896.110382664887,nT
2026-04-16T15:08:00.000Z,BOUV,X,variation,channel,21895.93191929281,nT
2026-04-16T15:09:00.000Z,BOUV,X,variation,channel,21895.7425099943,nT
2026-04-16T15:10:00.000Z,BOUV,X,variation,channel,21895.549111976656,nT
2026-04-16T15:11:00.000Z,BOUV,X,variation,channel,21895.163800746977,nT
2026-04-16T15:12:00.000Z,BOUV,X,variation,channel,21895.279338855882,nT
2026-04-16T15:13:00.000Z,BOUV,X,variation,channel,21895.286489520295,nT
2026-04-16T15:14:00.000Z,BOUV,X,variation,channel,21895.15916644479,nT
2026-04-16T15:15:00.000Z,BOUV,X,variation,channel,21895.106234144616,nT
2026-04-16T15:16:00.000Z,BOUV,X,variation,channel,21895.049475090476,nT
2026-04-16T15:17:00.000Z,BOUV,X,variation,channel,21894.824537420136,nT
2026-04-16T15:18:00.000Z,BOUV,X,variation,channel,21894.673210102388,nT
2026-04-16T15:19:00.000Z,BOUV,X,variation,channel,21894.521028763735,nT
2026-04-16T15:20:00.000Z,BOUV,X,variation,channel,21894.57843284867,nT
2026-04-16T15:21:00.000Z,BOUV,X,variation,channel,21894.72723150892,nT
2026-04-16T15:22:00.000Z,BOUV,X,variation,channel,21894.72517560452,nT
2026-04-16T15:23:00.000Z,BOUV,X,variation,channel,21894.78006961625,nT
2026-04-16T15:24:00.000Z,BOUV,X,variation,channel,21895.403672129807,nT
2026-04-16T15:25:00.000Z,BOUV,X,variation,channel,21894.811699166097,nT
2026-04-16T15:26:00.000Z,BOUV,X,variation,channel,21895.050948852975,nT
2026-04-16T15:27:00.000Z,BOUV,X,variation,channel,21895.184799282215,nT
2026-04-16T15:28:00.000Z,BOUV,X,variation,channel,21895.058983040257,nT
2026-04-16T15:29:00.000Z,BOUV,X,variation,channel,21895.427183399504,nT
2026-04-16T15:30:00.000Z,BOUV,X,variation,channel,21895.635394477802,nT
2026-04-16T15:31:00.000Z,BOUV,X,variation,channel,21895.71437511806,nT
2026-04-16T15:32:00.000Z,BOUV,X,variation,channel,21895.625118339787,nT
2026-04-16T15:33:00.000Z,BOUV,X,variation,channel,21895.630739167515,nT
2026-04-16T15:34:00.000Z,BOUV,X,variation,channel,21895.817350502424,nT
2026-04-16T15:35:00.000Z,BOUV,X,variation,channel,21895.44738825991,nT
2026-04-16T15:36:00.000Z,BOUV,X,variation,channel,21895.312387632042,nT
2026-04-16T15:37:00.000Z,BOUV,X,variation,channel,21894.761517662424,nT
2026-04-16T15:38:00.000Z,BOUV,X,variation,channel,21894.419570127506,nT
2026-04-16T15:39:00.000Z,BOUV,X,variation,channel,21893.931966351538,nT
2026-04-16T15:40:00.000Z,BOUV,X,variation,channel,21893.618672895842,nT
2026-04-16T15:41:00.000Z,BOUV,X,variation,channel,21893.69074476182,nT
2026-04-16T15:42:00.000Z,BOUV,X,variation,channel,21893.93287088702,nT
2026-04-16T15:43:00.000Z,BOUV,X,variation,channel,21893.930704937524,nT
2026-04-16T15:44:00.000Z,BOUV,X,variation,channel,21894.18085847844,nT
2026-04-16T15:45:00.000Z,BOUV,X,variation,channel,21894.477354149414,nT
2026-04-16T15:46:00.000Z,BOUV,X,variation,channel,21894.402267337326,nT
2026-04-16T15:47:00.000Z,BOUV,X,variation,channel,21894.116812245782,nT
2026-04-16T15:48:00.000Z,BOUV,X,variation,channel,21893.878758683863,nT
2026-04-16T15:49:00.000Z,BOUV,X,variation,channel,21893.35973360137,nT
2026-04-16T15:50:00.000Z,BOUV,X,variation,channel,21893.19049968721,nT
2026-04-16T15:51:00.000Z,BOUV,X,variation,channel,21893.161232580984,nT
2026-04-16T15:52:00.000Z,BOUV,X,variation,channel,21893.198500661656,nT
2026-04-16T15:53:00.000Z,BOUV,X,variation,channel,21893.068800717178,nT
2026-04-16T15:54:00.000Z,BOUV,X,variation,channel,21893.000744444114,nT
2026-04-16T15:55:00.000Z,BOUV,X,variation,channel,21893.287005192306,nT
2026-04-16T15:56:00.000Z,BOUV,X,variation,channel,21893.301846676964,nT
2026-04-16T15:57:00.000Z,BOUV,X,variation,channel,21893.678641298528,nT
2026-04-16T15:58:00.000Z,BOUV,X,variation,channel,21893.94247277892,nT
2026-04-16T15:59:00.000Z,BOUV,X,variation,channel,21893.948555472,nT
2026-04-16T16:00:00.000Z,BOUV,X,variation,channel,21893.72722275866,nT
2026-04-16T16:01:00.000Z,BOUV,X,variation,channel,21893.612346953214,nT
2026-04-16T16:02:00.000Z,BOUV,X,variation,channel,21893.46074003343,nT
2026-04-16T16:03:00.000Z,BOUV,X,variation,channel,21893.544362312517,nT
2026-04-16T16:04:00.000Z,BOUV,X,variation,channel,21893.514205245465,nT
2026-04-16T16:05:00.000Z,BOUV,X,variation,channel,21893.621715480334,nT
2026-04-16T16:06:00.000Z,BOUV,X,variation,channel,21893.76190161387,nT
2026-04-16T16:07:00.000Z,BOUV,X,variation,channel,21893.610935246354,nT
2026-04-16T16:08:00.000Z,BOUV,X,variation,channel,21893.5972504974,nT
2026-04-16T16:09:00.000Z,BOUV,X,variation,channel,21893.791930858402,nT
2026-04-16T16:10:00.000Z,BOUV,X,variation,channel,21893.64157035962,nT
2026-04-16T16:11:00.000Z,BOUV,X,variation,channel,21893.62666262937,nT
2026-04-16T16:12:00.000Z,BOUV,X,variation,channel,21893.700117371023,nT
2026-04-16T16:13:00.000Z,BOUV,X,variation,channel,21893.75831756427,nT
2026-04-16T16:14:00.000Z,BOUV,X,variation,channel,21893.754870297722,nT
2026-04-16T16:15:00.000Z,BOUV,X,variation,channel,21893.480529283155,nT
2026-04-16T16:16:00.000Z,BOUV,X,variation,channel,21893.139188411726,nT
2026-04-16T16:17:00.000Z,BOUV,X,variation,channel,21892.935525472294,nT
2026-04-16T16:18:00.000Z,BOUV,X,variation,channel,21892.58376821381,nT
2026-04-16T16:19:00.000Z,BOUV,X,variation,channel,21892.28343313019,nT
2026-04-16T16:20:00.000Z,BOUV,X,variation,channel,21892.48038995193,nT
2026-04-16T16:21:00.000Z,BOUV,X,variation,channel,21892.38644661866,nT
2026-04-16T16:22:00.000Z,BOUV,X,variation,channel,21892.36930024519,nT
2026-04-16T16:23:00.000Z,BOUV,X,variation,channel,21892.71477254012,nT
2026-04-16T16:24:00.000Z,BOUV,X,variation,channel,21892.97977409862,nT
2026-04-16T16:25:00.000Z,BOUV,X,variation,channel,21893.091967314198,nT
2026-04-16T16:26:00.000Z,BOUV,X,variation,channel,21893.35268026501,nT
2026-04-16T16:27:00.000Z,BOUV,X,variation,channel,21893.628140874403,nT
2026-04-16T16:28:00.000Z,BOUV,X,variation,channel,21893.78463212801,nT
2026-04-16T16:29:00.000Z,BOUV,X,variation,channel,21893.83211459863,nT
2026-04-16T16:30:00.000Z,BOUV,X,variation,channel,21894.007405280332,nT
2026-04-16T16:31:00.000Z,BOUV,X,variation,channel,21894.181283135676,nT
2026-04-16T16:32:00.000Z,BOUV,X,variation,channel,21894.306778449314,nT
2026-04-16T16:33:00.000Z,BOUV,X,variation,channel,21894.5053250684,nT
2026-04-16T16:34:00.000Z,BOUV,X,variation,channel,21894.80029554355,nT
2026-04-16T16:35:00.000Z,BOUV,X,variation,channel,21894.859582952653,nT
2026-04-16T16:36:00.000Z,BOUV,X,variation,channel,21894.85072460261,nT
2026-04-16T16:37:00.000Z,BOUV,X,variation,channel,21894.94415530368,nT
2026-04-16T16:38:00.000Z,BOUV,X,variation,channel,21894.90419879886,nT
2026-04-16T16:39:00.000Z,BOUV,X,variation,channel,21894.830823903918,nT
2026-04-16T16:40:00.000Z,BOUV,X,variation,channel,21894.73864633021,nT
2026-04-16T16:41:00.000Z,BOUV,X,variation,channel,21894.55237830213,nT
2026-04-16T16:42:00.000Z,BOUV,X,variation,channel,21894.058509903058,nT
2026-04-16T16:43:00.000Z,BOUV,X,variation,channel,21893.728750373502,nT
2026-04-16T16:44:00.000Z,BOUV,X,variation,channel,21893.55344810386,nT
2026-04-16T16:45:00.000Z,BOUV,X,variation,channel,21893.60486818299,nT
2026-04-16T16:46:00.000Z,BOUV,X,variation,channel,21893.665288781296,nT
2026-04-16T16:47:00.000Z,BOUV,X,variation,channel,21893.764636848602,nT
2026-04-16T16:48:00.000Z,BOUV,X,variation,channel,21893.807704621366,nT
2026-04-16T16:49:00.000Z,BOUV,X,variation,channel,21893.947377599892,nT
2026-04-16T16:50:00.000Z,BOUV,X,variation,channel,21894.054321856038,nT
2026-04-16T16:51:00.000Z,BOUV,X,variation,channel,21894.240013518884,nT
2026-04-16T16:52:00.000Z,BOUV,X,variation,channel,21894.3841960955,nT
2026-04-16T16:53:00.000Z,BOUV,X,variation,channel,21894.559670534727,nT
2026-04-16T16:54:00.000Z,BOUV,X,variation,channel,21894.683966854544,nT
2026-04-16T16:55:00.000Z,BOUV,X,variation,channel,21894.87054497302,nT
2026-04-16T16:56:00.000Z,BOUV,X,variation,channel,21894.92651379331,nT
2026-04-16T16:57:00.000Z,BOUV,X,variation,channel,21894.924700756786,nT
2026-04-16T16:58:00.000Z,BOUV,X,variation,channel,21894.956593380502,nT
2026-04-16T16:59:00.000Z,BOUV,X,variation,channel,21894.680089884918,nT
2026-04-16T17:00:00.000Z,BOUV,X,variation,channel,21894.46297917835,nT
2026-04-16T17:01:00.000Z,BOUV,X,variation,channel,21894.16948614814,nT
2026-04-16T17:02:00.000Z,BOUV,X,variation,channel,21893.642561902572,nT
2026-04-16T17:03:00.000Z,BOUV,X,variation,channel,21893.45206548739,nT
2026-04-16T17:04:00.000Z,BOUV,X,variation,channel,21893.46623286134,nT
2026-04-16T17:05:00.000Z,BOUV,X,variation,channel,21893.2245637777,nT
2026-04-16T17:06:00.000Z,BOUV,X,variation,channel,21893.390347321805,nT
2026-04-16T17:07:00.000Z,BOUV,X,variation,channel,21893.672594768694,nT
2026-04-16T17:08:00.000Z,BOUV,X,variation,channel,21893.97307319481,nT
2026-04-16T17:09:00.000Z,BOUV,X,variation,channel,21894.176659082,nT
2026-04-16T17:10:00.000Z,BOUV,X,variation,channel,21894.35647833622,nT
2026-04-16T17:11:00.000Z,BOUV,X,variation,channel,21894.55462390879,nT
2026-04-16T17:12:00.000Z,BOUV,X,variation,channel,21894.813043444556,nT
2026-04-16T17:13:00.000Z,BOUV,X,variation,channel,21894.648997890698,nT
2026-04-16T17:14:00.000Z,BOUV,X,variation,channel,21894.64775886743,nT
2026-04-16T17:15:00.000Z,BOUV,X,variation,channel,21894.689314915435,nT
2026-04-16T17:16:00.000Z,BOUV,X,variation,channel,21894.46367085201,nT
2026-04-16T17:17:00.000Z,BOUV,X,variation,channel,21894.464655027055,nT
2026-04-16T17:18:00.000Z,BOUV,X,variation,channel,21894.407178669033,nT
2026-04-16T17:19:00.000Z,BOUV,X,variation,channel,21894.396363698233,nT
2026-04-16T17:20:00.000Z,BOUV,X,variation,channel,21894.43782865809,nT
2026-04-16T17:21:00.000Z,BOUV,X,variation,channel,21894.27993535714,nT
2026-04-16T17:22:00.000Z,BOUV,X,variation,channel,21894.439711759318,nT
2026-04-16T17:23:00.000Z,BOUV,X,variation,channel,21894.57940304539,nT
2026-04-16T17:24:00.000Z,BOUV,X,variation,channel,21894.429052240877,nT
2026-04-16T17:25:00.000Z,BOUV,X,variation,channel,,nT
2026-04-16T17:26:00.000Z,BOUV,X,variation,channel,,nT
2026-04-16T17:27:00.000Z,BOUV,X,variation,channel,,nT
2026-04-16T17:28:00.000Z,BOUV,X,variation,channel,,nT
2026-04-16T17:29:00.000Z,BOUV,X,variation,channel,,nT
2026-04-16T17:30:00.000Z,BOUV,X,variation,channel,,nT