timestamp,station,channel,data_type,view,value,units
2026-03-18T17:30:00.000Z,CMO,X,adjusted,channel,12283.82,nT
2026-03-18T17:31:00.000Z,CMO,X,adjusted,channel,12283.543,nT
2026-03-18T17:32:00.000Z,CMO,X,adjusted,channel,12282.643,nT
2026-03-18T17:33:00.000Z,CMO,X,adjusted,channel,12281.837,nT
2026-03-18T17:34:00.000Z,CMO,X,adjusted,channel,12281.936,nT
2026-03-18T17:35:00.000Z,CMO,X,adjusted,channel,12282.53,nT
2026-03-18T17:36:00.000Z,CMO,X,adjusted,channel,12283.041,nT
2026-03-18T17:37:00.000Z,CMO,X,adjusted,channel,12283.294,nT
2026-03-18T17:38:00.000Z,CMO,X,adjusted,channel,12283.184,nT
2026-03-18T17:39:00.000Z,CMO,X,adjusted,channel,12281.661,nT
2026-03-18T17:40:00.000Z,CMO,X,adjusted,channel,12281.358,nT
2026-03-18T17:41:00.000Z,CMO,X,adjusted,channel,12280.882,nT
2026-03-18T17:42:00.000Z,CMO,X,adjusted,channel,12280.619,nT
2026-03-18T17:43:00.000Z,CMO,X,adjusted,channel,12281.382,nT
2026-03-18T17:44:00.000Z,CMO,X,adjusted,channel,12281.711,nT
2026-03-18T17:45:00.000Z,CMO,X,adjusted,channel,12282.305,nT
2026-03-18T17:46:00.000Z,CMO,X,adjusted,channel,12282.753,nT
2026-03-18T17:47:00.000Z,CMO,X,adjusted,channel,12283.312,nT
2026-03-18T17:48:00.000Z,CMO,X,adjusted,channel,12282.963,nT
2026-03-18T17:49:00.000Z,CMO,X,adjusted,channel,12282.049,nT
2026-03-18T17:50:00.000Z,CMO,X,adjusted,channel,12281.927,nT
2026-03-18T17:51:00.000Z,CMO,X,adjusted,channel,12281.844,nT
2026-03-18T17:52:00.000Z,CMO,X,adjusted,channel,12281.554,nT
2026-03-18T17:53:00.000Z,CMO,X,adjusted,channel,12281.21,nT
2026-03-18T17:54:00.000Z,CMO,X,adjusted,channel,12280.99,nT
2026-03-18T17:55:00.000Z,CMO,X,adjusted,channel,12281.155,nT
2026-03-18T17:56:00.000Z,CMO,X,adjusted,channel,12281.837,nT
2026-03-18T17:57:00.000Z,CMO,X,adjusted,channel,12281.69,nT
2026-03-18T17:58:00.000Z,CMO,X,adjusted,channel,12281.016,nT
2026-03-18T17:59:00.000Z,CMO,X,adjusted,channel,12280.893,nT
2026-03-18T18:00:00.000Z,CMO,X,adjusted,channel,12280.92,nT
2026-03-18T18:01:00.000Z,CMO,X,adjusted,channel,12280.053,nT
2026-03-18T18:02:00.000Z,CMO,X,adjusted,channel,12280.444,nT
2026-03-18T18:03:00.000Z,CMO,X,adjusted,channel,12280.857,nT
2026-03-18T18:04:00.000Z,CMO,X,adjusted,channel,12279.931,nT
2026-03-18T18:05:00.000Z,CMO,X,adjusted,channel,12280.446,nT
2026-03-18T18:06:00.000Z,CMO,X,adjusted,channel,12280.133,nT
2026-03-18T18:07:00.000Z,CMO,X,adjusted,channel,12280.119,nT
2026-03-18T18:08:00.000Z,CMO,X,adjusted,channel,12278.797,nT
2026-03-18T18:09:00.000Z,CMO,X,adjusted,channel,12277.952,nT
2026-03-18T18:10:00.000Z,CMO,X,adjusted,channel,12277.485,nT
2026-03-18T18:11:00.000Z,CMO,X,adjusted,channel,12277.642,nT
2026-03-18T18:12:00.000Z,CMO,X,adjusted,channel,12277.484,nT
2026-03-18T18:13:00.000Z,CMO,X,adjusted,channel,12277.322,nT
2026-03-18T18:14:00.000Z,CMO,X,adjusted,channel,12276.494,nT
2026-03-18T18:15:00.000Z,CMO,X,adjusted,channel,12277.073,nT
2026-03-18T18:16:00.000Z,CMO,X,adjusted,channel,12277.904,nT
2026-03-18T18:17:00.000Z,CMO,X,adjusted,channel,12278.02,nT
2026-03-18T18:18:00.000Z,CMO,X,adjusted,channel,12278.591,nT
2026-03-18T18:19:00.000Z,CMO,X,adjusted,channel,12279.859,nT
2026-03-18T18:20:00.000Z,CMO,X,adjusted,channel,12279.366,nT
2026-03-18T18:21:00.000Z,CMO,X,adjusted,channel,12279.207,nT
2026-03-18T18:22:00.000Z,CMO,X,adjusted,channel,12278.74,nT
2026-03-18T18:23:00.000Z,CMO,X,adjusted,channel,12278.709,nT
2026-03-18T18:24:00.000Z,CMO,X,adjusted,channel,12279.068,nT
2026-03-18T18:25:00.000Z,CMO,X,adjusted,channel,12279.097,nT
2026-03-18T18:26:00.000Z,CMO,X,adjusted,channel,12279.282,nT
2026-03-18T18:27:00.000Z,CMO,X,adjusted,channel,12279.522,nT
2026-03-18T18:28:00.000Z,CMO,X,adjusted,channel,12279.646,nT
2026-03-18T18:29:00.000Z,CMO,X,adjusted,channel,12279.098,nT
2026-03-18T18:30:00.000Z,CMO,X,adjusted,channel,12278.609,nT
2026-03-18T18:31:00.000Z,CMO,X,adjusted,channel,12278.77,nT
2026-03-18T18:32:00.000Z,CMO,X,adjusted,channel,12279.143,nT
2026-03-18T18:33:00.000Z,CMO,X,adjusted,channel,12278.475,nT
2026-03-18T18:34:00.000Z,CMO,X,adjusted,channel,12278.883,nT
2026-03-18T18:35:00.000Z,CMO,X,adjusted,channel,12279.68,nT
2026-03-18T18:36:00.000Z,CMO,X,adjusted,channel,12278.863,nT
2026-03-18T18:37:00.000Z,CMO,X,adjusted,channel,12279.152,nT
2026-03-18T18:38:00.000Z,CMO,X,adjusted,channel,12279.137,nT
2026-03-18T18:39:00.000Z,CMO,X,adjusted,channel,12277.886,nT
2026-03-18T18:40:00.000Z,CMO,X,adjusted,channel,12277.876,nT
2026-03-18T18:41:00.000Z,CMO,X,adjusted,channel,12278.676,nT
2026-03-18T18:42:00.000Z,CMO,X,adjusted,channel,12277.661,nT
2026-03-18T18:43:00.000Z,CMO,X,adjusted,channel,12276.739,nT
2026-03-18T18:44:00.000Z,CMO,X,adjusted,channel,12277.169,nT
2026-03-18T18:45:00.000Z,CMO,X,adjusted,channel,12277.296,nT
2026-03-18T18:46:00.000Z,CMO,X,adjusted,channel,12275.685,nT
2026-03-18T18:47:00.000Z,CMO,X,adjusted,channel,12274.033,nT
2026-03-18T18:48:00.000Z,CMO,X,adjusted,channel,12272.966,nT
2026-03-18T18:49:00.000Z,CMO,X,adjusted,channel,12271.364,nT
2026-03-18T18:50:00.000Z,CMO,X,adjusted,channel,12270.168,nT
2026-03-18T18:51:00.000Z,CMO,X,adjusted,channel,12266.834,nT
2026-03-18T18:52:00.000Z,CMO,X,adjusted,channel,12265.204,nT
2026-03-18T18:53:00.000Z,CMO,X,adjusted,channel,12265.554,nT
2026-03-18T18:54:00.000Z,CMO,X,adjusted,channel,12266.858,nT
2026-03-18T18:55:00.000Z,CMO,X,adjusted,channel,12267.348,nT
2026-03-18T18:56:00.000Z,CMO,X,adjusted,channel,12269.133,nT
2026-03-18T18:57:00.000Z,CMO,X,adjusted,channel,12272.865,nT
2026-03-18T18:58:00.000Z,CMO,X,adjusted,channel,12276.549,nT
2026-03-18T18:59:00.000Z,CMO,X,adjusted,channel,12278.479,nT
2026-03-18T19:00:00.000Z,CMO,X,adjusted,channel,12276.615,nT
2026-03-18T19:01:00.000Z,CMO,X,adjusted,channel,12274.261,nT
2026-03-18T19:02:00.000Z,CMO,X,adjusted,channel,12273.277,nT
2026-03-18T19:03:00.000Z,CMO,X,adjusted,channel,12273.325,nT
2026-03-18T19:04:00.000Z,CMO,X,adjusted,channel,12273.681,nT
2026-03-18T19:05:00.000Z,CMO,X,adjusted,channel,12275.244,nT
2026-03-18T19:06:00.000Z,CMO,X,adjusted,channel,12277.048,nT
2026-03-18T19:07:00.000Z,CMO,X,adjusted,channel,12276.079,nT
2026-03-18T19:08:00.000Z,CMO,X,adjusted,channel,12275.084,nT
2026-03-18T19:09:00.000Z,CMO,X,adjusted,channel,12275.276,nT
2026-03-18T19:10:00.000Z,CMO,X,adjusted,channel,12274.899,nT
2026-03-18T19:11:00.000Z,CMO,X,adjusted,channel,12275.317,nT
2026-03-18T19:12:00.000Z,CMO,X,adjusted,channel,12275.175,nT
2026-03-18T19:13:00.000Z,CMO,X,adjusted,channel,12273.818,nT
2026-03-18T19:14:00.000Z,CMO,X,adjusted,channel,12274.04,nT
2026-03-18T19:15:00.000Z,CMO,X,adjusted,channel,12276.02,nT
2026-03-18T19:16:00.000Z,CMO,X,adjusted,channel,12276.331,nT
2026-03-18T19:17:00.000Z,CMO,X,adjusted,channel,12276.829,nT
2026-03-18T19:18:00.000Z,CMO,X,adjusted,channel,12276.267,nT
2026-03-18T19:19:00.000Z,CMO,X,adjusted,channel,12272.793,nT
2026-03-18T19:20:00.000Z,CMO,X,adjusted,channel,12269.525,nT
2026-03-18T19:21:00.000Z,CMO,X,adjusted,channel,12269.808,nT
2026-03-18T19:22:00.000Z,CMO,X,adjusted,channel,12271.082,nT
2026-03-18T19:23:00.000Z,CMO,X,adjusted,channel,12270.79,nT
2026-03-18T19:24:00.000Z,CMO,X,adjusted,channel,12271.283,nT
2026-03-18T19:25:00.000Z,CMO,X,adjusted,channel,12272.164,nT
2026-03-18T19:26:00.000Z,CMO,X,adjusted,channel,12272.844,nT
2026-03-18T19:27:00.000Z,CMO,X,adjusted,channel,12274.194,nT
2026-03-18T19:28:00.000Z,CMO,X,adjusted,channel,12273.984,nT
2026-03-18T19:29:00.000Z,CMO,X,adjusted,channel,12273.21,nT
2026-03-18T19:30:00.000Z,CMO,X,adjusted,channel,12274.957,nT
2026-03-18T19:31:00.000Z,CMO,X,adjusted,channel,12277.705,nT
2026-03-18T19:32:00.000Z,CMO,X,adjusted,channel,12276.843,nT
2026-03-18T19:33:00.000Z,CMO,X,adjusted,channel,12275.536,nT
2026-03-18T19:34:00.000Z,CMO,X,adjusted,channel,12275.467,nT
2026-03-18T19:35:00.000Z,CMO,X,adjusted,channel,12275.794,nT
2026-03-18T19:36:00.000Z,CMO,X,adjusted,channel,12275.228,nT
2026-03-18T19:37:00.000Z,CMO,X,adjusted,channel,12275.484,nT
2026-03-18T19:38:00.000Z,CMO,X,adjusted,channel,12275.444,nT
2026-03-18T19:39:00.000Z,CMO,X,adjusted,channel,12275.491,nT
2026-03-18T19:40:00.000Z,CMO,X,adjusted,channel,12277.441,nT
2026-03-18T19:41:00.000Z,CMO,X,adjusted,channel,12278.194,nT
2026-03-18T19:42:00.000Z,CMO,X,adjusted,channel,12277.816,nT
2026-03-18T19:43:00.000Z,CMO,X,adjusted,channel,12275.429,nT
2026-03-18T19:44:00.000Z,CMO,X,adjusted,channel,12275.327,nT
2026-03-18T19:45:00.000Z,CMO,X,adjusted,channel,12275.668,nT
2026-03-18T19:46:00.000Z,CMO,X,adjusted,channel,12274.993,nT
2026-03-18T19:47:00.000Z,CMO,X,adjusted,channel,12273.553,nT
2026-03-18T19:48:00.000Z,CMO,X,adjusted,channel,12271.053,nT
2026-03-18T19:49:00.000Z,CMO,X,adjusted,channel,12272.04,nT
2026-03-18T19:50:00.000Z,CMO,X,adjusted,channel,12273.846,nT
2026-03-18T19:51:00.000Z,CMO,X,adjusted,channel,12272.653,nT
2026-03-18T19:52:00.000Z,CMO,X,adjusted,channel,12273.119,nT
2026-03-18T19:53:00.000Z,CMO,X,adjusted,channel,12273.87,nT
2026-03-18T19:54:00.000Z,CMO,X,adjusted,channel,12273.959,nT
2026-03-18T19:55:00.000Z,CMO,X,adjusted,channel,12273.245,nT
2026-03-18T19:56:00.000Z,CMO,X,adjusted,channel,12272.429,nT
2026-03-18T19:57:00.000Z,CMO,X,adjusted,channel,12272.908,nT
2026-03-18T19:58:00.000Z,CMO,X,adjusted,channel,12274.416,nT
2026-03-18T19:59:00.000Z,CMO,X,adjusted,channel,12274.129,nT
2026-03-18T20:00:00.000Z,CMO,X,adjusted,channel,12271.796,nT
2026-03-18T20:01:00.000Z,CMO,X,adjusted,channel,12270.527,nT
2026-03-18T20:02:00.000Z,CMO,X,adjusted,channel,12271.928,nT
2026-03-18T20:03:00.000Z,CMO,X,adjusted,channel,12272.681,nT
2026-03-18T20:04:00.000Z,CMO,X,adjusted,channel,12272.454,nT
2026-03-18T20:05:00.000Z,CMO,X,adjusted,channel,12273.15,nT
2026-03-18T20:06:00.000Z,CMO,X,adjusted,channel,12273.265,nT
2026-03-18T20:07:00.000Z,CMO,X,adjusted,channel,12273.714,nT
2026-03-18T20:08:00.000Z,CMO,X,adjusted,channel,12274.119,nT
2026-03-18T20:09:00.000Z,CMO,X,adjusted,channel,12273.777,nT
2026-03-18T20:10:00.000Z,CMO,X,adjusted,channel,12273.514,nT
2026-03-18T20:11:00.000Z,CMO,X,adjusted,channel,12274.415,nT
2026-03-18T20:12:00.000Z,CMO,X,adjusted,channel,12273.918,nT
2026-03-18T20:13:00.000Z,CMO,X,adjusted,channel,12273.654,nT
2026-03-18T20:14:00.000Z,CMO,X,adjusted,channel,12273.78,nT
2026-03-18T20:15:00.000Z,CMO,X,adjusted,channel,12274.592,nT
2026-03-18T20:16:00.000Z,CMO,X,adjusted,channel,12274.819,nT
2026-03-18T20:17:00.000Z,CMO,X,adjusted,channel,12273.562,nT
2026-03-18T20:18:00.000Z,CMO,X,adjusted,channel,12273.877,nT
2026-03-18T20:19:00.000Z,CMO,X,adjusted,channel,12273.775,nT
2026-03-18T20:20:00.000Z,CMO,X,adjusted,channel,12272.71,nT
2026-03-18T20:21:00.000Z,CMO,X,adjusted,channel,12272.908,nT
2026-03-18T20:22:00.000Z,CMO,X,adjusted,channel,12270.508,nT
2026-03-18T20:23:00.000Z,CMO,X,adjusted,channel,12275.539,nT
2026-03-18T20:24:00.000Z,CMO,X,adjusted,channel,12275.662,nT
2026-03-18T20:25:00.000Z,CMO,X,adjusted,channel,12269.495,nT
2026-03-18T20:26:00.000Z,CMO,X,adjusted,channel,12270.515,nT
2026-03-18T20:27:00.000Z,CMO,X,adjusted,channel,12273.108,nT
2026-03-18T20:28:00.000Z,CMO,X,adjusted,channel,12272.498,nT
2026-03-18T20:29:00.000Z,CMO,X,adjusted,channel,12271.771,nT
2026-03-18T20:30:00.000Z,CMO,X,adjusted,channel,12272.509,nT
2026-03-18T20:31:00.000Z,CMO,X,adjusted,channel,12272.141,nT
2026-03-18T20:32:00.000Z,CMO,X,adjusted,channel,12271.209,nT
2026-03-18T20:33:00.000Z,CMO,X,adjusted,channel,12269.565,nT
2026-03-18T20:34:00.000Z,CMO,X,adjusted,channel,12271.979,nT
2026-03-18T20:35:00.000Z,CMO,X,adjusted,channel,12274.114,nT
2026-03-18T20:36:00.000Z,CMO,X,adjusted,channel,12274.683,nT
2026-03-18T20:37:00.000Z,CMO,X,adjusted,channel,12275.899,nT
2026-03-18T20:38:00.000Z,CMO,X,adjusted,channel,12277.957,nT
2026-03-18T20:39:00.000Z,CMO,X,adjusted,channel,12276.847,nT
2026-03-18T20:40:00.000Z,CMO,X,adjusted,channel,12275.671,nT
2026-03-18T20:41:00.000Z,CMO,X,adjusted,channel,12270.736,nT
2026-03-18T20:42:00.000Z,CMO,X,adjusted,channel,12266.677,nT
2026-03-18T20:43:00.000Z,CMO,X,adjusted,channel,12269.292,nT
2026-03-18T20:44:00.000Z,CMO,X,adjusted,channel,12269.925,nT
2026-03-18T20:45:00.000Z,CMO,X,adjusted,channel,12265.519,nT
2026-03-18T20:46:00.000Z,CMO,X,adjusted,channel,12262.966,nT
2026-03-18T20:47:00.000Z,CMO,X,adjusted,channel,12263.736,nT
2026-03-18T20:48:00.000Z,CMO,X,adjusted,channel,12263.274,nT
2026-03-18T20:49:00.000Z,CMO,X,adjusted,channel,12264.526,nT
2026-03-18T20:50:00.000Z,CMO,X,adjusted,channel,12268.264,nT
2026-03-18T20:51:00.000Z,CMO,X,adjusted,channel,12273.194,nT
2026-03-18T20:52:00.000Z,CMO,X,adjusted,channel,12275.709,nT
2026-03-18T20:53:00.000Z,CMO,X,adjusted,channel,12276.644,nT
2026-03-18T20:54:00.000Z,CMO,X,adjusted,channel,12279.645,nT
2026-03-18T20:55:00.000Z,CMO,X,adjusted,channel,12281.991,nT
2026-03-18T20:56:00.000Z,CMO,X,adjusted,channel,12278.769,nT
2026-03-18T20:57:00.000Z,CMO,X,adjusted,channel,12274.998,nT
2026-03-18T20:58:00.000Z,CMO,X,adjusted,channel,12274.607,nT
2026-03-18T20:59:00.000Z,CMO,X,adjusted,channel,12279.082,nT
2026-03-18T21:00:00.000Z,CMO,X,adjusted,channel,12275.358,nT
2026-03-18T21:01:00.000Z,CMO,X,adjusted,channel,12268.884,nT
2026-03-18T21:02:00.000Z,CMO,X,adjusted,channel,12262.422,nT
2026-03-18T21:03:00.000Z,CMO,X,adjusted,channel,12266.249,nT
2026-03-18T21:04:00.000Z,CMO,X,adjusted,channel,12270.255,nT
2026-03-18T21:05:00.000Z,CMO,X,adjusted,channel,12270.561,nT
2026-03-18T21:06:00.000Z,CMO,X,adjusted,channel,12267.191,nT
2026-03-18T21:07:00.000Z,CMO,X,adjusted,channel,12264.397,nT
2026-03-18T21:08:00.000Z,CMO,X,adjusted,channel,12263.449,nT
2026-03-18T21:09:00.000Z,CMO,X,adjusted,channel,12263.707,nT
2026-03-18T21:10:00.000Z,CMO,X,adjusted,channel,12264.677,nT
2026-03-18T21:11:00.000Z,CMO,X,adjusted,channel,12265.662,nT
2026-03-18T21:12:00.000Z,CMO,X,adjusted,channel,12267.253,nT
2026-03-18T21:13:00.000Z,CMO,X,adjusted,channel,12270.204,nT
2026-03-18T21:14:00.000Z,CMO,X,adjusted,channel,12270.636,nT
2026-03-18T21:15:00.000Z,CMO,X,adjusted,channel,12268.607,nT
2026-03-18T21:16:00.000Z,CMO,X,adjusted,channel,12268.379,nT
2026-03-18T21:17:00.000Z,CMO,X,adjusted,channel,12268.504,nT
2026-03-18T21:18:00.000Z,CMO,X,adjusted,channel,12269.294,nT
2026-03-18T21:19:00.000Z,CMO,X,adjusted,channel,12270.106,nT
2026-03-18T21:20:00.000Z,CMO,X,adjusted,channel,12268.68,nT
2026-03-18T21:21:00.000Z,CMO,X,adjusted,channel,12267.387,nT
2026-03-18T21:22:00.000Z,CMO,X,adjusted,channel,12266.012,nT
2026-03-18T21:23:00.000Z,CMO,X,adjusted,channel,12266.243,nT
2026-03-18T21:24:00.000Z,CMO,X,adjusted,channel,12268.889,nT
2026-03-18T21:25:00.000Z,CMO,X,adjusted,channel,12273.244,nT
2026-03-18T21:26:00.000Z,CMO,X,adjusted,channel,12277.075,nT
2026-03-18T21:27:00.000Z,CMO,X,adjusted,channel,12276.805,nT
2026-03-18T21:28:00.000Z,CMO,X,adjusted,channel,12275.774,nT
2026-03-18T21:29:00.000Z,CMO,X,adjusted,channel,12275.944,nT
2026-03-18T21:30:00.000Z,CMO,X,adjusted,channel,12275.859,nT
2026-03-18T21:31:00.000Z,CMO,X,adjusted,channel,12275.53,nT
2026-03-18T21:32:00.000Z,CMO,X,adjusted,channel,12274.457,nT
2026-03-18T21:33:00.000Z,CMO,X,adjusted,channel,12274.418,nT
2026-03-18T21:34:00.000Z,CMO,X,adjusted,channel,12273.792,nT
2026-03-18T21:35:00.000Z,CMO,X,adjusted,channel,12273.244,nT
2026-03-18T21:36:00.000Z,CMO,X,adjusted,channel,12275.074,nT
2026-03-18T21:37:00.000Z,CMO,X,adjusted,channel,12274.832,nT
2026-03-18T21:38:00.000Z,CMO,X,adjusted,channel,12274.431,nT
2026-03-18T21:39:00.000Z,CMO,X,adjusted,channel,12275.475,nT
2026-03-18T21:40:00.000Z,CMO,X,adjusted,channel,12276.355,nT
2026-03-18T21:41:00.000Z,CMO,X,adjusted,channel,12276.993,nT
2026-03-18T21:42:00.000Z,CMO,X,adjusted,channel,12274.679,nT
2026-03-18T21:43:00.000Z,CMO,X,adjusted,channel,12269.16,nT
2026-03-18T21:44:00.000Z,CMO,X,adjusted,channel,12263.884,nT
2026-03-18T21:45:00.000Z,CMO,X,adjusted,channel,12260.004,nT
2026-03-18T21:46:00.000Z,CMO,X,adjusted,channel,12262.689,nT
2026-03-18T21:47:00.000Z,CMO,X,adjusted,channel,12269.982,nT
2026-03-18T21:48:00.000Z,CMO,X,adjusted,channel,12273.445,nT
2026-03-18T21:49:00.000Z,CMO,X,adjusted,channel,12273.79,nT
2026-03-18T21:50:00.000Z,CMO,X,adjusted,channel,12275.714,nT
2026-03-18T21:51:00.000Z,CMO,X,adjusted,channel,12277.806,nT
2026-03-18T21:52:00.000Z,CMO,X,adjusted,channel,12278.346,nT
2026-03-18T21:53:00.000Z,CMO,X,adjusted,channel,12276.006,nT
2026-03-18T21:54:00.000Z,CMO,X,adjusted,channel,12271.637,nT
2026-03-18T21:55:00.000Z,CMO,X,adjusted,channel,12270.356,nT
2026-03-18T21:56:00.000Z,CMO,X,adjusted,channel,12272.134,nT
2026-03-18T21:57:00.000Z,CMO,X,adjusted,channel,12272.712,nT
2026-03-18T21:58:00.000Z,CMO,X,adjusted,channel,12272.871,nT
2026-03-18T21:59:00.000Z,CMO,X,adjusted,channel,12271.476,nT
2026-03-18T22:00:00.000Z,CMO,X,adjusted,channel,12270.731,nT
2026-03-18T22:01:00.000Z,CMO,X,adjusted,channel,12270.008,nT
2026-03-18T22:02:00.000Z,CMO,X,adjusted,channel,12269.489,nT
2026-03-18T22:03:00.000Z,CMO,X,adjusted,channel,12268.614,nT
2026-03-18T22:04:00.000Z,CMO,X,adjusted,channel,12269.98,nT
2026-03-18T22:05:00.000Z,CMO,X,adjusted,channel,12270.26,nT
2026-03-18T22:06:00.000Z,CMO,X,adjusted,channel,12270.107,nT
2026-03-18T22:07:00.000Z,CMO,X,adjusted,channel,12269.193,nT
2026-03-18T22:08:00.000Z,CMO,X,adjusted,channel,12270.294,nT
2026-03-18T22:09:00.000Z,CMO,X,adjusted,channel,12270.509,nT
2026-03-18T22:10:00.000Z,CMO,X,adjusted,channel,12268.397,nT
2026-03-18T22:11:00.000Z,CMO,X,adjusted,channel,12264.875,nT
2026-03-18T22:12:00.000Z,CMO,X,adjusted,channel,12264.345,nT
2026-03-18T22:13:00.000Z,CMO,X,adjusted,channel,12265.698,nT
2026-03-18T22:14:00.000Z,CMO,X,adjusted,channel,12266.854,nT
2026-03-18T22:15:00.000Z,CMO,X,adjusted,channel,12267.828,nT
2026-03-18T22:16:00.000Z,CMO,X,adjusted,channel,12269.558,nT
2026-03-18T22:17:00.000Z,CMO,X,adjusted,channel,12271.979,nT
2026-03-18T22:18:00.000Z,CMO,X,adjusted,channel,12273.571,nT
2026-03-18T22:19:00.000Z,CMO,X,adjusted,channel,12274.243,nT
2026-03-18T22:20:00.000Z,CMO,X,adjusted,channel,12273.79,nT
2026-03-18T22:21:00.000Z,CMO,X,adjusted,channel,12274.883,nT
2026-03-18T22:22:00.000Z,CMO,X,adjusted,channel,12275.847,nT
2026-03-18T22:23:00.000Z,CMO,X,adjusted,channel,12275.439,nT
2026-03-18T22:24:00.000Z,CMO,X,adjusted,channel,12273.77,nT
2026-03-18T22:25:00.000Z,CMO,X,adjusted,channel,12272.743,nT
2026-03-18T22:26:00.000Z,CMO,X,adjusted,channel,12272.855,nT
2026-03-18T22:27:00.000Z,CMO,X,adjusted,channel,12273.384,nT
2026-03-18T22:28:00.000Z,CMO,X,adjusted,channel,12273.44,nT
2026-03-18T22:29:00.000Z,CMO,X,adjusted,channel,12273.317,nT
2026-03-18T22:30:00.000Z,CMO,X,adjusted,channel,12272.445,nT
2026-03-18T22:31:00.000Z,CMO,X,adjusted,channel,12271.438,nT
2026-03-18T22:32:00.000Z,CMO,X,adjusted,channel,12271.993,nT
2026-03-18T22:33:00.000Z,CMO,X,adjusted,channel,12271.225,nT
2026-03-18T22:34:00.000Z,CMO,X,adjusted,channel,12269.952,nT
2026-03-18T22:35:00.000Z,CMO,X,adjusted,channel,12267.833,nT
2026-03-18T22:36:00.000Z,CMO,X,adjusted,channel,12267.807,nT
2026-03-18T22:37:00.000Z,CMO,X,adjusted,channel,12268.86,nT
2026-03-18T22:38:00.000Z,CMO,X,adjusted,channel,12267.904,nT
2026-03-18T22:39:00.000Z,CMO,X,adjusted,channel,12266.376,nT
2026-03-18T22:40:00.000Z,CMO,X,adjusted,channel,12264.881,nT
2026-03-18T22:41:00.000Z,CMO,X,adjusted,channel,12264.883,nT
2026-03-18T22:42:00.000Z,CMO,X,adjusted,channel,12264.683,nT
2026-03-18T22:43:00.000Z,CMO,X,adjusted,channel,12263.715,nT
2026-03-18T22:44:00.000Z,CMO,X,adjusted,channel,12262.987,nT
2026-03-18T22:45:00.000Z,CMO,X,adjusted,channel,12263.951,nT
2026-03-18T22:46:00.000Z,CMO,X,adjusted,channel,12264.443,nT
2026-03-18T22:47:00.000Z,CMO,X,adjusted,channel,12264.532,nT
2026-03-18T22:48:00.000Z,CMO,X,adjusted,channel,12264.909,nT
2026-03-18T22:49:00.000Z,CMO,X,adjusted,channel,12266.176,nT
2026-03-18T22:50:00.000Z,CMO,X,adjusted,channel,12266.91,nT
2026-03-18T22:51:00.000Z,CMO,X,adjusted,channel,12267.174,nT
2026-03-18T22:52:00.000Z,CMO,X,adjusted,channel,12267.224,nT
2026-03-18T22:53:00.000Z,CMO,X,adjusted,channel,12267.611,nT
2026-03-18T22:54:00.000Z,CMO,X,adjusted,channel,12267.737,nT
2026-03-18T22:55:00.000Z,CMO,X,adjusted,channel,12267.692,nT
2026-03-18T22:56:00.000Z,CMO,X,adjusted,channel,12267.385,nT
2026-03-18T22:57:00.000Z,CMO,X,adjusted,channel,12267.896,nT
2026-03-18T22:58:00.000Z,CMO,X,adjusted,channel,12267.885,nT
2026-03-18T22:59:00.000Z,CMO,X,adjusted,channel,12267.212,nT
2026-03-18T23:00:00.000Z,CMO,X,adjusted,channel,12266.599,nT
2026-03-18T23:01:00.000Z,CMO,X,adjusted,channel,12266.794,nT
2026-03-18T23:02:00.000Z,CMO,X,adjusted,channel,12267.265,nT
2026-03-18T23:03:00.000Z,CMO,X,adjusted,channel,12267.179,nT
2026-03-18T23:04:00.000Z,CMO,X,adjusted,channel,12267.328,nT
2026-03-18T23:05:00.000Z,CMO,X,adjusted,channel,12266.999,nT
2026-03-18T23:06:00.000Z,CMO,X,adjusted,channel,12267.452,nT
2026-03-18T23:07:00.000Z,CMO,X,adjusted,channel,12268.606,nT
2026-03-18T23:08:00.000Z,CMO,X,adjusted,channel,12269.177,nT
2026-03-18T23:09:00.000Z,CMO,X,adjusted,channel,12271.36,nT
2026-03-18T23:10:00.000Z,CMO,X,adjusted,channel,12271.028,nT
2026-03-18T23:11:00.000Z,CMO,X,adjusted,channel,12269.868,nT
2026-03-18T23:12:00.000Z,CMO,X,adjusted,channel,12269.11,nT
2026-03-18T23:13:00.000Z,CMO,X,adjusted,channel,12268.189,nT
2026-03-18T23:14:00.000Z,CMO,X,adjusted,channel,12267.293,nT
2026-03-18T23:15:00.000Z,CMO,X,adjusted,channel,12267.565,nT
2026-03-18T23:16:00.000Z,CMO,X,adjusted,channel,12268.746,nT
2026-03-18T23:17:00.000Z,CMO,X,adjusted,channel,12269.756,nT
2026-03-18T23:18:00.000Z,CMO,X,adjusted,channel,12270.759,nT
2026-03-18T23:19:00.000Z,CMO,X,adjusted,channel,12270.882,nT
2026-03-18T23:20:00.000Z,CMO,X,adjusted,channel,12271.636,nT
2026-03-18T23:21:00.000Z,CMO,X,adjusted,channel,12272.7,nT
2026-03-18T23:22:00.000Z,CMO,X,adjusted,channel,12272.072,nT
2026-03-18T23:23:00.000Z,CMO,X,adjusted,channel,12271.62,nT
2026-03-18T23:24:00.000Z,CMO,X,adjusted,channel,12272.633,nT
2026-03-18T23:25:00.000Z,CMO,X,adjusted,channel,12273.569,nT
2026-03-18T23:26:00.000Z,CMO,X,adjusted,channel,12273.883,nT
2026-03-18T23:27:00.000Z,CMO,X,adjusted,channel,12275.463,nT
2026-03-18T23:28:00.000Z,CMO,X,adjusted,channel,12276.05,nT
2026-03-18T23:29:00.000Z,CMO,X,adjusted,channel,12275.053,nT
2026-03-18T23:30:00.000Z,CMO,X,adjusted,channel,12275.426,nT
2026-03-18T23:31:00.000Z,CMO,X,adjusted,channel,12274.959,nT
2026-03-18T23:32:00.000Z,CMO,X,adjusted,channel,12273.513,nT
2026-03-18T23:33:00.000Z,CMO,X,adjusted,channel,12274.107,nT
2026-03-18T23:34:00.000Z,CMO,X,adjusted,channel,12273.94,nT
2026-03-18T23:35:00.000Z,CMO,X,adjusted,channel,12271.662,nT
2026-03-18T23:36:00.000Z,CMO,X,adjusted,channel,12269.25,nT
2026-03-18T23:37:00.000Z,CMO,X,adjusted,channel,12269.923,nT
2026-03-18T23:38:00.000Z,CMO,X,adjusted,channel,12270.22,nT
2026-03-18T23:39:00.000Z,CMO,X,adjusted,channel,12268.525,nT
2026-03-18T23:40:00.000Z,CMO,X,adjusted,channel,12267.276,nT
2026-03-18T23:41:00.000Z,CMO,X,adjusted,channel,12269.395,nT
2026-03-18T23:42:00.000Z,CMO,X,adjusted,channel,12270.748,nT
2026-03-18T23:43:00.000Z,CMO,X,adjusted,channel,12270.216,nT
2026-03-18T23:44:00.000Z,CMO,X,adjusted,channel,12270.026,nT
2026-03-18T23:45:00.000Z,CMO,X,adjusted,channel,12271.116,nT
2026-03-18T23:46:00.000Z,CMO,X,adjusted,channel,12272.728,nT
2026-03-18T23:47:00.000Z,CMO,X,adjusted,channel,12273.603,nT
2026-03-18T23:48:00.000Z,CMO,X,adjusted,channel,12274.276,nT
2026-03-18T23:49:00.000Z,CMO,X,adjusted,channel,12274.022,nT
2026-03-18T23:50:00.000Z,CMO,X,adjusted,channel,12275.099,nT
2026-03-18T23:51:00.000Z,CMO,X,adjusted,channel,12275.71,nT
2026-03-18T23:52:00.000Z,CMO,X,adjusted,channel,12273.679,nT
2026-03-18T23:53:00.000Z,CMO,X,adjusted,channel,12270.098,nT
2026-03-18T23:54:00.000Z,CMO,X,adjusted,channel,12270.878,nT
2026-03-18T23:55:00.000Z,CMO,X,adjusted,channel,12272.449,nT
2026-03-18T23:56:00.000Z,CMO,X,adjusted,channel,12271.119,nT
2026-03-18T23:57:00.000Z,CMO,X,adjusted,channel,12269.184,nT
2026-03-18T23:58:00.000Z,CMO,X,adjusted,channel,12269.458,nT
2026-03-18T23:59:00.000Z,CMO,X,adjusted,channel,12270.878,nT
2026-03-19T00:00:00.000Z,CMO,X,adjusted,channel,12269.408,nT
2026-03-19T00:01:00.000Z,CMO,X,adjusted,channel,12266.376,nT
2026-03-19T00:02:00.000Z,CMO,X,adjusted,channel,12266.114,nT
2026-03-19T00:03:00.000Z,CMO,X,adjusted,channel,12267.487,nT
2026-03-19T00:04:00.000Z,CMO,X,adjusted,channel,12266.955,nT
2026-03-19T00:05:00.000Z,CMO,X,adjusted,channel,12264.644,nT
2026-03-19T00:06:00.000Z,CMO,X,adjusted,channel,12265.365,nT
2026-03-19T00:07:00.000Z,CMO,X,adjusted,channel,12268.77,nT
2026-03-19T00:08:00.000Z,CMO,X,adjusted,channel,12272,nT
2026-03-19T00:09:00.000Z,CMO,X,adjusted,channel,12272.86,nT
2026-03-19T00:10:00.000Z,CMO,X,adjusted,channel,12272.837,nT
2026-03-19T00:11:00.000Z,CMO,X,adjusted,channel,12273.971,nT
2026-03-19T00:12:00.000Z,CMO,X,adjusted,channel,12275.41,nT
2026-03-19T00:13:00.000Z,CMO,X,adjusted,channel,12274.508,nT
2026-03-19T00:14:00.000Z,CMO,X,adjusted,channel,12273.533,nT
2026-03-19T00:15:00.000Z,CMO,X,adjusted,channel,12272.831,nT
2026-03-19T00:16:00.000Z,CMO,X,adjusted,channel,12271.807,nT
2026-03-19T00:17:00.000Z,CMO,X,adjusted,channel,12270.594,nT
2026-03-19T00:18:00.000Z,CMO,X,adjusted,channel,12269.554,nT
2026-03-19T00:19:00.000Z,CMO,X,adjusted,channel,12267.871,nT
2026-03-19T00:20:00.000Z,CMO,X,adjusted,channel,12267.819,nT
2026-03-19T00:21:00.000Z,CMO,X,adjusted,channel,12267.103,nT
2026-03-19T00:22:00.000Z,CMO,X,adjusted,channel,12266.941,nT
2026-03-19T00:23:00.000Z,CMO,X,adjusted,channel,12267.2,nT
2026-03-19T00:24:00.000Z,CMO,X,adjusted,channel,12268.088,nT
2026-03-19T00:25:00.000Z,CMO,X,adjusted,channel,12267.14,nT
2026-03-19T00:26:00.000Z,CMO,X,adjusted,channel,12265.185,nT
2026-03-19T00:27:00.000Z,CMO,X,adjusted,channel,12263.56,nT
2026-03-19T00:28:00.000Z,CMO,X,adjusted,channel,12264.746,nT
2026-03-19T00:29:00.000Z,CMO,X,adjusted,channel,12267.478,nT
2026-03-19T00:30:00.000Z,CMO,X,adjusted,channel,12269.443,nT
2026-03-19T00:31:00.000Z,CMO,X,adjusted,channel,12270.692,nT
2026-03-19T00:32:00.000Z,CMO,X,adjusted,channel,12271.204,nT
2026-03-19T00:33:00.000Z,CMO,X,adjusted,channel,12272.382,nT
2026-03-19T00:34:00.000Z,CMO,X,adjusted,channel,12271.511,nT
2026-03-19T00:35:00.000Z,CMO,X,adjusted,channel,12268.872,nT
2026-03-19T00:36:00.000Z,CMO,X,adjusted,channel,12268.842,nT
2026-03-19T00:37:00.000Z,CMO,X,adjusted,channel,12269.039,nT
2026-03-19T00:38:00.000Z,CMO,X,adjusted,channel,12268.432,nT
2026-03-19T00:39:00.000Z,CMO,X,adjusted,channel,12269.121,nT
2026-03-19T00:40:00.000Z,CMO,X,adjusted,channel,12269.23,nT
2026-03-19T00:41:00.000Z,CMO,X,adjusted,channel,12268.857,nT
2026-03-19T00:42:00.000Z,CMO,X,adjusted,channel,12269.269,nT
2026-03-19T00:43:00.000Z,CMO,X,adjusted,channel,12269.376,nT
2026-03-19T00:44:00.000Z,CMO,X,adjusted,channel,12269.122,nT
2026-03-19T00:45:00.000Z,CMO,X,adjusted,channel,12266.878,nT
2026-03-19T00:46:00.000Z,CMO,X,adjusted,channel,12266.268,nT
2026-03-19T00:47:00.000Z,CMO,X,adjusted,channel,12266.64,nT
2026-03-19T00:48:00.000Z,CMO,X,adjusted,channel,12269.357,nT
2026-03-19T00:49:00.000Z,CMO,X,adjusted,channel,12269.517,nT
2026-03-19T00:50:00.000Z,CMO,X,adjusted,channel,12267.659,nT
2026-03-19T00:51:00.000Z,CMO,X,adjusted,channel,12266.062,nT
2026-03-19T00:52:00.000Z,CMO,X,adjusted,channel,12267.32,nT
2026-03-19T00:53:00.000Z,CMO,X,adjusted,channel,12270.519,nT
2026-03-19T00:54:00.000Z,CMO,X,adjusted,channel,12271.322,nT
2026-03-19T00:55:00.000Z,CMO,X,adjusted,channel,12270.641,nT
2026-03-19T00:56:00.000Z,CMO,X,adjusted,channel,12272.559,nT
2026-03-19T00:57:00.000Z,CMO,X,adjusted,channel,12272.969,nT
2026-03-19T00:58:00.000Z,CMO,X,adjusted,channel,12272.79,nT
2026-03-19T00:59:00.000Z,CMO,X,adjusted,channel,12271.939,nT
2026-03-19T01:00:00.000Z,CMO,X,adjusted,channel,12272.462,nT
2026-03-19T01:01:00.000Z,CMO,X,adjusted,channel,12274.934,nT
2026-03-19T01:02:00.000Z,CMO,X,adjusted,channel,12274.172,nT
2026-03-19T01:03:00.000Z,CMO,X,adjusted,channel,12271.092,nT
2026-03-19T01:04:00.000Z,CMO,X,adjusted,channel,12273.495,nT
2026-03-19T01:05:00.000Z,CMO,X,adjusted,channel,12274.969,nT
2026-03-19T01:06:00.000Z,CMO,X,adjusted,channel,12274.554,nT
2026-03-19T01:07:00.000Z,CMO,X,adjusted,channel,12272.504,nT
2026-03-19T01:08:00.000Z,CMO,X,adjusted,channel,12272.345,nT
2026-03-19T01:09:00.000Z,CMO,X,adjusted,channel,12271.336,nT
2026-03-19T01:10:00.000Z,CMO,X,adjusted,channel,12272.382,nT
2026-03-19T01:11:00.000Z,CMO,X,adjusted,channel,12275.019,nT
2026-03-19T01:12:00.000Z,CMO,X,adjusted,channel,12275.363,nT
2026-03-19T01:13:00.000Z,CMO,X,adjusted,channel,12276.096,nT
2026-03-19T01:14:00.000Z,CMO,X,adjusted,channel,12274.873,nT
2026-03-19T01:15:00.000Z,CMO,X,adjusted,channel,12274.071,nT
2026-03-19T01:16:00.000Z,CMO,X,adjusted,channel,12275.176,nT
2026-03-19T01:17:00.000Z,CMO,X,adjusted,channel,12274.625,nT
2026-03-19T01:18:00.000Z,CMO,X,adjusted,channel,12272.6,nT
2026-03-19T01:19:00.000Z,CMO,X,adjusted,channel,12272.026,nT
2026-03-19T01:20:00.000Z,CMO,X,adjusted,channel,12273.746,nT
2026-03-19T01:21:00.000Z,CMO,X,adjusted,channel,12275.447,nT
2026-03-19T01:22:00.000Z,CMO,X,adjusted,channel,12275.951,nT
2026-03-19T01:23:00.000Z,CMO,X,adjusted,channel,12277.952,nT
2026-03-19T01:24:00.000Z,CMO,X,adjusted,channel,12277.488,nT
2026-03-19T01:25:00.000Z,CMO,X,adjusted,channel,12275.757,nT
2026-03-19T01:26:00.000Z,CMO,X,adjusted,channel,12274.613,nT
2026-03-19T01:27:00.000Z,CMO,X,adjusted,channel,12280.398,nT
2026-03-19T01:28:00.000Z,CMO,X,adjusted,channel,12281.752,nT
2026-03-19T01:29:00.000Z,CMO,X,adjusted,channel,12278.799,nT
2026-03-19T01:30:00.000Z,CMO,X,adjusted,channel,12275.924,nT
2026-03-19T01:31:00.000Z,CMO,X,adjusted,channel,12274.994,nT
2026-03-19T01:32:00.000Z,CMO,X,adjusted,channel,12277.967,nT
2026-03-19T01:33:00.000Z,CMO,X,adjusted,channel,12277.944,nT
2026-03-19T01:34:00.000Z,CMO,X,adjusted,channel,12277.69,nT
2026-03-19T01:35:00.000Z,CMO,X,adjusted,channel,12277.126,nT
2026-03-19T01:36:00.000Z,CMO,X,adjusted,channel,12270.598,nT
2026-03-19T01:37:00.000Z,CMO,X,adjusted,channel,12276.066,nT
2026-03-19T01:38:00.000Z,CMO,X,adjusted,channel,12280.497,nT
2026-03-19T01:39:00.000Z,CMO,X,adjusted,channel,12280.584,nT
2026-03-19T01:40:00.000Z,CMO,X,adjusted,channel,12277.222,nT
2026-03-19T01:41:00.000Z,CMO,X,adjusted,channel,12276.939,nT
2026-03-19T01:42:00.000Z,CMO,X,adjusted,channel,12276.668,nT
2026-03-19T01:43:00.000Z,CMO,X,adjusted,channel,12278.89,nT
2026-03-19T01:44:00.000Z,CMO,X,adjusted,channel,12279.123,nT
2026-03-19T01:45:00.000Z,CMO,X,adjusted,channel,12276.343,nT
2026-03-19T01:46:00.000Z,CMO,X,adjusted,channel,12276.806,nT
2026-03-19T01:47:00.000Z,CMO,X,adjusted,channel,12278.278,nT
2026-03-19T01:48:00.000Z,CMO,X,adjusted,channel,12280.127,nT
2026-03-19T01:49:00.000Z,CMO,X,adjusted,channel,12279.305,nT
2026-03-19T01:50:00.000Z,CMO,X,adjusted,channel,12278.444,nT
2026-03-19T01:51:00.000Z,CMO,X,adjusted,channel,12281.664,nT
2026-03-19T01:52:00.000Z,CMO,X,adjusted,channel,12278.895,nT
2026-03-19T01:53:00.000Z,CMO,X,adjusted,channel,12278.661,nT
2026-03-19T01:54:00.000Z,CMO,X,adjusted,channel,12278.093,nT
2026-03-19T01:55:00.000Z,CMO,X,adjusted,channel,12279.632,nT
2026-03-19T01:56:00.000Z,CMO,X,adjusted,channel,12279.842,nT
2026-03-19T01:57:00.000Z,CMO,X,adjusted,channel,12275.555,nT
2026-03-19T01:58:00.000Z,CMO,X,adjusted,channel,12276,nT
2026-03-19T01:59:00.000Z,CMO,X,adjusted,channel,12277.542,nT
2026-03-19T02:00:00.000Z,CMO,X,adjusted,channel,12276.093,nT
2026-03-19T02:01:00.000Z,CMO,X,adjusted,channel,12274.409,nT
2026-03-19T02:02:00.000Z,CMO,X,adjusted,channel,12276.93,nT
2026-03-19T02:03:00.000Z,CMO,X,adjusted,channel,12277.879,nT
2026-03-19T02:04:00.000Z,CMO,X,adjusted,channel,12277.842,nT
2026-03-19T02:05:00.000Z,CMO,X,adjusted,channel,12276.558,nT
2026-03-19T02:06:00.000Z,CMO,X,adjusted,channel,12277.639,nT
2026-03-19T02:07:00.000Z,CMO,X,adjusted,channel,12276.219,nT
2026-03-19T02:08:00.000Z,CMO,X,adjusted,channel,12275.547,nT
2026-03-19T02:09:00.000Z,CMO,X,adjusted,channel,12271.655,nT
2026-03-19T02:10:00.000Z,CMO,X,adjusted,channel,12273.505,nT
2026-03-19T02:11:00.000Z,CMO,X,adjusted,channel,12274.167,nT
2026-03-19T02:12:00.000Z,CMO,X,adjusted,channel,12275.381,nT
2026-03-19T02:13:00.000Z,CMO,X,adjusted,channel,12276.229,nT
2026-03-19T02:14:00.000Z,CMO,X,adjusted,channel,12277.974,nT
2026-03-19T02:15:00.000Z,CMO,X,adjusted,channel,12275.326,nT
2026-03-19T02:16:00.000Z,CMO,X,adjusted,channel,12276.496,nT
2026-03-19T02:17:00.000Z,CMO,X,adjusted,channel,12274.203,nT
2026-03-19T02:18:00.000Z,CMO,X,adjusted,channel,12272.882,nT
2026-03-19T02:19:00.000Z,CMO,X,adjusted,channel,12276.586,nT
2026-03-19T02:20:00.000Z,CMO,X,adjusted,channel,12276.465,nT
2026-03-19T02:21:00.000Z,CMO,X,adjusted,channel,12278.896,nT
2026-03-19T02:22:00.000Z,CMO,X,adjusted,channel,12277.518,nT
2026-03-19T02:23:00.000Z,CMO,X,adjusted,channel,12273.686,nT
2026-03-19T02:24:00.000Z,CMO,X,adjusted,channel,12278.048,nT
2026-03-19T02:25:00.000Z,CMO,X,adjusted,channel,12279.961,nT
2026-03-19T02:26:00.000Z,CMO,X,adjusted,channel,12280.116,nT
2026-03-19T02:27:00.000Z,CMO,X,adjusted,channel,12280.393,nT
2026-03-19T02:28:00.000Z,CMO,X,adjusted,channel,12278.063,nT
2026-03-19T02:29:00.000Z,CMO,X,adjusted,channel,12275.857,nT
2026-03-19T02:30:00.000Z,CMO,X,adjusted,channel,12276.583,nT
2026-03-19T02:31:00.000Z,CMO,X,adjusted,channel,12279.604,nT
2026-03-19T02:32:00.000Z,CMO,X,adjusted,channel,12279.943,nT
2026-03-19T02:33:00.000Z,CMO,X,adjusted,channel,12279.765,nT
2026-03-19T02:34:00.000Z,CMO,X,adjusted,channel,12284.595,nT
2026-03-19T02:35:00.000Z,CMO,X,adjusted,channel,12283.155,nT
2026-03-19T02:36:00.000Z,CMO,X,adjusted,channel,12274.549,nT
2026-03-19T02:37:00.000Z,CMO,X,adjusted,channel,12275.443,nT
2026-03-19T02:38:00.000Z,CMO,X,adjusted,channel,12275.518,nT
2026-03-19T02:39:00.000Z,CMO,X,adjusted,channel,12279.534,nT
2026-03-19T02:40:00.000Z,CMO,X,adjusted,channel,12282.306,nT
2026-03-19T02:41:00.000Z,CMO,X,adjusted,channel,12282.16,nT
2026-03-19T02:42:00.000Z,CMO,X,adjusted,channel,12283.981,nT
2026-03-19T02:43:00.000Z,CMO,X,adjusted,channel,12281.238,nT
2026-03-19T02:44:00.000Z,CMO,X,adjusted,channel,12282.541,nT
2026-03-19T02:45:00.000Z,CMO,X,adjusted,channel,12279.734,nT
2026-03-19T02:46:00.000Z,CMO,X,adjusted,channel,12276.939,nT
2026-03-19T02:47:00.000Z,CMO,X,adjusted,channel,12280.047,nT
2026-03-19T02:48:00.000Z,CMO,X,adjusted,channel,12282.906,nT
2026-03-19T02:49:00.000Z,CMO,X,adjusted,channel,12280.743,nT
2026-03-19T02:50:00.000Z,CMO,X,adjusted,channel,12279.37,nT
2026-03-19T02:51:00.000Z,CMO,X,adjusted,channel,12280.086,nT
2026-03-19T02:52:00.000Z,CMO,X,adjusted,channel,12285.035,nT
2026-03-19T02:53:00.000Z,CMO,X,adjusted,channel,12284.801,nT
2026-03-19T02:54:00.000Z,CMO,X,adjusted,channel,12282.319,nT
2026-03-19T02:55:00.000Z,CMO,X,adjusted,channel,12284.12,nT
2026-03-19T02:56:00.000Z,CMO,X,adjusted,channel,12284.395,nT
2026-03-19T02:57:00.000Z,CMO,X,adjusted,channel,12277.969,nT
2026-03-19T02:58:00.000Z,CMO,X,adjusted,channel,12281.849,nT
2026-03-19T02:59:00.000Z,CMO,X,adjusted,channel,12286.405,nT
2026-03-19T03:00:00.000Z,CMO,X,adjusted,channel,12283.264,nT
2026-03-19T03:01:00.000Z,CMO,X,adjusted,channel,12284.336,nT
2026-03-19T03:02:00.000Z,CMO,X,adjusted,channel,12288.823,nT
2026-03-19T03:03:00.000Z,CMO,X,adjusted,channel,12290.238,nT
2026-03-19T03:04:00.000Z,CMO,X,adjusted,channel,12290.817,nT
2026-03-19T03:05:00.000Z,CMO,X,adjusted,channel,12287.885,nT
2026-03-19T03:06:00.000Z,CMO,X,adjusted,channel,12286.351,nT
2026-03-19T03:07:00.000Z,CMO,X,adjusted,channel,12285.723,nT
2026-03-19T03:08:00.000Z,CMO,X,adjusted,channel,12287.754,nT
2026-03-19T03:09:00.000Z,CMO,X,adjusted,channel,12286.223,nT
2026-03-19T03:10:00.000Z,CMO,X,adjusted,channel,12285.495,nT
2026-03-19T03:11:00.000Z,CMO,X,adjusted,channel,12286.792,nT
2026-03-19T03:12:00.000Z,CMO,X,adjusted,channel,12287.22,nT
2026-03-19T03:13:00.000Z,CMO,X,adjusted,channel,12288.869,nT
2026-03-19T03:14:00.000Z,CMO,X,adjusted,channel,12284.968,nT
2026-03-19T03:15:00.000Z,CMO,X,adjusted,channel,12290.047,nT
2026-03-19T03:16:00.000Z,CMO,X,adjusted,channel,12293.094,nT
2026-03-19T03:17:00.000Z,CMO,X,adjusted,channel,12291.82,nT
2026-03-19T03:18:00.000Z,CMO,X,adjusted,channel,12289.287,nT
2026-03-19T03:19:00.000Z,CMO,X,adjusted,channel,12291.809,nT
2026-03-19T03:20:00.000Z,CMO,X,adjusted,channel,12290.625,nT
2026-03-19T03:21:00.000Z,CMO,X,adjusted,channel,12289.93,nT
2026-03-19T03:22:00.000Z,CMO,X,adjusted,channel,12292.235,nT
2026-03-19T03:23:00.000Z,CMO,X,adjusted,channel,12294.242,nT
2026-03-19T03:24:00.000Z,CMO,X,adjusted,channel,12293.16,nT
2026-03-19T03:25:00.000Z,CMO,X,adjusted,channel,12296.269,nT
2026-03-19T03:26:00.000Z,CMO,X,adjusted,channel,12295.349,nT
2026-03-19T03:27:00.000Z,CMO,X,adjusted,channel,12287.5,nT
2026-03-19T03:28:00.000Z,CMO,X,adjusted,channel,12287.6,nT
2026-03-19T03:29:00.000Z,CMO,X,adjusted,channel,12285.445,nT
2026-03-19T03:30:00.000Z,CMO,X,adjusted,channel,12283.616,nT
2026-03-19T03:31:00.000Z,CMO,X,adjusted,channel,12286.653,nT
2026-03-19T03:32:00.000Z,CMO,X,adjusted,channel,12286.804,nT
2026-03-19T03:33:00.000Z,CMO,X,adjusted,channel,12287.596,nT
2026-03-19T03:34:00.000Z,CMO,X,adjusted,channel,12287.95,nT
2026-03-19T03:35:00.000Z,CMO,X,adjusted,channel,12286.825,nT
2026-03-19T03:36:00.000Z,CMO,X,adjusted,channel,12288.515,nT
2026-03-19T03:37:00.000Z,CMO,X,adjusted,channel,12289.015,nT
2026-03-19T03:38:00.000Z,CMO,X,adjusted,channel,12289.144,nT
2026-03-19T03:39:00.000Z,CMO,X,adjusted,channel,12288.118,nT
2026-03-19T03:40:00.000Z,CMO,X,adjusted,channel,12290.433,nT
2026-03-19T03:41:00.000Z,CMO,X,adjusted,channel,12290.655,nT
2026-03-19T03:42:00.000Z,CMO,X,adjusted,channel,12292.988,nT
2026-03-19T03:43:00.000Z,CMO,X,adjusted,channel,12290.401,nT
2026-03-19T03:44:00.000Z,CMO,X,adjusted,channel,12290.225,nT
2026-03-19T03:45:00.000Z,CMO,X,adjusted,channel,12291.486,nT
2026-03-19T03:46:00.000Z,CMO,X,adjusted,channel,12292.182,nT
2026-03-19T03:47:00.000Z,CMO,X,adjusted,channel,12293.301,nT
2026-03-19T03:48:00.000Z,CMO,X,adjusted,channel,12296.488,nT
2026-03-19T03:49:00.000Z,CMO,X,adjusted,channel,12294.766,nT
2026-03-19T03:50:00.000Z,CMO,X,adjusted,channel,12292.798,nT
2026-03-19T03:51:00.000Z,CMO,X,adjusted,channel,12294.288,nT
2026-03-19T03:52:00.000Z,CMO,X,adjusted,channel,12295.654,nT
2026-03-19T03:53:00.000Z,CMO,X,adjusted,channel,12294.878,nT
2026-03-19T03:54:00.000Z,CMO,X,adjusted,channel,12294.717,nT
2026-03-19T03:55:00.000Z,CMO,X,adjusted,channel,12293.734,nT
2026-03-19T03:56:00.000Z,CMO,X,adjusted,channel,12293.858,nT
2026-03-19T03:57:00.000Z,CMO,X,adjusted,channel,12293.889,nT
2026-03-19T03:58:00.000Z,CMO,X,adjusted,channel,12293.785,nT
2026-03-19T03:59:00.000Z,CMO,X,adjusted,channel,12296.509,nT
2026-03-19T04:00:00.000Z,CMO,X,adjusted,channel,12297.738,nT
2026-03-19T04:01:00.000Z,CMO,X,adjusted,channel,12297.987,nT
2026-03-19T04:02:00.000Z,CMO,X,adjusted,channel,12299.38,nT
2026-03-19T04:03:00.000Z,CMO,X,adjusted,channel,12298.933,nT
2026-03-19T04:04:00.000Z,CMO,X,adjusted,channel,12299.062,nT
2026-03-19T04:05:00.000Z,CMO,X,adjusted,channel,12300.695,nT
2026-03-19T04:06:00.000Z,CMO,X,adjusted,channel,12302.58,nT
2026-03-19T04:07:00.000Z,CMO,X,adjusted,channel,12303.18,nT
2026-03-19T04:08:00.000Z,CMO,X,adjusted,channel,12302.132,nT
2026-03-19T04:09:00.000Z,CMO,X,adjusted,channel,12300.588,nT
2026-03-19T04:10:00.000Z,CMO,X,adjusted,channel,12298.048,nT
2026-03-19T04:11:00.000Z,CMO,X,adjusted,channel,12296.287,nT
2026-03-19T04:12:00.000Z,CMO,X,adjusted,channel,12296.376,nT
2026-03-19T04:13:00.000Z,CMO,X,adjusted,channel,12296.559,nT
2026-03-19T04:14:00.000Z,CMO,X,adjusted,channel,12297.416,nT
2026-03-19T04:15:00.000Z,CMO,X,adjusted,channel,12297.849,nT
2026-03-19T04:16:00.000Z,CMO,X,adjusted,channel,12297.537,nT
2026-03-19T04:17:00.000Z,CMO,X,adjusted,channel,12296.593,nT
2026-03-19T04:18:00.000Z,CMO,X,adjusted,channel,12295.4,nT
2026-03-19T04:19:00.000Z,CMO,X,adjusted,channel,12295.926,nT
2026-03-19T04:20:00.000Z,CMO,X,adjusted,channel,12296.721,nT
2026-03-19T04:21:00.000Z,CMO,X,adjusted,channel,12296.481,nT
2026-03-19T04:22:00.000Z,CMO,X,adjusted,channel,12295.828,nT
2026-03-19T04:23:00.000Z,CMO,X,adjusted,channel,12297.333,nT
2026-03-19T04:24:00.000Z,CMO,X,adjusted,channel,12297.477,nT
2026-03-19T04:25:00.000Z,CMO,X,adjusted,channel,12289.981,nT
2026-03-19T04:26:00.000Z,CMO,X,adjusted,channel,12290.863,nT
2026-03-19T04:27:00.000Z,CMO,X,adjusted,channel,12295.276,nT
2026-03-19T04:28:00.000Z,CMO,X,adjusted,channel,12296.914,nT
2026-03-19T04:29:00.000Z,CMO,X,adjusted,channel,12296.205,nT
2026-03-19T04:30:00.000Z,CMO,X,adjusted,channel,12295.148,nT
2026-03-19T04:31:00.000Z,CMO,X,adjusted,channel,12294.151,nT
2026-03-19T04:32:00.000Z,CMO,X,adjusted,channel,12296.2,nT
2026-03-19T04:33:00.000Z,CMO,X,adjusted,channel,12297.395,nT
2026-03-19T04:34:00.000Z,CMO,X,adjusted,channel,12296.239,nT
2026-03-19T04:35:00.000Z,CMO,X,adjusted,channel,12296.186,nT
2026-03-19T04:36:00.000Z,CMO,X,adjusted,channel,12296.056,nT
2026-03-19T04:37:00.000Z,CMO,X,adjusted,channel,12297.551,nT
2026-03-19T04:38:00.000Z,CMO,X,adjusted,channel,12298.582,nT
2026-03-19T04:39:00.000Z,CMO,X,adjusted,channel,12296.779,nT
2026-03-19T04:40:00.000Z,CMO,X,adjusted,channel,12295.78,nT
2026-03-19T04:41:00.000Z,CMO,X,adjusted,channel,12295.474,nT
2026-03-19T04:42:00.000Z,CMO,X,adjusted,channel,12295.775,nT
2026-03-19T04:43:00.000Z,CMO,X,adjusted,channel,12297.065,nT
2026-03-19T04:44:00.000Z,CMO,X,adjusted,channel,12295.408,nT
2026-03-19T04:45:00.000Z,CMO,X,adjusted,channel,12296.219,nT
2026-03-19T04:46:00.000Z,CMO,X,adjusted,channel,12297.077,nT
2026-03-19T04:47:00.000Z,CMO,X,adjusted,channel,12294.698,nT
2026-03-19T04:48:00.000Z,CMO,X,adjusted,channel,12292.547,nT
2026-03-19T04:49:00.000Z,CMO,X,adjusted,channel,12292.066,nT
2026-03-19T04:50:00.000Z,CMO,X,adjusted,channel,12292.06,nT
2026-03-19T04:51:00.000Z,CMO,X,adjusted,channel,12291.934,nT
2026-03-19T04:52:00.000Z,CMO,X,adjusted,channel,12291.292,nT
2026-03-19T04:53:00.000Z,CMO,X,adjusted,channel,12292.201,nT
2026-03-19T04:54:00.000Z,CMO,X,adjusted,channel,12292.888,nT
2026-03-19T04:55:00.000Z,CMO,X,adjusted,channel,12292.754,nT
2026-03-19T04:56:00.000Z,CMO,X,adjusted,channel,12293.858,nT
2026-03-19T04:57:00.000Z,CMO,X,adjusted,channel,12293.643,nT
2026-03-19T04:58:00.000Z,CMO,X,adjusted,channel,12293.845,nT
2026-03-19T04:59:00.000Z,CMO,X,adjusted,channel,12295.265,nT
2026-03-19T05:00:00.000Z,CMO,X,adjusted,channel,12295.324,nT
2026-03-19T05:01:00.000Z,CMO,X,adjusted,channel,12294.661,nT
2026-03-19T05:02:00.000Z,CMO,X,adjusted,channel,12295.13,nT
2026-03-19T05:03:00.000Z,CMO,X,adjusted,channel,12294.782,nT
2026-03-19T05:04:00.000Z,CMO,X,adjusted,channel,12294.608,nT
2026-03-19T05:05:00.000Z,CMO,X,adjusted,channel,12295.991,nT
2026-03-19T05:06:00.000Z,CMO,X,adjusted,channel,12295.997,nT
2026-03-19T05:07:00.000Z,CMO,X,adjusted,channel,12295.535,nT
2026-03-19T05:08:00.000Z,CMO,X,adjusted,channel,12295.438,nT
2026-03-19T05:09:00.000Z,CMO,X,adjusted,channel,12294.468,nT
2026-03-19T05:10:00.000Z,CMO,X,adjusted,channel,12294.786,nT
2026-03-19T05:11:00.000Z,CMO,X,adjusted,channel,12294.839,nT
2026-03-19T05:12:00.000Z,CMO,X,adjusted,channel,12293.969,nT
2026-03-19T05:13:00.000Z,CMO,X,adjusted,channel,12294.619,nT
2026-03-19T05:14:00.000Z,CMO,X,adjusted,channel,12294.468,nT
2026-03-19T05:15:00.000Z,CMO,X,adjusted,channel,12294.058,nT
2026-03-19T05:16:00.000Z,CMO,X,adjusted,channel,12294.732,nT
2026-03-19T05:17:00.000Z,CMO,X,adjusted,channel,12294.686,nT
2026-03-19T05:18:00.000Z,CMO,X,adjusted,channel,12293.577,nT
2026-03-19T05:19:00.000Z,CMO,X,adjusted,channel,12294.632,nT
2026-03-19T05:20:00.000Z,CMO,X,adjusted,channel,12295.455,nT
2026-03-19T05:21:00.000Z,CMO,X,adjusted,channel,12294.781,nT
2026-03-19T05:22:00.000Z,CMO,X,adjusted,channel,12294.752,nT
2026-03-19T05:23:00.000Z,CMO,X,adjusted,channel,12292.764,nT
2026-03-19T05:24:00.000Z,CMO,X,adjusted,channel,12290.593,nT
2026-03-19T05:25:00.000Z,CMO,X,adjusted,channel,12292.977,nT
2026-03-19T05:26:00.000Z,CMO,X,adjusted,channel,12293.656,nT
2026-03-19T05:27:00.000Z,CMO,X,adjusted,channel,12294.735,nT
2026-03-19T05:28:00.000Z,CMO,X,adjusted,channel,12293.843,nT
2026-03-19T05:29:00.000Z,CMO,X,adjusted,channel,12293.099,nT
2026-03-19T05:30:00.000Z,CMO,X,adjusted,channel,12291.807,nT
2026-03-19T05:31:00.000Z,CMO,X,adjusted,channel,12291.811,nT
2026-03-19T05:32:00.000Z,CMO,X,adjusted,channel,12293.059,nT
2026-03-19T05:33:00.000Z,CMO,X,adjusted,channel,12291.988,nT
2026-03-19T05:34:00.000Z,CMO,X,adjusted,channel,12291.17,nT
2026-03-19T05:35:00.000Z,CMO,X,adjusted,channel,12290.505,nT
2026-03-19T05:36:00.000Z,CMO,X,adjusted,channel,12292.362,nT
2026-03-19T05:37:00.000Z,CMO,X,adjusted,channel,12291.973,nT
2026-03-19T05:38:00.000Z,CMO,X,adjusted,channel,12291.725,nT
2026-03-19T05:39:00.000Z,CMO,X,adjusted,channel,12292.513,nT
2026-03-19T05:40:00.000Z,CMO,X,adjusted,channel,12292.631,nT
2026-03-19T05:41:00.000Z,CMO,X,adjusted,channel,12293.032,nT
2026-03-19T05:42:00.000Z,CMO,X,adjusted,channel,12293.389,nT
2026-03-19T05:43:00.000Z,CMO,X,adjusted,channel,12295.995,nT
2026-03-19T05:44:00.000Z,CMO,X,adjusted,channel,12295.54,nT
2026-03-19T05:45:00.000Z,CMO,X,adjusted,channel,12293.71,nT
2026-03-19T05:46:00.000Z,CMO,X,adjusted,channel,12294.9,nT
2026-03-19T05:47:00.000Z,CMO,X,adjusted,channel,12296.394,nT
2026-03-19T05:48:00.000Z,CMO,X,adjusted,channel,12295.371,nT
2026-03-19T05:49:00.000Z,CMO,X,adjusted,channel,12295.046,nT
2026-03-19T05:50:00.000Z,CMO,X,adjusted,channel,12296.998,nT
2026-03-19T05:51:00.000Z,CMO,X,adjusted,channel,12297.877,nT
2026-03-19T05:52:00.000Z,CMO,X,adjusted,channel,12297.76,nT
2026-03-19T05:53:00.000Z,CMO,X,adjusted,channel,12294.745,nT
2026-03-19T05:54:00.000Z,CMO,X,adjusted,channel,12294.939,nT
2026-03-19T05:55:00.000Z,CMO,X,adjusted,channel,12294.074,nT
2026-03-19T05:56:00.000Z,CMO,X,adjusted,channel,12294.775,nT
2026-03-19T05:57:00.000Z,CMO,X,adjusted,channel,12295.707,nT
2026-03-19T05:58:00.000Z,CMO,X,adjusted,channel,12297.407,nT
2026-03-19T05:59:00.000Z,CMO,X,adjusted,channel,12297.112,nT
2026-03-19T06:00:00.000Z,CMO,X,adjusted,channel,12297.813,nT
2026-03-19T06:01:00.000Z,CMO,X,adjusted,channel,12299.148,nT
2026-03-19T06:02:00.000Z,CMO,X,adjusted,channel,12298.485,nT
2026-03-19T06:03:00.000Z,CMO,X,adjusted,channel,12297.909,nT
2026-03-19T06:04:00.000Z,CMO,X,adjusted,channel,12298,nT
2026-03-19T06:05:00.000Z,CMO,X,adjusted,channel,12294.521,nT
2026-03-19T06:06:00.000Z,CMO,X,adjusted,channel,12293.216,nT
2026-03-19T06:07:00.000Z,CMO,X,adjusted,channel,12292.208,nT
2026-03-19T06:08:00.000Z,CMO,X,adjusted,channel,12293.033,nT
2026-03-19T06:09:00.000Z,CMO,X,adjusted,channel,12295.608,nT
2026-03-19T06:10:00.000Z,CMO,X,adjusted,channel,12296.691,nT
2026-03-19T06:11:00.000Z,CMO,X,adjusted,channel,12298.468,nT
2026-03-19T06:12:00.000Z,CMO,X,adjusted,channel,12297.614,nT
2026-03-19T06:13:00.000Z,CMO,X,adjusted,channel,12297.643,nT
2026-03-19T06:14:00.000Z,CMO,X,adjusted,channel,12297.554,nT
2026-03-19T06:15:00.000Z,CMO,X,adjusted,channel,12296.735,nT
2026-03-19T06:16:00.000Z,CMO,X,adjusted,channel,12294.922,nT
2026-03-19T06:17:00.000Z,CMO,X,adjusted,channel,12292.381,nT
2026-03-19T06:18:00.000Z,CMO,X,adjusted,channel,12292.386,nT
2026-03-19T06:19:00.000Z,CMO,X,adjusted,channel,12294.354,nT
2026-03-19T06:20:00.000Z,CMO,X,adjusted,channel,12296.194,nT
2026-03-19T06:21:00.000Z,CMO,X,adjusted,channel,12298.59,nT
2026-03-19T06:22:00.000Z,CMO,X,adjusted,channel,12299.393,nT
2026-03-19T06:23:00.000Z,CMO,X,adjusted,channel,12298.237,nT
2026-03-19T06:24:00.000Z,CMO,X,adjusted,channel,12296.263,nT
2026-03-19T06:25:00.000Z,CMO,X,adjusted,channel,12295.313,nT
2026-03-19T06:26:00.000Z,CMO,X,adjusted,channel,12295.643,nT
2026-03-19T06:27:00.000Z,CMO,X,adjusted,channel,12295.71,nT
2026-03-19T06:28:00.000Z,CMO,X,adjusted,channel,12295.304,nT
2026-03-19T06:29:00.000Z,CMO,X,adjusted,channel,12297.023,nT
2026-03-19T06:30:00.000Z,CMO,X,adjusted,channel,12298.122,nT
2026-03-19T06:31:00.000Z,CMO,X,adjusted,channel,12298.53,nT
2026-03-19T06:32:00.000Z,CMO,X,adjusted,channel,12298.479,nT
2026-03-19T06:33:00.000Z,CMO,X,adjusted,channel,12297.837,nT
2026-03-19T06:34:00.000Z,CMO,X,adjusted,channel,12296.959,nT
2026-03-19T06:35:00.000Z,CMO,X,adjusted,channel,12297.542,nT
2026-03-19T06:36:00.000Z,CMO,X,adjusted,channel,12296.252,nT
2026-03-19T06:37:00.000Z,CMO,X,adjusted,channel,12295.546,nT
2026-03-19T06:38:00.000Z,CMO,X,adjusted,channel,12296.116,nT
2026-03-19T06:39:00.000Z,CMO,X,adjusted,channel,12296.186,nT
2026-03-19T06:40:00.000Z,CMO,X,adjusted,channel,12295.807,nT
2026-03-19T06:41:00.000Z,CMO,X,adjusted,channel,12295.687,nT
2026-03-19T06:42:00.000Z,CMO,X,adjusted,channel,12295.783,nT
2026-03-19T06:43:00.000Z,CMO,X,adjusted,channel,12295.513,nT
2026-03-19T06:44:00.000Z,CMO,X,adjusted,channel,12295.679,nT
2026-03-19T06:45:00.000Z,CMO,X,adjusted,channel,12295.679,nT
2026-03-19T06:46:00.000Z,CMO,X,adjusted,channel,12294.9,nT
2026-03-19T06:47:00.000Z,CMO,X,adjusted,channel,12294.642,nT
2026-03-19T06:48:00.000Z,CMO,X,adjusted,channel,12295.604,nT
2026-03-19T06:49:00.000Z,CMO,X,adjusted,channel,12296.487,nT
2026-03-19T06:50:00.000Z,CMO,X,adjusted,channel,12294.598,nT
2026-03-19T06:51:00.000Z,CMO,X,adjusted,channel,12293.995,nT
2026-03-19T06:52:00.000Z,CMO,X,adjusted,channel,12293.134,nT
2026-03-19T06:53:00.000Z,CMO,X,adjusted,channel,12293.249,nT
2026-03-19T06:54:00.000Z,CMO,X,adjusted,channel,12293.636,nT
2026-03-19T06:55:00.000Z,CMO,X,adjusted,channel,12293.812,nT
2026-03-19T06:56:00.000Z,CMO,X,adjusted,channel,12293.695,nT
2026-03-19T06:57:00.000Z,CMO,X,adjusted,channel,12292.784,nT
2026-03-19T06:58:00.000Z,CMO,X,adjusted,channel,12292.349,nT
2026-03-19T06:59:00.000Z,CMO,X,adjusted,channel,12292.591,nT
2026-03-19T07:00:00.000Z,CMO,X,adjusted,channel,12291.792,nT
2026-03-19T07:01:00.000Z,CMO,X,adjusted,channel,12291.127,nT
2026-03-19T07:02:00.000Z,CMO,X,adjusted,channel,12293.031,nT
2026-03-19T07:03:00.000Z,CMO,X,adjusted,channel,12293.831,nT
2026-03-19T07:04:00.000Z,CMO,X,adjusted,channel,12296.007,nT
2026-03-19T07:05:00.000Z,CMO,X,adjusted,channel,12293.825,nT
2026-03-19T07:06:00.000Z,CMO,X,adjusted,channel,12293.521,nT
2026-03-19T07:07:00.000Z,CMO,X,adjusted,channel,12296.018,nT
2026-03-19T07:08:00.000Z,CMO,X,adjusted,channel,12295.347,nT
2026-03-19T07:09:00.000Z,CMO,X,adjusted,channel,12293.215,nT
2026-03-19T07:10:00.000Z,CMO,X,adjusted,channel,12292.836,nT
2026-03-19T07:11:00.000Z,CMO,X,adjusted,channel,12294.078,nT
2026-03-19T07:12:00.000Z,CMO,X,adjusted,channel,12293.732,nT
2026-03-19T07:13:00.000Z,CMO,X,adjusted,channel,12294.435,nT
2026-03-19T07:14:00.000Z,CMO,X,adjusted,channel,12294.037,nT
2026-03-19T07:15:00.000Z,CMO,X,adjusted,channel,12293.293,nT
2026-03-19T07:16:00.000Z,CMO,X,adjusted,channel,12293.18,nT
2026-03-19T07:17:00.000Z,CMO,X,adjusted,channel,12293.126,nT
2026-03-19T07:18:00.000Z,CMO,X,adjusted,channel,12292.291,nT
2026-03-19T07:19:00.000Z,CMO,X,adjusted,channel,12292.17,nT
2026-03-19T07:20:00.000Z,CMO,X,adjusted,channel,12293.345,nT
2026-03-19T07:21:00.000Z,CMO,X,adjusted,channel,12292.548,nT
2026-03-19T07:22:00.000Z,CMO,X,adjusted,channel,12292.169,nT
2026-03-19T07:23:00.000Z,CMO,X,adjusted,channel,12291.64,nT
2026-03-19T07:24:00.000Z,CMO,X,adjusted,channel,12291.649,nT
2026-03-19T07:25:00.000Z,CMO,X,adjusted,channel,12291.211,nT
2026-03-19T07:26:00.000Z,CMO,X,adjusted,channel,12291.096,nT
2026-03-19T07:27:00.000Z,CMO,X,adjusted,channel,12290.818,nT
2026-03-19T07:28:00.000Z,CMO,X,adjusted,channel,12291.245,nT
2026-03-19T07:29:00.000Z,CMO,X,adjusted,channel,12292.783,nT
2026-03-19T07:30:00.000Z,CMO,X,adjusted,channel,12293.938,nT
2026-03-19T07:31:00.000Z,CMO,X,adjusted,channel,12294.127,nT
2026-03-19T07:32:00.000Z,CMO,X,adjusted,channel,12295.236,nT
2026-03-19T07:33:00.000Z,CMO,X,adjusted,channel,12296.116,nT
2026-03-19T07:34:00.000Z,CMO,X,adjusted,channel,12296.071,nT
2026-03-19T07:35:00.000Z,CMO,X,adjusted,channel,12295.689,nT
2026-03-19T07:36:00.000Z,CMO,X,adjusted,channel,12296.974,nT
2026-03-19T07:37:00.000Z,CMO,X,adjusted,channel,12297.743,nT
2026-03-19T07:38:00.000Z,CMO,X,adjusted,channel,12297.874,nT
2026-03-19T07:39:00.000Z,CMO,X,adjusted,channel,12298.185,nT
2026-03-19T07:40:00.000Z,CMO,X,adjusted,channel,12299.164,nT
2026-03-19T07:41:00.000Z,CMO,X,adjusted,channel,12299.273,nT
2026-03-19T07:42:00.000Z,CMO,X,adjusted,channel,12299.499,nT
2026-03-19T07:43:00.000Z,CMO,X,adjusted,channel,12298.842,nT
2026-03-19T07:44:00.000Z,CMO,X,adjusted,channel,12298.9,nT
2026-03-19T07:45:00.000Z,CMO,X,adjusted,channel,12298.435,nT
2026-03-19T07:46:00.000Z,CMO,X,adjusted,channel,12298.052,nT
2026-03-19T07:47:00.000Z,CMO,X,adjusted,channel,12298.018,nT
2026-03-19T07:48:00.000Z,CMO,X,adjusted,channel,12297.961,nT
2026-03-19T07:49:00.000Z,CMO,X,adjusted,channel,12297.965,nT
2026-03-19T07:50:00.000Z,CMO,X,adjusted,channel,12297.727,nT
2026-03-19T07:51:00.000Z,CMO,X,adjusted,channel,12297.153,nT
2026-03-19T07:52:00.000Z,CMO,X,adjusted,channel,12296.694,nT
2026-03-19T07:53:00.000Z,CMO,X,adjusted,channel,12296.722,nT
2026-03-19T07:54:00.000Z,CMO,X,adjusted,channel,12296.562,nT
2026-03-19T07:55:00.000Z,CMO,X,adjusted,channel,12295.955,nT
2026-03-19T07:56:00.000Z,CMO,X,adjusted,channel,12295.674,nT
2026-03-19T07:57:00.000Z,CMO,X,adjusted,channel,12295.761,nT
2026-03-19T07:58:00.000Z,CMO,X,adjusted,channel,12295.386,nT
2026-03-19T07:59:00.000Z,CMO,X,adjusted,channel,12295.435,nT
2026-03-19T08:00:00.000Z,CMO,X,adjusted,channel,12295.763,nT
2026-03-19T08:01:00.000Z,CMO,X,adjusted,channel,12295.962,nT
2026-03-19T08:02:00.000Z,CMO,X,adjusted,channel,12296.348,nT
2026-03-19T08:03:00.000Z,CMO,X,adjusted,channel,12296.376,nT
2026-03-19T08:04:00.000Z,CMO,X,adjusted,channel,12296.394,nT
2026-03-19T08:05:00.000Z,CMO,X,adjusted,channel,12296.966,nT
2026-03-19T08:06:00.000Z,CMO,X,adjusted,channel,12297.281,nT
2026-03-19T08:07:00.000Z,CMO,X,adjusted,channel,12296.736,nT
2026-03-19T08:08:00.000Z,CMO,X,adjusted,channel,12296.583,nT
2026-03-19T08:09:00.000Z,CMO,X,adjusted,channel,12297.031,nT
2026-03-19T08:10:00.000Z,CMO,X,adjusted,channel,12296.866,nT
2026-03-19T08:11:00.000Z,CMO,X,adjusted,channel,12296.464,nT
2026-03-19T08:12:00.000Z,CMO,X,adjusted,channel,12296.484,nT
2026-03-19T08:13:00.000Z,CMO,X,adjusted,channel,12296.743,nT
2026-03-19T08:14:00.000Z,CMO,X,adjusted,channel,12296.913,nT
2026-03-19T08:15:00.000Z,CMO,X,adjusted,channel,12297.223,nT
2026-03-19T08:16:00.000Z,CMO,X,adjusted,channel,12297.516,nT
2026-03-19T08:17:00.000Z,CMO,X,adjusted,channel,12297.919,nT
2026-03-19T08:18:00.000Z,CMO,X,adjusted,channel,12297.755,nT
2026-03-19T08:19:00.000Z,CMO,X,adjusted,channel,12297.51,nT
2026-03-19T08:20:00.000Z,CMO,X,adjusted,channel,12296.972,nT
2026-03-19T08:21:00.000Z,CMO,X,adjusted,channel,12296.246,nT
2026-03-19T08:22:00.000Z,CMO,X,adjusted,channel,12295.989,nT
2026-03-19T08:23:00.000Z,CMO,X,adjusted,channel,12295.511,nT
2026-03-19T08:24:00.000Z,CMO,X,adjusted,channel,12295.824,nT
2026-03-19T08:25:00.000Z,CMO,X,adjusted,channel,12295.449,nT
2026-03-19T08:26:00.000Z,CMO,X,adjusted,channel,12294.52,nT
2026-03-19T08:27:00.000Z,CMO,X,adjusted,channel,12294.946,nT
2026-03-19T08:28:00.000Z,CMO,X,adjusted,channel,12295.082,nT
2026-03-19T08:29:00.000Z,CMO,X,adjusted,channel,12294.958,nT
2026-03-19T08:30:00.000Z,CMO,X,adjusted,channel,12294.62,nT
2026-03-19T08:31:00.000Z,CMO,X,adjusted,channel,12295.446,nT
2026-03-19T08:32:00.000Z,CMO,X,adjusted,channel,12295.438,nT
2026-03-19T08:33:00.000Z,CMO,X,adjusted,channel,12295.34,nT
2026-03-19T08:34:00.000Z,CMO,X,adjusted,channel,12295.083,nT
2026-03-19T08:35:00.000Z,CMO,X,adjusted,channel,12295.332,nT
2026-03-19T08:36:00.000Z,CMO,X,adjusted,channel,12295.437,nT
2026-03-19T08:37:00.000Z,CMO,X,adjusted,channel,12295.283,nT
2026-03-19T08:38:00.000Z,CMO,X,adjusted,channel,12295.15,nT
2026-03-19T08:39:00.000Z,CMO,X,adjusted,channel,12295.432,nT
2026-03-19T08:40:00.000Z,CMO,X,adjusted,channel,12295.903,nT
2026-03-19T08:41:00.000Z,CMO,X,adjusted,channel,12295.687,nT
2026-03-19T08:42:00.000Z,CMO,X,adjusted,channel,12295.758,nT
2026-03-19T08:43:00.000Z,CMO,X,adjusted,channel,12295.802,nT
2026-03-19T08:44:00.000Z,CMO,X,adjusted,channel,12295.769,nT
2026-03-19T08:45:00.000Z,CMO,X,adjusted,channel,12295.588,nT
2026-03-19T08:46:00.000Z,CMO,X,adjusted,channel,12295.773,nT
2026-03-19T08:47:00.000Z,CMO,X,adjusted,channel,12295.794,nT
2026-03-19T08:48:00.000Z,CMO,X,adjusted,channel,12295.79,nT
2026-03-19T08:49:00.000Z,CMO,X,adjusted,channel,12295.907,nT
2026-03-19T08:50:00.000Z,CMO,X,adjusted,channel,12295.488,nT
2026-03-19T08:51:00.000Z,CMO,X,adjusted,channel,12295.374,nT
2026-03-19T08:52:00.000Z,CMO,X,adjusted,channel,12295.84,nT
2026-03-19T08:53:00.000Z,CMO,X,adjusted,channel,12296.47,nT
2026-03-19T08:54:00.000Z,CMO,X,adjusted,channel,12296.748,nT
2026-03-19T08:55:00.000Z,CMO,X,adjusted,channel,12296.669,nT
2026-03-19T08:56:00.000Z,CMO,X,adjusted,channel,12296.545,nT
2026-03-19T08:57:00.000Z,CMO,X,adjusted,channel,12296.137,nT
2026-03-19T08:58:00.000Z,CMO,X,adjusted,channel,12295.914,nT
2026-03-19T08:59:00.000Z,CMO,X,adjusted,channel,12295.601,nT
2026-03-19T09:00:00.000Z,CMO,X,adjusted,channel,12295.397,nT
2026-03-19T09:01:00.000Z,CMO,X,adjusted,channel,12295.469,nT
2026-03-19T09:02:00.000Z,CMO,X,adjusted,channel,12295.318,nT
2026-03-19T09:03:00.000Z,CMO,X,adjusted,channel,12295.933,nT
2026-03-19T09:04:00.000Z,CMO,X,adjusted,channel,12296.782,nT
2026-03-19T09:05:00.000Z,CMO,X,adjusted,channel,12298.093,nT
2026-03-19T09:06:00.000Z,CMO,X,adjusted,channel,12298.723,nT
2026-03-19T09:07:00.000Z,CMO,X,adjusted,channel,12298.736,nT
2026-03-19T09:08:00.000Z,CMO,X,adjusted,channel,12299.626,nT
2026-03-19T09:09:00.000Z,CMO,X,adjusted,channel,12299.625,nT
2026-03-19T09:10:00.000Z,CMO,X,adjusted,channel,12298.175,nT
2026-03-19T09:11:00.000Z,CMO,X,adjusted,channel,12298.281,nT
2026-03-19T09:12:00.000Z,CMO,X,adjusted,channel,12298.886,nT
2026-03-19T09:13:00.000Z,CMO,X,adjusted,channel,12300.424,nT
2026-03-19T09:14:00.000Z,CMO,X,adjusted,channel,12300.16,nT
2026-03-19T09:15:00.000Z,CMO,X,adjusted,channel,12297.994,nT
2026-03-19T09:16:00.000Z,CMO,X,adjusted,channel,12295.635,nT
2026-03-19T09:17:00.000Z,CMO,X,adjusted,channel,12295.348,nT
2026-03-19T09:18:00.000Z,CMO,X,adjusted,channel,12296.207,nT
2026-03-19T09:19:00.000Z,CMO,X,adjusted,channel,12296.963,nT
2026-03-19T09:20:00.000Z,CMO,X,adjusted,channel,12295.699,nT
2026-03-19T09:21:00.000Z,CMO,X,adjusted,channel,12294.749,nT
2026-03-19T09:22:00.000Z,CMO,X,adjusted,channel,12295.537,nT
2026-03-19T09:23:00.000Z,CMO,X,adjusted,channel,12296.902,nT
2026-03-19T09:24:00.000Z,CMO,X,adjusted,channel,12296.985,nT
2026-03-19T09:25:00.000Z,CMO,X,adjusted,channel,12297.285,nT
2026-03-19T09:26:00.000Z,CMO,X,adjusted,channel,12297.29,nT
2026-03-19T09:27:00.000Z,CMO,X,adjusted,channel,12298.033,nT
2026-03-19T09:28:00.000Z,CMO,X,adjusted,channel,12299.226,nT
2026-03-19T09:29:00.000Z,CMO,X,adjusted,channel,12300.058,nT
2026-03-19T09:30:00.000Z,CMO,X,adjusted,channel,12300.529,nT
2026-03-19T09:31:00.000Z,CMO,X,adjusted,channel,12300.696,nT
2026-03-19T09:32:00.000Z,CMO,X,adjusted,channel,12300.595,nT
2026-03-19T09:33:00.000Z,CMO,X,adjusted,channel,12300.194,nT
2026-03-19T09:34:00.000Z,CMO,X,adjusted,channel,12299.779,nT
2026-03-19T09:35:00.000Z,CMO,X,adjusted,channel,12300.437,nT
2026-03-19T09:36:00.000Z,CMO,X,adjusted,channel,12300.132,nT
2026-03-19T09:37:00.000Z,CMO,X,adjusted,channel,12299.371,nT
2026-03-19T09:38:00.000Z,CMO,X,adjusted,channel,12299.202,nT
2026-03-19T09:39:00.000Z,CMO,X,adjusted,channel,12299.908,nT
2026-03-19T09:40:00.000Z,CMO,X,adjusted,channel,12299.821,nT
2026-03-19T09:41:00.000Z,CMO,X,adjusted,channel,12299.599,nT
2026-03-19T09:42:00.000Z,CMO,X,adjusted,channel,12298.954,nT
2026-03-19T09:43:00.000Z,CMO,X,adjusted,channel,12298.415,nT
2026-03-19T09:44:00.000Z,CMO,X,adjusted,channel,12299.227,nT
2026-03-19T09:45:00.000Z,CMO,X,adjusted,channel,12299.717,nT
2026-03-19T09:46:00.000Z,CMO,X,adjusted,channel,12299.697,nT
2026-03-19T09:47:00.000Z,CMO,X,adjusted,channel,12299.518,nT
2026-03-19T09:48:00.000Z,CMO,X,adjusted,channel,12299.366,nT
2026-03-19T09:49:00.000Z,CMO,X,adjusted,channel,12298.818,nT
2026-03-19T09:50:00.000Z,CMO,X,adjusted,channel,12298.415,nT
2026-03-19T09:51:00.000Z,CMO,X,adjusted,channel,12298.337,nT
2026-03-19T09:52:00.000Z,CMO,X,adjusted,channel,12298.228,nT
2026-03-19T09:53:00.000Z,CMO,X,adjusted,channel,12298.039,nT
2026-03-19T09:54:00.000Z,CMO,X,adjusted,channel,12298.151,nT
2026-03-19T09:55:00.000Z,CMO,X,adjusted,channel,12297.917,nT
2026-03-19T09:56:00.000Z,CMO,X,adjusted,channel,12297.906,nT
2026-03-19T09:57:00.000Z,CMO,X,adjusted,channel,12297.504,nT
2026-03-19T09:58:00.000Z,CMO,X,adjusted,channel,12296.89,nT
2026-03-19T09:59:00.000Z,CMO,X,adjusted,channel,12296.236,nT
2026-03-19T10:00:00.000Z,CMO,X,adjusted,channel,12295.799,nT
2026-03-19T10:01:00.000Z,CMO,X,adjusted,channel,12295.502,nT
2026-03-19T10:02:00.000Z,CMO,X,adjusted,channel,12295.373,nT
2026-03-19T10:03:00.000Z,CMO,X,adjusted,channel,12295.373,nT
2026-03-19T10:04:00.000Z,CMO,X,adjusted,channel,12295.023,nT
2026-03-19T10:05:00.000Z,CMO,X,adjusted,channel,12294.403,nT
2026-03-19T10:06:00.000Z,CMO,X,adjusted,channel,12294.836,nT
2026-03-19T10:07:00.000Z,CMO,X,adjusted,channel,12294.466,nT
2026-03-19T10:08:00.000Z,CMO,X,adjusted,channel,12294.135,nT
2026-03-19T10:09:00.000Z,CMO,X,adjusted,channel,12293.53,nT
2026-03-19T10:10:00.000Z,CMO,X,adjusted,channel,12292.923,nT
2026-03-19T10:11:00.000Z,CMO,X,adjusted,channel,12292.556,nT
2026-03-19T10:12:00.000Z,CMO,X,adjusted,channel,12292.335,nT
2026-03-19T10:13:00.000Z,CMO,X,adjusted,channel,12291.765,nT
2026-03-19T10:14:00.000Z,CMO,X,adjusted,channel,12292.412,nT
2026-03-19T10:15:00.000Z,CMO,X,adjusted,channel,12291.599,nT
2026-03-19T10:16:00.000Z,CMO,X,adjusted,channel,12292.226,nT
2026-03-19T10:17:00.000Z,CMO,X,adjusted,channel,12292.592,nT
2026-03-19T10:18:00.000Z,CMO,X,adjusted,channel,12293.124,nT
2026-03-19T10:19:00.000Z,CMO,X,adjusted,channel,12293.323,nT
2026-03-19T10:20:00.000Z,CMO,X,adjusted,channel,12293.599,nT
2026-03-19T10:21:00.000Z,CMO,X,adjusted,channel,12293.395,nT
2026-03-19T10:22:00.000Z,CMO,X,adjusted,channel,12293.27,nT
2026-03-19T10:23:00.000Z,CMO,X,adjusted,channel,12293.234,nT
2026-03-19T10:24:00.000Z,CMO,X,adjusted,channel,12293.375,nT
2026-03-19T10:25:00.000Z,CMO,X,adjusted,channel,12293.036,nT
2026-03-19T10:26:00.000Z,CMO,X,adjusted,channel,12293.132,nT
2026-03-19T10:27:00.000Z,CMO,X,adjusted,channel,12293.123,nT
2026-03-19T10:28:00.000Z,CMO,X,adjusted,channel,12292.922,nT
2026-03-19T10:29:00.000Z,CMO,X,adjusted,channel,12292.986,nT
2026-03-19T10:30:00.000Z,CMO,X,adjusted,channel,12292.845,nT
2026-03-19T10:31:00.000Z,CMO,X,adjusted,channel,12292.771,nT
2026-03-19T10:32:00.000Z,CMO,X,adjusted,channel,12292.496,nT
2026-03-19T10:33:00.000Z,CMO,X,adjusted,channel,12292.72,nT
2026-03-19T10:34:00.000Z,CMO,X,adjusted,channel,12292.636,nT
2026-03-19T10:35:00.000Z,CMO,X,adjusted,channel,12293.192,nT
2026-03-19T10:36:00.000Z,CMO,X,adjusted,channel,12293.933,nT
2026-03-19T10:37:00.000Z,CMO,X,adjusted,channel,12294.522,nT
2026-03-19T10:38:00.000Z,CMO,X,adjusted,channel,12294.307,nT
2026-03-19T10:39:00.000Z,CMO,X,adjusted,channel,12293.743,nT
2026-03-19T10:40:00.000Z,CMO,X,adjusted,channel,12293.553,nT
2026-03-19T10:41:00.000Z,CMO,X,adjusted,channel,12293.35,nT
2026-03-19T10:42:00.000Z,CMO,X,adjusted,channel,12292.842,nT
2026-03-19T10:43:00.000Z,CMO,X,adjusted,channel,12293.178,nT
2026-03-19T10:44:00.000Z,CMO,X,adjusted,channel,12293.359,nT
2026-03-19T10:45:00.000Z,CMO,X,adjusted,channel,12293.387,nT
2026-03-19T10:46:00.000Z,CMO,X,adjusted,channel,12293.887,nT
2026-03-19T10:47:00.000Z,CMO,X,adjusted,channel,12294.245,nT
2026-03-19T10:48:00.000Z,CMO,X,adjusted,channel,12294.081,nT
2026-03-19T10:49:00.000Z,CMO,X,adjusted,channel,12294.326,nT
2026-03-19T10:50:00.000Z,CMO,X,adjusted,channel,12294.074,nT
2026-03-19T10:51:00.000Z,CMO,X,adjusted,channel,12294.015,nT
2026-03-19T10:52:00.000Z,CMO,X,adjusted,channel,12294.316,nT
2026-03-19T10:53:00.000Z,CMO,X,adjusted,channel,12292.585,nT
2026-03-19T10:54:00.000Z,CMO,X,adjusted,channel,12292.603,nT
2026-03-19T10:55:00.000Z,CMO,X,adjusted,channel,12292.327,nT
2026-03-19T10:56:00.000Z,CMO,X,adjusted,channel,12291.213,nT
2026-03-19T10:57:00.000Z,CMO,X,adjusted,channel,12291.366,nT
2026-03-19T10:58:00.000Z,CMO,X,adjusted,channel,12291.872,nT
2026-03-19T10:59:00.000Z,CMO,X,adjusted,channel,12293.083,nT
2026-03-19T11:00:00.000Z,CMO,X,adjusted,channel,12293.557,nT
2026-03-19T11:01:00.000Z,CMO,X,adjusted,channel,12293.621,nT
2026-03-19T11:02:00.000Z,CMO,X,adjusted,channel,12293.659,nT
2026-03-19T11:03:00.000Z,CMO,X,adjusted,channel,12293.775,nT
2026-03-19T11:04:00.000Z,CMO,X,adjusted,channel,12293.905,nT
2026-03-19T11:05:00.000Z,CMO,X,adjusted,channel,12293.63,nT
2026-03-19T11:06:00.000Z,CMO,X,adjusted,channel,12293.52,nT
2026-03-19T11:07:00.000Z,CMO,X,adjusted,channel,12293.822,nT
2026-03-19T11:08:00.000Z,CMO,X,adjusted,channel,12293.344,nT
2026-03-19T11:09:00.000Z,CMO,X,adjusted,channel,12293.434,nT
2026-03-19T11:10:00.000Z,CMO,X,adjusted,channel,12293.604,nT
2026-03-19T11:11:00.000Z,CMO,X,adjusted,channel,12293.054,nT
2026-03-19T11:12:00.000Z,CMO,X,adjusted,channel,12292.587,nT
2026-03-19T11:13:00.000Z,CMO,X,adjusted,channel,12292.481,nT
2026-03-19T11:14:00.000Z,CMO,X,adjusted,channel,12292.647,nT
2026-03-19T11:15:00.000Z,CMO,X,adjusted,channel,12292.23,nT
2026-03-19T11:16:00.000Z,CMO,X,adjusted,channel,12292.465,nT
2026-03-19T11:17:00.000Z,CMO,X,adjusted,channel,12292.831,nT
2026-03-19T11:18:00.000Z,CMO,X,adjusted,channel,12292.556,nT
2026-03-19T11:19:00.000Z,CMO,X,adjusted,channel,12291.782,nT
2026-03-19T11:20:00.000Z,CMO,X,adjusted,channel,12292.299,nT
2026-03-19T11:21:00.000Z,CMO,X,adjusted,channel,12292.107,nT
2026-03-19T11:22:00.000Z,CMO,X,adjusted,channel,12291.513,nT
2026-03-19T11:23:00.000Z,CMO,X,adjusted,channel,12291.292,nT
2026-03-19T11:24:00.000Z,CMO,X,adjusted,channel,12291.356,nT
2026-03-19T11:25:00.000Z,CMO,X,adjusted,channel,12291.922,nT
2026-03-19T11:26:00.000Z,CMO,X,adjusted,channel,12292.216,nT
2026-03-19T11:27:00.000Z,CMO,X,adjusted,channel,12292.804,nT
2026-03-19T11:28:00.000Z,CMO,X,adjusted,channel,12293.172,nT
2026-03-19T11:29:00.000Z,CMO,X,adjusted,channel,12294.32,nT
2026-03-19T11:30:00.000Z,CMO,X,adjusted,channel,12294.726,nT
2026-03-19T11:31:00.000Z,CMO,X,adjusted,channel,12294.922,nT
2026-03-19T11:32:00.000Z,CMO,X,adjusted,channel,12294.876,nT
2026-03-19T11:33:00.000Z,CMO,X,adjusted,channel,12294.534,nT
2026-03-19T11:34:00.000Z,CMO,X,adjusted,channel,12294.232,nT
2026-03-19T11:35:00.000Z,CMO,X,adjusted,channel,12293.929,nT
2026-03-19T11:36:00.000Z,CMO,X,adjusted,channel,12293.498,nT
2026-03-19T11:37:00.000Z,CMO,X,adjusted,channel,12293.034,nT
2026-03-19T11:38:00.000Z,CMO,X,adjusted,channel,12291.779,nT
2026-03-19T11:39:00.000Z,CMO,X,adjusted,channel,12290.603,nT
2026-03-19T11:40:00.000Z,CMO,X,adjusted,channel,12290.37,nT
2026-03-19T11:41:00.000Z,CMO,X,adjusted,channel,12290.199,nT
2026-03-19T11:42:00.000Z,CMO,X,adjusted,channel,12290.657,nT
2026-03-19T11:43:00.000Z,CMO,X,adjusted,channel,12290.847,nT
2026-03-19T11:44:00.000Z,CMO,X,adjusted,channel,12289.533,nT
2026-03-19T11:45:00.000Z,CMO,X,adjusted,channel,12288.592,nT
2026-03-19T11:46:00.000Z,CMO,X,adjusted,channel,12289.59,nT
2026-03-19T11:47:00.000Z,CMO,X,adjusted,channel,12289.626,nT
2026-03-19T11:48:00.000Z,CMO,X,adjusted,channel,12288.488,nT
2026-03-19T11:49:00.000Z,CMO,X,adjusted,channel,12288.916,nT
2026-03-19T11:50:00.000Z,CMO,X,adjusted,channel,12290.543,nT
2026-03-19T11:51:00.000Z,CMO,X,adjusted,channel,12291.165,nT
2026-03-19T11:52:00.000Z,CMO,X,adjusted,channel,12289.491,nT
2026-03-19T11:53:00.000Z,CMO,X,adjusted,channel,12290.59,nT
2026-03-19T11:54:00.000Z,CMO,X,adjusted,channel,12291.268,nT
2026-03-19T11:55:00.000Z,CMO,X,adjusted,channel,12292.008,nT
2026-03-19T11:56:00.000Z,CMO,X,adjusted,channel,12291.781,nT
2026-03-19T11:57:00.000Z,CMO,X,adjusted,channel,12292.709,nT
2026-03-19T11:58:00.000Z,CMO,X,adjusted,channel,12292.964,nT
2026-03-19T11:59:00.000Z,CMO,X,adjusted,channel,12293.596,nT
2026-03-19T12:00:00.000Z,CMO,X,adjusted,channel,12294.082,nT
2026-03-19T12:01:00.000Z,CMO,X,adjusted,channel,12293.493,nT
2026-03-19T12:02:00.000Z,CMO,X,adjusted,channel,12293.328,nT
2026-03-19T12:03:00.000Z,CMO,X,adjusted,channel,12293.884,nT
2026-03-19T12:04:00.000Z,CMO,X,adjusted,channel,12294.119,nT
2026-03-19T12:05:00.000Z,CMO,X,adjusted,channel,12293.088,nT
2026-03-19T12:06:00.000Z,CMO,X,adjusted,channel,12292.674,nT
2026-03-19T12:07:00.000Z,CMO,X,adjusted,channel,12293.3,nT
2026-03-19T12:08:00.000Z,CMO,X,adjusted,channel,12293.042,nT
2026-03-19T12:09:00.000Z,CMO,X,adjusted,channel,12293.87,nT
2026-03-19T12:10:00.000Z,CMO,X,adjusted,channel,12292.257,nT
2026-03-19T12:11:00.000Z,CMO,X,adjusted,channel,12291.536,nT
2026-03-19T12:12:00.000Z,CMO,X,adjusted,channel,12292.385,nT
2026-03-19T12:13:00.000Z,CMO,X,adjusted,channel,12291.494,nT
2026-03-19T12:14:00.000Z,CMO,X,adjusted,channel,12291.252,nT
2026-03-19T12:15:00.000Z,CMO,X,adjusted,channel,12292.27,nT
2026-03-19T12:16:00.000Z,CMO,X,adjusted,channel,12292.227,nT
2026-03-19T12:17:00.000Z,CMO,X,adjusted,channel,12289.386,nT
2026-03-19T12:18:00.000Z,CMO,X,adjusted,channel,12287.937,nT
2026-03-19T12:19:00.000Z,CMO,X,adjusted,channel,12288.121,nT
2026-03-19T12:20:00.000Z,CMO,X,adjusted,channel,12287.65,nT
2026-03-19T12:21:00.000Z,CMO,X,adjusted,channel,12286.939,nT
2026-03-19T12:22:00.000Z,CMO,X,adjusted,channel,12287.364,nT
2026-03-19T12:23:00.000Z,CMO,X,adjusted,channel,12287.77,nT
2026-03-19T12:24:00.000Z,CMO,X,adjusted,channel,12287.276,nT
2026-03-19T12:25:00.000Z,CMO,X,adjusted,channel,12285.64,nT
2026-03-19T12:26:00.000Z,CMO,X,adjusted,channel,12284.999,nT
2026-03-19T12:27:00.000Z,CMO,X,adjusted,channel,12283.936,nT
2026-03-19T12:28:00.000Z,CMO,X,adjusted,channel,12283.608,nT
2026-03-19T12:29:00.000Z,CMO,X,adjusted,channel,12283.775,nT
2026-03-19T12:30:00.000Z,CMO,X,adjusted,channel,12283.265,nT
2026-03-19T12:31:00.000Z,CMO,X,adjusted,channel,12283.248,nT
2026-03-19T12:32:00.000Z,CMO,X,adjusted,channel,12283.746,nT
2026-03-19T12:33:00.000Z,CMO,X,adjusted,channel,12283.75,nT
2026-03-19T12:34:00.000Z,CMO,X,adjusted,channel,12283.815,nT
2026-03-19T12:35:00.000Z,CMO,X,adjusted,channel,12285.184,nT
2026-03-19T12:36:00.000Z,CMO,X,adjusted,channel,12285.602,nT
2026-03-19T12:37:00.000Z,CMO,X,adjusted,channel,12286.042,nT
2026-03-19T12:38:00.000Z,CMO,X,adjusted,channel,12285.836,nT
2026-03-19T12:39:00.000Z,CMO,X,adjusted,channel,12285.038,nT
2026-03-19T12:40:00.000Z,CMO,X,adjusted,channel,12285.972,nT
2026-03-19T12:41:00.000Z,CMO,X,adjusted,channel,12285.775,nT
2026-03-19T12:42:00.000Z,CMO,X,adjusted,channel,12286.251,nT
2026-03-19T12:43:00.000Z,CMO,X,adjusted,channel,12286.266,nT
2026-03-19T12:44:00.000Z,CMO,X,adjusted,channel,12285.619,nT
2026-03-19T12:45:00.000Z,CMO,X,adjusted,channel,12286.697,nT
2026-03-19T12:46:00.000Z,CMO,X,adjusted,channel,12285.037,nT
2026-03-19T12:47:00.000Z,CMO,X,adjusted,channel,12285.116,nT
2026-03-19T12:48:00.000Z,CMO,X,adjusted,channel,12284.218,nT
2026-03-19T12:49:00.000Z,CMO,X,adjusted,channel,12285.494,nT
2026-03-19T12:50:00.000Z,CMO,X,adjusted,channel,12285.32,nT
2026-03-19T12:51:00.000Z,CMO,X,adjusted,channel,12283.79,nT
2026-03-19T12:52:00.000Z,CMO,X,adjusted,channel,12284.619,nT
2026-03-19T12:53:00.000Z,CMO,X,adjusted,channel,12284.809,nT
2026-03-19T12:54:00.000Z,CMO,X,adjusted,channel,12284.091,nT
2026-03-19T12:55:00.000Z,CMO,X,adjusted,channel,12283.061,nT
2026-03-19T12:56:00.000Z,CMO,X,adjusted,channel,12281.372,nT
2026-03-19T12:57:00.000Z,CMO,X,adjusted,channel,12278.053,nT
2026-03-19T12:58:00.000Z,CMO,X,adjusted,channel,12276.772,nT
2026-03-19T12:59:00.000Z,CMO,X,adjusted,channel,12273.825,nT
2026-03-19T13:00:00.000Z,CMO,X,adjusted,channel,12274.032,nT
2026-03-19T13:01:00.000Z,CMO,X,adjusted,channel,12279.042,nT
2026-03-19T13:02:00.000Z,CMO,X,adjusted,channel,12279.29,nT
2026-03-19T13:03:00.000Z,CMO,X,adjusted,channel,12281.261,nT
2026-03-19T13:04:00.000Z,CMO,X,adjusted,channel,12282.382,nT
2026-03-19T13:05:00.000Z,CMO,X,adjusted,channel,12282.474,nT
2026-03-19T13:06:00.000Z,CMO,X,adjusted,channel,12281.411,nT
2026-03-19T13:07:00.000Z,CMO,X,adjusted,channel,12276.396,nT
2026-03-19T13:08:00.000Z,CMO,X,adjusted,channel,12276.159,nT
2026-03-19T13:09:00.000Z,CMO,X,adjusted,channel,12274.564,nT
2026-03-19T13:10:00.000Z,CMO,X,adjusted,channel,12274.566,nT
2026-03-19T13:11:00.000Z,CMO,X,adjusted,channel,12274.923,nT
2026-03-19T13:12:00.000Z,CMO,X,adjusted,channel,12274.16,nT
2026-03-19T13:13:00.000Z,CMO,X,adjusted,channel,12273.304,nT
2026-03-19T13:14:00.000Z,CMO,X,adjusted,channel,12272.296,nT
2026-03-19T13:15:00.000Z,CMO,X,adjusted,channel,12272.119,nT
2026-03-19T13:16:00.000Z,CMO,X,adjusted,channel,12272.055,nT
2026-03-19T13:17:00.000Z,CMO,X,adjusted,channel,12272.521,nT
2026-03-19T13:18:00.000Z,CMO,X,adjusted,channel,12269.932,nT
2026-03-19T13:19:00.000Z,CMO,X,adjusted,channel,12271.106,nT
2026-03-19T13:20:00.000Z,CMO,X,adjusted,channel,12271.897,nT
2026-03-19T13:21:00.000Z,CMO,X,adjusted,channel,12269.745,nT
2026-03-19T13:22:00.000Z,CMO,X,adjusted,channel,12269.179,nT
2026-03-19T13:23:00.000Z,CMO,X,adjusted,channel,12268.503,nT
2026-03-19T13:24:00.000Z,CMO,X,adjusted,channel,12268.694,nT
2026-03-19T13:25:00.000Z,CMO,X,adjusted,channel,12270.666,nT
2026-03-19T13:26:00.000Z,CMO,X,adjusted,channel,12271.2,nT
2026-03-19T13:27:00.000Z,CMO,X,adjusted,channel,12271.524,nT
2026-03-19T13:28:00.000Z,CMO,X,adjusted,channel,12271.782,nT
2026-03-19T13:29:00.000Z,CMO,X,adjusted,channel,12271.982,nT
2026-03-19T13:30:00.000Z,CMO,X,adjusted,channel,12272.547,nT
2026-03-19T13:31:00.000Z,CMO,X,adjusted,channel,12271.906,nT
2026-03-19T13:32:00.000Z,CMO,X,adjusted,channel,12270.985,nT
2026-03-19T13:33:00.000Z,CMO,X,adjusted,channel,12269.732,nT
2026-03-19T13:34:00.000Z,CMO,X,adjusted,channel,12269.207,nT
2026-03-19T13:35:00.000Z,CMO,X,adjusted,channel,12269.116,nT
2026-03-19T13:36:00.000Z,CMO,X,adjusted,channel,12269.722,nT
2026-03-19T13:37:00.000Z,CMO,X,adjusted,channel,12269.982,nT
2026-03-19T13:38:00.000Z,CMO,X,adjusted,channel,12271.02,nT
2026-03-19T13:39:00.000Z,CMO,X,adjusted,channel,12271.601,nT
2026-03-19T13:40:00.000Z,CMO,X,adjusted,channel,12271.708,nT
2026-03-19T13:41:00.000Z,CMO,X,adjusted,channel,12272.614,nT
2026-03-19T13:42:00.000Z,CMO,X,adjusted,channel,12273.145,nT
2026-03-19T13:43:00.000Z,CMO,X,adjusted,channel,12274.523,nT
2026-03-19T13:44:00.000Z,CMO,X,adjusted,channel,12275.931,nT
2026-03-19T13:45:00.000Z,CMO,X,adjusted,channel,12277.228,nT
2026-03-19T13:46:00.000Z,CMO,X,adjusted,channel,12279.154,nT
2026-03-19T13:47:00.000Z,CMO,X,adjusted,channel,12281.711,nT
2026-03-19T13:48:00.000Z,CMO,X,adjusted,channel,12284.338,nT
2026-03-19T13:49:00.000Z,CMO,X,adjusted,channel,12282.695,nT
2026-03-19T13:50:00.000Z,CMO,X,adjusted,channel,12285.42,nT
2026-03-19T13:51:00.000Z,CMO,X,adjusted,channel,12280.702,nT
2026-03-19T13:52:00.000Z,CMO,X,adjusted,channel,12279.887,nT
2026-03-19T13:53:00.000Z,CMO,X,adjusted,channel,12284.322,nT
2026-03-19T13:54:00.000Z,CMO,X,adjusted,channel,12285.437,nT
2026-03-19T13:55:00.000Z,CMO,X,adjusted,channel,12285.635,nT
2026-03-19T13:56:00.000Z,CMO,X,adjusted,channel,12285.506,nT
2026-03-19T13:57:00.000Z,CMO,X,adjusted,channel,12284.9,nT
2026-03-19T13:58:00.000Z,CMO,X,adjusted,channel,12284.269,nT
2026-03-19T13:59:00.000Z,CMO,X,adjusted,channel,12283.357,nT
2026-03-19T14:00:00.000Z,CMO,X,adjusted,channel,12279.322,nT
2026-03-19T14:01:00.000Z,CMO,X,adjusted,channel,12276.805,nT
2026-03-19T14:02:00.000Z,CMO,X,adjusted,channel,12276.17,nT
2026-03-19T14:03:00.000Z,CMO,X,adjusted,channel,12272.115,nT
2026-03-19T14:04:00.000Z,CMO,X,adjusted,channel,12271.785,nT
2026-03-19T14:05:00.000Z,CMO,X,adjusted,channel,12272.033,nT
2026-03-19T14:06:00.000Z,CMO,X,adjusted,channel,12268.364,nT
2026-03-19T14:07:00.000Z,CMO,X,adjusted,channel,12267.07,nT
2026-03-19T14:08:00.000Z,CMO,X,adjusted,channel,12265.943,nT
2026-03-19T14:09:00.000Z,CMO,X,adjusted,channel,12264.594,nT
2026-03-19T14:10:00.000Z,CMO,X,adjusted,channel,12262.451,nT
2026-03-19T14:11:00.000Z,CMO,X,adjusted,channel,12264.205,nT
2026-03-19T14:12:00.000Z,CMO,X,adjusted,channel,12265.868,nT
2026-03-19T14:13:00.000Z,CMO,X,adjusted,channel,12266.847,nT
2026-03-19T14:14:00.000Z,CMO,X,adjusted,channel,12267.997,nT
2026-03-19T14:15:00.000Z,CMO,X,adjusted,channel,12270.055,nT
2026-03-19T14:16:00.000Z,CMO,X,adjusted,channel,12273.205,nT
2026-03-19T14:17:00.000Z,CMO,X,adjusted,channel,12274.366,nT
2026-03-19T14:18:00.000Z,CMO,X,adjusted,channel,12274.215,nT
2026-03-19T14:19:00.000Z,CMO,X,adjusted,channel,12276.024,nT
2026-03-19T14:20:00.000Z,CMO,X,adjusted,channel,12274.774,nT
2026-03-19T14:21:00.000Z,CMO,X,adjusted,channel,12274.776,nT
2026-03-19T14:22:00.000Z,CMO,X,adjusted,channel,12273.003,nT
2026-03-19T14:23:00.000Z,CMO,X,adjusted,channel,12273.123,nT
2026-03-19T14:24:00.000Z,CMO,X,adjusted,channel,12271.825,nT
2026-03-19T14:25:00.000Z,CMO,X,adjusted,channel,12272.678,nT
2026-03-19T14:26:00.000Z,CMO,X,adjusted,channel,12275.347,nT
2026-03-19T14:27:00.000Z,CMO,X,adjusted,channel,12277.27,nT
2026-03-19T14:28:00.000Z,CMO,X,adjusted,channel,12277.749,nT
2026-03-19T14:29:00.000Z,CMO,X,adjusted,channel,12276.776,nT
2026-03-19T14:30:00.000Z,CMO,X,adjusted,channel,12277.295,nT
2026-03-19T14:31:00.000Z,CMO,X,adjusted,channel,12277.322,nT
2026-03-19T14:32:00.000Z,CMO,X,adjusted,channel,12277.586,nT
2026-03-19T14:33:00.000Z,CMO,X,adjusted,channel,12278.394,nT
2026-03-19T14:34:00.000Z,CMO,X,adjusted,channel,12281.471,nT
2026-03-19T14:35:00.000Z,CMO,X,adjusted,channel,12284.714,nT
2026-03-19T14:36:00.000Z,CMO,X,adjusted,channel,12285.632,nT
2026-03-19T14:37:00.000Z,CMO,X,adjusted,channel,12286.249,nT
2026-03-19T14:38:00.000Z,CMO,X,adjusted,channel,12289.081,nT
2026-03-19T14:39:00.000Z,CMO,X,adjusted,channel,12292.605,nT
2026-03-19T14:40:00.000Z,CMO,X,adjusted,channel,12291.82,nT
2026-03-19T14:41:00.000Z,CMO,X,adjusted,channel,12292.701,nT
2026-03-19T14:42:00.000Z,CMO,X,adjusted,channel,12291.273,nT
2026-03-19T14:43:00.000Z,CMO,X,adjusted,channel,12290.598,nT
2026-03-19T14:44:00.000Z,CMO,X,adjusted,channel,12291.214,nT
2026-03-19T14:45:00.000Z,CMO,X,adjusted,channel,12293.646,nT
2026-03-19T14:46:00.000Z,CMO,X,adjusted,channel,12295.668,nT
2026-03-19T14:47:00.000Z,CMO,X,adjusted,channel,12296.168,nT
2026-03-19T14:48:00.000Z,CMO,X,adjusted,channel,12295.029,nT
2026-03-19T14:49:00.000Z,CMO,X,adjusted,channel,12296.862,nT
2026-03-19T14:50:00.000Z,CMO,X,adjusted,channel,12296.877,nT
2026-03-19T14:51:00.000Z,CMO,X,adjusted,channel,12298.595,nT
2026-03-19T14:52:00.000Z,CMO,X,adjusted,channel,12297.844,nT
2026-03-19T14:53:00.000Z,CMO,X,adjusted,channel,12299.946,nT
2026-03-19T14:54:00.000Z,CMO,X,adjusted,channel,12300.575,nT
2026-03-19T14:55:00.000Z,CMO,X,adjusted,channel,12299.352,nT
2026-03-19T14:56:00.000Z,CMO,X,adjusted,channel,12300.903,nT
2026-03-19T14:57:00.000Z,CMO,X,adjusted,channel,12299.136,nT
2026-03-19T14:58:00.000Z,CMO,X,adjusted,channel,12298.028,nT
2026-03-19T14:59:00.000Z,CMO,X,adjusted,channel,12294.434,nT
2026-03-19T15:00:00.000Z,CMO,X,adjusted,channel,12296.435,nT
2026-03-19T15:01:00.000Z,CMO,X,adjusted,channel,12294.794,nT
2026-03-19T15:02:00.000Z,CMO,X,adjusted,channel,12293.78,nT
2026-03-19T15:03:00.000Z,CMO,X,adjusted,channel,12294.155,nT
2026-03-19T15:04:00.000Z,CMO,X,adjusted,channel,12294.112,nT
2026-03-19T15:05:00.000Z,CMO,X,adjusted,channel,12292.516,nT
2026-03-19T15:06:00.000Z,CMO,X,adjusted,channel,12292.224,nT
2026-03-19T15:07:00.000Z,CMO,X,adjusted,channel,12289.961,nT
2026-03-19T15:08:00.000Z,CMO,X,adjusted,channel,12289.406,nT
2026-03-19T15:09:00.000Z,CMO,X,adjusted,channel,12288.325,nT
2026-03-19T15:10:00.000Z,CMO,X,adjusted,channel,12289.861,nT
2026-03-19T15:11:00.000Z,CMO,X,adjusted,channel,12288.973,nT
2026-03-19T15:12:00.000Z,CMO,X,adjusted,channel,12288.927,nT
2026-03-19T15:13:00.000Z,CMO,X,adjusted,channel,12290.342,nT
2026-03-19T15:14:00.000Z,CMO,X,adjusted,channel,12290.351,nT
2026-03-19T15:15:00.000Z,CMO,X,adjusted,channel,12290.948,nT
2026-03-19T15:16:00.000Z,CMO,X,adjusted,channel,12290.143,nT
2026-03-19T15:17:00.000Z,CMO,X,adjusted,channel,12289.538,nT
2026-03-19T15:18:00.000Z,CMO,X,adjusted,channel,12290.651,nT
2026-03-19T15:19:00.000Z,CMO,X,adjusted,channel,12291.16,nT
2026-03-19T15:20:00.000Z,CMO,X,adjusted,channel,12292.803,nT
2026-03-19T15:21:00.000Z,CMO,X,adjusted,channel,12292.224,nT
2026-03-19T15:22:00.000Z,CMO,X,adjusted,channel,12294.154,nT
2026-03-19T15:23:00.000Z,CMO,X,adjusted,channel,12293.987,nT
2026-03-19T15:24:00.000Z,CMO,X,adjusted,channel,12293.241,nT
2026-03-19T15:25:00.000Z,CMO,X,adjusted,channel,12289.95,nT
2026-03-19T15:26:00.000Z,CMO,X,adjusted,channel,12287.971,nT
2026-03-19T15:27:00.000Z,CMO,X,adjusted,channel,12287.954,nT
2026-03-19T15:28:00.000Z,CMO,X,adjusted,channel,12287.624,nT
2026-03-19T15:29:00.000Z,CMO,X,adjusted,channel,12289.038,nT
2026-03-19T15:30:00.000Z,CMO,X,adjusted,channel,12290.613,nT
2026-03-19T15:31:00.000Z,CMO,X,adjusted,channel,12289.773,nT
2026-03-19T15:32:00.000Z,CMO,X,adjusted,channel,12289.461,nT
2026-03-19T15:33:00.000Z,CMO,X,adjusted,channel,12291.246,nT
2026-03-19T15:34:00.000Z,CMO,X,adjusted,channel,12290.372,nT
2026-03-19T15:35:00.000Z,CMO,X,adjusted,channel,12291.007,nT
2026-03-19T15:36:00.000Z,CMO,X,adjusted,channel,12289.188,nT
2026-03-19T15:37:00.000Z,CMO,X,adjusted,channel,12287.862,nT
2026-03-19T15:38:00.000Z,CMO,X,adjusted,channel,12288.041,nT
2026-03-19T15:39:00.000Z,CMO,X,adjusted,channel,12287.118,nT
2026-03-19T15:40:00.000Z,CMO,X,adjusted,channel,12286.274,nT
2026-03-19T15:41:00.000Z,CMO,X,adjusted,channel,12288.29,nT
2026-03-19T15:42:00.000Z,CMO,X,adjusted,channel,12289.445,nT
2026-03-19T15:43:00.000Z,CMO,X,adjusted,channel,12290.955,nT
2026-03-19T15:44:00.000Z,CMO,X,adjusted,channel,12292.487,nT
2026-03-19T15:45:00.000Z,CMO,X,adjusted,channel,12294.703,nT
2026-03-19T15:46:00.000Z,CMO,X,adjusted,channel,12295.076,nT
2026-03-19T15:47:00.000Z,CMO,X,adjusted,channel,12295.688,nT
2026-03-19T15:48:00.000Z,CMO,X,adjusted,channel,12295.147,nT
2026-03-19T15:49:00.000Z,CMO,X,adjusted,channel,12295.139,nT
2026-03-19T15:50:00.000Z,CMO,X,adjusted,channel,12294.493,nT
2026-03-19T15:51:00.000Z,CMO,X,adjusted,channel,12293.004,nT
2026-03-19T15:52:00.000Z,CMO,X,adjusted,channel,12292.926,nT
2026-03-19T15:53:00.000Z,CMO,X,adjusted,channel,12293.537,nT
2026-03-19T15:54:00.000Z,CMO,X,adjusted,channel,12293.853,nT
2026-03-19T15:55:00.000Z,CMO,X,adjusted,channel,12294.154,nT
2026-03-19T15:56:00.000Z,CMO,X,adjusted,channel,12294.255,nT
2026-03-19T15:57:00.000Z,CMO,X,adjusted,channel,12294.756,nT
2026-03-19T15:58:00.000Z,CMO,X,adjusted,channel,12294.361,nT
2026-03-19T15:59:00.000Z,CMO,X,adjusted,channel,12294.218,nT
2026-03-19T16:00:00.000Z,CMO,X,adjusted,channel,12295.308,nT
2026-03-19T16:01:00.000Z,CMO,X,adjusted,channel,12295.311,nT
2026-03-19T16:02:00.000Z,CMO,X,adjusted,channel,12294.78,nT
2026-03-19T16:03:00.000Z,CMO,X,adjusted,channel,12294.692,nT
2026-03-19T16:04:00.000Z,CMO,X,adjusted,channel,12294.974,nT
2026-03-19T16:05:00.000Z,CMO,X,adjusted,channel,12295.75,nT
2026-03-19T16:06:00.000Z,CMO,X,adjusted,channel,12295.869,nT
2026-03-19T16:07:00.000Z,CMO,X,adjusted,channel,12295.917,nT
2026-03-19T16:08:00.000Z,CMO,X,adjusted,channel,12295.281,nT
2026-03-19T16:09:00.000Z,CMO,X,adjusted,channel,12295.073,nT
2026-03-19T16:10:00.000Z,CMO,X,adjusted,channel,12294.89,nT
2026-03-19T16:11:00.000Z,CMO,X,adjusted,channel,12293.598,nT
2026-03-19T16:12:00.000Z,CMO,X,adjusted,channel,12293.274,nT
2026-03-19T16:13:00.000Z,CMO,X,adjusted,channel,12293.217,nT
2026-03-19T16:14:00.000Z,CMO,X,adjusted,channel,12293.082,nT
2026-03-19T16:15:00.000Z,CMO,X,adjusted,channel,12293.045,nT
2026-03-19T16:16:00.000Z,CMO,X,adjusted,channel,12293.283,nT
2026-03-19T16:17:00.000Z,CMO,X,adjusted,channel,12293.503,nT
2026-03-19T16:18:00.000Z,CMO,X,adjusted,channel,12293.17,nT
2026-03-19T16:19:00.000Z,CMO,X,adjusted,channel,12293.387,nT
2026-03-19T16:20:00.000Z,CMO,X,adjusted,channel,12292.976,nT
2026-03-19T16:21:00.000Z,CMO,X,adjusted,channel,12292.246,nT
2026-03-19T16:22:00.000Z,CMO,X,adjusted,channel,12292.803,nT
2026-03-19T16:23:00.000Z,CMO,X,adjusted,channel,12292.817,nT
2026-03-19T16:24:00.000Z,CMO,X,adjusted,channel,12293.081,nT
2026-03-19T16:25:00.000Z,CMO,X,adjusted,channel,12293.161,nT
2026-03-19T16:26:00.000Z,CMO,X,adjusted,channel,12292.664,nT
2026-03-19T16:27:00.000Z,CMO,X,adjusted,channel,12292.285,nT
2026-03-19T16:28:00.000Z,CMO,X,adjusted,channel,12292.319,nT
2026-03-19T16:29:00.000Z,CMO,X,adjusted,channel,12291.935,nT
2026-03-19T16:30:00.000Z,CMO,X,adjusted,channel,12291.393,nT
2026-03-19T16:31:00.000Z,CMO,X,adjusted,channel,12290.564,nT
2026-03-19T16:32:00.000Z,CMO,X,adjusted,channel,12290.552,nT
2026-03-19T16:33:00.000Z,CMO,X,adjusted,channel,12290.479,nT
2026-03-19T16:34:00.000Z,CMO,X,adjusted,channel,12290.261,nT
2026-03-19T16:35:00.000Z,CMO,X,adjusted,channel,12290.649,nT
2026-03-19T16:36:00.000Z,CMO,X,adjusted,channel,12290.727,nT
2026-03-19T16:37:00.000Z,CMO,X,adjusted,channel,12291.169,nT
2026-03-19T16:38:00.000Z,CMO,X,adjusted,channel,12290.741,nT
2026-03-19T16:39:00.000Z,CMO,X,adjusted,channel,12290.08,nT
2026-03-19T16:40:00.000Z,CMO,X,adjusted,channel,12288.924,nT
2026-03-19T16:41:00.000Z,CMO,X,adjusted,channel,12288.45,nT
2026-03-19T16:42:00.000Z,CMO,X,adjusted,channel,12288.124,nT
2026-03-19T16:43:00.000Z,CMO,X,adjusted,channel,12288.482,nT
2026-03-19T16:44:00.000Z,CMO,X,adjusted,channel,12289.032,nT
2026-03-19T16:45:00.000Z,CMO,X,adjusted,channel,12289.754,nT
2026-03-19T16:46:00.000Z,CMO,X,adjusted,channel,12290.215,nT
2026-03-19T16:47:00.000Z,CMO,X,adjusted,channel,12290.002,nT
2026-03-19T16:48:00.000Z,CMO,X,adjusted,channel,12288.768,nT
2026-03-19T16:49:00.000Z,CMO,X,adjusted,channel,12288.642,nT
2026-03-19T16:50:00.000Z,CMO,X,adjusted,channel,12288.258,nT
2026-03-19T16:51:00.000Z,CMO,X,adjusted,channel,12287.792,nT
2026-03-19T16:52:00.000Z,CMO,X,adjusted,channel,12287.967,nT
2026-03-19T16:53:00.000Z,CMO,X,adjusted,channel,12287.818,nT
2026-03-19T16:54:00.000Z,CMO,X,adjusted,channel,12288.141,nT
2026-03-19T16:55:00.000Z,CMO,X,adjusted,channel,12288.562,nT
2026-03-19T16:56:00.000Z,CMO,X,adjusted,channel,12288.093,nT
2026-03-19T16:57:00.000Z,CMO,X,adjusted,channel,12287.846,nT
2026-03-19T16:58:00.000Z,CMO,X,adjusted,channel,12288.137,nT
2026-03-19T16:59:00.000Z,CMO,X,adjusted,channel,12288.085,nT
2026-03-19T17:00:00.000Z,CMO,X,adjusted,channel,12288.083,nT
2026-03-19T17:01:00.000Z,CMO,X,adjusted,channel,12288.077,nT
2026-03-19T17:02:00.000Z,CMO,X,adjusted,channel,12287.807,nT
2026-03-19T17:03:00.000Z,CMO,X,adjusted,channel,12288.015,nT
2026-03-19T17:04:00.000Z,CMO,X,adjusted,channel,12287.722,nT
2026-03-19T17:05:00.000Z,CMO,X,adjusted,channel,12287.524,nT
2026-03-19T17:06:00.000Z,CMO,X,adjusted,channel,12287.517,nT
2026-03-19T17:07:00.000Z,CMO,X,adjusted,channel,12287.435,nT
2026-03-19T17:08:00.000Z,CMO,X,adjusted,channel,12287.568,nT
2026-03-19T17:09:00.000Z,CMO,X,adjusted,channel,12287.012,nT
2026-03-19T17:10:00.000Z,CMO,X,adjusted,channel,12286.326,nT
2026-03-19T17:11:00.000Z,CMO,X,adjusted,channel,12286.257,nT
2026-03-19T17:12:00.000Z,CMO,X,adjusted,channel,12286.553,nT
2026-03-19T17:13:00.000Z,CMO,X,adjusted,channel,12287.114,nT
2026-03-19T17:14:00.000Z,CMO,X,adjusted,channel,12287.368,nT
2026-03-19T17:15:00.000Z,CMO,X,adjusted,channel,12288.254,nT
2026-03-19T17:16:00.000Z,CMO,X,adjusted,channel,12288.745,nT
2026-03-19T17:17:00.000Z,CMO,X,adjusted,channel,12289.169,nT
2026-03-19T17:18:00.000Z,CMO,X,adjusted,channel,12289.558,nT
2026-03-19T17:19:00.000Z,CMO,X,adjusted,channel,12288.583,nT
2026-03-19T17:20:00.000Z,CMO,X,adjusted,channel,12287.929,nT
2026-03-19T17:21:00.000Z,CMO,X,adjusted,channel,12287.057,nT
2026-03-19T17:22:00.000Z,CMO,X,adjusted,channel,12285.979,nT
2026-03-19T17:23:00.000Z,CMO,X,adjusted,channel,12285.465,nT
2026-03-19T17:24:00.000Z,CMO,X,adjusted,channel,12285.446,nT
2026-03-19T17:25:00.000Z,CMO,X,adjusted,channel,12285.742,nT
2026-03-19T17:26:00.000Z,CMO,X,adjusted,channel,12286.932,nT
2026-03-19T17:27:00.000Z,CMO,X,adjusted,channel,12287.666,nT
2026-03-19T17:28:00.000Z,CMO,X,adjusted,channel,12288.111,nT
2026-03-19T17:29:00.000Z,CMO,X,adjusted,channel,12288.04,nT
2026-03-19T17:30:00.000Z,CMO,X,adjusted,channel,12287.107,nT
2026-03-19T17:31:00.000Z,CMO,X,adjusted,channel,12286.878,nT
2026-03-19T17:32:00.000Z,CMO,X,adjusted,channel,12286.796,nT
2026-03-19T17:33:00.000Z,CMO,X,adjusted,channel,12286.765,nT
2026-03-19T17:34:00.000Z,CMO,X,adjusted,channel,12286.735,nT
2026-03-19T17:35:00.000Z,CMO,X,adjusted,channel,12286.42,nT
2026-03-19T17:36:00.000Z,CMO,X,adjusted,channel,12286.378,nT
2026-03-19T17:37:00.000Z,CMO,X,adjusted,channel,12285.838,nT
2026-03-19T17:38:00.000Z,CMO,X,adjusted,channel,12285.352,nT
2026-03-19T17:39:00.000Z,CMO,X,adjusted,channel,12284.682,nT
2026-03-19T17:40:00.000Z,CMO,X,adjusted,channel,12284.227,nT
2026-03-19T17:41:00.000Z,CMO,X,adjusted,channel,12284.212,nT
2026-03-19T17:42:00.000Z,CMO,X,adjusted,channel,12284.047,nT
2026-03-19T17:43:00.000Z,CMO,X,adjusted,channel,12284.488,nT
2026-03-19T17:44:00.000Z,CMO,X,adjusted,channel,12284.845,nT
2026-03-19T17:45:00.000Z,CMO,X,adjusted,channel,12284.823,nT
2026-03-19T17:46:00.000Z,CMO,X,adjusted,channel,12284.49,nT
2026-03-19T17:47:00.000Z,CMO,X,adjusted,channel,12283.918,nT
2026-03-19T17:48:00.000Z,CMO,X,adjusted,channel,12283.841,nT
2026-03-19T17:49:00.000Z,CMO,X,adjusted,channel,12284.32,nT
2026-03-19T17:50:00.000Z,CMO,X,adjusted,channel,12284.865,nT
2026-03-19T17:51:00.000Z,CMO,X,adjusted,channel,12284.9,nT
2026-03-19T17:52:00.000Z,CMO,X,adjusted,channel,12284.477,nT
2026-03-19T17:53:00.000Z,CMO,X,adjusted,channel,12284.045,nT
2026-03-19T17:54:00.000Z,CMO,X,adjusted,channel,12283.819,nT
2026-03-19T17:55:00.000Z,CMO,X,adjusted,channel,12283.133,nT
2026-03-19T17:56:00.000Z,CMO,X,adjusted,channel,12282.573,nT
2026-03-19T17:57:00.000Z,CMO,X,adjusted,channel,12282.08,nT
2026-03-19T17:58:00.000Z,CMO,X,adjusted,channel,12281.758,nT
2026-03-19T17:59:00.000Z,CMO,X,adjusted,channel,12281.193,nT
2026-03-19T18:00:00.000Z,CMO,X,adjusted,channel,12281.879,nT
2026-03-19T18:01:00.000Z,CMO,X,adjusted,channel,12282.545,nT
2026-03-19T18:02:00.000Z,CMO,X,adjusted,channel,12283.278,nT
2026-03-19T18:03:00.000Z,CMO,X,adjusted,channel,12284.394,nT
2026-03-19T18:04:00.000Z,CMO,X,adjusted,channel,12285.246,nT
2026-03-19T18:05:00.000Z,CMO,X,adjusted,channel,12285.842,nT
2026-03-19T18:06:00.000Z,CMO,X,adjusted,channel,12285.286,nT
2026-03-19T18:07:00.000Z,CMO,X,adjusted,channel,12284.435,nT
2026-03-19T18:08:00.000Z,CMO,X,adjusted,channel,12283.721,nT
2026-03-19T18:09:00.000Z,CMO,X,adjusted,channel,12283.386,nT
2026-03-19T18:10:00.000Z,CMO,X,adjusted,channel,12282.479,nT
2026-03-19T18:11:00.000Z,CMO,X,adjusted,channel,12281.465,nT
2026-03-19T18:12:00.000Z,CMO,X,adjusted,channel,12280.05,nT
2026-03-19T18:13:00.000Z,CMO,X,adjusted,channel,12280.209,nT
2026-03-19T18:14:00.000Z,CMO,X,adjusted,channel,12279.811,nT
2026-03-19T18:15:00.000Z,CMO,X,adjusted,channel,12279.776,nT
2026-03-19T18:16:00.000Z,CMO,X,adjusted,channel,12279.968,nT
2026-03-19T18:17:00.000Z,CMO,X,adjusted,channel,12279.791,nT
2026-03-19T18:18:00.000Z,CMO,X,adjusted,channel,12279.436,nT
2026-03-19T18:19:00.000Z,CMO,X,adjusted,channel,12279.364,nT
2026-03-19T18:20:00.000Z,CMO,X,adjusted,channel,12278.84,nT
2026-03-19T18:21:00.000Z,CMO,X,adjusted,channel,12278.523,nT
2026-03-19T18:22:00.000Z,CMO,X,adjusted,channel,12279.111,nT
2026-03-19T18:23:00.000Z,CMO,X,adjusted,channel,12279.982,nT
2026-03-19T18:24:00.000Z,CMO,X,adjusted,channel,12281.084,nT
2026-03-19T18:25:00.000Z,CMO,X,adjusted,channel,12283.872,nT
2026-03-19T18:26:00.000Z,CMO,X,adjusted,channel,12285.995,nT
2026-03-19T18:27:00.000Z,CMO,X,adjusted,channel,12286.833,nT
2026-03-19T18:28:00.000Z,CMO,X,adjusted,channel,12286.222,nT
2026-03-19T18:29:00.000Z,CMO,X,adjusted,channel,12285.238,nT
2026-03-19T18:30:00.000Z,CMO,X,adjusted,channel,12282.452,nT
2026-03-19T18:31:00.000Z,CMO,X,adjusted,channel,12279.267,nT
2026-03-19T18:32:00.000Z,CMO,X,adjusted,channel,12276.91,nT
2026-03-19T18:33:00.000Z,CMO,X,adjusted,channel,12275.929,nT
2026-03-19T18:34:00.000Z,CMO,X,adjusted,channel,12276.146,nT
2026-03-19T18:35:00.000Z,CMO,X,adjusted,channel,12277.386,nT
2026-03-19T18:36:00.000Z,CMO,X,adjusted,channel,12278.251,nT
2026-03-19T18:37:00.000Z,CMO,X,adjusted,channel,12277.488,nT
2026-03-19T18:38:00.000Z,CMO,X,adjusted,channel,12276.768,nT
2026-03-19T18:39:00.000Z,CMO,X,adjusted,channel,12276.039,nT
2026-03-19T18:40:00.000Z,CMO,X,adjusted,channel,12275.668,nT
2026-03-19T18:41:00.000Z,CMO,X,adjusted,channel,12276.089,nT
2026-03-19T18:42:00.000Z,CMO,X,adjusted,channel,12277.348,nT
2026-03-19T18:43:00.000Z,CMO,X,adjusted,channel,12277.935,nT
2026-03-19T18:44:00.000Z,CMO,X,adjusted,channel,12278.629,nT
2026-03-19T18:45:00.000Z,CMO,X,adjusted,channel,12278.47,nT
2026-03-19T18:46:00.000Z,CMO,X,adjusted,channel,12278.749,nT
2026-03-19T18:47:00.000Z,CMO,X,adjusted,channel,12278.49,nT
2026-03-19T18:48:00.000Z,CMO,X,adjusted,channel,12278.52,nT
2026-03-19T18:49:00.000Z,CMO,X,adjusted,channel,12278.536,nT
2026-03-19T18:50:00.000Z,CMO,X,adjusted,channel,12278.457,nT
2026-03-19T18:51:00.000Z,CMO,X,adjusted,channel,12278.354,nT
2026-03-19T18:52:00.000Z,CMO,X,adjusted,channel,12277.569,nT
2026-03-19T18:53:00.000Z,CMO,X,adjusted,channel,12276.558,nT
2026-03-19T18:54:00.000Z,CMO,X,adjusted,channel,12275.805,nT
2026-03-19T18:55:00.000Z,CMO,X,adjusted,channel,12274.827,nT
2026-03-19T18:56:00.000Z,CMO,X,adjusted,channel,12274.257,nT
2026-03-19T18:57:00.000Z,CMO,X,adjusted,channel,12273.942,nT
2026-03-19T18:58:00.000Z,CMO,X,adjusted,channel,12274.277,nT
2026-03-19T18:59:00.000Z,CMO,X,adjusted,channel,12274.45,nT
2026-03-19T19:00:00.000Z,CMO,X,adjusted,channel,12273.947,nT
2026-03-19T19:01:00.000Z,CMO,X,adjusted,channel,12273.292,nT
2026-03-19T19:02:00.000Z,CMO,X,adjusted,channel,12272.884,nT
2026-03-19T19:03:00.000Z,CMO,X,adjusted,channel,12272.546,nT
2026-03-19T19:04:00.000Z,CMO,X,adjusted,channel,12272.491,nT
2026-03-19T19:05:00.000Z,CMO,X,adjusted,channel,12272.672,nT
2026-03-19T19:06:00.000Z,CMO,X,adjusted,channel,12272.949,nT
2026-03-19T19:07:00.000Z,CMO,X,adjusted,channel,12273.604,nT
2026-03-19T19:08:00.000Z,CMO,X,adjusted,channel,12273.981,nT
2026-03-19T19:09:00.000Z,CMO,X,adjusted,channel,12274.227,nT
2026-03-19T19:10:00.000Z,CMO,X,adjusted,channel,12275.011,nT
2026-03-19T19:11:00.000Z,CMO,X,adjusted,channel,12276.078,nT
2026-03-19T19:12:00.000Z,CMO,X,adjusted,channel,12276.377,nT
2026-03-19T19:13:00.000Z,CMO,X,adjusted,channel,12276.21,nT
2026-03-19T19:14:00.000Z,CMO,X,adjusted,channel,12275.085,nT
2026-03-19T19:15:00.000Z,CMO,X,adjusted,channel,12273.871,nT
2026-03-19T19:16:00.000Z,CMO,X,adjusted,channel,12272.383,nT
2026-03-19T19:17:00.000Z,CMO,X,adjusted,channel,12271.423,nT
2026-03-19T19:18:00.000Z,CMO,X,adjusted,channel,12271.324,nT
2026-03-19T19:19:00.000Z,CMO,X,adjusted,channel,12272.33,nT
2026-03-19T19:20:00.000Z,CMO,X,adjusted,channel,12273.806,nT
2026-03-19T19:21:00.000Z,CMO,X,adjusted,channel,12273.972,nT
2026-03-19T19:22:00.000Z,CMO,X,adjusted,channel,12274.31,nT
2026-03-19T19:23:00.000Z,CMO,X,adjusted,channel,12274.846,nT
2026-03-19T19:24:00.000Z,CMO,X,adjusted,channel,12274.95,nT
2026-03-19T19:25:00.000Z,CMO,X,adjusted,channel,12274.209,nT
2026-03-19T19:26:00.000Z,CMO,X,adjusted,channel,12273.791,nT
2026-03-19T19:27:00.000Z,CMO,X,adjusted,channel,12274.135,nT
2026-03-19T19:28:00.000Z,CMO,X,adjusted,channel,12273.837,nT
2026-03-19T19:29:00.000Z,CMO,X,adjusted,channel,12272.746,nT
2026-03-19T19:30:00.000Z,CMO,X,adjusted,channel,12272.452,nT
2026-03-19T19:31:00.000Z,CMO,X,adjusted,channel,12272.727,nT
2026-03-19T19:32:00.000Z,CMO,X,adjusted,channel,12272.963,nT
2026-03-19T19:33:00.000Z,CMO,X,adjusted,channel,12273.232,nT
2026-03-19T19:34:00.000Z,CMO,X,adjusted,channel,12273.147,nT
2026-03-19T19:35:00.000Z,CMO,X,adjusted,channel,12273.051,nT
2026-03-19T19:36:00.000Z,CMO,X,adjusted,channel,12272.905,nT
2026-03-19T19:37:00.000Z,CMO,X,adjusted,channel,12272.564,nT
2026-03-19T19:38:00.000Z,CMO,X,adjusted,channel,12272.638,nT
2026-03-19T19:39:00.000Z,CMO,X,adjusted,channel,12273.48,nT
2026-03-19T19:40:00.000Z,CMO,X,adjusted,channel,12274.057,nT
2026-03-19T19:41:00.000Z,CMO,X,adjusted,channel,12274.006,nT
2026-03-19T19:42:00.000Z,CMO,X,adjusted,channel,12273.248,nT
2026-03-19T19:43:00.000Z,CMO,X,adjusted,channel,12272.801,nT
2026-03-19T19:44:00.000Z,CMO,X,adjusted,channel,12272.82,nT
2026-03-19T19:45:00.000Z,CMO,X,adjusted,channel,12273.102,nT
2026-03-19T19:46:00.000Z,CMO,X,adjusted,channel,12272.822,nT
2026-03-19T19:47:00.000Z,CMO,X,adjusted,channel,12272.367,nT
2026-03-19T19:48:00.000Z,CMO,X,adjusted,channel,12272.214,nT
2026-03-19T19:49:00.000Z,CMO,X,adjusted,channel,12272.251,nT
2026-03-19T19:50:00.000Z,CMO,X,adjusted,channel,12272.301,nT
2026-03-19T19:51:00.000Z,CMO,X,adjusted,channel,12271.773,nT
2026-03-19T19:52:00.000Z,CMO,X,adjusted,channel,12271.551,nT
2026-03-19T19:53:00.000Z,CMO,X,adjusted,channel,12271.313,nT
2026-03-19T19:54:00.000Z,CMO,X,adjusted,channel,12270.768,nT
2026-03-19T19:55:00.000Z,CMO,X,adjusted,channel,12270.476,nT
2026-03-19T19:56:00.000Z,CMO,X,adjusted,channel,12270.116,nT
2026-03-19T19:57:00.000Z,CMO,X,adjusted,channel,12269.653,nT
2026-03-19T19:58:00.000Z,CMO,X,adjusted,channel,12269.649,nT
2026-03-19T19:59:00.000Z,CMO,X,adjusted,channel,12269.5,nT
2026-03-19T20:00:00.000Z,CMO,X,adjusted,channel,12269.692,nT
2026-03-19T20:01:00.000Z,CMO,X,adjusted,channel,12270.168,nT
2026-03-19T20:02:00.000Z,CMO,X,adjusted,channel,12270.58,nT
2026-03-19T20:03:00.000Z,CMO,X,adjusted,channel,12270.803,nT
2026-03-19T20:04:00.000Z,CMO,X,adjusted,channel,12270.092,nT
2026-03-19T20:05:00.000Z,CMO,X,adjusted,channel,12269.713,nT
2026-03-19T20:06:00.000Z,CMO,X,adjusted,channel,12270.082,nT
2026-03-19T20:07:00.000Z,CMO,X,adjusted,channel,12270.287,nT
2026-03-19T20:08:00.000Z,CMO,X,adjusted,channel,12270.999,nT
2026-03-19T20:09:00.000Z,CMO,X,adjusted,channel,12270.484,nT
2026-03-19T20:10:00.000Z,CMO,X,adjusted,channel,12269.354,nT
2026-03-19T20:11:00.000Z,CMO,X,adjusted,channel,12270.413,nT
2026-03-19T20:12:00.000Z,CMO,X,adjusted,channel,12271.389,nT
2026-03-19T20:13:00.000Z,CMO,X,adjusted,channel,12271.322,nT
2026-03-19T20:14:00.000Z,CMO,X,adjusted,channel,12271.159,nT
2026-03-19T20:15:00.000Z,CMO,X,adjusted,channel,12271.374,nT
2026-03-19T20:16:00.000Z,CMO,X,adjusted,channel,12271.073,nT
2026-03-19T20:17:00.000Z,CMO,X,adjusted,channel,12270.799,nT
2026-03-19T20:18:00.000Z,CMO,X,adjusted,channel,12270.615,nT
2026-03-19T20:19:00.000Z,CMO,X,adjusted,channel,12270.468,nT
2026-03-19T20:20:00.000Z,CMO,X,adjusted,channel,12270.192,nT
2026-03-19T20:21:00.000Z,CMO,X,adjusted,channel,12270.933,nT
2026-03-19T20:22:00.000Z,CMO,X,adjusted,channel,12270.457,nT
2026-03-19T20:23:00.000Z,CMO,X,adjusted,channel,12269.9,nT
2026-03-19T20:24:00.000Z,CMO,X,adjusted,channel,12269.267,nT
2026-03-19T20:25:00.000Z,CMO,X,adjusted,channel,12269.468,nT
2026-03-19T20:26:00.000Z,CMO,X,adjusted,channel,12269.118,nT
2026-03-19T20:27:00.000Z,CMO,X,adjusted,channel,12269.296,nT
2026-03-19T20:28:00.000Z,CMO,X,adjusted,channel,12269.167,nT
2026-03-19T20:29:00.000Z,CMO,X,adjusted,channel,12269.222,nT
2026-03-19T20:30:00.000Z,CMO,X,adjusted,channel,12269.173,nT
2026-03-19T20:31:00.000Z,CMO,X,adjusted,channel,12269.251,nT
2026-03-19T20:32:00.000Z,CMO,X,adjusted,channel,12268.939,nT
2026-03-19T20:33:00.000Z,CMO,X,adjusted,channel,12268.181,nT
2026-03-19T20:34:00.000Z,CMO,X,adjusted,channel,12267.394,nT
2026-03-19T20:35:00.000Z,CMO,X,adjusted,channel,12267.201,nT
2026-03-19T20:36:00.000Z,CMO,X,adjusted,channel,12266.963,nT
2026-03-19T20:37:00.000Z,CMO,X,adjusted,channel,12267.354,nT
2026-03-19T20:38:00.000Z,CMO,X,adjusted,channel,12268.502,nT
2026-03-19T20:39:00.000Z,CMO,X,adjusted,channel,12269.938,nT
2026-03-19T20:40:00.000Z,CMO,X,adjusted,channel,12270.648,nT
2026-03-19T20:41:00.000Z,CMO,X,adjusted,channel,12270.957,nT
2026-03-19T20:42:00.000Z,CMO,X,adjusted,channel,12270.51,nT
2026-03-19T20:43:00.000Z,CMO,X,adjusted,channel,12270.213,nT
2026-03-19T20:44:00.000Z,CMO,X,adjusted,channel,12270.543,nT
2026-03-19T20:45:00.000Z,CMO,X,adjusted,channel,12270.854,nT
2026-03-19T20:46:00.000Z,CMO,X,adjusted,channel,12271.364,nT
2026-03-19T20:47:00.000Z,CMO,X,adjusted,channel,12271.575,nT
2026-03-19T20:48:00.000Z,CMO,X,adjusted,channel,12271.444,nT
2026-03-19T20:49:00.000Z,CMO,X,adjusted,channel,12271.477,nT
2026-03-19T20:50:00.000Z,CMO,X,adjusted,channel,12271.059,nT
2026-03-19T20:51:00.000Z,CMO,X,adjusted,channel,12270.861,nT
2026-03-19T20:52:00.000Z,CMO,X,adjusted,channel,12271.173,nT
2026-03-19T20:53:00.000Z,CMO,X,adjusted,channel,12270.811,nT
2026-03-19T20:54:00.000Z,CMO,X,adjusted,channel,12270.83,nT
2026-03-19T20:55:00.000Z,CMO,X,adjusted,channel,12271.494,nT
2026-03-19T20:56:00.000Z,CMO,X,adjusted,channel,12271.897,nT
2026-03-19T20:57:00.000Z,CMO,X,adjusted,channel,12271.203,nT
2026-03-19T20:58:00.000Z,CMO,X,adjusted,channel,12270.795,nT
2026-03-19T20:59:00.000Z,CMO,X,adjusted,channel,12271.506,nT
2026-03-19T21:00:00.000Z,CMO,X,adjusted,channel,12271.841,nT
2026-03-19T21:01:00.000Z,CMO,X,adjusted,channel,12271.799,nT
2026-03-19T21:02:00.000Z,CMO,X,adjusted,channel,12271.501,nT
2026-03-19T21:03:00.000Z,CMO,X,adjusted,channel,12271.376,nT
2026-03-19T21:04:00.000Z,CMO,X,adjusted,channel,12271.126,nT
2026-03-19T21:05:00.000Z,CMO,X,adjusted,channel,12271.066,nT
2026-03-19T21:06:00.000Z,CMO,X,adjusted,channel,12270.797,nT
2026-03-19T21:07:00.000Z,CMO,X,adjusted,channel,12270.59,nT
2026-03-19T21:08:00.000Z,CMO,X,adjusted,channel,12270.605,nT
2026-03-19T21:09:00.000Z,CMO,X,adjusted,channel,12270.593,nT
2026-03-19T21:10:00.000Z,CMO,X,adjusted,channel,12270.25,nT
2026-03-19T21:11:00.000Z,CMO,X,adjusted,channel,12269.899,nT
2026-03-19T21:12:00.000Z,CMO,X,adjusted,channel,12269.869,nT
2026-03-19T21:13:00.000Z,CMO,X,adjusted,channel,12269.781,nT
2026-03-19T21:14:00.000Z,CMO,X,adjusted,channel,12269.909,nT
2026-03-19T21:15:00.000Z,CMO,X,adjusted,channel,12270.02,nT
2026-03-19T21:16:00.000Z,CMO,X,adjusted,channel,12269.542,nT
2026-03-19T21:17:00.000Z,CMO,X,adjusted,channel,12269.636,nT
2026-03-19T21:18:00.000Z,CMO,X,adjusted,channel,12270.335,nT
2026-03-19T21:19:00.000Z,CMO,X,adjusted,channel,12271.198,nT
2026-03-19T21:20:00.000Z,CMO,X,adjusted,channel,12271.073,nT
2026-03-19T21:21:00.000Z,CMO,X,adjusted,channel,12270.579,nT
2026-03-19T21:22:00.000Z,CMO,X,adjusted,channel,12270.692,nT
2026-03-19T21:23:00.000Z,CMO,X,adjusted,channel,12271.327,nT
2026-03-19T21:24:00.000Z,CMO,X,adjusted,channel,12271.309,nT
2026-03-19T21:25:00.000Z,CMO,X,adjusted,channel,12271.327,nT
2026-03-19T21:26:00.000Z,CMO,X,adjusted,channel,12271.463,nT
2026-03-19T21:27:00.000Z,CMO,X,adjusted,channel,12271.406,nT
2026-03-19T21:28:00.000Z,CMO,X,adjusted,channel,12271.414,nT
2026-03-19T21:29:00.000Z,CMO,X,adjusted,channel,12271.232,nT
2026-03-19T21:30:00.000Z,CMO,X,adjusted,channel,12271.388,nT
2026-03-19T21:31:00.000Z,CMO,X,adjusted,channel,12271.469,nT
2026-03-19T21:32:00.000Z,CMO,X,adjusted,channel,12271.389,nT
2026-03-19T21:33:00.000Z,CMO,X,adjusted,channel,12271.396,nT
2026-03-19T21:34:00.000Z,CMO,X,adjusted,channel,12271.198,nT
2026-03-19T21:35:00.000Z,CMO,X,adjusted,channel,12271.409,nT
2026-03-19T21:36:00.000Z,CMO,X,adjusted,channel,12271.426,nT
2026-03-19T21:37:00.000Z,CMO,X,adjusted,channel,12271.294,nT
2026-03-19T21:38:00.000Z,CMO,X,adjusted,channel,12271.255,nT
2026-03-19T21:39:00.000Z,CMO,X,adjusted,channel,12271.465,nT
2026-03-19T21:40:00.000Z,CMO,X,adjusted,channel,12271.752,nT
2026-03-19T21:41:00.000Z,CMO,X,adjusted,channel,12271.535,nT
2026-03-19T21:42:00.000Z,CMO,X,adjusted,channel,12271.101,nT
2026-03-19T21:43:00.000Z,CMO,X,adjusted,channel,12270.718,nT
2026-03-19T21:44:00.000Z,CMO,X,adjusted,channel,12270.691,nT
2026-03-19T21:45:00.000Z,CMO,X,adjusted,channel,12270.508,nT
2026-03-19T21:46:00.000Z,CMO,X,adjusted,channel,12270.186,nT
2026-03-19T21:47:00.000Z,CMO,X,adjusted,channel,12270.65,nT
2026-03-19T21:48:00.000Z,CMO,X,adjusted,channel,12271.253,nT
2026-03-19T21:49:00.000Z,CMO,X,adjusted,channel,12271.47,nT
2026-03-19T21:50:00.000Z,CMO,X,adjusted,channel,12271.868,nT
2026-03-19T21:51:00.000Z,CMO,X,adjusted,channel,12272.691,nT
2026-03-19T21:52:00.000Z,CMO,X,adjusted,channel,12272.758,nT
2026-03-19T21:53:00.000Z,CMO,X,adjusted,channel,12272.423,nT
2026-03-19T21:54:00.000Z,CMO,X,adjusted,channel,12272.342,nT
2026-03-19T21:55:00.000Z,CMO,X,adjusted,channel,12272.493,nT
2026-03-19T21:56:00.000Z,CMO,X,adjusted,channel,12272.426,nT
2026-03-19T21:57:00.000Z,CMO,X,adjusted,channel,12272.007,nT
2026-03-19T21:58:00.000Z,CMO,X,adjusted,channel,12271.741,nT
2026-03-19T21:59:00.000Z,CMO,X,adjusted,channel,12271.939,nT
2026-03-19T22:00:00.000Z,CMO,X,adjusted,channel,12271.691,nT
2026-03-19T22:01:00.000Z,CMO,X,adjusted,channel,12271.393,nT
2026-03-19T22:02:00.000Z,CMO,X,adjusted,channel,12271.46,nT
2026-03-19T22:03:00.000Z,CMO,X,adjusted,channel,12271.492,nT
2026-03-19T22:04:00.000Z,CMO,X,adjusted,channel,12271.405,nT
2026-03-19T22:05:00.000Z,CMO,X,adjusted,channel,12271.082,nT
2026-03-19T22:06:00.000Z,CMO,X,adjusted,channel,12270.784,nT
2026-03-19T22:07:00.000Z,CMO,X,adjusted,channel,12270.505,nT
2026-03-19T22:08:00.000Z,CMO,X,adjusted,channel,12270.379,nT
2026-03-19T22:09:00.000Z,CMO,X,adjusted,channel,12270.385,nT
2026-03-19T22:10:00.000Z,CMO,X,adjusted,channel,12270.524,nT
2026-03-19T22:11:00.000Z,CMO,X,adjusted,channel,12270.287,nT
2026-03-19T22:12:00.000Z,CMO,X,adjusted,channel,12269.934,nT
2026-03-19T22:13:00.000Z,CMO,X,adjusted,channel,12269.779,nT
2026-03-19T22:14:00.000Z,CMO,X,adjusted,channel,12269.653,nT
2026-03-19T22:15:00.000Z,CMO,X,adjusted,channel,12269.756,nT
2026-03-19T22:16:00.000Z,CMO,X,adjusted,channel,12270.117,nT
2026-03-19T22:17:00.000Z,CMO,X,adjusted,channel,12270.466,nT
2026-03-19T22:18:00.000Z,CMO,X,adjusted,channel,12271.05,nT
2026-03-19T22:19:00.000Z,CMO,X,adjusted,channel,12270.948,nT
2026-03-19T22:20:00.000Z,CMO,X,adjusted,channel,12271.087,nT
2026-03-19T22:21:00.000Z,CMO,X,adjusted,channel,12271.044,nT
2026-03-19T22:22:00.000Z,CMO,X,adjusted,channel,12270.94,nT
2026-03-19T22:23:00.000Z,CMO,X,adjusted,channel,12270.844,nT
2026-03-19T22:24:00.000Z,CMO,X,adjusted,channel,12270.511,nT
2026-03-19T22:25:00.000Z,CMO,X,adjusted,channel,12270.107,nT
2026-03-19T22:26:00.000Z,CMO,X,adjusted,channel,12269.81,nT
2026-03-19T22:27:00.000Z,CMO,X,adjusted,channel,12269.384,nT
2026-03-19T22:28:00.000Z,CMO,X,adjusted,channel,12269.142,nT
2026-03-19T22:29:00.000Z,CMO,X,adjusted,channel,12269.345,nT
2026-03-19T22:30:00.000Z,CMO,X,adjusted,channel,12269.804,nT
2026-03-19T22:31:00.000Z,CMO,X,adjusted,channel,12270.474,nT
2026-03-19T22:32:00.000Z,CMO,X,adjusted,channel,12269.947,nT
2026-03-19T22:33:00.000Z,CMO,X,adjusted,channel,12269.403,nT
2026-03-19T22:34:00.000Z,CMO,X,adjusted,channel,12268.945,nT
2026-03-19T22:35:00.000Z,CMO,X,adjusted,channel,12269.193,nT
2026-03-19T22:36:00.000Z,CMO,X,adjusted,channel,12269.357,nT
2026-03-19T22:37:00.000Z,CMO,X,adjusted,channel,12269.02,nT
2026-03-19T22:38:00.000Z,CMO,X,adjusted,channel,12268.994,nT
2026-03-19T22:39:00.000Z,CMO,X,adjusted,channel,12269.161,nT
2026-03-19T22:40:00.000Z,CMO,X,adjusted,channel,12269.713,nT
2026-03-19T22:41:00.000Z,CMO,X,adjusted,channel,12269.921,nT
2026-03-19T22:42:00.000Z,CMO,X,adjusted,channel,12270.334,nT
2026-03-19T22:43:00.000Z,CMO,X,adjusted,channel,12270.641,nT
2026-03-19T22:44:00.000Z,CMO,X,adjusted,channel,12270.538,nT
2026-03-19T22:45:00.000Z,CMO,X,adjusted,channel,12271.06,nT
2026-03-19T22:46:00.000Z,CMO,X,adjusted,channel,12270.887,nT
2026-03-19T22:47:00.000Z,CMO,X,adjusted,channel,12270.788,nT
2026-03-19T22:48:00.000Z,CMO,X,adjusted,channel,12270.815,nT
2026-03-19T22:49:00.000Z,CMO,X,adjusted,channel,12271.251,nT
2026-03-19T22:50:00.000Z,CMO,X,adjusted,channel,12272.061,nT
2026-03-19T22:51:00.000Z,CMO,X,adjusted,channel,12272.526,nT
2026-03-19T22:52:00.000Z,CMO,X,adjusted,channel,12273.329,nT
2026-03-19T22:53:00.000Z,CMO,X,adjusted,channel,12273.573,nT
2026-03-19T22:54:00.000Z,CMO,X,adjusted,channel,12272.432,nT
2026-03-19T22:55:00.000Z,CMO,X,adjusted,channel,12271.895,nT
2026-03-19T22:56:00.000Z,CMO,X,adjusted,channel,12272.618,nT
2026-03-19T22:57:00.000Z,CMO,X,adjusted,channel,12273.443,nT
2026-03-19T22:58:00.000Z,CMO,X,adjusted,channel,12274.042,nT
2026-03-19T22:59:00.000Z,CMO,X,adjusted,channel,12274.574,nT
2026-03-19T23:00:00.000Z,CMO,X,adjusted,channel,12275.366,nT
2026-03-19T23:01:00.000Z,CMO,X,adjusted,channel,12275.147,nT
2026-03-19T23:02:00.000Z,CMO,X,adjusted,channel,12274.356,nT
2026-03-19T23:03:00.000Z,CMO,X,adjusted,channel,12273.492,nT
2026-03-19T23:04:00.000Z,CMO,X,adjusted,channel,12273.143,nT
2026-03-19T23:05:00.000Z,CMO,X,adjusted,channel,12272.987,nT
2026-03-19T23:06:00.000Z,CMO,X,adjusted,channel,12272.688,nT
2026-03-19T23:07:00.000Z,CMO,X,adjusted,channel,12272.306,nT
2026-03-19T23:08:00.000Z,CMO,X,adjusted,channel,12272.388,nT
2026-03-19T23:09:00.000Z,CMO,X,adjusted,channel,12272.511,nT
2026-03-19T23:10:00.000Z,CMO,X,adjusted,channel,12272.324,nT
2026-03-19T23:11:00.000Z,CMO,X,adjusted,channel,12271.802,nT
2026-03-19T23:12:00.000Z,CMO,X,adjusted,channel,12271.536,nT
2026-03-19T23:13:00.000Z,CMO,X,adjusted,channel,12272.09,nT
2026-03-19T23:14:00.000Z,CMO,X,adjusted,channel,12272.669,nT
2026-03-19T23:15:00.000Z,CMO,X,adjusted,channel,12273.077,nT
2026-03-19T23:16:00.000Z,CMO,X,adjusted,channel,12273.009,nT
2026-03-19T23:17:00.000Z,CMO,X,adjusted,channel,12273.15,nT
2026-03-19T23:18:00.000Z,CMO,X,adjusted,channel,12274.094,nT
2026-03-19T23:19:00.000Z,CMO,X,adjusted,channel,12274.897,nT
2026-03-19T23:20:00.000Z,CMO,X,adjusted,channel,12275.218,nT
2026-03-19T23:21:00.000Z,CMO,X,adjusted,channel,12276.018,nT
2026-03-19T23:22:00.000Z,CMO,X,adjusted,channel,12276.716,nT
2026-03-19T23:23:00.000Z,CMO,X,adjusted,channel,12276.851,nT
2026-03-19T23:24:00.000Z,CMO,X,adjusted,channel,12277.252,nT
2026-03-19T23:25:00.000Z,CMO,X,adjusted,channel,12277.059,nT
2026-03-19T23:26:00.000Z,CMO,X,adjusted,channel,12276.644,nT
2026-03-19T23:27:00.000Z,CMO,X,adjusted,channel,12275.536,nT
2026-03-19T23:28:00.000Z,CMO,X,adjusted,channel,12274.84,nT
2026-03-19T23:29:00.000Z,CMO,X,adjusted,channel,12274.85,nT
2026-03-19T23:30:00.000Z,CMO,X,adjusted,channel,12275.085,nT
2026-03-19T23:31:00.000Z,CMO,X,adjusted,channel,12274.807,nT
2026-03-19T23:32:00.000Z,CMO,X,adjusted,channel,12275.152,nT
2026-03-19T23:33:00.000Z,CMO,X,adjusted,channel,12275.393,nT
2026-03-19T23:34:00.000Z,CMO,X,adjusted,channel,12274.958,nT
2026-03-19T23:35:00.000Z,CMO,X,adjusted,channel,12274.748,nT
2026-03-19T23:36:00.000Z,CMO,X,adjusted,channel,12274.884,nT
2026-03-19T23:37:00.000Z,CMO,X,adjusted,channel,12275.021,nT
2026-03-19T23:38:00.000Z,CMO,X,adjusted,channel,12274.81,nT
2026-03-19T23:39:00.000Z,CMO,X,adjusted,channel,12274.754,nT
2026-03-19T23:40:00.000Z,CMO,X,adjusted,channel,12275.087,nT
2026-03-19T23:41:00.000Z,CMO,X,adjusted,channel,12275.777,nT
2026-03-19T23:42:00.000Z,CMO,X,adjusted,channel,12275.931,nT
2026-03-19T23:43:00.000Z,CMO,X,adjusted,channel,12275.92,nT
2026-03-19T23:44:00.000Z,CMO,X,adjusted,channel,12276.118,nT
2026-03-19T23:45:00.000Z,CMO,X,adjusted,channel,12276.19,nT
2026-03-19T23:46:00.000Z,CMO,X,adjusted,channel,12275.814,nT
2026-03-19T23:47:00.000Z,CMO,X,adjusted,channel,12276.076,nT
2026-03-19T23:48:00.000Z,CMO,X,adjusted,channel,12276.275,nT
2026-03-19T23:49:00.000Z,CMO,X,adjusted,channel,12276.47,nT
2026-03-19T23:50:00.000Z,CMO,X,adjusted,channel,12276.039,nT
2026-03-19T23:51:00.000Z,CMO,X,adjusted,channel,12275.653,nT
2026-03-19T23:52:00.000Z,CMO,X,adjusted,channel,12275.796,nT
2026-03-19T23:53:00.000Z,CMO,X,adjusted,channel,12276.344,nT
2026-03-19T23:54:00.000Z,CMO,X,adjusted,channel,12277.217,nT
2026-03-19T23:55:00.000Z,CMO,X,adjusted,channel,12277.971,nT
2026-03-19T23:56:00.000Z,CMO,X,adjusted,channel,12278.159,nT
2026-03-19T23:57:00.000Z,CMO,X,adjusted,channel,12278.226,nT
2026-03-19T23:58:00.000Z,CMO,X,adjusted,channel,12277.858,nT
2026-03-19T23:59:00.000Z,CMO,X,adjusted,channel,12277.335,nT
2026-03-20T00:00:00.000Z,CMO,X,adjusted,channel,12276.533,nT
2026-03-20T00:01:00.000Z,CMO,X,adjusted,channel,12276.153,nT
2026-03-20T00:02:00.000Z,CMO,X,adjusted,channel,12276.753,nT
2026-03-20T00:03:00.000Z,CMO,X,adjusted,channel,12277.375,nT
2026-03-20T00:04:00.000Z,CMO,X,adjusted,channel,12277.249,nT
2026-03-20T00:05:00.000Z,CMO,X,adjusted,channel,12276.945,nT
2026-03-20T00:06:00.000Z,CMO,X,adjusted,channel,12276.809,nT
2026-03-20T00:07:00.000Z,CMO,X,adjusted,channel,12276.371,nT
2026-03-20T00:08:00.000Z,CMO,X,adjusted,channel,12276.433,nT
2026-03-20T00:09:00.000Z,CMO,X,adjusted,channel,12276.483,nT
2026-03-20T00:10:00.000Z,CMO,X,adjusted,channel,12276.491,nT
2026-03-20T00:11:00.000Z,CMO,X,adjusted,channel,12277.922,nT
2026-03-20T00:12:00.000Z,CMO,X,adjusted,channel,12279.66,nT
2026-03-20T00:13:00.000Z,CMO,X,adjusted,channel,12281.005,nT
2026-03-20T00:14:00.000Z,CMO,X,adjusted,channel,12282.361,nT
2026-03-20T00:15:00.000Z,CMO,X,adjusted,channel,12282.846,nT
2026-03-20T00:16:00.000Z,CMO,X,adjusted,channel,12282.743,nT
2026-03-20T00:17:00.000Z,CMO,X,adjusted,channel,12282.036,nT
2026-03-20T00:18:00.000Z,CMO,X,adjusted,channel,12280.955,nT
2026-03-20T00:19:00.000Z,CMO,X,adjusted,channel,12280.249,nT
2026-03-20T00:20:00.000Z,CMO,X,adjusted,channel,12280.037,nT
2026-03-20T00:21:00.000Z,CMO,X,adjusted,channel,12279.604,nT
2026-03-20T00:22:00.000Z,CMO,X,adjusted,channel,12279.226,nT
2026-03-20T00:23:00.000Z,CMO,X,adjusted,channel,12279.049,nT
2026-03-20T00:24:00.000Z,CMO,X,adjusted,channel,12279.419,nT
2026-03-20T00:25:00.000Z,CMO,X,adjusted,channel,12280.319,nT
2026-03-20T00:26:00.000Z,CMO,X,adjusted,channel,12281.249,nT
2026-03-20T00:27:00.000Z,CMO,X,adjusted,channel,12280.481,nT
2026-03-20T00:28:00.000Z,CMO,X,adjusted,channel,12281.179,nT
2026-03-20T00:29:00.000Z,CMO,X,adjusted,channel,12283.417,nT
2026-03-20T00:30:00.000Z,CMO,X,adjusted,channel,12285.498,nT
2026-03-20T00:31:00.000Z,CMO,X,adjusted,channel,12285.9,nT
2026-03-20T00:32:00.000Z,CMO,X,adjusted,channel,12285.232,nT
2026-03-20T00:33:00.000Z,CMO,X,adjusted,channel,12283.754,nT
2026-03-20T00:34:00.000Z,CMO,X,adjusted,channel,12282.479,nT
2026-03-20T00:35:00.000Z,CMO,X,adjusted,channel,12281.663,nT
2026-03-20T00:36:00.000Z,CMO,X,adjusted,channel,12280.559,nT
2026-03-20T00:37:00.000Z,CMO,X,adjusted,channel,12279.553,nT
2026-03-20T00:38:00.000Z,CMO,X,adjusted,channel,12278.93,nT
2026-03-20T00:39:00.000Z,CMO,X,adjusted,channel,12278.694,nT
2026-03-20T00:40:00.000Z,CMO,X,adjusted,channel,12277.867,nT
2026-03-20T00:41:00.000Z,CMO,X,adjusted,channel,12276.801,nT
2026-03-20T00:42:00.000Z,CMO,X,adjusted,channel,12275.841,nT
2026-03-20T00:43:00.000Z,CMO,X,adjusted,channel,12275.095,nT
2026-03-20T00:44:00.000Z,CMO,X,adjusted,channel,12275.276,nT
2026-03-20T00:45:00.000Z,CMO,X,adjusted,channel,12275.557,nT
2026-03-20T00:46:00.000Z,CMO,X,adjusted,channel,12276.345,nT
2026-03-20T00:47:00.000Z,CMO,X,adjusted,channel,12277.065,nT
2026-03-20T00:48:00.000Z,CMO,X,adjusted,channel,12277.71,nT
2026-03-20T00:49:00.000Z,CMO,X,adjusted,channel,12278.502,nT
2026-03-20T00:50:00.000Z,CMO,X,adjusted,channel,12279.567,nT
2026-03-20T00:51:00.000Z,CMO,X,adjusted,channel,12280.496,nT
2026-03-20T00:52:00.000Z,CMO,X,adjusted,channel,12281.558,nT
2026-03-20T00:53:00.000Z,CMO,X,adjusted,channel,12282.776,nT
2026-03-20T00:54:00.000Z,CMO,X,adjusted,channel,12283.427,nT
2026-03-20T00:55:00.000Z,CMO,X,adjusted,channel,12283.702,nT
2026-03-20T00:56:00.000Z,CMO,X,adjusted,channel,12283.431,nT
2026-03-20T00:57:00.000Z,CMO,X,adjusted,channel,12283.867,nT
2026-03-20T00:58:00.000Z,CMO,X,adjusted,channel,12284.67,nT
2026-03-20T00:59:00.000Z,CMO,X,adjusted,channel,12285.638,nT
2026-03-20T01:00:00.000Z,CMO,X,adjusted,channel,12286.989,nT
2026-03-20T01:01:00.000Z,CMO,X,adjusted,channel,12288.04,nT
2026-03-20T01:02:00.000Z,CMO,X,adjusted,channel,12287.996,nT
2026-03-20T01:03:00.000Z,CMO,X,adjusted,channel,12287.284,nT
2026-03-20T01:04:00.000Z,CMO,X,adjusted,channel,12287.306,nT
2026-03-20T01:05:00.000Z,CMO,X,adjusted,channel,12287.298,nT
2026-03-20T01:06:00.000Z,CMO,X,adjusted,channel,12287.055,nT
2026-03-20T01:07:00.000Z,CMO,X,adjusted,channel,12286.973,nT
2026-03-20T01:08:00.000Z,CMO,X,adjusted,channel,12286.602,nT
2026-03-20T01:09:00.000Z,CMO,X,adjusted,channel,12286.411,nT
2026-03-20T01:10:00.000Z,CMO,X,adjusted,channel,12286.238,nT
2026-03-20T01:11:00.000Z,CMO,X,adjusted,channel,12285.593,nT
2026-03-20T01:12:00.000Z,CMO,X,adjusted,channel,12284.862,nT
2026-03-20T01:13:00.000Z,CMO,X,adjusted,channel,12284.189,nT
2026-03-20T01:14:00.000Z,CMO,X,adjusted,channel,12283.593,nT
2026-03-20T01:15:00.000Z,CMO,X,adjusted,channel,12282.868,nT
2026-03-20T01:16:00.000Z,CMO,X,adjusted,channel,12282.313,nT
2026-03-20T01:17:00.000Z,CMO,X,adjusted,channel,12282.821,nT
2026-03-20T01:18:00.000Z,CMO,X,adjusted,channel,12283.331,nT
2026-03-20T01:19:00.000Z,CMO,X,adjusted,channel,12283.026,nT
2026-03-20T01:20:00.000Z,CMO,X,adjusted,channel,12282.486,nT
2026-03-20T01:21:00.000Z,CMO,X,adjusted,channel,12282.53,nT
2026-03-20T01:22:00.000Z,CMO,X,adjusted,channel,12282.96,nT
2026-03-20T01:23:00.000Z,CMO,X,adjusted,channel,12283.213,nT
2026-03-20T01:24:00.000Z,CMO,X,adjusted,channel,12283.544,nT
2026-03-20T01:25:00.000Z,CMO,X,adjusted,channel,12283.803,nT
2026-03-20T01:26:00.000Z,CMO,X,adjusted,channel,12283.623,nT
2026-03-20T01:27:00.000Z,CMO,X,adjusted,channel,12283.414,nT
2026-03-20T01:28:00.000Z,CMO,X,adjusted,channel,12282.985,nT
2026-03-20T01:29:00.000Z,CMO,X,adjusted,channel,12282.586,nT
2026-03-20T01:30:00.000Z,CMO,X,adjusted,channel,12282.573,nT
2026-03-20T01:31:00.000Z,CMO,X,adjusted,channel,12283.175,nT
2026-03-20T01:32:00.000Z,CMO,X,adjusted,channel,12283.353,nT
2026-03-20T01:33:00.000Z,CMO,X,adjusted,channel,12283.734,nT
2026-03-20T01:34:00.000Z,CMO,X,adjusted,channel,12284.593,nT
2026-03-20T01:35:00.000Z,CMO,X,adjusted,channel,12286.27,nT
2026-03-20T01:36:00.000Z,CMO,X,adjusted,channel,12287.528,nT
2026-03-20T01:37:00.000Z,CMO,X,adjusted,channel,12288.523,nT
2026-03-20T01:38:00.000Z,CMO,X,adjusted,channel,12289.909,nT
2026-03-20T01:39:00.000Z,CMO,X,adjusted,channel,12291.029,nT
2026-03-20T01:40:00.000Z,CMO,X,adjusted,channel,12292.108,nT
2026-03-20T01:41:00.000Z,CMO,X,adjusted,channel,12293.476,nT
2026-03-20T01:42:00.000Z,CMO,X,adjusted,channel,12295.299,nT
2026-03-20T01:43:00.000Z,CMO,X,adjusted,channel,12296.831,nT
2026-03-20T01:44:00.000Z,CMO,X,adjusted,channel,12298.287,nT
2026-03-20T01:45:00.000Z,CMO,X,adjusted,channel,12298.681,nT
2026-03-20T01:46:00.000Z,CMO,X,adjusted,channel,12298.256,nT
2026-03-20T01:47:00.000Z,CMO,X,adjusted,channel,12297.509,nT
2026-03-20T01:48:00.000Z,CMO,X,adjusted,channel,12297.478,nT
2026-03-20T01:49:00.000Z,CMO,X,adjusted,channel,12297.555,nT
2026-03-20T01:50:00.000Z,CMO,X,adjusted,channel,12297.266,nT
2026-03-20T01:51:00.000Z,CMO,X,adjusted,channel,12296.863,nT
2026-03-20T01:52:00.000Z,CMO,X,adjusted,channel,12296.022,nT
2026-03-20T01:53:00.000Z,CMO,X,adjusted,channel,12296.172,nT
2026-03-20T01:54:00.000Z,CMO,X,adjusted,channel,12295.762,nT
2026-03-20T01:55:00.000Z,CMO,X,adjusted,channel,12295.17,nT
2026-03-20T01:56:00.000Z,CMO,X,adjusted,channel,12294.539,nT
2026-03-20T01:57:00.000Z,CMO,X,adjusted,channel,12293.257,nT
2026-03-20T01:58:00.000Z,CMO,X,adjusted,channel,12292.02,nT
2026-03-20T01:59:00.000Z,CMO,X,adjusted,channel,12291.295,nT
2026-03-20T02:00:00.000Z,CMO,X,adjusted,channel,12291.329,nT
2026-03-20T02:01:00.000Z,CMO,X,adjusted,channel,12292.006,nT
2026-03-20T02:02:00.000Z,CMO,X,adjusted,channel,12292.699,nT
2026-03-20T02:03:00.000Z,CMO,X,adjusted,channel,12292.851,nT
2026-03-20T02:04:00.000Z,CMO,X,adjusted,channel,12292.589,nT
2026-03-20T02:05:00.000Z,CMO,X,adjusted,channel,12292.086,nT
2026-03-20T02:06:00.000Z,CMO,X,adjusted,channel,12292.176,nT
2026-03-20T02:07:00.000Z,CMO,X,adjusted,channel,12292.144,nT
2026-03-20T02:08:00.000Z,CMO,X,adjusted,channel,12291.763,nT
2026-03-20T02:09:00.000Z,CMO,X,adjusted,channel,12291.639,nT
2026-03-20T02:10:00.000Z,CMO,X,adjusted,channel,12291.836,nT
2026-03-20T02:11:00.000Z,CMO,X,adjusted,channel,12292.723,nT
2026-03-20T02:12:00.000Z,CMO,X,adjusted,channel,12293.943,nT
2026-03-20T02:13:00.000Z,CMO,X,adjusted,channel,12295.116,nT
2026-03-20T02:14:00.000Z,CMO,X,adjusted,channel,12296.3,nT
2026-03-20T02:15:00.000Z,CMO,X,adjusted,channel,12297.059,nT
2026-03-20T02:16:00.000Z,CMO,X,adjusted,channel,12297.118,nT
2026-03-20T02:17:00.000Z,CMO,X,adjusted,channel,12297.218,nT
2026-03-20T02:18:00.000Z,CMO,X,adjusted,channel,12297.406,nT
2026-03-20T02:19:00.000Z,CMO,X,adjusted,channel,12297.168,nT
2026-03-20T02:20:00.000Z,CMO,X,adjusted,channel,12296.736,nT
2026-03-20T02:21:00.000Z,CMO,X,adjusted,channel,12297.054,nT
2026-03-20T02:22:00.000Z,CMO,X,adjusted,channel,12296.909,nT
2026-03-20T02:23:00.000Z,CMO,X,adjusted,channel,12295.88,nT
2026-03-20T02:24:00.000Z,CMO,X,adjusted,channel,12294.61,nT
2026-03-20T02:25:00.000Z,CMO,X,adjusted,channel,12280.795,nT
2026-03-20T02:26:00.000Z,CMO,X,adjusted,channel,12280.746,nT
2026-03-20T02:27:00.000Z,CMO,X,adjusted,channel,12297.006,nT
2026-03-20T02:28:00.000Z,CMO,X,adjusted,channel,12312.98,nT
2026-03-20T02:29:00.000Z,CMO,X,adjusted,channel,12317.678,nT
2026-03-20T02:30:00.000Z,CMO,X,adjusted,channel,12321.197,nT
2026-03-20T02:31:00.000Z,CMO,X,adjusted,channel,12326.247,nT
2026-03-20T02:32:00.000Z,CMO,X,adjusted,channel,12327.012,nT
2026-03-20T02:33:00.000Z,CMO,X,adjusted,channel,12321.44,nT
2026-03-20T02:34:00.000Z,CMO,X,adjusted,channel,12314.235,nT
2026-03-20T02:35:00.000Z,CMO,X,adjusted,channel,12311.502,nT
2026-03-20T02:36:00.000Z,CMO,X,adjusted,channel,12311.049,nT
2026-03-20T02:37:00.000Z,CMO,X,adjusted,channel,12308.896,nT
2026-03-20T02:38:00.000Z,CMO,X,adjusted,channel,12304.346,nT
2026-03-20T02:39:00.000Z,CMO,X,adjusted,channel,12300.409,nT
2026-03-20T02:40:00.000Z,CMO,X,adjusted,channel,12299.286,nT
2026-03-20T02:41:00.000Z,CMO,X,adjusted,channel,12302.465,nT
2026-03-20T02:42:00.000Z,CMO,X,adjusted,channel,12304.616,nT
2026-03-20T02:43:00.000Z,CMO,X,adjusted,channel,12301.777,nT
2026-03-20T02:44:00.000Z,CMO,X,adjusted,channel,12300.06,nT
2026-03-20T02:45:00.000Z,CMO,X,adjusted,channel,12298.63,nT
2026-03-20T02:46:00.000Z,CMO,X,adjusted,channel,12299.445,nT
2026-03-20T02:47:00.000Z,CMO,X,adjusted,channel,12301.318,nT
2026-03-20T02:48:00.000Z,CMO,X,adjusted,channel,12301.336,nT
2026-03-20T02:49:00.000Z,CMO,X,adjusted,channel,12300.072,nT
2026-03-20T02:50:00.000Z,CMO,X,adjusted,channel,12298.946,nT
2026-03-20T02:51:00.000Z,CMO,X,adjusted,channel,12299.407,nT
2026-03-20T02:52:00.000Z,CMO,X,adjusted,channel,12297.21,nT
2026-03-20T02:53:00.000Z,CMO,X,adjusted,channel,12294.52,nT
2026-03-20T02:54:00.000Z,CMO,X,adjusted,channel,12293.142,nT
2026-03-20T02:55:00.000Z,CMO,X,adjusted,channel,12293.303,nT
2026-03-20T02:56:00.000Z,CMO,X,adjusted,channel,12292.837,nT
2026-03-20T02:57:00.000Z,CMO,X,adjusted,channel,12289.955,nT
2026-03-20T02:58:00.000Z,CMO,X,adjusted,channel,12289.324,nT
2026-03-20T02:59:00.000Z,CMO,X,adjusted,channel,12291.696,nT
2026-03-20T03:00:00.000Z,CMO,X,adjusted,channel,12293.772,nT
2026-03-20T03:01:00.000Z,CMO,X,adjusted,channel,12293.966,nT
2026-03-20T03:02:00.000Z,CMO,X,adjusted,channel,12293.961,nT
2026-03-20T03:03:00.000Z,CMO,X,adjusted,channel,12294.626,nT
2026-03-20T03:04:00.000Z,CMO,X,adjusted,channel,12296.064,nT
2026-03-20T03:05:00.000Z,CMO,X,adjusted,channel,12298.682,nT
2026-03-20T03:06:00.000Z,CMO,X,adjusted,channel,12299.418,nT
2026-03-20T03:07:00.000Z,CMO,X,adjusted,channel,12299.101,nT
2026-03-20T03:08:00.000Z,CMO,X,adjusted,channel,12298.376,nT
2026-03-20T03:09:00.000Z,CMO,X,adjusted,channel,12299.226,nT
2026-03-20T03:10:00.000Z,CMO,X,adjusted,channel,12300.981,nT
2026-03-20T03:11:00.000Z,CMO,X,adjusted,channel,12301.13,nT
2026-03-20T03:12:00.000Z,CMO,X,adjusted,channel,12301.67,nT
2026-03-20T03:13:00.000Z,CMO,X,adjusted,channel,12301.336,nT
2026-03-20T03:14:00.000Z,CMO,X,adjusted,channel,12299.766,nT
2026-03-20T03:15:00.000Z,CMO,X,adjusted,channel,12301.05,nT
2026-03-20T03:16:00.000Z,CMO,X,adjusted,channel,12304.199,nT
2026-03-20T03:17:00.000Z,CMO,X,adjusted,channel,12303.586,nT
2026-03-20T03:18:00.000Z,CMO,X,adjusted,channel,12301.123,nT
2026-03-20T03:19:00.000Z,CMO,X,adjusted,channel,12300.328,nT
2026-03-20T03:20:00.000Z,CMO,X,adjusted,channel,12300.817,nT
2026-03-20T03:21:00.000Z,CMO,X,adjusted,channel,12301.575,nT
2026-03-20T03:22:00.000Z,CMO,X,adjusted,channel,12300.745,nT
2026-03-20T03:23:00.000Z,CMO,X,adjusted,channel,12300.925,nT
2026-03-20T03:24:00.000Z,CMO,X,adjusted,channel,12302.697,nT
2026-03-20T03:25:00.000Z,CMO,X,adjusted,channel,12304.595,nT
2026-03-20T03:26:00.000Z,CMO,X,adjusted,channel,12303.317,nT
2026-03-20T03:27:00.000Z,CMO,X,adjusted,channel,12300.814,nT
2026-03-20T03:28:00.000Z,CMO,X,adjusted,channel,12300.255,nT
2026-03-20T03:29:00.000Z,CMO,X,adjusted,channel,12300.867,nT
2026-03-20T03:30:00.000Z,CMO,X,adjusted,channel,12300.191,nT
2026-03-20T03:31:00.000Z,CMO,X,adjusted,channel,12297.588,nT
2026-03-20T03:32:00.000Z,CMO,X,adjusted,channel,12295.98,nT
2026-03-20T03:33:00.000Z,CMO,X,adjusted,channel,12296.311,nT
2026-03-20T03:34:00.000Z,CMO,X,adjusted,channel,12295.978,nT
2026-03-20T03:35:00.000Z,CMO,X,adjusted,channel,12294.591,nT
2026-03-20T03:36:00.000Z,CMO,X,adjusted,channel,12293.767,nT
2026-03-20T03:37:00.000Z,CMO,X,adjusted,channel,12294.613,nT
2026-03-20T03:38:00.000Z,CMO,X,adjusted,channel,12295.893,nT
2026-03-20T03:39:00.000Z,CMO,X,adjusted,channel,12296.858,nT
2026-03-20T03:40:00.000Z,CMO,X,adjusted,channel,12296.836,nT
2026-03-20T03:41:00.000Z,CMO,X,adjusted,channel,12297.196,nT
2026-03-20T03:42:00.000Z,CMO,X,adjusted,channel,12297.003,nT
2026-03-20T03:43:00.000Z,CMO,X,adjusted,channel,12295.944,nT
2026-03-20T03:44:00.000Z,CMO,X,adjusted,channel,12294.534,nT
2026-03-20T03:45:00.000Z,CMO,X,adjusted,channel,12294.751,nT
2026-03-20T03:46:00.000Z,CMO,X,adjusted,channel,12296.622,nT
2026-03-20T03:47:00.000Z,CMO,X,adjusted,channel,12298.098,nT
2026-03-20T03:48:00.000Z,CMO,X,adjusted,channel,12298.323,nT
2026-03-20T03:49:00.000Z,CMO,X,adjusted,channel,12297.787,nT
2026-03-20T03:50:00.000Z,CMO,X,adjusted,channel,12297.456,nT
2026-03-20T03:51:00.000Z,CMO,X,adjusted,channel,12298.287,nT
2026-03-20T03:52:00.000Z,CMO,X,adjusted,channel,12299.652,nT
2026-03-20T03:53:00.000Z,CMO,X,adjusted,channel,12301.208,nT
2026-03-20T03:54:00.000Z,CMO,X,adjusted,channel,12300.637,nT
2026-03-20T03:55:00.000Z,CMO,X,adjusted,channel,12298.335,nT
2026-03-20T03:56:00.000Z,CMO,X,adjusted,channel,12296.807,nT
2026-03-20T03:57:00.000Z,CMO,X,adjusted,channel,12297.132,nT
2026-03-20T03:58:00.000Z,CMO,X,adjusted,channel,12297.884,nT
2026-03-20T03:59:00.000Z,CMO,X,adjusted,channel,12298.765,nT
2026-03-20T04:00:00.000Z,CMO,X,adjusted,channel,12298.775,nT
2026-03-20T04:01:00.000Z,CMO,X,adjusted,channel,12296.249,nT
2026-03-20T04:02:00.000Z,CMO,X,adjusted,channel,12301.295,nT
2026-03-20T04:03:00.000Z,CMO,X,adjusted,channel,12315.571,nT
2026-03-20T04:04:00.000Z,CMO,X,adjusted,channel,12325.709,nT
2026-03-20T04:05:00.000Z,CMO,X,adjusted,channel,12327.798,nT
2026-03-20T04:06:00.000Z,CMO,X,adjusted,channel,12327.234,nT
2026-03-20T04:07:00.000Z,CMO,X,adjusted,channel,12327.774,nT
2026-03-20T04:08:00.000Z,CMO,X,adjusted,channel,12327.486,nT
2026-03-20T04:09:00.000Z,CMO,X,adjusted,channel,12324.671,nT
2026-03-20T04:10:00.000Z,CMO,X,adjusted,channel,12322.027,nT
2026-03-20T04:11:00.000Z,CMO,X,adjusted,channel,12319.363,nT
2026-03-20T04:12:00.000Z,CMO,X,adjusted,channel,12315.537,nT
2026-03-20T04:13:00.000Z,CMO,X,adjusted,channel,12313.999,nT
2026-03-20T04:14:00.000Z,CMO,X,adjusted,channel,12314.103,nT
2026-03-20T04:15:00.000Z,CMO,X,adjusted,channel,12317.74,nT
2026-03-20T04:16:00.000Z,CMO,X,adjusted,channel,12318.584,nT
2026-03-20T04:17:00.000Z,CMO,X,adjusted,channel,12317.367,nT
2026-03-20T04:18:00.000Z,CMO,X,adjusted,channel,12310.908,nT
2026-03-20T04:19:00.000Z,CMO,X,adjusted,channel,12303.979,nT
2026-03-20T04:20:00.000Z,CMO,X,adjusted,channel,12302.889,nT
2026-03-20T04:21:00.000Z,CMO,X,adjusted,channel,12305.497,nT
2026-03-20T04:22:00.000Z,CMO,X,adjusted,channel,12306.338,nT
2026-03-20T04:23:00.000Z,CMO,X,adjusted,channel,12304.883,nT
2026-03-20T04:24:00.000Z,CMO,X,adjusted,channel,12304.752,nT
2026-03-20T04:25:00.000Z,CMO,X,adjusted,channel,12307.367,nT
2026-03-20T04:26:00.000Z,CMO,X,adjusted,channel,12309.751,nT
2026-03-20T04:27:00.000Z,CMO,X,adjusted,channel,12309.816,nT
2026-03-20T04:28:00.000Z,CMO,X,adjusted,channel,12310.297,nT
2026-03-20T04:29:00.000Z,CMO,X,adjusted,channel,12308.1,nT
2026-03-20T04:30:00.000Z,CMO,X,adjusted,channel,12304.154,nT
2026-03-20T04:31:00.000Z,CMO,X,adjusted,channel,12302.251,nT
2026-03-20T04:32:00.000Z,CMO,X,adjusted,channel,12307.099,nT
2026-03-20T04:33:00.000Z,CMO,X,adjusted,channel,12309.224,nT
2026-03-20T04:34:00.000Z,CMO,X,adjusted,channel,12311.4,nT
2026-03-20T04:35:00.000Z,CMO,X,adjusted,channel,12308.622,nT
2026-03-20T04:36:00.000Z,CMO,X,adjusted,channel,12308.808,nT
2026-03-20T04:37:00.000Z,CMO,X,adjusted,channel,12309.291,nT
2026-03-20T04:38:00.000Z,CMO,X,adjusted,channel,12306.54,nT
2026-03-20T04:39:00.000Z,CMO,X,adjusted,channel,12309.189,nT
2026-03-20T04:40:00.000Z,CMO,X,adjusted,channel,12313.586,nT
2026-03-20T04:41:00.000Z,CMO,X,adjusted,channel,12316.095,nT
2026-03-20T04:42:00.000Z,CMO,X,adjusted,channel,12318.116,nT
2026-03-20T04:43:00.000Z,CMO,X,adjusted,channel,12316.212,nT
2026-03-20T04:44:00.000Z,CMO,X,adjusted,channel,12313.534,nT
2026-03-20T04:45:00.000Z,CMO,X,adjusted,channel,12317.384,nT
2026-03-20T04:46:00.000Z,CMO,X,adjusted,channel,12318.985,nT
2026-03-20T04:47:00.000Z,CMO,X,adjusted,channel,12318.742,nT
2026-03-20T04:48:00.000Z,CMO,X,adjusted,channel,12324.735,nT
2026-03-20T04:49:00.000Z,CMO,X,adjusted,channel,12332.282,nT
2026-03-20T04:50:00.000Z,CMO,X,adjusted,channel,12332.01,nT
2026-03-20T04:51:00.000Z,CMO,X,adjusted,channel,12330.29,nT
2026-03-20T04:52:00.000Z,CMO,X,adjusted,channel,12331.878,nT
2026-03-20T04:53:00.000Z,CMO,X,adjusted,channel,12329.653,nT
2026-03-20T04:54:00.000Z,CMO,X,adjusted,channel,12325.257,nT
2026-03-20T04:55:00.000Z,CMO,X,adjusted,channel,12323.932,nT
2026-03-20T04:56:00.000Z,CMO,X,adjusted,channel,12325.364,nT
2026-03-20T04:57:00.000Z,CMO,X,adjusted,channel,12325.703,nT
2026-03-20T04:58:00.000Z,CMO,X,adjusted,channel,12325.648,nT
2026-03-20T04:59:00.000Z,CMO,X,adjusted,channel,12318.032,nT
2026-03-20T05:00:00.000Z,CMO,X,adjusted,channel,12312.906,nT
2026-03-20T05:01:00.000Z,CMO,X,adjusted,channel,12314.429,nT
2026-03-20T05:02:00.000Z,CMO,X,adjusted,channel,12318.903,nT
2026-03-20T05:03:00.000Z,CMO,X,adjusted,channel,12321.109,nT
2026-03-20T05:04:00.000Z,CMO,X,adjusted,channel,12319.097,nT
2026-03-20T05:05:00.000Z,CMO,X,adjusted,channel,12316.212,nT
2026-03-20T05:06:00.000Z,CMO,X,adjusted,channel,12315.787,nT
2026-03-20T05:07:00.000Z,CMO,X,adjusted,channel,12313.854,nT
2026-03-20T05:08:00.000Z,CMO,X,adjusted,channel,12309.991,nT
2026-03-20T05:09:00.000Z,CMO,X,adjusted,channel,12308.5,nT
2026-03-20T05:10:00.000Z,CMO,X,adjusted,channel,12308.935,nT
2026-03-20T05:11:00.000Z,CMO,X,adjusted,channel,12305.071,nT
2026-03-20T05:12:00.000Z,CMO,X,adjusted,channel,12304.765,nT
2026-03-20T05:13:00.000Z,CMO,X,adjusted,channel,12304.513,nT
2026-03-20T05:14:00.000Z,CMO,X,adjusted,channel,12301.597,nT
2026-03-20T05:15:00.000Z,CMO,X,adjusted,channel,12297.965,nT
2026-03-20T05:16:00.000Z,CMO,X,adjusted,channel,12295.551,nT
2026-03-20T05:17:00.000Z,CMO,X,adjusted,channel,12294.63,nT
2026-03-20T05:18:00.000Z,CMO,X,adjusted,channel,12296.957,nT
2026-03-20T05:19:00.000Z,CMO,X,adjusted,channel,12301.901,nT
2026-03-20T05:20:00.000Z,CMO,X,adjusted,channel,12302.841,nT
2026-03-20T05:21:00.000Z,CMO,X,adjusted,channel,12299.873,nT
2026-03-20T05:22:00.000Z,CMO,X,adjusted,channel,12296.899,nT
2026-03-20T05:23:00.000Z,CMO,X,adjusted,channel,12293.154,nT
2026-03-20T05:24:00.000Z,CMO,X,adjusted,channel,12290.307,nT
2026-03-20T05:25:00.000Z,CMO,X,adjusted,channel,12290.891,nT
2026-03-20T05:26:00.000Z,CMO,X,adjusted,channel,12293.72,nT
2026-03-20T05:27:00.000Z,CMO,X,adjusted,channel,12297.364,nT
2026-03-20T05:28:00.000Z,CMO,X,adjusted,channel,12302.179,nT
2026-03-20T05:29:00.000Z,CMO,X,adjusted,channel,12307.585,nT
2026-03-20T05:30:00.000Z,CMO,X,adjusted,channel,12314.635,nT
2026-03-20T05:31:00.000Z,CMO,X,adjusted,channel,12322.766,nT
2026-03-20T05:32:00.000Z,CMO,X,adjusted,channel,12320.516,nT
2026-03-20T05:33:00.000Z,CMO,X,adjusted,channel,12309.404,nT
2026-03-20T05:34:00.000Z,CMO,X,adjusted,channel,12299.201,nT
2026-03-20T05:35:00.000Z,CMO,X,adjusted,channel,12301.482,nT
2026-03-20T05:36:00.000Z,CMO,X,adjusted,channel,12304.994,nT
2026-03-20T05:37:00.000Z,CMO,X,adjusted,channel,12310.798,nT
2026-03-20T05:38:00.000Z,CMO,X,adjusted,channel,12318.445,nT
2026-03-20T05:39:00.000Z,CMO,X,adjusted,channel,12324.97,nT
2026-03-20T05:40:00.000Z,CMO,X,adjusted,channel,12331.439,nT
2026-03-20T05:41:00.000Z,CMO,X,adjusted,channel,12335.467,nT
2026-03-20T05:42:00.000Z,CMO,X,adjusted,channel,12339.43,nT
2026-03-20T05:43:00.000Z,CMO,X,adjusted,channel,12342.299,nT
2026-03-20T05:44:00.000Z,CMO,X,adjusted,channel,12343.339,nT
2026-03-20T05:45:00.000Z,CMO,X,adjusted,channel,12345.608,nT
2026-03-20T05:46:00.000Z,CMO,X,adjusted,channel,12349.578,nT
2026-03-20T05:47:00.000Z,CMO,X,adjusted,channel,12351.42,nT
2026-03-20T05:48:00.000Z,CMO,X,adjusted,channel,12356.42,nT
2026-03-20T05:49:00.000Z,CMO,X,adjusted,channel,12362.053,nT
2026-03-20T05:50:00.000Z,CMO,X,adjusted,channel,12363.451,nT
2026-03-20T05:51:00.000Z,CMO,X,adjusted,channel,12370.62,nT
2026-03-20T05:52:00.000Z,CMO,X,adjusted,channel,12382.412,nT
2026-03-20T05:53:00.000Z,CMO,X,adjusted,channel,12386.023,nT
2026-03-20T05:54:00.000Z,CMO,X,adjusted,channel,12403.444,nT
2026-03-20T05:55:00.000Z,CMO,X,adjusted,channel,12418.636,nT
2026-03-20T05:56:00.000Z,CMO,X,adjusted,channel,12422.118,nT
2026-03-20T05:57:00.000Z,CMO,X,adjusted,channel,12433.623,nT
2026-03-20T05:58:00.000Z,CMO,X,adjusted,channel,12443.18,nT
2026-03-20T05:59:00.000Z,CMO,X,adjusted,channel,12432.451,nT
2026-03-20T06:00:00.000Z,CMO,X,adjusted,channel,12435.04,nT
2026-03-20T06:01:00.000Z,CMO,X,adjusted,channel,12442.689,nT
2026-03-20T06:02:00.000Z,CMO,X,adjusted,channel,12427.56,nT
2026-03-20T06:03:00.000Z,CMO,X,adjusted,channel,12408.438,nT
2026-03-20T06:04:00.000Z,CMO,X,adjusted,channel,12427.482,nT
2026-03-20T06:05:00.000Z,CMO,X,adjusted,channel,12467.163,nT
2026-03-20T06:06:00.000Z,CMO,X,adjusted,channel,12465.181,nT
2026-03-20T06:07:00.000Z,CMO,X,adjusted,channel,12454.478,nT
2026-03-20T06:08:00.000Z,CMO,X,adjusted,channel,12472.099,nT
2026-03-20T06:09:00.000Z,CMO,X,adjusted,channel,12484.902,nT
2026-03-20T06:10:00.000Z,CMO,X,adjusted,channel,12483.217,nT
2026-03-20T06:11:00.000Z,CMO,X,adjusted,channel,12515.979,nT
2026-03-20T06:12:00.000Z,CMO,X,adjusted,channel,12525.687,nT
2026-03-20T06:13:00.000Z,CMO,X,adjusted,channel,12543.215,nT
2026-03-20T06:14:00.000Z,CMO,X,adjusted,channel,12537.336,nT
2026-03-20T06:15:00.000Z,CMO,X,adjusted,channel,12489.051,nT
2026-03-20T06:16:00.000Z,CMO,X,adjusted,channel,12492.806,nT
2026-03-20T06:17:00.000Z,CMO,X,adjusted,channel,12496.23,nT
2026-03-20T06:18:00.000Z,CMO,X,adjusted,channel,12502.05,nT
2026-03-20T06:19:00.000Z,CMO,X,adjusted,channel,12522.052,nT
2026-03-20T06:20:00.000Z,CMO,X,adjusted,channel,12555.941,nT
2026-03-20T06:21:00.000Z,CMO,X,adjusted,channel,12512.292,nT
2026-03-20T06:22:00.000Z,CMO,X,adjusted,channel,12466.542,nT
2026-03-20T06:23:00.000Z,CMO,X,adjusted,channel,12419.917,nT
2026-03-20T06:24:00.000Z,CMO,X,adjusted,channel,12436.637,nT
2026-03-20T06:25:00.000Z,CMO,X,adjusted,channel,12413.399,nT
2026-03-20T06:26:00.000Z,CMO,X,adjusted,channel,12378.86,nT
2026-03-20T06:27:00.000Z,CMO,X,adjusted,channel,12358.077,nT
2026-03-20T06:28:00.000Z,CMO,X,adjusted,channel,12276.548,nT
2026-03-20T06:29:00.000Z,CMO,X,adjusted,channel,12292.847,nT
2026-03-20T06:30:00.000Z,CMO,X,adjusted,channel,12321.768,nT
2026-03-20T06:31:00.000Z,CMO,X,adjusted,channel,12217.638,nT
2026-03-20T06:32:00.000Z,CMO,X,adjusted,channel,12183.32,nT
2026-03-20T06:33:00.000Z,CMO,X,adjusted,channel,12246.57,nT
2026-03-20T06:34:00.000Z,CMO,X,adjusted,channel,12191.819,nT
2026-03-20T06:35:00.000Z,CMO,X,adjusted,channel,12215.801,nT
2026-03-20T06:36:00.000Z,CMO,X,adjusted,channel,12211.926,nT
2026-03-20T06:37:00.000Z,CMO,X,adjusted,channel,12155.038,nT
2026-03-20T06:38:00.000Z,CMO,X,adjusted,channel,12205.156,nT
2026-03-20T06:39:00.000Z,CMO,X,adjusted,channel,12230.425,nT
2026-03-20T06:40:00.000Z,CMO,X,adjusted,channel,12292.136,nT
2026-03-20T06:41:00.000Z,CMO,X,adjusted,channel,12258.441,nT
2026-03-20T06:42:00.000Z,CMO,X,adjusted,channel,12201.572,nT
2026-03-20T06:43:00.000Z,CMO,X,adjusted,channel,12118.627,nT
2026-03-20T06:44:00.000Z,CMO,X,adjusted,channel,12208.099,nT
2026-03-20T06:45:00.000Z,CMO,X,adjusted,channel,12282.745,nT
2026-03-20T06:46:00.000Z,CMO,X,adjusted,channel,12251.986,nT
2026-03-20T06:47:00.000Z,CMO,X,adjusted,channel,12201.981,nT
2026-03-20T06:48:00.000Z,CMO,X,adjusted,channel,12204.249,nT
2026-03-20T06:49:00.000Z,CMO,X,adjusted,channel,12238.827,nT
2026-03-20T06:50:00.000Z,CMO,X,adjusted,channel,12236.03,nT
2026-03-20T06:51:00.000Z,CMO,X,adjusted,channel,12274.454,nT
2026-03-20T06:52:00.000Z,CMO,X,adjusted,channel,12319.707,nT
2026-03-20T06:53:00.000Z,CMO,X,adjusted,channel,12353.477,nT
2026-03-20T06:54:00.000Z,CMO,X,adjusted,channel,12366.415,nT
2026-03-20T06:55:00.000Z,CMO,X,adjusted,channel,12389.276,nT
2026-03-20T06:56:00.000Z,CMO,X,adjusted,channel,12429.759,nT
2026-03-20T06:57:00.000Z,CMO,X,adjusted,channel,12441.263,nT
2026-03-20T06:58:00.000Z,CMO,X,adjusted,channel,12452.495,nT
2026-03-20T06:59:00.000Z,CMO,X,adjusted,channel,12464.85,nT
2026-03-20T07:00:00.000Z,CMO,X,adjusted,channel,12434.763,nT
2026-03-20T07:01:00.000Z,CMO,X,adjusted,channel,12380.368,nT
2026-03-20T07:02:00.000Z,CMO,X,adjusted,channel,12373.443,nT
2026-03-20T07:03:00.000Z,CMO,X,adjusted,channel,12378.58,nT
2026-03-20T07:04:00.000Z,CMO,X,adjusted,channel,12407.821,nT
2026-03-20T07:05:00.000Z,CMO,X,adjusted,channel,12431.009,nT
2026-03-20T07:06:00.000Z,CMO,X,adjusted,channel,12455.66,nT
2026-03-20T07:07:00.000Z,CMO,X,adjusted,channel,12445.815,nT
2026-03-20T07:08:00.000Z,CMO,X,adjusted,channel,12460.86,nT
2026-03-20T07:09:00.000Z,CMO,X,adjusted,channel,12467.382,nT
2026-03-20T07:10:00.000Z,CMO,X,adjusted,channel,12464.836,nT
2026-03-20T07:11:00.000Z,CMO,X,adjusted,channel,12431.244,nT
2026-03-20T07:12:00.000Z,CMO,X,adjusted,channel,12399.224,nT
2026-03-20T07:13:00.000Z,CMO,X,adjusted,channel,12393.032,nT
2026-03-20T07:14:00.000Z,CMO,X,adjusted,channel,12432.284,nT
2026-03-20T07:15:00.000Z,CMO,X,adjusted,channel,12412.655,nT
2026-03-20T07:16:00.000Z,CMO,X,adjusted,channel,12379.217,nT
2026-03-20T07:17:00.000Z,CMO,X,adjusted,channel,12396.86,nT
2026-03-20T07:18:00.000Z,CMO,X,adjusted,channel,12398.868,nT
2026-03-20T07:19:00.000Z,CMO,X,adjusted,channel,12372.943,nT
2026-03-20T07:20:00.000Z,CMO,X,adjusted,channel,12356.542,nT
2026-03-20T07:21:00.000Z,CMO,X,adjusted,channel,12354.83,nT
2026-03-20T07:22:00.000Z,CMO,X,adjusted,channel,12359.079,nT
2026-03-20T07:23:00.000Z,CMO,X,adjusted,channel,12378.983,nT
2026-03-20T07:24:00.000Z,CMO,X,adjusted,channel,12393.9,nT
2026-03-20T07:25:00.000Z,CMO,X,adjusted,channel,12403.5,nT
2026-03-20T07:26:00.000Z,CMO,X,adjusted,channel,12396.133,nT
2026-03-20T07:27:00.000Z,CMO,X,adjusted,channel,12376.811,nT
2026-03-20T07:28:00.000Z,CMO,X,adjusted,channel,12372.123,nT
2026-03-20T07:29:00.000Z,CMO,X,adjusted,channel,12389.879,nT
2026-03-20T07:30:00.000Z,CMO,X,adjusted,channel,12371.903,nT
2026-03-20T07:31:00.000Z,CMO,X,adjusted,channel,12347.552,nT
2026-03-20T07:32:00.000Z,CMO,X,adjusted,channel,12354.802,nT
2026-03-20T07:33:00.000Z,CMO,X,adjusted,channel,12371.712,nT
2026-03-20T07:34:00.000Z,CMO,X,adjusted,channel,12385.976,nT
2026-03-20T07:35:00.000Z,CMO,X,adjusted,channel,12382.173,nT
2026-03-20T07:36:00.000Z,CMO,X,adjusted,channel,12379.882,nT
2026-03-20T07:37:00.000Z,CMO,X,adjusted,channel,12368.908,nT
2026-03-20T07:38:00.000Z,CMO,X,adjusted,channel,12355.543,nT
2026-03-20T07:39:00.000Z,CMO,X,adjusted,channel,12360.325,nT
2026-03-20T07:40:00.000Z,CMO,X,adjusted,channel,12379.096,nT
2026-03-20T07:41:00.000Z,CMO,X,adjusted,channel,12379.064,nT
2026-03-20T07:42:00.000Z,CMO,X,adjusted,channel,12374.162,nT
2026-03-20T07:43:00.000Z,CMO,X,adjusted,channel,12365.382,nT
2026-03-20T07:44:00.000Z,CMO,X,adjusted,channel,12362.018,nT
2026-03-20T07:45:00.000Z,CMO,X,adjusted,channel,12364.862,nT
2026-03-20T07:46:00.000Z,CMO,X,adjusted,channel,12355.524,nT
2026-03-20T07:47:00.000Z,CMO,X,adjusted,channel,12351.988,nT
2026-03-20T07:48:00.000Z,CMO,X,adjusted,channel,12356.59,nT
2026-03-20T07:49:00.000Z,CMO,X,adjusted,channel,12357.366,nT
2026-03-20T07:50:00.000Z,CMO,X,adjusted,channel,12344.473,nT
2026-03-20T07:51:00.000Z,CMO,X,adjusted,channel,12341.064,nT
2026-03-20T07:52:00.000Z,CMO,X,adjusted,channel,12347.164,nT
2026-03-20T07:53:00.000Z,CMO,X,adjusted,channel,12343.761,nT
2026-03-20T07:54:00.000Z,CMO,X,adjusted,channel,12337.482,nT
2026-03-20T07:55:00.000Z,CMO,X,adjusted,channel,12327.479,nT
2026-03-20T07:56:00.000Z,CMO,X,adjusted,channel,12319.203,nT
2026-03-20T07:57:00.000Z,CMO,X,adjusted,channel,12312.201,nT
2026-03-20T07:58:00.000Z,CMO,X,adjusted,channel,12313.132,nT
2026-03-20T07:59:00.000Z,CMO,X,adjusted,channel,12309.948,nT
2026-03-20T08:00:00.000Z,CMO,X,adjusted,channel,12303.968,nT
2026-03-20T08:01:00.000Z,CMO,X,adjusted,channel,12308.079,nT
2026-03-20T08:02:00.000Z,CMO,X,adjusted,channel,12313.471,nT
2026-03-20T08:03:00.000Z,CMO,X,adjusted,channel,12316.239,nT
2026-03-20T08:04:00.000Z,CMO,X,adjusted,channel,12320.395,nT
2026-03-20T08:05:00.000Z,CMO,X,adjusted,channel,12329.054,nT
2026-03-20T08:06:00.000Z,CMO,X,adjusted,channel,12332.289,nT
2026-03-20T08:07:00.000Z,CMO,X,adjusted,channel,12344.709,nT
2026-03-20T08:08:00.000Z,CMO,X,adjusted,channel,12354.263,nT
2026-03-20T08:09:00.000Z,CMO,X,adjusted,channel,12358.652,nT
2026-03-20T08:10:00.000Z,CMO,X,adjusted,channel,12357.73,nT
2026-03-20T08:11:00.000Z,CMO,X,adjusted,channel,12358.83,nT
2026-03-20T08:12:00.000Z,CMO,X,adjusted,channel,12359.914,nT
2026-03-20T08:13:00.000Z,CMO,X,adjusted,channel,12356.907,nT
2026-03-20T08:14:00.000Z,CMO,X,adjusted,channel,12348.354,nT
2026-03-20T08:15:00.000Z,CMO,X,adjusted,channel,12348.529,nT
2026-03-20T08:16:00.000Z,CMO,X,adjusted,channel,12342.713,nT
2026-03-20T08:17:00.000Z,CMO,X,adjusted,channel,12337.004,nT
2026-03-20T08:18:00.000Z,CMO,X,adjusted,channel,12333.045,nT
2026-03-20T08:19:00.000Z,CMO,X,adjusted,channel,12328.777,nT
2026-03-20T08:20:00.000Z,CMO,X,adjusted,channel,12326.534,nT
2026-03-20T08:21:00.000Z,CMO,X,adjusted,channel,12320.681,nT
2026-03-20T08:22:00.000Z,CMO,X,adjusted,channel,12319.458,nT
2026-03-20T08:23:00.000Z,CMO,X,adjusted,channel,12323.257,nT
2026-03-20T08:24:00.000Z,CMO,X,adjusted,channel,12325.421,nT
2026-03-20T08:25:00.000Z,CMO,X,adjusted,channel,12330.378,nT
2026-03-20T08:26:00.000Z,CMO,X,adjusted,channel,12340.672,nT
2026-03-20T08:27:00.000Z,CMO,X,adjusted,channel,12344.408,nT
2026-03-20T08:28:00.000Z,CMO,X,adjusted,channel,12340.873,nT
2026-03-20T08:29:00.000Z,CMO,X,adjusted,channel,12345.009,nT
2026-03-20T08:30:00.000Z,CMO,X,adjusted,channel,12354.102,nT
2026-03-20T08:31:00.000Z,CMO,X,adjusted,channel,12359.126,nT
2026-03-20T08:32:00.000Z,CMO,X,adjusted,channel,12367.23,nT
2026-03-20T08:33:00.000Z,CMO,X,adjusted,channel,12372.047,nT
2026-03-20T08:34:00.000Z,CMO,X,adjusted,channel,12372.715,nT
2026-03-20T08:35:00.000Z,CMO,X,adjusted,channel,12369.264,nT
2026-03-20T08:36:00.000Z,CMO,X,adjusted,channel,12362.732,nT
2026-03-20T08:37:00.000Z,CMO,X,adjusted,channel,12362.705,nT
2026-03-20T08:38:00.000Z,CMO,X,adjusted,channel,12374.495,nT
2026-03-20T08:39:00.000Z,CMO,X,adjusted,channel,12390.825,nT
2026-03-20T08:40:00.000Z,CMO,X,adjusted,channel,12403.213,nT
2026-03-20T08:41:00.000Z,CMO,X,adjusted,channel,12394.75,nT
2026-03-20T08:42:00.000Z,CMO,X,adjusted,channel,12401.228,nT
2026-03-20T08:43:00.000Z,CMO,X,adjusted,channel,12376.297,nT
2026-03-20T08:44:00.000Z,CMO,X,adjusted,channel,12368.678,nT
2026-03-20T08:45:00.000Z,CMO,X,adjusted,channel,12364.311,nT
2026-03-20T08:46:00.000Z,CMO,X,adjusted,channel,12379.1,nT
2026-03-20T08:47:00.000Z,CMO,X,adjusted,channel,12395.384,nT
2026-03-20T08:48:00.000Z,CMO,X,adjusted,channel,12405.132,nT
2026-03-20T08:49:00.000Z,CMO,X,adjusted,channel,12408.492,nT
2026-03-20T08:50:00.000Z,CMO,X,adjusted,channel,12410.951,nT
2026-03-20T08:51:00.000Z,CMO,X,adjusted,channel,12410.522,nT
2026-03-20T08:52:00.000Z,CMO,X,adjusted,channel,12416.324,nT
2026-03-20T08:53:00.000Z,CMO,X,adjusted,channel,12410.001,nT
2026-03-20T08:54:00.000Z,CMO,X,adjusted,channel,12404.932,nT
2026-03-20T08:55:00.000Z,CMO,X,adjusted,channel,12408.11,nT
2026-03-20T08:56:00.000Z,CMO,X,adjusted,channel,12411.498,nT
2026-03-20T08:57:00.000Z,CMO,X,adjusted,channel,12405.354,nT
2026-03-20T08:58:00.000Z,CMO,X,adjusted,channel,12382.799,nT
2026-03-20T08:59:00.000Z,CMO,X,adjusted,channel,12363.375,nT
2026-03-20T09:00:00.000Z,CMO,X,adjusted,channel,12371.719,nT
2026-03-20T09:01:00.000Z,CMO,X,adjusted,channel,12396.562,nT
2026-03-20T09:02:00.000Z,CMO,X,adjusted,channel,12389.452,nT
2026-03-20T09:03:00.000Z,CMO,X,adjusted,channel,12381.434,nT
2026-03-20T09:04:00.000Z,CMO,X,adjusted,channel,12388.398,nT
2026-03-20T09:05:00.000Z,CMO,X,adjusted,channel,12387.326,nT
2026-03-20T09:06:00.000Z,CMO,X,adjusted,channel,12403.008,nT
2026-03-20T09:07:00.000Z,CMO,X,adjusted,channel,12404.699,nT
2026-03-20T09:08:00.000Z,CMO,X,adjusted,channel,12400.084,nT
2026-03-20T09:09:00.000Z,CMO,X,adjusted,channel,12405.266,nT
2026-03-20T09:10:00.000Z,CMO,X,adjusted,channel,12405.495,nT
2026-03-20T09:11:00.000Z,CMO,X,adjusted,channel,12395.95,nT
2026-03-20T09:12:00.000Z,CMO,X,adjusted,channel,12378.826,nT
2026-03-20T09:13:00.000Z,CMO,X,adjusted,channel,12367.329,nT
2026-03-20T09:14:00.000Z,CMO,X,adjusted,channel,12371.919,nT
2026-03-20T09:15:00.000Z,CMO,X,adjusted,channel,12366.914,nT
2026-03-20T09:16:00.000Z,CMO,X,adjusted,channel,12339.027,nT
2026-03-20T09:17:00.000Z,CMO,X,adjusted,channel,12321.383,nT
2026-03-20T09:18:00.000Z,CMO,X,adjusted,channel,12328.471,nT
2026-03-20T09:19:00.000Z,CMO,X,adjusted,channel,12334.049,nT
2026-03-20T09:20:00.000Z,CMO,X,adjusted,channel,12347.665,nT
2026-03-20T09:21:00.000Z,CMO,X,adjusted,channel,12339.775,nT
2026-03-20T09:22:00.000Z,CMO,X,adjusted,channel,12334.235,nT
2026-03-20T09:23:00.000Z,CMO,X,adjusted,channel,12335.904,nT
2026-03-20T09:24:00.000Z,CMO,X,adjusted,channel,12339.85,nT
2026-03-20T09:25:00.000Z,CMO,X,adjusted,channel,12350.297,nT
2026-03-20T09:26:00.000Z,CMO,X,adjusted,channel,12344.782,nT
2026-03-20T09:27:00.000Z,CMO,X,adjusted,channel,12344.733,nT
2026-03-20T09:28:00.000Z,CMO,X,adjusted,channel,12342.474,nT
2026-03-20T09:29:00.000Z,CMO,X,adjusted,channel,12349.669,nT
2026-03-20T09:30:00.000Z,CMO,X,adjusted,channel,12346.32,nT
2026-03-20T09:31:00.000Z,CMO,X,adjusted,channel,12335.908,nT
2026-03-20T09:32:00.000Z,CMO,X,adjusted,channel,12333.278,nT
2026-03-20T09:33:00.000Z,CMO,X,adjusted,channel,12324.013,nT
2026-03-20T09:34:00.000Z,CMO,X,adjusted,channel,12315.491,nT
2026-03-20T09:35:00.000Z,CMO,X,adjusted,channel,12319.058,nT
2026-03-20T09:36:00.000Z,CMO,X,adjusted,channel,12333.435,nT
2026-03-20T09:37:00.000Z,CMO,X,adjusted,channel,12337.001,nT
2026-03-20T09:38:00.000Z,CMO,X,adjusted,channel,12326.55,nT
2026-03-20T09:39:00.000Z,CMO,X,adjusted,channel,12315.83,nT
2026-03-20T09:40:00.000Z,CMO,X,adjusted,channel,12330.182,nT
2026-03-20T09:41:00.000Z,CMO,X,adjusted,channel,12309.599,nT
2026-03-20T09:42:00.000Z,CMO,X,adjusted,channel,12309.982,nT
2026-03-20T09:43:00.000Z,CMO,X,adjusted,channel,12308.669,nT
2026-03-20T09:44:00.000Z,CMO,X,adjusted,channel,12315.071,nT
2026-03-20T09:45:00.000Z,CMO,X,adjusted,channel,12315.777,nT
2026-03-20T09:46:00.000Z,CMO,X,adjusted,channel,12317.283,nT
2026-03-20T09:47:00.000Z,CMO,X,adjusted,channel,12320.182,nT
2026-03-20T09:48:00.000Z,CMO,X,adjusted,channel,12318.676,nT
2026-03-20T09:49:00.000Z,CMO,X,adjusted,channel,12316.772,nT
2026-03-20T09:50:00.000Z,CMO,X,adjusted,channel,12312.171,nT
2026-03-20T09:51:00.000Z,CMO,X,adjusted,channel,12313.517,nT
2026-03-20T09:52:00.000Z,CMO,X,adjusted,channel,12310.442,nT
2026-03-20T09:53:00.000Z,CMO,X,adjusted,channel,12306.981,nT
2026-03-20T09:54:00.000Z,CMO,X,adjusted,channel,12311.62,nT
2026-03-20T09:55:00.000Z,CMO,X,adjusted,channel,12314.288,nT
2026-03-20T09:56:00.000Z,CMO,X,adjusted,channel,12324.116,nT
2026-03-20T09:57:00.000Z,CMO,X,adjusted,channel,12323.65,nT
2026-03-20T09:58:00.000Z,CMO,X,adjusted,channel,12318.602,nT
2026-03-20T09:59:00.000Z,CMO,X,adjusted,channel,12316.876,nT
2026-03-20T10:00:00.000Z,CMO,X,adjusted,channel,12317.445,nT
2026-03-20T10:01:00.000Z,CMO,X,adjusted,channel,12314.726,nT
2026-03-20T10:02:00.000Z,CMO,X,adjusted,channel,12311.481,nT
2026-03-20T10:03:00.000Z,CMO,X,adjusted,channel,12306.913,nT
2026-03-20T10:04:00.000Z,CMO,X,adjusted,channel,12282.088,nT
2026-03-20T10:05:00.000Z,CMO,X,adjusted,channel,12270.79,nT
2026-03-20T10:06:00.000Z,CMO,X,adjusted,channel,12288.296,nT
2026-03-20T10:07:00.000Z,CMO,X,adjusted,channel,12294.71,nT
2026-03-20T10:08:00.000Z,CMO,X,adjusted,channel,12295.524,nT
2026-03-20T10:09:00.000Z,CMO,X,adjusted,channel,12289.921,nT
2026-03-20T10:10:00.000Z,CMO,X,adjusted,channel,12287.729,nT
2026-03-20T10:11:00.000Z,CMO,X,adjusted,channel,12293.185,nT
2026-03-20T10:12:00.000Z,CMO,X,adjusted,channel,12296.52,nT
2026-03-20T10:13:00.000Z,CMO,X,adjusted,channel,12309.487,nT
2026-03-20T10:14:00.000Z,CMO,X,adjusted,channel,12322.025,nT
2026-03-20T10:15:00.000Z,CMO,X,adjusted,channel,12310.165,nT
2026-03-20T10:16:00.000Z,CMO,X,adjusted,channel,12291.504,nT
2026-03-20T10:17:00.000Z,CMO,X,adjusted,channel,12287.804,nT
2026-03-20T10:18:00.000Z,CMO,X,adjusted,channel,12303.606,nT
2026-03-20T10:19:00.000Z,CMO,X,adjusted,channel,12312.158,nT
2026-03-20T10:20:00.000Z,CMO,X,adjusted,channel,12290.998,nT
2026-03-20T10:21:00.000Z,CMO,X,adjusted,channel,12281.455,nT
2026-03-20T10:22:00.000Z,CMO,X,adjusted,channel,12295.353,nT
2026-03-20T10:23:00.000Z,CMO,X,adjusted,channel,12310.543,nT
2026-03-20T10:24:00.000Z,CMO,X,adjusted,channel,12318.071,nT
2026-03-20T10:25:00.000Z,CMO,X,adjusted,channel,12320.262,nT
2026-03-20T10:26:00.000Z,CMO,X,adjusted,channel,12323.897,nT
2026-03-20T10:27:00.000Z,CMO,X,adjusted,channel,12330.357,nT
2026-03-20T10:28:00.000Z,CMO,X,adjusted,channel,12324.273,nT
2026-03-20T10:29:00.000Z,CMO,X,adjusted,channel,12315.818,nT
2026-03-20T10:30:00.000Z,CMO,X,adjusted,channel,12314.133,nT
2026-03-20T10:31:00.000Z,CMO,X,adjusted,channel,12315.742,nT
2026-03-20T10:32:00.000Z,CMO,X,adjusted,channel,12316.384,nT
2026-03-20T10:33:00.000Z,CMO,X,adjusted,channel,12305.258,nT
2026-03-20T10:34:00.000Z,CMO,X,adjusted,channel,12305.49,nT
2026-03-20T10:35:00.000Z,CMO,X,adjusted,channel,12314.465,nT
2026-03-20T10:36:00.000Z,CMO,X,adjusted,channel,12327.136,nT
2026-03-20T10:37:00.000Z,CMO,X,adjusted,channel,12305.163,nT
2026-03-20T10:38:00.000Z,CMO,X,adjusted,channel,12294.964,nT
2026-03-20T10:39:00.000Z,CMO,X,adjusted,channel,12308.021,nT
2026-03-20T10:40:00.000Z,CMO,X,adjusted,channel,12312.017,nT
2026-03-20T10:41:00.000Z,CMO,X,adjusted,channel,12311.131,nT
2026-03-20T10:42:00.000Z,CMO,X,adjusted,channel,12302.739,nT
2026-03-20T10:43:00.000Z,CMO,X,adjusted,channel,12287.414,nT
2026-03-20T10:44:00.000Z,CMO,X,adjusted,channel,12278.197,nT
2026-03-20T10:45:00.000Z,CMO,X,adjusted,channel,12285.194,nT
2026-03-20T10:46:00.000Z,CMO,X,adjusted,channel,12293.03,nT
2026-03-20T10:47:00.000Z,CMO,X,adjusted,channel,12290.794,nT
2026-03-20T10:48:00.000Z,CMO,X,adjusted,channel,12287.763,nT
2026-03-20T10:49:00.000Z,CMO,X,adjusted,channel,12299.015,nT
2026-03-20T10:50:00.000Z,CMO,X,adjusted,channel,12317.972,nT
2026-03-20T10:51:00.000Z,CMO,X,adjusted,channel,12314.76,nT
2026-03-20T10:52:00.000Z,CMO,X,adjusted,channel,12299.131,nT
2026-03-20T10:53:00.000Z,CMO,X,adjusted,channel,12297.247,nT
2026-03-20T10:54:00.000Z,CMO,X,adjusted,channel,12301.572,nT
2026-03-20T10:55:00.000Z,CMO,X,adjusted,channel,12319.116,nT
2026-03-20T10:56:00.000Z,CMO,X,adjusted,channel,12320.306,nT
2026-03-20T10:57:00.000Z,CMO,X,adjusted,channel,12309.742,nT
2026-03-20T10:58:00.000Z,CMO,X,adjusted,channel,12302.329,nT
2026-03-20T10:59:00.000Z,CMO,X,adjusted,channel,12300.814,nT
2026-03-20T11:00:00.000Z,CMO,X,adjusted,channel,12301.119,nT
2026-03-20T11:01:00.000Z,CMO,X,adjusted,channel,12296.409,nT
2026-03-20T11:02:00.000Z,CMO,X,adjusted,channel,12292.523,nT
2026-03-20T11:03:00.000Z,CMO,X,adjusted,channel,12286.826,nT
2026-03-20T11:04:00.000Z,CMO,X,adjusted,channel,12296.108,nT
2026-03-20T11:05:00.000Z,CMO,X,adjusted,channel,12303.712,nT
2026-03-20T11:06:00.000Z,CMO,X,adjusted,channel,12308.487,nT
2026-03-20T11:07:00.000Z,CMO,X,adjusted,channel,12324.025,nT
2026-03-20T11:08:00.000Z,CMO,X,adjusted,channel,12299.118,nT
2026-03-20T11:09:00.000Z,CMO,X,adjusted,channel,12294.627,nT
2026-03-20T11:10:00.000Z,CMO,X,adjusted,channel,12299.467,nT
2026-03-20T11:11:00.000Z,CMO,X,adjusted,channel,12280.371,nT
2026-03-20T11:12:00.000Z,CMO,X,adjusted,channel,12282.337,nT
2026-03-20T11:13:00.000Z,CMO,X,adjusted,channel,12306.562,nT
2026-03-20T11:14:00.000Z,CMO,X,adjusted,channel,12327.046,nT
2026-03-20T11:15:00.000Z,CMO,X,adjusted,channel,12336.634,nT
2026-03-20T11:16:00.000Z,CMO,X,adjusted,channel,12343.174,nT
2026-03-20T11:17:00.000Z,CMO,X,adjusted,channel,12349.423,nT
2026-03-20T11:18:00.000Z,CMO,X,adjusted,channel,12340.037,nT
2026-03-20T11:19:00.000Z,CMO,X,adjusted,channel,12329.452,nT
2026-03-20T11:20:00.000Z,CMO,X,adjusted,channel,12324.174,nT
2026-03-20T11:21:00.000Z,CMO,X,adjusted,channel,12320.934,nT
2026-03-20T11:22:00.000Z,CMO,X,adjusted,channel,12302.336,nT
2026-03-20T11:23:00.000Z,CMO,X,adjusted,channel,12287.474,nT
2026-03-20T11:24:00.000Z,CMO,X,adjusted,channel,12282.878,nT
2026-03-20T11:25:00.000Z,CMO,X,adjusted,channel,12294.402,nT
2026-03-20T11:26:00.000Z,CMO,X,adjusted,channel,12305.748,nT
2026-03-20T11:27:00.000Z,CMO,X,adjusted,channel,12310.878,nT
2026-03-20T11:28:00.000Z,CMO,X,adjusted,channel,12279.673,nT
2026-03-20T11:29:00.000Z,CMO,X,adjusted,channel,12253.127,nT
2026-03-20T11:30:00.000Z,CMO,X,adjusted,channel,12277.783,nT
2026-03-20T11:31:00.000Z,CMO,X,adjusted,channel,12302.922,nT
2026-03-20T11:32:00.000Z,CMO,X,adjusted,channel,12302.108,nT
2026-03-20T11:33:00.000Z,CMO,X,adjusted,channel,12295.55,nT
2026-03-20T11:34:00.000Z,CMO,X,adjusted,channel,12295.449,nT
2026-03-20T11:35:00.000Z,CMO,X,adjusted,channel,12300.367,nT
2026-03-20T11:36:00.000Z,CMO,X,adjusted,channel,12297.493,nT
2026-03-20T11:37:00.000Z,CMO,X,adjusted,channel,12286.483,nT
2026-03-20T11:38:00.000Z,CMO,X,adjusted,channel,12281.247,nT
2026-03-20T11:39:00.000Z,CMO,X,adjusted,channel,12295.425,nT
2026-03-20T11:40:00.000Z,CMO,X,adjusted,channel,12308.43,nT
2026-03-20T11:41:00.000Z,CMO,X,adjusted,channel,12315.839,nT
2026-03-20T11:42:00.000Z,CMO,X,adjusted,channel,12307.874,nT
2026-03-20T11:43:00.000Z,CMO,X,adjusted,channel,12286.679,nT
2026-03-20T11:44:00.000Z,CMO,X,adjusted,channel,12276.503,nT
2026-03-20T11:45:00.000Z,CMO,X,adjusted,channel,12289.175,nT
2026-03-20T11:46:00.000Z,CMO,X,adjusted,channel,12317.886,nT
2026-03-20T11:47:00.000Z,CMO,X,adjusted,channel,12343.123,nT
2026-03-20T11:48:00.000Z,CMO,X,adjusted,channel,12325.552,nT
2026-03-20T11:49:00.000Z,CMO,X,adjusted,channel,12290.901,nT
2026-03-20T11:50:00.000Z,CMO,X,adjusted,channel,12247.537,nT
2026-03-20T11:51:00.000Z,CMO,X,adjusted,channel,12233.178,nT
2026-03-20T11:52:00.000Z,CMO,X,adjusted,channel,12278.478,nT
2026-03-20T11:53:00.000Z,CMO,X,adjusted,channel,12283.895,nT
2026-03-20T11:54:00.000Z,CMO,X,adjusted,channel,12258.195,nT
2026-03-20T11:55:00.000Z,CMO,X,adjusted,channel,12241.097,nT
2026-03-20T11:56:00.000Z,CMO,X,adjusted,channel,12252.119,nT
2026-03-20T11:57:00.000Z,CMO,X,adjusted,channel,12260.858,nT
2026-03-20T11:58:00.000Z,CMO,X,adjusted,channel,12266.274,nT
2026-03-20T11:59:00.000Z,CMO,X,adjusted,channel,12258.582,nT
2026-03-20T12:00:00.000Z,CMO,X,adjusted,channel,12253.571,nT
2026-03-20T12:01:00.000Z,CMO,X,adjusted,channel,12239.799,nT
2026-03-20T12:02:00.000Z,CMO,X,adjusted,channel,12235.372,nT
2026-03-20T12:03:00.000Z,CMO,X,adjusted,channel,12234.539,nT
2026-03-20T12:04:00.000Z,CMO,X,adjusted,channel,12235.802,nT
2026-03-20T12:05:00.000Z,CMO,X,adjusted,channel,12247.603,nT
2026-03-20T12:06:00.000Z,CMO,X,adjusted,channel,12252.807,nT
2026-03-20T12:07:00.000Z,CMO,X,adjusted,channel,12248.306,nT
2026-03-20T12:08:00.000Z,CMO,X,adjusted,channel,12249.221,nT
2026-03-20T12:09:00.000Z,CMO,X,adjusted,channel,12250.119,nT
2026-03-20T12:10:00.000Z,CMO,X,adjusted,channel,12248.575,nT
2026-03-20T12:11:00.000Z,CMO,X,adjusted,channel,12234.858,nT
2026-03-20T12:12:00.000Z,CMO,X,adjusted,channel,12217.352,nT
2026-03-20T12:13:00.000Z,CMO,X,adjusted,channel,12209.553,nT
2026-03-20T12:14:00.000Z,CMO,X,adjusted,channel,12207.69,nT
2026-03-20T12:15:00.000Z,CMO,X,adjusted,channel,12209.049,nT
2026-03-20T12:16:00.000Z,CMO,X,adjusted,channel,12208.206,nT
2026-03-20T12:17:00.000Z,CMO,X,adjusted,channel,12201.06,nT
2026-03-20T12:18:00.000Z,CMO,X,adjusted,channel,12195.034,nT
2026-03-20T12:19:00.000Z,CMO,X,adjusted,channel,12198.347,nT
2026-03-20T12:20:00.000Z,CMO,X,adjusted,channel,12197.719,nT
2026-03-20T12:21:00.000Z,CMO,X,adjusted,channel,12179.277,nT
2026-03-20T12:22:00.000Z,CMO,X,adjusted,channel,12164.951,nT
2026-03-20T12:23:00.000Z,CMO,X,adjusted,channel,12174.222,nT
2026-03-20T12:24:00.000Z,CMO,X,adjusted,channel,12193.493,nT
2026-03-20T12:25:00.000Z,CMO,X,adjusted,channel,12216.743,nT
2026-03-20T12:26:00.000Z,CMO,X,adjusted,channel,12234.742,nT
2026-03-20T12:27:00.000Z,CMO,X,adjusted,channel,12234.612,nT
2026-03-20T12:28:00.000Z,CMO,X,adjusted,channel,12226.139,nT
2026-03-20T12:29:00.000Z,CMO,X,adjusted,channel,12209.152,nT
2026-03-20T12:30:00.000Z,CMO,X,adjusted,channel,12196.27,nT
2026-03-20T12:31:00.000Z,CMO,X,adjusted,channel,12190.927,nT
2026-03-20T12:32:00.000Z,CMO,X,adjusted,channel,12186.634,nT
2026-03-20T12:33:00.000Z,CMO,X,adjusted,channel,12178.873,nT
2026-03-20T12:34:00.000Z,CMO,X,adjusted,channel,12173.939,nT
2026-03-20T12:35:00.000Z,CMO,X,adjusted,channel,12167.461,nT
2026-03-20T12:36:00.000Z,CMO,X,adjusted,channel,12173.614,nT
2026-03-20T12:37:00.000Z,CMO,X,adjusted,channel,12184.846,nT
2026-03-20T12:38:00.000Z,CMO,X,adjusted,channel,12197.945,nT
2026-03-20T12:39:00.000Z,CMO,X,adjusted,channel,12209.772,nT
2026-03-20T12:40:00.000Z,CMO,X,adjusted,channel,12214.295,nT
2026-03-20T12:41:00.000Z,CMO,X,adjusted,channel,12219.772,nT
2026-03-20T12:42:00.000Z,CMO,X,adjusted,channel,12220.045,nT
2026-03-20T12:43:00.000Z,CMO,X,adjusted,channel,12215.317,nT
2026-03-20T12:44:00.000Z,CMO,X,adjusted,channel,12206.998,nT
2026-03-20T12:45:00.000Z,CMO,X,adjusted,channel,12196.595,nT
2026-03-20T12:46:00.000Z,CMO,X,adjusted,channel,12195.542,nT
2026-03-20T12:47:00.000Z,CMO,X,adjusted,channel,12200.71,nT
2026-03-20T12:48:00.000Z,CMO,X,adjusted,channel,12198.107,nT
2026-03-20T12:49:00.000Z,CMO,X,adjusted,channel,12195.645,nT
2026-03-20T12:50:00.000Z,CMO,X,adjusted,channel,12190.38,nT
2026-03-20T12:51:00.000Z,CMO,X,adjusted,channel,12195.731,nT
2026-03-20T12:52:00.000Z,CMO,X,adjusted,channel,12216.356,nT
2026-03-20T12:53:00.000Z,CMO,X,adjusted,channel,12226.169,nT
2026-03-20T12:54:00.000Z,CMO,X,adjusted,channel,12199.119,nT
2026-03-20T12:55:00.000Z,CMO,X,adjusted,channel,12173.154,nT
2026-03-20T12:56:00.000Z,CMO,X,adjusted,channel,12175.182,nT
2026-03-20T12:57:00.000Z,CMO,X,adjusted,channel,12185.31,nT
2026-03-20T12:58:00.000Z,CMO,X,adjusted,channel,12202.367,nT
2026-03-20T12:59:00.000Z,CMO,X,adjusted,channel,12223.07,nT
2026-03-20T13:00:00.000Z,CMO,X,adjusted,channel,12246.063,nT
2026-03-20T13:01:00.000Z,CMO,X,adjusted,channel,12260.924,nT
2026-03-20T13:02:00.000Z,CMO,X,adjusted,channel,12261.755,nT
2026-03-20T13:03:00.000Z,CMO,X,adjusted,channel,12247.657,nT
2026-03-20T13:04:00.000Z,CMO,X,adjusted,channel,12225.63,nT
2026-03-20T13:05:00.000Z,CMO,X,adjusted,channel,12223.185,nT
2026-03-20T13:06:00.000Z,CMO,X,adjusted,channel,12228.129,nT
2026-03-20T13:07:00.000Z,CMO,X,adjusted,channel,12231.571,nT
2026-03-20T13:08:00.000Z,CMO,X,adjusted,channel,12226.35,nT
2026-03-20T13:09:00.000Z,CMO,X,adjusted,channel,12215.536,nT
2026-03-20T13:10:00.000Z,CMO,X,adjusted,channel,12195.495,nT
2026-03-20T13:11:00.000Z,CMO,X,adjusted,channel,12175.366,nT
2026-03-20T13:12:00.000Z,CMO,X,adjusted,channel,12161.283,nT
2026-03-20T13:13:00.000Z,CMO,X,adjusted,channel,12153.883,nT
2026-03-20T13:14:00.000Z,CMO,X,adjusted,channel,12140.006,nT
2026-03-20T13:15:00.000Z,CMO,X,adjusted,channel,12135.69,nT
2026-03-20T13:16:00.000Z,CMO,X,adjusted,channel,12145.948,nT
2026-03-20T13:17:00.000Z,CMO,X,adjusted,channel,12157.723,nT
2026-03-20T13:18:00.000Z,CMO,X,adjusted,channel,12165.947,nT
2026-03-20T13:19:00.000Z,CMO,X,adjusted,channel,12166.787,nT
2026-03-20T13:20:00.000Z,CMO,X,adjusted,channel,12169.355,nT
2026-03-20T13:21:00.000Z,CMO,X,adjusted,channel,12155.414,nT
2026-03-20T13:22:00.000Z,CMO,X,adjusted,channel,12141.447,nT
2026-03-20T13:23:00.000Z,CMO,X,adjusted,channel,12137.745,nT
2026-03-20T13:24:00.000Z,CMO,X,adjusted,channel,12133.079,nT
2026-03-20T13:25:00.000Z,CMO,X,adjusted,channel,12143.694,nT
2026-03-20T13:26:00.000Z,CMO,X,adjusted,channel,12148.571,nT
2026-03-20T13:27:00.000Z,CMO,X,adjusted,channel,12167.455,nT
2026-03-20T13:28:00.000Z,CMO,X,adjusted,channel,12192.799,nT
2026-03-20T13:29:00.000Z,CMO,X,adjusted,channel,12204.973,nT
2026-03-20T13:30:00.000Z,CMO,X,adjusted,channel,12213.39,nT
2026-03-20T13:31:00.000Z,CMO,X,adjusted,channel,12218.955,nT
2026-03-20T13:32:00.000Z,CMO,X,adjusted,channel,12231.275,nT
2026-03-20T13:33:00.000Z,CMO,X,adjusted,channel,12253.287,nT
2026-03-20T13:34:00.000Z,CMO,X,adjusted,channel,12258.839,nT
2026-03-20T13:35:00.000Z,CMO,X,adjusted,channel,12259.653,nT
2026-03-20T13:36:00.000Z,CMO,X,adjusted,channel,12248.629,nT
2026-03-20T13:37:00.000Z,CMO,X,adjusted,channel,12233.204,nT
2026-03-20T13:38:00.000Z,CMO,X,adjusted,channel,12213.253,nT
2026-03-20T13:39:00.000Z,CMO,X,adjusted,channel,12201.111,nT
2026-03-20T13:40:00.000Z,CMO,X,adjusted,channel,12193.74,nT
2026-03-20T13:41:00.000Z,CMO,X,adjusted,channel,12207.964,nT
2026-03-20T13:42:00.000Z,CMO,X,adjusted,channel,12209.563,nT
2026-03-20T13:43:00.000Z,CMO,X,adjusted,channel,12210.119,nT
2026-03-20T13:44:00.000Z,CMO,X,adjusted,channel,12216.826,nT
2026-03-20T13:45:00.000Z,CMO,X,adjusted,channel,12227.432,nT
2026-03-20T13:46:00.000Z,CMO,X,adjusted,channel,12225.12,nT
2026-03-20T13:47:00.000Z,CMO,X,adjusted,channel,12220.383,nT
2026-03-20T13:48:00.000Z,CMO,X,adjusted,channel,12211.423,nT
2026-03-20T13:49:00.000Z,CMO,X,adjusted,channel,12202.901,nT
2026-03-20T13:50:00.000Z,CMO,X,adjusted,channel,12218.452,nT
2026-03-20T13:51:00.000Z,CMO,X,adjusted,channel,12224.085,nT
2026-03-20T13:52:00.000Z,CMO,X,adjusted,channel,12235.733,nT
2026-03-20T13:53:00.000Z,CMO,X,adjusted,channel,12254.534,nT
2026-03-20T13:54:00.000Z,CMO,X,adjusted,channel,12256.905,nT
2026-03-20T13:55:00.000Z,CMO,X,adjusted,channel,12254.594,nT
2026-03-20T13:56:00.000Z,CMO,X,adjusted,channel,12261.816,nT
2026-03-20T13:57:00.000Z,CMO,X,adjusted,channel,12270.699,nT
2026-03-20T13:58:00.000Z,CMO,X,adjusted,channel,12272.11,nT
2026-03-20T13:59:00.000Z,CMO,X,adjusted,channel,12279.076,nT
2026-03-20T14:00:00.000Z,CMO,X,adjusted,channel,12278.506,nT
2026-03-20T14:01:00.000Z,CMO,X,adjusted,channel,12267.348,nT
2026-03-20T14:02:00.000Z,CMO,X,adjusted,channel,12265.231,nT
2026-03-20T14:03:00.000Z,CMO,X,adjusted,channel,12268.39,nT
2026-03-20T14:04:00.000Z,CMO,X,adjusted,channel,12264.891,nT
2026-03-20T14:05:00.000Z,CMO,X,adjusted,channel,12257.882,nT
2026-03-20T14:06:00.000Z,CMO,X,adjusted,channel,12258.819,nT
2026-03-20T14:07:00.000Z,CMO,X,adjusted,channel,12266.785,nT
2026-03-20T14:08:00.000Z,CMO,X,adjusted,channel,12278.058,nT
2026-03-20T14:09:00.000Z,CMO,X,adjusted,channel,12283.19,nT
2026-03-20T14:10:00.000Z,CMO,X,adjusted,channel,12274.872,nT
2026-03-20T14:11:00.000Z,CMO,X,adjusted,channel,12271.949,nT
2026-03-20T14:12:00.000Z,CMO,X,adjusted,channel,12271.213,nT
2026-03-20T14:13:00.000Z,CMO,X,adjusted,channel,12270.305,nT
2026-03-20T14:14:00.000Z,CMO,X,adjusted,channel,12275.926,nT
2026-03-20T14:15:00.000Z,CMO,X,adjusted,channel,12283.73,nT
2026-03-20T14:16:00.000Z,CMO,X,adjusted,channel,12286.993,nT
2026-03-20T14:17:00.000Z,CMO,X,adjusted,channel,12290.635,nT
2026-03-20T14:18:00.000Z,CMO,X,adjusted,channel,12299.085,nT
2026-03-20T14:19:00.000Z,CMO,X,adjusted,channel,12309.409,nT
2026-03-20T14:20:00.000Z,CMO,X,adjusted,channel,12317.764,nT
2026-03-20T14:21:00.000Z,CMO,X,adjusted,channel,12321.787,nT
2026-03-20T14:22:00.000Z,CMO,X,adjusted,channel,12321.166,nT
2026-03-20T14:23:00.000Z,CMO,X,adjusted,channel,12321.224,nT
2026-03-20T14:24:00.000Z,CMO,X,adjusted,channel,12318.109,nT
2026-03-20T14:25:00.000Z,CMO,X,adjusted,channel,12313.032,nT
2026-03-20T14:26:00.000Z,CMO,X,adjusted,channel,12309.658,nT
2026-03-20T14:27:00.000Z,CMO,X,adjusted,channel,12305.026,nT
2026-03-20T14:28:00.000Z,CMO,X,adjusted,channel,12300.033,nT
2026-03-20T14:29:00.000Z,CMO,X,adjusted,channel,12295.929,nT
2026-03-20T14:30:00.000Z,CMO,X,adjusted,channel,12293.86,nT
2026-03-20T14:31:00.000Z,CMO,X,adjusted,channel,12293.212,nT
2026-03-20T14:32:00.000Z,CMO,X,adjusted,channel,12293.659,nT
2026-03-20T14:33:00.000Z,CMO,X,adjusted,channel,12292.566,nT
2026-03-20T14:34:00.000Z,CMO,X,adjusted,channel,12290.945,nT
2026-03-20T14:35:00.000Z,CMO,X,adjusted,channel,12292.88,nT
2026-03-20T14:36:00.000Z,CMO,X,adjusted,channel,12292.635,nT
2026-03-20T14:37:00.000Z,CMO,X,adjusted,channel,12291.443,nT
2026-03-20T14:38:00.000Z,CMO,X,adjusted,channel,12285.563,nT
2026-03-20T14:39:00.000Z,CMO,X,adjusted,channel,12285.399,nT
2026-03-20T14:40:00.000Z,CMO,X,adjusted,channel,12287.196,nT
2026-03-20T14:41:00.000Z,CMO,X,adjusted,channel,12290.035,nT
2026-03-20T14:42:00.000Z,CMO,X,adjusted,channel,12293.767,nT
2026-03-20T14:43:00.000Z,CMO,X,adjusted,channel,12296.835,nT
2026-03-20T14:44:00.000Z,CMO,X,adjusted,channel,12299.652,nT
2026-03-20T14:45:00.000Z,CMO,X,adjusted,channel,12300.53,nT
2026-03-20T14:46:00.000Z,CMO,X,adjusted,channel,12298.458,nT
2026-03-20T14:47:00.000Z,CMO,X,adjusted,channel,12294.993,nT
2026-03-20T14:48:00.000Z,CMO,X,adjusted,channel,12292.664,nT
2026-03-20T14:49:00.000Z,CMO,X,adjusted,channel,12291.183,nT
2026-03-20T14:50:00.000Z,CMO,X,adjusted,channel,12290.07,nT
2026-03-20T14:51:00.000Z,CMO,X,adjusted,channel,12288.579,nT
2026-03-20T14:52:00.000Z,CMO,X,adjusted,channel,12288.971,nT
2026-03-20T14:53:00.000Z,CMO,X,adjusted,channel,12289.378,nT
2026-03-20T14:54:00.000Z,CMO,X,adjusted,channel,12290.302,nT
2026-03-20T14:55:00.000Z,CMO,X,adjusted,channel,12291.448,nT
2026-03-20T14:56:00.000Z,CMO,X,adjusted,channel,12290.043,nT
2026-03-20T14:57:00.000Z,CMO,X,adjusted,channel,12287.527,nT
2026-03-20T14:58:00.000Z,CMO,X,adjusted,channel,12285.136,nT
2026-03-20T14:59:00.000Z,CMO,X,adjusted,channel,12286.355,nT
2026-03-20T15:00:00.000Z,CMO,X,adjusted,channel,12292.616,nT
2026-03-20T15:01:00.000Z,CMO,X,adjusted,channel,12296.503,nT
2026-03-20T15:02:00.000Z,CMO,X,adjusted,channel,12299.078,nT
2026-03-20T15:03:00.000Z,CMO,X,adjusted,channel,12297.349,nT
2026-03-20T15:04:00.000Z,CMO,X,adjusted,channel,12294.066,nT
2026-03-20T15:05:00.000Z,CMO,X,adjusted,channel,12292.412,nT
2026-03-20T15:06:00.000Z,CMO,X,adjusted,channel,12292.347,nT
2026-03-20T15:07:00.000Z,CMO,X,adjusted,channel,12293.323,nT
2026-03-20T15:08:00.000Z,CMO,X,adjusted,channel,12294.545,nT
2026-03-20T15:09:00.000Z,CMO,X,adjusted,channel,12294.703,nT
2026-03-20T15:10:00.000Z,CMO,X,adjusted,channel,12294.743,nT
2026-03-20T15:11:00.000Z,CMO,X,adjusted,channel,12295.236,nT
2026-03-20T15:12:00.000Z,CMO,X,adjusted,channel,12293.74,nT
2026-03-20T15:13:00.000Z,CMO,X,adjusted,channel,12290.716,nT
2026-03-20T15:14:00.000Z,CMO,X,adjusted,channel,12289.152,nT
2026-03-20T15:15:00.000Z,CMO,X,adjusted,channel,12290.03,nT
2026-03-20T15:16:00.000Z,CMO,X,adjusted,channel,12291.266,nT
2026-03-20T15:17:00.000Z,CMO,X,adjusted,channel,12290.186,nT
2026-03-20T15:18:00.000Z,CMO,X,adjusted,channel,12289.98,nT
2026-03-20T15:19:00.000Z,CMO,X,adjusted,channel,12291.347,nT
2026-03-20T15:20:00.000Z,CMO,X,adjusted,channel,12293.985,nT
2026-03-20T15:21:00.000Z,CMO,X,adjusted,channel,12296.101,nT
2026-03-20T15:22:00.000Z,CMO,X,adjusted,channel,12297.027,nT
2026-03-20T15:23:00.000Z,CMO,X,adjusted,channel,12294.336,nT
2026-03-20T15:24:00.000Z,CMO,X,adjusted,channel,12287.443,nT
2026-03-20T15:25:00.000Z,CMO,X,adjusted,channel,12284.596,nT
2026-03-20T15:26:00.000Z,CMO,X,adjusted,channel,12283.626,nT
2026-03-20T15:27:00.000Z,CMO,X,adjusted,channel,12282.199,nT
2026-03-20T15:28:00.000Z,CMO,X,adjusted,channel,12289.751,nT
2026-03-20T15:29:00.000Z,CMO,X,adjusted,channel,12304.336,nT
2026-03-20T15:30:00.000Z,CMO,X,adjusted,channel,12312.186,nT
2026-03-20T15:31:00.000Z,CMO,X,adjusted,channel,12312.14,nT
2026-03-20T15:32:00.000Z,CMO,X,adjusted,channel,12310.828,nT
2026-03-20T15:33:00.000Z,CMO,X,adjusted,channel,12309.204,nT
2026-03-20T15:34:00.000Z,CMO,X,adjusted,channel,12312.294,nT
2026-03-20T15:35:00.000Z,CMO,X,adjusted,channel,12309.448,nT
2026-03-20T15:36:00.000Z,CMO,X,adjusted,channel,12306.344,nT
2026-03-20T15:37:00.000Z,CMO,X,adjusted,channel,12304.29,nT
2026-03-20T15:38:00.000Z,CMO,X,adjusted,channel,12299.957,nT
2026-03-20T15:39:00.000Z,CMO,X,adjusted,channel,12299.484,nT
2026-03-20T15:40:00.000Z,CMO,X,adjusted,channel,12300.467,nT
2026-03-20T15:41:00.000Z,CMO,X,adjusted,channel,12302.694,nT
2026-03-20T15:42:00.000Z,CMO,X,adjusted,channel,12307.767,nT
2026-03-20T15:43:00.000Z,CMO,X,adjusted,channel,12307.619,nT
2026-03-20T15:44:00.000Z,CMO,X,adjusted,channel,12301.762,nT
2026-03-20T15:45:00.000Z,CMO,X,adjusted,channel,12299.449,nT
2026-03-20T15:46:00.000Z,CMO,X,adjusted,channel,12298.275,nT
2026-03-20T15:47:00.000Z,CMO,X,adjusted,channel,12300.801,nT
2026-03-20T15:48:00.000Z,CMO,X,adjusted,channel,12299.441,nT
2026-03-20T15:49:00.000Z,CMO,X,adjusted,channel,12291.019,nT
2026-03-20T15:50:00.000Z,CMO,X,adjusted,channel,12294.278,nT
2026-03-20T15:51:00.000Z,CMO,X,adjusted,channel,12300.187,nT
2026-03-20T15:52:00.000Z,CMO,X,adjusted,channel,12299.634,nT
2026-03-20T15:53:00.000Z,CMO,X,adjusted,channel,12299.078,nT
2026-03-20T15:54:00.000Z,CMO,X,adjusted,channel,12287.059,nT
2026-03-20T15:55:00.000Z,CMO,X,adjusted,channel,12250.723,nT
2026-03-20T15:56:00.000Z,CMO,X,adjusted,channel,12228.596,nT
2026-03-20T15:57:00.000Z,CMO,X,adjusted,channel,12236.418,nT
2026-03-20T15:58:00.000Z,CMO,X,adjusted,channel,12260.649,nT
2026-03-20T15:59:00.000Z,CMO,X,adjusted,channel,12264.511,nT
2026-03-20T16:00:00.000Z,CMO,X,adjusted,channel,12275.833,nT
2026-03-20T16:01:00.000Z,CMO,X,adjusted,channel,12299.609,nT
2026-03-20T16:02:00.000Z,CMO,X,adjusted,channel,12313.667,nT
2026-03-20T16:03:00.000Z,CMO,X,adjusted,channel,12299.465,nT
2026-03-20T16:04:00.000Z,CMO,X,adjusted,channel,12280.064,nT
2026-03-20T16:05:00.000Z,CMO,X,adjusted,channel,12284.142,nT
2026-03-20T16:06:00.000Z,CMO,X,adjusted,channel,12293.687,nT
2026-03-20T16:07:00.000Z,CMO,X,adjusted,channel,12287.915,nT
2026-03-20T16:08:00.000Z,CMO,X,adjusted,channel,12283.677,nT
2026-03-20T16:09:00.000Z,CMO,X,adjusted,channel,12272.134,nT
2026-03-20T16:10:00.000Z,CMO,X,adjusted,channel,12263.843,nT
2026-03-20T16:11:00.000Z,CMO,X,adjusted,channel,12267.59,nT
2026-03-20T16:12:00.000Z,CMO,X,adjusted,channel,12275.284,nT
2026-03-20T16:13:00.000Z,CMO,X,adjusted,channel,12280.694,nT
2026-03-20T16:14:00.000Z,CMO,X,adjusted,channel,12283.045,nT
2026-03-20T16:15:00.000Z,CMO,X,adjusted,channel,12285.986,nT
2026-03-20T16:16:00.000Z,CMO,X,adjusted,channel,12285.547,nT
2026-03-20T16:17:00.000Z,CMO,X,adjusted,channel,12281.99,nT
2026-03-20T16:18:00.000Z,CMO,X,adjusted,channel,12280.602,nT
2026-03-20T16:19:00.000Z,CMO,X,adjusted,channel,12285.277,nT
2026-03-20T16:20:00.000Z,CMO,X,adjusted,channel,12286.729,nT
2026-03-20T16:21:00.000Z,CMO,X,adjusted,channel,12285.336,nT
2026-03-20T16:22:00.000Z,CMO,X,adjusted,channel,12283.171,nT
2026-03-20T16:23:00.000Z,CMO,X,adjusted,channel,12280.501,nT
2026-03-20T16:24:00.000Z,CMO,X,adjusted,channel,12281.241,nT
2026-03-20T16:25:00.000Z,CMO,X,adjusted,channel,12281.54,nT
2026-03-20T16:26:00.000Z,CMO,X,adjusted,channel,12280.063,nT
2026-03-20T16:27:00.000Z,CMO,X,adjusted,channel,12282.983,nT
2026-03-20T16:28:00.000Z,CMO,X,adjusted,channel,12286.511,nT
2026-03-20T16:29:00.000Z,CMO,X,adjusted,channel,12290.53,nT
2026-03-20T16:30:00.000Z,CMO,X,adjusted,channel,12286.904,nT
2026-03-20T16:31:00.000Z,CMO,X,adjusted,channel,12272.957,nT
2026-03-20T16:32:00.000Z,CMO,X,adjusted,channel,12267.887,nT
2026-03-20T16:33:00.000Z,CMO,X,adjusted,channel,12276.532,nT
2026-03-20T16:34:00.000Z,CMO,X,adjusted,channel,12285.006,nT
2026-03-20T16:35:00.000Z,CMO,X,adjusted,channel,12285.234,nT
2026-03-20T16:36:00.000Z,CMO,X,adjusted,channel,12276.484,nT
2026-03-20T16:37:00.000Z,CMO,X,adjusted,channel,12271.123,nT
2026-03-20T16:38:00.000Z,CMO,X,adjusted,channel,12273.902,nT
2026-03-20T16:39:00.000Z,CMO,X,adjusted,channel,12281.417,nT
2026-03-20T16:40:00.000Z,CMO,X,adjusted,channel,12286.929,nT
2026-03-20T16:41:00.000Z,CMO,X,adjusted,channel,12282.034,nT
2026-03-20T16:42:00.000Z,CMO,X,adjusted,channel,12278.128,nT
2026-03-20T16:43:00.000Z,CMO,X,adjusted,channel,12279.601,nT
2026-03-20T16:44:00.000Z,CMO,X,adjusted,channel,12276.979,nT
2026-03-20T16:45:00.000Z,CMO,X,adjusted,channel,12278.935,nT
2026-03-20T16:46:00.000Z,CMO,X,adjusted,channel,12283.157,nT
2026-03-20T16:47:00.000Z,CMO,X,adjusted,channel,12281.818,nT
2026-03-20T16:48:00.000Z,CMO,X,adjusted,channel,12282.22,nT
2026-03-20T16:49:00.000Z,CMO,X,adjusted,channel,12286.15,nT
2026-03-20T16:50:00.000Z,CMO,X,adjusted,channel,12287.534,nT
2026-03-20T16:51:00.000Z,CMO,X,adjusted,channel,12283.333,nT
2026-03-20T16:52:00.000Z,CMO,X,adjusted,channel,12279.301,nT
2026-03-20T16:53:00.000Z,CMO,X,adjusted,channel,12280.796,nT
2026-03-20T16:54:00.000Z,CMO,X,adjusted,channel,12278.381,nT
2026-03-20T16:55:00.000Z,CMO,X,adjusted,channel,12282.375,nT
2026-03-20T16:56:00.000Z,CMO,X,adjusted,channel,12290.722,nT
2026-03-20T16:57:00.000Z,CMO,X,adjusted,channel,12288.878,nT
2026-03-20T16:58:00.000Z,CMO,X,adjusted,channel,12279.209,nT
2026-03-20T16:59:00.000Z,CMO,X,adjusted,channel,12278.497,nT
2026-03-20T17:00:00.000Z,CMO,X,adjusted,channel,12281.293,nT
2026-03-20T17:01:00.000Z,CMO,X,adjusted,channel,12282.421,nT
2026-03-20T17:02:00.000Z,CMO,X,adjusted,channel,12279.338,nT
2026-03-20T17:03:00.000Z,CMO,X,adjusted,channel,12276.997,nT
2026-03-20T17:04:00.000Z,CMO,X,adjusted,channel,12273.296,nT
2026-03-20T17:05:00.000Z,CMO,X,adjusted,channel,12279.543,nT
2026-03-20T17:06:00.000Z,CMO,X,adjusted,channel,12284.85,nT
2026-03-20T17:07:00.000Z,CMO,X,adjusted,channel,12282.164,nT
2026-03-20T17:08:00.000Z,CMO,X,adjusted,channel,12285.371,nT
2026-03-20T17:09:00.000Z,CMO,X,adjusted,channel,12290.374,nT
2026-03-20T17:10:00.000Z,CMO,X,adjusted,channel,12293.715,nT
2026-03-20T17:11:00.000Z,CMO,X,adjusted,channel,12287.172,nT
2026-03-20T17:12:00.000Z,CMO,X,adjusted,channel,12273.094,nT
2026-03-20T17:13:00.000Z,CMO,X,adjusted,channel,12272.461,nT
2026-03-20T17:14:00.000Z,CMO,X,adjusted,channel,12279.923,nT
2026-03-20T17:15:00.000Z,CMO,X,adjusted,channel,12283.147,nT
2026-03-20T17:16:00.000Z,CMO,X,adjusted,channel,12278.609,nT
2026-03-20T17:17:00.000Z,CMO,X,adjusted,channel,12279.172,nT
2026-03-20T17:18:00.000Z,CMO,X,adjusted,channel,12279.739,nT
2026-03-20T17:19:00.000Z,CMO,X,adjusted,channel,12284.892,nT
2026-03-20T17:20:00.000Z,CMO,X,adjusted,channel,12279.397,nT
2026-03-20T17:21:00.000Z,CMO,X,adjusted,channel,12279.459,nT
2026-03-20T17:22:00.000Z,CMO,X,adjusted,channel,12283.358,nT
2026-03-20T17:23:00.000Z,CMO,X,adjusted,channel,12292.341,nT
2026-03-20T17:24:00.000Z,CMO,X,adjusted,channel,12287.577,nT
2026-03-20T17:25:00.000Z,CMO,X,adjusted,channel,12276.192,nT
2026-03-20T17:26:00.000Z,CMO,X,adjusted,channel,12276.295,nT
2026-03-20T17:27:00.000Z,CMO,X,adjusted,channel,12279.166,nT
2026-03-20T17:28:00.000Z,CMO,X,adjusted,channel,12273.102,nT
2026-03-20T17:29:00.000Z,CMO,X,adjusted,channel,12270.352,nT
2026-03-20T17:30:00.000Z,CMO,X,adjusted,channel,12275.92,nT
2026-03-20T17:31:00.000Z,CMO,X,adjusted,channel,12274.611,nT
2026-03-20T17:32:00.000Z,CMO,X,adjusted,channel,12271.409,nT
2026-03-20T17:33:00.000Z,CMO,X,adjusted,channel,12274.32,nT
2026-03-20T17:34:00.000Z,CMO,X,adjusted,channel,12275.053,nT
2026-03-20T17:35:00.000Z,CMO,X,adjusted,channel,12278.237,nT
2026-03-20T17:36:00.000Z,CMO,X,adjusted,channel,12272.023,nT
2026-03-20T17:37:00.000Z,CMO,X,adjusted,channel,12272.071,nT
2026-03-20T17:38:00.000Z,CMO,X,adjusted,channel,12273.927,nT
2026-03-20T17:39:00.000Z,CMO,X,adjusted,channel,12272.537,nT
2026-03-20T17:40:00.000Z,CMO,X,adjusted,channel,12271.185,nT
2026-03-20T17:41:00.000Z,CMO,X,adjusted,channel,12270.991,nT
2026-03-20T17:42:00.000Z,CMO,X,adjusted,channel,12272.241,nT
2026-03-20T17:43:00.000Z,CMO,X,adjusted,channel,12275.016,nT
2026-03-20T17:44:00.000Z,CMO,X,adjusted,channel,12283.963,nT
2026-03-20T17:45:00.000Z,CMO,X,adjusted,channel,12282.924,nT
2026-03-20T17:46:00.000Z,CMO,X,adjusted,channel,12276.959,nT
2026-03-20T17:47:00.000Z,CMO,X,adjusted,channel,12276.024,nT
2026-03-20T17:48:00.000Z,CMO,X,adjusted,channel,12269.484,nT
2026-03-20T17:49:00.000Z,CMO,X,adjusted,channel,12266.56,nT
2026-03-20T17:50:00.000Z,CMO,X,adjusted,channel,12272.239,nT
2026-03-20T17:51:00.000Z,CMO,X,adjusted,channel,12269.577,nT
2026-03-20T17:52:00.000Z,CMO,X,adjusted,channel,12262.287,nT
2026-03-20T17:53:00.000Z,CMO,X,adjusted,channel,12263.983,nT
2026-03-20T17:54:00.000Z,CMO,X,adjusted,channel,12268.825,nT
2026-03-20T17:55:00.000Z,CMO,X,adjusted,channel,12276.367,nT
2026-03-20T17:56:00.000Z,CMO,X,adjusted,channel,12286.528,nT
2026-03-20T17:57:00.000Z,CMO,X,adjusted,channel,12273.183,nT
2026-03-20T17:58:00.000Z,CMO,X,adjusted,channel,12268.895,nT
2026-03-20T17:59:00.000Z,CMO,X,adjusted,channel,12279.085,nT
2026-03-20T18:00:00.000Z,CMO,X,adjusted,channel,12279.119,nT
2026-03-20T18:01:00.000Z,CMO,X,adjusted,channel,12281.332,nT
2026-03-20T18:02:00.000Z,CMO,X,adjusted,channel,12274.46,nT
2026-03-20T18:03:00.000Z,CMO,X,adjusted,channel,12260.11,nT
2026-03-20T18:04:00.000Z,CMO,X,adjusted,channel,12259.49,nT
2026-03-20T18:05:00.000Z,CMO,X,adjusted,channel,12271.552,nT
2026-03-20T18:06:00.000Z,CMO,X,adjusted,channel,12269.459,nT
2026-03-20T18:07:00.000Z,CMO,X,adjusted,channel,12261.876,nT
2026-03-20T18:08:00.000Z,CMO,X,adjusted,channel,12266.083,nT
2026-03-20T18:09:00.000Z,CMO,X,adjusted,channel,12268.09,nT
2026-03-20T18:10:00.000Z,CMO,X,adjusted,channel,12263.619,nT
2026-03-20T18:11:00.000Z,CMO,X,adjusted,channel,12263.724,nT
2026-03-20T18:12:00.000Z,CMO,X,adjusted,channel,12269.05,nT
2026-03-20T18:13:00.000Z,CMO,X,adjusted,channel,12262.725,nT
2026-03-20T18:14:00.000Z,CMO,X,adjusted,channel,12249.425,nT
2026-03-20T18:15:00.000Z,CMO,X,adjusted,channel,12253.083,nT
2026-03-20T18:16:00.000Z,CMO,X,adjusted,channel,12255.849,nT
2026-03-20T18:17:00.000Z,CMO,X,adjusted,channel,12257.446,nT
2026-03-20T18:18:00.000Z,CMO,X,adjusted,channel,12258.218,nT
2026-03-20T18:19:00.000Z,CMO,X,adjusted,channel,12255.464,nT
2026-03-20T18:20:00.000Z,CMO,X,adjusted,channel,12247.998,nT
2026-03-20T18:21:00.000Z,CMO,X,adjusted,channel,12256.173,nT
2026-03-20T18:22:00.000Z,CMO,X,adjusted,channel,12264.818,nT
2026-03-20T18:23:00.000Z,CMO,X,adjusted,channel,12273.95,nT
2026-03-20T18:24:00.000Z,CMO,X,adjusted,channel,12263.39,nT
2026-03-20T18:25:00.000Z,CMO,X,adjusted,channel,12253.31,nT
2026-03-20T18:26:00.000Z,CMO,X,adjusted,channel,12252.287,nT
2026-03-20T18:27:00.000Z,CMO,X,adjusted,channel,12248.679,nT
2026-03-20T18:28:00.000Z,CMO,X,adjusted,channel,12246.641,nT
2026-03-20T18:29:00.000Z,CMO,X,adjusted,channel,12250.902,nT
2026-03-20T18:30:00.000Z,CMO,X,adjusted,channel,12258.528,nT
2026-03-20T18:31:00.000Z,CMO,X,adjusted,channel,12259.604,nT
2026-03-20T18:32:00.000Z,CMO,X,adjusted,channel,12258.17,nT
2026-03-20T18:33:00.000Z,CMO,X,adjusted,channel,12277.794,nT
2026-03-20T18:34:00.000Z,CMO,X,adjusted,channel,12286.559,nT
2026-03-20T18:35:00.000Z,CMO,X,adjusted,channel,12274.195,nT
2026-03-20T18:36:00.000Z,CMO,X,adjusted,channel,12273.463,nT
2026-03-20T18:37:00.000Z,CMO,X,adjusted,channel,12270.094,nT
2026-03-20T18:38:00.000Z,CMO,X,adjusted,channel,12255.005,nT
2026-03-20T18:39:00.000Z,CMO,X,adjusted,channel,12253.652,nT
2026-03-20T18:40:00.000Z,CMO,X,adjusted,channel,12251.22,nT
2026-03-20T18:41:00.000Z,CMO,X,adjusted,channel,12248.7,nT
2026-03-20T18:42:00.000Z,CMO,X,adjusted,channel,12255.428,nT
2026-03-20T18:43:00.000Z,CMO,X,adjusted,channel,12258.143,nT
2026-03-20T18:44:00.000Z,CMO,X,adjusted,channel,12252.686,nT
2026-03-20T18:45:00.000Z,CMO,X,adjusted,channel,12246.208,nT
2026-03-20T18:46:00.000Z,CMO,X,adjusted,channel,12247.211,nT
2026-03-20T18:47:00.000Z,CMO,X,adjusted,channel,12241.85,nT
2026-03-20T18:48:00.000Z,CMO,X,adjusted,channel,12238.937,nT
2026-03-20T18:49:00.000Z,CMO,X,adjusted,channel,12245.468,nT
2026-03-20T18:50:00.000Z,CMO,X,adjusted,channel,12240.915,nT
2026-03-20T18:51:00.000Z,CMO,X,adjusted,channel,12243.484,nT
2026-03-20T18:52:00.000Z,CMO,X,adjusted,channel,12242.957,nT
2026-03-20T18:53:00.000Z,CMO,X,adjusted,channel,12217.925,nT
2026-03-20T18:54:00.000Z,CMO,X,adjusted,channel,12235.56,nT
2026-03-20T18:55:00.000Z,CMO,X,adjusted,channel,12337.249,nT
2026-03-20T18:56:00.000Z,CMO,X,adjusted,channel,12329.314,nT
2026-03-20T18:57:00.000Z,CMO,X,adjusted,channel,12286.061,nT
2026-03-20T18:58:00.000Z,CMO,X,adjusted,channel,12296.309,nT
2026-03-20T18:59:00.000Z,CMO,X,adjusted,channel,12301.717,nT
2026-03-20T19:00:00.000Z,CMO,X,adjusted,channel,12308.579,nT
2026-03-20T19:01:00.000Z,CMO,X,adjusted,channel,12304.009,nT
2026-03-20T19:02:00.000Z,CMO,X,adjusted,channel,12265.261,nT
2026-03-20T19:03:00.000Z,CMO,X,adjusted,channel,12255.065,nT
2026-03-20T19:04:00.000Z,CMO,X,adjusted,channel,12270.847,nT
2026-03-20T19:05:00.000Z,CMO,X,adjusted,channel,12280.713,nT
2026-03-20T19:06:00.000Z,CMO,X,adjusted,channel,12282.879,nT
2026-03-20T19:07:00.000Z,CMO,X,adjusted,channel,12268.774,nT
2026-03-20T19:08:00.000Z,CMO,X,adjusted,channel,12256.147,nT
2026-03-20T19:09:00.000Z,CMO,X,adjusted,channel,12255.954,nT
2026-03-20T19:10:00.000Z,CMO,X,adjusted,channel,12257.46,nT
2026-03-20T19:11:00.000Z,CMO,X,adjusted,channel,12256.929,nT
2026-03-20T19:12:00.000Z,CMO,X,adjusted,channel,12232.606,nT
2026-03-20T19:13:00.000Z,CMO,X,adjusted,channel,12228.306,nT
2026-03-20T19:14:00.000Z,CMO,X,adjusted,channel,12234.682,nT
2026-03-20T19:15:00.000Z,CMO,X,adjusted,channel,12233.835,nT
2026-03-20T19:16:00.000Z,CMO,X,adjusted,channel,12234.73,nT
2026-03-20T19:17:00.000Z,CMO,X,adjusted,channel,12241.673,nT
2026-03-20T19:18:00.000Z,CMO,X,adjusted,channel,12210.918,nT
2026-03-20T19:19:00.000Z,CMO,X,adjusted,channel,12215.384,nT
2026-03-20T19:20:00.000Z,CMO,X,adjusted,channel,12266.26,nT
2026-03-20T19:21:00.000Z,CMO,X,adjusted,channel,12226.442,nT
2026-03-20T19:22:00.000Z,CMO,X,adjusted,channel,12179.236,nT
2026-03-20T19:23:00.000Z,CMO,X,adjusted,channel,12190.787,nT
2026-03-20T19:24:00.000Z,CMO,X,adjusted,channel,12223.862,nT
2026-03-20T19:25:00.000Z,CMO,X,adjusted,channel,12222.087,nT
2026-03-20T19:26:00.000Z,CMO,X,adjusted,channel,12204.11,nT
2026-03-20T19:27:00.000Z,CMO,X,adjusted,channel,12202.45,nT
2026-03-20T19:28:00.000Z,CMO,X,adjusted,channel,12213.319,nT
2026-03-20T19:29:00.000Z,CMO,X,adjusted,channel,12228.029,nT
2026-03-20T19:30:00.000Z,CMO,X,adjusted,channel,12244.914,nT
2026-03-20T19:31:00.000Z,CMO,X,adjusted,channel,12237.116,nT
2026-03-20T19:32:00.000Z,CMO,X,adjusted,channel,12224.897,nT
2026-03-20T19:33:00.000Z,CMO,X,adjusted,channel,12232.998,nT
2026-03-20T19:34:00.000Z,CMO,X,adjusted,channel,12239.541,nT
2026-03-20T19:35:00.000Z,CMO,X,adjusted,channel,12246.749,nT
2026-03-20T19:36:00.000Z,CMO,X,adjusted,channel,12247.958,nT
2026-03-20T19:37:00.000Z,CMO,X,adjusted,channel,12247.597,nT
2026-03-20T19:38:00.000Z,CMO,X,adjusted,channel,12238.315,nT
2026-03-20T19:39:00.000Z,CMO,X,adjusted,channel,12236.36,nT
2026-03-20T19:40:00.000Z,CMO,X,adjusted,channel,12247.647,nT
2026-03-20T19:41:00.000Z,CMO,X,adjusted,channel,12246.281,nT
2026-03-20T19:42:00.000Z,CMO,X,adjusted,channel,12248.698,nT
2026-03-20T19:43:00.000Z,CMO,X,adjusted,channel,12235.785,nT
2026-03-20T19:44:00.000Z,CMO,X,adjusted,channel,12238.325,nT
2026-03-20T19:45:00.000Z,CMO,X,adjusted,channel,12247.646,nT
2026-03-20T19:46:00.000Z,CMO,X,adjusted,channel,12246.839,nT
2026-03-20T19:47:00.000Z,CMO,X,adjusted,channel,12233.287,nT
2026-03-20T19:48:00.000Z,CMO,X,adjusted,channel,12235.343,nT
2026-03-20T19:49:00.000Z,CMO,X,adjusted,channel,12237.86,nT
2026-03-20T19:50:00.000Z,CMO,X,adjusted,channel,12243.742,nT
2026-03-20T19:51:00.000Z,CMO,X,adjusted,channel,12239.463,nT
2026-03-20T19:52:00.000Z,CMO,X,adjusted,channel,12251.495,nT
2026-03-20T19:53:00.000Z,CMO,X,adjusted,channel,12257.192,nT
2026-03-20T19:54:00.000Z,CMO,X,adjusted,channel,12247.547,nT
2026-03-20T19:55:00.000Z,CMO,X,adjusted,channel,12249.773,nT
2026-03-20T19:56:00.000Z,CMO,X,adjusted,channel,12251.202,nT
2026-03-20T19:57:00.000Z,CMO,X,adjusted,channel,12244.911,nT
2026-03-20T19:58:00.000Z,CMO,X,adjusted,channel,12237.563,nT
2026-03-20T19:59:00.000Z,CMO,X,adjusted,channel,12239.599,nT
2026-03-20T20:00:00.000Z,CMO,X,adjusted,channel,12230.542,nT
2026-03-20T20:01:00.000Z,CMO,X,adjusted,channel,12227.834,nT
2026-03-20T20:02:00.000Z,CMO,X,adjusted,channel,12222.801,nT
2026-03-20T20:03:00.000Z,CMO,X,adjusted,channel,12239.224,nT
2026-03-20T20:04:00.000Z,CMO,X,adjusted,channel,12249.916,nT
2026-03-20T20:05:00.000Z,CMO,X,adjusted,channel,12250.741,nT
2026-03-20T20:06:00.000Z,CMO,X,adjusted,channel,12246.596,nT
2026-03-20T20:07:00.000Z,CMO,X,adjusted,channel,12251.492,nT
2026-03-20T20:08:00.000Z,CMO,X,adjusted,channel,12244.343,nT
2026-03-20T20:09:00.000Z,CMO,X,adjusted,channel,12248.533,nT
2026-03-20T20:10:00.000Z,CMO,X,adjusted,channel,12219.844,nT
2026-03-20T20:11:00.000Z,CMO,X,adjusted,channel,12191.72,nT
2026-03-20T20:12:00.000Z,CMO,X,adjusted,channel,12234.65,nT
2026-03-20T20:13:00.000Z,CMO,X,adjusted,channel,12305.915,nT
2026-03-20T20:14:00.000Z,CMO,X,adjusted,channel,12345.635,nT
2026-03-20T20:15:00.000Z,CMO,X,adjusted,channel,12324.213,nT
2026-03-20T20:16:00.000Z,CMO,X,adjusted,channel,12286.339,nT
2026-03-20T20:17:00.000Z,CMO,X,adjusted,channel,12270.517,nT
2026-03-20T20:18:00.000Z,CMO,X,adjusted,channel,12273.957,nT
2026-03-20T20:19:00.000Z,CMO,X,adjusted,channel,12276.02,nT
2026-03-20T20:20:00.000Z,CMO,X,adjusted,channel,12286.859,nT
2026-03-20T20:21:00.000Z,CMO,X,adjusted,channel,12289.203,nT
2026-03-20T20:22:00.000Z,CMO,X,adjusted,channel,12306.432,nT
2026-03-20T20:23:00.000Z,CMO,X,adjusted,channel,12299.878,nT
2026-03-20T20:24:00.000Z,CMO,X,adjusted,channel,12286.67,nT
2026-03-20T20:25:00.000Z,CMO,X,adjusted,channel,12278.857,nT
2026-03-20T20:26:00.000Z,CMO,X,adjusted,channel,12280.185,nT
2026-03-20T20:27:00.000Z,CMO,X,adjusted,channel,12295.049,nT
2026-03-20T20:28:00.000Z,CMO,X,adjusted,channel,12289.295,nT
2026-03-20T20:29:00.000Z,CMO,X,adjusted,channel,12268.625,nT
2026-03-20T20:30:00.000Z,CMO,X,adjusted,channel,12252.492,nT
2026-03-20T20:31:00.000Z,CMO,X,adjusted,channel,12254.189,nT
2026-03-20T20:32:00.000Z,CMO,X,adjusted,channel,12263.572,nT
2026-03-20T20:33:00.000Z,CMO,X,adjusted,channel,12268.185,nT
2026-03-20T20:34:00.000Z,CMO,X,adjusted,channel,12275.101,nT
2026-03-20T20:35:00.000Z,CMO,X,adjusted,channel,12264.427,nT
2026-03-20T20:36:00.000Z,CMO,X,adjusted,channel,12249.507,nT
2026-03-20T20:37:00.000Z,CMO,X,adjusted,channel,12248.149,nT
2026-03-20T20:38:00.000Z,CMO,X,adjusted,channel,12254.169,nT
2026-03-20T20:39:00.000Z,CMO,X,adjusted,channel,12261.141,nT
2026-03-20T20:40:00.000Z,CMO,X,adjusted,channel,12250.632,nT
2026-03-20T20:41:00.000Z,CMO,X,adjusted,channel,12280.478,nT
2026-03-20T20:42:00.000Z,CMO,X,adjusted,channel,12300.491,nT
2026-03-20T20:43:00.000Z,CMO,X,adjusted,channel,12333.432,nT
2026-03-20T20:44:00.000Z,CMO,X,adjusted,channel,12285.783,nT
2026-03-20T20:45:00.000Z,CMO,X,adjusted,channel,12276.299,nT
2026-03-20T20:46:00.000Z,CMO,X,adjusted,channel,12283.377,nT
2026-03-20T20:47:00.000Z,CMO,X,adjusted,channel,12282.313,nT
2026-03-20T20:48:00.000Z,CMO,X,adjusted,channel,12281.167,nT
2026-03-20T20:49:00.000Z,CMO,X,adjusted,channel,12277.571,nT
2026-03-20T20:50:00.000Z,CMO,X,adjusted,channel,12281.917,nT
2026-03-20T20:51:00.000Z,CMO,X,adjusted,channel,12292.34,nT
2026-03-20T20:52:00.000Z,CMO,X,adjusted,channel,12287.714,nT
2026-03-20T20:53:00.000Z,CMO,X,adjusted,channel,12299.002,nT
2026-03-20T20:54:00.000Z,CMO,X,adjusted,channel,12333.57,nT
2026-03-20T20:55:00.000Z,CMO,X,adjusted,channel,12325.569,nT
2026-03-20T20:56:00.000Z,CMO,X,adjusted,channel,12265.984,nT
2026-03-20T20:57:00.000Z,CMO,X,adjusted,channel,12219.127,nT
2026-03-20T20:58:00.000Z,CMO,X,adjusted,channel,12159.519,nT
2026-03-20T20:59:00.000Z,CMO,X,adjusted,channel,12114.742,nT
2026-03-20T21:00:00.000Z,CMO,X,adjusted,channel,12149.507,nT
2026-03-20T21:01:00.000Z,CMO,X,adjusted,channel,12163.483,nT
2026-03-20T21:02:00.000Z,CMO,X,adjusted,channel,12161.967,nT
2026-03-20T21:03:00.000Z,CMO,X,adjusted,channel,12149.49,nT
2026-03-20T21:04:00.000Z,CMO,X,adjusted,channel,12153.402,nT
2026-03-20T21:05:00.000Z,CMO,X,adjusted,channel,12130.134,nT
2026-03-20T21:06:00.000Z,CMO,X,adjusted,channel,12106.632,nT
2026-03-20T21:07:00.000Z,CMO,X,adjusted,channel,12068.968,nT
2026-03-20T21:08:00.000Z,CMO,X,adjusted,channel,12052.864,nT
2026-03-20T21:09:00.000Z,CMO,X,adjusted,channel,12057.645,nT
2026-03-20T21:10:00.000Z,CMO,X,adjusted,channel,12064.44,nT
2026-03-20T21:11:00.000Z,CMO,X,adjusted,channel,12086.853,nT
2026-03-20T21:12:00.000Z,CMO,X,adjusted,channel,12093.572,nT
2026-03-20T21:13:00.000Z,CMO,X,adjusted,channel,12093.884,nT
2026-03-20T21:14:00.000Z,CMO,X,adjusted,channel,12118.369,nT
2026-03-20T21:15:00.000Z,CMO,X,adjusted,channel,12132.362,nT
2026-03-20T21:16:00.000Z,CMO,X,adjusted,channel,12102.211,nT
2026-03-20T21:17:00.000Z,CMO,X,adjusted,channel,12079.278,nT
2026-03-20T21:18:00.000Z,CMO,X,adjusted,channel,12150.212,nT
2026-03-20T21:19:00.000Z,CMO,X,adjusted,channel,12213.514,nT
2026-03-20T21:20:00.000Z,CMO,X,adjusted,channel,12218.83,nT
2026-03-20T21:21:00.000Z,CMO,X,adjusted,channel,12212.189,nT
2026-03-20T21:22:00.000Z,CMO,X,adjusted,channel,12171.487,nT
2026-03-20T21:23:00.000Z,CMO,X,adjusted,channel,12145.829,nT
2026-03-20T21:24:00.000Z,CMO,X,adjusted,channel,12120.045,nT
2026-03-20T21:25:00.000Z,CMO,X,adjusted,channel,12148.48,nT
2026-03-20T21:26:00.000Z,CMO,X,adjusted,channel,12115.766,nT
2026-03-20T21:27:00.000Z,CMO,X,adjusted,channel,12124.564,nT
2026-03-20T21:28:00.000Z,CMO,X,adjusted,channel,12156.367,nT
2026-03-20T21:29:00.000Z,CMO,X,adjusted,channel,12183.58,nT
2026-03-20T21:30:00.000Z,CMO,X,adjusted,channel,12201.814,nT
2026-03-20T21:31:00.000Z,CMO,X,adjusted,channel,12216.621,nT
2026-03-20T21:32:00.000Z,CMO,X,adjusted,channel,12215.814,nT
2026-03-20T21:33:00.000Z,CMO,X,adjusted,channel,12171.922,nT
2026-03-20T21:34:00.000Z,CMO,X,adjusted,channel,12213.618,nT
2026-03-20T21:35:00.000Z,CMO,X,adjusted,channel,12238.394,nT
2026-03-20T21:36:00.000Z,CMO,X,adjusted,channel,12250.516,nT
2026-03-20T21:37:00.000Z,CMO,X,adjusted,channel,12235.37,nT
2026-03-20T21:38:00.000Z,CMO,X,adjusted,channel,12205.496,nT
2026-03-20T21:39:00.000Z,CMO,X,adjusted,channel,12216.165,nT
2026-03-20T21:40:00.000Z,CMO,X,adjusted,channel,12217.732,nT
2026-03-20T21:41:00.000Z,CMO,X,adjusted,channel,12234.722,nT
2026-03-20T21:42:00.000Z,CMO,X,adjusted,channel,12258.877,nT
2026-03-20T21:43:00.000Z,CMO,X,adjusted,channel,12272.543,nT
2026-03-20T21:44:00.000Z,CMO,X,adjusted,channel,12270.216,nT
2026-03-20T21:45:00.000Z,CMO,X,adjusted,channel,12273.592,nT
2026-03-20T21:46:00.000Z,CMO,X,adjusted,channel,12275.485,nT
2026-03-20T21:47:00.000Z,CMO,X,adjusted,channel,12299.113,nT
2026-03-20T21:48:00.000Z,CMO,X,adjusted,channel,12321.593,nT
2026-03-20T21:49:00.000Z,CMO,X,adjusted,channel,12299.656,nT
2026-03-20T21:50:00.000Z,CMO,X,adjusted,channel,12278.234,nT
2026-03-20T21:51:00.000Z,CMO,X,adjusted,channel,12270.605,nT
2026-03-20T21:52:00.000Z,CMO,X,adjusted,channel,12274.836,nT
2026-03-20T21:53:00.000Z,CMO,X,adjusted,channel,12275.041,nT
2026-03-20T21:54:00.000Z,CMO,X,adjusted,channel,12288.543,nT
2026-03-20T21:55:00.000Z,CMO,X,adjusted,channel,12272.946,nT
2026-03-20T21:56:00.000Z,CMO,X,adjusted,channel,12243.334,nT
2026-03-20T21:57:00.000Z,CMO,X,adjusted,channel,12234.715,nT
2026-03-20T21:58:00.000Z,CMO,X,adjusted,channel,12231.546,nT
2026-03-20T21:59:00.000Z,CMO,X,adjusted,channel,12227.742,nT
2026-03-20T22:00:00.000Z,CMO,X,adjusted,channel,12228.505,nT
2026-03-20T22:01:00.000Z,CMO,X,adjusted,channel,12195.488,nT
2026-03-20T22:02:00.000Z,CMO,X,adjusted,channel,12156.636,nT
2026-03-20T22:03:00.000Z,CMO,X,adjusted,channel,12119.474,nT
2026-03-20T22:04:00.000Z,CMO,X,adjusted,channel,12082.791,nT
2026-03-20T22:05:00.000Z,CMO,X,adjusted,channel,12086.236,nT
2026-03-20T22:06:00.000Z,CMO,X,adjusted,channel,12066.961,nT
2026-03-20T22:07:00.000Z,CMO,X,adjusted,channel,12070.386,nT
2026-03-20T22:08:00.000Z,CMO,X,adjusted,channel,12111.983,nT
2026-03-20T22:09:00.000Z,CMO,X,adjusted,channel,12193.468,nT
2026-03-20T22:10:00.000Z,CMO,X,adjusted,channel,12255.398,nT
2026-03-20T22:11:00.000Z,CMO,X,adjusted,channel,12240.503,nT
2026-03-20T22:12:00.000Z,CMO,X,adjusted,channel,12197.879,nT
2026-03-20T22:13:00.000Z,CMO,X,adjusted,channel,12187.6,nT
2026-03-20T22:14:00.000Z,CMO,X,adjusted,channel,12225.615,nT
2026-03-20T22:15:00.000Z,CMO,X,adjusted,channel,12250.16,nT
2026-03-20T22:16:00.000Z,CMO,X,adjusted,channel,12251.642,nT
2026-03-20T22:17:00.000Z,CMO,X,adjusted,channel,12182.444,nT
2026-03-20T22:18:00.000Z,CMO,X,adjusted,channel,12115.526,nT
2026-03-20T22:19:00.000Z,CMO,X,adjusted,channel,12149.953,nT
2026-03-20T22:20:00.000Z,CMO,X,adjusted,channel,12213.091,nT
2026-03-20T22:21:00.000Z,CMO,X,adjusted,channel,12242.287,nT
2026-03-20T22:22:00.000Z,CMO,X,adjusted,channel,12195.022,nT
2026-03-20T22:23:00.000Z,CMO,X,adjusted,channel,12163.004,nT
2026-03-20T22:24:00.000Z,CMO,X,adjusted,channel,12178.546,nT
2026-03-20T22:25:00.000Z,CMO,X,adjusted,channel,12264.103,nT
2026-03-20T22:26:00.000Z,CMO,X,adjusted,channel,12288.341,nT
2026-03-20T22:27:00.000Z,CMO,X,adjusted,channel,12274.409,nT
2026-03-20T22:28:00.000Z,CMO,X,adjusted,channel,12268.808,nT
2026-03-20T22:29:00.000Z,CMO,X,adjusted,channel,12275.376,nT
2026-03-20T22:30:00.000Z,CMO,X,adjusted,channel,12296.933,nT
2026-03-20T22:31:00.000Z,CMO,X,adjusted,channel,12288.34,nT
2026-03-20T22:32:00.000Z,CMO,X,adjusted,channel,12256.042,nT
2026-03-20T22:33:00.000Z,CMO,X,adjusted,channel,12236.124,nT
2026-03-20T22:34:00.000Z,CMO,X,adjusted,channel,12241.402,nT
2026-03-20T22:35:00.000Z,CMO,X,adjusted,channel,12283.253,nT
2026-03-20T22:36:00.000Z,CMO,X,adjusted,channel,12296.961,nT
2026-03-20T22:37:00.000Z,CMO,X,adjusted,channel,12318.363,nT
2026-03-20T22:38:00.000Z,CMO,X,adjusted,channel,12324.472,nT
2026-03-20T22:39:00.000Z,CMO,X,adjusted,channel,12326.895,nT
2026-03-20T22:40:00.000Z,CMO,X,adjusted,channel,12340.966,nT
2026-03-20T22:41:00.000Z,CMO,X,adjusted,channel,12333.995,nT
2026-03-20T22:42:00.000Z,CMO,X,adjusted,channel,12339.423,nT
2026-03-20T22:43:00.000Z,CMO,X,adjusted,channel,12337.119,nT
2026-03-20T22:44:00.000Z,CMO,X,adjusted,channel,12297.851,nT
2026-03-20T22:45:00.000Z,CMO,X,adjusted,channel,12272.011,nT
2026-03-20T22:46:00.000Z,CMO,X,adjusted,channel,12270.567,nT
2026-03-20T22:47:00.000Z,CMO,X,adjusted,channel,12271.336,nT
2026-03-20T22:48:00.000Z,CMO,X,adjusted,channel,12240.619,nT
2026-03-20T22:49:00.000Z,CMO,X,adjusted,channel,12222.31,nT
2026-03-20T22:50:00.000Z,CMO,X,adjusted,channel,12209.008,nT
2026-03-20T22:51:00.000Z,CMO,X,adjusted,channel,12213.105,nT
2026-03-20T22:52:00.000Z,CMO,X,adjusted,channel,12231.452,nT
2026-03-20T22:53:00.000Z,CMO,X,adjusted,channel,12231.101,nT
2026-03-20T22:54:00.000Z,CMO,X,adjusted,channel,12218.058,nT
2026-03-20T22:55:00.000Z,CMO,X,adjusted,channel,12203.458,nT
2026-03-20T22:56:00.000Z,CMO,X,adjusted,channel,12202.84,nT
2026-03-20T22:57:00.000Z,CMO,X,adjusted,channel,12219.694,nT
2026-03-20T22:58:00.000Z,CMO,X,adjusted,channel,12241.023,nT
2026-03-20T22:59:00.000Z,CMO,X,adjusted,channel,12251.355,nT
2026-03-20T23:00:00.000Z,CMO,X,adjusted,channel,12254.271,nT
2026-03-20T23:01:00.000Z,CMO,X,adjusted,channel,12251.423,nT
2026-03-20T23:02:00.000Z,CMO,X,adjusted,channel,12238.001,nT
2026-03-20T23:03:00.000Z,CMO,X,adjusted,channel,12233.41,nT
2026-03-20T23:04:00.000Z,CMO,X,adjusted,channel,12240.61,nT
2026-03-20T23:05:00.000Z,CMO,X,adjusted,channel,12230.655,nT
2026-03-20T23:06:00.000Z,CMO,X,adjusted,channel,12236.955,nT
2026-03-20T23:07:00.000Z,CMO,X,adjusted,channel,12277.699,nT
2026-03-20T23:08:00.000Z,CMO,X,adjusted,channel,12263.719,nT
2026-03-20T23:09:00.000Z,CMO,X,adjusted,channel,12228.266,nT
2026-03-20T23:10:00.000Z,CMO,X,adjusted,channel,12228.913,nT
2026-03-20T23:11:00.000Z,CMO,X,adjusted,channel,12242.712,nT
2026-03-20T23:12:00.000Z,CMO,X,adjusted,channel,12255.194,nT
2026-03-20T23:13:00.000Z,CMO,X,adjusted,channel,12251.251,nT
2026-03-20T23:14:00.000Z,CMO,X,adjusted,channel,12227.991,nT
2026-03-20T23:15:00.000Z,CMO,X,adjusted,channel,12189.289,nT
2026-03-20T23:16:00.000Z,CMO,X,adjusted,channel,12214.005,nT
2026-03-20T23:17:00.000Z,CMO,X,adjusted,channel,12245.97,nT
2026-03-20T23:18:00.000Z,CMO,X,adjusted,channel,12233.608,nT
2026-03-20T23:19:00.000Z,CMO,X,adjusted,channel,12232.388,nT
2026-03-20T23:20:00.000Z,CMO,X,adjusted,channel,12238.303,nT
2026-03-20T23:21:00.000Z,CMO,X,adjusted,channel,12218.821,nT
2026-03-20T23:22:00.000Z,CMO,X,adjusted,channel,12217.933,nT
2026-03-20T23:23:00.000Z,CMO,X,adjusted,channel,12217.073,nT
2026-03-20T23:24:00.000Z,CMO,X,adjusted,channel,12259.097,nT
2026-03-20T23:25:00.000Z,CMO,X,adjusted,channel,12269.783,nT
2026-03-20T23:26:00.000Z,CMO,X,adjusted,channel,12283.257,nT
2026-03-20T23:27:00.000Z,CMO,X,adjusted,channel,12312.401,nT
2026-03-20T23:28:00.000Z,CMO,X,adjusted,channel,12332.065,nT
2026-03-20T23:29:00.000Z,CMO,X,adjusted,channel,12321.767,nT
2026-03-20T23:30:00.000Z,CMO,X,adjusted,channel,12285.396,nT
2026-03-20T23:31:00.000Z,CMO,X,adjusted,channel,12308.752,nT
2026-03-20T23:32:00.000Z,CMO,X,adjusted,channel,12322.011,nT
2026-03-20T23:33:00.000Z,CMO,X,adjusted,channel,12320.304,nT
2026-03-20T23:34:00.000Z,CMO,X,adjusted,channel,12292.237,nT
2026-03-20T23:35:00.000Z,CMO,X,adjusted,channel,12278.287,nT
2026-03-20T23:36:00.000Z,CMO,X,adjusted,channel,12291.653,nT
2026-03-20T23:37:00.000Z,CMO,X,adjusted,channel,12298.198,nT
2026-03-20T23:38:00.000Z,CMO,X,adjusted,channel,12287.603,nT
2026-03-20T23:39:00.000Z,CMO,X,adjusted,channel,12277.416,nT
2026-03-20T23:40:00.000Z,CMO,X,adjusted,channel,12282.756,nT
2026-03-20T23:41:00.000Z,CMO,X,adjusted,channel,12295.533,nT
2026-03-20T23:42:00.000Z,CMO,X,adjusted,channel,12318.022,nT
2026-03-20T23:43:00.000Z,CMO,X,adjusted,channel,12331.208,nT
2026-03-20T23:44:00.000Z,CMO,X,adjusted,channel,12339.654,nT
2026-03-20T23:45:00.000Z,CMO,X,adjusted,channel,12325.267,nT
2026-03-20T23:46:00.000Z,CMO,X,adjusted,channel,12347.608,nT
2026-03-20T23:47:00.000Z,CMO,X,adjusted,channel,12353.042,nT
2026-03-20T23:48:00.000Z,CMO,X,adjusted,channel,12361.849,nT
2026-03-20T23:49:00.000Z,CMO,X,adjusted,channel,12346.729,nT
2026-03-20T23:50:00.000Z,CMO,X,adjusted,channel,12350.555,nT
2026-03-20T23:51:00.000Z,CMO,X,adjusted,channel,12343.105,nT
2026-03-20T23:52:00.000Z,CMO,X,adjusted,channel,12317.226,nT
2026-03-20T23:53:00.000Z,CMO,X,adjusted,channel,12301.494,nT
2026-03-20T23:54:00.000Z,CMO,X,adjusted,channel,12307.781,nT
2026-03-20T23:55:00.000Z,CMO,X,adjusted,channel,12309.927,nT
2026-03-20T23:56:00.000Z,CMO,X,adjusted,channel,12296.831,nT
2026-03-20T23:57:00.000Z,CMO,X,adjusted,channel,12291.638,nT
2026-03-20T23:58:00.000Z,CMO,X,adjusted,channel,12302.475,nT
2026-03-20T23:59:00.000Z,CMO,X,adjusted,channel,12329.855,nT
2026-03-21T00:00:00.000Z,CMO,X,adjusted,channel,12340.7,nT
2026-03-21T00:01:00.000Z,CMO,X,adjusted,channel,12338.044,nT
2026-03-21T00:02:00.000Z,CMO,X,adjusted,channel,12319.265,nT
2026-03-21T00:03:00.000Z,CMO,X,adjusted,channel,12293.201,nT
2026-03-21T00:04:00.000Z,CMO,X,adjusted,channel,12307.263,nT
2026-03-21T00:05:00.000Z,CMO,X,adjusted,channel,12326.701,nT
2026-03-21T00:06:00.000Z,CMO,X,adjusted,channel,12332.456,nT
2026-03-21T00:07:00.000Z,CMO,X,adjusted,channel,12325.861,nT
2026-03-21T00:08:00.000Z,CMO,X,adjusted,channel,12311.194,nT
2026-03-21T00:09:00.000Z,CMO,X,adjusted,channel,12313.023,nT
2026-03-21T00:10:00.000Z,CMO,X,adjusted,channel,12324.632,nT
2026-03-21T00:11:00.000Z,CMO,X,adjusted,channel,12327.611,nT
2026-03-21T00:12:00.000Z,CMO,X,adjusted,channel,12347.027,nT
2026-03-21T00:13:00.000Z,CMO,X,adjusted,channel,12327.647,nT
2026-03-21T00:14:00.000Z,CMO,X,adjusted,channel,12309.977,nT
2026-03-21T00:15:00.000Z,CMO,X,adjusted,channel,12316.002,nT
2026-03-21T00:16:00.000Z,CMO,X,adjusted,channel,12327.383,nT
2026-03-21T00:17:00.000Z,CMO,X,adjusted,channel,12328.047,nT
2026-03-21T00:18:00.000Z,CMO,X,adjusted,channel,12317.176,nT
2026-03-21T00:19:00.000Z,CMO,X,adjusted,channel,12363.215,nT
2026-03-21T00:20:00.000Z,CMO,X,adjusted,channel,12421.078,nT
2026-03-21T00:21:00.000Z,CMO,X,adjusted,channel,12414.872,nT
2026-03-21T00:22:00.000Z,CMO,X,adjusted,channel,12408.131,nT
2026-03-21T00:23:00.000Z,CMO,X,adjusted,channel,12405.847,nT
2026-03-21T00:24:00.000Z,CMO,X,adjusted,channel,12409.38,nT
2026-03-21T00:25:00.000Z,CMO,X,adjusted,channel,12404.49,nT
2026-03-21T00:26:00.000Z,CMO,X,adjusted,channel,12416.534,nT
2026-03-21T00:27:00.000Z,CMO,X,adjusted,channel,12431.225,nT
2026-03-21T00:28:00.000Z,CMO,X,adjusted,channel,12431.872,nT
2026-03-21T00:29:00.000Z,CMO,X,adjusted,channel,12430.978,nT
2026-03-21T00:30:00.000Z,CMO,X,adjusted,channel,12431.782,nT
2026-03-21T00:31:00.000Z,CMO,X,adjusted,channel,12441.93,nT
2026-03-21T00:32:00.000Z,CMO,X,adjusted,channel,12446.644,nT
2026-03-21T00:33:00.000Z,CMO,X,adjusted,channel,12472.1,nT
2026-03-21T00:34:00.000Z,CMO,X,adjusted,channel,12489.334,nT
2026-03-21T00:35:00.000Z,CMO,X,adjusted,channel,12494.143,nT
2026-03-21T00:36:00.000Z,CMO,X,adjusted,channel,12511.119,nT
2026-03-21T00:37:00.000Z,CMO,X,adjusted,channel,12506.21,nT
2026-03-21T00:38:00.000Z,CMO,X,adjusted,channel,12462.452,nT
2026-03-21T00:39:00.000Z,CMO,X,adjusted,channel,12368.128,nT
2026-03-21T00:40:00.000Z,CMO,X,adjusted,channel,12354.675,nT
2026-03-21T00:41:00.000Z,CMO,X,adjusted,channel,12388.896,nT
2026-03-21T00:42:00.000Z,CMO,X,adjusted,channel,12427.698,nT
2026-03-21T00:43:00.000Z,CMO,X,adjusted,channel,12473.504,nT
2026-03-21T00:44:00.000Z,CMO,X,adjusted,channel,12485.273,nT
2026-03-21T00:45:00.000Z,CMO,X,adjusted,channel,12475.368,nT
2026-03-21T00:46:00.000Z,CMO,X,adjusted,channel,12470.158,nT
2026-03-21T00:47:00.000Z,CMO,X,adjusted,channel,12490.176,nT
2026-03-21T00:48:00.000Z,CMO,X,adjusted,channel,12481.131,nT
2026-03-21T00:49:00.000Z,CMO,X,adjusted,channel,12465.322,nT
2026-03-21T00:50:00.000Z,CMO,X,adjusted,channel,12457.02,nT
2026-03-21T00:51:00.000Z,CMO,X,adjusted,channel,12449.048,nT
2026-03-21T00:52:00.000Z,CMO,X,adjusted,channel,12434.61,nT
2026-03-21T00:53:00.000Z,CMO,X,adjusted,channel,12447.724,nT
2026-03-21T00:54:00.000Z,CMO,X,adjusted,channel,12470.781,nT
2026-03-21T00:55:00.000Z,CMO,X,adjusted,channel,12473.326,nT
2026-03-21T00:56:00.000Z,CMO,X,adjusted,channel,12469.867,nT
2026-03-21T00:57:00.000Z,CMO,X,adjusted,channel,12467.004,nT
2026-03-21T00:58:00.000Z,CMO,X,adjusted,channel,12457.876,nT
2026-03-21T00:59:00.000Z,CMO,X,adjusted,channel,12427.848,nT
2026-03-21T01:00:00.000Z,CMO,X,adjusted,channel,12417.762,nT
2026-03-21T01:01:00.000Z,CMO,X,adjusted,channel,12404.105,nT
2026-03-21T01:02:00.000Z,CMO,X,adjusted,channel,12407.086,nT
2026-03-21T01:03:00.000Z,CMO,X,adjusted,channel,12427.267,nT
2026-03-21T01:04:00.000Z,CMO,X,adjusted,channel,12441.17,nT
2026-03-21T01:05:00.000Z,CMO,X,adjusted,channel,12460.266,nT
2026-03-21T01:06:00.000Z,CMO,X,adjusted,channel,12484.967,nT
2026-03-21T01:07:00.000Z,CMO,X,adjusted,channel,12511.048,nT
2026-03-21T01:08:00.000Z,CMO,X,adjusted,channel,12512.575,nT
2026-03-21T01:09:00.000Z,CMO,X,adjusted,channel,12514.758,nT
2026-03-21T01:10:00.000Z,CMO,X,adjusted,channel,12510.255,nT
2026-03-21T01:11:00.000Z,CMO,X,adjusted,channel,12514.286,nT
2026-03-21T01:12:00.000Z,CMO,X,adjusted,channel,12534.154,nT
2026-03-21T01:13:00.000Z,CMO,X,adjusted,channel,12534.098,nT
2026-03-21T01:14:00.000Z,CMO,X,adjusted,channel,12507.695,nT
2026-03-21T01:15:00.000Z,CMO,X,adjusted,channel,12509.748,nT
2026-03-21T01:16:00.000Z,CMO,X,adjusted,channel,12496.448,nT
2026-03-21T01:17:00.000Z,CMO,X,adjusted,channel,12494.149,nT
2026-03-21T01:18:00.000Z,CMO,X,adjusted,channel,12493.208,nT
2026-03-21T01:19:00.000Z,CMO,X,adjusted,channel,12505.076,nT
2026-03-21T01:20:00.000Z,CMO,X,adjusted,channel,12483.575,nT
2026-03-21T01:21:00.000Z,CMO,X,adjusted,channel,12467.639,nT
2026-03-21T01:22:00.000Z,CMO,X,adjusted,channel,12496.468,nT
2026-03-21T01:23:00.000Z,CMO,X,adjusted,channel,12455.659,nT
2026-03-21T01:24:00.000Z,CMO,X,adjusted,channel,12487.587,nT
2026-03-21T01:25:00.000Z,CMO,X,adjusted,channel,12547.323,nT
2026-03-21T01:26:00.000Z,CMO,X,adjusted,channel,12513.89,nT
2026-03-21T01:27:00.000Z,CMO,X,adjusted,channel,12491.759,nT
2026-03-21T01:28:00.000Z,CMO,X,adjusted,channel,12511.128,nT
2026-03-21T01:29:00.000Z,CMO,X,adjusted,channel,12562.603,nT
2026-03-21T01:30:00.000Z,CMO,X,adjusted,channel,12541.539,nT
2026-03-21T01:31:00.000Z,CMO,X,adjusted,channel,12510.387,nT
2026-03-21T01:32:00.000Z,CMO,X,adjusted,channel,12476.823,nT
2026-03-21T01:33:00.000Z,CMO,X,adjusted,channel,12471.065,nT
2026-03-21T01:34:00.000Z,CMO,X,adjusted,channel,12468.797,nT
2026-03-21T01:35:00.000Z,CMO,X,adjusted,channel,12441.138,nT
2026-03-21T01:36:00.000Z,CMO,X,adjusted,channel,12423.599,nT
2026-03-21T01:37:00.000Z,CMO,X,adjusted,channel,12391.197,nT
2026-03-21T01:38:00.000Z,CMO,X,adjusted,channel,12336.498,nT
2026-03-21T01:39:00.000Z,CMO,X,adjusted,channel,12368.177,nT
2026-03-21T01:40:00.000Z,CMO,X,adjusted,channel,12403.687,nT
2026-03-21T01:41:00.000Z,CMO,X,adjusted,channel,12375.488,nT
2026-03-21T01:42:00.000Z,CMO,X,adjusted,channel,12336.364,nT
2026-03-21T01:43:00.000Z,CMO,X,adjusted,channel,12303.667,nT
2026-03-21T01:44:00.000Z,CMO,X,adjusted,channel,12302.385,nT
2026-03-21T01:45:00.000Z,CMO,X,adjusted,channel,12298.693,nT
2026-03-21T01:46:00.000Z,CMO,X,adjusted,channel,12311.219,nT
2026-03-21T01:47:00.000Z,CMO,X,adjusted,channel,12331.018,nT
2026-03-21T01:48:00.000Z,CMO,X,adjusted,channel,12344.903,nT
2026-03-21T01:49:00.000Z,CMO,X,adjusted,channel,12352.01,nT
2026-03-21T01:50:00.000Z,CMO,X,adjusted,channel,12373.564,nT
2026-03-21T01:51:00.000Z,CMO,X,adjusted,channel,12412.86,nT
2026-03-21T01:52:00.000Z,CMO,X,adjusted,channel,12397.096,nT
2026-03-21T01:53:00.000Z,CMO,X,adjusted,channel,12357.382,nT
2026-03-21T01:54:00.000Z,CMO,X,adjusted,channel,12365.518,nT
2026-03-21T01:55:00.000Z,CMO,X,adjusted,channel,12372.681,nT
2026-03-21T01:56:00.000Z,CMO,X,adjusted,channel,12429.795,nT
2026-03-21T01:57:00.000Z,CMO,X,adjusted,channel,12510.578,nT
2026-03-21T01:58:00.000Z,CMO,X,adjusted,channel,12531.295,nT
2026-03-21T01:59:00.000Z,CMO,X,adjusted,channel,12508.58,nT
2026-03-21T02:00:00.000Z,CMO,X,adjusted,channel,12472.931,nT
2026-03-21T02:01:00.000Z,CMO,X,adjusted,channel,12476.773,nT
2026-03-21T02:02:00.000Z,CMO,X,adjusted,channel,12501.088,nT
2026-03-21T02:03:00.000Z,CMO,X,adjusted,channel,12522.779,nT
2026-03-21T02:04:00.000Z,CMO,X,adjusted,channel,12520.546,nT
2026-03-21T02:05:00.000Z,CMO,X,adjusted,channel,12531.388,nT
2026-03-21T02:06:00.000Z,CMO,X,adjusted,channel,12519.784,nT
2026-03-21T02:07:00.000Z,CMO,X,adjusted,channel,12477.337,nT
2026-03-21T02:08:00.000Z,CMO,X,adjusted,channel,12463.757,nT
2026-03-21T02:09:00.000Z,CMO,X,adjusted,channel,12444.712,nT
2026-03-21T02:10:00.000Z,CMO,X,adjusted,channel,12428.753,nT
2026-03-21T02:11:00.000Z,CMO,X,adjusted,channel,12429.433,nT
2026-03-21T02:12:00.000Z,CMO,X,adjusted,channel,12462.584,nT
2026-03-21T02:13:00.000Z,CMO,X,adjusted,channel,12480.203,nT
2026-03-21T02:14:00.000Z,CMO,X,adjusted,channel,12483.625,nT
2026-03-21T02:15:00.000Z,CMO,X,adjusted,channel,12468.929,nT
2026-03-21T02:16:00.000Z,CMO,X,adjusted,channel,12454.152,nT
2026-03-21T02:17:00.000Z,CMO,X,adjusted,channel,12438.727,nT
2026-03-21T02:18:00.000Z,CMO,X,adjusted,channel,12420.895,nT
2026-03-21T02:19:00.000Z,CMO,X,adjusted,channel,12408.294,nT
2026-03-21T02:20:00.000Z,CMO,X,adjusted,channel,12395.562,nT
2026-03-21T02:21:00.000Z,CMO,X,adjusted,channel,12404.147,nT
2026-03-21T02:22:00.000Z,CMO,X,adjusted,channel,12397.546,nT
2026-03-21T02:23:00.000Z,CMO,X,adjusted,channel,12392.521,nT
2026-03-21T02:24:00.000Z,CMO,X,adjusted,channel,12379.754,nT
2026-03-21T02:25:00.000Z,CMO,X,adjusted,channel,12376.359,nT
2026-03-21T02:26:00.000Z,CMO,X,adjusted,channel,12379.637,nT
2026-03-21T02:27:00.000Z,CMO,X,adjusted,channel,12376.193,nT
2026-03-21T02:28:00.000Z,CMO,X,adjusted,channel,12391.444,nT
2026-03-21T02:29:00.000Z,CMO,X,adjusted,channel,12403.951,nT
2026-03-21T02:30:00.000Z,CMO,X,adjusted,channel,12408.656,nT
2026-03-21T02:31:00.000Z,CMO,X,adjusted,channel,12407.881,nT
2026-03-21T02:32:00.000Z,CMO,X,adjusted,channel,12401.349,nT
2026-03-21T02:33:00.000Z,CMO,X,adjusted,channel,12405.114,nT
2026-03-21T02:34:00.000Z,CMO,X,adjusted,channel,12379.554,nT
2026-03-21T02:35:00.000Z,CMO,X,adjusted,channel,12326.537,nT
2026-03-21T02:36:00.000Z,CMO,X,adjusted,channel,12308.036,nT
2026-03-21T02:37:00.000Z,CMO,X,adjusted,channel,12299.054,nT
2026-03-21T02:38:00.000Z,CMO,X,adjusted,channel,12298.934,nT
2026-03-21T02:39:00.000Z,CMO,X,adjusted,channel,12322.535,nT
2026-03-21T02:40:00.000Z,CMO,X,adjusted,channel,12330.737,nT
2026-03-21T02:41:00.000Z,CMO,X,adjusted,channel,12331.543,nT
2026-03-21T02:42:00.000Z,CMO,X,adjusted,channel,12319.905,nT
2026-03-21T02:43:00.000Z,CMO,X,adjusted,channel,12315.699,nT
2026-03-21T02:44:00.000Z,CMO,X,adjusted,channel,12317.279,nT
2026-03-21T02:45:00.000Z,CMO,X,adjusted,channel,12325.426,nT
2026-03-21T02:46:00.000Z,CMO,X,adjusted,channel,12363.87,nT
2026-03-21T02:47:00.000Z,CMO,X,adjusted,channel,12412.839,nT
2026-03-21T02:48:00.000Z,CMO,X,adjusted,channel,12423.448,nT
2026-03-21T02:49:00.000Z,CMO,X,adjusted,channel,12394.397,nT
2026-03-21T02:50:00.000Z,CMO,X,adjusted,channel,12370.166,nT
2026-03-21T02:51:00.000Z,CMO,X,adjusted,channel,12337.593,nT
2026-03-21T02:52:00.000Z,CMO,X,adjusted,channel,12333.905,nT
2026-03-21T02:53:00.000Z,CMO,X,adjusted,channel,12353.901,nT
2026-03-21T02:54:00.000Z,CMO,X,adjusted,channel,12373.59,nT
2026-03-21T02:55:00.000Z,CMO,X,adjusted,channel,12384.092,nT
2026-03-21T02:56:00.000Z,CMO,X,adjusted,channel,12388.341,nT
2026-03-21T02:57:00.000Z,CMO,X,adjusted,channel,12393.497,nT
2026-03-21T02:58:00.000Z,CMO,X,adjusted,channel,12439.985,nT
2026-03-21T02:59:00.000Z,CMO,X,adjusted,channel,12466.721,nT
2026-03-21T03:00:00.000Z,CMO,X,adjusted,channel,12482.553,nT
2026-03-21T03:01:00.000Z,CMO,X,adjusted,channel,12505.81,nT
2026-03-21T03:02:00.000Z,CMO,X,adjusted,channel,12507.476,nT
2026-03-21T03:03:00.000Z,CMO,X,adjusted,channel,12480.894,nT
2026-03-21T03:04:00.000Z,CMO,X,adjusted,channel,12460.555,nT
2026-03-21T03:05:00.000Z,CMO,X,adjusted,channel,12439.555,nT
2026-03-21T03:06:00.000Z,CMO,X,adjusted,channel,12435.743,nT
2026-03-21T03:07:00.000Z,CMO,X,adjusted,channel,12450.322,nT
2026-03-21T03:08:00.000Z,CMO,X,adjusted,channel,12444.299,nT
2026-03-21T03:09:00.000Z,CMO,X,adjusted,channel,12398.04,nT
2026-03-21T03:10:00.000Z,CMO,X,adjusted,channel,12386.575,nT
2026-03-21T03:11:00.000Z,CMO,X,adjusted,channel,12397.762,nT
2026-03-21T03:12:00.000Z,CMO,X,adjusted,channel,12410.454,nT
2026-03-21T03:13:00.000Z,CMO,X,adjusted,channel,12463.083,nT
2026-03-21T03:14:00.000Z,CMO,X,adjusted,channel,12461.607,nT
2026-03-21T03:15:00.000Z,CMO,X,adjusted,channel,12325.348,nT
2026-03-21T03:16:00.000Z,CMO,X,adjusted,channel,12230.046,nT
2026-03-21T03:17:00.000Z,CMO,X,adjusted,channel,12186.737,nT
2026-03-21T03:18:00.000Z,CMO,X,adjusted,channel,12200.445,nT
2026-03-21T03:19:00.000Z,CMO,X,adjusted,channel,12239.449,nT
2026-03-21T03:20:00.000Z,CMO,X,adjusted,channel,12288.288,nT
2026-03-21T03:21:00.000Z,CMO,X,adjusted,channel,12315.366,nT
2026-03-21T03:22:00.000Z,CMO,X,adjusted,channel,12319.46,nT
2026-03-21T03:23:00.000Z,CMO,X,adjusted,channel,12310.833,nT
2026-03-21T03:24:00.000Z,CMO,X,adjusted,channel,12282.142,nT
2026-03-21T03:25:00.000Z,CMO,X,adjusted,channel,12274.912,nT
2026-03-21T03:26:00.000Z,CMO,X,adjusted,channel,12272.055,nT
2026-03-21T03:27:00.000Z,CMO,X,adjusted,channel,12267.216,nT
2026-03-21T03:28:00.000Z,CMO,X,adjusted,channel,12280.474,nT
2026-03-21T03:29:00.000Z,CMO,X,adjusted,channel,12311.547,nT
2026-03-21T03:30:00.000Z,CMO,X,adjusted,channel,12355.738,nT
2026-03-21T03:31:00.000Z,CMO,X,adjusted,channel,12382.419,nT
2026-03-21T03:32:00.000Z,CMO,X,adjusted,channel,12383.235,nT
2026-03-21T03:33:00.000Z,CMO,X,adjusted,channel,12370.274,nT
2026-03-21T03:34:00.000Z,CMO,X,adjusted,channel,12379.706,nT
2026-03-21T03:35:00.000Z,CMO,X,adjusted,channel,12385.623,nT
2026-03-21T03:36:00.000Z,CMO,X,adjusted,channel,12418.391,nT
2026-03-21T03:37:00.000Z,CMO,X,adjusted,channel,12456.894,nT
2026-03-21T03:38:00.000Z,CMO,X,adjusted,channel,12473.97,nT
2026-03-21T03:39:00.000Z,CMO,X,adjusted,channel,12470.288,nT
2026-03-21T03:40:00.000Z,CMO,X,adjusted,channel,12495.722,nT
2026-03-21T03:41:00.000Z,CMO,X,adjusted,channel,12533.026,nT
2026-03-21T03:42:00.000Z,CMO,X,adjusted,channel,12580.627,nT
2026-03-21T03:43:00.000Z,CMO,X,adjusted,channel,12604.973,nT
2026-03-21T03:44:00.000Z,CMO,X,adjusted,channel,12603.315,nT
2026-03-21T03:45:00.000Z,CMO,X,adjusted,channel,12585.911,nT
2026-03-21T03:46:00.000Z,CMO,X,adjusted,channel,12527.42,nT
2026-03-21T03:47:00.000Z,CMO,X,adjusted,channel,12477.577,nT
2026-03-21T03:48:00.000Z,CMO,X,adjusted,channel,12468.781,nT
2026-03-21T03:49:00.000Z,CMO,X,adjusted,channel,12483.479,nT
2026-03-21T03:50:00.000Z,CMO,X,adjusted,channel,12474.047,nT
2026-03-21T03:51:00.000Z,CMO,X,adjusted,channel,12464.24,nT
2026-03-21T03:52:00.000Z,CMO,X,adjusted,channel,12461.043,nT
2026-03-21T03:53:00.000Z,CMO,X,adjusted,channel,12472.18,nT
2026-03-21T03:54:00.000Z,CMO,X,adjusted,channel,12468.84,nT
2026-03-21T03:55:00.000Z,CMO,X,adjusted,channel,12467.486,nT
2026-03-21T03:56:00.000Z,CMO,X,adjusted,channel,12457.524,nT
2026-03-21T03:57:00.000Z,CMO,X,adjusted,channel,12432.344,nT
2026-03-21T03:58:00.000Z,CMO,X,adjusted,channel,12436.026,nT
2026-03-21T03:59:00.000Z,CMO,X,adjusted,channel,12445.751,nT
2026-03-21T04:00:00.000Z,CMO,X,adjusted,channel,12450.185,nT
2026-03-21T04:01:00.000Z,CMO,X,adjusted,channel,12436.903,nT
2026-03-21T04:02:00.000Z,CMO,X,adjusted,channel,12426.243,nT
2026-03-21T04:03:00.000Z,CMO,X,adjusted,channel,12425.441,nT
2026-03-21T04:04:00.000Z,CMO,X,adjusted,channel,12435.733,nT
2026-03-21T04:05:00.000Z,CMO,X,adjusted,channel,12451.357,nT
2026-03-21T04:06:00.000Z,CMO,X,adjusted,channel,12467.908,nT
2026-03-21T04:07:00.000Z,CMO,X,adjusted,channel,12493.377,nT
2026-03-21T04:08:00.000Z,CMO,X,adjusted,channel,12481.066,nT
2026-03-21T04:09:00.000Z,CMO,X,adjusted,channel,12476.624,nT
2026-03-21T04:10:00.000Z,CMO,X,adjusted,channel,12466.987,nT
2026-03-21T04:11:00.000Z,CMO,X,adjusted,channel,12460.369,nT
2026-03-21T04:12:00.000Z,CMO,X,adjusted,channel,12458.209,nT
2026-03-21T04:13:00.000Z,CMO,X,adjusted,channel,12473.453,nT
2026-03-21T04:14:00.000Z,CMO,X,adjusted,channel,12482.817,nT
2026-03-21T04:15:00.000Z,CMO,X,adjusted,channel,12476.123,nT
2026-03-21T04:16:00.000Z,CMO,X,adjusted,channel,12466.328,nT
2026-03-21T04:17:00.000Z,CMO,X,adjusted,channel,12480.153,nT
2026-03-21T04:18:00.000Z,CMO,X,adjusted,channel,12488.671,nT
2026-03-21T04:19:00.000Z,CMO,X,adjusted,channel,12446.879,nT
2026-03-21T04:20:00.000Z,CMO,X,adjusted,channel,12423.397,nT
2026-03-21T04:21:00.000Z,CMO,X,adjusted,channel,12412.421,nT
2026-03-21T04:22:00.000Z,CMO,X,adjusted,channel,12419.446,nT
2026-03-21T04:23:00.000Z,CMO,X,adjusted,channel,12425.949,nT
2026-03-21T04:24:00.000Z,CMO,X,adjusted,channel,12414.762,nT
2026-03-21T04:25:00.000Z,CMO,X,adjusted,channel,12406.246,nT
2026-03-21T04:26:00.000Z,CMO,X,adjusted,channel,12423.549,nT
2026-03-21T04:27:00.000Z,CMO,X,adjusted,channel,12441.843,nT
2026-03-21T04:28:00.000Z,CMO,X,adjusted,channel,12454.983,nT
2026-03-21T04:29:00.000Z,CMO,X,adjusted,channel,12488.135,nT
2026-03-21T04:30:00.000Z,CMO,X,adjusted,channel,12455.254,nT
2026-03-21T04:31:00.000Z,CMO,X,adjusted,channel,12421.368,nT
2026-03-21T04:32:00.000Z,CMO,X,adjusted,channel,12392.857,nT
2026-03-21T04:33:00.000Z,CMO,X,adjusted,channel,12371.76,nT
2026-03-21T04:34:00.000Z,CMO,X,adjusted,channel,12371.305,nT
2026-03-21T04:35:00.000Z,CMO,X,adjusted,channel,12385.589,nT
2026-03-21T04:36:00.000Z,CMO,X,adjusted,channel,12409.433,nT
2026-03-21T04:37:00.000Z,CMO,X,adjusted,channel,12418.177,nT
2026-03-21T04:38:00.000Z,CMO,X,adjusted,channel,12416.986,nT
2026-03-21T04:39:00.000Z,CMO,X,adjusted,channel,12419.428,nT
2026-03-21T04:40:00.000Z,CMO,X,adjusted,channel,12428.511,nT
2026-03-21T04:41:00.000Z,CMO,X,adjusted,channel,12435.609,nT
2026-03-21T04:42:00.000Z,CMO,X,adjusted,channel,12436.801,nT
2026-03-21T04:43:00.000Z,CMO,X,adjusted,channel,12423.946,nT
2026-03-21T04:44:00.000Z,CMO,X,adjusted,channel,12408.742,nT
2026-03-21T04:45:00.000Z,CMO,X,adjusted,channel,12399.35,nT
2026-03-21T04:46:00.000Z,CMO,X,adjusted,channel,12390.613,nT
2026-03-21T04:47:00.000Z,CMO,X,adjusted,channel,12396.409,nT
2026-03-21T04:48:00.000Z,CMO,X,adjusted,channel,12404.376,nT
2026-03-21T04:49:00.000Z,CMO,X,adjusted,channel,12417.571,nT
2026-03-21T04:50:00.000Z,CMO,X,adjusted,channel,12431.098,nT
2026-03-21T04:51:00.000Z,CMO,X,adjusted,channel,12456.164,nT
2026-03-21T04:52:00.000Z,CMO,X,adjusted,channel,12484.301,nT
2026-03-21T04:53:00.000Z,CMO,X,adjusted,channel,12512.758,nT
2026-03-21T04:54:00.000Z,CMO,X,adjusted,channel,12523.376,nT
2026-03-21T04:55:00.000Z,CMO,X,adjusted,channel,12519.287,nT
2026-03-21T04:56:00.000Z,CMO,X,adjusted,channel,12502.049,nT
2026-03-21T04:57:00.000Z,CMO,X,adjusted,channel,12511.664,nT
2026-03-21T04:58:00.000Z,CMO,X,adjusted,channel,12508.065,nT
2026-03-21T04:59:00.000Z,CMO,X,adjusted,channel,12463.537,nT
2026-03-21T05:00:00.000Z,CMO,X,adjusted,channel,12417.877,nT
2026-03-21T05:01:00.000Z,CMO,X,adjusted,channel,12401.152,nT
2026-03-21T05:02:00.000Z,CMO,X,adjusted,channel,12424.363,nT
2026-03-21T05:03:00.000Z,CMO,X,adjusted,channel,12467.454,nT
2026-03-21T05:04:00.000Z,CMO,X,adjusted,channel,12486.577,nT
2026-03-21T05:05:00.000Z,CMO,X,adjusted,channel,12469.743,nT
2026-03-21T05:06:00.000Z,CMO,X,adjusted,channel,12457.238,nT
2026-03-21T05:07:00.000Z,CMO,X,adjusted,channel,12466.698,nT
2026-03-21T05:08:00.000Z,CMO,X,adjusted,channel,12479.963,nT
2026-03-21T05:09:00.000Z,CMO,X,adjusted,channel,12490.432,nT
2026-03-21T05:10:00.000Z,CMO,X,adjusted,channel,12506.14,nT
2026-03-21T05:11:00.000Z,CMO,X,adjusted,channel,12509.375,nT
2026-03-21T05:12:00.000Z,CMO,X,adjusted,channel,12513.524,nT
2026-03-21T05:13:00.000Z,CMO,X,adjusted,channel,12526.343,nT
2026-03-21T05:14:00.000Z,CMO,X,adjusted,channel,12540.739,nT
2026-03-21T05:15:00.000Z,CMO,X,adjusted,channel,12552.408,nT
2026-03-21T05:16:00.000Z,CMO,X,adjusted,channel,12568.482,nT
2026-03-21T05:17:00.000Z,CMO,X,adjusted,channel,12574.659,nT
2026-03-21T05:18:00.000Z,CMO,X,adjusted,channel,12594.168,nT
2026-03-21T05:19:00.000Z,CMO,X,adjusted,channel,12604.975,nT
2026-03-21T05:20:00.000Z,CMO,X,adjusted,channel,12593.243,nT
2026-03-21T05:21:00.000Z,CMO,X,adjusted,channel,12576.47,nT
2026-03-21T05:22:00.000Z,CMO,X,adjusted,channel,12574.831,nT
2026-03-21T05:23:00.000Z,CMO,X,adjusted,channel,12577.658,nT
2026-03-21T05:24:00.000Z,CMO,X,adjusted,channel,12572.39,nT
2026-03-21T05:25:00.000Z,CMO,X,adjusted,channel,12564.897,nT
2026-03-21T05:26:00.000Z,CMO,X,adjusted,channel,12547.838,nT
2026-03-21T05:27:00.000Z,CMO,X,adjusted,channel,12546.664,nT
2026-03-21T05:28:00.000Z,CMO,X,adjusted,channel,12554.021,nT
2026-03-21T05:29:00.000Z,CMO,X,adjusted,channel,12542.783,nT
2026-03-21T05:30:00.000Z,CMO,X,adjusted,channel,12532.242,nT
2026-03-21T05:31:00.000Z,CMO,X,adjusted,channel,12529.666,nT
2026-03-21T05:32:00.000Z,CMO,X,adjusted,channel,12514.757,nT
2026-03-21T05:33:00.000Z,CMO,X,adjusted,channel,12486.74,nT
2026-03-21T05:34:00.000Z,CMO,X,adjusted,channel,12476.757,nT
2026-03-21T05:35:00.000Z,CMO,X,adjusted,channel,12470.081,nT
2026-03-21T05:36:00.000Z,CMO,X,adjusted,channel,12472.481,nT
2026-03-21T05:37:00.000Z,CMO,X,adjusted,channel,12481.632,nT
2026-03-21T05:38:00.000Z,CMO,X,adjusted,channel,12472.886,nT
2026-03-21T05:39:00.000Z,CMO,X,adjusted,channel,12464.269,nT
2026-03-21T05:40:00.000Z,CMO,X,adjusted,channel,12462.698,nT
2026-03-21T05:41:00.000Z,CMO,X,adjusted,channel,12463.881,nT
2026-03-21T05:42:00.000Z,CMO,X,adjusted,channel,12464.145,nT
2026-03-21T05:43:00.000Z,CMO,X,adjusted,channel,12460.526,nT
2026-03-21T05:44:00.000Z,CMO,X,adjusted,channel,12465.038,nT
2026-03-21T05:45:00.000Z,CMO,X,adjusted,channel,12477.654,nT
2026-03-21T05:46:00.000Z,CMO,X,adjusted,channel,12476.293,nT
2026-03-21T05:47:00.000Z,CMO,X,adjusted,channel,12468.162,nT
2026-03-21T05:48:00.000Z,CMO,X,adjusted,channel,12454.931,nT
2026-03-21T05:49:00.000Z,CMO,X,adjusted,channel,12443.7,nT
2026-03-21T05:50:00.000Z,CMO,X,adjusted,channel,12441.966,nT
2026-03-21T05:51:00.000Z,CMO,X,adjusted,channel,12462.136,nT
2026-03-21T05:52:00.000Z,CMO,X,adjusted,channel,12476.482,nT
2026-03-21T05:53:00.000Z,CMO,X,adjusted,channel,12481.704,nT
2026-03-21T05:54:00.000Z,CMO,X,adjusted,channel,12478.4,nT
2026-03-21T05:55:00.000Z,CMO,X,adjusted,channel,12504.726,nT
2026-03-21T05:56:00.000Z,CMO,X,adjusted,channel,12534.423,nT
2026-03-21T05:57:00.000Z,CMO,X,adjusted,channel,12530.428,nT
2026-03-21T05:58:00.000Z,CMO,X,adjusted,channel,12521.413,nT
2026-03-21T05:59:00.000Z,CMO,X,adjusted,channel,12491.717,nT
2026-03-21T06:00:00.000Z,CMO,X,adjusted,channel,12461.648,nT
2026-03-21T06:01:00.000Z,CMO,X,adjusted,channel,12418.733,nT
2026-03-21T06:02:00.000Z,CMO,X,adjusted,channel,12392.383,nT
2026-03-21T06:03:00.000Z,CMO,X,adjusted,channel,12367.999,nT
2026-03-21T06:04:00.000Z,CMO,X,adjusted,channel,12329.223,nT
2026-03-21T06:05:00.000Z,CMO,X,adjusted,channel,12326.877,nT
2026-03-21T06:06:00.000Z,CMO,X,adjusted,channel,12360.589,nT
2026-03-21T06:07:00.000Z,CMO,X,adjusted,channel,12355.448,nT
2026-03-21T06:08:00.000Z,CMO,X,adjusted,channel,12346.304,nT
2026-03-21T06:09:00.000Z,CMO,X,adjusted,channel,12324.01,nT
2026-03-21T06:10:00.000Z,CMO,X,adjusted,channel,12295.732,nT
2026-03-21T06:11:00.000Z,CMO,X,adjusted,channel,12305.669,nT
2026-03-21T06:12:00.000Z,CMO,X,adjusted,channel,12322.24,nT
2026-03-21T06:13:00.000Z,CMO,X,adjusted,channel,12334.564,nT
2026-03-21T06:14:00.000Z,CMO,X,adjusted,channel,12340.196,nT
2026-03-21T06:15:00.000Z,CMO,X,adjusted,channel,12327.881,nT
2026-03-21T06:16:00.000Z,CMO,X,adjusted,channel,12300.179,nT
2026-03-21T06:17:00.000Z,CMO,X,adjusted,channel,12295.935,nT
2026-03-21T06:18:00.000Z,CMO,X,adjusted,channel,12319.985,nT
2026-03-21T06:19:00.000Z,CMO,X,adjusted,channel,12331.414,nT
2026-03-21T06:20:00.000Z,CMO,X,adjusted,channel,12318.866,nT
2026-03-21T06:21:00.000Z,CMO,X,adjusted,channel,12261.301,nT
2026-03-21T06:22:00.000Z,CMO,X,adjusted,channel,12263.757,nT
2026-03-21T06:23:00.000Z,CMO,X,adjusted,channel,12277.4,nT
2026-03-21T06:24:00.000Z,CMO,X,adjusted,channel,12248.73,nT
2026-03-21T06:25:00.000Z,CMO,X,adjusted,channel,12252.998,nT
2026-03-21T06:26:00.000Z,CMO,X,adjusted,channel,12280.942,nT
2026-03-21T06:27:00.000Z,CMO,X,adjusted,channel,12273.906,nT
2026-03-21T06:28:00.000Z,CMO,X,adjusted,channel,12248.078,nT
2026-03-21T06:29:00.000Z,CMO,X,adjusted,channel,12230.956,nT
2026-03-21T06:30:00.000Z,CMO,X,adjusted,channel,12179.181,nT
2026-03-21T06:31:00.000Z,CMO,X,adjusted,channel,12185.208,nT
2026-03-21T06:32:00.000Z,CMO,X,adjusted,channel,12214.588,nT
2026-03-21T06:33:00.000Z,CMO,X,adjusted,channel,12258.959,nT
2026-03-21T06:34:00.000Z,CMO,X,adjusted,channel,12344.975,nT
2026-03-21T06:35:00.000Z,CMO,X,adjusted,channel,12395.252,nT
2026-03-21T06:36:00.000Z,CMO,X,adjusted,channel,12408.014,nT
2026-03-21T06:37:00.000Z,CMO,X,adjusted,channel,12434.989,nT
2026-03-21T06:38:00.000Z,CMO,X,adjusted,channel,12453.207,nT
2026-03-21T06:39:00.000Z,CMO,X,adjusted,channel,12443.992,nT
2026-03-21T06:40:00.000Z,CMO,X,adjusted,channel,12425.418,nT
2026-03-21T06:41:00.000Z,CMO,X,adjusted,channel,12391.038,nT
2026-03-21T06:42:00.000Z,CMO,X,adjusted,channel,12369.835,nT
2026-03-21T06:43:00.000Z,CMO,X,adjusted,channel,12380.888,nT
2026-03-21T06:44:00.000Z,CMO,X,adjusted,channel,12359.544,nT
2026-03-21T06:45:00.000Z,CMO,X,adjusted,channel,12342.759,nT
2026-03-21T06:46:00.000Z,CMO,X,adjusted,channel,12382.04,nT
2026-03-21T06:47:00.000Z,CMO,X,adjusted,channel,12468.634,nT
2026-03-21T06:48:00.000Z,CMO,X,adjusted,channel,12590.211,nT
2026-03-21T06:49:00.000Z,CMO,X,adjusted,channel,12669.251,nT
2026-03-21T06:50:00.000Z,CMO,X,adjusted,channel,12703.204,nT
2026-03-21T06:51:00.000Z,CMO,X,adjusted,channel,12700.732,nT
2026-03-21T06:52:00.000Z,CMO,X,adjusted,channel,12644.061,nT
2026-03-21T06:53:00.000Z,CMO,X,adjusted,channel,12598.318,nT
2026-03-21T06:54:00.000Z,CMO,X,adjusted,channel,12584.145,nT
2026-03-21T06:55:00.000Z,CMO,X,adjusted,channel,12577.499,nT
2026-03-21T06:56:00.000Z,CMO,X,adjusted,channel,12601.018,nT
2026-03-21T06:57:00.000Z,CMO,X,adjusted,channel,12607.86,nT
2026-03-21T06:58:00.000Z,CMO,X,adjusted,channel,12596.997,nT
2026-03-21T06:59:00.000Z,CMO,X,adjusted,channel,12602.601,nT
2026-03-21T07:00:00.000Z,CMO,X,adjusted,channel,12609.218,nT
2026-03-21T07:01:00.000Z,CMO,X,adjusted,channel,12621.778,nT
2026-03-21T07:02:00.000Z,CMO,X,adjusted,channel,12624.11,nT
2026-03-21T07:03:00.000Z,CMO,X,adjusted,channel,12586.095,nT
2026-03-21T07:04:00.000Z,CMO,X,adjusted,channel,12541.816,nT
2026-03-21T07:05:00.000Z,CMO,X,adjusted,channel,12507.547,nT
2026-03-21T07:06:00.000Z,CMO,X,adjusted,channel,12473.085,nT
2026-03-21T07:07:00.000Z,CMO,X,adjusted,channel,12479.995,nT
2026-03-21T07:08:00.000Z,CMO,X,adjusted,channel,12518.178,nT
2026-03-21T07:09:00.000Z,CMO,X,adjusted,channel,12521.872,nT
2026-03-21T07:10:00.000Z,CMO,X,adjusted,channel,12510.924,nT
2026-03-21T07:11:00.000Z,CMO,X,adjusted,channel,12486.803,nT
2026-03-21T07:12:00.000Z,CMO,X,adjusted,channel,12485.334,nT
2026-03-21T07:13:00.000Z,CMO,X,adjusted,channel,12485.888,nT
2026-03-21T07:14:00.000Z,CMO,X,adjusted,channel,12474.954,nT
2026-03-21T07:15:00.000Z,CMO,X,adjusted,channel,12467.92,nT
2026-03-21T07:16:00.000Z,CMO,X,adjusted,channel,12475.486,nT
2026-03-21T07:17:00.000Z,CMO,X,adjusted,channel,12471.1,nT
2026-03-21T07:18:00.000Z,CMO,X,adjusted,channel,12453.195,nT
2026-03-21T07:19:00.000Z,CMO,X,adjusted,channel,12429.159,nT
2026-03-21T07:20:00.000Z,CMO,X,adjusted,channel,12429.817,nT
2026-03-21T07:21:00.000Z,CMO,X,adjusted,channel,12440.269,nT
2026-03-21T07:22:00.000Z,CMO,X,adjusted,channel,12438.771,nT
2026-03-21T07:23:00.000Z,CMO,X,adjusted,channel,12446.233,nT
2026-03-21T07:24:00.000Z,CMO,X,adjusted,channel,12459.667,nT
2026-03-21T07:25:00.000Z,CMO,X,adjusted,channel,12489.476,nT
2026-03-21T07:26:00.000Z,CMO,X,adjusted,channel,12500.603,nT
2026-03-21T07:27:00.000Z,CMO,X,adjusted,channel,12492.915,nT
2026-03-21T07:28:00.000Z,CMO,X,adjusted,channel,12474.237,nT
2026-03-21T07:29:00.000Z,CMO,X,adjusted,channel,12452.517,nT
2026-03-21T07:30:00.000Z,CMO,X,adjusted,channel,12438.449,nT
2026-03-21T07:31:00.000Z,CMO,X,adjusted,channel,12433.492,nT
2026-03-21T07:32:00.000Z,CMO,X,adjusted,channel,12422.985,nT
2026-03-21T07:33:00.000Z,CMO,X,adjusted,channel,12418.777,nT
2026-03-21T07:34:00.000Z,CMO,X,adjusted,channel,12399.578,nT
2026-03-21T07:35:00.000Z,CMO,X,adjusted,channel,12383.77,nT
2026-03-21T07:36:00.000Z,CMO,X,adjusted,channel,12382.199,nT
2026-03-21T07:37:00.000Z,CMO,X,adjusted,channel,12390.615,nT
2026-03-21T07:38:00.000Z,CMO,X,adjusted,channel,12397.597,nT
2026-03-21T07:39:00.000Z,CMO,X,adjusted,channel,12391.262,nT
2026-03-21T07:40:00.000Z,CMO,X,adjusted,channel,12378.736,nT
2026-03-21T07:41:00.000Z,CMO,X,adjusted,channel,12353.584,nT
2026-03-21T07:42:00.000Z,CMO,X,adjusted,channel,12331.853,nT
2026-03-21T07:43:00.000Z,CMO,X,adjusted,channel,12323.037,nT
2026-03-21T07:44:00.000Z,CMO,X,adjusted,channel,12316.84,nT
2026-03-21T07:45:00.000Z,CMO,X,adjusted,channel,12313.916,nT
2026-03-21T07:46:00.000Z,CMO,X,adjusted,channel,12318.497,nT
2026-03-21T07:47:00.000Z,CMO,X,adjusted,channel,12292.002,nT
2026-03-21T07:48:00.000Z,CMO,X,adjusted,channel,12239.541,nT
2026-03-21T07:49:00.000Z,CMO,X,adjusted,channel,12213.424,nT
2026-03-21T07:50:00.000Z,CMO,X,adjusted,channel,12214.308,nT
2026-03-21T07:51:00.000Z,CMO,X,adjusted,channel,12225.168,nT
2026-03-21T07:52:00.000Z,CMO,X,adjusted,channel,12244.695,nT
2026-03-21T07:53:00.000Z,CMO,X,adjusted,channel,12257.943,nT
2026-03-21T07:54:00.000Z,CMO,X,adjusted,channel,12263.783,nT
2026-03-21T07:55:00.000Z,CMO,X,adjusted,channel,12277.952,nT
2026-03-21T07:56:00.000Z,CMO,X,adjusted,channel,12293.418,nT
2026-03-21T07:57:00.000Z,CMO,X,adjusted,channel,12305.192,nT
2026-03-21T07:58:00.000Z,CMO,X,adjusted,channel,12284.808,nT
2026-03-21T07:59:00.000Z,CMO,X,adjusted,channel,12248.784,nT
2026-03-21T08:00:00.000Z,CMO,X,adjusted,channel,12223.667,nT
2026-03-21T08:01:00.000Z,CMO,X,adjusted,channel,12207.326,nT
2026-03-21T08:02:00.000Z,CMO,X,adjusted,channel,12223.628,nT
2026-03-21T08:03:00.000Z,CMO,X,adjusted,channel,12249.528,nT
2026-03-21T08:04:00.000Z,CMO,X,adjusted,channel,12250.661,nT
2026-03-21T08:05:00.000Z,CMO,X,adjusted,channel,12230.974,nT
2026-03-21T08:06:00.000Z,CMO,X,adjusted,channel,12211.688,nT
2026-03-21T08:07:00.000Z,CMO,X,adjusted,channel,12189.493,nT
2026-03-21T08:08:00.000Z,CMO,X,adjusted,channel,12173.4,nT
2026-03-21T08:09:00.000Z,CMO,X,adjusted,channel,12154.198,nT
2026-03-21T08:10:00.000Z,CMO,X,adjusted,channel,12144.692,nT
2026-03-21T08:11:00.000Z,CMO,X,adjusted,channel,12145.117,nT
2026-03-21T08:12:00.000Z,CMO,X,adjusted,channel,12162.053,nT
2026-03-21T08:13:00.000Z,CMO,X,adjusted,channel,12204.376,nT
2026-03-21T08:14:00.000Z,CMO,X,adjusted,channel,12237.343,nT
2026-03-21T08:15:00.000Z,CMO,X,adjusted,channel,12256.938,nT
2026-03-21T08:16:00.000Z,CMO,X,adjusted,channel,12268.293,nT
2026-03-21T08:17:00.000Z,CMO,X,adjusted,channel,12273.276,nT
2026-03-21T08:18:00.000Z,CMO,X,adjusted,channel,12263.447,nT
2026-03-21T08:19:00.000Z,CMO,X,adjusted,channel,12277.954,nT
2026-03-21T08:20:00.000Z,CMO,X,adjusted,channel,12300.766,nT
2026-03-21T08:21:00.000Z,CMO,X,adjusted,channel,12328.76,nT
2026-03-21T08:22:00.000Z,CMO,X,adjusted,channel,12353.494,nT
2026-03-21T08:23:00.000Z,CMO,X,adjusted,channel,12361.809,nT
2026-03-21T08:24:00.000Z,CMO,X,adjusted,channel,12363.738,nT
2026-03-21T08:25:00.000Z,CMO,X,adjusted,channel,12362.121,nT
2026-03-21T08:26:00.000Z,CMO,X,adjusted,channel,12366.514,nT
2026-03-21T08:27:00.000Z,CMO,X,adjusted,channel,12371.649,nT
2026-03-21T08:28:00.000Z,CMO,X,adjusted,channel,12380.158,nT
2026-03-21T08:29:00.000Z,CMO,X,adjusted,channel,12397.299,nT
2026-03-21T08:30:00.000Z,CMO,X,adjusted,channel,12426.759,nT
2026-03-21T08:31:00.000Z,CMO,X,adjusted,channel,12420.29,nT
2026-03-21T08:32:00.000Z,CMO,X,adjusted,channel,12400.655,nT
2026-03-21T08:33:00.000Z,CMO,X,adjusted,channel,12383.694,nT
2026-03-21T08:34:00.000Z,CMO,X,adjusted,channel,12395.116,nT
2026-03-21T08:35:00.000Z,CMO,X,adjusted,channel,12396.323,nT
2026-03-21T08:36:00.000Z,CMO,X,adjusted,channel,12370.439,nT
2026-03-21T08:37:00.000Z,CMO,X,adjusted,channel,12348.227,nT
2026-03-21T08:38:00.000Z,CMO,X,adjusted,channel,12338.721,nT
2026-03-21T08:39:00.000Z,CMO,X,adjusted,channel,12348.006,nT
2026-03-21T08:40:00.000Z,CMO,X,adjusted,channel,12339.399,nT
2026-03-21T08:41:00.000Z,CMO,X,adjusted,channel,12326.109,nT
2026-03-21T08:42:00.000Z,CMO,X,adjusted,channel,12333.241,nT
2026-03-21T08:43:00.000Z,CMO,X,adjusted,channel,12353.859,nT
2026-03-21T08:44:00.000Z,CMO,X,adjusted,channel,12383.845,nT
2026-03-21T08:45:00.000Z,CMO,X,adjusted,channel,12396.241,nT
2026-03-21T08:46:00.000Z,CMO,X,adjusted,channel,12407.627,nT
2026-03-21T08:47:00.000Z,CMO,X,adjusted,channel,12426.689,nT
2026-03-21T08:48:00.000Z,CMO,X,adjusted,channel,12423.122,nT
2026-03-21T08:49:00.000Z,CMO,X,adjusted,channel,12414.693,nT
2026-03-21T08:50:00.000Z,CMO,X,adjusted,channel,12408.365,nT
2026-03-21T08:51:00.000Z,CMO,X,adjusted,channel,12393.547,nT
2026-03-21T08:52:00.000Z,CMO,X,adjusted,channel,12379.427,nT
2026-03-21T08:53:00.000Z,CMO,X,adjusted,channel,12359.856,nT
2026-03-21T08:54:00.000Z,CMO,X,adjusted,channel,12345.75,nT
2026-03-21T08:55:00.000Z,CMO,X,adjusted,channel,12350.324,nT
2026-03-21T08:56:00.000Z,CMO,X,adjusted,channel,12368.706,nT
2026-03-21T08:57:00.000Z,CMO,X,adjusted,channel,12383.398,nT
2026-03-21T08:58:00.000Z,CMO,X,adjusted,channel,12380.425,nT
2026-03-21T08:59:00.000Z,CMO,X,adjusted,channel,12371.471,nT
2026-03-21T09:00:00.000Z,CMO,X,adjusted,channel,12351.777,nT
2026-03-21T09:01:00.000Z,CMO,X,adjusted,channel,12323.377,nT
2026-03-21T09:02:00.000Z,CMO,X,adjusted,channel,12309.8,nT
2026-03-21T09:03:00.000Z,CMO,X,adjusted,channel,12305.84,nT
2026-03-21T09:04:00.000Z,CMO,X,adjusted,channel,12304.26,nT
2026-03-21T09:05:00.000Z,CMO,X,adjusted,channel,12299.406,nT
2026-03-21T09:06:00.000Z,CMO,X,adjusted,channel,12299.733,nT
2026-03-21T09:07:00.000Z,CMO,X,adjusted,channel,12297.591,nT
2026-03-21T09:08:00.000Z,CMO,X,adjusted,channel,12295.321,nT
2026-03-21T09:09:00.000Z,CMO,X,adjusted,channel,12271.662,nT
2026-03-21T09:10:00.000Z,CMO,X,adjusted,channel,12239.516,nT
2026-03-21T09:11:00.000Z,CMO,X,adjusted,channel,12231.374,nT
2026-03-21T09:12:00.000Z,CMO,X,adjusted,channel,12244.401,nT
2026-03-21T09:13:00.000Z,CMO,X,adjusted,channel,12262.514,nT
2026-03-21T09:14:00.000Z,CMO,X,adjusted,channel,12279.312,nT
2026-03-21T09:15:00.000Z,CMO,X,adjusted,channel,12282.563,nT
2026-03-21T09:16:00.000Z,CMO,X,adjusted,channel,12279.675,nT
2026-03-21T09:17:00.000Z,CMO,X,adjusted,channel,12286.6,nT
2026-03-21T09:18:00.000Z,CMO,X,adjusted,channel,12292.556,nT
2026-03-21T09:19:00.000Z,CMO,X,adjusted,channel,12302.488,nT
2026-03-21T09:20:00.000Z,CMO,X,adjusted,channel,12307.967,nT
2026-03-21T09:21:00.000Z,CMO,X,adjusted,channel,12302.24,nT
2026-03-21T09:22:00.000Z,CMO,X,adjusted,channel,12285.351,nT
2026-03-21T09:23:00.000Z,CMO,X,adjusted,channel,12274.665,nT
2026-03-21T09:24:00.000Z,CMO,X,adjusted,channel,12276.514,nT
2026-03-21T09:25:00.000Z,CMO,X,adjusted,channel,12279.56,nT
2026-03-21T09:26:00.000Z,CMO,X,adjusted,channel,12279.32,nT
2026-03-21T09:27:00.000Z,CMO,X,adjusted,channel,12263.903,nT
2026-03-21T09:28:00.000Z,CMO,X,adjusted,channel,12235.631,nT
2026-03-21T09:29:00.000Z,CMO,X,adjusted,channel,12248.005,nT
2026-03-21T09:30:00.000Z,CMO,X,adjusted,channel,12238.83,nT
2026-03-21T09:31:00.000Z,CMO,X,adjusted,channel,12204.603,nT
2026-03-21T09:32:00.000Z,CMO,X,adjusted,channel,12206.775,nT
2026-03-21T09:33:00.000Z,CMO,X,adjusted,channel,12226.934,nT
2026-03-21T09:34:00.000Z,CMO,X,adjusted,channel,12225.435,nT
2026-03-21T09:35:00.000Z,CMO,X,adjusted,channel,12227.623,nT
2026-03-21T09:36:00.000Z,CMO,X,adjusted,channel,12224.414,nT
2026-03-21T09:37:00.000Z,CMO,X,adjusted,channel,12207.814,nT
2026-03-21T09:38:00.000Z,CMO,X,adjusted,channel,12212.177,nT
2026-03-21T09:39:00.000Z,CMO,X,adjusted,channel,12230.845,nT
2026-03-21T09:40:00.000Z,CMO,X,adjusted,channel,12244.303,nT
2026-03-21T09:41:00.000Z,CMO,X,adjusted,channel,12242.924,nT
2026-03-21T09:42:00.000Z,CMO,X,adjusted,channel,12221.28,nT
2026-03-21T09:43:00.000Z,CMO,X,adjusted,channel,12184.444,nT
2026-03-21T09:44:00.000Z,CMO,X,adjusted,channel,12171.188,nT
2026-03-21T09:45:00.000Z,CMO,X,adjusted,channel,12167.17,nT
2026-03-21T09:46:00.000Z,CMO,X,adjusted,channel,12192.156,nT
2026-03-21T09:47:00.000Z,CMO,X,adjusted,channel,12169.541,nT
2026-03-21T09:48:00.000Z,CMO,X,adjusted,channel,12144.424,nT
2026-03-21T09:49:00.000Z,CMO,X,adjusted,channel,12146.015,nT
2026-03-21T09:50:00.000Z,CMO,X,adjusted,channel,12167.757,nT
2026-03-21T09:51:00.000Z,CMO,X,adjusted,channel,12202.601,nT
2026-03-21T09:52:00.000Z,CMO,X,adjusted,channel,12218.264,nT
2026-03-21T09:53:00.000Z,CMO,X,adjusted,channel,12234.425,nT
2026-03-21T09:54:00.000Z,CMO,X,adjusted,channel,12170.377,nT
2026-03-21T09:55:00.000Z,CMO,X,adjusted,channel,12136.783,nT
2026-03-21T09:56:00.000Z,CMO,X,adjusted,channel,12121.089,nT
2026-03-21T09:57:00.000Z,CMO,X,adjusted,channel,12118.231,nT
2026-03-21T09:58:00.000Z,CMO,X,adjusted,channel,12162.33,nT
2026-03-21T09:59:00.000Z,CMO,X,adjusted,channel,12148.847,nT
2026-03-21T10:00:00.000Z,CMO,X,adjusted,channel,12165.519,nT
2026-03-21T10:01:00.000Z,CMO,X,adjusted,channel,12167.707,nT
2026-03-21T10:02:00.000Z,CMO,X,adjusted,channel,12147.147,nT
2026-03-21T10:03:00.000Z,CMO,X,adjusted,channel,12177.258,nT
2026-03-21T10:04:00.000Z,CMO,X,adjusted,channel,12155.692,nT
2026-03-21T10:05:00.000Z,CMO,X,adjusted,channel,12153.955,nT
2026-03-21T10:06:00.000Z,CMO,X,adjusted,channel,12177.953,nT
2026-03-21T10:07:00.000Z,CMO,X,adjusted,channel,12167.042,nT
2026-03-21T10:08:00.000Z,CMO,X,adjusted,channel,12148.573,nT
2026-03-21T10:09:00.000Z,CMO,X,adjusted,channel,12099.381,nT
2026-03-21T10:10:00.000Z,CMO,X,adjusted,channel,12094.243,nT
2026-03-21T10:11:00.000Z,CMO,X,adjusted,channel,12199.385,nT
2026-03-21T10:12:00.000Z,CMO,X,adjusted,channel,12257.377,nT
2026-03-21T10:13:00.000Z,CMO,X,adjusted,channel,12300.608,nT
2026-03-21T10:14:00.000Z,CMO,X,adjusted,channel,12337.465,nT
2026-03-21T10:15:00.000Z,CMO,X,adjusted,channel,12351.331,nT
2026-03-21T10:16:00.000Z,CMO,X,adjusted,channel,12358.496,nT
2026-03-21T10:17:00.000Z,CMO,X,adjusted,channel,12347.87,nT
2026-03-21T10:18:00.000Z,CMO,X,adjusted,channel,12314.829,nT
2026-03-21T10:19:00.000Z,CMO,X,adjusted,channel,12284.949,nT
2026-03-21T10:20:00.000Z,CMO,X,adjusted,channel,12282.089,nT
2026-03-21T10:21:00.000Z,CMO,X,adjusted,channel,12266.212,nT
2026-03-21T10:22:00.000Z,CMO,X,adjusted,channel,12258.372,nT
2026-03-21T10:23:00.000Z,CMO,X,adjusted,channel,12246.38,nT
2026-03-21T10:24:00.000Z,CMO,X,adjusted,channel,12257.957,nT
2026-03-21T10:25:00.000Z,CMO,X,adjusted,channel,12252.742,nT
2026-03-21T10:26:00.000Z,CMO,X,adjusted,channel,12270.294,nT
2026-03-21T10:27:00.000Z,CMO,X,adjusted,channel,12298.321,nT
2026-03-21T10:28:00.000Z,CMO,X,adjusted,channel,12294.213,nT
2026-03-21T10:29:00.000Z,CMO,X,adjusted,channel,12298.448,nT
2026-03-21T10:30:00.000Z,CMO,X,adjusted,channel,12299.616,nT
2026-03-21T10:31:00.000Z,CMO,X,adjusted,channel,12313.315,nT
2026-03-21T10:32:00.000Z,CMO,X,adjusted,channel,12349.168,nT
2026-03-21T10:33:00.000Z,CMO,X,adjusted,channel,12386.903,nT
2026-03-21T10:34:00.000Z,CMO,X,adjusted,channel,12387.792,nT
2026-03-21T10:35:00.000Z,CMO,X,adjusted,channel,12364.999,nT
2026-03-21T10:36:00.000Z,CMO,X,adjusted,channel,12321.961,nT
2026-03-21T10:37:00.000Z,CMO,X,adjusted,channel,12294.333,nT
2026-03-21T10:38:00.000Z,CMO,X,adjusted,channel,12299.021,nT
2026-03-21T10:39:00.000Z,CMO,X,adjusted,channel,12319.124,nT
2026-03-21T10:40:00.000Z,CMO,X,adjusted,channel,12348.722,nT
2026-03-21T10:41:00.000Z,CMO,X,adjusted,channel,12379.012,nT
2026-03-21T10:42:00.000Z,CMO,X,adjusted,channel,12365.28,nT
2026-03-21T10:43:00.000Z,CMO,X,adjusted,channel,12358.725,nT
2026-03-21T10:44:00.000Z,CMO,X,adjusted,channel,12334.197,nT
2026-03-21T10:45:00.000Z,CMO,X,adjusted,channel,12306.589,nT
2026-03-21T10:46:00.000Z,CMO,X,adjusted,channel,12294.507,nT
2026-03-21T10:47:00.000Z,CMO,X,adjusted,channel,12276.559,nT
2026-03-21T10:48:00.000Z,CMO,X,adjusted,channel,12275.967,nT
2026-03-21T10:49:00.000Z,CMO,X,adjusted,channel,12289.521,nT
2026-03-21T10:50:00.000Z,CMO,X,adjusted,channel,12291.759,nT
2026-03-21T10:51:00.000Z,CMO,X,adjusted,channel,12301.519,nT
2026-03-21T10:52:00.000Z,CMO,X,adjusted,channel,12293.242,nT
2026-03-21T10:53:00.000Z,CMO,X,adjusted,channel,12303.009,nT
2026-03-21T10:54:00.000Z,CMO,X,adjusted,channel,12319.76,nT
2026-03-21T10:55:00.000Z,CMO,X,adjusted,channel,12315.807,nT
2026-03-21T10:56:00.000Z,CMO,X,adjusted,channel,12287.351,nT
2026-03-21T10:57:00.000Z,CMO,X,adjusted,channel,12230.804,nT
2026-03-21T10:58:00.000Z,CMO,X,adjusted,channel,12232.334,nT
2026-03-21T10:59:00.000Z,CMO,X,adjusted,channel,12200.186,nT
2026-03-21T11:00:00.000Z,CMO,X,adjusted,channel,12179.335,nT
2026-03-21T11:01:00.000Z,CMO,X,adjusted,channel,12212.406,nT
2026-03-21T11:02:00.000Z,CMO,X,adjusted,channel,12229.682,nT
2026-03-21T11:03:00.000Z,CMO,X,adjusted,channel,12209.247,nT
2026-03-21T11:04:00.000Z,CMO,X,adjusted,channel,12186.917,nT
2026-03-21T11:05:00.000Z,CMO,X,adjusted,channel,12190.168,nT
2026-03-21T11:06:00.000Z,CMO,X,adjusted,channel,12195.523,nT
2026-03-21T11:07:00.000Z,CMO,X,adjusted,channel,12209.11,nT
2026-03-21T11:08:00.000Z,CMO,X,adjusted,channel,12216.287,nT
2026-03-21T11:09:00.000Z,CMO,X,adjusted,channel,12220.101,nT
2026-03-21T11:10:00.000Z,CMO,X,adjusted,channel,12221.988,nT
2026-03-21T11:11:00.000Z,CMO,X,adjusted,channel,12247.131,nT
2026-03-21T11:12:00.000Z,CMO,X,adjusted,channel,12266.485,nT
2026-03-21T11:13:00.000Z,CMO,X,adjusted,channel,12273.696,nT
2026-03-21T11:14:00.000Z,CMO,X,adjusted,channel,12272.741,nT
2026-03-21T11:15:00.000Z,CMO,X,adjusted,channel,12277.348,nT
2026-03-21T11:16:00.000Z,CMO,X,adjusted,channel,12286.568,nT
2026-03-21T11:17:00.000Z,CMO,X,adjusted,channel,12288.71,nT
2026-03-21T11:18:00.000Z,CMO,X,adjusted,channel,12295.475,nT
2026-03-21T11:19:00.000Z,CMO,X,adjusted,channel,12300.03,nT
2026-03-21T11:20:00.000Z,CMO,X,adjusted,channel,12308.048,nT
2026-03-21T11:21:00.000Z,CMO,X,adjusted,channel,12307.109,nT
2026-03-21T11:22:00.000Z,CMO,X,adjusted,channel,12301.03,nT
2026-03-21T11:23:00.000Z,CMO,X,adjusted,channel,12294.658,nT
2026-03-21T11:24:00.000Z,CMO,X,adjusted,channel,12288.604,nT
2026-03-21T11:25:00.000Z,CMO,X,adjusted,channel,12276.988,nT
2026-03-21T11:26:00.000Z,CMO,X,adjusted,channel,12263.589,nT
2026-03-21T11:27:00.000Z,CMO,X,adjusted,channel,12248.817,nT
2026-03-21T11:28:00.000Z,CMO,X,adjusted,channel,12238.914,nT
2026-03-21T11:29:00.000Z,CMO,X,adjusted,channel,12226.228,nT
2026-03-21T11:30:00.000Z,CMO,X,adjusted,channel,12223.282,nT
2026-03-21T11:31:00.000Z,CMO,X,adjusted,channel,12228.751,nT
2026-03-21T11:32:00.000Z,CMO,X,adjusted,channel,12233.828,nT
2026-03-21T11:33:00.000Z,CMO,X,adjusted,channel,12249.008,nT
2026-03-21T11:34:00.000Z,CMO,X,adjusted,channel,12265.476,nT
2026-03-21T11:35:00.000Z,CMO,X,adjusted,channel,12253.247,nT
2026-03-21T11:36:00.000Z,CMO,X,adjusted,channel,12256.956,nT
2026-03-21T11:37:00.000Z,CMO,X,adjusted,channel,12270.025,nT
2026-03-21T11:38:00.000Z,CMO,X,adjusted,channel,12264.414,nT
2026-03-21T11:39:00.000Z,CMO,X,adjusted,channel,12272.62,nT
2026-03-21T11:40:00.000Z,CMO,X,adjusted,channel,12275.097,nT
2026-03-21T11:41:00.000Z,CMO,X,adjusted,channel,12266.193,nT
2026-03-21T11:42:00.000Z,CMO,X,adjusted,channel,12266.979,nT
2026-03-21T11:43:00.000Z,CMO,X,adjusted,channel,12240.895,nT
2026-03-21T11:44:00.000Z,CMO,X,adjusted,channel,12234.007,nT
2026-03-21T11:45:00.000Z,CMO,X,adjusted,channel,12228.085,nT
2026-03-21T11:46:00.000Z,CMO,X,adjusted,channel,12230.475,nT
2026-03-21T11:47:00.000Z,CMO,X,adjusted,channel,12259.891,nT
2026-03-21T11:48:00.000Z,CMO,X,adjusted,channel,12316.816,nT
2026-03-21T11:49:00.000Z,CMO,X,adjusted,channel,12350.032,nT
2026-03-21T11:50:00.000Z,CMO,X,adjusted,channel,12314.468,nT
2026-03-21T11:51:00.000Z,CMO,X,adjusted,channel,12282.781,nT
2026-03-21T11:52:00.000Z,CMO,X,adjusted,channel,12273.553,nT
2026-03-21T11:53:00.000Z,CMO,X,adjusted,channel,12268.545,nT
2026-03-21T11:54:00.000Z,CMO,X,adjusted,channel,12276.426,nT
2026-03-21T11:55:00.000Z,CMO,X,adjusted,channel,12296.646,nT
2026-03-21T11:56:00.000Z,CMO,X,adjusted,channel,12318.799,nT
2026-03-21T11:57:00.000Z,CMO,X,adjusted,channel,12323.168,nT
2026-03-21T11:58:00.000Z,CMO,X,adjusted,channel,12326.874,nT
2026-03-21T11:59:00.000Z,CMO,X,adjusted,channel,12327.812,nT
2026-03-21T12:00:00.000Z,CMO,X,adjusted,channel,12319.992,nT
2026-03-21T12:01:00.000Z,CMO,X,adjusted,channel,12315.04,nT
2026-03-21T12:02:00.000Z,CMO,X,adjusted,channel,12310.242,nT
2026-03-21T12:03:00.000Z,CMO,X,adjusted,channel,12293.113,nT
2026-03-21T12:04:00.000Z,CMO,X,adjusted,channel,12269.372,nT
2026-03-21T12:05:00.000Z,CMO,X,adjusted,channel,12249.105,nT
2026-03-21T12:06:00.000Z,CMO,X,adjusted,channel,12236.226,nT
2026-03-21T12:07:00.000Z,CMO,X,adjusted,channel,12234.448,nT
2026-03-21T12:08:00.000Z,CMO,X,adjusted,channel,12249.89,nT
2026-03-21T12:09:00.000Z,CMO,X,adjusted,channel,12266.184,nT
2026-03-21T12:10:00.000Z,CMO,X,adjusted,channel,12283.739,nT
2026-03-21T12:11:00.000Z,CMO,X,adjusted,channel,12288.538,nT
2026-03-21T12:12:00.000Z,CMO,X,adjusted,channel,12285.074,nT
2026-03-21T12:13:00.000Z,CMO,X,adjusted,channel,12287.913,nT
2026-03-21T12:14:00.000Z,CMO,X,adjusted,channel,12291.346,nT
2026-03-21T12:15:00.000Z,CMO,X,adjusted,channel,12296.083,nT
2026-03-21T12:16:00.000Z,CMO,X,adjusted,channel,12310.167,nT
2026-03-21T12:17:00.000Z,CMO,X,adjusted,channel,12317.446,nT
2026-03-21T12:18:00.000Z,CMO,X,adjusted,channel,12318.724,nT
2026-03-21T12:19:00.000Z,CMO,X,adjusted,channel,12322.64,nT
2026-03-21T12:20:00.000Z,CMO,X,adjusted,channel,12329.152,nT
2026-03-21T12:21:00.000Z,CMO,X,adjusted,channel,12334.519,nT
2026-03-21T12:22:00.000Z,CMO,X,adjusted,channel,12335.594,nT
2026-03-21T12:23:00.000Z,CMO,X,adjusted,channel,12334.739,nT
2026-03-21T12:24:00.000Z,CMO,X,adjusted,channel,12334,nT
2026-03-21T12:25:00.000Z,CMO,X,adjusted,channel,12335.346,nT
2026-03-21T12:26:00.000Z,CMO,X,adjusted,channel,12339.66,nT
2026-03-21T12:27:00.000Z,CMO,X,adjusted,channel,12340.873,nT
2026-03-21T12:28:00.000Z,CMO,X,adjusted,channel,12338.24,nT
2026-03-21T12:29:00.000Z,CMO,X,adjusted,channel,12335.88,nT
2026-03-21T12:30:00.000Z,CMO,X,adjusted,channel,12327.866,nT
2026-03-21T12:31:00.000Z,CMO,X,adjusted,channel,12311.472,nT
2026-03-21T12:32:00.000Z,CMO,X,adjusted,channel,12290.373,nT
2026-03-21T12:33:00.000Z,CMO,X,adjusted,channel,12268.662,nT
2026-03-21T12:34:00.000Z,CMO,X,adjusted,channel,12256.893,nT
2026-03-21T12:35:00.000Z,CMO,X,adjusted,channel,12251.307,nT
2026-03-21T12:36:00.000Z,CMO,X,adjusted,channel,12246.595,nT
2026-03-21T12:37:00.000Z,CMO,X,adjusted,channel,12245.72,nT
2026-03-21T12:38:00.000Z,CMO,X,adjusted,channel,12242.987,nT
2026-03-21T12:39:00.000Z,CMO,X,adjusted,channel,12245.048,nT
2026-03-21T12:40:00.000Z,CMO,X,adjusted,channel,12253.148,nT
2026-03-21T12:41:00.000Z,CMO,X,adjusted,channel,12260.203,nT
2026-03-21T12:42:00.000Z,CMO,X,adjusted,channel,12269.189,nT
2026-03-21T12:43:00.000Z,CMO,X,adjusted,channel,12271.214,nT
2026-03-21T12:44:00.000Z,CMO,X,adjusted,channel,12267.066,nT
2026-03-21T12:45:00.000Z,CMO,X,adjusted,channel,12270.607,nT
2026-03-21T12:46:00.000Z,CMO,X,adjusted,channel,12280.112,nT
2026-03-21T12:47:00.000Z,CMO,X,adjusted,channel,12289.73,nT
2026-03-21T12:48:00.000Z,CMO,X,adjusted,channel,12300.456,nT
2026-03-21T12:49:00.000Z,CMO,X,adjusted,channel,12307.839,nT
2026-03-21T12:50:00.000Z,CMO,X,adjusted,channel,12302.4,nT
2026-03-21T12:51:00.000Z,CMO,X,adjusted,channel,12292.612,nT
2026-03-21T12:52:00.000Z,CMO,X,adjusted,channel,12281.457,nT
2026-03-21T12:53:00.000Z,CMO,X,adjusted,channel,12270.537,nT
2026-03-21T12:54:00.000Z,CMO,X,adjusted,channel,12259.482,nT
2026-03-21T12:55:00.000Z,CMO,X,adjusted,channel,12254.961,nT
2026-03-21T12:56:00.000Z,CMO,X,adjusted,channel,12254.841,nT
2026-03-21T12:57:00.000Z,CMO,X,adjusted,channel,12247.153,nT
2026-03-21T12:58:00.000Z,CMO,X,adjusted,channel,12234.28,nT
2026-03-21T12:59:00.000Z,CMO,X,adjusted,channel,12213.243,nT
2026-03-21T13:00:00.000Z,CMO,X,adjusted,channel,12195.61,nT
2026-03-21T13:01:00.000Z,CMO,X,adjusted,channel,12194.614,nT
2026-03-21T13:02:00.000Z,CMO,X,adjusted,channel,12198.743,nT
2026-03-21T13:03:00.000Z,CMO,X,adjusted,channel,12205.161,nT
2026-03-21T13:04:00.000Z,CMO,X,adjusted,channel,12209.603,nT
2026-03-21T13:05:00.000Z,CMO,X,adjusted,channel,12209.327,nT
2026-03-21T13:06:00.000Z,CMO,X,adjusted,channel,12206.293,nT
2026-03-21T13:07:00.000Z,CMO,X,adjusted,channel,12205.665,nT
2026-03-21T13:08:00.000Z,CMO,X,adjusted,channel,12208.077,nT
2026-03-21T13:09:00.000Z,CMO,X,adjusted,channel,12214.664,nT
2026-03-21T13:10:00.000Z,CMO,X,adjusted,channel,12226.809,nT
2026-03-21T13:11:00.000Z,CMO,X,adjusted,channel,12240.482,nT
2026-03-21T13:12:00.000Z,CMO,X,adjusted,channel,12246.975,nT
2026-03-21T13:13:00.000Z,CMO,X,adjusted,channel,12246.193,nT
2026-03-21T13:14:00.000Z,CMO,X,adjusted,channel,12246.508,nT
2026-03-21T13:15:00.000Z,CMO,X,adjusted,channel,12247.053,nT
2026-03-21T13:16:00.000Z,CMO,X,adjusted,channel,12252.16,nT
2026-03-21T13:17:00.000Z,CMO,X,adjusted,channel,12262.516,nT
2026-03-21T13:18:00.000Z,CMO,X,adjusted,channel,12266.365,nT
2026-03-21T13:19:00.000Z,CMO,X,adjusted,channel,12257.129,nT
2026-03-21T13:20:00.000Z,CMO,X,adjusted,channel,12240.604,nT
2026-03-21T13:21:00.000Z,CMO,X,adjusted,channel,12227.139,nT
2026-03-21T13:22:00.000Z,CMO,X,adjusted,channel,12221.703,nT
2026-03-21T13:23:00.000Z,CMO,X,adjusted,channel,12220.275,nT
2026-03-21T13:24:00.000Z,CMO,X,adjusted,channel,12216.924,nT
2026-03-21T13:25:00.000Z,CMO,X,adjusted,channel,12216.785,nT
2026-03-21T13:26:00.000Z,CMO,X,adjusted,channel,12215.2,nT
2026-03-21T13:27:00.000Z,CMO,X,adjusted,channel,12215.082,nT
2026-03-21T13:28:00.000Z,CMO,X,adjusted,channel,12216.12,nT
2026-03-21T13:29:00.000Z,CMO,X,adjusted,channel,12212.059,nT
2026-03-21T13:30:00.000Z,CMO,X,adjusted,channel,12211.461,nT
2026-03-21T13:31:00.000Z,CMO,X,adjusted,channel,12219.593,nT
2026-03-21T13:32:00.000Z,CMO,X,adjusted,channel,12227.079,nT
2026-03-21T13:33:00.000Z,CMO,X,adjusted,channel,12230.421,nT
2026-03-21T13:34:00.000Z,CMO,X,adjusted,channel,12231.405,nT
2026-03-21T13:35:00.000Z,CMO,X,adjusted,channel,12223.604,nT
2026-03-21T13:36:00.000Z,CMO,X,adjusted,channel,12211.098,nT
2026-03-21T13:37:00.000Z,CMO,X,adjusted,channel,12204.071,nT
2026-03-21T13:38:00.000Z,CMO,X,adjusted,channel,12205.62,nT
2026-03-21T13:39:00.000Z,CMO,X,adjusted,channel,12202.334,nT
2026-03-21T13:40:00.000Z,CMO,X,adjusted,channel,12200.38,nT
2026-03-21T13:41:00.000Z,CMO,X,adjusted,channel,12191.781,nT
2026-03-21T13:42:00.000Z,CMO,X,adjusted,channel,12182.88,nT
2026-03-21T13:43:00.000Z,CMO,X,adjusted,channel,12181.381,nT
2026-03-21T13:44:00.000Z,CMO,X,adjusted,channel,12185.584,nT
2026-03-21T13:45:00.000Z,CMO,X,adjusted,channel,12180.268,nT
2026-03-21T13:46:00.000Z,CMO,X,adjusted,channel,12179.38,nT
2026-03-21T13:47:00.000Z,CMO,X,adjusted,channel,12183.779,nT
2026-03-21T13:48:00.000Z,CMO,X,adjusted,channel,12185.307,nT
2026-03-21T13:49:00.000Z,CMO,X,adjusted,channel,12189.72,nT
2026-03-21T13:50:00.000Z,CMO,X,adjusted,channel,12200.623,nT
2026-03-21T13:51:00.000Z,CMO,X,adjusted,channel,12203.478,nT
2026-03-21T13:52:00.000Z,CMO,X,adjusted,channel,12202.838,nT
2026-03-21T13:53:00.000Z,CMO,X,adjusted,channel,12203.958,nT
2026-03-21T13:54:00.000Z,CMO,X,adjusted,channel,12204.504,nT
2026-03-21T13:55:00.000Z,CMO,X,adjusted,channel,12205.557,nT
2026-03-21T13:56:00.000Z,CMO,X,adjusted,channel,12211.258,nT
2026-03-21T13:57:00.000Z,CMO,X,adjusted,channel,12213.879,nT
2026-03-21T13:58:00.000Z,CMO,X,adjusted,channel,12215.497,nT
2026-03-21T13:59:00.000Z,CMO,X,adjusted,channel,12219.279,nT
2026-03-21T14:00:00.000Z,CMO,X,adjusted,channel,12203.746,nT
2026-03-21T14:01:00.000Z,CMO,X,adjusted,channel,12175.524,nT
2026-03-21T14:02:00.000Z,CMO,X,adjusted,channel,12146.892,nT
2026-03-21T14:03:00.000Z,CMO,X,adjusted,channel,12137.518,nT
2026-03-21T14:04:00.000Z,CMO,X,adjusted,channel,12122.711,nT
2026-03-21T14:05:00.000Z,CMO,X,adjusted,channel,12128.433,nT
2026-03-21T14:06:00.000Z,CMO,X,adjusted,channel,12120.795,nT
2026-03-21T14:07:00.000Z,CMO,X,adjusted,channel,12122.186,nT
2026-03-21T14:08:00.000Z,CMO,X,adjusted,channel,12127.64,nT
2026-03-21T14:09:00.000Z,CMO,X,adjusted,channel,12106.1,nT
2026-03-21T14:10:00.000Z,CMO,X,adjusted,channel,12116.662,nT
2026-03-21T14:11:00.000Z,CMO,X,adjusted,channel,12136.968,nT
2026-03-21T14:12:00.000Z,CMO,X,adjusted,channel,12139.392,nT
2026-03-21T14:13:00.000Z,CMO,X,adjusted,channel,12156.252,nT
2026-03-21T14:14:00.000Z,CMO,X,adjusted,channel,12172.021,nT
2026-03-21T14:15:00.000Z,CMO,X,adjusted,channel,12195.088,nT
2026-03-21T14:16:00.000Z,CMO,X,adjusted,channel,12211.717,nT
2026-03-21T14:17:00.000Z,CMO,X,adjusted,channel,12200.815,nT
2026-03-21T14:18:00.000Z,CMO,X,adjusted,channel,12194.954,nT
2026-03-21T14:19:00.000Z,CMO,X,adjusted,channel,12195.102,nT
2026-03-21T14:20:00.000Z,CMO,X,adjusted,channel,12183.819,nT
2026-03-21T14:21:00.000Z,CMO,X,adjusted,channel,12187.417,nT
2026-03-21T14:22:00.000Z,CMO,X,adjusted,channel,12174.741,nT
2026-03-21T14:23:00.000Z,CMO,X,adjusted,channel,12147.339,nT
2026-03-21T14:24:00.000Z,CMO,X,adjusted,channel,12151.87,nT
2026-03-21T14:25:00.000Z,CMO,X,adjusted,channel,12160.182,nT
2026-03-21T14:26:00.000Z,CMO,X,adjusted,channel,12139.991,nT
2026-03-21T14:27:00.000Z,CMO,X,adjusted,channel,12120.737,nT
2026-03-21T14:28:00.000Z,CMO,X,adjusted,channel,12116.079,nT
2026-03-21T14:29:00.000Z,CMO,X,adjusted,channel,12100.612,nT
2026-03-21T14:30:00.000Z,CMO,X,adjusted,channel,12103.945,nT
2026-03-21T14:31:00.000Z,CMO,X,adjusted,channel,12117.253,nT
2026-03-21T14:32:00.000Z,CMO,X,adjusted,channel,12135.514,nT
2026-03-21T14:33:00.000Z,CMO,X,adjusted,channel,12142.701,nT
2026-03-21T14:34:00.000Z,CMO,X,adjusted,channel,12137.467,nT
2026-03-21T14:35:00.000Z,CMO,X,adjusted,channel,12146.977,nT
2026-03-21T14:36:00.000Z,CMO,X,adjusted,channel,12166.363,nT
2026-03-21T14:37:00.000Z,CMO,X,adjusted,channel,12170.439,nT
2026-03-21T14:38:00.000Z,CMO,X,adjusted,channel,12163.907,nT
2026-03-21T14:39:00.000Z,CMO,X,adjusted,channel,12168.689,nT
2026-03-21T14:40:00.000Z,CMO,X,adjusted,channel,12184.161,nT
2026-03-21T14:41:00.000Z,CMO,X,adjusted,channel,12195.869,nT
2026-03-21T14:42:00.000Z,CMO,X,adjusted,channel,12195.348,nT
2026-03-21T14:43:00.000Z,CMO,X,adjusted,channel,12196.198,nT
2026-03-21T14:44:00.000Z,CMO,X,adjusted,channel,12197.963,nT
2026-03-21T14:45:00.000Z,CMO,X,adjusted,channel,12194.82,nT
2026-03-21T14:46:00.000Z,CMO,X,adjusted,channel,12189.181,nT
2026-03-21T14:47:00.000Z,CMO,X,adjusted,channel,12196.904,nT
2026-03-21T14:48:00.000Z,CMO,X,adjusted,channel,12207.258,nT
2026-03-21T14:49:00.000Z,CMO,X,adjusted,channel,12201.812,nT
2026-03-21T14:50:00.000Z,CMO,X,adjusted,channel,12194.257,nT
2026-03-21T14:51:00.000Z,CMO,X,adjusted,channel,12177.208,nT
2026-03-21T14:52:00.000Z,CMO,X,adjusted,channel,12171.378,nT
2026-03-21T14:53:00.000Z,CMO,X,adjusted,channel,12172.247,nT
2026-03-21T14:54:00.000Z,CMO,X,adjusted,channel,12169.419,nT
2026-03-21T14:55:00.000Z,CMO,X,adjusted,channel,12171.928,nT
2026-03-21T14:56:00.000Z,CMO,X,adjusted,channel,12200.78,nT
2026-03-21T14:57:00.000Z,CMO,X,adjusted,channel,12230.837,nT
2026-03-21T14:58:00.000Z,CMO,X,adjusted,channel,12229.59,nT
2026-03-21T14:59:00.000Z,CMO,X,adjusted,channel,12204.78,nT
2026-03-21T15:00:00.000Z,CMO,X,adjusted,channel,12182.627,nT
2026-03-21T15:01:00.000Z,CMO,X,adjusted,channel,12164.351,nT
2026-03-21T15:02:00.000Z,CMO,X,adjusted,channel,12174.966,nT
2026-03-21T15:03:00.000Z,CMO,X,adjusted,channel,12173.96,nT
2026-03-21T15:04:00.000Z,CMO,X,adjusted,channel,12197.408,nT
2026-03-21T15:05:00.000Z,CMO,X,adjusted,channel,12212.198,nT
2026-03-21T15:06:00.000Z,CMO,X,adjusted,channel,12203.482,nT
2026-03-21T15:07:00.000Z,CMO,X,adjusted,channel,12198.079,nT
2026-03-21T15:08:00.000Z,CMO,X,adjusted,channel,12204.298,nT
2026-03-21T15:09:00.000Z,CMO,X,adjusted,channel,12210.053,nT
2026-03-21T15:10:00.000Z,CMO,X,adjusted,channel,12205.903,nT
2026-03-21T15:11:00.000Z,CMO,X,adjusted,channel,12221.666,nT
2026-03-21T15:12:00.000Z,CMO,X,adjusted,channel,12241.51,nT
2026-03-21T15:13:00.000Z,CMO,X,adjusted,channel,12208.764,nT
2026-03-21T15:14:00.000Z,CMO,X,adjusted,channel,12203.284,nT
2026-03-21T15:15:00.000Z,CMO,X,adjusted,channel,12227.316,nT
2026-03-21T15:16:00.000Z,CMO,X,adjusted,channel,12221.708,nT
2026-03-21T15:17:00.000Z,CMO,X,adjusted,channel,12253.384,nT
2026-03-21T15:18:00.000Z,CMO,X,adjusted,channel,12257.153,nT
2026-03-21T15:19:00.000Z,CMO,X,adjusted,channel,12257.329,nT
2026-03-21T15:20:00.000Z,CMO,X,adjusted,channel,12293.462,nT
2026-03-21T15:21:00.000Z,CMO,X,adjusted,channel,12283.117,nT
2026-03-21T15:22:00.000Z,CMO,X,adjusted,channel,12280.591,nT
2026-03-21T15:23:00.000Z,CMO,X,adjusted,channel,12285.466,nT
2026-03-21T15:24:00.000Z,CMO,X,adjusted,channel,12328.876,nT
2026-03-21T15:25:00.000Z,CMO,X,adjusted,channel,12323.345,nT
2026-03-21T15:26:00.000Z,CMO,X,adjusted,channel,12309.074,nT
2026-03-21T15:27:00.000Z,CMO,X,adjusted,channel,12332.077,nT
2026-03-21T15:28:00.000Z,CMO,X,adjusted,channel,12325.924,nT
2026-03-21T15:29:00.000Z,CMO,X,adjusted,channel,12308.766,nT
2026-03-21T15:30:00.000Z,CMO,X,adjusted,channel,12314.585,nT
2026-03-21T15:31:00.000Z,CMO,X,adjusted,channel,12320.319,nT
2026-03-21T15:32:00.000Z,CMO,X,adjusted,channel,12322.293,nT
2026-03-21T15:33:00.000Z,CMO,X,adjusted,channel,12305.765,nT
2026-03-21T15:34:00.000Z,CMO,X,adjusted,channel,12311.456,nT
2026-03-21T15:35:00.000Z,CMO,X,adjusted,channel,12325.09,nT
2026-03-21T15:36:00.000Z,CMO,X,adjusted,channel,12320.837,nT
2026-03-21T15:37:00.000Z,CMO,X,adjusted,channel,12312.709,nT
2026-03-21T15:38:00.000Z,CMO,X,adjusted,channel,12311.773,nT
2026-03-21T15:39:00.000Z,CMO,X,adjusted,channel,12311.364,nT
2026-03-21T15:40:00.000Z,CMO,X,adjusted,channel,12305.356,nT
2026-03-21T15:41:00.000Z,CMO,X,adjusted,channel,12295.944,nT
2026-03-21T15:42:00.000Z,CMO,X,adjusted,channel,12297.178,nT
2026-03-21T15:43:00.000Z,CMO,X,adjusted,channel,12297.443,nT
2026-03-21T15:44:00.000Z,CMO,X,adjusted,channel,12286.815,nT
2026-03-21T15:45:00.000Z,CMO,X,adjusted,channel,12288.95,nT
2026-03-21T15:46:00.000Z,CMO,X,adjusted,channel,12286.895,nT
2026-03-21T15:47:00.000Z,CMO,X,adjusted,channel,12291.891,nT
2026-03-21T15:48:00.000Z,CMO,X,adjusted,channel,12294.826,nT
2026-03-21T15:49:00.000Z,CMO,X,adjusted,channel,12296.538,nT
2026-03-21T15:50:00.000Z,CMO,X,adjusted,channel,12299.625,nT
2026-03-21T15:51:00.000Z,CMO,X,adjusted,channel,12293.773,nT
2026-03-21T15:52:00.000Z,CMO,X,adjusted,channel,12289.521,nT
2026-03-21T15:53:00.000Z,CMO,X,adjusted,channel,12293.999,nT
2026-03-21T15:54:00.000Z,CMO,X,adjusted,channel,12300.95,nT
2026-03-21T15:55:00.000Z,CMO,X,adjusted,channel,12299.595,nT
2026-03-21T15:56:00.000Z,CMO,X,adjusted,channel,12293.237,nT
2026-03-21T15:57:00.000Z,CMO,X,adjusted,channel,12294.127,nT
2026-03-21T15:58:00.000Z,CMO,X,adjusted,channel,12296.827,nT
2026-03-21T15:59:00.000Z,CMO,X,adjusted,channel,12295.378,nT
2026-03-21T16:00:00.000Z,CMO,X,adjusted,channel,12299.472,nT
2026-03-21T16:01:00.000Z,CMO,X,adjusted,channel,12294.735,nT
2026-03-21T16:02:00.000Z,CMO,X,adjusted,channel,12293.318,nT
2026-03-21T16:03:00.000Z,CMO,X,adjusted,channel,12294.835,nT
2026-03-21T16:04:00.000Z,CMO,X,adjusted,channel,12288.591,nT
2026-03-21T16:05:00.000Z,CMO,X,adjusted,channel,12293.333,nT
2026-03-21T16:06:00.000Z,CMO,X,adjusted,channel,12296.306,nT
2026-03-21T16:07:00.000Z,CMO,X,adjusted,channel,12295.548,nT
2026-03-21T16:08:00.000Z,CMO,X,adjusted,channel,12295.197,nT
2026-03-21T16:09:00.000Z,CMO,X,adjusted,channel,12295.351,nT
2026-03-21T16:10:00.000Z,CMO,X,adjusted,channel,12297.533,nT
2026-03-21T16:11:00.000Z,CMO,X,adjusted,channel,12298.811,nT
2026-03-21T16:12:00.000Z,CMO,X,adjusted,channel,12297.001,nT
2026-03-21T16:13:00.000Z,CMO,X,adjusted,channel,12301.667,nT
2026-03-21T16:14:00.000Z,CMO,X,adjusted,channel,12308.555,nT
2026-03-21T16:15:00.000Z,CMO,X,adjusted,channel,12305.595,nT
2026-03-21T16:16:00.000Z,CMO,X,adjusted,channel,12296.385,nT
2026-03-21T16:17:00.000Z,CMO,X,adjusted,channel,12292.615,nT
2026-03-21T16:18:00.000Z,CMO,X,adjusted,channel,12291.957,nT
2026-03-21T16:19:00.000Z,CMO,X,adjusted,channel,12298.037,nT
2026-03-21T16:20:00.000Z,CMO,X,adjusted,channel,12304.767,nT
2026-03-21T16:21:00.000Z,CMO,X,adjusted,channel,12298.02,nT
2026-03-21T16:22:00.000Z,CMO,X,adjusted,channel,12301.959,nT
2026-03-21T16:23:00.000Z,CMO,X,adjusted,channel,12294.402,nT
2026-03-21T16:24:00.000Z,CMO,X,adjusted,channel,12293.983,nT
2026-03-21T16:25:00.000Z,CMO,X,adjusted,channel,12297.009,nT
2026-03-21T16:26:00.000Z,CMO,X,adjusted,channel,12292.319,nT
2026-03-21T16:27:00.000Z,CMO,X,adjusted,channel,12288.253,nT
2026-03-21T16:28:00.000Z,CMO,X,adjusted,channel,12290.856,nT
2026-03-21T16:29:00.000Z,CMO,X,adjusted,channel,12292.226,nT
2026-03-21T16:30:00.000Z,CMO,X,adjusted,channel,12291.152,nT
2026-03-21T16:31:00.000Z,CMO,X,adjusted,channel,12291.289,nT
2026-03-21T16:32:00.000Z,CMO,X,adjusted,channel,12289.918,nT
2026-03-21T16:33:00.000Z,CMO,X,adjusted,channel,12284.714,nT
2026-03-21T16:34:00.000Z,CMO,X,adjusted,channel,12286.943,nT
2026-03-21T16:35:00.000Z,CMO,X,adjusted,channel,12280.389,nT
2026-03-21T16:36:00.000Z,CMO,X,adjusted,channel,12281.134,nT
2026-03-21T16:37:00.000Z,CMO,X,adjusted,channel,12293.119,nT
2026-03-21T16:38:00.000Z,CMO,X,adjusted,channel,12291.766,nT
2026-03-21T16:39:00.000Z,CMO,X,adjusted,channel,12291.608,nT
2026-03-21T16:40:00.000Z,CMO,X,adjusted,channel,12293.96,nT
2026-03-21T16:41:00.000Z,CMO,X,adjusted,channel,12286.731,nT
2026-03-21T16:42:00.000Z,CMO,X,adjusted,channel,12281.457,nT
2026-03-21T16:43:00.000Z,CMO,X,adjusted,channel,12288.814,nT
2026-03-21T16:44:00.000Z,CMO,X,adjusted,channel,12294.061,nT
2026-03-21T16:45:00.000Z,CMO,X,adjusted,channel,12292.157,nT
2026-03-21T16:46:00.000Z,CMO,X,adjusted,channel,12292.041,nT
2026-03-21T16:47:00.000Z,CMO,X,adjusted,channel,12290.859,nT
2026-03-21T16:48:00.000Z,CMO,X,adjusted,channel,12290.073,nT
2026-03-21T16:49:00.000Z,CMO,X,adjusted,channel,12284.233,nT
2026-03-21T16:50:00.000Z,CMO,X,adjusted,channel,12284.067,nT
2026-03-21T16:51:00.000Z,CMO,X,adjusted,channel,12286.853,nT
2026-03-21T16:52:00.000Z,CMO,X,adjusted,channel,12287.802,nT
2026-03-21T16:53:00.000Z,CMO,X,adjusted,channel,12289.229,nT
2026-03-21T16:54:00.000Z,CMO,X,adjusted,channel,12296.711,nT
2026-03-21T16:55:00.000Z,CMO,X,adjusted,channel,12299.393,nT
2026-03-21T16:56:00.000Z,CMO,X,adjusted,channel,12300.763,nT
2026-03-21T16:57:00.000Z,CMO,X,adjusted,channel,12308.593,nT
2026-03-21T16:58:00.000Z,CMO,X,adjusted,channel,12306.803,nT
2026-03-21T16:59:00.000Z,CMO,X,adjusted,channel,12308.708,nT
2026-03-21T17:00:00.000Z,CMO,X,adjusted,channel,12306.273,nT
2026-03-21T17:01:00.000Z,CMO,X,adjusted,channel,12300.22,nT
2026-03-21T17:02:00.000Z,CMO,X,adjusted,channel,12305.603,nT
2026-03-21T17:03:00.000Z,CMO,X,adjusted,channel,12311.075,nT
2026-03-21T17:04:00.000Z,CMO,X,adjusted,channel,12301.74,nT
2026-03-21T17:05:00.000Z,CMO,X,adjusted,channel,12294.154,nT
2026-03-21T17:06:00.000Z,CMO,X,adjusted,channel,12288.04,nT
2026-03-21T17:07:00.000Z,CMO,X,adjusted,channel,12284.922,nT
2026-03-21T17:08:00.000Z,CMO,X,adjusted,channel,12292.336,nT
2026-03-21T17:09:00.000Z,CMO,X,adjusted,channel,12299.493,nT
2026-03-21T17:10:00.000Z,CMO,X,adjusted,channel,12300.898,nT
2026-03-21T17:11:00.000Z,CMO,X,adjusted,channel,12303.946,nT
2026-03-21T17:12:00.000Z,CMO,X,adjusted,channel,12311.508,nT
2026-03-21T17:13:00.000Z,CMO,X,adjusted,channel,12312.593,nT
2026-03-21T17:14:00.000Z,CMO,X,adjusted,channel,12310.472,nT
2026-03-21T17:15:00.000Z,CMO,X,adjusted,channel,12307.91,nT
2026-03-21T17:16:00.000Z,CMO,X,adjusted,channel,12303.378,nT
2026-03-21T17:17:00.000Z,CMO,X,adjusted,channel,12301.273,nT
2026-03-21T17:18:00.000Z,CMO,X,adjusted,channel,12300.451,nT
2026-03-21T17:19:00.000Z,CMO,X,adjusted,channel,12298.686,nT
2026-03-21T17:20:00.000Z,CMO,X,adjusted,channel,12296.241,nT
2026-03-21T17:21:00.000Z,CMO,X,adjusted,channel,12293.454,nT
2026-03-21T17:22:00.000Z,CMO,X,adjusted,channel,12287.888,nT
2026-03-21T17:23:00.000Z,CMO,X,adjusted,channel,12288.508,nT
2026-03-21T17:24:00.000Z,CMO,X,adjusted,channel,12299.33,nT
2026-03-21T17:25:00.000Z,CMO,X,adjusted,channel,12311.044,nT
2026-03-21T17:26:00.000Z,CMO,X,adjusted,channel,12308.414,nT
2026-03-21T17:27:00.000Z,CMO,X,adjusted,channel,12297.751,nT
2026-03-21T17:28:00.000Z,CMO,X,adjusted,channel,12297.128,nT
2026-03-21T17:29:00.000Z,CMO,X,adjusted,channel,12306.11,nT
2026-03-21T17:30:00.000Z,CMO,X,adjusted,channel,12317.579,nT
2026-03-21T17:31:00.000Z,CMO,X,adjusted,channel,12329.187,nT
2026-03-21T17:32:00.000Z,CMO,X,adjusted,channel,12331.61,nT
2026-03-21T17:33:00.000Z,CMO,X,adjusted,channel,12322.487,nT
2026-03-21T17:34:00.000Z,CMO,X,adjusted,channel,12314.379,nT
2026-03-21T17:35:00.000Z,CMO,X,adjusted,channel,12303.557,nT
2026-03-21T17:36:00.000Z,CMO,X,adjusted,channel,12291.972,nT
2026-03-21T17:37:00.000Z,CMO,X,adjusted,channel,12286.723,nT
2026-03-21T17:38:00.000Z,CMO,X,adjusted,channel,12291.378,nT
2026-03-21T17:39:00.000Z,CMO,X,adjusted,channel,12294.38,nT
2026-03-21T17:40:00.000Z,CMO,X,adjusted,channel,12293.653,nT
2026-03-21T17:41:00.000Z,CMO,X,adjusted,channel,12292.934,nT
2026-03-21T17:42:00.000Z,CMO,X,adjusted,channel,12284.416,nT
2026-03-21T17:43:00.000Z,CMO,X,adjusted,channel,12281.091,nT
2026-03-21T17:44:00.000Z,CMO,X,adjusted,channel,12284.398,nT
2026-03-21T17:45:00.000Z,CMO,X,adjusted,channel,12284.958,nT
2026-03-21T17:46:00.000Z,CMO,X,adjusted,channel,12283.601,nT
2026-03-21T17:47:00.000Z,CMO,X,adjusted,channel,12280.562,nT
2026-03-21T17:48:00.000Z,CMO,X,adjusted,channel,12274.323,nT
2026-03-21T17:49:00.000Z,CMO,X,adjusted,channel,12273.682,nT
2026-03-21T17:50:00.000Z,CMO,X,adjusted,channel,12278.784,nT
2026-03-21T17:51:00.000Z,CMO,X,adjusted,channel,12286.659,nT
2026-03-21T17:52:00.000Z,CMO,X,adjusted,channel,12285.662,nT
2026-03-21T17:53:00.000Z,CMO,X,adjusted,channel,12285.06,nT
2026-03-21T17:54:00.000Z,CMO,X,adjusted,channel,12288.816,nT
2026-03-21T17:55:00.000Z,CMO,X,adjusted,channel,12289.682,nT
2026-03-21T17:56:00.000Z,CMO,X,adjusted,channel,12293.044,nT
2026-03-21T17:57:00.000Z,CMO,X,adjusted,channel,12297.02,nT
2026-03-21T17:58:00.000Z,CMO,X,adjusted,channel,12292.454,nT
2026-03-21T17:59:00.000Z,CMO,X,adjusted,channel,12284.399,nT
2026-03-21T18:00:00.000Z,CMO,X,adjusted,channel,12281.321,nT
2026-03-21T18:01:00.000Z,CMO,X,adjusted,channel,12275.488,nT
2026-03-21T18:02:00.000Z,CMO,X,adjusted,channel,12275.121,nT
2026-03-21T18:03:00.000Z,CMO,X,adjusted,channel,12270.88,nT
2026-03-21T18:04:00.000Z,CMO,X,adjusted,channel,12267.276,nT
2026-03-21T18:05:00.000Z,CMO,X,adjusted,channel,12268.738,nT
2026-03-21T18:06:00.000Z,CMO,X,adjusted,channel,12264.579,nT
2026-03-21T18:07:00.000Z,CMO,X,adjusted,channel,12260.101,nT
2026-03-21T18:08:00.000Z,CMO,X,adjusted,channel,12274.717,nT
2026-03-21T18:09:00.000Z,CMO,X,adjusted,channel,12301.942,nT
2026-03-21T18:10:00.000Z,CMO,X,adjusted,channel,12298.178,nT
2026-03-21T18:11:00.000Z,CMO,X,adjusted,channel,12273.13,nT
2026-03-21T18:12:00.000Z,CMO,X,adjusted,channel,12274.028,nT
2026-03-21T18:13:00.000Z,CMO,X,adjusted,channel,12279.371,nT
2026-03-21T18:14:00.000Z,CMO,X,adjusted,channel,12241.719,nT
2026-03-21T18:15:00.000Z,CMO,X,adjusted,channel,12226.3,nT
2026-03-21T18:16:00.000Z,CMO,X,adjusted,channel,12263.871,nT
2026-03-21T18:17:00.000Z,CMO,X,adjusted,channel,12264.555,nT
2026-03-21T18:18:00.000Z,CMO,X,adjusted,channel,12242.597,nT
2026-03-21T18:19:00.000Z,CMO,X,adjusted,channel,12243.285,nT
2026-03-21T18:20:00.000Z,CMO,X,adjusted,channel,12251.455,nT
2026-03-21T18:21:00.000Z,CMO,X,adjusted,channel,12255.26,nT
2026-03-21T18:22:00.000Z,CMO,X,adjusted,channel,12256.147,nT
2026-03-21T18:23:00.000Z,CMO,X,adjusted,channel,12255.549,nT
2026-03-21T18:24:00.000Z,CMO,X,adjusted,channel,12259.261,nT
2026-03-21T18:25:00.000Z,CMO,X,adjusted,channel,12268.427,nT
2026-03-21T18:26:00.000Z,CMO,X,adjusted,channel,12285.911,nT
2026-03-21T18:27:00.000Z,CMO,X,adjusted,channel,12283.81,nT
2026-03-21T18:28:00.000Z,CMO,X,adjusted,channel,12273.183,nT
2026-03-21T18:29:00.000Z,CMO,X,adjusted,channel,12266.167,nT
2026-03-21T18:30:00.000Z,CMO,X,adjusted,channel,12267.817,nT
2026-03-21T18:31:00.000Z,CMO,X,adjusted,channel,12278.635,nT
2026-03-21T18:32:00.000Z,CMO,X,adjusted,channel,12279.033,nT
2026-03-21T18:33:00.000Z,CMO,X,adjusted,channel,12266.449,nT
2026-03-21T18:34:00.000Z,CMO,X,adjusted,channel,12267.677,nT
2026-03-21T18:35:00.000Z,CMO,X,adjusted,channel,12284.161,nT
2026-03-21T18:36:00.000Z,CMO,X,adjusted,channel,12284.664,nT
2026-03-21T18:37:00.000Z,CMO,X,adjusted,channel,12270.042,nT
2026-03-21T18:38:00.000Z,CMO,X,adjusted,channel,12256.709,nT
2026-03-21T18:39:00.000Z,CMO,X,adjusted,channel,12261.623,nT
2026-03-21T18:40:00.000Z,CMO,X,adjusted,channel,12264.176,nT
2026-03-21T18:41:00.000Z,CMO,X,adjusted,channel,12258.478,nT
2026-03-21T18:42:00.000Z,CMO,X,adjusted,channel,12259.862,nT
2026-03-21T18:43:00.000Z,CMO,X,adjusted,channel,12271.191,nT
2026-03-21T18:44:00.000Z,CMO,X,adjusted,channel,12288.356,nT
2026-03-21T18:45:00.000Z,CMO,X,adjusted,channel,12287.586,nT
2026-03-21T18:46:00.000Z,CMO,X,adjusted,channel,12277.001,nT
2026-03-21T18:47:00.000Z,CMO,X,adjusted,channel,12275.524,nT
2026-03-21T18:48:00.000Z,CMO,X,adjusted,channel,12271.455,nT
2026-03-21T18:49:00.000Z,CMO,X,adjusted,channel,12266.523,nT
2026-03-21T18:50:00.000Z,CMO,X,adjusted,channel,12282.393,nT
2026-03-21T18:51:00.000Z,CMO,X,adjusted,channel,12314.223,nT
2026-03-21T18:52:00.000Z,CMO,X,adjusted,channel,12288.439,nT
2026-03-21T18:53:00.000Z,CMO,X,adjusted,channel,12259.776,nT
2026-03-21T18:54:00.000Z,CMO,X,adjusted,channel,12275.025,nT
2026-03-21T18:55:00.000Z,CMO,X,adjusted,channel,12286.369,nT
2026-03-21T18:56:00.000Z,CMO,X,adjusted,channel,12293.669,nT
2026-03-21T18:57:00.000Z,CMO,X,adjusted,channel,12298.382,nT
2026-03-21T18:58:00.000Z,CMO,X,adjusted,channel,12298.936,nT
2026-03-21T18:59:00.000Z,CMO,X,adjusted,channel,12298.534,nT
2026-03-21T19:00:00.000Z,CMO,X,adjusted,channel,12295.157,nT
2026-03-21T19:01:00.000Z,CMO,X,adjusted,channel,12292.043,nT
2026-03-21T19:02:00.000Z,CMO,X,adjusted,channel,12293.556,nT
2026-03-21T19:03:00.000Z,CMO,X,adjusted,channel,12295.08,nT
2026-03-21T19:04:00.000Z,CMO,X,adjusted,channel,12291.961,nT
2026-03-21T19:05:00.000Z,CMO,X,adjusted,channel,12287.959,nT
2026-03-21T19:06:00.000Z,CMO,X,adjusted,channel,12287.966,nT
2026-03-21T19:07:00.000Z,CMO,X,adjusted,channel,12289.386,nT
2026-03-21T19:08:00.000Z,CMO,X,adjusted,channel,12293.395,nT
2026-03-21T19:09:00.000Z,CMO,X,adjusted,channel,12295.34,nT
2026-03-21T19:10:00.000Z,CMO,X,adjusted,channel,12294.489,nT
2026-03-21T19:11:00.000Z,CMO,X,adjusted,channel,12294.696,nT
2026-03-21T19:12:00.000Z,CMO,X,adjusted,channel,12298.104,nT
2026-03-21T19:13:00.000Z,CMO,X,adjusted,channel,12291.351,nT
2026-03-21T19:14:00.000Z,CMO,X,adjusted,channel,12284.747,nT
2026-03-21T19:15:00.000Z,CMO,X,adjusted,channel,12278.162,nT
2026-03-21T19:16:00.000Z,CMO,X,adjusted,channel,12275.93,nT
2026-03-21T19:17:00.000Z,CMO,X,adjusted,channel,12281.565,nT
2026-03-21T19:18:00.000Z,CMO,X,adjusted,channel,12279.71,nT
2026-03-21T19:19:00.000Z,CMO,X,adjusted,channel,12274.897,nT
2026-03-21T19:20:00.000Z,CMO,X,adjusted,channel,12277.54,nT
2026-03-21T19:21:00.000Z,CMO,X,adjusted,channel,12276.694,nT
2026-03-21T19:22:00.000Z,CMO,X,adjusted,channel,12279.489,nT
2026-03-21T19:23:00.000Z,CMO,X,adjusted,channel,12283.579,nT
2026-03-21T19:24:00.000Z,CMO,X,adjusted,channel,12284.442,nT
2026-03-21T19:25:00.000Z,CMO,X,adjusted,channel,12284.532,nT
2026-03-21T19:26:00.000Z,CMO,X,adjusted,channel,12286.735,nT
2026-03-21T19:27:00.000Z,CMO,X,adjusted,channel,12286.098,nT
2026-03-21T19:28:00.000Z,CMO,X,adjusted,channel,12281.401,nT
2026-03-21T19:29:00.000Z,CMO,X,adjusted,channel,12282.014,nT
2026-03-21T19:30:00.000Z,CMO,X,adjusted,channel,12286.69,nT
2026-03-21T19:31:00.000Z,CMO,X,adjusted,channel,12284.515,nT
2026-03-21T19:32:00.000Z,CMO,X,adjusted,channel,12281.081,nT
2026-03-21T19:33:00.000Z,CMO,X,adjusted,channel,12291.58,nT
2026-03-21T19:34:00.000Z,CMO,X,adjusted,channel,12292.665,nT
2026-03-21T19:35:00.000Z,CMO,X,adjusted,channel,12276.536,nT
2026-03-21T19:36:00.000Z,CMO,X,adjusted,channel,12271.713,nT
2026-03-21T19:37:00.000Z,CMO,X,adjusted,channel,12280.043,nT
2026-03-21T19:38:00.000Z,CMO,X,adjusted,channel,12288.231,nT
2026-03-21T19:39:00.000Z,CMO,X,adjusted,channel,12290.436,nT
2026-03-21T19:40:00.000Z,CMO,X,adjusted,channel,12295.816,nT
2026-03-21T19:41:00.000Z,CMO,X,adjusted,channel,12293.717,nT
2026-03-21T19:42:00.000Z,CMO,X,adjusted,channel,12287.182,nT
2026-03-21T19:43:00.000Z,CMO,X,adjusted,channel,12287.219,nT
2026-03-21T19:44:00.000Z,CMO,X,adjusted,channel,12290.024,nT
2026-03-21T19:45:00.000Z,CMO,X,adjusted,channel,12287.101,nT
2026-03-21T19:46:00.000Z,CMO,X,adjusted,channel,12285.185,nT
2026-03-21T19:47:00.000Z,CMO,X,adjusted,channel,12283.961,nT
2026-03-21T19:48:00.000Z,CMO,X,adjusted,channel,12276.256,nT
2026-03-21T19:49:00.000Z,CMO,X,adjusted,channel,12277.174,nT
2026-03-21T19:50:00.000Z,CMO,X,adjusted,channel,12278.559,nT
2026-03-21T19:51:00.000Z,CMO,X,adjusted,channel,12279.877,nT
2026-03-21T19:52:00.000Z,CMO,X,adjusted,channel,12280.75,nT
2026-03-21T19:53:00.000Z,CMO,X,adjusted,channel,12277.519,nT
2026-03-21T19:54:00.000Z,CMO,X,adjusted,channel,12280.08,nT
2026-03-21T19:55:00.000Z,CMO,X,adjusted,channel,12286.027,nT
2026-03-21T19:56:00.000Z,CMO,X,adjusted,channel,12291.805,nT
2026-03-21T19:57:00.000Z,CMO,X,adjusted,channel,12291.305,nT
2026-03-21T19:58:00.000Z,CMO,X,adjusted,channel,12287.875,nT
2026-03-21T19:59:00.000Z,CMO,X,adjusted,channel,12281.471,nT
2026-03-21T20:00:00.000Z,CMO,X,adjusted,channel,12283.268,nT
2026-03-21T20:01:00.000Z,CMO,X,adjusted,channel,12292.868,nT
2026-03-21T20:02:00.000Z,CMO,X,adjusted,channel,12303.166,nT
2026-03-21T20:03:00.000Z,CMO,X,adjusted,channel,12317.329,nT
2026-03-21T20:04:00.000Z,CMO,X,adjusted,channel,12312.274,nT
2026-03-21T20:05:00.000Z,CMO,X,adjusted,channel,12254.908,nT
2026-03-21T20:06:00.000Z,CMO,X,adjusted,channel,12242.157,nT
2026-03-21T20:07:00.000Z,CMO,X,adjusted,channel,12263.783,nT
2026-03-21T20:08:00.000Z,CMO,X,adjusted,channel,12259.462,nT
2026-03-21T20:09:00.000Z,CMO,X,adjusted,channel,12278.468,nT
2026-03-21T20:10:00.000Z,CMO,X,adjusted,channel,12307.364,nT
2026-03-21T20:11:00.000Z,CMO,X,adjusted,channel,12296.219,nT
2026-03-21T20:12:00.000Z,CMO,X,adjusted,channel,12295.846,nT
2026-03-21T20:13:00.000Z,CMO,X,adjusted,channel,12309.083,nT
2026-03-21T20:14:00.000Z,CMO,X,adjusted,channel,12291.099,nT
2026-03-21T20:15:00.000Z,CMO,X,adjusted,channel,12269.953,nT
2026-03-21T20:16:00.000Z,CMO,X,adjusted,channel,12260.214,nT
2026-03-21T20:17:00.000Z,CMO,X,adjusted,channel,12251.256,nT
2026-03-21T20:18:00.000Z,CMO,X,adjusted,channel,12250.439,nT
2026-03-21T20:19:00.000Z,CMO,X,adjusted,channel,12254.175,nT
2026-03-21T20:20:00.000Z,CMO,X,adjusted,channel,12248.877,nT
2026-03-21T20:21:00.000Z,CMO,X,adjusted,channel,12232.044,nT
2026-03-21T20:22:00.000Z,CMO,X,adjusted,channel,12227.173,nT
2026-03-21T20:23:00.000Z,CMO,X,adjusted,channel,12230.088,nT
2026-03-21T20:24:00.000Z,CMO,X,adjusted,channel,12238.237,nT
2026-03-21T20:25:00.000Z,CMO,X,adjusted,channel,12250.38,nT
2026-03-21T20:26:00.000Z,CMO,X,adjusted,channel,12256.967,nT
2026-03-21T20:27:00.000Z,CMO,X,adjusted,channel,12263.368,nT
2026-03-21T20:28:00.000Z,CMO,X,adjusted,channel,12268.372,nT
2026-03-21T20:29:00.000Z,CMO,X,adjusted,channel,12269.669,nT
2026-03-21T20:30:00.000Z,CMO,X,adjusted,channel,12270.112,nT
2026-03-21T20:31:00.000Z,CMO,X,adjusted,channel,12272.823,nT
2026-03-21T20:32:00.000Z,CMO,X,adjusted,channel,12268.988,nT
2026-03-21T20:33:00.000Z,CMO,X,adjusted,channel,12258.929,nT
2026-03-21T20:34:00.000Z,CMO,X,adjusted,channel,12252.129,nT
2026-03-21T20:35:00.000Z,CMO,X,adjusted,channel,12246.651,nT
2026-03-21T20:36:00.000Z,CMO,X,adjusted,channel,12235.781,nT
2026-03-21T20:37:00.000Z,CMO,X,adjusted,channel,12230.053,nT
2026-03-21T20:38:00.000Z,CMO,X,adjusted,channel,12225.781,nT
2026-03-21T20:39:00.000Z,CMO,X,adjusted,channel,12227.201,nT
2026-03-21T20:40:00.000Z,CMO,X,adjusted,channel,12231.695,nT
2026-03-21T20:41:00.000Z,CMO,X,adjusted,channel,12222.027,nT
2026-03-21T20:42:00.000Z,CMO,X,adjusted,channel,12218.171,nT
2026-03-21T20:43:00.000Z,CMO,X,adjusted,channel,12217.585,nT
2026-03-21T20:44:00.000Z,CMO,X,adjusted,channel,12224.166,nT
2026-03-21T20:45:00.000Z,CMO,X,adjusted,channel,12232.135,nT
2026-03-21T20:46:00.000Z,CMO,X,adjusted,channel,12233.34,nT
2026-03-21T20:47:00.000Z,CMO,X,adjusted,channel,12238.394,nT
2026-03-21T20:48:00.000Z,CMO,X,adjusted,channel,12245.572,nT
2026-03-21T20:49:00.000Z,CMO,X,adjusted,channel,12253.298,nT
2026-03-21T20:50:00.000Z,CMO,X,adjusted,channel,12257.011,nT
2026-03-21T20:51:00.000Z,CMO,X,adjusted,channel,12256.58,nT
2026-03-21T20:52:00.000Z,CMO,X,adjusted,channel,12251.605,nT
2026-03-21T20:53:00.000Z,CMO,X,adjusted,channel,12247.308,nT
2026-03-21T20:54:00.000Z,CMO,X,adjusted,channel,12247.329,nT
2026-03-21T20:55:00.000Z,CMO,X,adjusted,channel,12241.427,nT
2026-03-21T20:56:00.000Z,CMO,X,adjusted,channel,12247.174,nT
2026-03-21T20:57:00.000Z,CMO,X,adjusted,channel,12250.112,nT
2026-03-21T20:58:00.000Z,CMO,X,adjusted,channel,12243.996,nT
2026-03-21T20:59:00.000Z,CMO,X,adjusted,channel,12240.752,nT
2026-03-21T21:00:00.000Z,CMO,X,adjusted,channel,12236.225,nT
2026-03-21T21:01:00.000Z,CMO,X,adjusted,channel,12233.08,nT
2026-03-21T21:02:00.000Z,CMO,X,adjusted,channel,12235.091,nT
2026-03-21T21:03:00.000Z,CMO,X,adjusted,channel,12236.57,nT
2026-03-21T21:04:00.000Z,CMO,X,adjusted,channel,12238.189,nT
2026-03-21T21:05:00.000Z,CMO,X,adjusted,channel,12235.933,nT
2026-03-21T21:06:00.000Z,CMO,X,adjusted,channel,12233.308,nT
2026-03-21T21:07:00.000Z,CMO,X,adjusted,channel,12234.944,nT
2026-03-21T21:08:00.000Z,CMO,X,adjusted,channel,12227.131,nT
2026-03-21T21:09:00.000Z,CMO,X,adjusted,channel,12235.796,nT
2026-03-21T21:10:00.000Z,CMO,X,adjusted,channel,12250.147,nT
2026-03-21T21:11:00.000Z,CMO,X,adjusted,channel,12233.463,nT
2026-03-21T21:12:00.000Z,CMO,X,adjusted,channel,12217.706,nT
2026-03-21T21:13:00.000Z,CMO,X,adjusted,channel,12224.404,nT
2026-03-21T21:14:00.000Z,CMO,X,adjusted,channel,12224.373,nT
2026-03-21T21:15:00.000Z,CMO,X,adjusted,channel,12224.549,nT
2026-03-21T21:16:00.000Z,CMO,X,adjusted,channel,12227.854,nT
2026-03-21T21:17:00.000Z,CMO,X,adjusted,channel,12224.92,nT
2026-03-21T21:18:00.000Z,CMO,X,adjusted,channel,12220.719,nT
2026-03-21T21:19:00.000Z,CMO,X,adjusted,channel,12221.702,nT
2026-03-21T21:20:00.000Z,CMO,X,adjusted,channel,12224.312,nT
2026-03-21T21:21:00.000Z,CMO,X,adjusted,channel,12223.649,nT
2026-03-21T21:22:00.000Z,CMO,X,adjusted,channel,12232.367,nT
2026-03-21T21:23:00.000Z,CMO,X,adjusted,channel,12239.634,nT
2026-03-21T21:24:00.000Z,CMO,X,adjusted,channel,12235.224,nT
2026-03-21T21:25:00.000Z,CMO,X,adjusted,channel,12236.583,nT
2026-03-21T21:26:00.000Z,CMO,X,adjusted,channel,12239.537,nT
2026-03-21T21:27:00.000Z,CMO,X,adjusted,channel,12241.066,nT
2026-03-21T21:28:00.000Z,CMO,X,adjusted,channel,12241.944,nT
2026-03-21T21:29:00.000Z,CMO,X,adjusted,channel,12236.895,nT
2026-03-21T21:30:00.000Z,CMO,X,adjusted,channel,12235.319,nT
2026-03-21T21:31:00.000Z,CMO,X,adjusted,channel,12239.367,nT
2026-03-21T21:32:00.000Z,CMO,X,adjusted,channel,12242.73,nT
2026-03-21T21:33:00.000Z,CMO,X,adjusted,channel,12245.382,nT
2026-03-21T21:34:00.000Z,CMO,X,adjusted,channel,12250.946,nT
2026-03-21T21:35:00.000Z,CMO,X,adjusted,channel,12255.432,nT
2026-03-21T21:36:00.000Z,CMO,X,adjusted,channel,12261.806,nT
2026-03-21T21:37:00.000Z,CMO,X,adjusted,channel,12270.302,nT
2026-03-21T21:38:00.000Z,CMO,X,adjusted,channel,12271.054,nT
2026-03-21T21:39:00.000Z,CMO,X,adjusted,channel,12273.841,nT
2026-03-21T21:40:00.000Z,CMO,X,adjusted,channel,12279.609,nT
2026-03-21T21:41:00.000Z,CMO,X,adjusted,channel,12287.888,nT
2026-03-21T21:42:00.000Z,CMO,X,adjusted,channel,12286.669,nT
2026-03-21T21:43:00.000Z,CMO,X,adjusted,channel,12274.004,nT
2026-03-21T21:44:00.000Z,CMO,X,adjusted,channel,12274.777,nT
2026-03-21T21:45:00.000Z,CMO,X,adjusted,channel,12285.551,nT
2026-03-21T21:46:00.000Z,CMO,X,adjusted,channel,12277.811,nT
2026-03-21T21:47:00.000Z,CMO,X,adjusted,channel,12275.824,nT
2026-03-21T21:48:00.000Z,CMO,X,adjusted,channel,12285.804,nT
2026-03-21T21:49:00.000Z,CMO,X,adjusted,channel,12290.176,nT
2026-03-21T21:50:00.000Z,CMO,X,adjusted,channel,12288.552,nT
2026-03-21T21:51:00.000Z,CMO,X,adjusted,channel,12284.297,nT
2026-03-21T21:52:00.000Z,CMO,X,adjusted,channel,12287.961,nT
2026-03-21T21:53:00.000Z,CMO,X,adjusted,channel,12285.244,nT
2026-03-21T21:54:00.000Z,CMO,X,adjusted,channel,12276.193,nT
2026-03-21T21:55:00.000Z,CMO,X,adjusted,channel,12275.008,nT
2026-03-21T21:56:00.000Z,CMO,X,adjusted,channel,12275.643,nT
2026-03-21T21:57:00.000Z,CMO,X,adjusted,channel,12275.432,nT
2026-03-21T21:58:00.000Z,CMO,X,adjusted,channel,12269.465,nT
2026-03-21T21:59:00.000Z,CMO,X,adjusted,channel,12266.628,nT
2026-03-21T22:00:00.000Z,CMO,X,adjusted,channel,12271.005,nT
2026-03-21T22:01:00.000Z,CMO,X,adjusted,channel,12268.994,nT
2026-03-21T22:02:00.000Z,CMO,X,adjusted,channel,12273.913,nT
2026-03-21T22:03:00.000Z,CMO,X,adjusted,channel,12287.013,nT
2026-03-21T22:04:00.000Z,CMO,X,adjusted,channel,12289.16,nT
2026-03-21T22:05:00.000Z,CMO,X,adjusted,channel,12279.866,nT
2026-03-21T22:06:00.000Z,CMO,X,adjusted,channel,12273.737,nT
2026-03-21T22:07:00.000Z,CMO,X,adjusted,channel,12274.109,nT
2026-03-21T22:08:00.000Z,CMO,X,adjusted,channel,12278.358,nT
2026-03-21T22:09:00.000Z,CMO,X,adjusted,channel,12282.684,nT
2026-03-21T22:10:00.000Z,CMO,X,adjusted,channel,12274.727,nT
2026-03-21T22:11:00.000Z,CMO,X,adjusted,channel,12268.659,nT
2026-03-21T22:12:00.000Z,CMO,X,adjusted,channel,12268.767,nT
2026-03-21T22:13:00.000Z,CMO,X,adjusted,channel,12265.289,nT
2026-03-21T22:14:00.000Z,CMO,X,adjusted,channel,12260.367,nT
2026-03-21T22:15:00.000Z,CMO,X,adjusted,channel,12264.961,nT
2026-03-21T22:16:00.000Z,CMO,X,adjusted,channel,12269.135,nT
2026-03-21T22:17:00.000Z,CMO,X,adjusted,channel,12272.425,nT
2026-03-21T22:18:00.000Z,CMO,X,adjusted,channel,12271.261,nT
2026-03-21T22:19:00.000Z,CMO,X,adjusted,channel,12270.038,nT
2026-03-21T22:20:00.000Z,CMO,X,adjusted,channel,12268.967,nT
2026-03-21T22:21:00.000Z,CMO,X,adjusted,channel,12272.236,nT
2026-03-21T22:22:00.000Z,CMO,X,adjusted,channel,12282.282,nT
2026-03-21T22:23:00.000Z,CMO,X,adjusted,channel,12279.024,nT
2026-03-21T22:24:00.000Z,CMO,X,adjusted,channel,12268.931,nT
2026-03-21T22:25:00.000Z,CMO,X,adjusted,channel,12268.423,nT
2026-03-21T22:26:00.000Z,CMO,X,adjusted,channel,12270.54,nT
2026-03-21T22:27:00.000Z,CMO,X,adjusted,channel,12272.439,nT
2026-03-21T22:28:00.000Z,CMO,X,adjusted,channel,12271.51,nT
2026-03-21T22:29:00.000Z,CMO,X,adjusted,channel,12269.449,nT
2026-03-21T22:30:00.000Z,CMO,X,adjusted,channel,12271.641,nT
2026-03-21T22:31:00.000Z,CMO,X,adjusted,channel,12273.115,nT
2026-03-21T22:32:00.000Z,CMO,X,adjusted,channel,12280.486,nT
2026-03-21T22:33:00.000Z,CMO,X,adjusted,channel,12283.412,nT
2026-03-21T22:34:00.000Z,CMO,X,adjusted,channel,12278.631,nT
2026-03-21T22:35:00.000Z,CMO,X,adjusted,channel,12274.951,nT
2026-03-21T22:36:00.000Z,CMO,X,adjusted,channel,12271.454,nT
2026-03-21T22:37:00.000Z,CMO,X,adjusted,channel,12269.191,nT
2026-03-21T22:38:00.000Z,CMO,X,adjusted,channel,12272.365,nT
2026-03-21T22:39:00.000Z,CMO,X,adjusted,channel,12274.233,nT
2026-03-21T22:40:00.000Z,CMO,X,adjusted,channel,12269.544,nT
2026-03-21T22:41:00.000Z,CMO,X,adjusted,channel,12267.026,nT
2026-03-21T22:42:00.000Z,CMO,X,adjusted,channel,12269.4,nT
2026-03-21T22:43:00.000Z,CMO,X,adjusted,channel,12274.96,nT
2026-03-21T22:44:00.000Z,CMO,X,adjusted,channel,12282.329,nT
2026-03-21T22:45:00.000Z,CMO,X,adjusted,channel,12285.809,nT
2026-03-21T22:46:00.000Z,CMO,X,adjusted,channel,12281.674,nT
2026-03-21T22:47:00.000Z,CMO,X,adjusted,channel,12278.602,nT
2026-03-21T22:48:00.000Z,CMO,X,adjusted,channel,12280.779,nT
2026-03-21T22:49:00.000Z,CMO,X,adjusted,channel,12283.994,nT
2026-03-21T22:50:00.000Z,CMO,X,adjusted,channel,12285.206,nT
2026-03-21T22:51:00.000Z,CMO,X,adjusted,channel,12284.734,nT
2026-03-21T22:52:00.000Z,CMO,X,adjusted,channel,12283.724,nT
2026-03-21T22:53:00.000Z,CMO,X,adjusted,channel,12286.625,nT
2026-03-21T22:54:00.000Z,CMO,X,adjusted,channel,12293.209,nT
2026-03-21T22:55:00.000Z,CMO,X,adjusted,channel,12297.015,nT
2026-03-21T22:56:00.000Z,CMO,X,adjusted,channel,12294.124,nT
2026-03-21T22:57:00.000Z,CMO,X,adjusted,channel,12294.869,nT
2026-03-21T22:58:00.000Z,CMO,X,adjusted,channel,12304.928,nT
2026-03-21T22:59:00.000Z,CMO,X,adjusted,channel,12313.989,nT
2026-03-21T23:00:00.000Z,CMO,X,adjusted,channel,12309.382,nT
2026-03-21T23:01:00.000Z,CMO,X,adjusted,channel,12292.176,nT
2026-03-21T23:02:00.000Z,CMO,X,adjusted,channel,12281.043,nT
2026-03-21T23:03:00.000Z,CMO,X,adjusted,channel,12284.449,nT
2026-03-21T23:04:00.000Z,CMO,X,adjusted,channel,12290.738,nT
2026-03-21T23:05:00.000Z,CMO,X,adjusted,channel,12291.295,nT
2026-03-21T23:06:00.000Z,CMO,X,adjusted,channel,12285.446,nT
2026-03-21T23:07:00.000Z,CMO,X,adjusted,channel,12282.632,nT
2026-03-21T23:08:00.000Z,CMO,X,adjusted,channel,12283.865,nT
2026-03-21T23:09:00.000Z,CMO,X,adjusted,channel,12285.867,nT
2026-03-21T23:10:00.000Z,CMO,X,adjusted,channel,12285.18,nT
2026-03-21T23:11:00.000Z,CMO,X,adjusted,channel,12284.869,nT
2026-03-21T23:12:00.000Z,CMO,X,adjusted,channel,12286.295,nT
2026-03-21T23:13:00.000Z,CMO,X,adjusted,channel,12289.782,nT
2026-03-21T23:14:00.000Z,CMO,X,adjusted,channel,12291.815,nT
2026-03-21T23:15:00.000Z,CMO,X,adjusted,channel,12289.415,nT
2026-03-21T23:16:00.000Z,CMO,X,adjusted,channel,12289.876,nT
2026-03-21T23:17:00.000Z,CMO,X,adjusted,channel,12295.427,nT
2026-03-21T23:18:00.000Z,CMO,X,adjusted,channel,12299.386,nT
2026-03-21T23:19:00.000Z,CMO,X,adjusted,channel,12294.514,nT
2026-03-21T23:20:00.000Z,CMO,X,adjusted,channel,12287.151,nT
2026-03-21T23:21:00.000Z,CMO,X,adjusted,channel,12283.859,nT
2026-03-21T23:22:00.000Z,CMO,X,adjusted,channel,12285.283,nT
2026-03-21T23:23:00.000Z,CMO,X,adjusted,channel,12282.982,nT
2026-03-21T23:24:00.000Z,CMO,X,adjusted,channel,12282.378,nT
2026-03-21T23:25:00.000Z,CMO,X,adjusted,channel,12287.352,nT
2026-03-21T23:26:00.000Z,CMO,X,adjusted,channel,12289.565,nT
2026-03-21T23:27:00.000Z,CMO,X,adjusted,channel,12289.108,nT
2026-03-21T23:28:00.000Z,CMO,X,adjusted,channel,12286.53,nT
2026-03-21T23:29:00.000Z,CMO,X,adjusted,channel,12285.117,nT
2026-03-21T23:30:00.000Z,CMO,X,adjusted,channel,12290.369,nT
2026-03-21T23:31:00.000Z,CMO,X,adjusted,channel,12289.09,nT
2026-03-21T23:32:00.000Z,CMO,X,adjusted,channel,12288.75,nT
2026-03-21T23:33:00.000Z,CMO,X,adjusted,channel,12288.603,nT
2026-03-21T23:34:00.000Z,CMO,X,adjusted,channel,12291.753,nT
2026-03-21T23:35:00.000Z,CMO,X,adjusted,channel,12290.577,nT
2026-03-21T23:36:00.000Z,CMO,X,adjusted,channel,12288.372,nT
2026-03-21T23:37:00.000Z,CMO,X,adjusted,channel,12288.596,nT
2026-03-21T23:38:00.000Z,CMO,X,adjusted,channel,12287.914,nT
2026-03-21T23:39:00.000Z,CMO,X,adjusted,channel,12286.579,nT
2026-03-21T23:40:00.000Z,CMO,X,adjusted,channel,12280.108,nT
2026-03-21T23:41:00.000Z,CMO,X,adjusted,channel,12278.285,nT
2026-03-21T23:42:00.000Z,CMO,X,adjusted,channel,12285.087,nT
2026-03-21T23:43:00.000Z,CMO,X,adjusted,channel,12286.213,nT
2026-03-21T23:44:00.000Z,CMO,X,adjusted,channel,12283.898,nT
2026-03-21T23:45:00.000Z,CMO,X,adjusted,channel,12293.16,nT
2026-03-21T23:46:00.000Z,CMO,X,adjusted,channel,12297.21,nT
2026-03-21T23:47:00.000Z,CMO,X,adjusted,channel,12297.058,nT
2026-03-21T23:48:00.000Z,CMO,X,adjusted,channel,12302.33,nT
2026-03-21T23:49:00.000Z,CMO,X,adjusted,channel,12310.447,nT
2026-03-21T23:50:00.000Z,CMO,X,adjusted,channel,12308.918,nT
2026-03-21T23:51:00.000Z,CMO,X,adjusted,channel,12307.938,nT
2026-03-21T23:52:00.000Z,CMO,X,adjusted,channel,12314.546,nT
2026-03-21T23:53:00.000Z,CMO,X,adjusted,channel,12318.649,nT
2026-03-21T23:54:00.000Z,CMO,X,adjusted,channel,12324.845,nT
2026-03-21T23:55:00.000Z,CMO,X,adjusted,channel,12330.715,nT
2026-03-21T23:56:00.000Z,CMO,X,adjusted,channel,12331.561,nT
2026-03-21T23:57:00.000Z,CMO,X,adjusted,channel,12327.082,nT
2026-03-21T23:58:00.000Z,CMO,X,adjusted,channel,12327.721,nT
2026-03-21T23:59:00.000Z,CMO,X,adjusted,channel,12331.384,nT
2026-03-22T00:00:00.000Z,CMO,X,adjusted,channel,12330.393,nT
2026-03-22T00:01:00.000Z,CMO,X,adjusted,channel,12329.569,nT
2026-03-22T00:02:00.000Z,CMO,X,adjusted,channel,12330.916,nT
2026-03-22T00:03:00.000Z,CMO,X,adjusted,channel,12332.455,nT
2026-03-22T00:04:00.000Z,CMO,X,adjusted,channel,12336.357,nT
2026-03-22T00:05:00.000Z,CMO,X,adjusted,channel,12336.679,nT
2026-03-22T00:06:00.000Z,CMO,X,adjusted,channel,12334.753,nT
2026-03-22T00:07:00.000Z,CMO,X,adjusted,channel,12335.333,nT
2026-03-22T00:08:00.000Z,CMO,X,adjusted,channel,12328.894,nT
2026-03-22T00:09:00.000Z,CMO,X,adjusted,channel,12329.453,nT
2026-03-22T00:10:00.000Z,CMO,X,adjusted,channel,12330.727,nT
2026-03-22T00:11:00.000Z,CMO,X,adjusted,channel,12323.813,nT
2026-03-22T00:12:00.000Z,CMO,X,adjusted,channel,12321.674,nT
2026-03-22T00:13:00.000Z,CMO,X,adjusted,channel,12323.075,nT
2026-03-22T00:14:00.000Z,CMO,X,adjusted,channel,12316.269,nT
2026-03-22T00:15:00.000Z,CMO,X,adjusted,channel,12306.485,nT
2026-03-22T00:16:00.000Z,CMO,X,adjusted,channel,12301.685,nT
2026-03-22T00:17:00.000Z,CMO,X,adjusted,channel,12297.293,nT
2026-03-22T00:18:00.000Z,CMO,X,adjusted,channel,12287.174,nT
2026-03-22T00:19:00.000Z,CMO,X,adjusted,channel,12278.16,nT
2026-03-22T00:20:00.000Z,CMO,X,adjusted,channel,12272.245,nT
2026-03-22T00:21:00.000Z,CMO,X,adjusted,channel,12272.103,nT
2026-03-22T00:22:00.000Z,CMO,X,adjusted,channel,12272.399,nT
2026-03-22T00:23:00.000Z,CMO,X,adjusted,channel,12269.138,nT
2026-03-22T00:24:00.000Z,CMO,X,adjusted,channel,12265.085,nT
2026-03-22T00:25:00.000Z,CMO,X,adjusted,channel,12267.895,nT
2026-03-22T00:26:00.000Z,CMO,X,adjusted,channel,12273.762,nT
2026-03-22T00:27:00.000Z,CMO,X,adjusted,channel,12276.15,nT
2026-03-22T00:28:00.000Z,CMO,X,adjusted,channel,12276.49,nT
2026-03-22T00:29:00.000Z,CMO,X,adjusted,channel,12282.562,nT
2026-03-22T00:30:00.000Z,CMO,X,adjusted,channel,12292.625,nT
2026-03-22T00:31:00.000Z,CMO,X,adjusted,channel,12300.075,nT
2026-03-22T00:32:00.000Z,CMO,X,adjusted,channel,12303.36,nT
2026-03-22T00:33:00.000Z,CMO,X,adjusted,channel,12305.72,nT
2026-03-22T00:34:00.000Z,CMO,X,adjusted,channel,12312.8,nT
2026-03-22T00:35:00.000Z,CMO,X,adjusted,channel,12316.026,nT
2026-03-22T00:36:00.000Z,CMO,X,adjusted,channel,12316.757,nT
2026-03-22T00:37:00.000Z,CMO,X,adjusted,channel,12318.884,nT
2026-03-22T00:38:00.000Z,CMO,X,adjusted,channel,12322.351,nT
2026-03-22T00:39:00.000Z,CMO,X,adjusted,channel,12326.446,nT
2026-03-22T00:40:00.000Z,CMO,X,adjusted,channel,12322.484,nT
2026-03-22T00:41:00.000Z,CMO,X,adjusted,channel,12317.593,nT
2026-03-22T00:42:00.000Z,CMO,X,adjusted,channel,12327.3,nT
2026-03-22T00:43:00.000Z,CMO,X,adjusted,channel,12331.12,nT
2026-03-22T00:44:00.000Z,CMO,X,adjusted,channel,12319.715,nT
2026-03-22T00:45:00.000Z,CMO,X,adjusted,channel,12316.797,nT
2026-03-22T00:46:00.000Z,CMO,X,adjusted,channel,12323.988,nT
2026-03-22T00:47:00.000Z,CMO,X,adjusted,channel,12328.614,nT
2026-03-22T00:48:00.000Z,CMO,X,adjusted,channel,12318.5,nT
2026-03-22T00:49:00.000Z,CMO,X,adjusted,channel,12312.486,nT
2026-03-22T00:50:00.000Z,CMO,X,adjusted,channel,12311.312,nT
2026-03-22T00:51:00.000Z,CMO,X,adjusted,channel,12313.739,nT
2026-03-22T00:52:00.000Z,CMO,X,adjusted,channel,12311.307,nT
2026-03-22T00:53:00.000Z,CMO,X,adjusted,channel,12309.825,nT
2026-03-22T00:54:00.000Z,CMO,X,adjusted,channel,12318.171,nT
2026-03-22T00:55:00.000Z,CMO,X,adjusted,channel,12315.125,nT
2026-03-22T00:56:00.000Z,CMO,X,adjusted,channel,12308.051,nT
2026-03-22T00:57:00.000Z,CMO,X,adjusted,channel,12305.494,nT
2026-03-22T00:58:00.000Z,CMO,X,adjusted,channel,12305.386,nT
2026-03-22T00:59:00.000Z,CMO,X,adjusted,channel,12304.344,nT
2026-03-22T01:00:00.000Z,CMO,X,adjusted,channel,12303.32,nT
2026-03-22T01:01:00.000Z,CMO,X,adjusted,channel,12308.286,nT
2026-03-22T01:02:00.000Z,CMO,X,adjusted,channel,12312.172,nT
2026-03-22T01:03:00.000Z,CMO,X,adjusted,channel,12310.413,nT
2026-03-22T01:04:00.000Z,CMO,X,adjusted,channel,12310.984,nT
2026-03-22T01:05:00.000Z,CMO,X,adjusted,channel,12312.28,nT
2026-03-22T01:06:00.000Z,CMO,X,adjusted,channel,12306.489,nT
2026-03-22T01:07:00.000Z,CMO,X,adjusted,channel,12304.394,nT
2026-03-22T01:08:00.000Z,CMO,X,adjusted,channel,12297.261,nT
2026-03-22T01:09:00.000Z,CMO,X,adjusted,channel,12295.845,nT
2026-03-22T01:10:00.000Z,CMO,X,adjusted,channel,12293.153,nT
2026-03-22T01:11:00.000Z,CMO,X,adjusted,channel,12293.978,nT
2026-03-22T01:12:00.000Z,CMO,X,adjusted,channel,12304.833,nT
2026-03-22T01:13:00.000Z,CMO,X,adjusted,channel,12313.565,nT
2026-03-22T01:14:00.000Z,CMO,X,adjusted,channel,12307.111,nT
2026-03-22T01:15:00.000Z,CMO,X,adjusted,channel,12308.098,nT
2026-03-22T01:16:00.000Z,CMO,X,adjusted,channel,12317.225,nT
2026-03-22T01:17:00.000Z,CMO,X,adjusted,channel,12314.56,nT
2026-03-22T01:18:00.000Z,CMO,X,adjusted,channel,12304.399,nT
2026-03-22T01:19:00.000Z,CMO,X,adjusted,channel,12303.803,nT
2026-03-22T01:20:00.000Z,CMO,X,adjusted,channel,12297.718,nT
2026-03-22T01:21:00.000Z,CMO,X,adjusted,channel,12287.31,nT
2026-03-22T01:22:00.000Z,CMO,X,adjusted,channel,12284.659,nT
2026-03-22T01:23:00.000Z,CMO,X,adjusted,channel,12289.914,nT
2026-03-22T01:24:00.000Z,CMO,X,adjusted,channel,12289.539,nT
2026-03-22T01:25:00.000Z,CMO,X,adjusted,channel,12285.38,nT
2026-03-22T01:26:00.000Z,CMO,X,adjusted,channel,12285.499,nT
2026-03-22T01:27:00.000Z,CMO,X,adjusted,channel,12296.158,nT
2026-03-22T01:28:00.000Z,CMO,X,adjusted,channel,12304.403,nT
2026-03-22T01:29:00.000Z,CMO,X,adjusted,channel,12298.894,nT
2026-03-22T01:30:00.000Z,CMO,X,adjusted,channel,12300.617,nT
2026-03-22T01:31:00.000Z,CMO,X,adjusted,channel,12314.662,nT
2026-03-22T01:32:00.000Z,CMO,X,adjusted,channel,12313.437,nT
2026-03-22T01:33:00.000Z,CMO,X,adjusted,channel,12314.327,nT
2026-03-22T01:34:00.000Z,CMO,X,adjusted,channel,12323.343,nT
2026-03-22T01:35:00.000Z,CMO,X,adjusted,channel,12324.155,nT
2026-03-22T01:36:00.000Z,CMO,X,adjusted,channel,12334.371,nT
2026-03-22T01:37:00.000Z,CMO,X,adjusted,channel,12350.768,nT
2026-03-22T01:38:00.000Z,CMO,X,adjusted,channel,12357.31,nT
2026-03-22T01:39:00.000Z,CMO,X,adjusted,channel,12368.906,nT
2026-03-22T01:40:00.000Z,CMO,X,adjusted,channel,12378.225,nT
2026-03-22T01:41:00.000Z,CMO,X,adjusted,channel,12372.519,nT
2026-03-22T01:42:00.000Z,CMO,X,adjusted,channel,12369.864,nT
2026-03-22T01:43:00.000Z,CMO,X,adjusted,channel,12371.757,nT
2026-03-22T01:44:00.000Z,CMO,X,adjusted,channel,12364.571,nT
2026-03-22T01:45:00.000Z,CMO,X,adjusted,channel,12351.923,nT
2026-03-22T01:46:00.000Z,CMO,X,adjusted,channel,12338.933,nT
2026-03-22T01:47:00.000Z,CMO,X,adjusted,channel,12330.665,nT
2026-03-22T01:48:00.000Z,CMO,X,adjusted,channel,12326.758,nT
2026-03-22T01:49:00.000Z,CMO,X,adjusted,channel,12330.558,nT
2026-03-22T01:50:00.000Z,CMO,X,adjusted,channel,12332.634,nT
2026-03-22T01:51:00.000Z,CMO,X,adjusted,channel,12321.665,nT
2026-03-22T01:52:00.000Z,CMO,X,adjusted,channel,12321.74,nT
2026-03-22T01:53:00.000Z,CMO,X,adjusted,channel,12330.389,nT
2026-03-22T01:54:00.000Z,CMO,X,adjusted,channel,12329.79,nT
2026-03-22T01:55:00.000Z,CMO,X,adjusted,channel,12329.719,nT
2026-03-22T01:56:00.000Z,CMO,X,adjusted,channel,12342.949,nT
2026-03-22T01:57:00.000Z,CMO,X,adjusted,channel,12361.027,nT
2026-03-22T01:58:00.000Z,CMO,X,adjusted,channel,12354.456,nT
2026-03-22T01:59:00.000Z,CMO,X,adjusted,channel,12338.135,nT
2026-03-22T02:00:00.000Z,CMO,X,adjusted,channel,12334.099,nT
2026-03-22T02:01:00.000Z,CMO,X,adjusted,channel,12340.599,nT
2026-03-22T02:02:00.000Z,CMO,X,adjusted,channel,12344.97,nT
2026-03-22T02:03:00.000Z,CMO,X,adjusted,channel,12341.516,nT
2026-03-22T02:04:00.000Z,CMO,X,adjusted,channel,12342.533,nT
2026-03-22T02:05:00.000Z,CMO,X,adjusted,channel,12346.6,nT
2026-03-22T02:06:00.000Z,CMO,X,adjusted,channel,12349.274,nT
2026-03-22T02:07:00.000Z,CMO,X,adjusted,channel,12349.111,nT
2026-03-22T02:08:00.000Z,CMO,X,adjusted,channel,12354.011,nT
2026-03-22T02:09:00.000Z,CMO,X,adjusted,channel,12359.628,nT
2026-03-22T02:10:00.000Z,CMO,X,adjusted,channel,12354.864,nT
2026-03-22T02:11:00.000Z,CMO,X,adjusted,channel,12338.595,nT
2026-03-22T02:12:00.000Z,CMO,X,adjusted,channel,12333.863,nT
2026-03-22T02:13:00.000Z,CMO,X,adjusted,channel,12344.417,nT
2026-03-22T02:14:00.000Z,CMO,X,adjusted,channel,12347.626,nT
2026-03-22T02:15:00.000Z,CMO,X,adjusted,channel,12332.008,nT
2026-03-22T02:16:00.000Z,CMO,X,adjusted,channel,12326.722,nT
2026-03-22T02:17:00.000Z,CMO,X,adjusted,channel,12337.708,nT
2026-03-22T02:18:00.000Z,CMO,X,adjusted,channel,12342.952,nT
2026-03-22T02:19:00.000Z,CMO,X,adjusted,channel,12348.505,nT
2026-03-22T02:20:00.000Z,CMO,X,adjusted,channel,12342.726,nT
2026-03-22T02:21:00.000Z,CMO,X,adjusted,channel,12340.526,nT
2026-03-22T02:22:00.000Z,CMO,X,adjusted,channel,12350.763,nT
2026-03-22T02:23:00.000Z,CMO,X,adjusted,channel,12342.419,nT
2026-03-22T02:24:00.000Z,CMO,X,adjusted,channel,12338.535,nT
2026-03-22T02:25:00.000Z,CMO,X,adjusted,channel,12347.169,nT
2026-03-22T02:26:00.000Z,CMO,X,adjusted,channel,12353.443,nT
2026-03-22T02:27:00.000Z,CMO,X,adjusted,channel,12354.053,nT
2026-03-22T02:28:00.000Z,CMO,X,adjusted,channel,12348.388,nT
2026-03-22T02:29:00.000Z,CMO,X,adjusted,channel,12347.212,nT
2026-03-22T02:30:00.000Z,CMO,X,adjusted,channel,12348.492,nT
2026-03-22T02:31:00.000Z,CMO,X,adjusted,channel,12349.202,nT
2026-03-22T02:32:00.000Z,CMO,X,adjusted,channel,12348.866,nT
2026-03-22T02:33:00.000Z,CMO,X,adjusted,channel,12358.116,nT
2026-03-22T02:34:00.000Z,CMO,X,adjusted,channel,12360.146,nT
2026-03-22T02:35:00.000Z,CMO,X,adjusted,channel,12365.933,nT
2026-03-22T02:36:00.000Z,CMO,X,adjusted,channel,12375.239,nT
2026-03-22T02:37:00.000Z,CMO,X,adjusted,channel,12381.615,nT
2026-03-22T02:38:00.000Z,CMO,X,adjusted,channel,12387.248,nT
2026-03-22T02:39:00.000Z,CMO,X,adjusted,channel,12393.353,nT
2026-03-22T02:40:00.000Z,CMO,X,adjusted,channel,12394.261,nT
2026-03-22T02:41:00.000Z,CMO,X,adjusted,channel,12392.915,nT
2026-03-22T02:42:00.000Z,CMO,X,adjusted,channel,12402.026,nT
2026-03-22T02:43:00.000Z,CMO,X,adjusted,channel,12410.548,nT
2026-03-22T02:44:00.000Z,CMO,X,adjusted,channel,12413.097,nT
2026-03-22T02:45:00.000Z,CMO,X,adjusted,channel,12411.184,nT
2026-03-22T02:46:00.000Z,CMO,X,adjusted,channel,12411.895,nT
2026-03-22T02:47:00.000Z,CMO,X,adjusted,channel,12405.752,nT
2026-03-22T02:48:00.000Z,CMO,X,adjusted,channel,12404.3,nT
2026-03-22T02:49:00.000Z,CMO,X,adjusted,channel,12402.358,nT
2026-03-22T02:50:00.000Z,CMO,X,adjusted,channel,12406.021,nT
2026-03-22T02:51:00.000Z,CMO,X,adjusted,channel,12405.447,nT
2026-03-22T02:52:00.000Z,CMO,X,adjusted,channel,12400.246,nT
2026-03-22T02:53:00.000Z,CMO,X,adjusted,channel,12395.721,nT
2026-03-22T02:54:00.000Z,CMO,X,adjusted,channel,12392.172,nT
2026-03-22T02:55:00.000Z,CMO,X,adjusted,channel,12396.791,nT
2026-03-22T02:56:00.000Z,CMO,X,adjusted,channel,12399.51,nT
2026-03-22T02:57:00.000Z,CMO,X,adjusted,channel,12400.699,nT
2026-03-22T02:58:00.000Z,CMO,X,adjusted,channel,12401.24,nT
2026-03-22T02:59:00.000Z,CMO,X,adjusted,channel,12390.633,nT
2026-03-22T03:00:00.000Z,CMO,X,adjusted,channel,12377.919,nT
2026-03-22T03:01:00.000Z,CMO,X,adjusted,channel,12372.138,nT
2026-03-22T03:02:00.000Z,CMO,X,adjusted,channel,12373.779,nT
2026-03-22T03:03:00.000Z,CMO,X,adjusted,channel,12372.476,nT
2026-03-22T03:04:00.000Z,CMO,X,adjusted,channel,12372.511,nT
2026-03-22T03:05:00.000Z,CMO,X,adjusted,channel,12367.518,nT
2026-03-22T03:06:00.000Z,CMO,X,adjusted,channel,12363.108,nT
2026-03-22T03:07:00.000Z,CMO,X,adjusted,channel,12362.077,nT
2026-03-22T03:08:00.000Z,CMO,X,adjusted,channel,12363.591,nT
2026-03-22T03:09:00.000Z,CMO,X,adjusted,channel,12368.818,nT
2026-03-22T03:10:00.000Z,CMO,X,adjusted,channel,12369.626,nT
2026-03-22T03:11:00.000Z,CMO,X,adjusted,channel,12366.668,nT
2026-03-22T03:12:00.000Z,CMO,X,adjusted,channel,12359.362,nT
2026-03-22T03:13:00.000Z,CMO,X,adjusted,channel,12352.476,nT
2026-03-22T03:14:00.000Z,CMO,X,adjusted,channel,12352.505,nT
2026-03-22T03:15:00.000Z,CMO,X,adjusted,channel,12357.449,nT
2026-03-22T03:16:00.000Z,CMO,X,adjusted,channel,12350.743,nT
2026-03-22T03:17:00.000Z,CMO,X,adjusted,channel,12341.521,nT
2026-03-22T03:18:00.000Z,CMO,X,adjusted,channel,12352.015,nT
2026-03-22T03:19:00.000Z,CMO,X,adjusted,channel,12355.537,nT
2026-03-22T03:20:00.000Z,CMO,X,adjusted,channel,12356.064,nT
2026-03-22T03:21:00.000Z,CMO,X,adjusted,channel,12359.429,nT
2026-03-22T03:22:00.000Z,CMO,X,adjusted,channel,12379.266,nT
2026-03-22T03:23:00.000Z,CMO,X,adjusted,channel,12416.738,nT
2026-03-22T03:24:00.000Z,CMO,X,adjusted,channel,12460.309,nT
2026-03-22T03:25:00.000Z,CMO,X,adjusted,channel,12525.49,nT
2026-03-22T03:26:00.000Z,CMO,X,adjusted,channel,12525.62,nT
2026-03-22T03:27:00.000Z,CMO,X,adjusted,channel,12559.941,nT
2026-03-22T03:28:00.000Z,CMO,X,adjusted,channel,12599.556,nT
2026-03-22T03:29:00.000Z,CMO,X,adjusted,channel,12544.601,nT
2026-03-22T03:30:00.000Z,CMO,X,adjusted,channel,12465.95,nT
2026-03-22T03:31:00.000Z,CMO,X,adjusted,channel,12425.342,nT
2026-03-22T03:32:00.000Z,CMO,X,adjusted,channel,12404.042,nT
2026-03-22T03:33:00.000Z,CMO,X,adjusted,channel,12377.293,nT
2026-03-22T03:34:00.000Z,CMO,X,adjusted,channel,12355.177,nT
2026-03-22T03:35:00.000Z,CMO,X,adjusted,channel,12350.984,nT
2026-03-22T03:36:00.000Z,CMO,X,adjusted,channel,12327.658,nT
2026-03-22T03:37:00.000Z,CMO,X,adjusted,channel,12332.377,nT
2026-03-22T03:38:00.000Z,CMO,X,adjusted,channel,12331.11,nT
2026-03-22T03:39:00.000Z,CMO,X,adjusted,channel,12328.142,nT
2026-03-22T03:40:00.000Z,CMO,X,adjusted,channel,12334.564,nT
2026-03-22T03:41:00.000Z,CMO,X,adjusted,channel,12344.125,nT
2026-03-22T03:42:00.000Z,CMO,X,adjusted,channel,12340.236,nT
2026-03-22T03:43:00.000Z,CMO,X,adjusted,channel,12328.302,nT
2026-03-22T03:44:00.000Z,CMO,X,adjusted,channel,12324.734,nT
2026-03-22T03:45:00.000Z,CMO,X,adjusted,channel,12319.963,nT
2026-03-22T03:46:00.000Z,CMO,X,adjusted,channel,12319.602,nT
2026-03-22T03:47:00.000Z,CMO,X,adjusted,channel,12311.14,nT
2026-03-22T03:48:00.000Z,CMO,X,adjusted,channel,12318.004,nT
2026-03-22T03:49:00.000Z,CMO,X,adjusted,channel,12324.473,nT
2026-03-22T03:50:00.000Z,CMO,X,adjusted,channel,12326.083,nT
2026-03-22T03:51:00.000Z,CMO,X,adjusted,channel,12315.58,nT
2026-03-22T03:52:00.000Z,CMO,X,adjusted,channel,12319.187,nT
2026-03-22T03:53:00.000Z,CMO,X,adjusted,channel,12319.825,nT
2026-03-22T03:54:00.000Z,CMO,X,adjusted,channel,12325.144,nT
2026-03-22T03:55:00.000Z,CMO,X,adjusted,channel,12322.892,nT
2026-03-22T03:56:00.000Z,CMO,X,adjusted,channel,12314.736,nT
2026-03-22T03:57:00.000Z,CMO,X,adjusted,channel,12301.771,nT
2026-03-22T03:58:00.000Z,CMO,X,adjusted,channel,12302.571,nT
2026-03-22T03:59:00.000Z,CMO,X,adjusted,channel,12310.954,nT
2026-03-22T04:00:00.000Z,CMO,X,adjusted,channel,12311.853,nT
2026-03-22T04:01:00.000Z,CMO,X,adjusted,channel,12316.921,nT
2026-03-22T04:02:00.000Z,CMO,X,adjusted,channel,12320.911,nT
2026-03-22T04:03:00.000Z,CMO,X,adjusted,channel,12325.864,nT
2026-03-22T04:04:00.000Z,CMO,X,adjusted,channel,12329.046,nT
2026-03-22T04:05:00.000Z,CMO,X,adjusted,channel,12329.439,nT
2026-03-22T04:06:00.000Z,CMO,X,adjusted,channel,12328.346,nT
2026-03-22T04:07:00.000Z,CMO,X,adjusted,channel,12327.046,nT
2026-03-22T04:08:00.000Z,CMO,X,adjusted,channel,12325.308,nT
2026-03-22T04:09:00.000Z,CMO,X,adjusted,channel,12322.734,nT
2026-03-22T04:10:00.000Z,CMO,X,adjusted,channel,12322.45,nT
2026-03-22T04:11:00.000Z,CMO,X,adjusted,channel,12324.163,nT
2026-03-22T04:12:00.000Z,CMO,X,adjusted,channel,12324.245,nT
2026-03-22T04:13:00.000Z,CMO,X,adjusted,channel,12321.8,nT
2026-03-22T04:14:00.000Z,CMO,X,adjusted,channel,12322.596,nT
2026-03-22T04:15:00.000Z,CMO,X,adjusted,channel,12324.763,nT
2026-03-22T04:16:00.000Z,CMO,X,adjusted,channel,12331.667,nT
2026-03-22T04:17:00.000Z,CMO,X,adjusted,channel,12335.165,nT
2026-03-22T04:18:00.000Z,CMO,X,adjusted,channel,12336.933,nT
2026-03-22T04:19:00.000Z,CMO,X,adjusted,channel,12340.748,nT
2026-03-22T04:20:00.000Z,CMO,X,adjusted,channel,12350.714,nT
2026-03-22T04:21:00.000Z,CMO,X,adjusted,channel,12360.35,nT
2026-03-22T04:22:00.000Z,CMO,X,adjusted,channel,12367.309,nT
2026-03-22T04:23:00.000Z,CMO,X,adjusted,channel,12374.061,nT
2026-03-22T04:24:00.000Z,CMO,X,adjusted,channel,12375.551,nT
2026-03-22T04:25:00.000Z,CMO,X,adjusted,channel,12378.962,nT
2026-03-22T04:26:00.000Z,CMO,X,adjusted,channel,12378.506,nT
2026-03-22T04:27:00.000Z,CMO,X,adjusted,channel,12375.453,nT
2026-03-22T04:28:00.000Z,CMO,X,adjusted,channel,12365.938,nT
2026-03-22T04:29:00.000Z,CMO,X,adjusted,channel,12350.903,nT
2026-03-22T04:30:00.000Z,CMO,X,adjusted,channel,12346.114,nT
2026-03-22T04:31:00.000Z,CMO,X,adjusted,channel,12342.368,nT
2026-03-22T04:32:00.000Z,CMO,X,adjusted,channel,12343.24,nT
2026-03-22T04:33:00.000Z,CMO,X,adjusted,channel,12355.426,nT
2026-03-22T04:34:00.000Z,CMO,X,adjusted,channel,12364.304,nT
2026-03-22T04:35:00.000Z,CMO,X,adjusted,channel,12363.508,nT
2026-03-22T04:36:00.000Z,CMO,X,adjusted,channel,12354.183,nT
2026-03-22T04:37:00.000Z,CMO,X,adjusted,channel,12345.919,nT
2026-03-22T04:38:00.000Z,CMO,X,adjusted,channel,12343.685,nT
2026-03-22T04:39:00.000Z,CMO,X,adjusted,channel,12352.674,nT
2026-03-22T04:40:00.000Z,CMO,X,adjusted,channel,12357.972,nT
2026-03-22T04:41:00.000Z,CMO,X,adjusted,channel,12355.7,nT
2026-03-22T04:42:00.000Z,CMO,X,adjusted,channel,12346.975,nT
2026-03-22T04:43:00.000Z,CMO,X,adjusted,channel,12341.548,nT
2026-03-22T04:44:00.000Z,CMO,X,adjusted,channel,12339.078,nT
2026-03-22T04:45:00.000Z,CMO,X,adjusted,channel,12338.194,nT
2026-03-22T04:46:00.000Z,CMO,X,adjusted,channel,12344.691,nT
2026-03-22T04:47:00.000Z,CMO,X,adjusted,channel,12352.425,nT
2026-03-22T04:48:00.000Z,CMO,X,adjusted,channel,12354.289,nT
2026-03-22T04:49:00.000Z,CMO,X,adjusted,channel,12349.78,nT
2026-03-22T04:50:00.000Z,CMO,X,adjusted,channel,12351.332,nT
2026-03-22T04:51:00.000Z,CMO,X,adjusted,channel,12348.644,nT
2026-03-22T04:52:00.000Z,CMO,X,adjusted,channel,12355.509,nT
2026-03-22T04:53:00.000Z,CMO,X,adjusted,channel,12363.534,nT
2026-03-22T04:54:00.000Z,CMO,X,adjusted,channel,12363.467,nT
2026-03-22T04:55:00.000Z,CMO,X,adjusted,channel,12360.649,nT
2026-03-22T04:56:00.000Z,CMO,X,adjusted,channel,12363.719,nT
2026-03-22T04:57:00.000Z,CMO,X,adjusted,channel,12361.116,nT
2026-03-22T04:58:00.000Z,CMO,X,adjusted,channel,12365.404,nT
2026-03-22T04:59:00.000Z,CMO,X,adjusted,channel,12364.515,nT
2026-03-22T05:00:00.000Z,CMO,X,adjusted,channel,12357.694,nT
2026-03-22T05:01:00.000Z,CMO,X,adjusted,channel,12355.255,nT
2026-03-22T05:02:00.000Z,CMO,X,adjusted,channel,12361.047,nT
2026-03-22T05:03:00.000Z,CMO,X,adjusted,channel,12366.434,nT
2026-03-22T05:04:00.000Z,CMO,X,adjusted,channel,12366.943,nT
2026-03-22T05:05:00.000Z,CMO,X,adjusted,channel,12367.133,nT
2026-03-22T05:06:00.000Z,CMO,X,adjusted,channel,12370.026,nT
2026-03-22T05:07:00.000Z,CMO,X,adjusted,channel,12374.502,nT
2026-03-22T05:08:00.000Z,CMO,X,adjusted,channel,12371.967,nT
2026-03-22T05:09:00.000Z,CMO,X,adjusted,channel,12376.992,nT
2026-03-22T05:10:00.000Z,CMO,X,adjusted,channel,12372.598,nT
2026-03-22T05:11:00.000Z,CMO,X,adjusted,channel,12369.348,nT
2026-03-22T05:12:00.000Z,CMO,X,adjusted,channel,12383.894,nT
2026-03-22T05:13:00.000Z,CMO,X,adjusted,channel,12391.725,nT
2026-03-22T05:14:00.000Z,CMO,X,adjusted,channel,12390.847,nT
2026-03-22T05:15:00.000Z,CMO,X,adjusted,channel,12402.575,nT
2026-03-22T05:16:00.000Z,CMO,X,adjusted,channel,12407.828,nT
2026-03-22T05:17:00.000Z,CMO,X,adjusted,channel,12401.286,nT
2026-03-22T05:18:00.000Z,CMO,X,adjusted,channel,12397.46,nT
2026-03-22T05:19:00.000Z,CMO,X,adjusted,channel,12401.082,nT
2026-03-22T05:20:00.000Z,CMO,X,adjusted,channel,12406.939,nT
2026-03-22T05:21:00.000Z,CMO,X,adjusted,channel,12411.455,nT
2026-03-22T05:22:00.000Z,CMO,X,adjusted,channel,12407.83,nT
2026-03-22T05:23:00.000Z,CMO,X,adjusted,channel,12407.184,nT
2026-03-22T05:24:00.000Z,CMO,X,adjusted,channel,12393.644,nT
2026-03-22T05:25:00.000Z,CMO,X,adjusted,channel,12376.748,nT
2026-03-22T05:26:00.000Z,CMO,X,adjusted,channel,12380.743,nT
2026-03-22T05:27:00.000Z,CMO,X,adjusted,channel,12381.941,nT
2026-03-22T05:28:00.000Z,CMO,X,adjusted,channel,12384.378,nT
2026-03-22T05:29:00.000Z,CMO,X,adjusted,channel,12389.238,nT
2026-03-22T05:30:00.000Z,CMO,X,adjusted,channel,12382.847,nT
2026-03-22T05:31:00.000Z,CMO,X,adjusted,channel,12365.492,nT
2026-03-22T05:32:00.000Z,CMO,X,adjusted,channel,12359.178,nT
2026-03-22T05:33:00.000Z,CMO,X,adjusted,channel,12350.463,nT
2026-03-22T05:34:00.000Z,CMO,X,adjusted,channel,12341.172,nT
2026-03-22T05:35:00.000Z,CMO,X,adjusted,channel,12340.788,nT
2026-03-22T05:36:00.000Z,CMO,X,adjusted,channel,12332.843,nT
2026-03-22T05:37:00.000Z,CMO,X,adjusted,channel,12326.555,nT
2026-03-22T05:38:00.000Z,CMO,X,adjusted,channel,12333.803,nT
2026-03-22T05:39:00.000Z,CMO,X,adjusted,channel,12332.482,nT
2026-03-22T05:40:00.000Z,CMO,X,adjusted,channel,12334.154,nT
2026-03-22T05:41:00.000Z,CMO,X,adjusted,channel,12338.757,nT
2026-03-22T05:42:00.000Z,CMO,X,adjusted,channel,12345.593,nT
2026-03-22T05:43:00.000Z,CMO,X,adjusted,channel,12346.144,nT
2026-03-22T05:44:00.000Z,CMO,X,adjusted,channel,12345.936,nT
2026-03-22T05:45:00.000Z,CMO,X,adjusted,channel,12345.204,nT
2026-03-22T05:46:00.000Z,CMO,X,adjusted,channel,12351.851,nT
2026-03-22T05:47:00.000Z,CMO,X,adjusted,channel,12360.355,nT
2026-03-22T05:48:00.000Z,CMO,X,adjusted,channel,12371.387,nT
2026-03-22T05:49:00.000Z,CMO,X,adjusted,channel,12378.18,nT
2026-03-22T05:50:00.000Z,CMO,X,adjusted,channel,12372.371,nT
2026-03-22T05:51:00.000Z,CMO,X,adjusted,channel,12372.492,nT
2026-03-22T05:52:00.000Z,CMO,X,adjusted,channel,12382.383,nT
2026-03-22T05:53:00.000Z,CMO,X,adjusted,channel,12395.793,nT
2026-03-22T05:54:00.000Z,CMO,X,adjusted,channel,12405.396,nT
2026-03-22T05:55:00.000Z,CMO,X,adjusted,channel,12402.402,nT
2026-03-22T05:56:00.000Z,CMO,X,adjusted,channel,12393.946,nT
2026-03-22T05:57:00.000Z,CMO,X,adjusted,channel,12409.944,nT
2026-03-22T05:58:00.000Z,CMO,X,adjusted,channel,12432.144,nT
2026-03-22T05:59:00.000Z,CMO,X,adjusted,channel,12436.933,nT
2026-03-22T06:00:00.000Z,CMO,X,adjusted,channel,12432.721,nT
2026-03-22T06:01:00.000Z,CMO,X,adjusted,channel,12425.573,nT
2026-03-22T06:02:00.000Z,CMO,X,adjusted,channel,12421.846,nT
2026-03-22T06:03:00.000Z,CMO,X,adjusted,channel,12427.227,nT
2026-03-22T06:04:00.000Z,CMO,X,adjusted,channel,12435.474,nT
2026-03-22T06:05:00.000Z,CMO,X,adjusted,channel,12450.639,nT
2026-03-22T06:06:00.000Z,CMO,X,adjusted,channel,12460.176,nT
2026-03-22T06:07:00.000Z,CMO,X,adjusted,channel,12470.108,nT
2026-03-22T06:08:00.000Z,CMO,X,adjusted,channel,12496.85,nT
2026-03-22T06:09:00.000Z,CMO,X,adjusted,channel,12496.911,nT
2026-03-22T06:10:00.000Z,CMO,X,adjusted,channel,12508.828,nT
2026-03-22T06:11:00.000Z,CMO,X,adjusted,channel,12522.722,nT
2026-03-22T06:12:00.000Z,CMO,X,adjusted,channel,12514.693,nT
2026-03-22T06:13:00.000Z,CMO,X,adjusted,channel,12515.392,nT
2026-03-22T06:14:00.000Z,CMO,X,adjusted,channel,12497.491,nT
2026-03-22T06:15:00.000Z,CMO,X,adjusted,channel,12484.129,nT
2026-03-22T06:16:00.000Z,CMO,X,adjusted,channel,12485.089,nT
2026-03-22T06:17:00.000Z,CMO,X,adjusted,channel,12498.229,nT
2026-03-22T06:18:00.000Z,CMO,X,adjusted,channel,12523.922,nT
2026-03-22T06:19:00.000Z,CMO,X,adjusted,channel,12512.389,nT
2026-03-22T06:20:00.000Z,CMO,X,adjusted,channel,12525.934,nT
2026-03-22T06:21:00.000Z,CMO,X,adjusted,channel,12544.13,nT
2026-03-22T06:22:00.000Z,CMO,X,adjusted,channel,12519.475,nT
2026-03-22T06:23:00.000Z,CMO,X,adjusted,channel,12515.782,nT
2026-03-22T06:24:00.000Z,CMO,X,adjusted,channel,12507.282,nT
2026-03-22T06:25:00.000Z,CMO,X,adjusted,channel,12497.636,nT
2026-03-22T06:26:00.000Z,CMO,X,adjusted,channel,12488.517,nT
2026-03-22T06:27:00.000Z,CMO,X,adjusted,channel,12493.468,nT
2026-03-22T06:28:00.000Z,CMO,X,adjusted,channel,12487.572,nT
2026-03-22T06:29:00.000Z,CMO,X,adjusted,channel,12467.779,nT
2026-03-22T06:30:00.000Z,CMO,X,adjusted,channel,12459.179,nT
2026-03-22T06:31:00.000Z,CMO,X,adjusted,channel,12433.741,nT
2026-03-22T06:32:00.000Z,CMO,X,adjusted,channel,12407.208,nT
2026-03-22T06:33:00.000Z,CMO,X,adjusted,channel,12428.559,nT
2026-03-22T06:34:00.000Z,CMO,X,adjusted,channel,12460.75,nT
2026-03-22T06:35:00.000Z,CMO,X,adjusted,channel,12479.637,nT
2026-03-22T06:36:00.000Z,CMO,X,adjusted,channel,12482.879,nT
2026-03-22T06:37:00.000Z,CMO,X,adjusted,channel,12488.261,nT
2026-03-22T06:38:00.000Z,CMO,X,adjusted,channel,12492.762,nT
2026-03-22T06:39:00.000Z,CMO,X,adjusted,channel,12478.21,nT
2026-03-22T06:40:00.000Z,CMO,X,adjusted,channel,12454.623,nT
2026-03-22T06:41:00.000Z,CMO,X,adjusted,channel,12432.139,nT
2026-03-22T06:42:00.000Z,CMO,X,adjusted,channel,12405.646,nT
2026-03-22T06:43:00.000Z,CMO,X,adjusted,channel,12372.431,nT
2026-03-22T06:44:00.000Z,CMO,X,adjusted,channel,12351.206,nT
2026-03-22T06:45:00.000Z,CMO,X,adjusted,channel,12337.975,nT
2026-03-22T06:46:00.000Z,CMO,X,adjusted,channel,12359.781,nT
2026-03-22T06:47:00.000Z,CMO,X,adjusted,channel,12351.327,nT
2026-03-22T06:48:00.000Z,CMO,X,adjusted,channel,12331.532,nT
2026-03-22T06:49:00.000Z,CMO,X,adjusted,channel,12331.466,nT
2026-03-22T06:50:00.000Z,CMO,X,adjusted,channel,12346.863,nT
2026-03-22T06:51:00.000Z,CMO,X,adjusted,channel,12340.466,nT
2026-03-22T06:52:00.000Z,CMO,X,adjusted,channel,12349.17,nT
2026-03-22T06:53:00.000Z,CMO,X,adjusted,channel,12360.847,nT
2026-03-22T06:54:00.000Z,CMO,X,adjusted,channel,12387.603,nT
2026-03-22T06:55:00.000Z,CMO,X,adjusted,channel,12411.096,nT
2026-03-22T06:56:00.000Z,CMO,X,adjusted,channel,12415.893,nT
2026-03-22T06:57:00.000Z,CMO,X,adjusted,channel,12404.169,nT
2026-03-22T06:58:00.000Z,CMO,X,adjusted,channel,12409.45,nT
2026-03-22T06:59:00.000Z,CMO,X,adjusted,channel,12414.401,nT
2026-03-22T07:00:00.000Z,CMO,X,adjusted,channel,12413.036,nT
2026-03-22T07:01:00.000Z,CMO,X,adjusted,channel,12413.295,nT
2026-03-22T07:02:00.000Z,CMO,X,adjusted,channel,12395.343,nT
2026-03-22T07:03:00.000Z,CMO,X,adjusted,channel,12371.9,nT
2026-03-22T07:04:00.000Z,CMO,X,adjusted,channel,12379.832,nT
2026-03-22T07:05:00.000Z,CMO,X,adjusted,channel,12419.637,nT
2026-03-22T07:06:00.000Z,CMO,X,adjusted,channel,12450.842,nT
2026-03-22T07:07:00.000Z,CMO,X,adjusted,channel,12474.659,nT
2026-03-22T07:08:00.000Z,CMO,X,adjusted,channel,12495.488,nT
2026-03-22T07:09:00.000Z,CMO,X,adjusted,channel,12523.665,nT
2026-03-22T07:10:00.000Z,CMO,X,adjusted,channel,12546.792,nT
2026-03-22T07:11:00.000Z,CMO,X,adjusted,channel,12572.437,nT
2026-03-22T07:12:00.000Z,CMO,X,adjusted,channel,12596.034,nT
2026-03-22T07:13:00.000Z,CMO,X,adjusted,channel,12584.69,nT
2026-03-22T07:14:00.000Z,CMO,X,adjusted,channel,12531.834,nT
2026-03-22T07:15:00.000Z,CMO,X,adjusted,channel,12485.414,nT
2026-03-22T07:16:00.000Z,CMO,X,adjusted,channel,12494.571,nT
2026-03-22T07:17:00.000Z,CMO,X,adjusted,channel,12545.388,nT
2026-03-22T07:18:00.000Z,CMO,X,adjusted,channel,12526.907,nT
2026-03-22T07:19:00.000Z,CMO,X,adjusted,channel,12481.638,nT
2026-03-22T07:20:00.000Z,CMO,X,adjusted,channel,12452.71,nT
2026-03-22T07:21:00.000Z,CMO,X,adjusted,channel,12463.677,nT
2026-03-22T07:22:00.000Z,CMO,X,adjusted,channel,12492.133,nT
2026-03-22T07:23:00.000Z,CMO,X,adjusted,channel,12484.946,nT
2026-03-22T07:24:00.000Z,CMO,X,adjusted,channel,12476.522,nT
2026-03-22T07:25:00.000Z,CMO,X,adjusted,channel,12519.16,nT
2026-03-22T07:26:00.000Z,CMO,X,adjusted,channel,12524.377,nT
2026-03-22T07:27:00.000Z,CMO,X,adjusted,channel,12553.928,nT
2026-03-22T07:28:00.000Z,CMO,X,adjusted,channel,12551.984,nT
2026-03-22T07:29:00.000Z,CMO,X,adjusted,channel,12547.497,nT
2026-03-22T07:30:00.000Z,CMO,X,adjusted,channel,12557.882,nT
2026-03-22T07:31:00.000Z,CMO,X,adjusted,channel,12592.926,nT
2026-03-22T07:32:00.000Z,CMO,X,adjusted,channel,12606.005,nT
2026-03-22T07:33:00.000Z,CMO,X,adjusted,channel,12652.109,nT
2026-03-22T07:34:00.000Z,CMO,X,adjusted,channel,12685.836,nT
2026-03-22T07:35:00.000Z,CMO,X,adjusted,channel,12680.552,nT
2026-03-22T07:36:00.000Z,CMO,X,adjusted,channel,12645.989,nT
2026-03-22T07:37:00.000Z,CMO,X,adjusted,channel,12629.013,nT
2026-03-22T07:38:00.000Z,CMO,X,adjusted,channel,12581.859,nT
2026-03-22T07:39:00.000Z,CMO,X,adjusted,channel,12558.6,nT
2026-03-22T07:40:00.000Z,CMO,X,adjusted,channel,12548.277,nT
2026-03-22T07:41:00.000Z,CMO,X,adjusted,channel,12542.09,nT
2026-03-22T07:42:00.000Z,CMO,X,adjusted,channel,12531.123,nT
2026-03-22T07:43:00.000Z,CMO,X,adjusted,channel,12463.202,nT
2026-03-22T07:44:00.000Z,CMO,X,adjusted,channel,12427.911,nT
2026-03-22T07:45:00.000Z,CMO,X,adjusted,channel,12383.7,nT
2026-03-22T07:46:00.000Z,CMO,X,adjusted,channel,12367.47,nT
2026-03-22T07:47:00.000Z,CMO,X,adjusted,channel,12388.698,nT
2026-03-22T07:48:00.000Z,CMO,X,adjusted,channel,12358.797,nT
2026-03-22T07:49:00.000Z,CMO,X,adjusted,channel,12290.473,nT
2026-03-22T07:50:00.000Z,CMO,X,adjusted,channel,12274.833,nT
2026-03-22T07:51:00.000Z,CMO,X,adjusted,channel,12300.383,nT
2026-03-22T07:52:00.000Z,CMO,X,adjusted,channel,12329.807,nT
2026-03-22T07:53:00.000Z,CMO,X,adjusted,channel,12318.776,nT
2026-03-22T07:54:00.000Z,CMO,X,adjusted,channel,12317.865,nT
2026-03-22T07:55:00.000Z,CMO,X,adjusted,channel,12366.459,nT
2026-03-22T07:56:00.000Z,CMO,X,adjusted,channel,12441.868,nT
2026-03-22T07:57:00.000Z,CMO,X,adjusted,channel,12478.089,nT
2026-03-22T07:58:00.000Z,CMO,X,adjusted,channel,12483.963,nT
2026-03-22T07:59:00.000Z,CMO,X,adjusted,channel,12501.858,nT
2026-03-22T08:00:00.000Z,CMO,X,adjusted,channel,12517.082,nT
2026-03-22T08:01:00.000Z,CMO,X,adjusted,channel,12519.418,nT
2026-03-22T08:02:00.000Z,CMO,X,adjusted,channel,12524.89,nT
2026-03-22T08:03:00.000Z,CMO,X,adjusted,channel,12527.913,nT
2026-03-22T08:04:00.000Z,CMO,X,adjusted,channel,12511.611,nT
2026-03-22T08:05:00.000Z,CMO,X,adjusted,channel,12489.154,nT
2026-03-22T08:06:00.000Z,CMO,X,adjusted,channel,12473.656,nT
2026-03-22T08:07:00.000Z,CMO,X,adjusted,channel,12461.188,nT
2026-03-22T08:08:00.000Z,CMO,X,adjusted,channel,12455.123,nT
2026-03-22T08:09:00.000Z,CMO,X,adjusted,channel,12459.541,nT
2026-03-22T08:10:00.000Z,CMO,X,adjusted,channel,12438.008,nT
2026-03-22T08:11:00.000Z,CMO,X,adjusted,channel,12403.39,nT
2026-03-22T08:12:00.000Z,CMO,X,adjusted,channel,12426.099,nT
2026-03-22T08:13:00.000Z,CMO,X,adjusted,channel,12417.367,nT
2026-03-22T08:14:00.000Z,CMO,X,adjusted,channel,12381.187,nT
2026-03-22T08:15:00.000Z,CMO,X,adjusted,channel,12431.343,nT
2026-03-22T08:16:00.000Z,CMO,X,adjusted,channel,12476.576,nT
2026-03-22T08:17:00.000Z,CMO,X,adjusted,channel,12518.012,nT
2026-03-22T08:18:00.000Z,CMO,X,adjusted,channel,12494.938,nT
2026-03-22T08:19:00.000Z,CMO,X,adjusted,channel,12450.42,nT
2026-03-22T08:20:00.000Z,CMO,X,adjusted,channel,12428.238,nT
2026-03-22T08:21:00.000Z,CMO,X,adjusted,channel,12426.194,nT
2026-03-22T08:22:00.000Z,CMO,X,adjusted,channel,12379.422,nT
2026-03-22T08:23:00.000Z,CMO,X,adjusted,channel,12410.755,nT
2026-03-22T08:24:00.000Z,CMO,X,adjusted,channel,12417.994,nT
2026-03-22T08:25:00.000Z,CMO,X,adjusted,channel,12423.98,nT
2026-03-22T08:26:00.000Z,CMO,X,adjusted,channel,12415.972,nT
2026-03-22T08:27:00.000Z,CMO,X,adjusted,channel,12396.821,nT
2026-03-22T08:28:00.000Z,CMO,X,adjusted,channel,12370.675,nT
2026-03-22T08:29:00.000Z,CMO,X,adjusted,channel,12358.841,nT
2026-03-22T08:30:00.000Z,CMO,X,adjusted,channel,12310.066,nT
2026-03-22T08:31:00.000Z,CMO,X,adjusted,channel,12337.892,nT
2026-03-22T08:32:00.000Z,CMO,X,adjusted,channel,12306.505,nT
2026-03-22T08:33:00.000Z,CMO,X,adjusted,channel,12274.694,nT
2026-03-22T08:34:00.000Z,CMO,X,adjusted,channel,12275.079,nT
2026-03-22T08:35:00.000Z,CMO,X,adjusted,channel,12265.258,nT
2026-03-22T08:36:00.000Z,CMO,X,adjusted,channel,12275.065,nT
2026-03-22T08:37:00.000Z,CMO,X,adjusted,channel,12246.636,nT
2026-03-22T08:38:00.000Z,CMO,X,adjusted,channel,12213.146,nT
2026-03-22T08:39:00.000Z,CMO,X,adjusted,channel,12182.091,nT
2026-03-22T08:40:00.000Z,CMO,X,adjusted,channel,12163.5,nT
2026-03-22T08:41:00.000Z,CMO,X,adjusted,channel,12167.711,nT
2026-03-22T08:42:00.000Z,CMO,X,adjusted,channel,12160.135,nT
2026-03-22T08:43:00.000Z,CMO,X,adjusted,channel,12166.479,nT
2026-03-22T08:44:00.000Z,CMO,X,adjusted,channel,12175.155,nT
2026-03-22T08:45:00.000Z,CMO,X,adjusted,channel,12171.543,nT
2026-03-22T08:46:00.000Z,CMO,X,adjusted,channel,12194.786,nT
2026-03-22T08:47:00.000Z,CMO,X,adjusted,channel,12206.675,nT
2026-03-22T08:48:00.000Z,CMO,X,adjusted,channel,12231.616,nT
2026-03-22T08:49:00.000Z,CMO,X,adjusted,channel,12223.181,nT
2026-03-22T08:50:00.000Z,CMO,X,adjusted,channel,12191.16,nT
2026-03-22T08:51:00.000Z,CMO,X,adjusted,channel,12149.668,nT
2026-03-22T08:52:00.000Z,CMO,X,adjusted,channel,12158.976,nT
2026-03-22T08:53:00.000Z,CMO,X,adjusted,channel,12149.423,nT
2026-03-22T08:54:00.000Z,CMO,X,adjusted,channel,12152.778,nT
2026-03-22T08:55:00.000Z,CMO,X,adjusted,channel,12127.912,nT
2026-03-22T08:56:00.000Z,CMO,X,adjusted,channel,12140.275,nT
2026-03-22T08:57:00.000Z,CMO,X,adjusted,channel,12177.824,nT
2026-03-22T08:58:00.000Z,CMO,X,adjusted,channel,12179.467,nT
2026-03-22T08:59:00.000Z,CMO,X,adjusted,channel,12193.944,nT
2026-03-22T09:00:00.000Z,CMO,X,adjusted,channel,12182.801,nT
2026-03-22T09:01:00.000Z,CMO,X,adjusted,channel,12168.92,nT
2026-03-22T09:02:00.000Z,CMO,X,adjusted,channel,12211.236,nT
2026-03-22T09:03:00.000Z,CMO,X,adjusted,channel,12238.021,nT
2026-03-22T09:04:00.000Z,CMO,X,adjusted,channel,12158.392,nT
2026-03-22T09:05:00.000Z,CMO,X,adjusted,channel,12133.02,nT
2026-03-22T09:06:00.000Z,CMO,X,adjusted,channel,12127.933,nT
2026-03-22T09:07:00.000Z,CMO,X,adjusted,channel,12113.165,nT
2026-03-22T09:08:00.000Z,CMO,X,adjusted,channel,12066.857,nT
2026-03-22T09:09:00.000Z,CMO,X,adjusted,channel,12012.145,nT
2026-03-22T09:10:00.000Z,CMO,X,adjusted,channel,12006.623,nT
2026-03-22T09:11:00.000Z,CMO,X,adjusted,channel,11958.966,nT
2026-03-22T09:12:00.000Z,CMO,X,adjusted,channel,11963.908,nT
2026-03-22T09:13:00.000Z,CMO,X,adjusted,channel,12007.581,nT
2026-03-22T09:14:00.000Z,CMO,X,adjusted,channel,12036.624,nT
2026-03-22T09:15:00.000Z,CMO,X,adjusted,channel,12022.31,nT
2026-03-22T09:16:00.000Z,CMO,X,adjusted,channel,11976.859,nT
2026-03-22T09:17:00.000Z,CMO,X,adjusted,channel,11956.11,nT
2026-03-22T09:18:00.000Z,CMO,X,adjusted,channel,11897.633,nT
2026-03-22T09:19:00.000Z,CMO,X,adjusted,channel,11885.343,nT
2026-03-22T09:20:00.000Z,CMO,X,adjusted,channel,11940.177,nT
2026-03-22T09:21:00.000Z,CMO,X,adjusted,channel,12008.462,nT
2026-03-22T09:22:00.000Z,CMO,X,adjusted,channel,11990.82,nT
2026-03-22T09:23:00.000Z,CMO,X,adjusted,channel,11988.336,nT
2026-03-22T09:24:00.000Z,CMO,X,adjusted,channel,11966.619,nT
2026-03-22T09:25:00.000Z,CMO,X,adjusted,channel,11983.013,nT
2026-03-22T09:26:00.000Z,CMO,X,adjusted,channel,12025.075,nT
2026-03-22T09:27:00.000Z,CMO,X,adjusted,channel,12033.156,nT
2026-03-22T09:28:00.000Z,CMO,X,adjusted,channel,12014.113,nT
2026-03-22T09:29:00.000Z,CMO,X,adjusted,channel,11969.636,nT
2026-03-22T09:30:00.000Z,CMO,X,adjusted,channel,11978.181,nT
2026-03-22T09:31:00.000Z,CMO,X,adjusted,channel,11994.289,nT
2026-03-22T09:32:00.000Z,CMO,X,adjusted,channel,11998.095,nT
2026-03-22T09:33:00.000Z,CMO,X,adjusted,channel,11967.679,nT
2026-03-22T09:34:00.000Z,CMO,X,adjusted,channel,11892.503,nT
2026-03-22T09:35:00.000Z,CMO,X,adjusted,channel,11810.295,nT
2026-03-22T09:36:00.000Z,CMO,X,adjusted,channel,11816.102,nT
2026-03-22T09:37:00.000Z,CMO,X,adjusted,channel,11902.274,nT
2026-03-22T09:38:00.000Z,CMO,X,adjusted,channel,11884.973,nT
2026-03-22T09:39:00.000Z,CMO,X,adjusted,channel,11834.86,nT
2026-03-22T09:40:00.000Z,CMO,X,adjusted,channel,11797.36,nT
2026-03-22T09:41:00.000Z,CMO,X,adjusted,channel,11859.132,nT
2026-03-22T09:42:00.000Z,CMO,X,adjusted,channel,12022.088,nT
2026-03-22T09:43:00.000Z,CMO,X,adjusted,channel,12041.508,nT
2026-03-22T09:44:00.000Z,CMO,X,adjusted,channel,12030.11,nT
2026-03-22T09:45:00.000Z,CMO,X,adjusted,channel,12047.817,nT
2026-03-22T09:46:00.000Z,CMO,X,adjusted,channel,12024.967,nT
2026-03-22T09:47:00.000Z,CMO,X,adjusted,channel,11981.344,nT
2026-03-22T09:48:00.000Z,CMO,X,adjusted,channel,11997.202,nT
2026-03-22T09:49:00.000Z,CMO,X,adjusted,channel,11989.578,nT
2026-03-22T09:50:00.000Z,CMO,X,adjusted,channel,12015.15,nT
2026-03-22T09:51:00.000Z,CMO,X,adjusted,channel,12019.782,nT
2026-03-22T09:52:00.000Z,CMO,X,adjusted,channel,12015.409,nT
2026-03-22T09:53:00.000Z,CMO,X,adjusted,channel,12018.862,nT
2026-03-22T09:54:00.000Z,CMO,X,adjusted,channel,12005.043,nT
2026-03-22T09:55:00.000Z,CMO,X,adjusted,channel,11983.315,nT
2026-03-22T09:56:00.000Z,CMO,X,adjusted,channel,11981.451,nT
2026-03-22T09:57:00.000Z,CMO,X,adjusted,channel,11971.278,nT
2026-03-22T09:58:00.000Z,CMO,X,adjusted,channel,11969.608,nT
2026-03-22T09:59:00.000Z,CMO,X,adjusted,channel,11994.959,nT
2026-03-22T10:00:00.000Z,CMO,X,adjusted,channel,12001.584,nT
2026-03-22T10:01:00.000Z,CMO,X,adjusted,channel,12009.095,nT
2026-03-22T10:02:00.000Z,CMO,X,adjusted,channel,11991.334,nT
2026-03-22T10:03:00.000Z,CMO,X,adjusted,channel,11951.024,nT
2026-03-22T10:04:00.000Z,CMO,X,adjusted,channel,11943.405,nT
2026-03-22T10:05:00.000Z,CMO,X,adjusted,channel,11971.897,nT
2026-03-22T10:06:00.000Z,CMO,X,adjusted,channel,11995.49,nT
2026-03-22T10:07:00.000Z,CMO,X,adjusted,channel,11996.565,nT
2026-03-22T10:08:00.000Z,CMO,X,adjusted,channel,12012.841,nT
2026-03-22T10:09:00.000Z,CMO,X,adjusted,channel,12031.645,nT
2026-03-22T10:10:00.000Z,CMO,X,adjusted,channel,12036.03,nT
2026-03-22T10:11:00.000Z,CMO,X,adjusted,channel,12035.614,nT
2026-03-22T10:12:00.000Z,CMO,X,adjusted,channel,12036.441,nT
2026-03-22T10:13:00.000Z,CMO,X,adjusted,channel,12046.21,nT
2026-03-22T10:14:00.000Z,CMO,X,adjusted,channel,12090.95,nT
2026-03-22T10:15:00.000Z,CMO,X,adjusted,channel,12029.063,nT
2026-03-22T10:16:00.000Z,CMO,X,adjusted,channel,11933.212,nT
2026-03-22T10:17:00.000Z,CMO,X,adjusted,channel,11771.768,nT
2026-03-22T10:18:00.000Z,CMO,X,adjusted,channel,11573.361,nT
2026-03-22T10:19:00.000Z,CMO,X,adjusted,channel,11341.734,nT
2026-03-22T10:20:00.000Z,CMO,X,adjusted,channel,11191.996,nT
2026-03-22T10:21:00.000Z,CMO,X,adjusted,channel,11045.932,nT
2026-03-22T10:22:00.000Z,CMO,X,adjusted,channel,10833.181,nT
2026-03-22T10:23:00.000Z,CMO,X,adjusted,channel,10778.865,nT
2026-03-22T10:24:00.000Z,CMO,X,adjusted,channel,10724.005,nT
2026-03-22T10:25:00.000Z,CMO,X,adjusted,channel,10763.271,nT
2026-03-22T10:26:00.000Z,CMO,X,adjusted,channel,10888.728,nT
2026-03-22T10:27:00.000Z,CMO,X,adjusted,channel,11212.442,nT
2026-03-22T10:28:00.000Z,CMO,X,adjusted,channel,11567.923,nT
2026-03-22T10:29:00.000Z,CMO,X,adjusted,channel,11654.754,nT
2026-03-22T10:30:00.000Z,CMO,X,adjusted,channel,11661.603,nT
2026-03-22T10:31:00.000Z,CMO,X,adjusted,channel,11636.71,nT
2026-03-22T10:32:00.000Z,CMO,X,adjusted,channel,11573.573,nT
2026-03-22T10:33:00.000Z,CMO,X,adjusted,channel,11533.477,nT
2026-03-22T10:34:00.000Z,CMO,X,adjusted,channel,11426.372,nT
2026-03-22T10:35:00.000Z,CMO,X,adjusted,channel,11397.027,nT
2026-03-22T10:36:00.000Z,CMO,X,adjusted,channel,11449.003,nT
2026-03-22T10:37:00.000Z,CMO,X,adjusted,channel,11561.568,nT
2026-03-22T10:38:00.000Z,CMO,X,adjusted,channel,11414.641,nT
2026-03-22T10:39:00.000Z,CMO,X,adjusted,channel,11540.287,nT
2026-03-22T10:40:00.000Z,CMO,X,adjusted,channel,11513.801,nT
2026-03-22T10:41:00.000Z,CMO,X,adjusted,channel,11503.871,nT
2026-03-22T10:42:00.000Z,CMO,X,adjusted,channel,11686.54,nT
2026-03-22T10:43:00.000Z,CMO,X,adjusted,channel,11839.7,nT
2026-03-22T10:44:00.000Z,CMO,X,adjusted,channel,11902.385,nT
2026-03-22T10:45:00.000Z,CMO,X,adjusted,channel,11944.625,nT
2026-03-22T10:46:00.000Z,CMO,X,adjusted,channel,11918.648,nT
2026-03-22T10:47:00.000Z,CMO,X,adjusted,channel,11911.484,nT
2026-03-22T10:48:00.000Z,CMO,X,adjusted,channel,11889.944,nT
2026-03-22T10:49:00.000Z,CMO,X,adjusted,channel,11906.517,nT
2026-03-22T10:50:00.000Z,CMO,X,adjusted,channel,11815.335,nT
2026-03-22T10:51:00.000Z,CMO,X,adjusted,channel,11721.818,nT
2026-03-22T10:52:00.000Z,CMO,X,adjusted,channel,11693.847,nT
2026-03-22T10:53:00.000Z,CMO,X,adjusted,channel,11587.647,nT
2026-03-22T10:54:00.000Z,CMO,X,adjusted,channel,11527.895,nT
2026-03-22T10:55:00.000Z,CMO,X,adjusted,channel,11584.442,nT
2026-03-22T10:56:00.000Z,CMO,X,adjusted,channel,11753.277,nT
2026-03-22T10:57:00.000Z,CMO,X,adjusted,channel,11953.585,nT
2026-03-22T10:58:00.000Z,CMO,X,adjusted,channel,12045.475,nT
2026-03-22T10:59:00.000Z,CMO,X,adjusted,channel,12090.638,nT
2026-03-22T11:00:00.000Z,CMO,X,adjusted,channel,12128.056,nT
2026-03-22T11:01:00.000Z,CMO,X,adjusted,channel,12117.687,nT
2026-03-22T11:02:00.000Z,CMO,X,adjusted,channel,12106.541,nT
2026-03-22T11:03:00.000Z,CMO,X,adjusted,channel,12048.429,nT
2026-03-22T11:04:00.000Z,CMO,X,adjusted,channel,11950.775,nT
2026-03-22T11:05:00.000Z,CMO,X,adjusted,channel,11902.191,nT
2026-03-22T11:06:00.000Z,CMO,X,adjusted,channel,11839.407,nT
2026-03-22T11:07:00.000Z,CMO,X,adjusted,channel,11759.102,nT
2026-03-22T11:08:00.000Z,CMO,X,adjusted,channel,11678.013,nT
2026-03-22T11:09:00.000Z,CMO,X,adjusted,channel,11615.007,nT
2026-03-22T11:10:00.000Z,CMO,X,adjusted,channel,11529.674,nT
2026-03-22T11:11:00.000Z,CMO,X,adjusted,channel,11482.089,nT
2026-03-22T11:12:00.000Z,CMO,X,adjusted,channel,11465.169,nT
2026-03-22T11:13:00.000Z,CMO,X,adjusted,channel,11423.209,nT
2026-03-22T11:14:00.000Z,CMO,X,adjusted,channel,11368.41,nT
2026-03-22T11:15:00.000Z,CMO,X,adjusted,channel,11310.078,nT
2026-03-22T11:16:00.000Z,CMO,X,adjusted,channel,11218.873,nT
2026-03-22T11:17:00.000Z,CMO,X,adjusted,channel,11076.887,nT
2026-03-22T11:18:00.000Z,CMO,X,adjusted,channel,11005.371,nT
2026-03-22T11:19:00.000Z,CMO,X,adjusted,channel,11086.235,nT
2026-03-22T11:20:00.000Z,CMO,X,adjusted,channel,11182.262,nT
2026-03-22T11:21:00.000Z,CMO,X,adjusted,channel,11258.322,nT
2026-03-22T11:22:00.000Z,CMO,X,adjusted,channel,11244.055,nT
2026-03-22T11:23:00.000Z,CMO,X,adjusted,channel,11243.005,nT
2026-03-22T11:24:00.000Z,CMO,X,adjusted,channel,11234.604,nT
2026-03-22T11:25:00.000Z,CMO,X,adjusted,channel,11234.983,nT
2026-03-22T11:26:00.000Z,CMO,X,adjusted,channel,11172.65,nT
2026-03-22T11:27:00.000Z,CMO,X,adjusted,channel,11171.785,nT
2026-03-22T11:28:00.000Z,CMO,X,adjusted,channel,11266.46,nT
2026-03-22T11:29:00.000Z,CMO,X,adjusted,channel,11237.558,nT
2026-03-22T11:30:00.000Z,CMO,X,adjusted,channel,11237.547,nT
2026-03-22T11:31:00.000Z,CMO,X,adjusted,channel,11315.828,nT
2026-03-22T11:32:00.000Z,CMO,X,adjusted,channel,11209.166,nT
2026-03-22T11:33:00.000Z,CMO,X,adjusted,channel,11196.747,nT
2026-03-22T11:34:00.000Z,CMO,X,adjusted,channel,11205.188,nT
2026-03-22T11:35:00.000Z,CMO,X,adjusted,channel,11194.902,nT
2026-03-22T11:36:00.000Z,CMO,X,adjusted,channel,11225.45,nT
2026-03-22T11:37:00.000Z,CMO,X,adjusted,channel,11299.324,nT
2026-03-22T11:38:00.000Z,CMO,X,adjusted,channel,11434.252,nT
2026-03-22T11:39:00.000Z,CMO,X,adjusted,channel,11564.12,nT
2026-03-22T11:40:00.000Z,CMO,X,adjusted,channel,11669.697,nT
2026-03-22T11:41:00.000Z,CMO,X,adjusted,channel,11726.768,nT
2026-03-22T11:42:00.000Z,CMO,X,adjusted,channel,11783.826,nT
2026-03-22T11:43:00.000Z,CMO,X,adjusted,channel,11810.431,nT
2026-03-22T11:44:00.000Z,CMO,X,adjusted,channel,11829.862,nT
2026-03-22T11:45:00.000Z,CMO,X,adjusted,channel,11854.763,nT
2026-03-22T11:46:00.000Z,CMO,X,adjusted,channel,11845.96,nT
2026-03-22T11:47:00.000Z,CMO,X,adjusted,channel,11847.426,nT
2026-03-22T11:48:00.000Z,CMO,X,adjusted,channel,11841.589,nT
2026-03-22T11:49:00.000Z,CMO,X,adjusted,channel,11865.684,nT
2026-03-22T11:50:00.000Z,CMO,X,adjusted,channel,11944.457,nT
2026-03-22T11:51:00.000Z,CMO,X,adjusted,channel,12013.333,nT
2026-03-22T11:52:00.000Z,CMO,X,adjusted,channel,11986.944,nT
2026-03-22T11:53:00.000Z,CMO,X,adjusted,channel,12007.305,nT
2026-03-22T11:54:00.000Z,CMO,X,adjusted,channel,12032.537,nT
2026-03-22T11:55:00.000Z,CMO,X,adjusted,channel,12028.789,nT
2026-03-22T11:56:00.000Z,CMO,X,adjusted,channel,11972.421,nT
2026-03-22T11:57:00.000Z,CMO,X,adjusted,channel,11906.531,nT
2026-03-22T11:58:00.000Z,CMO,X,adjusted,channel,11881.644,nT
2026-03-22T11:59:00.000Z,CMO,X,adjusted,channel,11896.025,nT
2026-03-22T12:00:00.000Z,CMO,X,adjusted,channel,11898.825,nT
2026-03-22T12:01:00.000Z,CMO,X,adjusted,channel,11880.458,nT
2026-03-22T12:02:00.000Z,CMO,X,adjusted,channel,11861.701,nT
2026-03-22T12:03:00.000Z,CMO,X,adjusted,channel,11830.663,nT
2026-03-22T12:04:00.000Z,CMO,X,adjusted,channel,11802.188,nT
2026-03-22T12:05:00.000Z,CMO,X,adjusted,channel,11811.371,nT
2026-03-22T12:06:00.000Z,CMO,X,adjusted,channel,11789.43,nT
2026-03-22T12:07:00.000Z,CMO,X,adjusted,channel,11754.757,nT
2026-03-22T12:08:00.000Z,CMO,X,adjusted,channel,11747.34,nT
2026-03-22T12:09:00.000Z,CMO,X,adjusted,channel,11641.454,nT
2026-03-22T12:10:00.000Z,CMO,X,adjusted,channel,11556.764,nT
2026-03-22T12:11:00.000Z,CMO,X,adjusted,channel,11588.035,nT
2026-03-22T12:12:00.000Z,CMO,X,adjusted,channel,11696.183,nT
2026-03-22T12:13:00.000Z,CMO,X,adjusted,channel,11800.613,nT
2026-03-22T12:14:00.000Z,CMO,X,adjusted,channel,11852.325,nT
2026-03-22T12:15:00.000Z,CMO,X,adjusted,channel,11832.825,nT
2026-03-22T12:16:00.000Z,CMO,X,adjusted,channel,11774.377,nT
2026-03-22T12:17:00.000Z,CMO,X,adjusted,channel,11727.63,nT
2026-03-22T12:18:00.000Z,CMO,X,adjusted,channel,11693.9,nT
2026-03-22T12:19:00.000Z,CMO,X,adjusted,channel,11741.315,nT
2026-03-22T12:20:00.000Z,CMO,X,adjusted,channel,11820.923,nT
2026-03-22T12:21:00.000Z,CMO,X,adjusted,channel,11856.552,nT
2026-03-22T12:22:00.000Z,CMO,X,adjusted,channel,11876.954,nT
2026-03-22T12:23:00.000Z,CMO,X,adjusted,channel,11882.334,nT
2026-03-22T12:24:00.000Z,CMO,X,adjusted,channel,11927.276,nT
2026-03-22T12:25:00.000Z,CMO,X,adjusted,channel,11967.99,nT
2026-03-22T12:26:00.000Z,CMO,X,adjusted,channel,12003.327,nT
2026-03-22T12:27:00.000Z,CMO,X,adjusted,channel,12028.839,nT
2026-03-22T12:28:00.000Z,CMO,X,adjusted,channel,12044.289,nT
2026-03-22T12:29:00.000Z,CMO,X,adjusted,channel,12044.272,nT
2026-03-22T12:30:00.000Z,CMO,X,adjusted,channel,12026.212,nT
2026-03-22T12:31:00.000Z,CMO,X,adjusted,channel,12004.329,nT
2026-03-22T12:32:00.000Z,CMO,X,adjusted,channel,11984.283,nT
2026-03-22T12:33:00.000Z,CMO,X,adjusted,channel,11964.567,nT
2026-03-22T12:34:00.000Z,CMO,X,adjusted,channel,11918.51,nT
2026-03-22T12:35:00.000Z,CMO,X,adjusted,channel,11909.309,nT
2026-03-22T12:36:00.000Z,CMO,X,adjusted,channel,11923.6,nT
2026-03-22T12:37:00.000Z,CMO,X,adjusted,channel,11927.968,nT
2026-03-22T12:38:00.000Z,CMO,X,adjusted,channel,11932.396,nT
2026-03-22T12:39:00.000Z,CMO,X,adjusted,channel,11934.37,nT
2026-03-22T12:40:00.000Z,CMO,X,adjusted,channel,11899.503,nT
2026-03-22T12:41:00.000Z,CMO,X,adjusted,channel,11843.086,nT
2026-03-22T12:42:00.000Z,CMO,X,adjusted,channel,11752.909,nT
2026-03-22T12:43:00.000Z,CMO,X,adjusted,channel,11627.5,nT
2026-03-22T12:44:00.000Z,CMO,X,adjusted,channel,11504.814,nT
2026-03-22T12:45:00.000Z,CMO,X,adjusted,channel,11485.839,nT
2026-03-22T12:46:00.000Z,CMO,X,adjusted,channel,11553.977,nT
2026-03-22T12:47:00.000Z,CMO,X,adjusted,channel,11593.542,nT
2026-03-22T12:48:00.000Z,CMO,X,adjusted,channel,11641.27,nT
2026-03-22T12:49:00.000Z,CMO,X,adjusted,channel,11723.798,nT
2026-03-22T12:50:00.000Z,CMO,X,adjusted,channel,11814.791,nT
2026-03-22T12:51:00.000Z,CMO,X,adjusted,channel,11876.228,nT
2026-03-22T12:52:00.000Z,CMO,X,adjusted,channel,11873.748,nT
2026-03-22T12:53:00.000Z,CMO,X,adjusted,channel,11909.212,nT
2026-03-22T12:54:00.000Z,CMO,X,adjusted,channel,11948.275,nT
2026-03-22T12:55:00.000Z,CMO,X,adjusted,channel,11983.412,nT
2026-03-22T12:56:00.000Z,CMO,X,adjusted,channel,11992.355,nT
2026-03-22T12:57:00.000Z,CMO,X,adjusted,channel,11980.259,nT
2026-03-22T12:58:00.000Z,CMO,X,adjusted,channel,11936.855,nT
2026-03-22T12:59:00.000Z,CMO,X,adjusted,channel,11893.039,nT
2026-03-22T13:00:00.000Z,CMO,X,adjusted,channel,11863.872,nT
2026-03-22T13:01:00.000Z,CMO,X,adjusted,channel,11854.688,nT
2026-03-22T13:02:00.000Z,CMO,X,adjusted,channel,11874.397,nT
2026-03-22T13:03:00.000Z,CMO,X,adjusted,channel,11900.2,nT
2026-03-22T13:04:00.000Z,CMO,X,adjusted,channel,11939.292,nT
2026-03-22T13:05:00.000Z,CMO,X,adjusted,channel,11961.788,nT
2026-03-22T13:06:00.000Z,CMO,X,adjusted,channel,11968.561,nT
2026-03-22T13:07:00.000Z,CMO,X,adjusted,channel,11974.004,nT
2026-03-22T13:08:00.000Z,CMO,X,adjusted,channel,12011.774,nT
2026-03-22T13:09:00.000Z,CMO,X,adjusted,channel,12033.42,nT
2026-03-22T13:10:00.000Z,CMO,X,adjusted,channel,12011.898,nT
2026-03-22T13:11:00.000Z,CMO,X,adjusted,channel,11970.38,nT
2026-03-22T13:12:00.000Z,CMO,X,adjusted,channel,11881.928,nT
2026-03-22T13:13:00.000Z,CMO,X,adjusted,channel,11778.39,nT
2026-03-22T13:14:00.000Z,CMO,X,adjusted,channel,11755.833,nT
2026-03-22T13:15:00.000Z,CMO,X,adjusted,channel,11820.132,nT
2026-03-22T13:16:00.000Z,CMO,X,adjusted,channel,11872.71,nT
2026-03-22T13:17:00.000Z,CMO,X,adjusted,channel,11922.346,nT
2026-03-22T13:18:00.000Z,CMO,X,adjusted,channel,11936.991,nT
2026-03-22T13:19:00.000Z,CMO,X,adjusted,channel,11936.595,nT
2026-03-22T13:20:00.000Z,CMO,X,adjusted,channel,11914.462,nT
2026-03-22T13:21:00.000Z,CMO,X,adjusted,channel,11850.24,nT
2026-03-22T13:22:00.000Z,CMO,X,adjusted,channel,11727.701,nT
2026-03-22T13:23:00.000Z,CMO,X,adjusted,channel,11566.525,nT
2026-03-22T13:24:00.000Z,CMO,X,adjusted,channel,11454.528,nT
2026-03-22T13:25:00.000Z,CMO,X,adjusted,channel,11443.309,nT
2026-03-22T13:26:00.000Z,CMO,X,adjusted,channel,11491.105,nT
2026-03-22T13:27:00.000Z,CMO,X,adjusted,channel,11555.594,nT
2026-03-22T13:28:00.000Z,CMO,X,adjusted,channel,11668.768,nT
2026-03-22T13:29:00.000Z,CMO,X,adjusted,channel,11680.685,nT
2026-03-22T13:30:00.000Z,CMO,X,adjusted,channel,11699.377,nT
2026-03-22T13:31:00.000Z,CMO,X,adjusted,channel,11649.098,nT
2026-03-22T13:32:00.000Z,CMO,X,adjusted,channel,11507.569,nT
2026-03-22T13:33:00.000Z,CMO,X,adjusted,channel,11435.912,nT
2026-03-22T13:34:00.000Z,CMO,X,adjusted,channel,11435.592,nT
2026-03-22T13:35:00.000Z,CMO,X,adjusted,channel,11387.438,nT
2026-03-22T13:36:00.000Z,CMO,X,adjusted,channel,11393.418,nT
2026-03-22T13:37:00.000Z,CMO,X,adjusted,channel,11365.827,nT
2026-03-22T13:38:00.000Z,CMO,X,adjusted,channel,11357.005,nT
2026-03-22T13:39:00.000Z,CMO,X,adjusted,channel,11381.649,nT
2026-03-22T13:40:00.000Z,CMO,X,adjusted,channel,11472.983,nT
2026-03-22T13:41:00.000Z,CMO,X,adjusted,channel,11554.22,nT
2026-03-22T13:42:00.000Z,CMO,X,adjusted,channel,11655.534,nT
2026-03-22T13:43:00.000Z,CMO,X,adjusted,channel,11733.368,nT
2026-03-22T13:44:00.000Z,CMO,X,adjusted,channel,11682.905,nT
2026-03-22T13:45:00.000Z,CMO,X,adjusted,channel,11668.37,nT
2026-03-22T13:46:00.000Z,CMO,X,adjusted,channel,11681.506,nT
2026-03-22T13:47:00.000Z,CMO,X,adjusted,channel,11674.56,nT
2026-03-22T13:48:00.000Z,CMO,X,adjusted,channel,11676.083,nT
2026-03-22T13:49:00.000Z,CMO,X,adjusted,channel,11692.838,nT
2026-03-22T13:50:00.000Z,CMO,X,adjusted,channel,11764.845,nT
2026-03-22T13:51:00.000Z,CMO,X,adjusted,channel,11763.827,nT
2026-03-22T13:52:00.000Z,CMO,X,adjusted,channel,11778.396,nT
2026-03-22T13:53:00.000Z,CMO,X,adjusted,channel,11726.138,nT
2026-03-22T13:54:00.000Z,CMO,X,adjusted,channel,11679.923,nT
2026-03-22T13:55:00.000Z,CMO,X,adjusted,channel,11699.495,nT
2026-03-22T13:56:00.000Z,CMO,X,adjusted,channel,11652.401,nT
2026-03-22T13:57:00.000Z,CMO,X,adjusted,channel,11530.104,nT
2026-03-22T13:58:00.000Z,CMO,X,adjusted,channel,11538.884,nT
2026-03-22T13:59:00.000Z,CMO,X,adjusted,channel,11525.975,nT
2026-03-22T14:00:00.000Z,CMO,X,adjusted,channel,11575.423,nT
2026-03-22T14:01:00.000Z,CMO,X,adjusted,channel,11605.455,nT
2026-03-22T14:02:00.000Z,CMO,X,adjusted,channel,11476.894,nT
2026-03-22T14:03:00.000Z,CMO,X,adjusted,channel,11512.551,nT
2026-03-22T14:04:00.000Z,CMO,X,adjusted,channel,11471.084,nT
2026-03-22T14:05:00.000Z,CMO,X,adjusted,channel,11459.136,nT
2026-03-22T14:06:00.000Z,CMO,X,adjusted,channel,11495.622,nT
2026-03-22T14:07:00.000Z,CMO,X,adjusted,channel,11377.297,nT
2026-03-22T14:08:00.000Z,CMO,X,adjusted,channel,11318.077,nT
2026-03-22T14:09:00.000Z,CMO,X,adjusted,channel,11428.74,nT
2026-03-22T14:10:00.000Z,CMO,X,adjusted,channel,11475.512,nT
2026-03-22T14:11:00.000Z,CMO,X,adjusted,channel,11576.041,nT
2026-03-22T14:12:00.000Z,CMO,X,adjusted,channel,11565.025,nT
2026-03-22T14:13:00.000Z,CMO,X,adjusted,channel,11526.534,nT
2026-03-22T14:14:00.000Z,CMO,X,adjusted,channel,11525.107,nT
2026-03-22T14:15:00.000Z,CMO,X,adjusted,channel,11537.818,nT
2026-03-22T14:16:00.000Z,CMO,X,adjusted,channel,11491.703,nT
2026-03-22T14:17:00.000Z,CMO,X,adjusted,channel,11641.552,nT
2026-03-22T14:18:00.000Z,CMO,X,adjusted,channel,11816.148,nT
2026-03-22T14:19:00.000Z,CMO,X,adjusted,channel,11806.778,nT
2026-03-22T14:20:00.000Z,CMO,X,adjusted,channel,11777.644,nT
2026-03-22T14:21:00.000Z,CMO,X,adjusted,channel,11724.122,nT
2026-03-22T14:22:00.000Z,CMO,X,adjusted,channel,11788.604,nT
2026-03-22T14:23:00.000Z,CMO,X,adjusted,channel,11768.142,nT
2026-03-22T14:24:00.000Z,CMO,X,adjusted,channel,11662.15,nT
2026-03-22T14:25:00.000Z,CMO,X,adjusted,channel,11540.71,nT
2026-03-22T14:26:00.000Z,CMO,X,adjusted,channel,11506.371,nT
2026-03-22T14:27:00.000Z,CMO,X,adjusted,channel,11445.208,nT
2026-03-22T14:28:00.000Z,CMO,X,adjusted,channel,11469.891,nT
2026-03-22T14:29:00.000Z,CMO,X,adjusted,channel,11522.001,nT
2026-03-22T14:30:00.000Z,CMO,X,adjusted,channel,11438.501,nT
2026-03-22T14:31:00.000Z,CMO,X,adjusted,channel,11488.607,nT
2026-03-22T14:32:00.000Z,CMO,X,adjusted,channel,11440.542,nT
2026-03-22T14:33:00.000Z,CMO,X,adjusted,channel,11445.167,nT
2026-03-22T14:34:00.000Z,CMO,X,adjusted,channel,11476.856,nT
2026-03-22T14:35:00.000Z,CMO,X,adjusted,channel,11501.69,nT
2026-03-22T14:36:00.000Z,CMO,X,adjusted,channel,11436.687,nT
2026-03-22T14:37:00.000Z,CMO,X,adjusted,channel,11354.214,nT
2026-03-22T14:38:00.000Z,CMO,X,adjusted,channel,11361.546,nT
2026-03-22T14:39:00.000Z,CMO,X,adjusted,channel,11213.431,nT
2026-03-22T14:40:00.000Z,CMO,X,adjusted,channel,11040.645,nT
2026-03-22T14:41:00.000Z,CMO,X,adjusted,channel,10945.097,nT
2026-03-22T14:42:00.000Z,CMO,X,adjusted,channel,10887.519,nT
2026-03-22T14:43:00.000Z,CMO,X,adjusted,channel,10841.559,nT
2026-03-22T14:44:00.000Z,CMO,X,adjusted,channel,10676.134,nT
2026-03-22T14:45:00.000Z,CMO,X,adjusted,channel,10492.623,nT
2026-03-22T14:46:00.000Z,CMO,X,adjusted,channel,10324.103,nT
2026-03-22T14:47:00.000Z,CMO,X,adjusted,channel,10283.277,nT
2026-03-22T14:48:00.000Z,CMO,X,adjusted,channel,10415.632,nT
2026-03-22T14:49:00.000Z,CMO,X,adjusted,channel,10590.59,nT
2026-03-22T14:50:00.000Z,CMO,X,adjusted,channel,10887.505,nT
2026-03-22T14:51:00.000Z,CMO,X,adjusted,channel,11064.711,nT
2026-03-22T14:52:00.000Z,CMO,X,adjusted,channel,11154.109,nT
2026-03-22T14:53:00.000Z,CMO,X,adjusted,channel,11157.474,nT
2026-03-22T14:54:00.000Z,CMO,X,adjusted,channel,11091.641,nT
2026-03-22T14:55:00.000Z,CMO,X,adjusted,channel,11059.358,nT
2026-03-22T14:56:00.000Z,CMO,X,adjusted,channel,11129.773,nT
2026-03-22T14:57:00.000Z,CMO,X,adjusted,channel,11278.872,nT
2026-03-22T14:58:00.000Z,CMO,X,adjusted,channel,11545.314,nT
2026-03-22T14:59:00.000Z,CMO,X,adjusted,channel,11746.411,nT
2026-03-22T15:00:00.000Z,CMO,X,adjusted,channel,11802.247,nT
2026-03-22T15:01:00.000Z,CMO,X,adjusted,channel,11870.58,nT
2026-03-22T15:02:00.000Z,CMO,X,adjusted,channel,11955.242,nT
2026-03-22T15:03:00.000Z,CMO,X,adjusted,channel,12015.535,nT
2026-03-22T15:04:00.000Z,CMO,X,adjusted,channel,12002.977,nT
2026-03-22T15:05:00.000Z,CMO,X,adjusted,channel,11764.367,nT
2026-03-22T15:06:00.000Z,CMO,X,adjusted,channel,11627.24,nT
2026-03-22T15:07:00.000Z,CMO,X,adjusted,channel,11450.707,nT
2026-03-22T15:08:00.000Z,CMO,X,adjusted,channel,11352.853,nT
2026-03-22T15:09:00.000Z,CMO,X,adjusted,channel,11482.047,nT
2026-03-22T15:10:00.000Z,CMO,X,adjusted,channel,11645.712,nT
2026-03-22T15:11:00.000Z,CMO,X,adjusted,channel,11856.833,nT
2026-03-22T15:12:00.000Z,CMO,X,adjusted,channel,11976.888,nT
2026-03-22T15:13:00.000Z,CMO,X,adjusted,channel,11956.114,nT
2026-03-22T15:14:00.000Z,CMO,X,adjusted,channel,11616.068,nT
2026-03-22T15:15:00.000Z,CMO,X,adjusted,channel,11620.029,nT
2026-03-22T15:16:00.000Z,CMO,X,adjusted,channel,11771.023,nT
2026-03-22T15:17:00.000Z,CMO,X,adjusted,channel,11773.22,nT
2026-03-22T15:18:00.000Z,CMO,X,adjusted,channel,11707.336,nT
2026-03-22T15:19:00.000Z,CMO,X,adjusted,channel,11860.09,nT
2026-03-22T15:20:00.000Z,CMO,X,adjusted,channel,11945.595,nT
2026-03-22T15:21:00.000Z,CMO,X,adjusted,channel,11963.284,nT
2026-03-22T15:22:00.000Z,CMO,X,adjusted,channel,11879.069,nT
2026-03-22T15:23:00.000Z,CMO,X,adjusted,channel,11681.438,nT
2026-03-22T15:24:00.000Z,CMO,X,adjusted,channel,11513.432,nT
2026-03-22T15:25:00.000Z,CMO,X,adjusted,channel,11449.861,nT
2026-03-22T15:26:00.000Z,CMO,X,adjusted,channel,11253.722,nT
2026-03-22T15:27:00.000Z,CMO,X,adjusted,channel,11055.006,nT
2026-03-22T15:28:00.000Z,CMO,X,adjusted,channel,11402.885,nT
2026-03-22T15:29:00.000Z,CMO,X,adjusted,channel,11770.435,nT
2026-03-22T15:30:00.000Z,CMO,X,adjusted,channel,11930.448,nT
2026-03-22T15:31:00.000Z,CMO,X,adjusted,channel,12023.536,nT
2026-03-22T15:32:00.000Z,CMO,X,adjusted,channel,12009.455,nT
2026-03-22T15:33:00.000Z,CMO,X,adjusted,channel,12034.949,nT
2026-03-22T15:34:00.000Z,CMO,X,adjusted,channel,11960.953,nT
2026-03-22T15:35:00.000Z,CMO,X,adjusted,channel,11870.894,nT
2026-03-22T15:36:00.000Z,CMO,X,adjusted,channel,11847.076,nT
2026-03-22T15:37:00.000Z,CMO,X,adjusted,channel,11834.63,nT
2026-03-22T15:38:00.000Z,CMO,X,adjusted,channel,11828.129,nT
2026-03-22T15:39:00.000Z,CMO,X,adjusted,channel,11951.343,nT
2026-03-22T15:40:00.000Z,CMO,X,adjusted,channel,12053.466,nT
2026-03-22T15:41:00.000Z,CMO,X,adjusted,channel,12066.251,nT
2026-03-22T15:42:00.000Z,CMO,X,adjusted,channel,12079.853,nT
2026-03-22T15:43:00.000Z,CMO,X,adjusted,channel,12038.468,nT
2026-03-22T15:44:00.000Z,CMO,X,adjusted,channel,11981.758,nT
2026-03-22T15:45:00.000Z,CMO,X,adjusted,channel,11950.831,nT
2026-03-22T15:46:00.000Z,CMO,X,adjusted,channel,11911.087,nT
2026-03-22T15:47:00.000Z,CMO,X,adjusted,channel,11896.289,nT
2026-03-22T15:48:00.000Z,CMO,X,adjusted,channel,11888.087,nT
2026-03-22T15:49:00.000Z,CMO,X,adjusted,channel,11910.153,nT
2026-03-22T15:50:00.000Z,CMO,X,adjusted,channel,11898.225,nT
2026-03-22T15:51:00.000Z,CMO,X,adjusted,channel,11943.844,nT
2026-03-22T15:52:00.000Z,CMO,X,adjusted,channel,11956.198,nT
2026-03-22T15:53:00.000Z,CMO,X,adjusted,channel,11905.448,nT
2026-03-22T15:54:00.000Z,CMO,X,adjusted,channel,11857.81,nT
2026-03-22T15:55:00.000Z,CMO,X,adjusted,channel,11794.503,nT
2026-03-22T15:56:00.000Z,CMO,X,adjusted,channel,11810.57,nT
2026-03-22T15:57:00.000Z,CMO,X,adjusted,channel,11797.719,nT
2026-03-22T15:58:00.000Z,CMO,X,adjusted,channel,11744.205,nT
2026-03-22T15:59:00.000Z,CMO,X,adjusted,channel,11725.345,nT
2026-03-22T16:00:00.000Z,CMO,X,adjusted,channel,11720.845,nT
2026-03-22T16:01:00.000Z,CMO,X,adjusted,channel,11645.177,nT
2026-03-22T16:02:00.000Z,CMO,X,adjusted,channel,11505.017,nT
2026-03-22T16:03:00.000Z,CMO,X,adjusted,channel,11378.245,nT
2026-03-22T16:04:00.000Z,CMO,X,adjusted,channel,11430.03,nT
2026-03-22T16:05:00.000Z,CMO,X,adjusted,channel,11408.809,nT
2026-03-22T16:06:00.000Z,CMO,X,adjusted,channel,11301.412,nT
2026-03-22T16:07:00.000Z,CMO,X,adjusted,channel,11327.414,nT
2026-03-22T16:08:00.000Z,CMO,X,adjusted,channel,11405.944,nT
2026-03-22T16:09:00.000Z,CMO,X,adjusted,channel,11432.143,nT
2026-03-22T16:10:00.000Z,CMO,X,adjusted,channel,11436.767,nT
2026-03-22T16:11:00.000Z,CMO,X,adjusted,channel,11469.38,nT
2026-03-22T16:12:00.000Z,CMO,X,adjusted,channel,11498.952,nT
2026-03-22T16:13:00.000Z,CMO,X,adjusted,channel,11515.007,nT
2026-03-22T16:14:00.000Z,CMO,X,adjusted,channel,11658.66,nT
2026-03-22T16:15:00.000Z,CMO,X,adjusted,channel,11740.982,nT
2026-03-22T16:16:00.000Z,CMO,X,adjusted,channel,11715.985,nT
2026-03-22T16:17:00.000Z,CMO,X,adjusted,channel,11695.012,nT
2026-03-22T16:18:00.000Z,CMO,X,adjusted,channel,11592.82,nT
2026-03-22T16:19:00.000Z,CMO,X,adjusted,channel,11432.375,nT
2026-03-22T16:20:00.000Z,CMO,X,adjusted,channel,11354.052,nT
2026-03-22T16:21:00.000Z,CMO,X,adjusted,channel,11361.677,nT
2026-03-22T16:22:00.000Z,CMO,X,adjusted,channel,11404.427,nT
2026-03-22T16:23:00.000Z,CMO,X,adjusted,channel,11408.822,nT
2026-03-22T16:24:00.000Z,CMO,X,adjusted,channel,11380.063,nT
2026-03-22T16:25:00.000Z,CMO,X,adjusted,channel,11376.372,nT
2026-03-22T16:26:00.000Z,CMO,X,adjusted,channel,11342.287,nT
2026-03-22T16:27:00.000Z,CMO,X,adjusted,channel,11434.286,nT
2026-03-22T16:28:00.000Z,CMO,X,adjusted,channel,11638.448,nT
2026-03-22T16:29:00.000Z,CMO,X,adjusted,channel,11740.896,nT
2026-03-22T16:30:00.000Z,CMO,X,adjusted,channel,11778.811,nT
2026-03-22T16:31:00.000Z,CMO,X,adjusted,channel,11812.936,nT
2026-03-22T16:32:00.000Z,CMO,X,adjusted,channel,11787.608,nT
2026-03-22T16:33:00.000Z,CMO,X,adjusted,channel,11812.602,nT
2026-03-22T16:34:00.000Z,CMO,X,adjusted,channel,11921.014,nT
2026-03-22T16:35:00.000Z,CMO,X,adjusted,channel,11952.124,nT
2026-03-22T16:36:00.000Z,CMO,X,adjusted,channel,11972.382,nT
2026-03-22T16:37:00.000Z,CMO,X,adjusted,channel,12013.281,nT
2026-03-22T16:38:00.000Z,CMO,X,adjusted,channel,12052.445,nT
2026-03-22T16:39:00.000Z,CMO,X,adjusted,channel,12071.524,nT
2026-03-22T16:40:00.000Z,CMO,X,adjusted,channel,12121.166,nT
2026-03-22T16:41:00.000Z,CMO,X,adjusted,channel,12166.252,nT
2026-03-22T16:42:00.000Z,CMO,X,adjusted,channel,12187.407,nT
2026-03-22T16:43:00.000Z,CMO,X,adjusted,channel,12188.789,nT
2026-03-22T16:44:00.000Z,CMO,X,adjusted,channel,12149.425,nT
2026-03-22T16:45:00.000Z,CMO,X,adjusted,channel,12082.714,nT
2026-03-22T16:46:00.000Z,CMO,X,adjusted,channel,12016.602,nT
2026-03-22T16:47:00.000Z,CMO,X,adjusted,channel,11978.326,nT
2026-03-22T16:48:00.000Z,CMO,X,adjusted,channel,12018.372,nT
2026-03-22T16:49:00.000Z,CMO,X,adjusted,channel,11985.61,nT
2026-03-22T16:50:00.000Z,CMO,X,adjusted,channel,11789.299,nT
2026-03-22T16:51:00.000Z,CMO,X,adjusted,channel,11595.185,nT
2026-03-22T16:52:00.000Z,CMO,X,adjusted,channel,11559.901,nT
2026-03-22T16:53:00.000Z,CMO,X,adjusted,channel,11692.129,nT
2026-03-22T16:54:00.000Z,CMO,X,adjusted,channel,11772.64,nT
2026-03-22T16:55:00.000Z,CMO,X,adjusted,channel,11860.093,nT
2026-03-22T16:56:00.000Z,CMO,X,adjusted,channel,11862.156,nT
2026-03-22T16:57:00.000Z,CMO,X,adjusted,channel,11856.935,nT
2026-03-22T16:58:00.000Z,CMO,X,adjusted,channel,11816.263,nT
2026-03-22T16:59:00.000Z,CMO,X,adjusted,channel,11773.01,nT
2026-03-22T17:00:00.000Z,CMO,X,adjusted,channel,11765.494,nT
2026-03-22T17:01:00.000Z,CMO,X,adjusted,channel,11730.659,nT
2026-03-22T17:02:00.000Z,CMO,X,adjusted,channel,11795.811,nT
2026-03-22T17:03:00.000Z,CMO,X,adjusted,channel,11896.536,nT
2026-03-22T17:04:00.000Z,CMO,X,adjusted,channel,11861.665,nT
2026-03-22T17:05:00.000Z,CMO,X,adjusted,channel,11849.348,nT
2026-03-22T17:06:00.000Z,CMO,X,adjusted,channel,11812.098,nT
2026-03-22T17:07:00.000Z,CMO,X,adjusted,channel,11771.705,nT
2026-03-22T17:08:00.000Z,CMO,X,adjusted,channel,11653.918,nT
2026-03-22T17:09:00.000Z,CMO,X,adjusted,channel,11570.834,nT
2026-03-22T17:10:00.000Z,CMO,X,adjusted,channel,11524.805,nT
2026-03-22T17:11:00.000Z,CMO,X,adjusted,channel,11536.982,nT
2026-03-22T17:12:00.000Z,CMO,X,adjusted,channel,11565.865,nT
2026-03-22T17:13:00.000Z,CMO,X,adjusted,channel,11710.779,nT
2026-03-22T17:14:00.000Z,CMO,X,adjusted,channel,11765.813,nT
2026-03-22T17:15:00.000Z,CMO,X,adjusted,channel,11723.036,nT
2026-03-22T17:16:00.000Z,CMO,X,adjusted,channel,11711.733,nT
2026-03-22T17:17:00.000Z,CMO,X,adjusted,channel,11735.324,nT
2026-03-22T17:18:00.000Z,CMO,X,adjusted,channel,11839.094,nT
2026-03-22T17:19:00.000Z,CMO,X,adjusted,channel,11902.972,nT
2026-03-22T17:20:00.000Z,CMO,X,adjusted,channel,11799.162,nT
2026-03-22T17:21:00.000Z,CMO,X,adjusted,channel,11772.032,nT
2026-03-22T17:22:00.000Z,CMO,X,adjusted,channel,11716.336,nT
2026-03-22T17:23:00.000Z,CMO,X,adjusted,channel,11796.533,nT
2026-03-22T17:24:00.000Z,CMO,X,adjusted,channel,11849.578,nT
2026-03-22T17:25:00.000Z,CMO,X,adjusted,channel,12002.711,nT
2026-03-22T17:26:00.000Z,CMO,X,adjusted,channel,12126.043,nT
2026-03-22T17:27:00.000Z,CMO,X,adjusted,channel,12005.86,nT
2026-03-22T17:28:00.000Z,CMO,X,adjusted,channel,12017.383,nT
2026-03-22T17:29:00.000Z,CMO,X,adjusted,channel,11993.354,nT
2026-03-22T17:30:00.000Z,CMO,X,adjusted,channel,11854.921,nT
2026-03-22T17:31:00.000Z,CMO,X,adjusted,channel,11731.879,nT
2026-03-22T17:32:00.000Z,CMO,X,adjusted,channel,11663.351,nT
2026-03-22T17:33:00.000Z,CMO,X,adjusted,channel,11670.833,nT
2026-03-22T17:34:00.000Z,CMO,X,adjusted,channel,11654.39,nT
2026-03-22T17:35:00.000Z,CMO,X,adjusted,channel,11579.602,nT
2026-03-22T17:36:00.000Z,CMO,X,adjusted,channel,11584.213,nT
2026-03-22T17:37:00.000Z,CMO,X,adjusted,channel,11627.867,nT
2026-03-22T17:38:00.000Z,CMO,X,adjusted,channel,11613.035,nT
2026-03-22T17:39:00.000Z,CMO,X,adjusted,channel,11657.101,nT
2026-03-22T17:40:00.000Z,CMO,X,adjusted,channel,11734.454,nT
2026-03-22T17:41:00.000Z,CMO,X,adjusted,channel,11687.277,nT
2026-03-22T17:42:00.000Z,CMO,X,adjusted,channel,11612.151,nT
2026-03-22T17:43:00.000Z,CMO,X,adjusted,channel,11642.018,nT
2026-03-22T17:44:00.000Z,CMO,X,adjusted,channel,11635.918,nT
2026-03-22T17:45:00.000Z,CMO,X,adjusted,channel,11696.744,nT
2026-03-22T17:46:00.000Z,CMO,X,adjusted,channel,11759.093,nT
2026-03-22T17:47:00.000Z,CMO,X,adjusted,channel,11822.271,nT
2026-03-22T17:48:00.000Z,CMO,X,adjusted,channel,11701.939,nT
2026-03-22T17:49:00.000Z,CMO,X,adjusted,channel,11518.073,nT
2026-03-22T17:50:00.000Z,CMO,X,adjusted,channel,11257.918,nT
2026-03-22T17:51:00.000Z,CMO,X,adjusted,channel,11030.717,nT
2026-03-22T17:52:00.000Z,CMO,X,adjusted,channel,10818.107,nT
2026-03-22T17:53:00.000Z,CMO,X,adjusted,channel,10636.466,nT
2026-03-22T17:54:00.000Z,CMO,X,adjusted,channel,10756.863,nT
2026-03-22T17:55:00.000Z,CMO,X,adjusted,channel,11009.889,nT
2026-03-22T17:56:00.000Z,CMO,X,adjusted,channel,11207.534,nT
2026-03-22T17:57:00.000Z,CMO,X,adjusted,channel,11306.792,nT
2026-03-22T17:58:00.000Z,CMO,X,adjusted,channel,11489.606,nT
2026-03-22T17:59:00.000Z,CMO,X,adjusted,channel,11686.972,nT
2026-03-22T18:00:00.000Z,CMO,X,adjusted,channel,11825.732,nT
2026-03-22T18:01:00.000Z,CMO,X,adjusted,channel,11923.569,nT
2026-03-22T18:02:00.000Z,CMO,X,adjusted,channel,11947.389,nT
2026-03-22T18:03:00.000Z,CMO,X,adjusted,channel,11918.008,nT
2026-03-22T18:04:00.000Z,CMO,X,adjusted,channel,11863.404,nT
2026-03-22T18:05:00.000Z,CMO,X,adjusted,channel,11824.504,nT
2026-03-22T18:06:00.000Z,CMO,X,adjusted,channel,11803.842,nT
2026-03-22T18:07:00.000Z,CMO,X,adjusted,channel,11766.695,nT
2026-03-22T18:08:00.000Z,CMO,X,adjusted,channel,11752.679,nT
2026-03-22T18:09:00.000Z,CMO,X,adjusted,channel,11786.336,nT
2026-03-22T18:10:00.000Z,CMO,X,adjusted,channel,11798.971,nT
2026-03-22T18:11:00.000Z,CMO,X,adjusted,channel,11765.858,nT
2026-03-22T18:12:00.000Z,CMO,X,adjusted,channel,11725.617,nT
2026-03-22T18:13:00.000Z,CMO,X,adjusted,channel,11731.528,nT
2026-03-22T18:14:00.000Z,CMO,X,adjusted,channel,11766.179,nT
2026-03-22T18:15:00.000Z,CMO,X,adjusted,channel,11825.703,nT
2026-03-22T18:16:00.000Z,CMO,X,adjusted,channel,11884.272,nT
2026-03-22T18:17:00.000Z,CMO,X,adjusted,channel,11944.342,nT
2026-03-22T18:18:00.000Z,CMO,X,adjusted,channel,11924.81,nT
2026-03-22T18:19:00.000Z,CMO,X,adjusted,channel,11936.589,nT
2026-03-22T18:20:00.000Z,CMO,X,adjusted,channel,11954.746,nT
2026-03-22T18:21:00.000Z,CMO,X,adjusted,channel,11959.999,nT
2026-03-22T18:22:00.000Z,CMO,X,adjusted,channel,11953.286,nT
2026-03-22T18:23:00.000Z,CMO,X,adjusted,channel,11947.158,nT
2026-03-22T18:24:00.000Z,CMO,X,adjusted,channel,11963.517,nT
2026-03-22T18:25:00.000Z,CMO,X,adjusted,channel,11938.892,nT
2026-03-22T18:26:00.000Z,CMO,X,adjusted,channel,11928.51,nT
2026-03-22T18:27:00.000Z,CMO,X,adjusted,channel,11895.439,nT
2026-03-22T18:28:00.000Z,CMO,X,adjusted,channel,11868.361,nT
2026-03-22T18:29:00.000Z,CMO,X,adjusted,channel,11902.243,nT
2026-03-22T18:30:00.000Z,CMO,X,adjusted,channel,11907.443,nT
2026-03-22T18:31:00.000Z,CMO,X,adjusted,channel,11874.765,nT
2026-03-22T18:32:00.000Z,CMO,X,adjusted,channel,11835.168,nT
2026-03-22T18:33:00.000Z,CMO,X,adjusted,channel,11849.52,nT
2026-03-22T18:34:00.000Z,CMO,X,adjusted,channel,11890.055,nT
2026-03-22T18:35:00.000Z,CMO,X,adjusted,channel,11897.637,nT
2026-03-22T18:36:00.000Z,CMO,X,adjusted,channel,11930.77,nT
2026-03-22T18:37:00.000Z,CMO,X,adjusted,channel,11946.885,nT
2026-03-22T18:38:00.000Z,CMO,X,adjusted,channel,11923.418,nT
2026-03-22T18:39:00.000Z,CMO,X,adjusted,channel,11946.054,nT
2026-03-22T18:40:00.000Z,CMO,X,adjusted,channel,11940.208,nT
2026-03-22T18:41:00.000Z,CMO,X,adjusted,channel,11922.203,nT
2026-03-22T18:42:00.000Z,CMO,X,adjusted,channel,11922.235,nT
2026-03-22T18:43:00.000Z,CMO,X,adjusted,channel,11911.901,nT
2026-03-22T18:44:00.000Z,CMO,X,adjusted,channel,11938.025,nT
2026-03-22T18:45:00.000Z,CMO,X,adjusted,channel,11971.3,nT
2026-03-22T18:46:00.000Z,CMO,X,adjusted,channel,11960.01,nT
2026-03-22T18:47:00.000Z,CMO,X,adjusted,channel,11938.978,nT
2026-03-22T18:48:00.000Z,CMO,X,adjusted,channel,11941.814,nT
2026-03-22T18:49:00.000Z,CMO,X,adjusted,channel,11956.414,nT
2026-03-22T18:50:00.000Z,CMO,X,adjusted,channel,12013.279,nT
2026-03-22T18:51:00.000Z,CMO,X,adjusted,channel,11988.67,nT
2026-03-22T18:52:00.000Z,CMO,X,adjusted,channel,12003.859,nT
2026-03-22T18:53:00.000Z,CMO,X,adjusted,channel,12065.6,nT
2026-03-22T18:54:00.000Z,CMO,X,adjusted,channel,12019.223,nT
2026-03-22T18:55:00.000Z,CMO,X,adjusted,channel,12014.2,nT
2026-03-22T18:56:00.000Z,CMO,X,adjusted,channel,12079.307,nT
2026-03-22T18:57:00.000Z,CMO,X,adjusted,channel,12061.384,nT
2026-03-22T18:58:00.000Z,CMO,X,adjusted,channel,11967.137,nT
2026-03-22T18:59:00.000Z,CMO,X,adjusted,channel,12027.124,nT
2026-03-22T19:00:00.000Z,CMO,X,adjusted,channel,12145.12,nT
2026-03-22T19:01:00.000Z,CMO,X,adjusted,channel,12140.002,nT
2026-03-22T19:02:00.000Z,CMO,X,adjusted,channel,12128.134,nT
2026-03-22T19:03:00.000Z,CMO,X,adjusted,channel,12177.114,nT
2026-03-22T19:04:00.000Z,CMO,X,adjusted,channel,12181.222,nT
2026-03-22T19:05:00.000Z,CMO,X,adjusted,channel,12166.062,nT
2026-03-22T19:06:00.000Z,CMO,X,adjusted,channel,12182.297,nT
2026-03-22T19:07:00.000Z,CMO,X,adjusted,channel,12191.565,nT
2026-03-22T19:08:00.000Z,CMO,X,adjusted,channel,12205.733,nT
2026-03-22T19:09:00.000Z,CMO,X,adjusted,channel,12151.949,nT
2026-03-22T19:10:00.000Z,CMO,X,adjusted,channel,12158.137,nT
2026-03-22T19:11:00.000Z,CMO,X,adjusted,channel,12226.794,nT
2026-03-22T19:12:00.000Z,CMO,X,adjusted,channel,12237.428,nT
2026-03-22T19:13:00.000Z,CMO,X,adjusted,channel,12132.326,nT
2026-03-22T19:14:00.000Z,CMO,X,adjusted,channel,12140.99,nT
2026-03-22T19:15:00.000Z,CMO,X,adjusted,channel,12211.378,nT
2026-03-22T19:16:00.000Z,CMO,X,adjusted,channel,12261.877,nT
2026-03-22T19:17:00.000Z,CMO,X,adjusted,channel,12247.738,nT
2026-03-22T19:18:00.000Z,CMO,X,adjusted,channel,12256.167,nT
2026-03-22T19:19:00.000Z,CMO,X,adjusted,channel,12286.499,nT
2026-03-22T19:20:00.000Z,CMO,X,adjusted,channel,12310.309,nT
2026-03-22T19:21:00.000Z,CMO,X,adjusted,channel,12306.31,nT
2026-03-22T19:22:00.000Z,CMO,X,adjusted,channel,12290.819,nT
2026-03-22T19:23:00.000Z,CMO,X,adjusted,channel,12242.442,nT
2026-03-22T19:24:00.000Z,CMO,X,adjusted,channel,12176.08,nT
2026-03-22T19:25:00.000Z,CMO,X,adjusted,channel,12255.184,nT
2026-03-22T19:26:00.000Z,CMO,X,adjusted,channel,12334.566,nT
2026-03-22T19:27:00.000Z,CMO,X,adjusted,channel,12276.838,nT
2026-03-22T19:28:00.000Z,CMO,X,adjusted,channel,12188.209,nT
2026-03-22T19:29:00.000Z,CMO,X,adjusted,channel,12214.409,nT
2026-03-22T19:30:00.000Z,CMO,X,adjusted,channel,12283.522,nT
2026-03-22T19:31:00.000Z,CMO,X,adjusted,channel,12322.571,nT
2026-03-22T19:32:00.000Z,CMO,X,adjusted,channel,12310.926,nT
2026-03-22T19:33:00.000Z,CMO,X,adjusted,channel,12302.191,nT
2026-03-22T19:34:00.000Z,CMO,X,adjusted,channel,12294.588,nT
2026-03-22T19:35:00.000Z,CMO,X,adjusted,channel,12288.916,nT
2026-03-22T19:36:00.000Z,CMO,X,adjusted,channel,12315.721,nT
2026-03-22T19:37:00.000Z,CMO,X,adjusted,channel,12317.956,nT
2026-03-22T19:38:00.000Z,CMO,X,adjusted,channel,12297.225,nT
2026-03-22T19:39:00.000Z,CMO,X,adjusted,channel,12275.964,nT
2026-03-22T19:40:00.000Z,CMO,X,adjusted,channel,12261.382,nT
2026-03-22T19:41:00.000Z,CMO,X,adjusted,channel,12258.994,nT
2026-03-22T19:42:00.000Z,CMO,X,adjusted,channel,12263.478,nT
2026-03-22T19:43:00.000Z,CMO,X,adjusted,channel,12223.028,nT
2026-03-22T19:44:00.000Z,CMO,X,adjusted,channel,12185.02,nT
2026-03-22T19:45:00.000Z,CMO,X,adjusted,channel,12193.372,nT
2026-03-22T19:46:00.000Z,CMO,X,adjusted,channel,12224.443,nT
2026-03-22T19:47:00.000Z,CMO,X,adjusted,channel,12237.468,nT
2026-03-22T19:48:00.000Z,CMO,X,adjusted,channel,12221.56,nT
2026-03-22T19:49:00.000Z,CMO,X,adjusted,channel,12195.329,nT
2026-03-22T19:50:00.000Z,CMO,X,adjusted,channel,12179.894,nT
2026-03-22T19:51:00.000Z,CMO,X,adjusted,channel,12190.025,nT
2026-03-22T19:52:00.000Z,CMO,X,adjusted,channel,12197.927,nT
2026-03-22T19:53:00.000Z,CMO,X,adjusted,channel,12201.715,nT
2026-03-22T19:54:00.000Z,CMO,X,adjusted,channel,12226.338,nT
2026-03-22T19:55:00.000Z,CMO,X,adjusted,channel,12256.658,nT
2026-03-22T19:56:00.000Z,CMO,X,adjusted,channel,12308.613,nT
2026-03-22T19:57:00.000Z,CMO,X,adjusted,channel,12262.152,nT
2026-03-22T19:58:00.000Z,CMO,X,adjusted,channel,12315.742,nT
2026-03-22T19:59:00.000Z,CMO,X,adjusted,channel,12365.16,nT
2026-03-22T20:00:00.000Z,CMO,X,adjusted,channel,12307.58,nT
2026-03-22T20:01:00.000Z,CMO,X,adjusted,channel,12319.554,nT
2026-03-22T20:02:00.000Z,CMO,X,adjusted,channel,12416.952,nT
2026-03-22T20:03:00.000Z,CMO,X,adjusted,channel,12474.278,nT
2026-03-22T20:04:00.000Z,CMO,X,adjusted,channel,12386.62,nT
2026-03-22T20:05:00.000Z,CMO,X,adjusted,channel,12323.051,nT
2026-03-22T20:06:00.000Z,CMO,X,adjusted,channel,12325.276,nT
2026-03-22T20:07:00.000Z,CMO,X,adjusted,channel,12362.635,nT
2026-03-22T20:08:00.000Z,CMO,X,adjusted,channel,12377.179,nT
2026-03-22T20:09:00.000Z,CMO,X,adjusted,channel,12362.563,nT
2026-03-22T20:10:00.000Z,CMO,X,adjusted,channel,12392.52,nT
2026-03-22T20:11:00.000Z,CMO,X,adjusted,channel,12408.822,nT
2026-03-22T20:12:00.000Z,CMO,X,adjusted,channel,12411.406,nT
2026-03-22T20:13:00.000Z,CMO,X,adjusted,channel,12371.756,nT
2026-03-22T20:14:00.000Z,CMO,X,adjusted,channel,12286.002,nT
2026-03-22T20:15:00.000Z,CMO,X,adjusted,channel,12268.83,nT
2026-03-22T20:16:00.000Z,CMO,X,adjusted,channel,12329.027,nT
2026-03-22T20:17:00.000Z,CMO,X,adjusted,channel,12453.852,nT
2026-03-22T20:18:00.000Z,CMO,X,adjusted,channel,12529.09,nT
2026-03-22T20:19:00.000Z,CMO,X,adjusted,channel,12473.243,nT
2026-03-22T20:20:00.000Z,CMO,X,adjusted,channel,12391.044,nT
2026-03-22T20:21:00.000Z,CMO,X,adjusted,channel,12265.417,nT
2026-03-22T20:22:00.000Z,CMO,X,adjusted,channel,12228.471,nT
2026-03-22T20:23:00.000Z,CMO,X,adjusted,channel,12255.95,nT
2026-03-22T20:24:00.000Z,CMO,X,adjusted,channel,12348.185,nT
2026-03-22T20:25:00.000Z,CMO,X,adjusted,channel,12395.399,nT
2026-03-22T20:26:00.000Z,CMO,X,adjusted,channel,12372.916,nT
2026-03-22T20:27:00.000Z,CMO,X,adjusted,channel,12354.059,nT
2026-03-22T20:28:00.000Z,CMO,X,adjusted,channel,12353.017,nT
2026-03-22T20:29:00.000Z,CMO,X,adjusted,channel,12327.932,nT
2026-03-22T20:30:00.000Z,CMO,X,adjusted,channel,12299.707,nT
2026-03-22T20:31:00.000Z,CMO,X,adjusted,channel,12282.867,nT
2026-03-22T20:32:00.000Z,CMO,X,adjusted,channel,12255.801,nT
2026-03-22T20:33:00.000Z,CMO,X,adjusted,channel,12265.008,nT
2026-03-22T20:34:00.000Z,CMO,X,adjusted,channel,12341.681,nT
2026-03-22T20:35:00.000Z,CMO,X,adjusted,channel,12307.748,nT
2026-03-22T20:36:00.000Z,CMO,X,adjusted,channel,12217.464,nT
2026-03-22T20:37:00.000Z,CMO,X,adjusted,channel,12298.834,nT
2026-03-22T20:38:00.000Z,CMO,X,adjusted,channel,12523.784,nT
2026-03-22T20:39:00.000Z,CMO,X,adjusted,channel,12529.945,nT
2026-03-22T20:40:00.000Z,CMO,X,adjusted,channel,12295.352,nT
2026-03-22T20:41:00.000Z,CMO,X,adjusted,channel,12117.175,nT
2026-03-22T20:42:00.000Z,CMO,X,adjusted,channel,12226.154,nT
2026-03-22T20:43:00.000Z,CMO,X,adjusted,channel,12422.447,nT
2026-03-22T20:44:00.000Z,CMO,X,adjusted,channel,12501.817,nT
2026-03-22T20:45:00.000Z,CMO,X,adjusted,channel,12468.351,nT
2026-03-22T20:46:00.000Z,CMO,X,adjusted,channel,12489.336,nT
2026-03-22T20:47:00.000Z,CMO,X,adjusted,channel,12488.529,nT
2026-03-22T20:48:00.000Z,CMO,X,adjusted,channel,12452.343,nT
2026-03-22T20:49:00.000Z,CMO,X,adjusted,channel,12350.969,nT
2026-03-22T20:50:00.000Z,CMO,X,adjusted,channel,12242.684,nT
2026-03-22T20:51:00.000Z,CMO,X,adjusted,channel,12276.998,nT
2026-03-22T20:52:00.000Z,CMO,X,adjusted,channel,12356.135,nT
2026-03-22T20:53:00.000Z,CMO,X,adjusted,channel,12431.384,nT
2026-03-22T20:54:00.000Z,CMO,X,adjusted,channel,12501.715,nT
2026-03-22T20:55:00.000Z,CMO,X,adjusted,channel,12496.513,nT
2026-03-22T20:56:00.000Z,CMO,X,adjusted,channel,12428.204,nT
2026-03-22T20:57:00.000Z,CMO,X,adjusted,channel,12424.095,nT
2026-03-22T20:58:00.000Z,CMO,X,adjusted,channel,12442.73,nT
2026-03-22T20:59:00.000Z,CMO,X,adjusted,channel,12440.95,nT
2026-03-22T21:00:00.000Z,CMO,X,adjusted,channel,12400.481,nT
2026-03-22T21:01:00.000Z,CMO,X,adjusted,channel,12349.474,nT
2026-03-22T21:02:00.000Z,CMO,X,adjusted,channel,12346.974,nT
2026-03-22T21:03:00.000Z,CMO,X,adjusted,channel,12343.898,nT
2026-03-22T21:04:00.000Z,CMO,X,adjusted,channel,12352.033,nT
2026-03-22T21:05:00.000Z,CMO,X,adjusted,channel,12389.575,nT
2026-03-22T21:06:00.000Z,CMO,X,adjusted,channel,12379.328,nT
2026-03-22T21:07:00.000Z,CMO,X,adjusted,channel,12362.057,nT
2026-03-22T21:08:00.000Z,CMO,X,adjusted,channel,12349.161,nT
2026-03-22T21:09:00.000Z,CMO,X,adjusted,channel,12377.293,nT
2026-03-22T21:10:00.000Z,CMO,X,adjusted,channel,12387.82,nT
2026-03-22T21:11:00.000Z,CMO,X,adjusted,channel,12359.848,nT
2026-03-22T21:12:00.000Z,CMO,X,adjusted,channel,12327.511,nT
2026-03-22T21:13:00.000Z,CMO,X,adjusted,channel,12298.886,nT
2026-03-22T21:14:00.000Z,CMO,X,adjusted,channel,12315.883,nT
2026-03-22T21:15:00.000Z,CMO,X,adjusted,channel,12316.561,nT
2026-03-22T21:16:00.000Z,CMO,X,adjusted,channel,12294.828,nT
2026-03-22T21:17:00.000Z,CMO,X,adjusted,channel,12287.45,nT
2026-03-22T21:18:00.000Z,CMO,X,adjusted,channel,12298.236,nT
2026-03-22T21:19:00.000Z,CMO,X,adjusted,channel,12285.393,nT
2026-03-22T21:20:00.000Z,CMO,X,adjusted,channel,12299.198,nT
2026-03-22T21:21:00.000Z,CMO,X,adjusted,channel,12298.069,nT
2026-03-22T21:22:00.000Z,CMO,X,adjusted,channel,12301.56,nT
2026-03-22T21:23:00.000Z,CMO,X,adjusted,channel,12319.539,nT
2026-03-22T21:24:00.000Z,CMO,X,adjusted,channel,12333.585,nT
2026-03-22T21:25:00.000Z,CMO,X,adjusted,channel,12304.384,nT
2026-03-22T21:26:00.000Z,CMO,X,adjusted,channel,12307.072,nT
2026-03-22T21:27:00.000Z,CMO,X,adjusted,channel,12291.946,nT
2026-03-22T21:28:00.000Z,CMO,X,adjusted,channel,12292.123,nT
2026-03-22T21:29:00.000Z,CMO,X,adjusted,channel,12301.711,nT
2026-03-22T21:30:00.000Z,CMO,X,adjusted,channel,12303.896,nT
2026-03-22T21:31:00.000Z,CMO,X,adjusted,channel,12258.966,nT
2026-03-22T21:32:00.000Z,CMO,X,adjusted,channel,12225.977,nT
2026-03-22T21:33:00.000Z,CMO,X,adjusted,channel,12233.833,nT
2026-03-22T21:34:00.000Z,CMO,X,adjusted,channel,12269.485,nT
2026-03-22T21:35:00.000Z,CMO,X,adjusted,channel,12277.909,nT
2026-03-22T21:36:00.000Z,CMO,X,adjusted,channel,12305.17,nT
2026-03-22T21:37:00.000Z,CMO,X,adjusted,channel,12275.38,nT
2026-03-22T21:38:00.000Z,CMO,X,adjusted,channel,12239.813,nT
2026-03-22T21:39:00.000Z,CMO,X,adjusted,channel,12267.347,nT
2026-03-22T21:40:00.000Z,CMO,X,adjusted,channel,12280.103,nT
2026-03-22T21:41:00.000Z,CMO,X,adjusted,channel,12292.315,nT
2026-03-22T21:42:00.000Z,CMO,X,adjusted,channel,12298.195,nT
2026-03-22T21:43:00.000Z,CMO,X,adjusted,channel,12275.58,nT
2026-03-22T21:44:00.000Z,CMO,X,adjusted,channel,12260.292,nT
2026-03-22T21:45:00.000Z,CMO,X,adjusted,channel,12263.627,nT
2026-03-22T21:46:00.000Z,CMO,X,adjusted,channel,12282.646,nT
2026-03-22T21:47:00.000Z,CMO,X,adjusted,channel,12280.802,nT
2026-03-22T21:48:00.000Z,CMO,X,adjusted,channel,12302.42,nT
2026-03-22T21:49:00.000Z,CMO,X,adjusted,channel,12298.984,nT
2026-03-22T21:50:00.000Z,CMO,X,adjusted,channel,12291.152,nT
2026-03-22T21:51:00.000Z,CMO,X,adjusted,channel,12271.537,nT
2026-03-22T21:52:00.000Z,CMO,X,adjusted,channel,12273.18,nT
2026-03-22T21:53:00.000Z,CMO,X,adjusted,channel,12298.295,nT
2026-03-22T21:54:00.000Z,CMO,X,adjusted,channel,12278.257,nT
2026-03-22T21:55:00.000Z,CMO,X,adjusted,channel,12277.416,nT
2026-03-22T21:56:00.000Z,CMO,X,adjusted,channel,12277.712,nT
2026-03-22T21:57:00.000Z,CMO,X,adjusted,channel,12285.677,nT
2026-03-22T21:58:00.000Z,CMO,X,adjusted,channel,12301.883,nT
2026-03-22T21:59:00.000Z,CMO,X,adjusted,channel,12270.609,nT
2026-03-22T22:00:00.000Z,CMO,X,adjusted,channel,12266.408,nT
2026-03-22T22:01:00.000Z,CMO,X,adjusted,channel,12268.658,nT
2026-03-22T22:02:00.000Z,CMO,X,adjusted,channel,12279.491,nT
2026-03-22T22:03:00.000Z,CMO,X,adjusted,channel,12296.484,nT
2026-03-22T22:04:00.000Z,CMO,X,adjusted,channel,12290.405,nT
2026-03-22T22:05:00.000Z,CMO,X,adjusted,channel,12268.069,nT
2026-03-22T22:06:00.000Z,CMO,X,adjusted,channel,12275.754,nT
2026-03-22T22:07:00.000Z,CMO,X,adjusted,channel,12264.789,nT
2026-03-22T22:08:00.000Z,CMO,X,adjusted,channel,12272.736,nT
2026-03-22T22:09:00.000Z,CMO,X,adjusted,channel,12266.233,nT
2026-03-22T22:10:00.000Z,CMO,X,adjusted,channel,12278.504,nT
2026-03-22T22:11:00.000Z,CMO,X,adjusted,channel,12282.826,nT
2026-03-22T22:12:00.000Z,CMO,X,adjusted,channel,12292.308,nT
2026-03-22T22:13:00.000Z,CMO,X,adjusted,channel,12288.906,nT
2026-03-22T22:14:00.000Z,CMO,X,adjusted,channel,12273.52,nT
2026-03-22T22:15:00.000Z,CMO,X,adjusted,channel,12267.401,nT
2026-03-22T22:16:00.000Z,CMO,X,adjusted,channel,12286.205,nT
2026-03-22T22:17:00.000Z,CMO,X,adjusted,channel,12280.486,nT
2026-03-22T22:18:00.000Z,CMO,X,adjusted,channel,12264.461,nT
2026-03-22T22:19:00.000Z,CMO,X,adjusted,channel,12248.733,nT
2026-03-22T22:20:00.000Z,CMO,X,adjusted,channel,12236.998,nT
2026-03-22T22:21:00.000Z,CMO,X,adjusted,channel,12233.654,nT
2026-03-22T22:22:00.000Z,CMO,X,adjusted,channel,12248.3,nT
2026-03-22T22:23:00.000Z,CMO,X,adjusted,channel,12269.111,nT
2026-03-22T22:24:00.000Z,CMO,X,adjusted,channel,12276.025,nT
2026-03-22T22:25:00.000Z,CMO,X,adjusted,channel,12285.683,nT
2026-03-22T22:26:00.000Z,CMO,X,adjusted,channel,12275.743,nT
2026-03-22T22:27:00.000Z,CMO,X,adjusted,channel,12264.06,nT
2026-03-22T22:28:00.000Z,CMO,X,adjusted,channel,12271.508,nT
2026-03-22T22:29:00.000Z,CMO,X,adjusted,channel,12280.636,nT
2026-03-22T22:30:00.000Z,CMO,X,adjusted,channel,12303.342,nT
2026-03-22T22:31:00.000Z,CMO,X,adjusted,channel,12326.916,nT
2026-03-22T22:32:00.000Z,CMO,X,adjusted,channel,12296.872,nT
2026-03-22T22:33:00.000Z,CMO,X,adjusted,channel,12293.15,nT
2026-03-22T22:34:00.000Z,CMO,X,adjusted,channel,12295.162,nT
2026-03-22T22:35:00.000Z,CMO,X,adjusted,channel,12298.197,nT
2026-03-22T22:36:00.000Z,CMO,X,adjusted,channel,12300.756,nT
2026-03-22T22:37:00.000Z,CMO,X,adjusted,channel,12302.95,nT
2026-03-22T22:38:00.000Z,CMO,X,adjusted,channel,12304.583,nT
2026-03-22T22:39:00.000Z,CMO,X,adjusted,channel,12278.657,nT
2026-03-22T22:40:00.000Z,CMO,X,adjusted,channel,12264.354,nT
2026-03-22T22:41:00.000Z,CMO,X,adjusted,channel,12266.934,nT
2026-03-22T22:42:00.000Z,CMO,X,adjusted,channel,12280.674,nT
2026-03-22T22:43:00.000Z,CMO,X,adjusted,channel,12297.875,nT
2026-03-22T22:44:00.000Z,CMO,X,adjusted,channel,12309.351,nT
2026-03-22T22:45:00.000Z,CMO,X,adjusted,channel,12291.01,nT
2026-03-22T22:46:00.000Z,CMO,X,adjusted,channel,12271.483,nT
2026-03-22T22:47:00.000Z,CMO,X,adjusted,channel,12294.018,nT
2026-03-22T22:48:00.000Z,CMO,X,adjusted,channel,12305.347,nT
2026-03-22T22:49:00.000Z,CMO,X,adjusted,channel,12305.393,nT
2026-03-22T22:50:00.000Z,CMO,X,adjusted,channel,12309.711,nT
2026-03-22T22:51:00.000Z,CMO,X,adjusted,channel,12349.131,nT
2026-03-22T22:52:00.000Z,CMO,X,adjusted,channel,12364.402,nT
2026-03-22T22:53:00.000Z,CMO,X,adjusted,channel,12290.366,nT
2026-03-22T22:54:00.000Z,CMO,X,adjusted,channel,12256.196,nT
2026-03-22T22:55:00.000Z,CMO,X,adjusted,channel,12309.347,nT
2026-03-22T22:56:00.000Z,CMO,X,adjusted,channel,12357.415,nT
2026-03-22T22:57:00.000Z,CMO,X,adjusted,channel,12343.341,nT
2026-03-22T22:58:00.000Z,CMO,X,adjusted,channel,12302.359,nT
2026-03-22T22:59:00.000Z,CMO,X,adjusted,channel,12289.874,nT
2026-03-22T23:00:00.000Z,CMO,X,adjusted,channel,12335.641,nT
2026-03-22T23:01:00.000Z,CMO,X,adjusted,channel,12368.066,nT
2026-03-22T23:02:00.000Z,CMO,X,adjusted,channel,12344.991,nT
2026-03-22T23:03:00.000Z,CMO,X,adjusted,channel,12332.571,nT
2026-03-22T23:04:00.000Z,CMO,X,adjusted,channel,12346.418,nT
2026-03-22T23:05:00.000Z,CMO,X,adjusted,channel,12350.498,nT
2026-03-22T23:06:00.000Z,CMO,X,adjusted,channel,12344.468,nT
2026-03-22T23:07:00.000Z,CMO,X,adjusted,channel,12335.298,nT
2026-03-22T23:08:00.000Z,CMO,X,adjusted,channel,12332.717,nT
2026-03-22T23:09:00.000Z,CMO,X,adjusted,channel,12328.698,nT
2026-03-22T23:10:00.000Z,CMO,X,adjusted,channel,12326.237,nT
2026-03-22T23:11:00.000Z,CMO,X,adjusted,channel,12350.179,nT
2026-03-22T23:12:00.000Z,CMO,X,adjusted,channel,12349.806,nT
2026-03-22T23:13:00.000Z,CMO,X,adjusted,channel,12352.066,nT
2026-03-22T23:14:00.000Z,CMO,X,adjusted,channel,12379.349,nT
2026-03-22T23:15:00.000Z,CMO,X,adjusted,channel,12418.889,nT
2026-03-22T23:16:00.000Z,CMO,X,adjusted,channel,12428.116,nT
2026-03-22T23:17:00.000Z,CMO,X,adjusted,channel,12386.054,nT
2026-03-22T23:18:00.000Z,CMO,X,adjusted,channel,12368.998,nT
2026-03-22T23:19:00.000Z,CMO,X,adjusted,channel,12391.015,nT
2026-03-22T23:20:00.000Z,CMO,X,adjusted,channel,12411.445,nT
2026-03-22T23:21:00.000Z,CMO,X,adjusted,channel,12415.542,nT
2026-03-22T23:22:00.000Z,CMO,X,adjusted,channel,12415.546,nT
2026-03-22T23:23:00.000Z,CMO,X,adjusted,channel,12425.458,nT
2026-03-22T23:24:00.000Z,CMO,X,adjusted,channel,12431.83,nT
2026-03-22T23:25:00.000Z,CMO,X,adjusted,channel,12412.477,nT
2026-03-22T23:26:00.000Z,CMO,X,adjusted,channel,12390.141,nT
2026-03-22T23:27:00.000Z,CMO,X,adjusted,channel,12399.21,nT
2026-03-22T23:28:00.000Z,CMO,X,adjusted,channel,12427.058,nT
2026-03-22T23:29:00.000Z,CMO,X,adjusted,channel,12441.328,nT
2026-03-22T23:30:00.000Z,CMO,X,adjusted,channel,12463.945,nT
2026-03-22T23:31:00.000Z,CMO,X,adjusted,channel,12447.743,nT
2026-03-22T23:32:00.000Z,CMO,X,adjusted,channel,12449.537,nT
2026-03-22T23:33:00.000Z,CMO,X,adjusted,channel,12503.641,nT
2026-03-22T23:34:00.000Z,CMO,X,adjusted,channel,12510.219,nT
2026-03-22T23:35:00.000Z,CMO,X,adjusted,channel,12537.167,nT
2026-03-22T23:36:00.000Z,CMO,X,adjusted,channel,12527.972,nT
2026-03-22T23:37:00.000Z,CMO,X,adjusted,channel,12533.264,nT
2026-03-22T23:38:00.000Z,CMO,X,adjusted,channel,12524.747,nT
2026-03-22T23:39:00.000Z,CMO,X,adjusted,channel,12495.527,nT
2026-03-22T23:40:00.000Z,CMO,X,adjusted,channel,12504.397,nT
2026-03-22T23:41:00.000Z,CMO,X,adjusted,channel,12553.09,nT
2026-03-22T23:42:00.000Z,CMO,X,adjusted,channel,12598.83,nT
2026-03-22T23:43:00.000Z,CMO,X,adjusted,channel,12595.426,nT
2026-03-22T23:44:00.000Z,CMO,X,adjusted,channel,12584.745,nT
2026-03-22T23:45:00.000Z,CMO,X,adjusted,channel,12572.081,nT
2026-03-22T23:46:00.000Z,CMO,X,adjusted,channel,12550.761,nT
2026-03-22T23:47:00.000Z,CMO,X,adjusted,channel,12500.43,nT
2026-03-22T23:48:00.000Z,CMO,X,adjusted,channel,12432.787,nT
2026-03-22T23:49:00.000Z,CMO,X,adjusted,channel,12443.745,nT
2026-03-22T23:50:00.000Z,CMO,X,adjusted,channel,12487.657,nT
2026-03-22T23:51:00.000Z,CMO,X,adjusted,channel,12530.835,nT
2026-03-22T23:52:00.000Z,CMO,X,adjusted,channel,12535.999,nT
2026-03-22T23:53:00.000Z,CMO,X,adjusted,channel,12490.052,nT
2026-03-22T23:54:00.000Z,CMO,X,adjusted,channel,12463.069,nT
2026-03-22T23:55:00.000Z,CMO,X,adjusted,channel,12460.662,nT
2026-03-22T23:56:00.000Z,CMO,X,adjusted,channel,12446.958,nT
2026-03-22T23:57:00.000Z,CMO,X,adjusted,channel,12423.493,nT
2026-03-22T23:58:00.000Z,CMO,X,adjusted,channel,12410.5,nT
2026-03-22T23:59:00.000Z,CMO,X,adjusted,channel,12433.228,nT
2026-03-23T00:00:00.000Z,CMO,X,adjusted,channel,12433.397,nT
2026-03-23T00:01:00.000Z,CMO,X,adjusted,channel,12437.092,nT
2026-03-23T00:02:00.000Z,CMO,X,adjusted,channel,12482.549,nT
2026-03-23T00:03:00.000Z,CMO,X,adjusted,channel,12459.944,nT
2026-03-23T00:04:00.000Z,CMO,X,adjusted,channel,12436.963,nT
2026-03-23T00:05:00.000Z,CMO,X,adjusted,channel,12488.355,nT
2026-03-23T00:06:00.000Z,CMO,X,adjusted,channel,12456.1,nT
2026-03-23T00:07:00.000Z,CMO,X,adjusted,channel,12371.7,nT
2026-03-23T00:08:00.000Z,CMO,X,adjusted,channel,12387.514,nT
2026-03-23T00:09:00.000Z,CMO,X,adjusted,channel,12486.897,nT
2026-03-23T00:10:00.000Z,CMO,X,adjusted,channel,12492.676,nT
2026-03-23T00:11:00.000Z,CMO,X,adjusted,channel,12446.292,nT
2026-03-23T00:12:00.000Z,CMO,X,adjusted,channel,12394.902,nT
2026-03-23T00:13:00.000Z,CMO,X,adjusted,channel,12381.425,nT
2026-03-23T00:14:00.000Z,CMO,X,adjusted,channel,12409.003,nT
2026-03-23T00:15:00.000Z,CMO,X,adjusted,channel,12436.811,nT
2026-03-23T00:16:00.000Z,CMO,X,adjusted,channel,12436.945,nT
2026-03-23T00:17:00.000Z,CMO,X,adjusted,channel,12438.081,nT
2026-03-23T00:18:00.000Z,CMO,X,adjusted,channel,12432.383,nT
2026-03-23T00:19:00.000Z,CMO,X,adjusted,channel,12430.101,nT
2026-03-23T00:20:00.000Z,CMO,X,adjusted,channel,12439.507,nT
2026-03-23T00:21:00.000Z,CMO,X,adjusted,channel,12440.135,nT
2026-03-23T00:22:00.000Z,CMO,X,adjusted,channel,12422.805,nT
2026-03-23T00:23:00.000Z,CMO,X,adjusted,channel,12395.725,nT
2026-03-23T00:24:00.000Z,CMO,X,adjusted,channel,12393.723,nT
2026-03-23T00:25:00.000Z,CMO,X,adjusted,channel,12418.779,nT
2026-03-23T00:26:00.000Z,CMO,X,adjusted,channel,12423.538,nT
2026-03-23T00:27:00.000Z,CMO,X,adjusted,channel,12426.079,nT
2026-03-23T00:28:00.000Z,CMO,X,adjusted,channel,12411.499,nT
2026-03-23T00:29:00.000Z,CMO,X,adjusted,channel,12395.038,nT
2026-03-23T00:30:00.000Z,CMO,X,adjusted,channel,12368.156,nT
2026-03-23T00:31:00.000Z,CMO,X,adjusted,channel,12347.795,nT
2026-03-23T00:32:00.000Z,CMO,X,adjusted,channel,12328.99,nT
2026-03-23T00:33:00.000Z,CMO,X,adjusted,channel,12334.064,nT
2026-03-23T00:34:00.000Z,CMO,X,adjusted,channel,12341.611,nT
2026-03-23T00:35:00.000Z,CMO,X,adjusted,channel,12340.304,nT
2026-03-23T00:36:00.000Z,CMO,X,adjusted,channel,12346.28,nT
2026-03-23T00:37:00.000Z,CMO,X,adjusted,channel,12371.118,nT
2026-03-23T00:38:00.000Z,CMO,X,adjusted,channel,12401.462,nT
2026-03-23T00:39:00.000Z,CMO,X,adjusted,channel,12419.762,nT
2026-03-23T00:40:00.000Z,CMO,X,adjusted,channel,12423.309,nT
2026-03-23T00:41:00.000Z,CMO,X,adjusted,channel,12411.786,nT
2026-03-23T00:42:00.000Z,CMO,X,adjusted,channel,12398.537,nT
2026-03-23T00:43:00.000Z,CMO,X,adjusted,channel,12384.674,nT
2026-03-23T00:44:00.000Z,CMO,X,adjusted,channel,12391.585,nT
2026-03-23T00:45:00.000Z,CMO,X,adjusted,channel,12411.814,nT
2026-03-23T00:46:00.000Z,CMO,X,adjusted,channel,12404.09,nT
2026-03-23T00:47:00.000Z,CMO,X,adjusted,channel,12394.612,nT
2026-03-23T00:48:00.000Z,CMO,X,adjusted,channel,12383.373,nT
2026-03-23T00:49:00.000Z,CMO,X,adjusted,channel,12364.56,nT
2026-03-23T00:50:00.000Z,CMO,X,adjusted,channel,12345.865,nT
2026-03-23T00:51:00.000Z,CMO,X,adjusted,channel,12335.216,nT
2026-03-23T00:52:00.000Z,CMO,X,adjusted,channel,12320.575,nT
2026-03-23T00:53:00.000Z,CMO,X,adjusted,channel,12308.961,nT
2026-03-23T00:54:00.000Z,CMO,X,adjusted,channel,12300.958,nT
2026-03-23T00:55:00.000Z,CMO,X,adjusted,channel,12289.794,nT
2026-03-23T00:56:00.000Z,CMO,X,adjusted,channel,12278.243,nT
2026-03-23T00:57:00.000Z,CMO,X,adjusted,channel,12274.404,nT
2026-03-23T00:58:00.000Z,CMO,X,adjusted,channel,12284.744,nT
2026-03-23T00:59:00.000Z,CMO,X,adjusted,channel,12288.543,nT
2026-03-23T01:00:00.000Z,CMO,X,adjusted,channel,12297.437,nT
2026-03-23T01:01:00.000Z,CMO,X,adjusted,channel,12303.163,nT
2026-03-23T01:02:00.000Z,CMO,X,adjusted,channel,12307.033,nT
2026-03-23T01:03:00.000Z,CMO,X,adjusted,channel,12309.177,nT
2026-03-23T01:04:00.000Z,CMO,X,adjusted,channel,12314.383,nT
2026-03-23T01:05:00.000Z,CMO,X,adjusted,channel,12313.884,nT
2026-03-23T01:06:00.000Z,CMO,X,adjusted,channel,12326.095,nT
2026-03-23T01:07:00.000Z,CMO,X,adjusted,channel,12350.703,nT
2026-03-23T01:08:00.000Z,CMO,X,adjusted,channel,12369.212,nT
2026-03-23T01:09:00.000Z,CMO,X,adjusted,channel,12369.168,nT
2026-03-23T01:10:00.000Z,CMO,X,adjusted,channel,12365.104,nT
2026-03-23T01:11:00.000Z,CMO,X,adjusted,channel,12361.935,nT
2026-03-23T01:12:00.000Z,CMO,X,adjusted,channel,12358.213,nT
2026-03-23T01:13:00.000Z,CMO,X,adjusted,channel,12386.885,nT
2026-03-23T01:14:00.000Z,CMO,X,adjusted,channel,12392.263,nT
2026-03-23T01:15:00.000Z,CMO,X,adjusted,channel,12357.648,nT
2026-03-23T01:16:00.000Z,CMO,X,adjusted,channel,12327.154,nT
2026-03-23T01:17:00.000Z,CMO,X,adjusted,channel,12348.94,nT
2026-03-23T01:18:00.000Z,CMO,X,adjusted,channel,12382.485,nT
2026-03-23T01:19:00.000Z,CMO,X,adjusted,channel,12384.086,nT
2026-03-23T01:20:00.000Z,CMO,X,adjusted,channel,12371.981,nT
2026-03-23T01:21:00.000Z,CMO,X,adjusted,channel,12380.827,nT
2026-03-23T01:22:00.000Z,CMO,X,adjusted,channel,12398.324,nT
2026-03-23T01:23:00.000Z,CMO,X,adjusted,channel,12408.032,nT
2026-03-23T01:24:00.000Z,CMO,X,adjusted,channel,12409.719,nT
2026-03-23T01:25:00.000Z,CMO,X,adjusted,channel,12409.436,nT
2026-03-23T01:26:00.000Z,CMO,X,adjusted,channel,12407.934,nT
2026-03-23T01:27:00.000Z,CMO,X,adjusted,channel,12403.84,nT
2026-03-23T01:28:00.000Z,CMO,X,adjusted,channel,12403.092,nT
2026-03-23T01:29:00.000Z,CMO,X,adjusted,channel,12404.29,nT
2026-03-23T01:30:00.000Z,CMO,X,adjusted,channel,12388.98,nT
2026-03-23T01:31:00.000Z,CMO,X,adjusted,channel,12350.679,nT
2026-03-23T01:32:00.000Z,CMO,X,adjusted,channel,12319.215,nT
2026-03-23T01:33:00.000Z,CMO,X,adjusted,channel,12329.956,nT
2026-03-23T01:34:00.000Z,CMO,X,adjusted,channel,12347.484,nT
2026-03-23T01:35:00.000Z,CMO,X,adjusted,channel,12331.143,nT
2026-03-23T01:36:00.000Z,CMO,X,adjusted,channel,12319.457,nT
2026-03-23T01:37:00.000Z,CMO,X,adjusted,channel,12323.428,nT
2026-03-23T01:38:00.000Z,CMO,X,adjusted,channel,12319.113,nT
2026-03-23T01:39:00.000Z,CMO,X,adjusted,channel,12302.195,nT
2026-03-23T01:40:00.000Z,CMO,X,adjusted,channel,12301.344,nT
2026-03-23T01:41:00.000Z,CMO,X,adjusted,channel,12313.472,nT
2026-03-23T01:42:00.000Z,CMO,X,adjusted,channel,12312.957,nT
2026-03-23T01:43:00.000Z,CMO,X,adjusted,channel,12316.459,nT
2026-03-23T01:44:00.000Z,CMO,X,adjusted,channel,12339.607,nT
2026-03-23T01:45:00.000Z,CMO,X,adjusted,channel,12364.404,nT
2026-03-23T01:46:00.000Z,CMO,X,adjusted,channel,12384.787,nT
2026-03-23T01:47:00.000Z,CMO,X,adjusted,channel,12446.68,nT
2026-03-23T01:48:00.000Z,CMO,X,adjusted,channel,12476.8,nT
2026-03-23T01:49:00.000Z,CMO,X,adjusted,channel,12383.8,nT
2026-03-23T01:50:00.000Z,CMO,X,adjusted,channel,12340.226,nT
2026-03-23T01:51:00.000Z,CMO,X,adjusted,channel,12365.046,nT
2026-03-23T01:52:00.000Z,CMO,X,adjusted,channel,12393.935,nT
2026-03-23T01:53:00.000Z,CMO,X,adjusted,channel,12386.182,nT
2026-03-23T01:54:00.000Z,CMO,X,adjusted,channel,12350.028,nT
2026-03-23T01:55:00.000Z,CMO,X,adjusted,channel,12331.53,nT
2026-03-23T01:56:00.000Z,CMO,X,adjusted,channel,12325.064,nT
2026-03-23T01:57:00.000Z,CMO,X,adjusted,channel,12341.736,nT
2026-03-23T01:58:00.000Z,CMO,X,adjusted,channel,12347.069,nT
2026-03-23T01:59:00.000Z,CMO,X,adjusted,channel,12357.749,nT
2026-03-23T02:00:00.000Z,CMO,X,adjusted,channel,12361.15,nT
2026-03-23T02:01:00.000Z,CMO,X,adjusted,channel,12355.915,nT
2026-03-23T02:02:00.000Z,CMO,X,adjusted,channel,12362.763,nT
2026-03-23T02:03:00.000Z,CMO,X,adjusted,channel,12370.851,nT
2026-03-23T02:04:00.000Z,CMO,X,adjusted,channel,12383.262,nT
2026-03-23T02:05:00.000Z,CMO,X,adjusted,channel,12404.576,nT
2026-03-23T02:06:00.000Z,CMO,X,adjusted,channel,12409.061,nT
2026-03-23T02:07:00.000Z,CMO,X,adjusted,channel,12415.397,nT
2026-03-23T02:08:00.000Z,CMO,X,adjusted,channel,12419.267,nT
2026-03-23T02:09:00.000Z,CMO,X,adjusted,channel,12430.921,nT
2026-03-23T02:10:00.000Z,CMO,X,adjusted,channel,12436.116,nT
2026-03-23T02:11:00.000Z,CMO,X,adjusted,channel,12451.41,nT
2026-03-23T02:12:00.000Z,CMO,X,adjusted,channel,12455.956,nT
2026-03-23T02:13:00.000Z,CMO,X,adjusted,channel,12469.77,nT
2026-03-23T02:14:00.000Z,CMO,X,adjusted,channel,12486.312,nT
2026-03-23T02:15:00.000Z,CMO,X,adjusted,channel,12480.966,nT
2026-03-23T02:16:00.000Z,CMO,X,adjusted,channel,12471.065,nT
2026-03-23T02:17:00.000Z,CMO,X,adjusted,channel,12481.909,nT
2026-03-23T02:18:00.000Z,CMO,X,adjusted,channel,12492.859,nT
2026-03-23T02:19:00.000Z,CMO,X,adjusted,channel,12493.635,nT
2026-03-23T02:20:00.000Z,CMO,X,adjusted,channel,12492.038,nT
2026-03-23T02:21:00.000Z,CMO,X,adjusted,channel,12479.535,nT
2026-03-23T02:22:00.000Z,CMO,X,adjusted,channel,12469.548,nT
2026-03-23T02:23:00.000Z,CMO,X,adjusted,channel,12477.549,nT
2026-03-23T02:24:00.000Z,CMO,X,adjusted,channel,12484.425,nT
2026-03-23T02:25:00.000Z,CMO,X,adjusted,channel,12498.127,nT
2026-03-23T02:26:00.000Z,CMO,X,adjusted,channel,12508.469,nT
2026-03-23T02:27:00.000Z,CMO,X,adjusted,channel,12490.375,nT
2026-03-23T02:28:00.000Z,CMO,X,adjusted,channel,12492.335,nT
2026-03-23T02:29:00.000Z,CMO,X,adjusted,channel,12498.54,nT
2026-03-23T02:30:00.000Z,CMO,X,adjusted,channel,12502.634,nT
2026-03-23T02:31:00.000Z,CMO,X,adjusted,channel,12498.502,nT
2026-03-23T02:32:00.000Z,CMO,X,adjusted,channel,12491.751,nT
2026-03-23T02:33:00.000Z,CMO,X,adjusted,channel,12468.063,nT
2026-03-23T02:34:00.000Z,CMO,X,adjusted,channel,12450.015,nT
2026-03-23T02:35:00.000Z,CMO,X,adjusted,channel,12431.504,nT
2026-03-23T02:36:00.000Z,CMO,X,adjusted,channel,12409.173,nT
2026-03-23T02:37:00.000Z,CMO,X,adjusted,channel,12429.774,nT
2026-03-23T02:38:00.000Z,CMO,X,adjusted,channel,12481.142,nT
2026-03-23T02:39:00.000Z,CMO,X,adjusted,channel,12491.275,nT
2026-03-23T02:40:00.000Z,CMO,X,adjusted,channel,12485.696,nT
2026-03-23T02:41:00.000Z,CMO,X,adjusted,channel,12523.642,nT
2026-03-23T02:42:00.000Z,CMO,X,adjusted,channel,12549.342,nT
2026-03-23T02:43:00.000Z,CMO,X,adjusted,channel,12543.806,nT
2026-03-23T02:44:00.000Z,CMO,X,adjusted,channel,12556.982,nT
2026-03-23T02:45:00.000Z,CMO,X,adjusted,channel,12577.63,nT
2026-03-23T02:46:00.000Z,CMO,X,adjusted,channel,12592.146,nT
2026-03-23T02:47:00.000Z,CMO,X,adjusted,channel,12589.751,nT
2026-03-23T02:48:00.000Z,CMO,X,adjusted,channel,12577.617,nT
2026-03-23T02:49:00.000Z,CMO,X,adjusted,channel,12584.933,nT
2026-03-23T02:50:00.000Z,CMO,X,adjusted,channel,12575.959,nT
2026-03-23T02:51:00.000Z,CMO,X,adjusted,channel,12553.437,nT
2026-03-23T02:52:00.000Z,CMO,X,adjusted,channel,12530.291,nT
2026-03-23T02:53:00.000Z,CMO,X,adjusted,channel,12524.951,nT
2026-03-23T02:54:00.000Z,CMO,X,adjusted,channel,12501.138,nT
2026-03-23T02:55:00.000Z,CMO,X,adjusted,channel,12492.119,nT
2026-03-23T02:56:00.000Z,CMO,X,adjusted,channel,12483.844,nT
2026-03-23T02:57:00.000Z,CMO,X,adjusted,channel,12452.475,nT
2026-03-23T02:58:00.000Z,CMO,X,adjusted,channel,12428.025,nT
2026-03-23T02:59:00.000Z,CMO,X,adjusted,channel,12424.783,nT
2026-03-23T03:00:00.000Z,CMO,X,adjusted,channel,12443.003,nT
2026-03-23T03:01:00.000Z,CMO,X,adjusted,channel,12433.907,nT
2026-03-23T03:02:00.000Z,CMO,X,adjusted,channel,12429.639,nT
2026-03-23T03:03:00.000Z,CMO,X,adjusted,channel,12428.606,nT
2026-03-23T03:04:00.000Z,CMO,X,adjusted,channel,12424.838,nT
2026-03-23T03:05:00.000Z,CMO,X,adjusted,channel,12428.765,nT
2026-03-23T03:06:00.000Z,CMO,X,adjusted,channel,12449.313,nT
2026-03-23T03:07:00.000Z,CMO,X,adjusted,channel,12474.537,nT
2026-03-23T03:08:00.000Z,CMO,X,adjusted,channel,12475.834,nT
2026-03-23T03:09:00.000Z,CMO,X,adjusted,channel,12452.382,nT
2026-03-23T03:10:00.000Z,CMO,X,adjusted,channel,12455.788,nT
2026-03-23T03:11:00.000Z,CMO,X,adjusted,channel,12471.409,nT
2026-03-23T03:12:00.000Z,CMO,X,adjusted,channel,12441.679,nT
2026-03-23T03:13:00.000Z,CMO,X,adjusted,channel,12417.541,nT
2026-03-23T03:14:00.000Z,CMO,X,adjusted,channel,12432.497,nT
2026-03-23T03:15:00.000Z,CMO,X,adjusted,channel,12456.41,nT
2026-03-23T03:16:00.000Z,CMO,X,adjusted,channel,12506.726,nT
2026-03-23T03:17:00.000Z,CMO,X,adjusted,channel,12538.404,nT
2026-03-23T03:18:00.000Z,CMO,X,adjusted,channel,12532.406,nT
2026-03-23T03:19:00.000Z,CMO,X,adjusted,channel,12528.322,nT
2026-03-23T03:20:00.000Z,CMO,X,adjusted,channel,12514.256,nT
2026-03-23T03:21:00.000Z,CMO,X,adjusted,channel,12474.589,nT
2026-03-23T03:22:00.000Z,CMO,X,adjusted,channel,12449.476,nT
2026-03-23T03:23:00.000Z,CMO,X,adjusted,channel,12446.381,nT
2026-03-23T03:24:00.000Z,CMO,X,adjusted,channel,12449.136,nT
2026-03-23T03:25:00.000Z,CMO,X,adjusted,channel,12438.308,nT
2026-03-23T03:26:00.000Z,CMO,X,adjusted,channel,12432.557,nT
2026-03-23T03:27:00.000Z,CMO,X,adjusted,channel,12416.441,nT
2026-03-23T03:28:00.000Z,CMO,X,adjusted,channel,12410.569,nT
2026-03-23T03:29:00.000Z,CMO,X,adjusted,channel,12424.761,nT
2026-03-23T03:30:00.000Z,CMO,X,adjusted,channel,12440.701,nT
2026-03-23T03:31:00.000Z,CMO,X,adjusted,channel,12437.907,nT
2026-03-23T03:32:00.000Z,CMO,X,adjusted,channel,12427.709,nT
2026-03-23T03:33:00.000Z,CMO,X,adjusted,channel,12408.505,nT
2026-03-23T03:34:00.000Z,CMO,X,adjusted,channel,12390.325,nT
2026-03-23T03:35:00.000Z,CMO,X,adjusted,channel,12363.491,nT
2026-03-23T03:36:00.000Z,CMO,X,adjusted,channel,12354.825,nT
2026-03-23T03:37:00.000Z,CMO,X,adjusted,channel,12342.229,nT
2026-03-23T03:38:00.000Z,CMO,X,adjusted,channel,12334.12,nT
2026-03-23T03:39:00.000Z,CMO,X,adjusted,channel,12334.848,nT
2026-03-23T03:40:00.000Z,CMO,X,adjusted,channel,12356.469,nT
2026-03-23T03:41:00.000Z,CMO,X,adjusted,channel,12363.018,nT
2026-03-23T03:42:00.000Z,CMO,X,adjusted,channel,12343.823,nT
2026-03-23T03:43:00.000Z,CMO,X,adjusted,channel,12325.587,nT
2026-03-23T03:44:00.000Z,CMO,X,adjusted,channel,12349.28,nT
2026-03-23T03:45:00.000Z,CMO,X,adjusted,channel,12365.915,nT
2026-03-23T03:46:00.000Z,CMO,X,adjusted,channel,12357.879,nT
2026-03-23T03:47:00.000Z,CMO,X,adjusted,channel,12367.354,nT
2026-03-23T03:48:00.000Z,CMO,X,adjusted,channel,12376.909,nT
2026-03-23T03:49:00.000Z,CMO,X,adjusted,channel,12376.133,nT
2026-03-23T03:50:00.000Z,CMO,X,adjusted,channel,12388.936,nT
2026-03-23T03:51:00.000Z,CMO,X,adjusted,channel,12417.028,nT
2026-03-23T03:52:00.000Z,CMO,X,adjusted,channel,12414.752,nT
2026-03-23T03:53:00.000Z,CMO,X,adjusted,channel,12396.19,nT
2026-03-23T03:54:00.000Z,CMO,X,adjusted,channel,12395.658,nT
2026-03-23T03:55:00.000Z,CMO,X,adjusted,channel,12402.78,nT
2026-03-23T03:56:00.000Z,CMO,X,adjusted,channel,12383.488,nT
2026-03-23T03:57:00.000Z,CMO,X,adjusted,channel,12369.478,nT
2026-03-23T03:58:00.000Z,CMO,X,adjusted,channel,12367.516,nT
2026-03-23T03:59:00.000Z,CMO,X,adjusted,channel,12356.13,nT
2026-03-23T04:00:00.000Z,CMO,X,adjusted,channel,12355.12,nT
2026-03-23T04:01:00.000Z,CMO,X,adjusted,channel,12368.567,nT
2026-03-23T04:02:00.000Z,CMO,X,adjusted,channel,12376.627,nT
2026-03-23T04:03:00.000Z,CMO,X,adjusted,channel,12373.247,nT
2026-03-23T04:04:00.000Z,CMO,X,adjusted,channel,12387.31,nT
2026-03-23T04:05:00.000Z,CMO,X,adjusted,channel,12392.418,nT
2026-03-23T04:06:00.000Z,CMO,X,adjusted,channel,12396.417,nT
2026-03-23T04:07:00.000Z,CMO,X,adjusted,channel,12391.213,nT
2026-03-23T04:08:00.000Z,CMO,X,adjusted,channel,12388.056,nT
2026-03-23T04:09:00.000Z,CMO,X,adjusted,channel,12383.954,nT
2026-03-23T04:10:00.000Z,CMO,X,adjusted,channel,12376.913,nT
2026-03-23T04:11:00.000Z,CMO,X,adjusted,channel,12378.526,nT
2026-03-23T04:12:00.000Z,CMO,X,adjusted,channel,12395.469,nT
2026-03-23T04:13:00.000Z,CMO,X,adjusted,channel,12408.83,nT
2026-03-23T04:14:00.000Z,CMO,X,adjusted,channel,12406.768,nT
2026-03-23T04:15:00.000Z,CMO,X,adjusted,channel,12415.086,nT
2026-03-23T04:16:00.000Z,CMO,X,adjusted,channel,12436.349,nT
2026-03-23T04:17:00.000Z,CMO,X,adjusted,channel,12452.968,nT
2026-03-23T04:18:00.000Z,CMO,X,adjusted,channel,12465.823,nT
2026-03-23T04:19:00.000Z,CMO,X,adjusted,channel,12480.791,nT
2026-03-23T04:20:00.000Z,CMO,X,adjusted,channel,12498.582,nT
2026-03-23T04:21:00.000Z,CMO,X,adjusted,channel,12498.414,nT
2026-03-23T04:22:00.000Z,CMO,X,adjusted,channel,12507.246,nT
2026-03-23T04:23:00.000Z,CMO,X,adjusted,channel,12518.924,nT
2026-03-23T04:24:00.000Z,CMO,X,adjusted,channel,12530.856,nT
2026-03-23T04:25:00.000Z,CMO,X,adjusted,channel,12523.737,nT
2026-03-23T04:26:00.000Z,CMO,X,adjusted,channel,12520.395,nT
2026-03-23T04:27:00.000Z,CMO,X,adjusted,channel,12526.912,nT
2026-03-23T04:28:00.000Z,CMO,X,adjusted,channel,12512.193,nT
2026-03-23T04:29:00.000Z,CMO,X,adjusted,channel,12500.38,nT
2026-03-23T04:30:00.000Z,CMO,X,adjusted,channel,12502.577,nT
2026-03-23T04:31:00.000Z,CMO,X,adjusted,channel,12480.625,nT
2026-03-23T04:32:00.000Z,CMO,X,adjusted,channel,12455.823,nT
2026-03-23T04:33:00.000Z,CMO,X,adjusted,channel,12459.182,nT
2026-03-23T04:34:00.000Z,CMO,X,adjusted,channel,12471.151,nT
2026-03-23T04:35:00.000Z,CMO,X,adjusted,channel,12472.602,nT
2026-03-23T04:36:00.000Z,CMO,X,adjusted,channel,12454.694,nT
2026-03-23T04:37:00.000Z,CMO,X,adjusted,channel,12448.599,nT
2026-03-23T04:38:00.000Z,CMO,X,adjusted,channel,12453.756,nT
2026-03-23T04:39:00.000Z,CMO,X,adjusted,channel,12465.241,nT
2026-03-23T04:40:00.000Z,CMO,X,adjusted,channel,12472.968,nT
2026-03-23T04:41:00.000Z,CMO,X,adjusted,channel,12468.24,nT
2026-03-23T04:42:00.000Z,CMO,X,adjusted,channel,12468.049,nT
2026-03-23T04:43:00.000Z,CMO,X,adjusted,channel,12473.664,nT
2026-03-23T04:44:00.000Z,CMO,X,adjusted,channel,12468.562,nT
2026-03-23T04:45:00.000Z,CMO,X,adjusted,channel,12471.717,nT
2026-03-23T04:46:00.000Z,CMO,X,adjusted,channel,12485.959,nT
2026-03-23T04:47:00.000Z,CMO,X,adjusted,channel,12502.42,nT
2026-03-23T04:48:00.000Z,CMO,X,adjusted,channel,12493.13,nT
2026-03-23T04:49:00.000Z,CMO,X,adjusted,channel,12493.528,nT
2026-03-23T04:50:00.000Z,CMO,X,adjusted,channel,12499.945,nT
2026-03-23T04:51:00.000Z,CMO,X,adjusted,channel,12490.608,nT
2026-03-23T04:52:00.000Z,CMO,X,adjusted,channel,12485.317,nT
2026-03-23T04:53:00.000Z,CMO,X,adjusted,channel,12488.627,nT
2026-03-23T04:54:00.000Z,CMO,X,adjusted,channel,12495.785,nT
2026-03-23T04:55:00.000Z,CMO,X,adjusted,channel,12497.574,nT
2026-03-23T04:56:00.000Z,CMO,X,adjusted,channel,12483.878,nT
2026-03-23T04:57:00.000Z,CMO,X,adjusted,channel,12465.744,nT
2026-03-23T04:58:00.000Z,CMO,X,adjusted,channel,12461.932,nT
2026-03-23T04:59:00.000Z,CMO,X,adjusted,channel,12473.084,nT
2026-03-23T05:00:00.000Z,CMO,X,adjusted,channel,12466.762,nT
2026-03-23T05:01:00.000Z,CMO,X,adjusted,channel,12447.921,nT
2026-03-23T05:02:00.000Z,CMO,X,adjusted,channel,12424.813,nT
2026-03-23T05:03:00.000Z,CMO,X,adjusted,channel,12412.916,nT
2026-03-23T05:04:00.000Z,CMO,X,adjusted,channel,12389.634,nT
2026-03-23T05:05:00.000Z,CMO,X,adjusted,channel,12387.683,nT
2026-03-23T05:06:00.000Z,CMO,X,adjusted,channel,12371.053,nT
2026-03-23T05:07:00.000Z,CMO,X,adjusted,channel,12347.488,nT
2026-03-23T05:08:00.000Z,CMO,X,adjusted,channel,12341.726,nT
2026-03-23T05:09:00.000Z,CMO,X,adjusted,channel,12349.043,nT
2026-03-23T05:10:00.000Z,CMO,X,adjusted,channel,12353.755,nT
2026-03-23T05:11:00.000Z,CMO,X,adjusted,channel,12359.72,nT
2026-03-23T05:12:00.000Z,CMO,X,adjusted,channel,12361.027,nT
2026-03-23T05:13:00.000Z,CMO,X,adjusted,channel,12361.756,nT
2026-03-23T05:14:00.000Z,CMO,X,adjusted,channel,12352.244,nT
2026-03-23T05:15:00.000Z,CMO,X,adjusted,channel,12335.569,nT
2026-03-23T05:16:00.000Z,CMO,X,adjusted,channel,12329.903,nT
2026-03-23T05:17:00.000Z,CMO,X,adjusted,channel,12326.278,nT
2026-03-23T05:18:00.000Z,CMO,X,adjusted,channel,12318.932,nT
2026-03-23T05:19:00.000Z,CMO,X,adjusted,channel,12325.295,nT
2026-03-23T05:20:00.000Z,CMO,X,adjusted,channel,12336.001,nT
2026-03-23T05:21:00.000Z,CMO,X,adjusted,channel,12331.023,nT
2026-03-23T05:22:00.000Z,CMO,X,adjusted,channel,12337.076,nT
2026-03-23T05:23:00.000Z,CMO,X,adjusted,channel,12333.925,nT
2026-03-23T05:24:00.000Z,CMO,X,adjusted,channel,12322.303,nT
2026-03-23T05:25:00.000Z,CMO,X,adjusted,channel,12309.231,nT
2026-03-23T05:26:00.000Z,CMO,X,adjusted,channel,12327.233,nT
2026-03-23T05:27:00.000Z,CMO,X,adjusted,channel,12341.815,nT
2026-03-23T05:28:00.000Z,CMO,X,adjusted,channel,12347.549,nT
2026-03-23T05:29:00.000Z,CMO,X,adjusted,channel,12336.721,nT
2026-03-23T05:30:00.000Z,CMO,X,adjusted,channel,12309.931,nT
2026-03-23T05:31:00.000Z,CMO,X,adjusted,channel,12145.228,nT
2026-03-23T05:32:00.000Z,CMO,X,adjusted,channel,12118.258,nT
2026-03-23T05:33:00.000Z,CMO,X,adjusted,channel,12101.709,nT
2026-03-23T05:34:00.000Z,CMO,X,adjusted,channel,12045.861,nT
2026-03-23T05:35:00.000Z,CMO,X,adjusted,channel,12131.015,nT
2026-03-23T05:36:00.000Z,CMO,X,adjusted,channel,12228.62,nT
2026-03-23T05:37:00.000Z,CMO,X,adjusted,channel,12255.681,nT
2026-03-23T05:38:00.000Z,CMO,X,adjusted,channel,12240.648,nT
2026-03-23T05:39:00.000Z,CMO,X,adjusted,channel,12278.11,nT
2026-03-23T05:40:00.000Z,CMO,X,adjusted,channel,12310.265,nT
2026-03-23T05:41:00.000Z,CMO,X,adjusted,channel,12371.827,nT
2026-03-23T05:42:00.000Z,CMO,X,adjusted,channel,12381.694,nT
2026-03-23T05:43:00.000Z,CMO,X,adjusted,channel,12362.538,nT
2026-03-23T05:44:00.000Z,CMO,X,adjusted,channel,12363.46,nT
2026-03-23T05:45:00.000Z,CMO,X,adjusted,channel,12335.937,nT
2026-03-23T05:46:00.000Z,CMO,X,adjusted,channel,12309.783,nT
2026-03-23T05:47:00.000Z,CMO,X,adjusted,channel,12308.243,nT
2026-03-23T05:48:00.000Z,CMO,X,adjusted,channel,12333.221,nT
2026-03-23T05:49:00.000Z,CMO,X,adjusted,channel,12348.724,nT
2026-03-23T05:50:00.000Z,CMO,X,adjusted,channel,12363.505,nT
2026-03-23T05:51:00.000Z,CMO,X,adjusted,channel,12382.887,nT
2026-03-23T05:52:00.000Z,CMO,X,adjusted,channel,12384.432,nT
2026-03-23T05:53:00.000Z,CMO,X,adjusted,channel,12387.631,nT
2026-03-23T05:54:00.000Z,CMO,X,adjusted,channel,12398.947,nT
2026-03-23T05:55:00.000Z,CMO,X,adjusted,channel,12400.414,nT
2026-03-23T05:56:00.000Z,CMO,X,adjusted,channel,12386.786,nT
2026-03-23T05:57:00.000Z,CMO,X,adjusted,channel,12383.696,nT
2026-03-23T05:58:00.000Z,CMO,X,adjusted,channel,12382.421,nT
2026-03-23T05:59:00.000Z,CMO,X,adjusted,channel,12385.461,nT
2026-03-23T06:00:00.000Z,CMO,X,adjusted,channel,12389.219,nT
2026-03-23T06:01:00.000Z,CMO,X,adjusted,channel,12391.097,nT
2026-03-23T06:02:00.000Z,CMO,X,adjusted,channel,12391.491,nT
2026-03-23T06:03:00.000Z,CMO,X,adjusted,channel,12395.26,nT
2026-03-23T06:04:00.000Z,CMO,X,adjusted,channel,12401.694,nT
2026-03-23T06:05:00.000Z,CMO,X,adjusted,channel,12395.324,nT
2026-03-23T06:06:00.000Z,CMO,X,adjusted,channel,12386.285,nT
2026-03-23T06:07:00.000Z,CMO,X,adjusted,channel,12383.354,nT
2026-03-23T06:08:00.000Z,CMO,X,adjusted,channel,12385.202,nT
2026-03-23T06:09:00.000Z,CMO,X,adjusted,channel,12373.635,nT
2026-03-23T06:10:00.000Z,CMO,X,adjusted,channel,12354.902,nT
2026-03-23T06:11:00.000Z,CMO,X,adjusted,channel,12332.06,nT
2026-03-23T06:12:00.000Z,CMO,X,adjusted,channel,12325.859,nT
2026-03-23T06:13:00.000Z,CMO,X,adjusted,channel,12312.464,nT
2026-03-23T06:14:00.000Z,CMO,X,adjusted,channel,12295.541,nT
2026-03-23T06:15:00.000Z,CMO,X,adjusted,channel,12329.868,nT
2026-03-23T06:16:00.000Z,CMO,X,adjusted,channel,12370.322,nT
2026-03-23T06:17:00.000Z,CMO,X,adjusted,channel,12380.503,nT
2026-03-23T06:18:00.000Z,CMO,X,adjusted,channel,12359.525,nT
2026-03-23T06:19:00.000Z,CMO,X,adjusted,channel,12322.989,nT
2026-03-23T06:20:00.000Z,CMO,X,adjusted,channel,12300.584,nT
2026-03-23T06:21:00.000Z,CMO,X,adjusted,channel,12286.576,nT
2026-03-23T06:22:00.000Z,CMO,X,adjusted,channel,12283.526,nT
2026-03-23T06:23:00.000Z,CMO,X,adjusted,channel,12314.164,nT
2026-03-23T06:24:00.000Z,CMO,X,adjusted,channel,12383.738,nT
2026-03-23T06:25:00.000Z,CMO,X,adjusted,channel,12377.079,nT
2026-03-23T06:26:00.000Z,CMO,X,adjusted,channel,12353.06,nT
2026-03-23T06:27:00.000Z,CMO,X,adjusted,channel,12208.754,nT
2026-03-23T06:28:00.000Z,CMO,X,adjusted,channel,12133.181,nT
2026-03-23T06:29:00.000Z,CMO,X,adjusted,channel,12133.937,nT
2026-03-23T06:30:00.000Z,CMO,X,adjusted,channel,12160.134,nT
2026-03-23T06:31:00.000Z,CMO,X,adjusted,channel,12251.347,nT
2026-03-23T06:32:00.000Z,CMO,X,adjusted,channel,12308.763,nT
2026-03-23T06:33:00.000Z,CMO,X,adjusted,channel,12281.24,nT
2026-03-23T06:34:00.000Z,CMO,X,adjusted,channel,12242.717,nT
2026-03-23T06:35:00.000Z,CMO,X,adjusted,channel,12247.657,nT
2026-03-23T06:36:00.000Z,CMO,X,adjusted,channel,12282.585,nT
2026-03-23T06:37:00.000Z,CMO,X,adjusted,channel,12287.251,nT
2026-03-23T06:38:00.000Z,CMO,X,adjusted,channel,12284.919,nT
2026-03-23T06:39:00.000Z,CMO,X,adjusted,channel,12295.478,nT
2026-03-23T06:40:00.000Z,CMO,X,adjusted,channel,12333.978,nT
2026-03-23T06:41:00.000Z,CMO,X,adjusted,channel,12374.712,nT
2026-03-23T06:42:00.000Z,CMO,X,adjusted,channel,12416.056,nT
2026-03-23T06:43:00.000Z,CMO,X,adjusted,channel,12453.894,nT
2026-03-23T06:44:00.000Z,CMO,X,adjusted,channel,12383.25,nT
2026-03-23T06:45:00.000Z,CMO,X,adjusted,channel,12292.806,nT
2026-03-23T06:46:00.000Z,CMO,X,adjusted,channel,12222.544,nT
2026-03-23T06:47:00.000Z,CMO,X,adjusted,channel,12204.072,nT
2026-03-23T06:48:00.000Z,CMO,X,adjusted,channel,12152.157,nT
2026-03-23T06:49:00.000Z,CMO,X,adjusted,channel,12075.655,nT
2026-03-23T06:50:00.000Z,CMO,X,adjusted,channel,12005.293,nT
2026-03-23T06:51:00.000Z,CMO,X,adjusted,channel,12037.785,nT
2026-03-23T06:52:00.000Z,CMO,X,adjusted,channel,12046.321,nT
2026-03-23T06:53:00.000Z,CMO,X,adjusted,channel,12173.169,nT
2026-03-23T06:54:00.000Z,CMO,X,adjusted,channel,12288.968,nT
2026-03-23T06:55:00.000Z,CMO,X,adjusted,channel,12319.993,nT
2026-03-23T06:56:00.000Z,CMO,X,adjusted,channel,12282.858,nT
2026-03-23T06:57:00.000Z,CMO,X,adjusted,channel,12270.011,nT
2026-03-23T06:58:00.000Z,CMO,X,adjusted,channel,12263.969,nT
2026-03-23T06:59:00.000Z,CMO,X,adjusted,channel,12264.446,nT
2026-03-23T07:00:00.000Z,CMO,X,adjusted,channel,12241.044,nT
2026-03-23T07:01:00.000Z,CMO,X,adjusted,channel,12210.349,nT
2026-03-23T07:02:00.000Z,CMO,X,adjusted,channel,12225.141,nT
2026-03-23T07:03:00.000Z,CMO,X,adjusted,channel,12253.796,nT
2026-03-23T07:04:00.000Z,CMO,X,adjusted,channel,12270.324,nT
2026-03-23T07:05:00.000Z,CMO,X,adjusted,channel,12284.342,nT
2026-03-23T07:06:00.000Z,CMO,X,adjusted,channel,12289.112,nT
2026-03-23T07:07:00.000Z,CMO,X,adjusted,channel,12283.145,nT
2026-03-23T07:08:00.000Z,CMO,X,adjusted,channel,12229.76,nT
2026-03-23T07:09:00.000Z,CMO,X,adjusted,channel,12215.898,nT
2026-03-23T07:10:00.000Z,CMO,X,adjusted,channel,12224.795,nT
2026-03-23T07:11:00.000Z,CMO,X,adjusted,channel,12235.111,nT
2026-03-23T07:12:00.000Z,CMO,X,adjusted,channel,12273.327,nT
2026-03-23T07:13:00.000Z,CMO,X,adjusted,channel,12315.955,nT
2026-03-23T07:14:00.000Z,CMO,X,adjusted,channel,12345.284,nT
2026-03-23T07:15:00.000Z,CMO,X,adjusted,channel,12358.647,nT
2026-03-23T07:16:00.000Z,CMO,X,adjusted,channel,12360.528,nT
2026-03-23T07:17:00.000Z,CMO,X,adjusted,channel,12332.329,nT
2026-03-23T07:18:00.000Z,CMO,X,adjusted,channel,12366.828,nT
2026-03-23T07:19:00.000Z,CMO,X,adjusted,channel,12367.449,nT
2026-03-23T07:20:00.000Z,CMO,X,adjusted,channel,12355.804,nT
2026-03-23T07:21:00.000Z,CMO,X,adjusted,channel,12379.785,nT
2026-03-23T07:22:00.000Z,CMO,X,adjusted,channel,12391.701,nT
2026-03-23T07:23:00.000Z,CMO,X,adjusted,channel,12412.319,nT
2026-03-23T07:24:00.000Z,CMO,X,adjusted,channel,12420.078,nT
2026-03-23T07:25:00.000Z,CMO,X,adjusted,channel,12405.492,nT
2026-03-23T07:26:00.000Z,CMO,X,adjusted,channel,12378.773,nT
2026-03-23T07:27:00.000Z,CMO,X,adjusted,channel,12355.389,nT
2026-03-23T07:28:00.000Z,CMO,X,adjusted,channel,12362.986,nT
2026-03-23T07:29:00.000Z,CMO,X,adjusted,channel,12368.714,nT
2026-03-23T07:30:00.000Z,CMO,X,adjusted,channel,12376.568,nT
2026-03-23T07:31:00.000Z,CMO,X,adjusted,channel,12390.624,nT
2026-03-23T07:32:00.000Z,CMO,X,adjusted,channel,12412.167,nT
2026-03-23T07:33:00.000Z,CMO,X,adjusted,channel,12422.697,nT
2026-03-23T07:34:00.000Z,CMO,X,adjusted,channel,12421.9,nT
2026-03-23T07:35:00.000Z,CMO,X,adjusted,channel,12414.55,nT
2026-03-23T07:36:00.000Z,CMO,X,adjusted,channel,12401.917,nT
2026-03-23T07:37:00.000Z,CMO,X,adjusted,channel,12388.818,nT
2026-03-23T07:38:00.000Z,CMO,X,adjusted,channel,12409.301,nT
2026-03-23T07:39:00.000Z,CMO,X,adjusted,channel,12418.191,nT
2026-03-23T07:40:00.000Z,CMO,X,adjusted,channel,12398.724,nT
2026-03-23T07:41:00.000Z,CMO,X,adjusted,channel,12399.323,nT
2026-03-23T07:42:00.000Z,CMO,X,adjusted,channel,12387.227,nT
2026-03-23T07:43:00.000Z,CMO,X,adjusted,channel,12364.861,nT
2026-03-23T07:44:00.000Z,CMO,X,adjusted,channel,12369.898,nT
2026-03-23T07:45:00.000Z,CMO,X,adjusted,channel,12387.615,nT
2026-03-23T07:46:00.000Z,CMO,X,adjusted,channel,12407.13,nT
2026-03-23T07:47:00.000Z,CMO,X,adjusted,channel,12387.64,nT
2026-03-23T07:48:00.000Z,CMO,X,adjusted,channel,12356.619,nT
2026-03-23T07:49:00.000Z,CMO,X,adjusted,channel,12371.845,nT
2026-03-23T07:50:00.000Z,CMO,X,adjusted,channel,12410.469,nT
2026-03-23T07:51:00.000Z,CMO,X,adjusted,channel,12445.401,nT
2026-03-23T07:52:00.000Z,CMO,X,adjusted,channel,12451.255,nT
2026-03-23T07:53:00.000Z,CMO,X,adjusted,channel,12443.404,nT
2026-03-23T07:54:00.000Z,CMO,X,adjusted,channel,12426.761,nT
2026-03-23T07:55:00.000Z,CMO,X,adjusted,channel,12393.609,nT
2026-03-23T07:56:00.000Z,CMO,X,adjusted,channel,12369.07,nT
2026-03-23T07:57:00.000Z,CMO,X,adjusted,channel,12390.905,nT
2026-03-23T07:58:00.000Z,CMO,X,adjusted,channel,12444.104,nT
2026-03-23T07:59:00.000Z,CMO,X,adjusted,channel,12479.771,nT
2026-03-23T08:00:00.000Z,CMO,X,adjusted,channel,12475.205,nT
2026-03-23T08:01:00.000Z,CMO,X,adjusted,channel,12455.815,nT
2026-03-23T08:02:00.000Z,CMO,X,adjusted,channel,12405.496,nT
2026-03-23T08:03:00.000Z,CMO,X,adjusted,channel,12359.298,nT
2026-03-23T08:04:00.000Z,CMO,X,adjusted,channel,12340.394,nT
2026-03-23T08:05:00.000Z,CMO,X,adjusted,channel,12337.091,nT
2026-03-23T08:06:00.000Z,CMO,X,adjusted,channel,12327.649,nT
2026-03-23T08:07:00.000Z,CMO,X,adjusted,channel,12321.02,nT
2026-03-23T08:08:00.000Z,CMO,X,adjusted,channel,12336.928,nT
2026-03-23T08:09:00.000Z,CMO,X,adjusted,channel,12368.276,nT
2026-03-23T08:10:00.000Z,CMO,X,adjusted,channel,12389.562,nT
2026-03-23T08:11:00.000Z,CMO,X,adjusted,channel,12405.239,nT
2026-03-23T08:12:00.000Z,CMO,X,adjusted,channel,12422.008,nT
2026-03-23T08:13:00.000Z,CMO,X,adjusted,channel,12433.959,nT
2026-03-23T08:14:00.000Z,CMO,X,adjusted,channel,12439.721,nT
2026-03-23T08:15:00.000Z,CMO,X,adjusted,channel,12433.657,nT
2026-03-23T08:16:00.000Z,CMO,X,adjusted,channel,12413.367,nT
2026-03-23T08:17:00.000Z,CMO,X,adjusted,channel,12397.23,nT
2026-03-23T08:18:00.000Z,CMO,X,adjusted,channel,12370.469,nT
2026-03-23T08:19:00.000Z,CMO,X,adjusted,channel,12337.348,nT
2026-03-23T08:20:00.000Z,CMO,X,adjusted,channel,12320.105,nT
2026-03-23T08:21:00.000Z,CMO,X,adjusted,channel,12332.159,nT
2026-03-23T08:22:00.000Z,CMO,X,adjusted,channel,12343.053,nT
2026-03-23T08:23:00.000Z,CMO,X,adjusted,channel,12342.265,nT
2026-03-23T08:24:00.000Z,CMO,X,adjusted,channel,12334.911,nT
2026-03-23T08:25:00.000Z,CMO,X,adjusted,channel,12348.568,nT
2026-03-23T08:26:00.000Z,CMO,X,adjusted,channel,12367.363,nT
2026-03-23T08:27:00.000Z,CMO,X,adjusted,channel,12370.868,nT
2026-03-23T08:28:00.000Z,CMO,X,adjusted,channel,12361.372,nT
2026-03-23T08:29:00.000Z,CMO,X,adjusted,channel,12361.568,nT
2026-03-23T08:30:00.000Z,CMO,X,adjusted,channel,12367.459,nT
2026-03-23T08:31:00.000Z,CMO,X,adjusted,channel,12369.878,nT
2026-03-23T08:32:00.000Z,CMO,X,adjusted,channel,12374.844,nT
2026-03-23T08:33:00.000Z,CMO,X,adjusted,channel,12372.005,nT
2026-03-23T08:34:00.000Z,CMO,X,adjusted,channel,12373.265,nT
2026-03-23T08:35:00.000Z,CMO,X,adjusted,channel,12385.841,nT
2026-03-23T08:36:00.000Z,CMO,X,adjusted,channel,12387.433,nT
2026-03-23T08:37:00.000Z,CMO,X,adjusted,channel,12372.54,nT
2026-03-23T08:38:00.000Z,CMO,X,adjusted,channel,12369.545,nT
2026-03-23T08:39:00.000Z,CMO,X,adjusted,channel,12368.395,nT
2026-03-23T08:40:00.000Z,CMO,X,adjusted,channel,12361.489,nT
2026-03-23T08:41:00.000Z,CMO,X,adjusted,channel,12355.529,nT
2026-03-23T08:42:00.000Z,CMO,X,adjusted,channel,12354.441,nT
2026-03-23T08:43:00.000Z,CMO,X,adjusted,channel,12355.781,nT
2026-03-23T08:44:00.000Z,CMO,X,adjusted,channel,12350.911,nT
2026-03-23T08:45:00.000Z,CMO,X,adjusted,channel,12346.945,nT
2026-03-23T08:46:00.000Z,CMO,X,adjusted,channel,12334.468,nT
2026-03-23T08:47:00.000Z,CMO,X,adjusted,channel,12333.568,nT
2026-03-23T08:48:00.000Z,CMO,X,adjusted,channel,12342.19,nT
2026-03-23T08:49:00.000Z,CMO,X,adjusted,channel,12347.299,nT
2026-03-23T08:50:00.000Z,CMO,X,adjusted,channel,12344.495,nT
2026-03-23T08:51:00.000Z,CMO,X,adjusted,channel,12341.872,nT
2026-03-23T08:52:00.000Z,CMO,X,adjusted,channel,12324.716,nT
2026-03-23T08:53:00.000Z,CMO,X,adjusted,channel,12307.136,nT
2026-03-23T08:54:00.000Z,CMO,X,adjusted,channel,12294.558,nT
2026-03-23T08:55:00.000Z,CMO,X,adjusted,channel,12285.555,nT
2026-03-23T08:56:00.000Z,CMO,X,adjusted,channel,12286.507,nT
2026-03-23T08:57:00.000Z,CMO,X,adjusted,channel,12288.1,nT
2026-03-23T08:58:00.000Z,CMO,X,adjusted,channel,12290.553,nT
2026-03-23T08:59:00.000Z,CMO,X,adjusted,channel,12295.057,nT
2026-03-23T09:00:00.000Z,CMO,X,adjusted,channel,12299.462,nT
2026-03-23T09:01:00.000Z,CMO,X,adjusted,channel,12296.294,nT
2026-03-23T09:02:00.000Z,CMO,X,adjusted,channel,12289.076,nT
2026-03-23T09:03:00.000Z,CMO,X,adjusted,channel,12282.591,nT
2026-03-23T09:04:00.000Z,CMO,X,adjusted,channel,12273.494,nT
2026-03-23T09:05:00.000Z,CMO,X,adjusted,channel,12265.643,nT
2026-03-23T09:06:00.000Z,CMO,X,adjusted,channel,12273.343,nT
2026-03-23T09:07:00.000Z,CMO,X,adjusted,channel,12278.759,nT
2026-03-23T09:08:00.000Z,CMO,X,adjusted,channel,12283.466,nT
2026-03-23T09:09:00.000Z,CMO,X,adjusted,channel,12290.534,nT
2026-03-23T09:10:00.000Z,CMO,X,adjusted,channel,12291.154,nT
2026-03-23T09:11:00.000Z,CMO,X,adjusted,channel,12294.977,nT
2026-03-23T09:12:00.000Z,CMO,X,adjusted,channel,12302.511,nT
2026-03-23T09:13:00.000Z,CMO,X,adjusted,channel,12309.469,nT
2026-03-23T09:14:00.000Z,CMO,X,adjusted,channel,12314.438,nT
2026-03-23T09:15:00.000Z,CMO,X,adjusted,channel,12320.051,nT
2026-03-23T09:16:00.000Z,CMO,X,adjusted,channel,12329.299,nT
2026-03-23T09:17:00.000Z,CMO,X,adjusted,channel,12332.328,nT
2026-03-23T09:18:00.000Z,CMO,X,adjusted,channel,12335.098,nT
2026-03-23T09:19:00.000Z,CMO,X,adjusted,channel,12308.292,nT
2026-03-23T09:20:00.000Z,CMO,X,adjusted,channel,12291.261,nT
2026-03-23T09:21:00.000Z,CMO,X,adjusted,channel,12289.952,nT
2026-03-23T09:22:00.000Z,CMO,X,adjusted,channel,12279.901,nT
2026-03-23T09:23:00.000Z,CMO,X,adjusted,channel,12263.988,nT
2026-03-23T09:24:00.000Z,CMO,X,adjusted,channel,12247.102,nT
2026-03-23T09:25:00.000Z,CMO,X,adjusted,channel,12271.524,nT
2026-03-23T09:26:00.000Z,CMO,X,adjusted,channel,12306.215,nT
2026-03-23T09:27:00.000Z,CMO,X,adjusted,channel,12304.01,nT
2026-03-23T09:28:00.000Z,CMO,X,adjusted,channel,12289.248,nT
2026-03-23T09:29:00.000Z,CMO,X,adjusted,channel,12317.052,nT
2026-03-23T09:30:00.000Z,CMO,X,adjusted,channel,12386.639,nT
2026-03-23T09:31:00.000Z,CMO,X,adjusted,channel,12438.473,nT
2026-03-23T09:32:00.000Z,CMO,X,adjusted,channel,12438.501,nT
2026-03-23T09:33:00.000Z,CMO,X,adjusted,channel,12420.6,nT
2026-03-23T09:34:00.000Z,CMO,X,adjusted,channel,12417.604,nT
2026-03-23T09:35:00.000Z,CMO,X,adjusted,channel,12432.154,nT
2026-03-23T09:36:00.000Z,CMO,X,adjusted,channel,12446.312,nT
2026-03-23T09:37:00.000Z,CMO,X,adjusted,channel,12450.097,nT
2026-03-23T09:38:00.000Z,CMO,X,adjusted,channel,12390.676,nT
2026-03-23T09:39:00.000Z,CMO,X,adjusted,channel,12362.173,nT
2026-03-23T09:40:00.000Z,CMO,X,adjusted,channel,12342.903,nT
2026-03-23T09:41:00.000Z,CMO,X,adjusted,channel,12337.483,nT
2026-03-23T09:42:00.000Z,CMO,X,adjusted,channel,12330.386,nT
2026-03-23T09:43:00.000Z,CMO,X,adjusted,channel,12331.392,nT
2026-03-23T09:44:00.000Z,CMO,X,adjusted,channel,12338.07,nT
2026-03-23T09:45:00.000Z,CMO,X,adjusted,channel,12333.939,nT
2026-03-23T09:46:00.000Z,CMO,X,adjusted,channel,12329.581,nT
2026-03-23T09:47:00.000Z,CMO,X,adjusted,channel,12338.261,nT
2026-03-23T09:48:00.000Z,CMO,X,adjusted,channel,12358.446,nT
2026-03-23T09:49:00.000Z,CMO,X,adjusted,channel,12357.479,nT
2026-03-23T09:50:00.000Z,CMO,X,adjusted,channel,12349.614,nT
2026-03-23T09:51:00.000Z,CMO,X,adjusted,channel,12352.82,nT
2026-03-23T09:52:00.000Z,CMO,X,adjusted,channel,12351.881,nT
2026-03-23T09:53:00.000Z,CMO,X,adjusted,channel,12347.277,nT
2026-03-23T09:54:00.000Z,CMO,X,adjusted,channel,12345.422,nT
2026-03-23T09:55:00.000Z,CMO,X,adjusted,channel,12325.209,nT
2026-03-23T09:56:00.000Z,CMO,X,adjusted,channel,12295.73,nT
2026-03-23T09:57:00.000Z,CMO,X,adjusted,channel,12275.6,nT
2026-03-23T09:58:00.000Z,CMO,X,adjusted,channel,12283.245,nT
2026-03-23T09:59:00.000Z,CMO,X,adjusted,channel,12295.313,nT
2026-03-23T10:00:00.000Z,CMO,X,adjusted,channel,12281.639,nT
2026-03-23T10:01:00.000Z,CMO,X,adjusted,channel,12301.904,nT
2026-03-23T10:02:00.000Z,CMO,X,adjusted,channel,12318.84,nT
2026-03-23T10:03:00.000Z,CMO,X,adjusted,channel,12327.375,nT
2026-03-23T10:04:00.000Z,CMO,X,adjusted,channel,12325.961,nT
2026-03-23T10:05:00.000Z,CMO,X,adjusted,channel,12318.499,nT
2026-03-23T10:06:00.000Z,CMO,X,adjusted,channel,12301.873,nT
2026-03-23T10:07:00.000Z,CMO,X,adjusted,channel,12290.608,nT
2026-03-23T10:08:00.000Z,CMO,X,adjusted,channel,12290.899,nT
2026-03-23T10:09:00.000Z,CMO,X,adjusted,channel,12319.482,nT
2026-03-23T10:10:00.000Z,CMO,X,adjusted,channel,12291.632,nT
2026-03-23T10:11:00.000Z,CMO,X,adjusted,channel,12386.758,nT
2026-03-23T10:12:00.000Z,CMO,X,adjusted,channel,12312.261,nT
2026-03-23T10:13:00.000Z,CMO,X,adjusted,channel,12234.089,nT
2026-03-23T10:14:00.000Z,CMO,X,adjusted,channel,12263.171,nT
2026-03-23T10:15:00.000Z,CMO,X,adjusted,channel,12425.66,nT
2026-03-23T10:16:00.000Z,CMO,X,adjusted,channel,12393.671,nT
2026-03-23T10:17:00.000Z,CMO,X,adjusted,channel,12299.324,nT
2026-03-23T10:18:00.000Z,CMO,X,adjusted,channel,12299.858,nT
2026-03-23T10:19:00.000Z,CMO,X,adjusted,channel,12262.607,nT
2026-03-23T10:20:00.000Z,CMO,X,adjusted,channel,12192.582,nT
2026-03-23T10:21:00.000Z,CMO,X,adjusted,channel,12208.733,nT
2026-03-23T10:22:00.000Z,CMO,X,adjusted,channel,12240.612,nT
2026-03-23T10:23:00.000Z,CMO,X,adjusted,channel,12264.182,nT
2026-03-23T10:24:00.000Z,CMO,X,adjusted,channel,12314.097,nT
2026-03-23T10:25:00.000Z,CMO,X,adjusted,channel,12327.461,nT
2026-03-23T10:26:00.000Z,CMO,X,adjusted,channel,12315.442,nT
2026-03-23T10:27:00.000Z,CMO,X,adjusted,channel,12289.794,nT
2026-03-23T10:28:00.000Z,CMO,X,adjusted,channel,12283.204,nT
2026-03-23T10:29:00.000Z,CMO,X,adjusted,channel,12257.387,nT
2026-03-23T10:30:00.000Z,CMO,X,adjusted,channel,12225.079,nT
2026-03-23T10:31:00.000Z,CMO,X,adjusted,channel,12238.44,nT
2026-03-23T10:32:00.000Z,CMO,X,adjusted,channel,12233.678,nT
2026-03-23T10:33:00.000Z,CMO,X,adjusted,channel,12216.284,nT
2026-03-23T10:34:00.000Z,CMO,X,adjusted,channel,12243.147,nT
2026-03-23T10:35:00.000Z,CMO,X,adjusted,channel,12278.476,nT
2026-03-23T10:36:00.000Z,CMO,X,adjusted,channel,12281.282,nT
2026-03-23T10:37:00.000Z,CMO,X,adjusted,channel,12312.149,nT
2026-03-23T10:38:00.000Z,CMO,X,adjusted,channel,12367.442,nT
2026-03-23T10:39:00.000Z,CMO,X,adjusted,channel,12390.226,nT
2026-03-23T10:40:00.000Z,CMO,X,adjusted,channel,12418.612,nT
2026-03-23T10:41:00.000Z,CMO,X,adjusted,channel,12414.336,nT
2026-03-23T10:42:00.000Z,CMO,X,adjusted,channel,12396.411,nT
2026-03-23T10:43:00.000Z,CMO,X,adjusted,channel,12396.956,nT
2026-03-23T10:44:00.000Z,CMO,X,adjusted,channel,12386.098,nT
2026-03-23T10:45:00.000Z,CMO,X,adjusted,channel,12353.856,nT
2026-03-23T10:46:00.000Z,CMO,X,adjusted,channel,12323.3,nT
2026-03-23T10:47:00.000Z,CMO,X,adjusted,channel,12324.122,nT
2026-03-23T10:48:00.000Z,CMO,X,adjusted,channel,12327.123,nT
2026-03-23T10:49:00.000Z,CMO,X,adjusted,channel,12327.603,nT
2026-03-23T10:50:00.000Z,CMO,X,adjusted,channel,12312.031,nT
2026-03-23T10:51:00.000Z,CMO,X,adjusted,channel,12308.368,nT
2026-03-23T10:52:00.000Z,CMO,X,adjusted,channel,12324.169,nT
2026-03-23T10:53:00.000Z,CMO,X,adjusted,channel,12330.612,nT
2026-03-23T10:54:00.000Z,CMO,X,adjusted,channel,12344.875,nT
2026-03-23T10:55:00.000Z,CMO,X,adjusted,channel,12363.065,nT
2026-03-23T10:56:00.000Z,CMO,X,adjusted,channel,12387.428,nT
2026-03-23T10:57:00.000Z,CMO,X,adjusted,channel,12420.249,nT
2026-03-23T10:58:00.000Z,CMO,X,adjusted,channel,12468.038,nT
2026-03-23T10:59:00.000Z,CMO,X,adjusted,channel,12543.066,nT
2026-03-23T11:00:00.000Z,CMO,X,adjusted,channel,12569.457,nT
2026-03-23T11:01:00.000Z,CMO,X,adjusted,channel,12590.695,nT
2026-03-23T11:02:00.000Z,CMO,X,adjusted,channel,12558.814,nT
2026-03-23T11:03:00.000Z,CMO,X,adjusted,channel,12534.215,nT
2026-03-23T11:04:00.000Z,CMO,X,adjusted,channel,12513.032,nT
2026-03-23T11:05:00.000Z,CMO,X,adjusted,channel,12431.914,nT
2026-03-23T11:06:00.000Z,CMO,X,adjusted,channel,12364.154,nT
2026-03-23T11:07:00.000Z,CMO,X,adjusted,channel,12313.625,nT
2026-03-23T11:08:00.000Z,CMO,X,adjusted,channel,12300.981,nT
2026-03-23T11:09:00.000Z,CMO,X,adjusted,channel,12318.983,nT
2026-03-23T11:10:00.000Z,CMO,X,adjusted,channel,12322.304,nT
2026-03-23T11:11:00.000Z,CMO,X,adjusted,channel,12292.742,nT
2026-03-23T11:12:00.000Z,CMO,X,adjusted,channel,12265.233,nT
2026-03-23T11:13:00.000Z,CMO,X,adjusted,channel,12251.227,nT
2026-03-23T11:14:00.000Z,CMO,X,adjusted,channel,12243.522,nT
2026-03-23T11:15:00.000Z,CMO,X,adjusted,channel,12240.134,nT
2026-03-23T11:16:00.000Z,CMO,X,adjusted,channel,12247.48,nT
2026-03-23T11:17:00.000Z,CMO,X,adjusted,channel,12256.946,nT
2026-03-23T11:18:00.000Z,CMO,X,adjusted,channel,12268.62,nT
2026-03-23T11:19:00.000Z,CMO,X,adjusted,channel,12281.486,nT
2026-03-23T11:20:00.000Z,CMO,X,adjusted,channel,12293.982,nT
2026-03-23T11:21:00.000Z,CMO,X,adjusted,channel,12296.587,nT
2026-03-23T11:22:00.000Z,CMO,X,adjusted,channel,12284.694,nT
2026-03-23T11:23:00.000Z,CMO,X,adjusted,channel,12276.056,nT
2026-03-23T11:24:00.000Z,CMO,X,adjusted,channel,12254.229,nT
2026-03-23T11:25:00.000Z,CMO,X,adjusted,channel,12223.045,nT
2026-03-23T11:26:00.000Z,CMO,X,adjusted,channel,12205.377,nT
2026-03-23T11:27:00.000Z,CMO,X,adjusted,channel,12195.181,nT
2026-03-23T11:28:00.000Z,CMO,X,adjusted,channel,12177.648,nT
2026-03-23T11:29:00.000Z,CMO,X,adjusted,channel,12155.532,nT
2026-03-23T11:30:00.000Z,CMO,X,adjusted,channel,12131.366,nT
2026-03-23T11:31:00.000Z,CMO,X,adjusted,channel,12110.482,nT
2026-03-23T11:32:00.000Z,CMO,X,adjusted,channel,12094.343,nT
2026-03-23T11:33:00.000Z,CMO,X,adjusted,channel,12083.1,nT
2026-03-23T11:34:00.000Z,CMO,X,adjusted,channel,12062.712,nT
2026-03-23T11:35:00.000Z,CMO,X,adjusted,channel,12033.878,nT
2026-03-23T11:36:00.000Z,CMO,X,adjusted,channel,12016.84,nT
2026-03-23T11:37:00.000Z,CMO,X,adjusted,channel,11997.767,nT
2026-03-23T11:38:00.000Z,CMO,X,adjusted,channel,12004.49,nT
2026-03-23T11:39:00.000Z,CMO,X,adjusted,channel,12008.412,nT
2026-03-23T11:40:00.000Z,CMO,X,adjusted,channel,12012.194,nT
2026-03-23T11:41:00.000Z,CMO,X,adjusted,channel,12017.517,nT
2026-03-23T11:42:00.000Z,CMO,X,adjusted,channel,12020.581,nT
2026-03-23T11:43:00.000Z,CMO,X,adjusted,channel,12035.981,nT
2026-03-23T11:44:00.000Z,CMO,X,adjusted,channel,12033.964,nT
2026-03-23T11:45:00.000Z,CMO,X,adjusted,channel,12013.891,nT
2026-03-23T11:46:00.000Z,CMO,X,adjusted,channel,12001.495,nT
2026-03-23T11:47:00.000Z,CMO,X,adjusted,channel,12010.65,nT
2026-03-23T11:48:00.000Z,CMO,X,adjusted,channel,12027.334,nT
2026-03-23T11:49:00.000Z,CMO,X,adjusted,channel,12053.14,nT
2026-03-23T11:50:00.000Z,CMO,X,adjusted,channel,12079.793,nT
2026-03-23T11:51:00.000Z,CMO,X,adjusted,channel,12100.715,nT
2026-03-23T11:52:00.000Z,CMO,X,adjusted,channel,12098.647,nT
2026-03-23T11:53:00.000Z,CMO,X,adjusted,channel,12088.876,nT
2026-03-23T11:54:00.000Z,CMO,X,adjusted,channel,12090.367,nT
2026-03-23T11:55:00.000Z,CMO,X,adjusted,channel,12092.876,nT
2026-03-23T11:56:00.000Z,CMO,X,adjusted,channel,12093.005,nT
2026-03-23T11:57:00.000Z,CMO,X,adjusted,channel,12106.022,nT
2026-03-23T11:58:00.000Z,CMO,X,adjusted,channel,12118.232,nT
2026-03-23T11:59:00.000Z,CMO,X,adjusted,channel,12139.953,nT
2026-03-23T12:00:00.000Z,CMO,X,adjusted,channel,12140.961,nT
2026-03-23T12:01:00.000Z,CMO,X,adjusted,channel,12127.06,nT
2026-03-23T12:02:00.000Z,CMO,X,adjusted,channel,12120.636,nT
2026-03-23T12:03:00.000Z,CMO,X,adjusted,channel,12114.208,nT
2026-03-23T12:04:00.000Z,CMO,X,adjusted,channel,12106.485,nT
2026-03-23T12:05:00.000Z,CMO,X,adjusted,channel,12106.182,nT
2026-03-23T12:06:00.000Z,CMO,X,adjusted,channel,12112.318,nT
2026-03-23T12:07:00.000Z,CMO,X,adjusted,channel,12096.7,nT
2026-03-23T12:08:00.000Z,CMO,X,adjusted,channel,12078.754,nT
2026-03-23T12:09:00.000Z,CMO,X,adjusted,channel,12062.389,nT
2026-03-23T12:10:00.000Z,CMO,X,adjusted,channel,12061.287,nT
2026-03-23T12:11:00.000Z,CMO,X,adjusted,channel,12076.177,nT
2026-03-23T12:12:00.000Z,CMO,X,adjusted,channel,12074.788,nT
2026-03-23T12:13:00.000Z,CMO,X,adjusted,channel,12096.524,nT
2026-03-23T12:14:00.000Z,CMO,X,adjusted,channel,12086.063,nT
2026-03-23T12:15:00.000Z,CMO,X,adjusted,channel,12085.707,nT
2026-03-23T12:16:00.000Z,CMO,X,adjusted,channel,12081.847,nT
2026-03-23T12:17:00.000Z,CMO,X,adjusted,channel,12078.599,nT
2026-03-23T12:18:00.000Z,CMO,X,adjusted,channel,12071.038,nT
2026-03-23T12:19:00.000Z,CMO,X,adjusted,channel,12074.118,nT
2026-03-23T12:20:00.000Z,CMO,X,adjusted,channel,12105.184,nT
2026-03-23T12:21:00.000Z,CMO,X,adjusted,channel,12105.021,nT
2026-03-23T12:22:00.000Z,CMO,X,adjusted,channel,12069.542,nT
2026-03-23T12:23:00.000Z,CMO,X,adjusted,channel,12055.342,nT
2026-03-23T12:24:00.000Z,CMO,X,adjusted,channel,12068.082,nT
2026-03-23T12:25:00.000Z,CMO,X,adjusted,channel,12075.194,nT
2026-03-23T12:26:00.000Z,CMO,X,adjusted,channel,12081.32,nT
2026-03-23T12:27:00.000Z,CMO,X,adjusted,channel,12073.437,nT
2026-03-23T12:28:00.000Z,CMO,X,adjusted,channel,12067.946,nT
2026-03-23T12:29:00.000Z,CMO,X,adjusted,channel,12073.017,nT
2026-03-23T12:30:00.000Z,CMO,X,adjusted,channel,12100.414,nT
2026-03-23T12:31:00.000Z,CMO,X,adjusted,channel,12153.388,nT
2026-03-23T12:32:00.000Z,CMO,X,adjusted,channel,12209.627,nT
2026-03-23T12:33:00.000Z,CMO,X,adjusted,channel,12228.071,nT
2026-03-23T12:34:00.000Z,CMO,X,adjusted,channel,12192.17,nT
2026-03-23T12:35:00.000Z,CMO,X,adjusted,channel,12155.843,nT
2026-03-23T12:36:00.000Z,CMO,X,adjusted,channel,12119.773,nT
2026-03-23T12:37:00.000Z,CMO,X,adjusted,channel,12093.051,nT
2026-03-23T12:38:00.000Z,CMO,X,adjusted,channel,12088.607,nT
2026-03-23T12:39:00.000Z,CMO,X,adjusted,channel,12103.528,nT
2026-03-23T12:40:00.000Z,CMO,X,adjusted,channel,12101.431,nT
2026-03-23T12:41:00.000Z,CMO,X,adjusted,channel,12077.532,nT
2026-03-23T12:42:00.000Z,CMO,X,adjusted,channel,12050.506,nT
2026-03-23T12:43:00.000Z,CMO,X,adjusted,channel,12043.789,nT
2026-03-23T12:44:00.000Z,CMO,X,adjusted,channel,12044.391,nT
2026-03-23T12:45:00.000Z,CMO,X,adjusted,channel,12033.992,nT
2026-03-23T12:46:00.000Z,CMO,X,adjusted,channel,12021.573,nT
2026-03-23T12:47:00.000Z,CMO,X,adjusted,channel,12018.41,nT
2026-03-23T12:48:00.000Z,CMO,X,adjusted,channel,11994.448,nT
2026-03-23T12:49:00.000Z,CMO,X,adjusted,channel,11972.675,nT
2026-03-23T12:50:00.000Z,CMO,X,adjusted,channel,11955.037,nT
2026-03-23T12:51:00.000Z,CMO,X,adjusted,channel,11960.709,nT
2026-03-23T12:52:00.000Z,CMO,X,adjusted,channel,11993.867,nT
2026-03-23T12:53:00.000Z,CMO,X,adjusted,channel,12011.413,nT
2026-03-23T12:54:00.000Z,CMO,X,adjusted,channel,12000.182,nT
2026-03-23T12:55:00.000Z,CMO,X,adjusted,channel,11996.192,nT
2026-03-23T12:56:00.000Z,CMO,X,adjusted,channel,11977.617,nT
2026-03-23T12:57:00.000Z,CMO,X,adjusted,channel,11950.797,nT
2026-03-23T12:58:00.000Z,CMO,X,adjusted,channel,11935.484,nT
2026-03-23T12:59:00.000Z,CMO,X,adjusted,channel,11962.877,nT
2026-03-23T13:00:00.000Z,CMO,X,adjusted,channel,12000.12,nT
2026-03-23T13:01:00.000Z,CMO,X,adjusted,channel,12025.297,nT
2026-03-23T13:02:00.000Z,CMO,X,adjusted,channel,12040.634,nT
2026-03-23T13:03:00.000Z,CMO,X,adjusted,channel,12034.104,nT
2026-03-23T13:04:00.000Z,CMO,X,adjusted,channel,12003.305,nT
2026-03-23T13:05:00.000Z,CMO,X,adjusted,channel,11988.131,nT
2026-03-23T13:06:00.000Z,CMO,X,adjusted,channel,11975.439,nT
2026-03-23T13:07:00.000Z,CMO,X,adjusted,channel,11961.286,nT
2026-03-23T13:08:00.000Z,CMO,X,adjusted,channel,11930.485,nT
2026-03-23T13:09:00.000Z,CMO,X,adjusted,channel,11929.734,nT
2026-03-23T13:10:00.000Z,CMO,X,adjusted,channel,11960.179,nT
2026-03-23T13:11:00.000Z,CMO,X,adjusted,channel,11948.997,nT
2026-03-23T13:12:00.000Z,CMO,X,adjusted,channel,11923.883,nT
2026-03-23T13:13:00.000Z,CMO,X,adjusted,channel,11922.475,nT
2026-03-23T13:14:00.000Z,CMO,X,adjusted,channel,11932.865,nT
2026-03-23T13:15:00.000Z,CMO,X,adjusted,channel,11925.832,nT
2026-03-23T13:16:00.000Z,CMO,X,adjusted,channel,11926.279,nT
2026-03-23T13:17:00.000Z,CMO,X,adjusted,channel,11912.29,nT
2026-03-23T13:18:00.000Z,CMO,X,adjusted,channel,11892.203,nT
2026-03-23T13:19:00.000Z,CMO,X,adjusted,channel,11909.411,nT
2026-03-23T13:20:00.000Z,CMO,X,adjusted,channel,11903.553,nT
2026-03-23T13:21:00.000Z,CMO,X,adjusted,channel,11878.45,nT
2026-03-23T13:22:00.000Z,CMO,X,adjusted,channel,11845.362,nT
2026-03-23T13:23:00.000Z,CMO,X,adjusted,channel,11830.287,nT
2026-03-23T13:24:00.000Z,CMO,X,adjusted,channel,11876.617,nT
2026-03-23T13:25:00.000Z,CMO,X,adjusted,channel,11891.644,nT
2026-03-23T13:26:00.000Z,CMO,X,adjusted,channel,11919.28,nT
2026-03-23T13:27:00.000Z,CMO,X,adjusted,channel,11955.618,nT
2026-03-23T13:28:00.000Z,CMO,X,adjusted,channel,11977.507,nT
2026-03-23T13:29:00.000Z,CMO,X,adjusted,channel,11970.094,nT
2026-03-23T13:30:00.000Z,CMO,X,adjusted,channel,11936.884,nT
2026-03-23T13:31:00.000Z,CMO,X,adjusted,channel,11900.894,nT
2026-03-23T13:32:00.000Z,CMO,X,adjusted,channel,11917.734,nT
2026-03-23T13:33:00.000Z,CMO,X,adjusted,channel,11944.283,nT
2026-03-23T13:34:00.000Z,CMO,X,adjusted,channel,11932.994,nT
2026-03-23T13:35:00.000Z,CMO,X,adjusted,channel,11927.356,nT
2026-03-23T13:36:00.000Z,CMO,X,adjusted,channel,11946.059,nT
2026-03-23T13:37:00.000Z,CMO,X,adjusted,channel,11963.622,nT
2026-03-23T13:38:00.000Z,CMO,X,adjusted,channel,11938.855,nT
2026-03-23T13:39:00.000Z,CMO,X,adjusted,channel,11922.482,nT
2026-03-23T13:40:00.000Z,CMO,X,adjusted,channel,11930.139,nT
2026-03-23T13:41:00.000Z,CMO,X,adjusted,channel,11954.898,nT
2026-03-23T13:42:00.000Z,CMO,X,adjusted,channel,11951.774,nT
2026-03-23T13:43:00.000Z,CMO,X,adjusted,channel,11944.448,nT
2026-03-23T13:44:00.000Z,CMO,X,adjusted,channel,11975.714,nT
2026-03-23T13:45:00.000Z,CMO,X,adjusted,channel,11990.343,nT
2026-03-23T13:46:00.000Z,CMO,X,adjusted,channel,12016.782,nT
2026-03-23T13:47:00.000Z,CMO,X,adjusted,channel,12016.8,nT
2026-03-23T13:48:00.000Z,CMO,X,adjusted,channel,11991.431,nT
2026-03-23T13:49:00.000Z,CMO,X,adjusted,channel,11981.531,nT
2026-03-23T13:50:00.000Z,CMO,X,adjusted,channel,11972.817,nT
2026-03-23T13:51:00.000Z,CMO,X,adjusted,channel,11962.86,nT
2026-03-23T13:52:00.000Z,CMO,X,adjusted,channel,11957.561,nT
2026-03-23T13:53:00.000Z,CMO,X,adjusted,channel,11927.177,nT
2026-03-23T13:54:00.000Z,CMO,X,adjusted,channel,11892.9,nT
2026-03-23T13:55:00.000Z,CMO,X,adjusted,channel,11888.52,nT
2026-03-23T13:56:00.000Z,CMO,X,adjusted,channel,11913.457,nT
2026-03-23T13:57:00.000Z,CMO,X,adjusted,channel,11960.802,nT
2026-03-23T13:58:00.000Z,CMO,X,adjusted,channel,11978.739,nT
2026-03-23T13:59:00.000Z,CMO,X,adjusted,channel,11951.046,nT
2026-03-23T14:00:00.000Z,CMO,X,adjusted,channel,11952.069,nT
2026-03-23T14:01:00.000Z,CMO,X,adjusted,channel,11969.472,nT
2026-03-23T14:02:00.000Z,CMO,X,adjusted,channel,11991.71,nT
2026-03-23T14:03:00.000Z,CMO,X,adjusted,channel,12007.922,nT
2026-03-23T14:04:00.000Z,CMO,X,adjusted,channel,12008.74,nT
2026-03-23T14:05:00.000Z,CMO,X,adjusted,channel,12016.405,nT
2026-03-23T14:06:00.000Z,CMO,X,adjusted,channel,12037.978,nT
2026-03-23T14:07:00.000Z,CMO,X,adjusted,channel,12040.722,nT
2026-03-23T14:08:00.000Z,CMO,X,adjusted,channel,12032.498,nT
2026-03-23T14:09:00.000Z,CMO,X,adjusted,channel,12014.18,nT
2026-03-23T14:10:00.000Z,CMO,X,adjusted,channel,11991.707,nT
2026-03-23T14:11:00.000Z,CMO,X,adjusted,channel,11990.715,nT
2026-03-23T14:12:00.000Z,CMO,X,adjusted,channel,11985.24,nT
2026-03-23T14:13:00.000Z,CMO,X,adjusted,channel,12009.907,nT
2026-03-23T14:14:00.000Z,CMO,X,adjusted,channel,12003.908,nT
2026-03-23T14:15:00.000Z,CMO,X,adjusted,channel,11977.217,nT
2026-03-23T14:16:00.000Z,CMO,X,adjusted,channel,11970.418,nT
2026-03-23T14:17:00.000Z,CMO,X,adjusted,channel,11939.242,nT
2026-03-23T14:18:00.000Z,CMO,X,adjusted,channel,11924.029,nT
2026-03-23T14:19:00.000Z,CMO,X,adjusted,channel,11879.296,nT
2026-03-23T14:20:00.000Z,CMO,X,adjusted,channel,11890.009,nT
2026-03-23T14:21:00.000Z,CMO,X,adjusted,channel,11892.352,nT
2026-03-23T14:22:00.000Z,CMO,X,adjusted,channel,11855.111,nT
2026-03-23T14:23:00.000Z,CMO,X,adjusted,channel,11842.115,nT
2026-03-23T14:24:00.000Z,CMO,X,adjusted,channel,11846.698,nT
2026-03-23T14:25:00.000Z,CMO,X,adjusted,channel,11850.787,nT
2026-03-23T14:26:00.000Z,CMO,X,adjusted,channel,11834.537,nT
2026-03-23T14:27:00.000Z,CMO,X,adjusted,channel,11776.497,nT
2026-03-23T14:28:00.000Z,CMO,X,adjusted,channel,11781.704,nT
2026-03-23T14:29:00.000Z,CMO,X,adjusted,channel,11787.431,nT
2026-03-23T14:30:00.000Z,CMO,X,adjusted,channel,11786.738,nT
2026-03-23T14:31:00.000Z,CMO,X,adjusted,channel,11820.279,nT
2026-03-23T14:32:00.000Z,CMO,X,adjusted,channel,11854.962,nT
2026-03-23T14:33:00.000Z,CMO,X,adjusted,channel,11871.02,nT
2026-03-23T14:34:00.000Z,CMO,X,adjusted,channel,11874.16,nT
2026-03-23T14:35:00.000Z,CMO,X,adjusted,channel,11904.746,nT
2026-03-23T14:36:00.000Z,CMO,X,adjusted,channel,11920.234,nT
2026-03-23T14:37:00.000Z,CMO,X,adjusted,channel,11924.72,nT
2026-03-23T14:38:00.000Z,CMO,X,adjusted,channel,11942.975,nT
2026-03-23T14:39:00.000Z,CMO,X,adjusted,channel,11949.642,nT
2026-03-23T14:40:00.000Z,CMO,X,adjusted,channel,11962.734,nT
2026-03-23T14:41:00.000Z,CMO,X,adjusted,channel,11993.989,nT
2026-03-23T14:42:00.000Z,CMO,X,adjusted,channel,12052.468,nT
2026-03-23T14:43:00.000Z,CMO,X,adjusted,channel,12050.563,nT
2026-03-23T14:44:00.000Z,CMO,X,adjusted,channel,11979.946,nT
2026-03-23T14:45:00.000Z,CMO,X,adjusted,channel,11953.583,nT
2026-03-23T14:46:00.000Z,CMO,X,adjusted,channel,12006.632,nT
2026-03-23T14:47:00.000Z,CMO,X,adjusted,channel,12068.164,nT
2026-03-23T14:48:00.000Z,CMO,X,adjusted,channel,12061.605,nT
2026-03-23T14:49:00.000Z,CMO,X,adjusted,channel,12061.22,nT
2026-03-23T14:50:00.000Z,CMO,X,adjusted,channel,12102.25,nT
2026-03-23T14:51:00.000Z,CMO,X,adjusted,channel,12122.832,nT
2026-03-23T14:52:00.000Z,CMO,X,adjusted,channel,12140.375,nT
2026-03-23T14:53:00.000Z,CMO,X,adjusted,channel,12103.181,nT
2026-03-23T14:54:00.000Z,CMO,X,adjusted,channel,12066.425,nT
2026-03-23T14:55:00.000Z,CMO,X,adjusted,channel,12042.908,nT
2026-03-23T14:56:00.000Z,CMO,X,adjusted,channel,12072.035,nT
2026-03-23T14:57:00.000Z,CMO,X,adjusted,channel,12127.408,nT
2026-03-23T14:58:00.000Z,CMO,X,adjusted,channel,12155.614,nT
2026-03-23T14:59:00.000Z,CMO,X,adjusted,channel,12138.437,nT
2026-03-23T15:00:00.000Z,CMO,X,adjusted,channel,12134.627,nT
2026-03-23T15:01:00.000Z,CMO,X,adjusted,channel,12129.334,nT
2026-03-23T15:02:00.000Z,CMO,X,adjusted,channel,12113.432,nT
2026-03-23T15:03:00.000Z,CMO,X,adjusted,channel,12145.281,nT
2026-03-23T15:04:00.000Z,CMO,X,adjusted,channel,12144.126,nT
2026-03-23T15:05:00.000Z,CMO,X,adjusted,channel,12122.921,nT
2026-03-23T15:06:00.000Z,CMO,X,adjusted,channel,12092.726,nT
2026-03-23T15:07:00.000Z,CMO,X,adjusted,channel,12105.616,nT
2026-03-23T15:08:00.000Z,CMO,X,adjusted,channel,12134.285,nT
2026-03-23T15:09:00.000Z,CMO,X,adjusted,channel,12157.466,nT
2026-03-23T15:10:00.000Z,CMO,X,adjusted,channel,12126.696,nT
2026-03-23T15:11:00.000Z,CMO,X,adjusted,channel,12104.671,nT
2026-03-23T15:12:00.000Z,CMO,X,adjusted,channel,12123.834,nT
2026-03-23T15:13:00.000Z,CMO,X,adjusted,channel,12142.599,nT
2026-03-23T15:14:00.000Z,CMO,X,adjusted,channel,12152.26,nT
2026-03-23T15:15:00.000Z,CMO,X,adjusted,channel,12131.574,nT
2026-03-23T15:16:00.000Z,CMO,X,adjusted,channel,12140.473,nT
2026-03-23T15:17:00.000Z,CMO,X,adjusted,channel,12203.473,nT
2026-03-23T15:18:00.000Z,CMO,X,adjusted,channel,12229.342,nT
2026-03-23T15:19:00.000Z,CMO,X,adjusted,channel,12219.842,nT
2026-03-23T15:20:00.000Z,CMO,X,adjusted,channel,12202.309,nT
2026-03-23T15:21:00.000Z,CMO,X,adjusted,channel,12240.967,nT
2026-03-23T15:22:00.000Z,CMO,X,adjusted,channel,12277.302,nT
2026-03-23T15:23:00.000Z,CMO,X,adjusted,channel,12266.562,nT
2026-03-23T15:24:00.000Z,CMO,X,adjusted,channel,12253.935,nT
2026-03-23T15:25:00.000Z,CMO,X,adjusted,channel,12229.978,nT
2026-03-23T15:26:00.000Z,CMO,X,adjusted,channel,12219.459,nT
2026-03-23T15:27:00.000Z,CMO,X,adjusted,channel,12240.58,nT
2026-03-23T15:28:00.000Z,CMO,X,adjusted,channel,12265.397,nT
2026-03-23T15:29:00.000Z,CMO,X,adjusted,channel,12269.51,nT
2026-03-23T15:30:00.000Z,CMO,X,adjusted,channel,12278.626,nT
2026-03-23T15:31:00.000Z,CMO,X,adjusted,channel,12291.562,nT
2026-03-23T15:32:00.000Z,CMO,X,adjusted,channel,12315.08,nT
2026-03-23T15:33:00.000Z,CMO,X,adjusted,channel,12322.136,nT
2026-03-23T15:34:00.000Z,CMO,X,adjusted,channel,12313.352,nT
2026-03-23T15:35:00.000Z,CMO,X,adjusted,channel,12293.867,nT
2026-03-23T15:36:00.000Z,CMO,X,adjusted,channel,12298.125,nT
2026-03-23T15:37:00.000Z,CMO,X,adjusted,channel,12300.57,nT
2026-03-23T15:38:00.000Z,CMO,X,adjusted,channel,12292.737,nT
2026-03-23T15:39:00.000Z,CMO,X,adjusted,channel,12293.644,nT
2026-03-23T15:40:00.000Z,CMO,X,adjusted,channel,12292.616,nT
2026-03-23T15:41:00.000Z,CMO,X,adjusted,channel,12296.472,nT
2026-03-23T15:42:00.000Z,CMO,X,adjusted,channel,12296.927,nT
2026-03-23T15:43:00.000Z,CMO,X,adjusted,channel,12280.633,nT
2026-03-23T15:44:00.000Z,CMO,X,adjusted,channel,12261.025,nT
2026-03-23T15:45:00.000Z,CMO,X,adjusted,channel,12264.937,nT
2026-03-23T15:46:00.000Z,CMO,X,adjusted,channel,12279.063,nT
2026-03-23T15:47:00.000Z,CMO,X,adjusted,channel,12297.164,nT
2026-03-23T15:48:00.000Z,CMO,X,adjusted,channel,12307.996,nT
2026-03-23T15:49:00.000Z,CMO,X,adjusted,channel,12305.478,nT
2026-03-23T15:50:00.000Z,CMO,X,adjusted,channel,12287.83,nT
2026-03-23T15:51:00.000Z,CMO,X,adjusted,channel,12269.856,nT
2026-03-23T15:52:00.000Z,CMO,X,adjusted,channel,12270.873,nT
2026-03-23T15:53:00.000Z,CMO,X,adjusted,channel,12308.822,nT
2026-03-23T15:54:00.000Z,CMO,X,adjusted,channel,12322.401,nT
2026-03-23T15:55:00.000Z,CMO,X,adjusted,channel,12297.337,nT
2026-03-23T15:56:00.000Z,CMO,X,adjusted,channel,12276.775,nT
2026-03-23T15:57:00.000Z,CMO,X,adjusted,channel,12297.3,nT
2026-03-23T15:58:00.000Z,CMO,X,adjusted,channel,12310.098,nT
2026-03-23T15:59:00.000Z,CMO,X,adjusted,channel,12313.128,nT
2026-03-23T16:00:00.000Z,CMO,X,adjusted,channel,12307.933,nT
2026-03-23T16:01:00.000Z,CMO,X,adjusted,channel,12309.692,nT
2026-03-23T16:02:00.000Z,CMO,X,adjusted,channel,12304.381,nT
2026-03-23T16:03:00.000Z,CMO,X,adjusted,channel,12301.473,nT
2026-03-23T16:04:00.000Z,CMO,X,adjusted,channel,12299.245,nT
2026-03-23T16:05:00.000Z,CMO,X,adjusted,channel,12298.225,nT
2026-03-23T16:06:00.000Z,CMO,X,adjusted,channel,12308.398,nT
2026-03-23T16:07:00.000Z,CMO,X,adjusted,channel,12328.715,nT
2026-03-23T16:08:00.000Z,CMO,X,adjusted,channel,12333.894,nT
2026-03-23T16:09:00.000Z,CMO,X,adjusted,channel,12317.949,nT
2026-03-23T16:10:00.000Z,CMO,X,adjusted,channel,12303.718,nT
2026-03-23T16:11:00.000Z,CMO,X,adjusted,channel,12282.155,nT
2026-03-23T16:12:00.000Z,CMO,X,adjusted,channel,12282.838,nT
2026-03-23T16:13:00.000Z,CMO,X,adjusted,channel,12287.046,nT
2026-03-23T16:14:00.000Z,CMO,X,adjusted,channel,12295.4,nT
2026-03-23T16:15:00.000Z,CMO,X,adjusted,channel,12278.09,nT
2026-03-23T16:16:00.000Z,CMO,X,adjusted,channel,12272.91,nT
2026-03-23T16:17:00.000Z,CMO,X,adjusted,channel,12263.159,nT
2026-03-23T16:18:00.000Z,CMO,X,adjusted,channel,12271.915,nT
2026-03-23T16:19:00.000Z,CMO,X,adjusted,channel,12299.318,nT
2026-03-23T16:20:00.000Z,CMO,X,adjusted,channel,12322.46,nT
2026-03-23T16:21:00.000Z,CMO,X,adjusted,channel,12282.404,nT
2026-03-23T16:22:00.000Z,CMO,X,adjusted,channel,12245.976,nT
2026-03-23T16:23:00.000Z,CMO,X,adjusted,channel,12234.496,nT
2026-03-23T16:24:00.000Z,CMO,X,adjusted,channel,12256.021,nT
2026-03-23T16:25:00.000Z,CMO,X,adjusted,channel,12274.668,nT
2026-03-23T16:26:00.000Z,CMO,X,adjusted,channel,12259.969,nT
2026-03-23T16:27:00.000Z,CMO,X,adjusted,channel,12252.616,nT
2026-03-23T16:28:00.000Z,CMO,X,adjusted,channel,12263.156,nT
2026-03-23T16:29:00.000Z,CMO,X,adjusted,channel,12271.439,nT
2026-03-23T16:30:00.000Z,CMO,X,adjusted,channel,12262.99,nT
2026-03-23T16:31:00.000Z,CMO,X,adjusted,channel,12255.685,nT
2026-03-23T16:32:00.000Z,CMO,X,adjusted,channel,12254.887,nT
2026-03-23T16:33:00.000Z,CMO,X,adjusted,channel,12259.687,nT
2026-03-23T16:34:00.000Z,CMO,X,adjusted,channel,12282.964,nT
2026-03-23T16:35:00.000Z,CMO,X,adjusted,channel,12282.593,nT
2026-03-23T16:36:00.000Z,CMO,X,adjusted,channel,12275.129,nT
2026-03-23T16:37:00.000Z,CMO,X,adjusted,channel,12259.119,nT
2026-03-23T16:38:00.000Z,CMO,X,adjusted,channel,12249.514,nT
2026-03-23T16:39:00.000Z,CMO,X,adjusted,channel,12257.689,nT
2026-03-23T16:40:00.000Z,CMO,X,adjusted,channel,12251.408,nT
2026-03-23T16:41:00.000Z,CMO,X,adjusted,channel,12240.073,nT
2026-03-23T16:42:00.000Z,CMO,X,adjusted,channel,12243.388,nT
2026-03-23T16:43:00.000Z,CMO,X,adjusted,channel,12252.349,nT
2026-03-23T16:44:00.000Z,CMO,X,adjusted,channel,12244.841,nT
2026-03-23T16:45:00.000Z,CMO,X,adjusted,channel,12236.098,nT
2026-03-23T16:46:00.000Z,CMO,X,adjusted,channel,12240.928,nT
2026-03-23T16:47:00.000Z,CMO,X,adjusted,channel,12247.994,nT
2026-03-23T16:48:00.000Z,CMO,X,adjusted,channel,12239.542,nT
2026-03-23T16:49:00.000Z,CMO,X,adjusted,channel,12245.695,nT
2026-03-23T16:50:00.000Z,CMO,X,adjusted,channel,12250.96,nT
2026-03-23T16:51:00.000Z,CMO,X,adjusted,channel,12247.131,nT
2026-03-23T16:52:00.000Z,CMO,X,adjusted,channel,12247.535,nT
2026-03-23T16:53:00.000Z,CMO,X,adjusted,channel,12235.153,nT
2026-03-23T16:54:00.000Z,CMO,X,adjusted,channel,12241.809,nT
2026-03-23T16:55:00.000Z,CMO,X,adjusted,channel,12237.053,nT
2026-03-23T16:56:00.000Z,CMO,X,adjusted,channel,12225.612,nT
2026-03-23T16:57:00.000Z,CMO,X,adjusted,channel,12221.658,nT
2026-03-23T16:58:00.000Z,CMO,X,adjusted,channel,12223.983,nT
2026-03-23T16:59:00.000Z,CMO,X,adjusted,channel,12220.061,nT
2026-03-23T17:00:00.000Z,CMO,X,adjusted,channel,12216.143,nT
2026-03-23T17:01:00.000Z,CMO,X,adjusted,channel,12207.221,nT
2026-03-23T17:02:00.000Z,CMO,X,adjusted,channel,12212.091,nT
2026-03-23T17:03:00.000Z,CMO,X,adjusted,channel,12214.425,nT
2026-03-23T17:04:00.000Z,CMO,X,adjusted,channel,12200.89,nT
2026-03-23T17:05:00.000Z,CMO,X,adjusted,channel,12187.6,nT
2026-03-23T17:06:00.000Z,CMO,X,adjusted,channel,12189.994,nT
2026-03-23T17:07:00.000Z,CMO,X,adjusted,channel,12186.628,nT
2026-03-23T17:08:00.000Z,CMO,X,adjusted,channel,12189.695,nT
2026-03-23T17:09:00.000Z,CMO,X,adjusted,channel,12193.46,nT
2026-03-23T17:10:00.000Z,CMO,X,adjusted,channel,12192.014,nT
2026-03-23T17:11:00.000Z,CMO,X,adjusted,channel,12183.969,nT
2026-03-23T17:12:00.000Z,CMO,X,adjusted,channel,12179.797,nT
2026-03-23T17:13:00.000Z,CMO,X,adjusted,channel,12191.392,nT
2026-03-23T17:14:00.000Z,CMO,X,adjusted,channel,12195.25,nT
2026-03-23T17:15:00.000Z,CMO,X,adjusted,channel,12189.996,nT
2026-03-23T17:16:00.000Z,CMO,X,adjusted,channel,12192.596,nT
2026-03-23T17:17:00.000Z,CMO,X,adjusted,channel,12188.238,nT
2026-03-23T17:18:00.000Z,CMO,X,adjusted,channel,12179.99,nT
2026-03-23T17:19:00.000Z,CMO,X,adjusted,channel,12172.25,nT
2026-03-23T17:20:00.000Z,CMO,X,adjusted,channel,12164.335,nT
2026-03-23T17:21:00.000Z,CMO,X,adjusted,channel,12158.387,nT
2026-03-23T17:22:00.000Z,CMO,X,adjusted,channel,12159.776,nT
2026-03-23T17:23:00.000Z,CMO,X,adjusted,channel,12151.458,nT
2026-03-23T17:24:00.000Z,CMO,X,adjusted,channel,12144.824,nT
2026-03-23T17:25:00.000Z,CMO,X,adjusted,channel,12141.479,nT
2026-03-23T17:26:00.000Z,CMO,X,adjusted,channel,12131.061,nT
2026-03-23T17:27:00.000Z,CMO,X,adjusted,channel,12122.441,nT
2026-03-23T17:28:00.000Z,CMO,X,adjusted,channel,12102.448,nT
2026-03-23T17:29:00.000Z,CMO,X,adjusted,channel,12070.888,nT
2026-03-23T17:30:00.000Z,CMO,X,adjusted,channel,12039.348,nT
2026-03-23T17:31:00.000Z,CMO,X,adjusted,channel,12005.606,nT
2026-03-23T17:32:00.000Z,CMO,X,adjusted,channel,11971.103,nT
2026-03-23T17:33:00.000Z,CMO,X,adjusted,channel,11959.042,nT
2026-03-23T17:34:00.000Z,CMO,X,adjusted,channel,11922.51,nT
2026-03-23T17:35:00.000Z,CMO,X,adjusted,channel,11895.986,nT
2026-03-23T17:36:00.000Z,CMO,X,adjusted,channel,11904.198,nT
2026-03-23T17:37:00.000Z,CMO,X,adjusted,channel,11902.459,nT
2026-03-23T17:38:00.000Z,CMO,X,adjusted,channel,11887.775,nT
2026-03-23T17:39:00.000Z,CMO,X,adjusted,channel,11875.341,nT
2026-03-23T17:40:00.000Z,CMO,X,adjusted,channel,11856.018,nT
2026-03-23T17:41:00.000Z,CMO,X,adjusted,channel,11825.976,nT
2026-03-23T17:42:00.000Z,CMO,X,adjusted,channel,11813.051,nT
2026-03-23T17:43:00.000Z,CMO,X,adjusted,channel,11775.938,nT
2026-03-23T17:44:00.000Z,CMO,X,adjusted,channel,11777.554,nT
2026-03-23T17:45:00.000Z,CMO,X,adjusted,channel,11745.274,nT
2026-03-23T17:46:00.000Z,CMO,X,adjusted,channel,11770.848,nT
2026-03-23T17:47:00.000Z,CMO,X,adjusted,channel,11829.473,nT
2026-03-23T17:48:00.000Z,CMO,X,adjusted,channel,11886.43,nT
2026-03-23T17:49:00.000Z,CMO,X,adjusted,channel,11928.354,nT
2026-03-23T17:50:00.000Z,CMO,X,adjusted,channel,11927.567,nT
2026-03-23T17:51:00.000Z,CMO,X,adjusted,channel,11923.424,nT
2026-03-23T17:52:00.000Z,CMO,X,adjusted,channel,11951.171,nT
2026-03-23T17:53:00.000Z,CMO,X,adjusted,channel,11993.718,nT
2026-03-23T17:54:00.000Z,CMO,X,adjusted,channel,12107.383,nT
2026-03-23T17:55:00.000Z,CMO,X,adjusted,channel,12101.857,nT
2026-03-23T17:56:00.000Z,CMO,X,adjusted,channel,12049.421,nT
2026-03-23T17:57:00.000Z,CMO,X,adjusted,channel,12132.578,nT
2026-03-23T17:58:00.000Z,CMO,X,adjusted,channel,12121.352,nT
2026-03-23T17:59:00.000Z,CMO,X,adjusted,channel,12070.764,nT
2026-03-23T18:00:00.000Z,CMO,X,adjusted,channel,12123.284,nT
2026-03-23T18:01:00.000Z,CMO,X,adjusted,channel,12157.473,nT
2026-03-23T18:02:00.000Z,CMO,X,adjusted,channel,12183.828,nT
2026-03-23T18:03:00.000Z,CMO,X,adjusted,channel,12186.515,nT
2026-03-23T18:04:00.000Z,CMO,X,adjusted,channel,12195.585,nT
2026-03-23T18:05:00.000Z,CMO,X,adjusted,channel,12172.27,nT
2026-03-23T18:06:00.000Z,CMO,X,adjusted,channel,12221.634,nT
2026-03-23T18:07:00.000Z,CMO,X,adjusted,channel,12233.323,nT
2026-03-23T18:08:00.000Z,CMO,X,adjusted,channel,12284.399,nT
2026-03-23T18:09:00.000Z,CMO,X,adjusted,channel,12319.325,nT
2026-03-23T18:10:00.000Z,CMO,X,adjusted,channel,12299.165,nT
2026-03-23T18:11:00.000Z,CMO,X,adjusted,channel,12289.449,nT
2026-03-23T18:12:00.000Z,CMO,X,adjusted,channel,12226.958,nT
2026-03-23T18:13:00.000Z,CMO,X,adjusted,channel,12203.98,nT
2026-03-23T18:14:00.000Z,CMO,X,adjusted,channel,12150.345,nT
2026-03-23T18:15:00.000Z,CMO,X,adjusted,channel,12123.352,nT
2026-03-23T18:16:00.000Z,CMO,X,adjusted,channel,12127.896,nT
2026-03-23T18:17:00.000Z,CMO,X,adjusted,channel,12124.132,nT
2026-03-23T18:18:00.000Z,CMO,X,adjusted,channel,12154.936,nT
2026-03-23T18:19:00.000Z,CMO,X,adjusted,channel,12184.673,nT
2026-03-23T18:20:00.000Z,CMO,X,adjusted,channel,12137.962,nT
2026-03-23T18:21:00.000Z,CMO,X,adjusted,channel,12178.885,nT
2026-03-23T18:22:00.000Z,CMO,X,adjusted,channel,12180.301,nT
2026-03-23T18:23:00.000Z,CMO,X,adjusted,channel,12193.418,nT
2026-03-23T18:24:00.000Z,CMO,X,adjusted,channel,12179.73,nT
2026-03-23T18:25:00.000Z,CMO,X,adjusted,channel,12172.172,nT
2026-03-23T18:26:00.000Z,CMO,X,adjusted,channel,12168.68,nT
2026-03-23T18:27:00.000Z,CMO,X,adjusted,channel,12151.164,nT
2026-03-23T18:28:00.000Z,CMO,X,adjusted,channel,12165.123,nT
2026-03-23T18:29:00.000Z,CMO,X,adjusted,channel,12137.53,nT
2026-03-23T18:30:00.000Z,CMO,X,adjusted,channel,12137.495,nT
2026-03-23T18:31:00.000Z,CMO,X,adjusted,channel,12135.478,nT
2026-03-23T18:32:00.000Z,CMO,X,adjusted,channel,12121.743,nT
2026-03-23T18:33:00.000Z,CMO,X,adjusted,channel,12129.034,nT
2026-03-23T18:34:00.000Z,CMO,X,adjusted,channel,12145.785,nT
2026-03-23T18:35:00.000Z,CMO,X,adjusted,channel,12142.42,nT
2026-03-23T18:36:00.000Z,CMO,X,adjusted,channel,12124.175,nT
2026-03-23T18:37:00.000Z,CMO,X,adjusted,channel,12143.104,nT
2026-03-23T18:38:00.000Z,CMO,X,adjusted,channel,12177.119,nT
2026-03-23T18:39:00.000Z,CMO,X,adjusted,channel,12171.313,nT
2026-03-23T18:40:00.000Z,CMO,X,adjusted,channel,12177.662,nT
2026-03-23T18:41:00.000Z,CMO,X,adjusted,channel,12182.968,nT
2026-03-23T18:42:00.000Z,CMO,X,adjusted,channel,12170.271,nT
2026-03-23T18:43:00.000Z,CMO,X,adjusted,channel,12182.263,nT
2026-03-23T18:44:00.000Z,CMO,X,adjusted,channel,12179.55,nT
2026-03-23T18:45:00.000Z,CMO,X,adjusted,channel,12172.414,nT
2026-03-23T18:46:00.000Z,CMO,X,adjusted,channel,12165.827,nT
2026-03-23T18:47:00.000Z,CMO,X,adjusted,channel,12159.164,nT
2026-03-23T18:48:00.000Z,CMO,X,adjusted,channel,12153.489,nT
2026-03-23T18:49:00.000Z,CMO,X,adjusted,channel,12164.505,nT
2026-03-23T18:50:00.000Z,CMO,X,adjusted,channel,12147.856,nT
2026-03-23T18:51:00.000Z,CMO,X,adjusted,channel,12141.65,nT
2026-03-23T18:52:00.000Z,CMO,X,adjusted,channel,12134.717,nT
2026-03-23T18:53:00.000Z,CMO,X,adjusted,channel,12137.412,nT
2026-03-23T18:54:00.000Z,CMO,X,adjusted,channel,12127.087,nT
2026-03-23T18:55:00.000Z,CMO,X,adjusted,channel,12119.401,nT
2026-03-23T18:56:00.000Z,CMO,X,adjusted,channel,12130.82,nT
2026-03-23T18:57:00.000Z,CMO,X,adjusted,channel,12139.307,nT
2026-03-23T18:58:00.000Z,CMO,X,adjusted,channel,12126.763,nT
2026-03-23T18:59:00.000Z,CMO,X,adjusted,channel,12135.782,nT
2026-03-23T19:00:00.000Z,CMO,X,adjusted,channel,12144.719,nT
2026-03-23T19:01:00.000Z,CMO,X,adjusted,channel,12145.473,nT
2026-03-23T19:02:00.000Z,CMO,X,adjusted,channel,12146.706,nT
2026-03-23T19:03:00.000Z,CMO,X,adjusted,channel,12140.884,nT
2026-03-23T19:04:00.000Z,CMO,X,adjusted,channel,12134.151,nT
2026-03-23T19:05:00.000Z,CMO,X,adjusted,channel,12145.448,nT
2026-03-23T19:06:00.000Z,CMO,X,adjusted,channel,12141.824,nT
2026-03-23T19:07:00.000Z,CMO,X,adjusted,channel,12125.534,nT
2026-03-23T19:08:00.000Z,CMO,X,adjusted,channel,12134.852,nT
2026-03-23T19:09:00.000Z,CMO,X,adjusted,channel,12130.273,nT
2026-03-23T19:10:00.000Z,CMO,X,adjusted,channel,12130.019,nT
2026-03-23T19:11:00.000Z,CMO,X,adjusted,channel,12141.53,nT
2026-03-23T19:12:00.000Z,CMO,X,adjusted,channel,12144.645,nT
2026-03-23T19:13:00.000Z,CMO,X,adjusted,channel,12127.507,nT
2026-03-23T19:14:00.000Z,CMO,X,adjusted,channel,12144.079,nT
2026-03-23T19:15:00.000Z,CMO,X,adjusted,channel,12141.065,nT
2026-03-23T19:16:00.000Z,CMO,X,adjusted,channel,12138.728,nT
2026-03-23T19:17:00.000Z,CMO,X,adjusted,channel,12150.036,nT
2026-03-23T19:18:00.000Z,CMO,X,adjusted,channel,12160.081,nT
2026-03-23T19:19:00.000Z,CMO,X,adjusted,channel,12160.316,nT
2026-03-23T19:20:00.000Z,CMO,X,adjusted,channel,12157.683,nT
2026-03-23T19:21:00.000Z,CMO,X,adjusted,channel,12165.626,nT
2026-03-23T19:22:00.000Z,CMO,X,adjusted,channel,12176.374,nT
2026-03-23T19:23:00.000Z,CMO,X,adjusted,channel,12188.606,nT
2026-03-23T19:24:00.000Z,CMO,X,adjusted,channel,12187.836,nT
2026-03-23T19:25:00.000Z,CMO,X,adjusted,channel,12185.769,nT
2026-03-23T19:26:00.000Z,CMO,X,adjusted,channel,12171.333,nT
2026-03-23T19:27:00.000Z,CMO,X,adjusted,channel,12179.254,nT
2026-03-23T19:28:00.000Z,CMO,X,adjusted,channel,12184.32,nT
2026-03-23T19:29:00.000Z,CMO,X,adjusted,channel,12186.26,nT
2026-03-23T19:30:00.000Z,CMO,X,adjusted,channel,12174.873,nT
2026-03-23T19:31:00.000Z,CMO,X,adjusted,channel,12181.202,nT
2026-03-23T19:32:00.000Z,CMO,X,adjusted,channel,12180.881,nT
2026-03-23T19:33:00.000Z,CMO,X,adjusted,channel,12164.924,nT
2026-03-23T19:34:00.000Z,CMO,X,adjusted,channel,12154.119,nT
2026-03-23T19:35:00.000Z,CMO,X,adjusted,channel,12147.113,nT
2026-03-23T19:36:00.000Z,CMO,X,adjusted,channel,12140.43,nT
2026-03-23T19:37:00.000Z,CMO,X,adjusted,channel,12148.955,nT
2026-03-23T19:38:00.000Z,CMO,X,adjusted,channel,12141.16,nT
2026-03-23T19:39:00.000Z,CMO,X,adjusted,channel,12148.905,nT
2026-03-23T19:40:00.000Z,CMO,X,adjusted,channel,12148.155,nT
2026-03-23T19:41:00.000Z,CMO,X,adjusted,channel,12151.246,nT
2026-03-23T19:42:00.000Z,CMO,X,adjusted,channel,12158.624,nT
2026-03-23T19:43:00.000Z,CMO,X,adjusted,channel,12166.553,nT
2026-03-23T19:44:00.000Z,CMO,X,adjusted,channel,12158.394,nT
2026-03-23T19:45:00.000Z,CMO,X,adjusted,channel,12148.218,nT
2026-03-23T19:46:00.000Z,CMO,X,adjusted,channel,12138.954,nT
2026-03-23T19:47:00.000Z,CMO,X,adjusted,channel,12142.491,nT
2026-03-23T19:48:00.000Z,CMO,X,adjusted,channel,12137.837,nT
2026-03-23T19:49:00.000Z,CMO,X,adjusted,channel,12144.157,nT
2026-03-23T19:50:00.000Z,CMO,X,adjusted,channel,12151.878,nT
2026-03-23T19:51:00.000Z,CMO,X,adjusted,channel,12148.606,nT
2026-03-23T19:52:00.000Z,CMO,X,adjusted,channel,12150.009,nT
2026-03-23T19:53:00.000Z,CMO,X,adjusted,channel,12165.838,nT
2026-03-23T19:54:00.000Z,CMO,X,adjusted,channel,12189.12,nT
2026-03-23T19:55:00.000Z,CMO,X,adjusted,channel,12193.978,nT
2026-03-23T19:56:00.000Z,CMO,X,adjusted,channel,12193.903,nT
2026-03-23T19:57:00.000Z,CMO,X,adjusted,channel,12211.195,nT
2026-03-23T19:58:00.000Z,CMO,X,adjusted,channel,12223.797,nT
2026-03-23T19:59:00.000Z,CMO,X,adjusted,channel,12237.662,nT
2026-03-23T20:00:00.000Z,CMO,X,adjusted,channel,12240.656,nT
2026-03-23T20:01:00.000Z,CMO,X,adjusted,channel,12234.563,nT
2026-03-23T20:02:00.000Z,CMO,X,adjusted,channel,12223.153,nT
2026-03-23T20:03:00.000Z,CMO,X,adjusted,channel,12219.919,nT
2026-03-23T20:04:00.000Z,CMO,X,adjusted,channel,12215.243,nT
2026-03-23T20:05:00.000Z,CMO,X,adjusted,channel,12212.436,nT
2026-03-23T20:06:00.000Z,CMO,X,adjusted,channel,12210.494,nT
2026-03-23T20:07:00.000Z,CMO,X,adjusted,channel,12202.527,nT
2026-03-23T20:08:00.000Z,CMO,X,adjusted,channel,12202.606,nT
2026-03-23T20:09:00.000Z,CMO,X,adjusted,channel,12205.977,nT
2026-03-23T20:10:00.000Z,CMO,X,adjusted,channel,12210.281,nT
2026-03-23T20:11:00.000Z,CMO,X,adjusted,channel,12222.787,nT
2026-03-23T20:12:00.000Z,CMO,X,adjusted,channel,12228.932,nT
2026-03-23T20:13:00.000Z,CMO,X,adjusted,channel,12232.473,nT
2026-03-23T20:14:00.000Z,CMO,X,adjusted,channel,12238.377,nT
2026-03-23T20:15:00.000Z,CMO,X,adjusted,channel,12244.873,nT
2026-03-23T20:16:00.000Z,CMO,X,adjusted,channel,12249.715,nT
2026-03-23T20:17:00.000Z,CMO,X,adjusted,channel,12258.695,nT
2026-03-23T20:18:00.000Z,CMO,X,adjusted,channel,12256.326,nT
2026-03-23T20:19:00.000Z,CMO,X,adjusted,channel,12246.063,nT
2026-03-23T20:20:00.000Z,CMO,X,adjusted,channel,12258.305,nT
2026-03-23T20:21:00.000Z,CMO,X,adjusted,channel,12243.708,nT
2026-03-23T20:22:00.000Z,CMO,X,adjusted,channel,12256.842,nT
2026-03-23T20:23:00.000Z,CMO,X,adjusted,channel,12261.256,nT
2026-03-23T20:24:00.000Z,CMO,X,adjusted,channel,12252.833,nT
2026-03-23T20:25:00.000Z,CMO,X,adjusted,channel,12242.422,nT
2026-03-23T20:26:00.000Z,CMO,X,adjusted,channel,12249.119,nT
2026-03-23T20:27:00.000Z,CMO,X,adjusted,channel,12242.516,nT
2026-03-23T20:28:00.000Z,CMO,X,adjusted,channel,12239.563,nT
2026-03-23T20:29:00.000Z,CMO,X,adjusted,channel,12240.845,nT
2026-03-23T20:30:00.000Z,CMO,X,adjusted,channel,12250.99,nT
2026-03-23T20:31:00.000Z,CMO,X,adjusted,channel,12225.252,nT
2026-03-23T20:32:00.000Z,CMO,X,adjusted,channel,12232.421,nT
2026-03-23T20:33:00.000Z,CMO,X,adjusted,channel,12235.318,nT
2026-03-23T20:34:00.000Z,CMO,X,adjusted,channel,12244.719,nT
2026-03-23T20:35:00.000Z,CMO,X,adjusted,channel,12226.132,nT
2026-03-23T20:36:00.000Z,CMO,X,adjusted,channel,12223.35,nT
2026-03-23T20:37:00.000Z,CMO,X,adjusted,channel,12256.09,nT
2026-03-23T20:38:00.000Z,CMO,X,adjusted,channel,12248.017,nT
2026-03-23T20:39:00.000Z,CMO,X,adjusted,channel,12249.076,nT
2026-03-23T20:40:00.000Z,CMO,X,adjusted,channel,12246.863,nT
2026-03-23T20:41:00.000Z,CMO,X,adjusted,channel,12229.346,nT
2026-03-23T20:42:00.000Z,CMO,X,adjusted,channel,12229.769,nT
2026-03-23T20:43:00.000Z,CMO,X,adjusted,channel,12227.365,nT
2026-03-23T20:44:00.000Z,CMO,X,adjusted,channel,12236.539,nT
2026-03-23T20:45:00.000Z,CMO,X,adjusted,channel,12231.418,nT
2026-03-23T20:46:00.000Z,CMO,X,adjusted,channel,12228.314,nT
2026-03-23T20:47:00.000Z,CMO,X,adjusted,channel,12252.344,nT
2026-03-23T20:48:00.000Z,CMO,X,adjusted,channel,12240.59,nT
2026-03-23T20:49:00.000Z,CMO,X,adjusted,channel,12236.418,nT
2026-03-23T20:50:00.000Z,CMO,X,adjusted,channel,12234.245,nT
2026-03-23T20:51:00.000Z,CMO,X,adjusted,channel,12239.111,nT
2026-03-23T20:52:00.000Z,CMO,X,adjusted,channel,12228.731,nT
2026-03-23T20:53:00.000Z,CMO,X,adjusted,channel,12229.751,nT
2026-03-23T20:54:00.000Z,CMO,X,adjusted,channel,12229.674,nT
2026-03-23T20:55:00.000Z,CMO,X,adjusted,channel,12225.668,nT
2026-03-23T20:56:00.000Z,CMO,X,adjusted,channel,12227.806,nT
2026-03-23T20:57:00.000Z,CMO,X,adjusted,channel,12233.388,nT
2026-03-23T20:58:00.000Z,CMO,X,adjusted,channel,12235.507,nT
2026-03-23T20:59:00.000Z,CMO,X,adjusted,channel,12232.16,nT
2026-03-23T21:00:00.000Z,CMO,X,adjusted,channel,12226.804,nT
2026-03-23T21:01:00.000Z,CMO,X,adjusted,channel,12228.899,nT
2026-03-23T21:02:00.000Z,CMO,X,adjusted,channel,12224.055,nT
2026-03-23T21:03:00.000Z,CMO,X,adjusted,channel,12229.579,nT
2026-03-23T21:04:00.000Z,CMO,X,adjusted,channel,12222.275,nT
2026-03-23T21:05:00.000Z,CMO,X,adjusted,channel,12211.653,nT
2026-03-23T21:06:00.000Z,CMO,X,adjusted,channel,12210.343,nT
2026-03-23T21:07:00.000Z,CMO,X,adjusted,channel,12215.957,nT
2026-03-23T21:08:00.000Z,CMO,X,adjusted,channel,12216.183,nT
2026-03-23T21:09:00.000Z,CMO,X,adjusted,channel,12222.289,nT
2026-03-23T21:10:00.000Z,CMO,X,adjusted,channel,12220.21,nT
2026-03-23T21:11:00.000Z,CMO,X,adjusted,channel,12223.276,nT
2026-03-23T21:12:00.000Z,CMO,X,adjusted,channel,12234.207,nT
2026-03-23T21:13:00.000Z,CMO,X,adjusted,channel,12237.522,nT
2026-03-23T21:14:00.000Z,CMO,X,adjusted,channel,12241.991,nT
2026-03-23T21:15:00.000Z,CMO,X,adjusted,channel,12237.379,nT
2026-03-23T21:16:00.000Z,CMO,X,adjusted,channel,12239.112,nT
2026-03-23T21:17:00.000Z,CMO,X,adjusted,channel,12232.087,nT
2026-03-23T21:18:00.000Z,CMO,X,adjusted,channel,12228.445,nT
2026-03-23T21:19:00.000Z,CMO,X,adjusted,channel,12223.412,nT
2026-03-23T21:20:00.000Z,CMO,X,adjusted,channel,12220.695,nT
2026-03-23T21:21:00.000Z,CMO,X,adjusted,channel,12215.534,nT
2026-03-23T21:22:00.000Z,CMO,X,adjusted,channel,12204.065,nT
2026-03-23T21:23:00.000Z,CMO,X,adjusted,channel,12207.396,nT
2026-03-23T21:24:00.000Z,CMO,X,adjusted,channel,12199.778,nT
2026-03-23T21:25:00.000Z,CMO,X,adjusted,channel,12193.61,nT
2026-03-23T21:26:00.000Z,CMO,X,adjusted,channel,12192.738,nT
2026-03-23T21:27:00.000Z,CMO,X,adjusted,channel,12199.169,nT
2026-03-23T21:28:00.000Z,CMO,X,adjusted,channel,12197.021,nT
2026-03-23T21:29:00.000Z,CMO,X,adjusted,channel,12197.165,nT
2026-03-23T21:30:00.000Z,CMO,X,adjusted,channel,12198.325,nT
2026-03-23T21:31:00.000Z,CMO,X,adjusted,channel,12202.973,nT
2026-03-23T21:32:00.000Z,CMO,X,adjusted,channel,12220.088,nT
2026-03-23T21:33:00.000Z,CMO,X,adjusted,channel,12235.789,nT
2026-03-23T21:34:00.000Z,CMO,X,adjusted,channel,12235.095,nT
2026-03-23T21:35:00.000Z,CMO,X,adjusted,channel,12215.381,nT
2026-03-23T21:36:00.000Z,CMO,X,adjusted,channel,12229.937,nT
2026-03-23T21:37:00.000Z,CMO,X,adjusted,channel,12230.152,nT
2026-03-23T21:38:00.000Z,CMO,X,adjusted,channel,12231.242,nT
2026-03-23T21:39:00.000Z,CMO,X,adjusted,channel,12229.419,nT
2026-03-23T21:40:00.000Z,CMO,X,adjusted,channel,12232.807,nT
2026-03-23T21:41:00.000Z,CMO,X,adjusted,channel,12236.154,nT
2026-03-23T21:42:00.000Z,CMO,X,adjusted,channel,12242.615,nT
2026-03-23T21:43:00.000Z,CMO,X,adjusted,channel,12238.881,nT
2026-03-23T21:44:00.000Z,CMO,X,adjusted,channel,12237.402,nT
2026-03-23T21:45:00.000Z,CMO,X,adjusted,channel,12234.525,nT
2026-03-23T21:46:00.000Z,CMO,X,adjusted,channel,12243.758,nT
2026-03-23T21:47:00.000Z,CMO,X,adjusted,channel,12251.237,nT
2026-03-23T21:48:00.000Z,CMO,X,adjusted,channel,12266.387,nT
2026-03-23T21:49:00.000Z,CMO,X,adjusted,channel,12282.209,nT
2026-03-23T21:50:00.000Z,CMO,X,adjusted,channel,12290.772,nT
2026-03-23T21:51:00.000Z,CMO,X,adjusted,channel,12295.139,nT
2026-03-23T21:52:00.000Z,CMO,X,adjusted,channel,12306.455,nT
2026-03-23T21:53:00.000Z,CMO,X,adjusted,channel,12311.335,nT
2026-03-23T21:54:00.000Z,CMO,X,adjusted,channel,12317.851,nT
2026-03-23T21:55:00.000Z,CMO,X,adjusted,channel,12327.688,nT
2026-03-23T21:56:00.000Z,CMO,X,adjusted,channel,12339.041,nT
2026-03-23T21:57:00.000Z,CMO,X,adjusted,channel,12361.384,nT
2026-03-23T21:58:00.000Z,CMO,X,adjusted,channel,12363.117,nT
2026-03-23T21:59:00.000Z,CMO,X,adjusted,channel,12355.861,nT
2026-03-23T22:00:00.000Z,CMO,X,adjusted,channel,12351.713,nT
2026-03-23T22:01:00.000Z,CMO,X,adjusted,channel,12360.547,nT
2026-03-23T22:02:00.000Z,CMO,X,adjusted,channel,12346.374,nT
2026-03-23T22:03:00.000Z,CMO,X,adjusted,channel,12340.529,nT
2026-03-23T22:04:00.000Z,CMO,X,adjusted,channel,12337.752,nT
2026-03-23T22:05:00.000Z,CMO,X,adjusted,channel,12321.695,nT
2026-03-23T22:06:00.000Z,CMO,X,adjusted,channel,12315.333,nT
2026-03-23T22:07:00.000Z,CMO,X,adjusted,channel,12300.267,nT
2026-03-23T22:08:00.000Z,CMO,X,adjusted,channel,12305.517,nT
2026-03-23T22:09:00.000Z,CMO,X,adjusted,channel,12320.922,nT
2026-03-23T22:10:00.000Z,CMO,X,adjusted,channel,12330.904,nT
2026-03-23T22:11:00.000Z,CMO,X,adjusted,channel,12333.529,nT
2026-03-23T22:12:00.000Z,CMO,X,adjusted,channel,12330.193,nT
2026-03-23T22:13:00.000Z,CMO,X,adjusted,channel,12319.944,nT
2026-03-23T22:14:00.000Z,CMO,X,adjusted,channel,12319.32,nT
2026-03-23T22:15:00.000Z,CMO,X,adjusted,channel,12320.162,nT
2026-03-23T22:16:00.000Z,CMO,X,adjusted,channel,12320.205,nT
2026-03-23T22:17:00.000Z,CMO,X,adjusted,channel,12313.129,nT
2026-03-23T22:18:00.000Z,CMO,X,adjusted,channel,12297.458,nT
2026-03-23T22:19:00.000Z,CMO,X,adjusted,channel,12301.987,nT
2026-03-23T22:20:00.000Z,CMO,X,adjusted,channel,12299.072,nT
2026-03-23T22:21:00.000Z,CMO,X,adjusted,channel,12298.698,nT
2026-03-23T22:22:00.000Z,CMO,X,adjusted,channel,12283.584,nT
2026-03-23T22:23:00.000Z,CMO,X,adjusted,channel,12266.094,nT
2026-03-23T22:24:00.000Z,CMO,X,adjusted,channel,12282.784,nT
2026-03-23T22:25:00.000Z,CMO,X,adjusted,channel,12299.996,nT
2026-03-23T22:26:00.000Z,CMO,X,adjusted,channel,12298.818,nT
2026-03-23T22:27:00.000Z,CMO,X,adjusted,channel,12283.375,nT
2026-03-23T22:28:00.000Z,CMO,X,adjusted,channel,12274.33,nT
2026-03-23T22:29:00.000Z,CMO,X,adjusted,channel,12266.896,nT
2026-03-23T22:30:00.000Z,CMO,X,adjusted,channel,12259.312,nT
2026-03-23T22:31:00.000Z,CMO,X,adjusted,channel,12252.13,nT
2026-03-23T22:32:00.000Z,CMO,X,adjusted,channel,12243.617,nT
2026-03-23T22:33:00.000Z,CMO,X,adjusted,channel,12242.075,nT
2026-03-23T22:34:00.000Z,CMO,X,adjusted,channel,12241.954,nT
2026-03-23T22:35:00.000Z,CMO,X,adjusted,channel,12240.558,nT
2026-03-23T22:36:00.000Z,CMO,X,adjusted,channel,12241.627,nT
2026-03-23T22:37:00.000Z,CMO,X,adjusted,channel,12243.025,nT
2026-03-23T22:38:00.000Z,CMO,X,adjusted,channel,12244.609,nT
2026-03-23T22:39:00.000Z,CMO,X,adjusted,channel,12250.291,nT
2026-03-23T22:40:00.000Z,CMO,X,adjusted,channel,12262.442,nT
2026-03-23T22:41:00.000Z,CMO,X,adjusted,channel,12269.789,nT
2026-03-23T22:42:00.000Z,CMO,X,adjusted,channel,12274.493,nT
2026-03-23T22:43:00.000Z,CMO,X,adjusted,channel,12282.164,nT
2026-03-23T22:44:00.000Z,CMO,X,adjusted,channel,12287.268,nT
2026-03-23T22:45:00.000Z,CMO,X,adjusted,channel,12291.478,nT
2026-03-23T22:46:00.000Z,CMO,X,adjusted,channel,12294.857,nT
2026-03-23T22:47:00.000Z,CMO,X,adjusted,channel,12296.552,nT
2026-03-23T22:48:00.000Z,CMO,X,adjusted,channel,12293.73,nT
2026-03-23T22:49:00.000Z,CMO,X,adjusted,channel,12293.578,nT
2026-03-23T22:50:00.000Z,CMO,X,adjusted,channel,12298.173,nT
2026-03-23T22:51:00.000Z,CMO,X,adjusted,channel,12298.864,nT
2026-03-23T22:52:00.000Z,CMO,X,adjusted,channel,12302.549,nT
2026-03-23T22:53:00.000Z,CMO,X,adjusted,channel,12313.274,nT
2026-03-23T22:54:00.000Z,CMO,X,adjusted,channel,12317.372,nT
2026-03-23T22:55:00.000Z,CMO,X,adjusted,channel,12321.04,nT
2026-03-23T22:56:00.000Z,CMO,X,adjusted,channel,12328.398,nT
2026-03-23T22:57:00.000Z,CMO,X,adjusted,channel,12345.662,nT
2026-03-23T22:58:00.000Z,CMO,X,adjusted,channel,12288.305,nT
2026-03-23T22:59:00.000Z,CMO,X,adjusted,channel,12277.697,nT
2026-03-23T23:00:00.000Z,CMO,X,adjusted,channel,12304.919,nT
2026-03-23T23:01:00.000Z,CMO,X,adjusted,channel,12310.24,nT
2026-03-23T23:02:00.000Z,CMO,X,adjusted,channel,12289.728,nT
2026-03-23T23:03:00.000Z,CMO,X,adjusted,channel,12266.317,nT
2026-03-23T23:04:00.000Z,CMO,X,adjusted,channel,12271.827,nT
2026-03-23T23:05:00.000Z,CMO,X,adjusted,channel,12288.078,nT
2026-03-23T23:06:00.000Z,CMO,X,adjusted,channel,12299.708,nT
2026-03-23T23:07:00.000Z,CMO,X,adjusted,channel,12301.843,nT
2026-03-23T23:08:00.000Z,CMO,X,adjusted,channel,12301.344,nT
2026-03-23T23:09:00.000Z,CMO,X,adjusted,channel,12304.059,nT
2026-03-23T23:10:00.000Z,CMO,X,adjusted,channel,12306.741,nT
2026-03-23T23:11:00.000Z,CMO,X,adjusted,channel,12305.191,nT
2026-03-23T23:12:00.000Z,CMO,X,adjusted,channel,12310.235,nT
2026-03-23T23:13:00.000Z,CMO,X,adjusted,channel,12312.773,nT
2026-03-23T23:14:00.000Z,CMO,X,adjusted,channel,12321.819,nT
2026-03-23T23:15:00.000Z,CMO,X,adjusted,channel,12318.037,nT
2026-03-23T23:16:00.000Z,CMO,X,adjusted,channel,12298.869,nT
2026-03-23T23:17:00.000Z,CMO,X,adjusted,channel,12291.966,nT
2026-03-23T23:18:00.000Z,CMO,X,adjusted,channel,12326.334,nT
2026-03-23T23:19:00.000Z,CMO,X,adjusted,channel,12344.187,nT
2026-03-23T23:20:00.000Z,CMO,X,adjusted,channel,12336.478,nT
2026-03-23T23:21:00.000Z,CMO,X,adjusted,channel,12331.338,nT
2026-03-23T23:22:00.000Z,CMO,X,adjusted,channel,12325.126,nT
2026-03-23T23:23:00.000Z,CMO,X,adjusted,channel,12320.327,nT
2026-03-23T23:24:00.000Z,CMO,X,adjusted,channel,12321.169,nT
2026-03-23T23:25:00.000Z,CMO,X,adjusted,channel,12321.114,nT
2026-03-23T23:26:00.000Z,CMO,X,adjusted,channel,12321.458,nT
2026-03-23T23:27:00.000Z,CMO,X,adjusted,channel,12317.601,nT
2026-03-23T23:28:00.000Z,CMO,X,adjusted,channel,12312.003,nT
2026-03-23T23:29:00.000Z,CMO,X,adjusted,channel,12311.634,nT
2026-03-23T23:30:00.000Z,CMO,X,adjusted,channel,12314.446,nT
2026-03-23T23:31:00.000Z,CMO,X,adjusted,channel,12319.226,nT
2026-03-23T23:32:00.000Z,CMO,X,adjusted,channel,12323.198,nT
2026-03-23T23:33:00.000Z,CMO,X,adjusted,channel,12332.68,nT
2026-03-23T23:34:00.000Z,CMO,X,adjusted,channel,12340.7,nT
2026-03-23T23:35:00.000Z,CMO,X,adjusted,channel,12356.831,nT
2026-03-23T23:36:00.000Z,CMO,X,adjusted,channel,12357.699,nT
2026-03-23T23:37:00.000Z,CMO,X,adjusted,channel,12351.818,nT
2026-03-23T23:38:00.000Z,CMO,X,adjusted,channel,12361.88,nT
2026-03-23T23:39:00.000Z,CMO,X,adjusted,channel,12374.741,nT
2026-03-23T23:40:00.000Z,CMO,X,adjusted,channel,12377.216,nT
2026-03-23T23:41:00.000Z,CMO,X,adjusted,channel,12358.456,nT
2026-03-23T23:42:00.000Z,CMO,X,adjusted,channel,12339.33,nT
2026-03-23T23:43:00.000Z,CMO,X,adjusted,channel,12363.121,nT
2026-03-23T23:44:00.000Z,CMO,X,adjusted,channel,12390.771,nT
2026-03-23T23:45:00.000Z,CMO,X,adjusted,channel,12365.571,nT
2026-03-23T23:46:00.000Z,CMO,X,adjusted,channel,12331.994,nT
2026-03-23T23:47:00.000Z,CMO,X,adjusted,channel,12316.412,nT
2026-03-23T23:48:00.000Z,CMO,X,adjusted,channel,12321.386,nT
2026-03-23T23:49:00.000Z,CMO,X,adjusted,channel,12326.011,nT
2026-03-23T23:50:00.000Z,CMO,X,adjusted,channel,12322.607,nT
2026-03-23T23:51:00.000Z,CMO,X,adjusted,channel,12312.193,nT
2026-03-23T23:52:00.000Z,CMO,X,adjusted,channel,12297.387,nT
2026-03-23T23:53:00.000Z,CMO,X,adjusted,channel,12301.655,nT
2026-03-23T23:54:00.000Z,CMO,X,adjusted,channel,12332.747,nT
2026-03-23T23:55:00.000Z,CMO,X,adjusted,channel,12359.074,nT
2026-03-23T23:56:00.000Z,CMO,X,adjusted,channel,12352.569,nT
2026-03-23T23:57:00.000Z,CMO,X,adjusted,channel,12310.955,nT
2026-03-23T23:58:00.000Z,CMO,X,adjusted,channel,12230.429,nT
2026-03-23T23:59:00.000Z,CMO,X,adjusted,channel,12283.141,nT
2026-03-24T00:00:00.000Z,CMO,X,adjusted,channel,12330.524,nT
2026-03-24T00:01:00.000Z,CMO,X,adjusted,channel,12295.796,nT
2026-03-24T00:02:00.000Z,CMO,X,adjusted,channel,12289.325,nT
2026-03-24T00:03:00.000Z,CMO,X,adjusted,channel,12277.733,nT
2026-03-24T00:04:00.000Z,CMO,X,adjusted,channel,12266.257,nT
2026-03-24T00:05:00.000Z,CMO,X,adjusted,channel,12282,nT
2026-03-24T00:06:00.000Z,CMO,X,adjusted,channel,12257.813,nT
2026-03-24T00:07:00.000Z,CMO,X,adjusted,channel,12251.274,nT
2026-03-24T00:08:00.000Z,CMO,X,adjusted,channel,12233.155,nT
2026-03-24T00:09:00.000Z,CMO,X,adjusted,channel,12209.56,nT
2026-03-24T00:10:00.000Z,CMO,X,adjusted,channel,12214.938,nT
2026-03-24T00:11:00.000Z,CMO,X,adjusted,channel,12253.449,nT
2026-03-24T00:12:00.000Z,CMO,X,adjusted,channel,12241.809,nT
2026-03-24T00:13:00.000Z,CMO,X,adjusted,channel,12229.453,nT
2026-03-24T00:14:00.000Z,CMO,X,adjusted,channel,12265.433,nT
2026-03-24T00:15:00.000Z,CMO,X,adjusted,channel,12284.857,nT
2026-03-24T00:16:00.000Z,CMO,X,adjusted,channel,12243.792,nT
2026-03-24T00:17:00.000Z,CMO,X,adjusted,channel,12217.269,nT
2026-03-24T00:18:00.000Z,CMO,X,adjusted,channel,12214.011,nT
2026-03-24T00:19:00.000Z,CMO,X,adjusted,channel,12237.862,nT
2026-03-24T00:20:00.000Z,CMO,X,adjusted,channel,12237.261,nT
2026-03-24T00:21:00.000Z,CMO,X,adjusted,channel,12248.443,nT
2026-03-24T00:22:00.000Z,CMO,X,adjusted,channel,12234.38,nT
2026-03-24T00:23:00.000Z,CMO,X,adjusted,channel,12234.289,nT
2026-03-24T00:24:00.000Z,CMO,X,adjusted,channel,12251.46,nT
2026-03-24T00:25:00.000Z,CMO,X,adjusted,channel,12260.339,nT
2026-03-24T00:26:00.000Z,CMO,X,adjusted,channel,12273.535,nT
2026-03-24T00:27:00.000Z,CMO,X,adjusted,channel,12269.116,nT
2026-03-24T00:28:00.000Z,CMO,X,adjusted,channel,12259.334,nT
2026-03-24T00:29:00.000Z,CMO,X,adjusted,channel,12274.959,nT
2026-03-24T00:30:00.000Z,CMO,X,adjusted,channel,12286.746,nT
2026-03-24T00:31:00.000Z,CMO,X,adjusted,channel,12275.723,nT
2026-03-24T00:32:00.000Z,CMO,X,adjusted,channel,12276.666,nT
2026-03-24T00:33:00.000Z,CMO,X,adjusted,channel,12271.8,nT
2026-03-24T00:34:00.000Z,CMO,X,adjusted,channel,12273.482,nT
2026-03-24T00:35:00.000Z,CMO,X,adjusted,channel,12279.967,nT
2026-03-24T00:36:00.000Z,CMO,X,adjusted,channel,12297.514,nT
2026-03-24T00:37:00.000Z,CMO,X,adjusted,channel,12290.765,nT
2026-03-24T00:38:00.000Z,CMO,X,adjusted,channel,12279.167,nT
2026-03-24T00:39:00.000Z,CMO,X,adjusted,channel,12293.273,nT
2026-03-24T00:40:00.000Z,CMO,X,adjusted,channel,12293.909,nT
2026-03-24T00:41:00.000Z,CMO,X,adjusted,channel,12298.696,nT
2026-03-24T00:42:00.000Z,CMO,X,adjusted,channel,12302.588,nT
2026-03-24T00:43:00.000Z,CMO,X,adjusted,channel,12309.022,nT
2026-03-24T00:44:00.000Z,CMO,X,adjusted,channel,12307.547,nT
2026-03-24T00:45:00.000Z,CMO,X,adjusted,channel,12306.063,nT
2026-03-24T00:46:00.000Z,CMO,X,adjusted,channel,12301.124,nT
2026-03-24T00:47:00.000Z,CMO,X,adjusted,channel,12299.577,nT
2026-03-24T00:48:00.000Z,CMO,X,adjusted,channel,12307.433,nT
2026-03-24T00:49:00.000Z,CMO,X,adjusted,channel,12308.207,nT
2026-03-24T00:50:00.000Z,CMO,X,adjusted,channel,12310.404,nT
2026-03-24T00:51:00.000Z,CMO,X,adjusted,channel,12308.512,nT
2026-03-24T00:52:00.000Z,CMO,X,adjusted,channel,12307.051,nT
2026-03-24T00:53:00.000Z,CMO,X,adjusted,channel,12296.286,nT
2026-03-24T00:54:00.000Z,CMO,X,adjusted,channel,12293.511,nT
2026-03-24T00:55:00.000Z,CMO,X,adjusted,channel,12291.452,nT
2026-03-24T00:56:00.000Z,CMO,X,adjusted,channel,12302.246,nT
2026-03-24T00:57:00.000Z,CMO,X,adjusted,channel,12309.839,nT
2026-03-24T00:58:00.000Z,CMO,X,adjusted,channel,12307.34,nT
2026-03-24T00:59:00.000Z,CMO,X,adjusted,channel,12308.864,nT
2026-03-24T01:00:00.000Z,CMO,X,adjusted,channel,12302.99,nT
2026-03-24T01:01:00.000Z,CMO,X,adjusted,channel,12293.22,nT
2026-03-24T01:02:00.000Z,CMO,X,adjusted,channel,12294.586,nT
2026-03-24T01:03:00.000Z,CMO,X,adjusted,channel,12292.121,nT
2026-03-24T01:04:00.000Z,CMO,X,adjusted,channel,12285.711,nT
2026-03-24T01:05:00.000Z,CMO,X,adjusted,channel,12290.322,nT
2026-03-24T01:06:00.000Z,CMO,X,adjusted,channel,12292.358,nT
2026-03-24T01:07:00.000Z,CMO,X,adjusted,channel,12282.698,nT
2026-03-24T01:08:00.000Z,CMO,X,adjusted,channel,12282.974,nT
2026-03-24T01:09:00.000Z,CMO,X,adjusted,channel,12284.731,nT
2026-03-24T01:10:00.000Z,CMO,X,adjusted,channel,12283.704,nT
2026-03-24T01:11:00.000Z,CMO,X,adjusted,channel,12279.503,nT
2026-03-24T01:12:00.000Z,CMO,X,adjusted,channel,12276.265,nT
2026-03-24T01:13:00.000Z,CMO,X,adjusted,channel,12290.011,nT
2026-03-24T01:14:00.000Z,CMO,X,adjusted,channel,12294.325,nT
2026-03-24T01:15:00.000Z,CMO,X,adjusted,channel,12289.385,nT
2026-03-24T01:16:00.000Z,CMO,X,adjusted,channel,12298.938,nT
2026-03-24T01:17:00.000Z,CMO,X,adjusted,channel,12314.626,nT
2026-03-24T01:18:00.000Z,CMO,X,adjusted,channel,12320.412,nT
2026-03-24T01:19:00.000Z,CMO,X,adjusted,channel,12317.04,nT
2026-03-24T01:20:00.000Z,CMO,X,adjusted,channel,12318.718,nT
2026-03-24T01:21:00.000Z,CMO,X,adjusted,channel,12328.628,nT
2026-03-24T01:22:00.000Z,CMO,X,adjusted,channel,12332.365,nT
2026-03-24T01:23:00.000Z,CMO,X,adjusted,channel,12333.377,nT
2026-03-24T01:24:00.000Z,CMO,X,adjusted,channel,12332.037,nT
2026-03-24T01:25:00.000Z,CMO,X,adjusted,channel,12326.888,nT
2026-03-24T01:26:00.000Z,CMO,X,adjusted,channel,12323.822,nT
2026-03-24T01:27:00.000Z,CMO,X,adjusted,channel,12326.436,nT
2026-03-24T01:28:00.000Z,CMO,X,adjusted,channel,12327.564,nT
2026-03-24T01:29:00.000Z,CMO,X,adjusted,channel,12315.919,nT
2026-03-24T01:30:00.000Z,CMO,X,adjusted,channel,12301.358,nT
2026-03-24T01:31:00.000Z,CMO,X,adjusted,channel,12298.254,nT
2026-03-24T01:32:00.000Z,CMO,X,adjusted,channel,12294.082,nT
2026-03-24T01:33:00.000Z,CMO,X,adjusted,channel,12287.336,nT
2026-03-24T01:34:00.000Z,CMO,X,adjusted,channel,12278.094,nT
2026-03-24T01:35:00.000Z,CMO,X,adjusted,channel,12277.089,nT
2026-03-24T01:36:00.000Z,CMO,X,adjusted,channel,12274.735,nT
2026-03-24T01:37:00.000Z,CMO,X,adjusted,channel,12264.977,nT
2026-03-24T01:38:00.000Z,CMO,X,adjusted,channel,12265.471,nT
2026-03-24T01:39:00.000Z,CMO,X,adjusted,channel,12271.892,nT
2026-03-24T01:40:00.000Z,CMO,X,adjusted,channel,12275.199,nT
2026-03-24T01:41:00.000Z,CMO,X,adjusted,channel,12274.556,nT
2026-03-24T01:42:00.000Z,CMO,X,adjusted,channel,12275.979,nT
2026-03-24T01:43:00.000Z,CMO,X,adjusted,channel,12270.53,nT
2026-03-24T01:44:00.000Z,CMO,X,adjusted,channel,12273.569,nT
2026-03-24T01:45:00.000Z,CMO,X,adjusted,channel,12280.112,nT
2026-03-24T01:46:00.000Z,CMO,X,adjusted,channel,12283.481,nT
2026-03-24T01:47:00.000Z,CMO,X,adjusted,channel,12267.017,nT
2026-03-24T01:48:00.000Z,CMO,X,adjusted,channel,12263.198,nT
2026-03-24T01:49:00.000Z,CMO,X,adjusted,channel,12287.018,nT
2026-03-24T01:50:00.000Z,CMO,X,adjusted,channel,12305.276,nT
2026-03-24T01:51:00.000Z,CMO,X,adjusted,channel,12321.913,nT
2026-03-24T01:52:00.000Z,CMO,X,adjusted,channel,12328.07,nT
2026-03-24T01:53:00.000Z,CMO,X,adjusted,channel,12333.286,nT
2026-03-24T01:54:00.000Z,CMO,X,adjusted,channel,12339.353,nT
2026-03-24T01:55:00.000Z,CMO,X,adjusted,channel,12348.92,nT
2026-03-24T01:56:00.000Z,CMO,X,adjusted,channel,12354.621,nT
2026-03-24T01:57:00.000Z,CMO,X,adjusted,channel,12357.886,nT
2026-03-24T01:58:00.000Z,CMO,X,adjusted,channel,12359.144,nT
2026-03-24T01:59:00.000Z,CMO,X,adjusted,channel,12358.269,nT
2026-03-24T02:00:00.000Z,CMO,X,adjusted,channel,12361.414,nT
2026-03-24T02:01:00.000Z,CMO,X,adjusted,channel,12372.172,nT
2026-03-24T02:02:00.000Z,CMO,X,adjusted,channel,12373.129,nT
2026-03-24T02:03:00.000Z,CMO,X,adjusted,channel,12366.09,nT
2026-03-24T02:04:00.000Z,CMO,X,adjusted,channel,12363.326,nT
2026-03-24T02:05:00.000Z,CMO,X,adjusted,channel,12363.351,nT
2026-03-24T02:06:00.000Z,CMO,X,adjusted,channel,12370.074,nT
2026-03-24T02:07:00.000Z,CMO,X,adjusted,channel,12373.416,nT
2026-03-24T02:08:00.000Z,CMO,X,adjusted,channel,12368.928,nT
2026-03-24T02:09:00.000Z,CMO,X,adjusted,channel,12363.104,nT
2026-03-24T02:10:00.000Z,CMO,X,adjusted,channel,12356.261,nT
2026-03-24T02:11:00.000Z,CMO,X,adjusted,channel,12350.905,nT
2026-03-24T02:12:00.000Z,CMO,X,adjusted,channel,12336.668,nT
2026-03-24T02:13:00.000Z,CMO,X,adjusted,channel,12326.427,nT
2026-03-24T02:14:00.000Z,CMO,X,adjusted,channel,12317.965,nT
2026-03-24T02:15:00.000Z,CMO,X,adjusted,channel,12308.409,nT
2026-03-24T02:16:00.000Z,CMO,X,adjusted,channel,12292.035,nT
2026-03-24T02:17:00.000Z,CMO,X,adjusted,channel,12289.23,nT
2026-03-24T02:18:00.000Z,CMO,X,adjusted,channel,12291.226,nT
2026-03-24T02:19:00.000Z,CMO,X,adjusted,channel,12285.568,nT
2026-03-24T02:20:00.000Z,CMO,X,adjusted,channel,12280.762,nT
2026-03-24T02:21:00.000Z,CMO,X,adjusted,channel,12282.445,nT
2026-03-24T02:22:00.000Z,CMO,X,adjusted,channel,12279.519,nT
2026-03-24T02:23:00.000Z,CMO,X,adjusted,channel,12274.693,nT
2026-03-24T02:24:00.000Z,CMO,X,adjusted,channel,12275.148,nT
2026-03-24T02:25:00.000Z,CMO,X,adjusted,channel,12278.437,nT
2026-03-24T02:26:00.000Z,CMO,X,adjusted,channel,12280.712,nT
2026-03-24T02:27:00.000Z,CMO,X,adjusted,channel,12274.095,nT
2026-03-24T02:28:00.000Z,CMO,X,adjusted,channel,12273.757,nT
2026-03-24T02:29:00.000Z,CMO,X,adjusted,channel,12287.817,nT
2026-03-24T02:30:00.000Z,CMO,X,adjusted,channel,12289.497,nT
2026-03-24T02:31:00.000Z,CMO,X,adjusted,channel,12295.503,nT
2026-03-24T02:32:00.000Z,CMO,X,adjusted,channel,12308.753,nT
2026-03-24T02:33:00.000Z,CMO,X,adjusted,channel,12307.766,nT
2026-03-24T02:34:00.000Z,CMO,X,adjusted,channel,12306.853,nT
2026-03-24T02:35:00.000Z,CMO,X,adjusted,channel,12311.641,nT
2026-03-24T02:36:00.000Z,CMO,X,adjusted,channel,12310.252,nT
2026-03-24T02:37:00.000Z,CMO,X,adjusted,channel,12301.597,nT
2026-03-24T02:38:00.000Z,CMO,X,adjusted,channel,12310.835,nT
2026-03-24T02:39:00.000Z,CMO,X,adjusted,channel,12318.274,nT
2026-03-24T02:40:00.000Z,CMO,X,adjusted,channel,12323.028,nT
2026-03-24T02:41:00.000Z,CMO,X,adjusted,channel,12329.56,nT
2026-03-24T02:42:00.000Z,CMO,X,adjusted,channel,12333.503,nT
2026-03-24T02:43:00.000Z,CMO,X,adjusted,channel,12323.616,nT
2026-03-24T02:44:00.000Z,CMO,X,adjusted,channel,12318.94,nT
2026-03-24T02:45:00.000Z,CMO,X,adjusted,channel,12323.566,nT
2026-03-24T02:46:00.000Z,CMO,X,adjusted,channel,12323.718,nT
2026-03-24T02:47:00.000Z,CMO,X,adjusted,channel,12319.686,nT
2026-03-24T02:48:00.000Z,CMO,X,adjusted,channel,12316.619,nT
2026-03-24T02:49:00.000Z,CMO,X,adjusted,channel,12316.152,nT
2026-03-24T02:50:00.000Z,CMO,X,adjusted,channel,12318.887,nT
2026-03-24T02:51:00.000Z,CMO,X,adjusted,channel,12319.452,nT
2026-03-24T02:52:00.000Z,CMO,X,adjusted,channel,12316.92,nT
2026-03-24T02:53:00.000Z,CMO,X,adjusted,channel,12316.418,nT
2026-03-24T02:54:00.000Z,CMO,X,adjusted,channel,12316.286,nT
2026-03-24T02:55:00.000Z,CMO,X,adjusted,channel,12319.012,nT
2026-03-24T02:56:00.000Z,CMO,X,adjusted,channel,12323.009,nT
2026-03-24T02:57:00.000Z,CMO,X,adjusted,channel,12323.329,nT
2026-03-24T02:58:00.000Z,CMO,X,adjusted,channel,12315.299,nT
2026-03-24T02:59:00.000Z,CMO,X,adjusted,channel,12312.773,nT
2026-03-24T03:00:00.000Z,CMO,X,adjusted,channel,12316.266,nT
2026-03-24T03:01:00.000Z,CMO,X,adjusted,channel,12319.969,nT
2026-03-24T03:02:00.000Z,CMO,X,adjusted,channel,12312.735,nT
2026-03-24T03:03:00.000Z,CMO,X,adjusted,channel,12309.816,nT
2026-03-24T03:04:00.000Z,CMO,X,adjusted,channel,12314.06,nT
2026-03-24T03:05:00.000Z,CMO,X,adjusted,channel,12311.414,nT
2026-03-24T03:06:00.000Z,CMO,X,adjusted,channel,12307.437,nT
2026-03-24T03:07:00.000Z,CMO,X,adjusted,channel,12307.484,nT
2026-03-24T03:08:00.000Z,CMO,X,adjusted,channel,12302.582,nT
2026-03-24T03:09:00.000Z,CMO,X,adjusted,channel,12296.339,nT
2026-03-24T03:10:00.000Z,CMO,X,adjusted,channel,12296.694,nT
2026-03-24T03:11:00.000Z,CMO,X,adjusted,channel,12302.181,nT
2026-03-24T03:12:00.000Z,CMO,X,adjusted,channel,12306.701,nT
2026-03-24T03:13:00.000Z,CMO,X,adjusted,channel,12307.35,nT
2026-03-24T03:14:00.000Z,CMO,X,adjusted,channel,12308.056,nT
2026-03-24T03:15:00.000Z,CMO,X,adjusted,channel,12315.195,nT
2026-03-24T03:16:00.000Z,CMO,X,adjusted,channel,12326.925,nT
2026-03-24T03:17:00.000Z,CMO,X,adjusted,channel,12331.885,nT
2026-03-24T03:18:00.000Z,CMO,X,adjusted,channel,12332.928,nT
2026-03-24T03:19:00.000Z,CMO,X,adjusted,channel,12328.415,nT
2026-03-24T03:20:00.000Z,CMO,X,adjusted,channel,12331.864,nT
2026-03-24T03:21:00.000Z,CMO,X,adjusted,channel,12338.947,nT
2026-03-24T03:22:00.000Z,CMO,X,adjusted,channel,12346.947,nT
2026-03-24T03:23:00.000Z,CMO,X,adjusted,channel,12356.527,nT
2026-03-24T03:24:00.000Z,CMO,X,adjusted,channel,12357.465,nT
2026-03-24T03:25:00.000Z,CMO,X,adjusted,channel,12360.523,nT
2026-03-24T03:26:00.000Z,CMO,X,adjusted,channel,12374.789,nT
2026-03-24T03:27:00.000Z,CMO,X,adjusted,channel,12385.199,nT
2026-03-24T03:28:00.000Z,CMO,X,adjusted,channel,12388.872,nT
2026-03-24T03:29:00.000Z,CMO,X,adjusted,channel,12397.79,nT
2026-03-24T03:30:00.000Z,CMO,X,adjusted,channel,12404.546,nT
2026-03-24T03:31:00.000Z,CMO,X,adjusted,channel,12415.726,nT
2026-03-24T03:32:00.000Z,CMO,X,adjusted,channel,12426.826,nT
2026-03-24T03:33:00.000Z,CMO,X,adjusted,channel,12440.333,nT
2026-03-24T03:34:00.000Z,CMO,X,adjusted,channel,12440.545,nT
2026-03-24T03:35:00.000Z,CMO,X,adjusted,channel,12439.742,nT
2026-03-24T03:36:00.000Z,CMO,X,adjusted,channel,12445.945,nT
2026-03-24T03:37:00.000Z,CMO,X,adjusted,channel,12453.897,nT
2026-03-24T03:38:00.000Z,CMO,X,adjusted,channel,12452.343,nT
2026-03-24T03:39:00.000Z,CMO,X,adjusted,channel,12439.305,nT
2026-03-24T03:40:00.000Z,CMO,X,adjusted,channel,12419.783,nT
2026-03-24T03:41:00.000Z,CMO,X,adjusted,channel,12393.173,nT
2026-03-24T03:42:00.000Z,CMO,X,adjusted,channel,12388.553,nT
2026-03-24T03:43:00.000Z,CMO,X,adjusted,channel,12378.716,nT
2026-03-24T03:44:00.000Z,CMO,X,adjusted,channel,12380.124,nT
2026-03-24T03:45:00.000Z,CMO,X,adjusted,channel,12401.629,nT
2026-03-24T03:46:00.000Z,CMO,X,adjusted,channel,12400.651,nT
2026-03-24T03:47:00.000Z,CMO,X,adjusted,channel,12434.831,nT
2026-03-24T03:48:00.000Z,CMO,X,adjusted,channel,12448.978,nT
2026-03-24T03:49:00.000Z,CMO,X,adjusted,channel,12452.299,nT
2026-03-24T03:50:00.000Z,CMO,X,adjusted,channel,12439.479,nT
2026-03-24T03:51:00.000Z,CMO,X,adjusted,channel,12436.037,nT
2026-03-24T03:52:00.000Z,CMO,X,adjusted,channel,12443.018,nT
2026-03-24T03:53:00.000Z,CMO,X,adjusted,channel,12453.022,nT
2026-03-24T03:54:00.000Z,CMO,X,adjusted,channel,12468.929,nT
2026-03-24T03:55:00.000Z,CMO,X,adjusted,channel,12469.678,nT
2026-03-24T03:56:00.000Z,CMO,X,adjusted,channel,12446.172,nT
2026-03-24T03:57:00.000Z,CMO,X,adjusted,channel,12425.633,nT
2026-03-24T03:58:00.000Z,CMO,X,adjusted,channel,12392,nT
2026-03-24T03:59:00.000Z,CMO,X,adjusted,channel,12346.096,nT
2026-03-24T04:00:00.000Z,CMO,X,adjusted,channel,12311.958,nT
2026-03-24T04:01:00.000Z,CMO,X,adjusted,channel,12318.004,nT
2026-03-24T04:02:00.000Z,CMO,X,adjusted,channel,12326.361,nT
2026-03-24T04:03:00.000Z,CMO,X,adjusted,channel,12333.873,nT
2026-03-24T04:04:00.000Z,CMO,X,adjusted,channel,12351.208,nT
2026-03-24T04:05:00.000Z,CMO,X,adjusted,channel,12376.893,nT
2026-03-24T04:06:00.000Z,CMO,X,adjusted,channel,12367.266,nT
2026-03-24T04:07:00.000Z,CMO,X,adjusted,channel,12354.184,nT
2026-03-24T04:08:00.000Z,CMO,X,adjusted,channel,12339.997,nT
2026-03-24T04:09:00.000Z,CMO,X,adjusted,channel,12329.003,nT
2026-03-24T04:10:00.000Z,CMO,X,adjusted,channel,12342.024,nT
2026-03-24T04:11:00.000Z,CMO,X,adjusted,channel,12343.743,nT
2026-03-24T04:12:00.000Z,CMO,X,adjusted,channel,12353.096,nT
2026-03-24T04:13:00.000Z,CMO,X,adjusted,channel,12354.925,nT
2026-03-24T04:14:00.000Z,CMO,X,adjusted,channel,12351.075,nT
2026-03-24T04:15:00.000Z,CMO,X,adjusted,channel,12359.364,nT
2026-03-24T04:16:00.000Z,CMO,X,adjusted,channel,12358.014,nT
2026-03-24T04:17:00.000Z,CMO,X,adjusted,channel,12359.149,nT
2026-03-24T04:18:00.000Z,CMO,X,adjusted,channel,12369.326,nT
2026-03-24T04:19:00.000Z,CMO,X,adjusted,channel,12374.123,nT
2026-03-24T04:20:00.000Z,CMO,X,adjusted,channel,12343.8,nT
2026-03-24T04:21:00.000Z,CMO,X,adjusted,channel,12308.813,nT
2026-03-24T04:22:00.000Z,CMO,X,adjusted,channel,12288.476,nT
2026-03-24T04:23:00.000Z,CMO,X,adjusted,channel,12270.918,nT
2026-03-24T04:24:00.000Z,CMO,X,adjusted,channel,12273.525,nT
2026-03-24T04:25:00.000Z,CMO,X,adjusted,channel,12292.908,nT
2026-03-24T04:26:00.000Z,CMO,X,adjusted,channel,12286.776,nT
2026-03-24T04:27:00.000Z,CMO,X,adjusted,channel,12269.196,nT
2026-03-24T04:28:00.000Z,CMO,X,adjusted,channel,12268.661,nT
2026-03-24T04:29:00.000Z,CMO,X,adjusted,channel,12279.258,nT
2026-03-24T04:30:00.000Z,CMO,X,adjusted,channel,12280.798,nT
2026-03-24T04:31:00.000Z,CMO,X,adjusted,channel,12273.314,nT
2026-03-24T04:32:00.000Z,CMO,X,adjusted,channel,12270.591,nT
2026-03-24T04:33:00.000Z,CMO,X,adjusted,channel,12268.782,nT
2026-03-24T04:34:00.000Z,CMO,X,adjusted,channel,12278.921,nT
2026-03-24T04:35:00.000Z,CMO,X,adjusted,channel,12289.985,nT
2026-03-24T04:36:00.000Z,CMO,X,adjusted,channel,12305.979,nT
2026-03-24T04:37:00.000Z,CMO,X,adjusted,channel,12313.996,nT
2026-03-24T04:38:00.000Z,CMO,X,adjusted,channel,12305.937,nT
2026-03-24T04:39:00.000Z,CMO,X,adjusted,channel,12296.869,nT
2026-03-24T04:40:00.000Z,CMO,X,adjusted,channel,12288.527,nT
2026-03-24T04:41:00.000Z,CMO,X,adjusted,channel,12290.377,nT
2026-03-24T04:42:00.000Z,CMO,X,adjusted,channel,12299.441,nT
2026-03-24T04:43:00.000Z,CMO,X,adjusted,channel,12315.478,nT
2026-03-24T04:44:00.000Z,CMO,X,adjusted,channel,12325.17,nT
2026-03-24T04:45:00.000Z,CMO,X,adjusted,channel,12321.974,nT
2026-03-24T04:46:00.000Z,CMO,X,adjusted,channel,12318.792,nT
2026-03-24T04:47:00.000Z,CMO,X,adjusted,channel,12321.325,nT
2026-03-24T04:48:00.000Z,CMO,X,adjusted,channel,12325.325,nT
2026-03-24T04:49:00.000Z,CMO,X,adjusted,channel,12324.406,nT
2026-03-24T04:50:00.000Z,CMO,X,adjusted,channel,12320.627,nT
2026-03-24T04:51:00.000Z,CMO,X,adjusted,channel,12312.241,nT
2026-03-24T04:52:00.000Z,CMO,X,adjusted,channel,12303.007,nT
2026-03-24T04:53:00.000Z,CMO,X,adjusted,channel,12296.834,nT
2026-03-24T04:54:00.000Z,CMO,X,adjusted,channel,12296.777,nT
2026-03-24T04:55:00.000Z,CMO,X,adjusted,channel,12309.023,nT
2026-03-24T04:56:00.000Z,CMO,X,adjusted,channel,12322.076,nT
2026-03-24T04:57:00.000Z,CMO,X,adjusted,channel,12329.405,nT
2026-03-24T04:58:00.000Z,CMO,X,adjusted,channel,12337.747,nT
2026-03-24T04:59:00.000Z,CMO,X,adjusted,channel,12337.381,nT
2026-03-24T05:00:00.000Z,CMO,X,adjusted,channel,12340.134,nT
2026-03-24T05:01:00.000Z,CMO,X,adjusted,channel,12339.132,nT
2026-03-24T05:02:00.000Z,CMO,X,adjusted,channel,12336.332,nT
2026-03-24T05:03:00.000Z,CMO,X,adjusted,channel,12329.821,nT
2026-03-24T05:04:00.000Z,CMO,X,adjusted,channel,12328.195,nT
2026-03-24T05:05:00.000Z,CMO,X,adjusted,channel,12328.3,nT
2026-03-24T05:06:00.000Z,CMO,X,adjusted,channel,12332.82,nT
2026-03-24T05:07:00.000Z,CMO,X,adjusted,channel,12342.556,nT
2026-03-24T05:08:00.000Z,CMO,X,adjusted,channel,12348.271,nT
2026-03-24T05:09:00.000Z,CMO,X,adjusted,channel,12358.205,nT
2026-03-24T05:10:00.000Z,CMO,X,adjusted,channel,12357.463,nT
2026-03-24T05:11:00.000Z,CMO,X,adjusted,channel,12355.859,nT
2026-03-24T05:12:00.000Z,CMO,X,adjusted,channel,12362.67,nT
2026-03-24T05:13:00.000Z,CMO,X,adjusted,channel,12373.86,nT
2026-03-24T05:14:00.000Z,CMO,X,adjusted,channel,12380.807,nT
2026-03-24T05:15:00.000Z,CMO,X,adjusted,channel,12378.191,nT
2026-03-24T05:16:00.000Z,CMO,X,adjusted,channel,12377.699,nT
2026-03-24T05:17:00.000Z,CMO,X,adjusted,channel,12390.62,nT
2026-03-24T05:18:00.000Z,CMO,X,adjusted,channel,12395.984,nT
2026-03-24T05:19:00.000Z,CMO,X,adjusted,channel,12401.034,nT
2026-03-24T05:20:00.000Z,CMO,X,adjusted,channel,12412.447,nT
2026-03-24T05:21:00.000Z,CMO,X,adjusted,channel,12418.195,nT
2026-03-24T05:22:00.000Z,CMO,X,adjusted,channel,12420.719,nT
2026-03-24T05:23:00.000Z,CMO,X,adjusted,channel,12427.111,nT
2026-03-24T05:24:00.000Z,CMO,X,adjusted,channel,12432.466,nT
2026-03-24T05:25:00.000Z,CMO,X,adjusted,channel,12444.164,nT
2026-03-24T05:26:00.000Z,CMO,X,adjusted,channel,12448.625,nT
2026-03-24T05:27:00.000Z,CMO,X,adjusted,channel,12452.974,nT
2026-03-24T05:28:00.000Z,CMO,X,adjusted,channel,12452.542,nT
2026-03-24T05:29:00.000Z,CMO,X,adjusted,channel,12452.924,nT
2026-03-24T05:30:00.000Z,CMO,X,adjusted,channel,12461.85,nT
2026-03-24T05:31:00.000Z,CMO,X,adjusted,channel,12474.11,nT
2026-03-24T05:32:00.000Z,CMO,X,adjusted,channel,12477.494,nT
2026-03-24T05:33:00.000Z,CMO,X,adjusted,channel,12478.233,nT
2026-03-24T05:34:00.000Z,CMO,X,adjusted,channel,12470.502,nT
2026-03-24T05:35:00.000Z,CMO,X,adjusted,channel,12465.023,nT
2026-03-24T05:36:00.000Z,CMO,X,adjusted,channel,12463.208,nT
2026-03-24T05:37:00.000Z,CMO,X,adjusted,channel,12462.925,nT
2026-03-24T05:38:00.000Z,CMO,X,adjusted,channel,12465.711,nT
2026-03-24T05:39:00.000Z,CMO,X,adjusted,channel,12474.079,nT
2026-03-24T05:40:00.000Z,CMO,X,adjusted,channel,12483.842,nT
2026-03-24T05:41:00.000Z,CMO,X,adjusted,channel,12488.868,nT
2026-03-24T05:42:00.000Z,CMO,X,adjusted,channel,12488.999,nT
2026-03-24T05:43:00.000Z,CMO,X,adjusted,channel,12472.67,nT
2026-03-24T05:44:00.000Z,CMO,X,adjusted,channel,12458.059,nT
2026-03-24T05:45:00.000Z,CMO,X,adjusted,channel,12453.324,nT
2026-03-24T05:46:00.000Z,CMO,X,adjusted,channel,12455.87,nT
2026-03-24T05:47:00.000Z,CMO,X,adjusted,channel,12449.679,nT
2026-03-24T05:48:00.000Z,CMO,X,adjusted,channel,12451.66,nT
2026-03-24T05:49:00.000Z,CMO,X,adjusted,channel,12458.039,nT
2026-03-24T05:50:00.000Z,CMO,X,adjusted,channel,12454,nT
2026-03-24T05:51:00.000Z,CMO,X,adjusted,channel,12444.889,nT
2026-03-24T05:52:00.000Z,CMO,X,adjusted,channel,12444.767,nT
2026-03-24T05:53:00.000Z,CMO,X,adjusted,channel,12457.805,nT
2026-03-24T05:54:00.000Z,CMO,X,adjusted,channel,12467.491,nT
2026-03-24T05:55:00.000Z,CMO,X,adjusted,channel,12486.382,nT
2026-03-24T05:56:00.000Z,CMO,X,adjusted,channel,12500.136,nT
2026-03-24T05:57:00.000Z,CMO,X,adjusted,channel,12511.728,nT
2026-03-24T05:58:00.000Z,CMO,X,adjusted,channel,12508.356,nT
2026-03-24T05:59:00.000Z,CMO,X,adjusted,channel,12486.112,nT
2026-03-24T06:00:00.000Z,CMO,X,adjusted,channel,12468.807,nT
2026-03-24T06:01:00.000Z,CMO,X,adjusted,channel,12456.884,nT
2026-03-24T06:02:00.000Z,CMO,X,adjusted,channel,12465.022,nT
2026-03-24T06:03:00.000Z,CMO,X,adjusted,channel,12452.22,nT
2026-03-24T06:04:00.000Z,CMO,X,adjusted,channel,12419.719,nT
2026-03-24T06:05:00.000Z,CMO,X,adjusted,channel,12405.658,nT
2026-03-24T06:06:00.000Z,CMO,X,adjusted,channel,12403.855,nT
2026-03-24T06:07:00.000Z,CMO,X,adjusted,channel,12401.541,nT
2026-03-24T06:08:00.000Z,CMO,X,adjusted,channel,12402.84,nT
2026-03-24T06:09:00.000Z,CMO,X,adjusted,channel,12383.595,nT
2026-03-24T06:10:00.000Z,CMO,X,adjusted,channel,12375.674,nT
2026-03-24T06:11:00.000Z,CMO,X,adjusted,channel,12393.83,nT
2026-03-24T06:12:00.000Z,CMO,X,adjusted,channel,12414.362,nT
2026-03-24T06:13:00.000Z,CMO,X,adjusted,channel,12474.496,nT
2026-03-24T06:14:00.000Z,CMO,X,adjusted,channel,12397.507,nT
2026-03-24T06:15:00.000Z,CMO,X,adjusted,channel,12312.649,nT
2026-03-24T06:16:00.000Z,CMO,X,adjusted,channel,12297.593,nT
2026-03-24T06:17:00.000Z,CMO,X,adjusted,channel,12288.744,nT
2026-03-24T06:18:00.000Z,CMO,X,adjusted,channel,12269.694,nT
2026-03-24T06:19:00.000Z,CMO,X,adjusted,channel,12251.555,nT
2026-03-24T06:20:00.000Z,CMO,X,adjusted,channel,12254.368,nT
2026-03-24T06:21:00.000Z,CMO,X,adjusted,channel,12277.113,nT
2026-03-24T06:22:00.000Z,CMO,X,adjusted,channel,12295.179,nT
2026-03-24T06:23:00.000Z,CMO,X,adjusted,channel,12315.992,nT
2026-03-24T06:24:00.000Z,CMO,X,adjusted,channel,12346.069,nT
2026-03-24T06:25:00.000Z,CMO,X,adjusted,channel,12371.344,nT
2026-03-24T06:26:00.000Z,CMO,X,adjusted,channel,12383.119,nT
2026-03-24T06:27:00.000Z,CMO,X,adjusted,channel,12393.018,nT
2026-03-24T06:28:00.000Z,CMO,X,adjusted,channel,12404.814,nT
2026-03-24T06:29:00.000Z,CMO,X,adjusted,channel,12433.027,nT
2026-03-24T06:30:00.000Z,CMO,X,adjusted,channel,12437.854,nT
2026-03-24T06:31:00.000Z,CMO,X,adjusted,channel,12401.487,nT
2026-03-24T06:32:00.000Z,CMO,X,adjusted,channel,12328.669,nT
2026-03-24T06:33:00.000Z,CMO,X,adjusted,channel,12351.946,nT
2026-03-24T06:34:00.000Z,CMO,X,adjusted,channel,12416.488,nT
2026-03-24T06:35:00.000Z,CMO,X,adjusted,channel,12446.116,nT
2026-03-24T06:36:00.000Z,CMO,X,adjusted,channel,12381.924,nT
2026-03-24T06:37:00.000Z,CMO,X,adjusted,channel,12337.284,nT
2026-03-24T06:38:00.000Z,CMO,X,adjusted,channel,12334.653,nT
2026-03-24T06:39:00.000Z,CMO,X,adjusted,channel,12240.499,nT
2026-03-24T06:40:00.000Z,CMO,X,adjusted,channel,12153.217,nT
2026-03-24T06:41:00.000Z,CMO,X,adjusted,channel,12122.089,nT
2026-03-24T06:42:00.000Z,CMO,X,adjusted,channel,12088.251,nT
2026-03-24T06:43:00.000Z,CMO,X,adjusted,channel,12118.329,nT
2026-03-24T06:44:00.000Z,CMO,X,adjusted,channel,12142.912,nT
2026-03-24T06:45:00.000Z,CMO,X,adjusted,channel,12158.658,nT
2026-03-24T06:46:00.000Z,CMO,X,adjusted,channel,12166.276,nT
2026-03-24T06:47:00.000Z,CMO,X,adjusted,channel,12162.584,nT
2026-03-24T06:48:00.000Z,CMO,X,adjusted,channel,12150.653,nT
2026-03-24T06:49:00.000Z,CMO,X,adjusted,channel,12143.317,nT
2026-03-24T06:50:00.000Z,CMO,X,adjusted,channel,12134.082,nT
2026-03-24T06:51:00.000Z,CMO,X,adjusted,channel,12140.216,nT
2026-03-24T06:52:00.000Z,CMO,X,adjusted,channel,12177.397,nT
2026-03-24T06:53:00.000Z,CMO,X,adjusted,channel,12206.102,nT
2026-03-24T06:54:00.000Z,CMO,X,adjusted,channel,12210.259,nT
2026-03-24T06:55:00.000Z,CMO,X,adjusted,channel,12218.611,nT
2026-03-24T06:56:00.000Z,CMO,X,adjusted,channel,12249.126,nT
2026-03-24T06:57:00.000Z,CMO,X,adjusted,channel,12293.927,nT
2026-03-24T06:58:00.000Z,CMO,X,adjusted,channel,12343.355,nT
2026-03-24T06:59:00.000Z,CMO,X,adjusted,channel,12390.334,nT
2026-03-24T07:00:00.000Z,CMO,X,adjusted,channel,12386.438,nT
2026-03-24T07:01:00.000Z,CMO,X,adjusted,channel,12391.262,nT
2026-03-24T07:02:00.000Z,CMO,X,adjusted,channel,12379.444,nT
2026-03-24T07:03:00.000Z,CMO,X,adjusted,channel,12385.592,nT
2026-03-24T07:04:00.000Z,CMO,X,adjusted,channel,12392.488,nT
2026-03-24T07:05:00.000Z,CMO,X,adjusted,channel,12422.001,nT
2026-03-24T07:06:00.000Z,CMO,X,adjusted,channel,12425.606,nT
2026-03-24T07:07:00.000Z,CMO,X,adjusted,channel,12430.128,nT
2026-03-24T07:08:00.000Z,CMO,X,adjusted,channel,12400.125,nT
2026-03-24T07:09:00.000Z,CMO,X,adjusted,channel,12377.536,nT
2026-03-24T07:10:00.000Z,CMO,X,adjusted,channel,12361.136,nT
2026-03-24T07:11:00.000Z,CMO,X,adjusted,channel,12336.756,nT
2026-03-24T07:12:00.000Z,CMO,X,adjusted,channel,12350.17,nT
2026-03-24T07:13:00.000Z,CMO,X,adjusted,channel,12296.451,nT
2026-03-24T07:14:00.000Z,CMO,X,adjusted,channel,12277.148,nT
2026-03-24T07:15:00.000Z,CMO,X,adjusted,channel,12249.644,nT
2026-03-24T07:16:00.000Z,CMO,X,adjusted,channel,12264.144,nT
2026-03-24T07:17:00.000Z,CMO,X,adjusted,channel,12281.781,nT
2026-03-24T07:18:00.000Z,CMO,X,adjusted,channel,12232.567,nT
2026-03-24T07:19:00.000Z,CMO,X,adjusted,channel,12203.916,nT
2026-03-24T07:20:00.000Z,CMO,X,adjusted,channel,12197.747,nT
2026-03-24T07:21:00.000Z,CMO,X,adjusted,channel,12178.339,nT
2026-03-24T07:22:00.000Z,CMO,X,adjusted,channel,12119.085,nT
2026-03-24T07:23:00.000Z,CMO,X,adjusted,channel,12116.444,nT
2026-03-24T07:24:00.000Z,CMO,X,adjusted,channel,12101.064,nT
2026-03-24T07:25:00.000Z,CMO,X,adjusted,channel,12091.245,nT
2026-03-24T07:26:00.000Z,CMO,X,adjusted,channel,12113.665,nT
2026-03-24T07:27:00.000Z,CMO,X,adjusted,channel,12198.659,nT
2026-03-24T07:28:00.000Z,CMO,X,adjusted,channel,12246.732,nT
2026-03-24T07:29:00.000Z,CMO,X,adjusted,channel,12283.816,nT
2026-03-24T07:30:00.000Z,CMO,X,adjusted,channel,12242.299,nT
2026-03-24T07:31:00.000Z,CMO,X,adjusted,channel,12209.751,nT
2026-03-24T07:32:00.000Z,CMO,X,adjusted,channel,12180.219,nT
2026-03-24T07:33:00.000Z,CMO,X,adjusted,channel,12172.552,nT
2026-03-24T07:34:00.000Z,CMO,X,adjusted,channel,12178.174,nT
2026-03-24T07:35:00.000Z,CMO,X,adjusted,channel,12208.728,nT
2026-03-24T07:36:00.000Z,CMO,X,adjusted,channel,12243.592,nT
2026-03-24T07:37:00.000Z,CMO,X,adjusted,channel,12284.256,nT
2026-03-24T07:38:00.000Z,CMO,X,adjusted,channel,12274.336,nT
2026-03-24T07:39:00.000Z,CMO,X,adjusted,channel,12277.221,nT
2026-03-24T07:40:00.000Z,CMO,X,adjusted,channel,12283.748,nT
2026-03-24T07:41:00.000Z,CMO,X,adjusted,channel,12265.552,nT
2026-03-24T07:42:00.000Z,CMO,X,adjusted,channel,12248.486,nT
2026-03-24T07:43:00.000Z,CMO,X,adjusted,channel,12224.303,nT
2026-03-24T07:44:00.000Z,CMO,X,adjusted,channel,12191.802,nT
2026-03-24T07:45:00.000Z,CMO,X,adjusted,channel,12146.688,nT
2026-03-24T07:46:00.000Z,CMO,X,adjusted,channel,12142.922,nT
2026-03-24T07:47:00.000Z,CMO,X,adjusted,channel,12138.216,nT
2026-03-24T07:48:00.000Z,CMO,X,adjusted,channel,12165.155,nT
2026-03-24T07:49:00.000Z,CMO,X,adjusted,channel,12139.147,nT
2026-03-24T07:50:00.000Z,CMO,X,adjusted,channel,12088.465,nT
2026-03-24T07:51:00.000Z,CMO,X,adjusted,channel,12075.969,nT
2026-03-24T07:52:00.000Z,CMO,X,adjusted,channel,12060.356,nT
2026-03-24T07:53:00.000Z,CMO,X,adjusted,channel,12039.559,nT
2026-03-24T07:54:00.000Z,CMO,X,adjusted,channel,12028.719,nT
2026-03-24T07:55:00.000Z,CMO,X,adjusted,channel,12040.004,nT
2026-03-24T07:56:00.000Z,CMO,X,adjusted,channel,12084.021,nT
2026-03-24T07:57:00.000Z,CMO,X,adjusted,channel,12133.369,nT
2026-03-24T07:58:00.000Z,CMO,X,adjusted,channel,12175.597,nT
2026-03-24T07:59:00.000Z,CMO,X,adjusted,channel,12181.369,nT
2026-03-24T08:00:00.000Z,CMO,X,adjusted,channel,12187.285,nT
2026-03-24T08:01:00.000Z,CMO,X,adjusted,channel,12178.732,nT
2026-03-24T08:02:00.000Z,CMO,X,adjusted,channel,12261.087,nT
2026-03-24T08:03:00.000Z,CMO,X,adjusted,channel,12338.979,nT
2026-03-24T08:04:00.000Z,CMO,X,adjusted,channel,12391.237,nT
2026-03-24T08:05:00.000Z,CMO,X,adjusted,channel,12386.736,nT
2026-03-24T08:06:00.000Z,CMO,X,adjusted,channel,12388.128,nT
2026-03-24T08:07:00.000Z,CMO,X,adjusted,channel,12295.253,nT
2026-03-24T08:08:00.000Z,CMO,X,adjusted,channel,12283.489,nT
2026-03-24T08:09:00.000Z,CMO,X,adjusted,channel,12319.66,nT
2026-03-24T08:10:00.000Z,CMO,X,adjusted,channel,12344.758,nT
2026-03-24T08:11:00.000Z,CMO,X,adjusted,channel,12408.776,nT
2026-03-24T08:12:00.000Z,CMO,X,adjusted,channel,12408.207,nT
2026-03-24T08:13:00.000Z,CMO,X,adjusted,channel,12377.306,nT
2026-03-24T08:14:00.000Z,CMO,X,adjusted,channel,12406.604,nT
2026-03-24T08:15:00.000Z,CMO,X,adjusted,channel,12461.992,nT
2026-03-24T08:16:00.000Z,CMO,X,adjusted,channel,12503.317,nT
2026-03-24T08:17:00.000Z,CMO,X,adjusted,channel,12508.813,nT
2026-03-24T08:18:00.000Z,CMO,X,adjusted,channel,12472.587,nT
2026-03-24T08:19:00.000Z,CMO,X,adjusted,channel,12418.767,nT
2026-03-24T08:20:00.000Z,CMO,X,adjusted,channel,12380.274,nT
2026-03-24T08:21:00.000Z,CMO,X,adjusted,channel,12342.829,nT
2026-03-24T08:22:00.000Z,CMO,X,adjusted,channel,12331.88,nT
2026-03-24T08:23:00.000Z,CMO,X,adjusted,channel,12309.248,nT
2026-03-24T08:24:00.000Z,CMO,X,adjusted,channel,12287.292,nT
2026-03-24T08:25:00.000Z,CMO,X,adjusted,channel,12271.71,nT
2026-03-24T08:26:00.000Z,CMO,X,adjusted,channel,12274.582,nT
2026-03-24T08:27:00.000Z,CMO,X,adjusted,channel,12303.728,nT
2026-03-24T08:28:00.000Z,CMO,X,adjusted,channel,12289.339,nT
2026-03-24T08:29:00.000Z,CMO,X,adjusted,channel,12266.007,nT
2026-03-24T08:30:00.000Z,CMO,X,adjusted,channel,12241.226,nT
2026-03-24T08:31:00.000Z,CMO,X,adjusted,channel,12245.437,nT
2026-03-24T08:32:00.000Z,CMO,X,adjusted,channel,12263.548,nT
2026-03-24T08:33:00.000Z,CMO,X,adjusted,channel,12247.976,nT
2026-03-24T08:34:00.000Z,CMO,X,adjusted,channel,12228.854,nT
2026-03-24T08:35:00.000Z,CMO,X,adjusted,channel,12219.637,nT
2026-03-24T08:36:00.000Z,CMO,X,adjusted,channel,12224.451,nT
2026-03-24T08:37:00.000Z,CMO,X,adjusted,channel,12248.25,nT
2026-03-24T08:38:00.000Z,CMO,X,adjusted,channel,12274.377,nT
2026-03-24T08:39:00.000Z,CMO,X,adjusted,channel,12280.043,nT
2026-03-24T08:40:00.000Z,CMO,X,adjusted,channel,12276.048,nT
2026-03-24T08:41:00.000Z,CMO,X,adjusted,channel,12274.253,nT
2026-03-24T08:42:00.000Z,CMO,X,adjusted,channel,12266.639,nT
2026-03-24T08:43:00.000Z,CMO,X,adjusted,channel,12262.6,nT
2026-03-24T08:44:00.000Z,CMO,X,adjusted,channel,12264.072,nT
2026-03-24T08:45:00.000Z,CMO,X,adjusted,channel,12274.075,nT
2026-03-24T08:46:00.000Z,CMO,X,adjusted,channel,12261.64,nT
2026-03-24T08:47:00.000Z,CMO,X,adjusted,channel,12236.283,nT
2026-03-24T08:48:00.000Z,CMO,X,adjusted,channel,12254.809,nT
2026-03-24T08:49:00.000Z,CMO,X,adjusted,channel,12280.468,nT
2026-03-24T08:50:00.000Z,CMO,X,adjusted,channel,12275.638,nT
2026-03-24T08:51:00.000Z,CMO,X,adjusted,channel,12256.552,nT
2026-03-24T08:52:00.000Z,CMO,X,adjusted,channel,12239.423,nT
2026-03-24T08:53:00.000Z,CMO,X,adjusted,channel,12235.459,nT
2026-03-24T08:54:00.000Z,CMO,X,adjusted,channel,12232.202,nT
2026-03-24T08:55:00.000Z,CMO,X,adjusted,channel,12254.7,nT
2026-03-24T08:56:00.000Z,CMO,X,adjusted,channel,12276.039,nT
2026-03-24T08:57:00.000Z,CMO,X,adjusted,channel,12287.728,nT
2026-03-24T08:58:00.000Z,CMO,X,adjusted,channel,12306.947,nT
2026-03-24T08:59:00.000Z,CMO,X,adjusted,channel,12320.485,nT
2026-03-24T09:00:00.000Z,CMO,X,adjusted,channel,12330.387,nT
2026-03-24T09:01:00.000Z,CMO,X,adjusted,channel,12342.23,nT
2026-03-24T09:02:00.000Z,CMO,X,adjusted,channel,12349.803,nT
2026-03-24T09:03:00.000Z,CMO,X,adjusted,channel,12355.949,nT
2026-03-24T09:04:00.000Z,CMO,X,adjusted,channel,12376.872,nT
2026-03-24T09:05:00.000Z,CMO,X,adjusted,channel,12368.789,nT
2026-03-24T09:06:00.000Z,CMO,X,adjusted,channel,12342.718,nT
2026-03-24T09:07:00.000Z,CMO,X,adjusted,channel,12321.791,nT
2026-03-24T09:08:00.000Z,CMO,X,adjusted,channel,12303.9,nT
2026-03-24T09:09:00.000Z,CMO,X,adjusted,channel,12300.077,nT
2026-03-24T09:10:00.000Z,CMO,X,adjusted,channel,12307.71,nT
2026-03-24T09:11:00.000Z,CMO,X,adjusted,channel,12316.376,nT
2026-03-24T09:12:00.000Z,CMO,X,adjusted,channel,12315.058,nT
2026-03-24T09:13:00.000Z,CMO,X,adjusted,channel,12302.749,nT
2026-03-24T09:14:00.000Z,CMO,X,adjusted,channel,12290.292,nT
2026-03-24T09:15:00.000Z,CMO,X,adjusted,channel,12278.197,nT
2026-03-24T09:16:00.000Z,CMO,X,adjusted,channel,12259.325,nT
2026-03-24T09:17:00.000Z,CMO,X,adjusted,channel,12253.93,nT
2026-03-24T09:18:00.000Z,CMO,X,adjusted,channel,12251.459,nT
2026-03-24T09:19:00.000Z,CMO,X,adjusted,channel,12263.265,nT
2026-03-24T09:20:00.000Z,CMO,X,adjusted,channel,12286.43,nT
2026-03-24T09:21:00.000Z,CMO,X,adjusted,channel,12292.892,nT
2026-03-24T09:22:00.000Z,CMO,X,adjusted,channel,12289.609,nT
2026-03-24T09:23:00.000Z,CMO,X,adjusted,channel,12216.308,nT
2026-03-24T09:24:00.000Z,CMO,X,adjusted,channel,12212.595,nT
2026-03-24T09:25:00.000Z,CMO,X,adjusted,channel,12215.011,nT
2026-03-24T09:26:00.000Z,CMO,X,adjusted,channel,12140.587,nT
2026-03-24T09:27:00.000Z,CMO,X,adjusted,channel,12085.647,nT
2026-03-24T09:28:00.000Z,CMO,X,adjusted,channel,12084.549,nT
2026-03-24T09:29:00.000Z,CMO,X,adjusted,channel,12110.096,nT
2026-03-24T09:30:00.000Z,CMO,X,adjusted,channel,12156.665,nT
2026-03-24T09:31:00.000Z,CMO,X,adjusted,channel,12183.619,nT
2026-03-24T09:32:00.000Z,CMO,X,adjusted,channel,12175.001,nT
2026-03-24T09:33:00.000Z,CMO,X,adjusted,channel,12149.397,nT
2026-03-24T09:34:00.000Z,CMO,X,adjusted,channel,12094.77,nT
2026-03-24T09:35:00.000Z,CMO,X,adjusted,channel,12046.51,nT
2026-03-24T09:36:00.000Z,CMO,X,adjusted,channel,11982.741,nT
2026-03-24T09:37:00.000Z,CMO,X,adjusted,channel,11937.355,nT
2026-03-24T09:38:00.000Z,CMO,X,adjusted,channel,11910.234,nT
2026-03-24T09:39:00.000Z,CMO,X,adjusted,channel,11919.717,nT
2026-03-24T09:40:00.000Z,CMO,X,adjusted,channel,11962.391,nT
2026-03-24T09:41:00.000Z,CMO,X,adjusted,channel,11999.065,nT
2026-03-24T09:42:00.000Z,CMO,X,adjusted,channel,11972.236,nT
2026-03-24T09:43:00.000Z,CMO,X,adjusted,channel,11978.496,nT
2026-03-24T09:44:00.000Z,CMO,X,adjusted,channel,11982.701,nT
2026-03-24T09:45:00.000Z,CMO,X,adjusted,channel,12002.506,nT
2026-03-24T09:46:00.000Z,CMO,X,adjusted,channel,12046.834,nT
2026-03-24T09:47:00.000Z,CMO,X,adjusted,channel,12078.742,nT
2026-03-24T09:48:00.000Z,CMO,X,adjusted,channel,12018.588,nT
2026-03-24T09:49:00.000Z,CMO,X,adjusted,channel,11948.996,nT
2026-03-24T09:50:00.000Z,CMO,X,adjusted,channel,11935.53,nT
2026-03-24T09:51:00.000Z,CMO,X,adjusted,channel,11940.845,nT
2026-03-24T09:52:00.000Z,CMO,X,adjusted,channel,11927.746,nT
2026-03-24T09:53:00.000Z,CMO,X,adjusted,channel,11936.504,nT
2026-03-24T09:54:00.000Z,CMO,X,adjusted,channel,11954.72,nT
2026-03-24T09:55:00.000Z,CMO,X,adjusted,channel,11969.795,nT
2026-03-24T09:56:00.000Z,CMO,X,adjusted,channel,11984.541,nT
2026-03-24T09:57:00.000Z,CMO,X,adjusted,channel,12002.651,nT
2026-03-24T09:58:00.000Z,CMO,X,adjusted,channel,12019.008,nT
2026-03-24T09:59:00.000Z,CMO,X,adjusted,channel,12034.474,nT
2026-03-24T10:00:00.000Z,CMO,X,adjusted,channel,12051.665,nT
2026-03-24T10:01:00.000Z,CMO,X,adjusted,channel,12073.352,nT
2026-03-24T10:02:00.000Z,CMO,X,adjusted,channel,12087.147,nT
2026-03-24T10:03:00.000Z,CMO,X,adjusted,channel,12104.276,nT
2026-03-24T10:04:00.000Z,CMO,X,adjusted,channel,12118.438,nT
2026-03-24T10:05:00.000Z,CMO,X,adjusted,channel,12128.492,nT
2026-03-24T10:06:00.000Z,CMO,X,adjusted,channel,12131.267,nT
2026-03-24T10:07:00.000Z,CMO,X,adjusted,channel,12129.038,nT
2026-03-24T10:08:00.000Z,CMO,X,adjusted,channel,12140.69,nT
2026-03-24T10:09:00.000Z,CMO,X,adjusted,channel,12123.929,nT
2026-03-24T10:10:00.000Z,CMO,X,adjusted,channel,12114.918,nT
2026-03-24T10:11:00.000Z,CMO,X,adjusted,channel,12065.995,nT
2026-03-24T10:12:00.000Z,CMO,X,adjusted,channel,12009.848,nT
2026-03-24T10:13:00.000Z,CMO,X,adjusted,channel,12006.156,nT
2026-03-24T10:14:00.000Z,CMO,X,adjusted,channel,12027.336,nT
2026-03-24T10:15:00.000Z,CMO,X,adjusted,channel,12026.55,nT
2026-03-24T10:16:00.000Z,CMO,X,adjusted,channel,12056.842,nT
2026-03-24T10:17:00.000Z,CMO,X,adjusted,channel,12124.25,nT
2026-03-24T10:18:00.000Z,CMO,X,adjusted,channel,12171.792,nT
2026-03-24T10:19:00.000Z,CMO,X,adjusted,channel,12214.712,nT
2026-03-24T10:20:00.000Z,CMO,X,adjusted,channel,12216.415,nT
2026-03-24T10:21:00.000Z,CMO,X,adjusted,channel,12204.395,nT
2026-03-24T10:22:00.000Z,CMO,X,adjusted,channel,12239.504,nT
2026-03-24T10:23:00.000Z,CMO,X,adjusted,channel,12270.645,nT
2026-03-24T10:24:00.000Z,CMO,X,adjusted,channel,12280.795,nT
2026-03-24T10:25:00.000Z,CMO,X,adjusted,channel,12332.135,nT
2026-03-24T10:26:00.000Z,CMO,X,adjusted,channel,12333.29,nT
2026-03-24T10:27:00.000Z,CMO,X,adjusted,channel,12309.448,nT
2026-03-24T10:28:00.000Z,CMO,X,adjusted,channel,12316.26,nT
2026-03-24T10:29:00.000Z,CMO,X,adjusted,channel,12310.501,nT
2026-03-24T10:30:00.000Z,CMO,X,adjusted,channel,12314.436,nT
2026-03-24T10:31:00.000Z,CMO,X,adjusted,channel,12330.581,nT
2026-03-24T10:32:00.000Z,CMO,X,adjusted,channel,12314.724,nT
2026-03-24T10:33:00.000Z,CMO,X,adjusted,channel,12280.587,nT
2026-03-24T10:34:00.000Z,CMO,X,adjusted,channel,12277.811,nT
2026-03-24T10:35:00.000Z,CMO,X,adjusted,channel,12286.468,nT
2026-03-24T10:36:00.000Z,CMO,X,adjusted,channel,12262.554,nT
2026-03-24T10:37:00.000Z,CMO,X,adjusted,channel,12247.79,nT
2026-03-24T10:38:00.000Z,CMO,X,adjusted,channel,12226.566,nT
2026-03-24T10:39:00.000Z,CMO,X,adjusted,channel,12218.967,nT
2026-03-24T10:40:00.000Z,CMO,X,adjusted,channel,12216.835,nT
2026-03-24T10:41:00.000Z,CMO,X,adjusted,channel,12204.708,nT
2026-03-24T10:42:00.000Z,CMO,X,adjusted,channel,12192.004,nT
2026-03-24T10:43:00.000Z,CMO,X,adjusted,channel,12184.477,nT
2026-03-24T10:44:00.000Z,CMO,X,adjusted,channel,12176.337,nT
2026-03-24T10:45:00.000Z,CMO,X,adjusted,channel,12186.433,nT
2026-03-24T10:46:00.000Z,CMO,X,adjusted,channel,12202.429,nT
2026-03-24T10:47:00.000Z,CMO,X,adjusted,channel,12221.954,nT
2026-03-24T10:48:00.000Z,CMO,X,adjusted,channel,12239.786,nT
2026-03-24T10:49:00.000Z,CMO,X,adjusted,channel,12255.554,nT
2026-03-24T10:50:00.000Z,CMO,X,adjusted,channel,12252.319,nT
2026-03-24T10:51:00.000Z,CMO,X,adjusted,channel,12244.337,nT
2026-03-24T10:52:00.000Z,CMO,X,adjusted,channel,12244.349,nT
2026-03-24T10:53:00.000Z,CMO,X,adjusted,channel,12231.508,nT
2026-03-24T10:54:00.000Z,CMO,X,adjusted,channel,12223.883,nT
2026-03-24T10:55:00.000Z,CMO,X,adjusted,channel,12225.714,nT
2026-03-24T10:56:00.000Z,CMO,X,adjusted,channel,12223.882,nT
2026-03-24T10:57:00.000Z,CMO,X,adjusted,channel,12216.07,nT
2026-03-24T10:58:00.000Z,CMO,X,adjusted,channel,12215.651,nT
2026-03-24T10:59:00.000Z,CMO,X,adjusted,channel,12213.676,nT
2026-03-24T11:00:00.000Z,CMO,X,adjusted,channel,12187.17,nT
2026-03-24T11:01:00.000Z,CMO,X,adjusted,channel,12227.804,nT
2026-03-24T11:02:00.000Z,CMO,X,adjusted,channel,12173.183,nT
2026-03-24T11:03:00.000Z,CMO,X,adjusted,channel,12199.352,nT
2026-03-24T11:04:00.000Z,CMO,X,adjusted,channel,12206.708,nT
2026-03-24T11:05:00.000Z,CMO,X,adjusted,channel,12206.736,nT
2026-03-24T11:06:00.000Z,CMO,X,adjusted,channel,12224.854,nT
2026-03-24T11:07:00.000Z,CMO,X,adjusted,channel,12188.012,nT
2026-03-24T11:08:00.000Z,CMO,X,adjusted,channel,12147.46,nT
2026-03-24T11:09:00.000Z,CMO,X,adjusted,channel,12097.884,nT
2026-03-24T11:10:00.000Z,CMO,X,adjusted,channel,12126.803,nT
2026-03-24T11:11:00.000Z,CMO,X,adjusted,channel,12155.671,nT
2026-03-24T11:12:00.000Z,CMO,X,adjusted,channel,12232.127,nT
2026-03-24T11:13:00.000Z,CMO,X,adjusted,channel,12284.848,nT
2026-03-24T11:14:00.000Z,CMO,X,adjusted,channel,12284.387,nT
2026-03-24T11:15:00.000Z,CMO,X,adjusted,channel,12282.212,nT
2026-03-24T11:16:00.000Z,CMO,X,adjusted,channel,12292.558,nT
2026-03-24T11:17:00.000Z,CMO,X,adjusted,channel,12302.599,nT
2026-03-24T11:18:00.000Z,CMO,X,adjusted,channel,12300.843,nT
2026-03-24T11:19:00.000Z,CMO,X,adjusted,channel,12278.277,nT
2026-03-24T11:20:00.000Z,CMO,X,adjusted,channel,12235.198,nT
2026-03-24T11:21:00.000Z,CMO,X,adjusted,channel,12248.214,nT
2026-03-24T11:22:00.000Z,CMO,X,adjusted,channel,12285.589,nT
2026-03-24T11:23:00.000Z,CMO,X,adjusted,channel,12267.666,nT
2026-03-24T11:24:00.000Z,CMO,X,adjusted,channel,12197.303,nT
2026-03-24T11:25:00.000Z,CMO,X,adjusted,channel,12159.752,nT
2026-03-24T11:26:00.000Z,CMO,X,adjusted,channel,12188.023,nT
2026-03-24T11:27:00.000Z,CMO,X,adjusted,channel,12161.409,nT
2026-03-24T11:28:00.000Z,CMO,X,adjusted,channel,12124.324,nT
2026-03-24T11:29:00.000Z,CMO,X,adjusted,channel,12117.492,nT
2026-03-24T11:30:00.000Z,CMO,X,adjusted,channel,12111.88,nT
2026-03-24T11:31:00.000Z,CMO,X,adjusted,channel,12053.469,nT
2026-03-24T11:32:00.000Z,CMO,X,adjusted,channel,12055.694,nT
2026-03-24T11:33:00.000Z,CMO,X,adjusted,channel,12056.606,nT
2026-03-24T11:34:00.000Z,CMO,X,adjusted,channel,12137.848,nT
2026-03-24T11:35:00.000Z,CMO,X,adjusted,channel,12209.806,nT
2026-03-24T11:36:00.000Z,CMO,X,adjusted,channel,12178.008,nT
2026-03-24T11:37:00.000Z,CMO,X,adjusted,channel,12179.63,nT
2026-03-24T11:38:00.000Z,CMO,X,adjusted,channel,12150.772,nT
2026-03-24T11:39:00.000Z,CMO,X,adjusted,channel,12053.635,nT
2026-03-24T11:40:00.000Z,CMO,X,adjusted,channel,11955.105,nT
2026-03-24T11:41:00.000Z,CMO,X,adjusted,channel,11931.811,nT
2026-03-24T11:42:00.000Z,CMO,X,adjusted,channel,11897.594,nT
2026-03-24T11:43:00.000Z,CMO,X,adjusted,channel,11951.671,nT
2026-03-24T11:44:00.000Z,CMO,X,adjusted,channel,11933.411,nT
2026-03-24T11:45:00.000Z,CMO,X,adjusted,channel,11929.823,nT
2026-03-24T11:46:00.000Z,CMO,X,adjusted,channel,11959.791,nT
2026-03-24T11:47:00.000Z,CMO,X,adjusted,channel,12007.544,nT
2026-03-24T11:48:00.000Z,CMO,X,adjusted,channel,11999.72,nT
2026-03-24T11:49:00.000Z,CMO,X,adjusted,channel,12042.717,nT
2026-03-24T11:50:00.000Z,CMO,X,adjusted,channel,12128.069,nT
2026-03-24T11:51:00.000Z,CMO,X,adjusted,channel,12086.548,nT
2026-03-24T11:52:00.000Z,CMO,X,adjusted,channel,12046.608,nT
2026-03-24T11:53:00.000Z,CMO,X,adjusted,channel,11963.889,nT
2026-03-24T11:54:00.000Z,CMO,X,adjusted,channel,11950.506,nT
2026-03-24T11:55:00.000Z,CMO,X,adjusted,channel,11959.641,nT
2026-03-24T11:56:00.000Z,CMO,X,adjusted,channel,11956.532,nT
2026-03-24T11:57:00.000Z,CMO,X,adjusted,channel,11878.776,nT
2026-03-24T11:58:00.000Z,CMO,X,adjusted,channel,11837.226,nT
2026-03-24T11:59:00.000Z,CMO,X,adjusted,channel,11857.226,nT
2026-03-24T12:00:00.000Z,CMO,X,adjusted,channel,11904.336,nT
2026-03-24T12:01:00.000Z,CMO,X,adjusted,channel,11945.771,nT
2026-03-24T12:02:00.000Z,CMO,X,adjusted,channel,11969.752,nT
2026-03-24T12:03:00.000Z,CMO,X,adjusted,channel,11948.699,nT
2026-03-24T12:04:00.000Z,CMO,X,adjusted,channel,11930.874,nT
2026-03-24T12:05:00.000Z,CMO,X,adjusted,channel,11928.255,nT
2026-03-24T12:06:00.000Z,CMO,X,adjusted,channel,11913.462,nT
2026-03-24T12:07:00.000Z,CMO,X,adjusted,channel,11929.858,nT
2026-03-24T12:08:00.000Z,CMO,X,adjusted,channel,11955.977,nT
2026-03-24T12:09:00.000Z,CMO,X,adjusted,channel,11955.656,nT
2026-03-24T12:10:00.000Z,CMO,X,adjusted,channel,11952.012,nT
2026-03-24T12:11:00.000Z,CMO,X,adjusted,channel,11956.391,nT
2026-03-24T12:12:00.000Z,CMO,X,adjusted,channel,11946.63,nT
2026-03-24T12:13:00.000Z,CMO,X,adjusted,channel,11961.292,nT
2026-03-24T12:14:00.000Z,CMO,X,adjusted,channel,11990.88,nT
2026-03-24T12:15:00.000Z,CMO,X,adjusted,channel,11994.334,nT
2026-03-24T12:16:00.000Z,CMO,X,adjusted,channel,11998.489,nT
2026-03-24T12:17:00.000Z,CMO,X,adjusted,channel,12026.232,nT
2026-03-24T12:18:00.000Z,CMO,X,adjusted,channel,12026.476,nT
2026-03-24T12:19:00.000Z,CMO,X,adjusted,channel,12005.906,nT
2026-03-24T12:20:00.000Z,CMO,X,adjusted,channel,12002.534,nT
2026-03-24T12:21:00.000Z,CMO,X,adjusted,channel,11995.161,nT
2026-03-24T12:22:00.000Z,CMO,X,adjusted,channel,12001.716,nT
2026-03-24T12:23:00.000Z,CMO,X,adjusted,channel,12007.784,nT
2026-03-24T12:24:00.000Z,CMO,X,adjusted,channel,12019.613,nT
2026-03-24T12:25:00.000Z,CMO,X,adjusted,channel,12055.861,nT
2026-03-24T12:26:00.000Z,CMO,X,adjusted,channel,12091.115,nT
2026-03-24T12:27:00.000Z,CMO,X,adjusted,channel,12117.158,nT
2026-03-24T12:28:00.000Z,CMO,X,adjusted,channel,12114.017,nT
2026-03-24T12:29:00.000Z,CMO,X,adjusted,channel,12090.332,nT
2026-03-24T12:30:00.000Z,CMO,X,adjusted,channel,12074.298,nT
2026-03-24T12:31:00.000Z,CMO,X,adjusted,channel,12077.524,nT
2026-03-24T12:32:00.000Z,CMO,X,adjusted,channel,12114.789,nT
2026-03-24T12:33:00.000Z,CMO,X,adjusted,channel,12151.093,nT
2026-03-24T12:34:00.000Z,CMO,X,adjusted,channel,12165.446,nT
2026-03-24T12:35:00.000Z,CMO,X,adjusted,channel,12167.624,nT
2026-03-24T12:36:00.000Z,CMO,X,adjusted,channel,12178.797,nT
2026-03-24T12:37:00.000Z,CMO,X,adjusted,channel,12182.724,nT
2026-03-24T12:38:00.000Z,CMO,X,adjusted,channel,12184.977,nT
2026-03-24T12:39:00.000Z,CMO,X,adjusted,channel,12183.932,nT
2026-03-24T12:40:00.000Z,CMO,X,adjusted,channel,12171.543,nT
2026-03-24T12:41:00.000Z,CMO,X,adjusted,channel,12153.949,nT
2026-03-24T12:42:00.000Z,CMO,X,adjusted,channel,12160.427,nT
2026-03-24T12:43:00.000Z,CMO,X,adjusted,channel,12173.511,nT
2026-03-24T12:44:00.000Z,CMO,X,adjusted,channel,12177.589,nT
2026-03-24T12:45:00.000Z,CMO,X,adjusted,channel,12177.872,nT
2026-03-24T12:46:00.000Z,CMO,X,adjusted,channel,12175.612,nT
2026-03-24T12:47:00.000Z,CMO,X,adjusted,channel,12180.346,nT
2026-03-24T12:48:00.000Z,CMO,X,adjusted,channel,12171.993,nT
2026-03-24T12:49:00.000Z,CMO,X,adjusted,channel,12171.224,nT
2026-03-24T12:50:00.000Z,CMO,X,adjusted,channel,12170.731,nT
2026-03-24T12:51:00.000Z,CMO,X,adjusted,channel,12173.234,nT
2026-03-24T12:52:00.000Z,CMO,X,adjusted,channel,12170.628,nT
2026-03-24T12:53:00.000Z,CMO,X,adjusted,channel,12170.04,nT
2026-03-24T12:54:00.000Z,CMO,X,adjusted,channel,12154.515,nT
2026-03-24T12:55:00.000Z,CMO,X,adjusted,channel,12150.185,nT
2026-03-24T12:56:00.000Z,CMO,X,adjusted,channel,12146.545,nT
2026-03-24T12:57:00.000Z,CMO,X,adjusted,channel,12135.43,nT
2026-03-24T12:58:00.000Z,CMO,X,adjusted,channel,12132.235,nT
2026-03-24T12:59:00.000Z,CMO,X,adjusted,channel,12119.861,nT
2026-03-24T13:00:00.000Z,CMO,X,adjusted,channel,12116.979,nT
2026-03-24T13:01:00.000Z,CMO,X,adjusted,channel,12119.681,nT
2026-03-24T13:02:00.000Z,CMO,X,adjusted,channel,12113.607,nT
2026-03-24T13:03:00.000Z,CMO,X,adjusted,channel,12114.721,nT
2026-03-24T13:04:00.000Z,CMO,X,adjusted,channel,12116.819,nT
2026-03-24T13:05:00.000Z,CMO,X,adjusted,channel,12125.745,nT
2026-03-24T13:06:00.000Z,CMO,X,adjusted,channel,12125.387,nT
2026-03-24T13:07:00.000Z,CMO,X,adjusted,channel,12123.297,nT
2026-03-24T13:08:00.000Z,CMO,X,adjusted,channel,12129.799,nT
2026-03-24T13:09:00.000Z,CMO,X,adjusted,channel,12140.167,nT
2026-03-24T13:10:00.000Z,CMO,X,adjusted,channel,12146.503,nT
2026-03-24T13:11:00.000Z,CMO,X,adjusted,channel,12145.711,nT
2026-03-24T13:12:00.000Z,CMO,X,adjusted,channel,12132.811,nT
2026-03-24T13:13:00.000Z,CMO,X,adjusted,channel,12126.943,nT
2026-03-24T13:14:00.000Z,CMO,X,adjusted,channel,12124.504,nT
2026-03-24T13:15:00.000Z,CMO,X,adjusted,channel,12124.494,nT
2026-03-24T13:16:00.000Z,CMO,X,adjusted,channel,12133.001,nT
2026-03-24T13:17:00.000Z,CMO,X,adjusted,channel,12137.975,nT
2026-03-24T13:18:00.000Z,CMO,X,adjusted,channel,12137.714,nT
2026-03-24T13:19:00.000Z,CMO,X,adjusted,channel,12141.881,nT
2026-03-24T13:20:00.000Z,CMO,X,adjusted,channel,12149.519,nT
2026-03-24T13:21:00.000Z,CMO,X,adjusted,channel,12141.248,nT
2026-03-24T13:22:00.000Z,CMO,X,adjusted,channel,12130.57,nT
2026-03-24T13:23:00.000Z,CMO,X,adjusted,channel,12129.505,nT
2026-03-24T13:24:00.000Z,CMO,X,adjusted,channel,12129.191,nT
2026-03-24T13:25:00.000Z,CMO,X,adjusted,channel,12130.806,nT
2026-03-24T13:26:00.000Z,CMO,X,adjusted,channel,12130.567,nT
2026-03-24T13:27:00.000Z,CMO,X,adjusted,channel,12111.556,nT
2026-03-24T13:28:00.000Z,CMO,X,adjusted,channel,12104.979,nT
2026-03-24T13:29:00.000Z,CMO,X,adjusted,channel,12097.086,nT
2026-03-24T13:30:00.000Z,CMO,X,adjusted,channel,12095.215,nT
2026-03-24T13:31:00.000Z,CMO,X,adjusted,channel,12095.188,nT
2026-03-24T13:32:00.000Z,CMO,X,adjusted,channel,12092.167,nT
2026-03-24T13:33:00.000Z,CMO,X,adjusted,channel,12092.723,nT
2026-03-24T13:34:00.000Z,CMO,X,adjusted,channel,12109.088,nT
2026-03-24T13:35:00.000Z,CMO,X,adjusted,channel,12127.357,nT
2026-03-24T13:36:00.000Z,CMO,X,adjusted,channel,12137.303,nT
2026-03-24T13:37:00.000Z,CMO,X,adjusted,channel,12134.922,nT
2026-03-24T13:38:00.000Z,CMO,X,adjusted,channel,12135.775,nT
2026-03-24T13:39:00.000Z,CMO,X,adjusted,channel,12145.618,nT
2026-03-24T13:40:00.000Z,CMO,X,adjusted,channel,12149.493,nT
2026-03-24T13:41:00.000Z,CMO,X,adjusted,channel,12159.253,nT
2026-03-24T13:42:00.000Z,CMO,X,adjusted,channel,12177.28,nT
2026-03-24T13:43:00.000Z,CMO,X,adjusted,channel,12171.729,nT
2026-03-24T13:44:00.000Z,CMO,X,adjusted,channel,12169.569,nT
2026-03-24T13:45:00.000Z,CMO,X,adjusted,channel,12165.232,nT
2026-03-24T13:46:00.000Z,CMO,X,adjusted,channel,12154.242,nT
2026-03-24T13:47:00.000Z,CMO,X,adjusted,channel,12131.001,nT
2026-03-24T13:48:00.000Z,CMO,X,adjusted,channel,12125.541,nT
2026-03-24T13:49:00.000Z,CMO,X,adjusted,channel,12138.526,nT
2026-03-24T13:50:00.000Z,CMO,X,adjusted,channel,12140.408,nT
2026-03-24T13:51:00.000Z,CMO,X,adjusted,channel,12130.819,nT
2026-03-24T13:52:00.000Z,CMO,X,adjusted,channel,12107.354,nT
2026-03-24T13:53:00.000Z,CMO,X,adjusted,channel,12096.147,nT
2026-03-24T13:54:00.000Z,CMO,X,adjusted,channel,12107.873,nT
2026-03-24T13:55:00.000Z,CMO,X,adjusted,channel,12123.542,nT
2026-03-24T13:56:00.000Z,CMO,X,adjusted,channel,12120.516,nT
2026-03-24T13:57:00.000Z,CMO,X,adjusted,channel,12115.758,nT
2026-03-24T13:58:00.000Z,CMO,X,adjusted,channel,12118.955,nT
2026-03-24T13:59:00.000Z,CMO,X,adjusted,channel,12122.131,nT
2026-03-24T14:00:00.000Z,CMO,X,adjusted,channel,12113.498,nT
2026-03-24T14:01:00.000Z,CMO,X,adjusted,channel,12108.293,nT
2026-03-24T14:02:00.000Z,CMO,X,adjusted,channel,12123.983,nT
2026-03-24T14:03:00.000Z,CMO,X,adjusted,channel,12139.988,nT
2026-03-24T14:04:00.000Z,CMO,X,adjusted,channel,12157.177,nT
2026-03-24T14:05:00.000Z,CMO,X,adjusted,channel,12166.63,nT
2026-03-24T14:06:00.000Z,CMO,X,adjusted,channel,12160.626,nT
2026-03-24T14:07:00.000Z,CMO,X,adjusted,channel,12141.277,nT
2026-03-24T14:08:00.000Z,CMO,X,adjusted,channel,12139.41,nT
2026-03-24T14:09:00.000Z,CMO,X,adjusted,channel,12158.26,nT
2026-03-24T14:10:00.000Z,CMO,X,adjusted,channel,12182.193,nT
2026-03-24T14:11:00.000Z,CMO,X,adjusted,channel,12204.71,nT
2026-03-24T14:12:00.000Z,CMO,X,adjusted,channel,12233.591,nT
2026-03-24T14:13:00.000Z,CMO,X,adjusted,channel,12274.057,nT
2026-03-24T14:14:00.000Z,CMO,X,adjusted,channel,12302.59,nT
2026-03-24T14:15:00.000Z,CMO,X,adjusted,channel,12327.117,nT
2026-03-24T14:16:00.000Z,CMO,X,adjusted,channel,12337.803,nT
2026-03-24T14:17:00.000Z,CMO,X,adjusted,channel,12344.104,nT
2026-03-24T14:18:00.000Z,CMO,X,adjusted,channel,12333.132,nT
2026-03-24T14:19:00.000Z,CMO,X,adjusted,channel,12322.606,nT
2026-03-24T14:20:00.000Z,CMO,X,adjusted,channel,12320.038,nT
2026-03-24T14:21:00.000Z,CMO,X,adjusted,channel,12316.684,nT
2026-03-24T14:22:00.000Z,CMO,X,adjusted,channel,12303.208,nT
2026-03-24T14:23:00.000Z,CMO,X,adjusted,channel,12277.62,nT
2026-03-24T14:24:00.000Z,CMO,X,adjusted,channel,12249.354,nT
2026-03-24T14:25:00.000Z,CMO,X,adjusted,channel,12224.654,nT
2026-03-24T14:26:00.000Z,CMO,X,adjusted,channel,12206.771,nT
2026-03-24T14:27:00.000Z,CMO,X,adjusted,channel,12200.527,nT
2026-03-24T14:28:00.000Z,CMO,X,adjusted,channel,12207.534,nT
2026-03-24T14:29:00.000Z,CMO,X,adjusted,channel,12225.985,nT
2026-03-24T14:30:00.000Z,CMO,X,adjusted,channel,12226.099,nT
2026-03-24T14:31:00.000Z,CMO,X,adjusted,channel,12222.824,nT
2026-03-24T14:32:00.000Z,CMO,X,adjusted,channel,12219.95,nT
2026-03-24T14:33:00.000Z,CMO,X,adjusted,channel,12218.709,nT
2026-03-24T14:34:00.000Z,CMO,X,adjusted,channel,12217.676,nT
2026-03-24T14:35:00.000Z,CMO,X,adjusted,channel,12221.628,nT
2026-03-24T14:36:00.000Z,CMO,X,adjusted,channel,12224.566,nT
2026-03-24T14:37:00.000Z,CMO,X,adjusted,channel,12227.19,nT
2026-03-24T14:38:00.000Z,CMO,X,adjusted,channel,12226.464,nT
2026-03-24T14:39:00.000Z,CMO,X,adjusted,channel,12214.882,nT
2026-03-24T14:40:00.000Z,CMO,X,adjusted,channel,12200.025,nT
2026-03-24T14:41:00.000Z,CMO,X,adjusted,channel,12183.522,nT
2026-03-24T14:42:00.000Z,CMO,X,adjusted,channel,12172.051,nT
2026-03-24T14:43:00.000Z,CMO,X,adjusted,channel,12166.92,nT
2026-03-24T14:44:00.000Z,CMO,X,adjusted,channel,12168.226,nT
2026-03-24T14:45:00.000Z,CMO,X,adjusted,channel,12167.008,nT
2026-03-24T14:46:00.000Z,CMO,X,adjusted,channel,12173.209,nT
2026-03-24T14:47:00.000Z,CMO,X,adjusted,channel,12169.325,nT
2026-03-24T14:48:00.000Z,CMO,X,adjusted,channel,12164.819,nT
2026-03-24T14:49:00.000Z,CMO,X,adjusted,channel,12153.157,nT
2026-03-24T14:50:00.000Z,CMO,X,adjusted,channel,12146.053,nT
2026-03-24T14:51:00.000Z,CMO,X,adjusted,channel,12145.08,nT
2026-03-24T14:52:00.000Z,CMO,X,adjusted,channel,12145.769,nT
2026-03-24T14:53:00.000Z,CMO,X,adjusted,channel,12148.86,nT
2026-03-24T14:54:00.000Z,CMO,X,adjusted,channel,12152.899,nT
2026-03-24T14:55:00.000Z,CMO,X,adjusted,channel,12157.357,nT
2026-03-24T14:56:00.000Z,CMO,X,adjusted,channel,12170.968,nT
2026-03-24T14:57:00.000Z,CMO,X,adjusted,channel,12186.494,nT
2026-03-24T14:58:00.000Z,CMO,X,adjusted,channel,12205.462,nT
2026-03-24T14:59:00.000Z,CMO,X,adjusted,channel,12220.361,nT
2026-03-24T15:00:00.000Z,CMO,X,adjusted,channel,12230.815,nT
2026-03-24T15:01:00.000Z,CMO,X,adjusted,channel,12244.581,nT
2026-03-24T15:02:00.000Z,CMO,X,adjusted,channel,12253.519,nT
2026-03-24T15:03:00.000Z,CMO,X,adjusted,channel,12258.051,nT
2026-03-24T15:04:00.000Z,CMO,X,adjusted,channel,12252.339,nT
2026-03-24T15:05:00.000Z,CMO,X,adjusted,channel,12243.219,nT
2026-03-24T15:06:00.000Z,CMO,X,adjusted,channel,12237.593,nT
2026-03-24T15:07:00.000Z,CMO,X,adjusted,channel,12245.931,nT
2026-03-24T15:08:00.000Z,CMO,X,adjusted,channel,12252.368,nT
2026-03-24T15:09:00.000Z,CMO,X,adjusted,channel,12246.547,nT
2026-03-24T15:10:00.000Z,CMO,X,adjusted,channel,12233.978,nT
2026-03-24T15:11:00.000Z,CMO,X,adjusted,channel,12227.548,nT
2026-03-24T15:12:00.000Z,CMO,X,adjusted,channel,12224.211,nT
2026-03-24T15:13:00.000Z,CMO,X,adjusted,channel,12228.199,nT
2026-03-24T15:14:00.000Z,CMO,X,adjusted,channel,12234.274,nT
2026-03-24T15:15:00.000Z,CMO,X,adjusted,channel,12241.946,nT
2026-03-24T15:16:00.000Z,CMO,X,adjusted,channel,12244.323,nT
2026-03-24T15:17:00.000Z,CMO,X,adjusted,channel,12234.557,nT
2026-03-24T15:18:00.000Z,CMO,X,adjusted,channel,12237.763,nT
2026-03-24T15:19:00.000Z,CMO,X,adjusted,channel,12241.996,nT
2026-03-24T15:20:00.000Z,CMO,X,adjusted,channel,12246.801,nT
2026-03-24T15:21:00.000Z,CMO,X,adjusted,channel,12248.046,nT
2026-03-24T15:22:00.000Z,CMO,X,adjusted,channel,12245.001,nT
2026-03-24T15:23:00.000Z,CMO,X,adjusted,channel,12241.549,nT
2026-03-24T15:24:00.000Z,CMO,X,adjusted,channel,12238.112,nT
2026-03-24T15:25:00.000Z,CMO,X,adjusted,channel,12230.529,nT
2026-03-24T15:26:00.000Z,CMO,X,adjusted,channel,12228.527,nT
2026-03-24T15:27:00.000Z,CMO,X,adjusted,channel,12237.399,nT
2026-03-24T15:28:00.000Z,CMO,X,adjusted,channel,12229.931,nT
2026-03-24T15:29:00.000Z,CMO,X,adjusted,channel,12228.296,nT
2026-03-24T15:30:00.000Z,CMO,X,adjusted,channel,12224.893,nT
2026-03-24T15:31:00.000Z,CMO,X,adjusted,channel,12231.433,nT
2026-03-24T15:32:00.000Z,CMO,X,adjusted,channel,12236.024,nT
2026-03-24T15:33:00.000Z,CMO,X,adjusted,channel,12241.992,nT
2026-03-24T15:34:00.000Z,CMO,X,adjusted,channel,12240.14,nT
2026-03-24T15:35:00.000Z,CMO,X,adjusted,channel,12221.425,nT
2026-03-24T15:36:00.000Z,CMO,X,adjusted,channel,12211.16,nT
2026-03-24T15:37:00.000Z,CMO,X,adjusted,channel,12215.046,nT
2026-03-24T15:38:00.000Z,CMO,X,adjusted,channel,12218.04,nT
2026-03-24T15:39:00.000Z,CMO,X,adjusted,channel,12223.077,nT
2026-03-24T15:40:00.000Z,CMO,X,adjusted,channel,12221.782,nT
2026-03-24T15:41:00.000Z,CMO,X,adjusted,channel,12221.978,nT
2026-03-24T15:42:00.000Z,CMO,X,adjusted,channel,12220.621,nT
2026-03-24T15:43:00.000Z,CMO,X,adjusted,channel,12219.842,nT
2026-03-24T15:44:00.000Z,CMO,X,adjusted,channel,12220.102,nT
2026-03-24T15:45:00.000Z,CMO,X,adjusted,channel,12212.253,nT
2026-03-24T15:46:00.000Z,CMO,X,adjusted,channel,12211.828,nT
2026-03-24T15:47:00.000Z,CMO,X,adjusted,channel,12213.575,nT
2026-03-24T15:48:00.000Z,CMO,X,adjusted,channel,12210.785,nT
2026-03-24T15:49:00.000Z,CMO,X,adjusted,channel,12210.354,nT
2026-03-24T15:50:00.000Z,CMO,X,adjusted,channel,12215.212,nT
2026-03-24T15:51:00.000Z,CMO,X,adjusted,channel,12215.28,nT
2026-03-24T15:52:00.000Z,CMO,X,adjusted,channel,12217.844,nT
2026-03-24T15:53:00.000Z,CMO,X,adjusted,channel,12204.919,nT
2026-03-24T15:54:00.000Z,CMO,X,adjusted,channel,12197.114,nT
2026-03-24T15:55:00.000Z,CMO,X,adjusted,channel,12197.363,nT
2026-03-24T15:56:00.000Z,CMO,X,adjusted,channel,12189.695,nT
2026-03-24T15:57:00.000Z,CMO,X,adjusted,channel,12186.502,nT
2026-03-24T15:58:00.000Z,CMO,X,adjusted,channel,12170.729,nT
2026-03-24T15:59:00.000Z,CMO,X,adjusted,channel,12176.735,nT
2026-03-24T16:00:00.000Z,CMO,X,adjusted,channel,12181.82,nT
2026-03-24T16:01:00.000Z,CMO,X,adjusted,channel,12178.479,nT
2026-03-24T16:02:00.000Z,CMO,X,adjusted,channel,12183.959,nT
2026-03-24T16:03:00.000Z,CMO,X,adjusted,channel,12190.325,nT
2026-03-24T16:04:00.000Z,CMO,X,adjusted,channel,12205.369,nT
2026-03-24T16:05:00.000Z,CMO,X,adjusted,channel,12215.246,nT
2026-03-24T16:06:00.000Z,CMO,X,adjusted,channel,12221.06,nT
2026-03-24T16:07:00.000Z,CMO,X,adjusted,channel,12231.357,nT
2026-03-24T16:08:00.000Z,CMO,X,adjusted,channel,12243.476,nT
2026-03-24T16:09:00.000Z,CMO,X,adjusted,channel,12255.557,nT
2026-03-24T16:10:00.000Z,CMO,X,adjusted,channel,12258.009,nT
2026-03-24T16:11:00.000Z,CMO,X,adjusted,channel,12263.707,nT
2026-03-24T16:12:00.000Z,CMO,X,adjusted,channel,12272.551,nT
2026-03-24T16:13:00.000Z,CMO,X,adjusted,channel,12279.206,nT
2026-03-24T16:14:00.000Z,CMO,X,adjusted,channel,12280.471,nT
2026-03-24T16:15:00.000Z,CMO,X,adjusted,channel,12288.442,nT
2026-03-24T16:16:00.000Z,CMO,X,adjusted,channel,12296.827,nT
2026-03-24T16:17:00.000Z,CMO,X,adjusted,channel,12305.114,nT
2026-03-24T16:18:00.000Z,CMO,X,adjusted,channel,12304.259,nT
2026-03-24T16:19:00.000Z,CMO,X,adjusted,channel,12303.777,nT
2026-03-24T16:20:00.000Z,CMO,X,adjusted,channel,12305.453,nT
2026-03-24T16:21:00.000Z,CMO,X,adjusted,channel,12301.618,nT
2026-03-24T16:22:00.000Z,CMO,X,adjusted,channel,12300.717,nT
2026-03-24T16:23:00.000Z,CMO,X,adjusted,channel,12309.175,nT
2026-03-24T16:24:00.000Z,CMO,X,adjusted,channel,12313.001,nT
2026-03-24T16:25:00.000Z,CMO,X,adjusted,channel,12300.989,nT
2026-03-24T16:26:00.000Z,CMO,X,adjusted,channel,12285.896,nT
2026-03-24T16:27:00.000Z,CMO,X,adjusted,channel,12273.443,nT
2026-03-24T16:28:00.000Z,CMO,X,adjusted,channel,12270.436,nT
2026-03-24T16:29:00.000Z,CMO,X,adjusted,channel,12273.247,nT
2026-03-24T16:30:00.000Z,CMO,X,adjusted,channel,12275.175,nT
2026-03-24T16:31:00.000Z,CMO,X,adjusted,channel,12265.741,nT
2026-03-24T16:32:00.000Z,CMO,X,adjusted,channel,12260.477,nT
2026-03-24T16:33:00.000Z,CMO,X,adjusted,channel,12262.77,nT
2026-03-24T16:34:00.000Z,CMO,X,adjusted,channel,12262.481,nT
2026-03-24T16:35:00.000Z,CMO,X,adjusted,channel,12251.955,nT
2026-03-24T16:36:00.000Z,CMO,X,adjusted,channel,12245.344,nT
2026-03-24T16:37:00.000Z,CMO,X,adjusted,channel,12227.493,nT
2026-03-24T16:38:00.000Z,CMO,X,adjusted,channel,12221.445,nT
2026-03-24T16:39:00.000Z,CMO,X,adjusted,channel,12241.996,nT
2026-03-24T16:40:00.000Z,CMO,X,adjusted,channel,12259.542,nT
2026-03-24T16:41:00.000Z,CMO,X,adjusted,channel,12254.747,nT
2026-03-24T16:42:00.000Z,CMO,X,adjusted,channel,12243.481,nT
2026-03-24T16:43:00.000Z,CMO,X,adjusted,channel,12246.573,nT
2026-03-24T16:44:00.000Z,CMO,X,adjusted,channel,12237.803,nT
2026-03-24T16:45:00.000Z,CMO,X,adjusted,channel,12243.759,nT
2026-03-24T16:46:00.000Z,CMO,X,adjusted,channel,12257.98,nT
2026-03-24T16:47:00.000Z,CMO,X,adjusted,channel,12263.996,nT
2026-03-24T16:48:00.000Z,CMO,X,adjusted,channel,12258.17,nT
2026-03-24T16:49:00.000Z,CMO,X,adjusted,channel,12263.708,nT
2026-03-24T16:50:00.000Z,CMO,X,adjusted,channel,12270.097,nT
2026-03-24T16:51:00.000Z,CMO,X,adjusted,channel,12274.297,nT
2026-03-24T16:52:00.000Z,CMO,X,adjusted,channel,12271.463,nT
2026-03-24T16:53:00.000Z,CMO,X,adjusted,channel,12271.279,nT
2026-03-24T16:54:00.000Z,CMO,X,adjusted,channel,12272.938,nT
2026-03-24T16:55:00.000Z,CMO,X,adjusted,channel,12279.771,nT
2026-03-24T16:56:00.000Z,CMO,X,adjusted,channel,12274.349,nT
2026-03-24T16:57:00.000Z,CMO,X,adjusted,channel,12276.123,nT
2026-03-24T16:58:00.000Z,CMO,X,adjusted,channel,12269.799,nT
2026-03-24T16:59:00.000Z,CMO,X,adjusted,channel,12261.198,nT
2026-03-24T17:00:00.000Z,CMO,X,adjusted,channel,12263.115,nT
2026-03-24T17:01:00.000Z,CMO,X,adjusted,channel,12254.103,nT
2026-03-24T17:02:00.000Z,CMO,X,adjusted,channel,12247.097,nT
2026-03-24T17:03:00.000Z,CMO,X,adjusted,channel,12238.043,nT
2026-03-24T17:04:00.000Z,CMO,X,adjusted,channel,12231.129,nT
2026-03-24T17:05:00.000Z,CMO,X,adjusted,channel,12247.854,nT
2026-03-24T17:06:00.000Z,CMO,X,adjusted,channel,12258.695,nT
2026-03-24T17:07:00.000Z,CMO,X,adjusted,channel,12252.369,nT
2026-03-24T17:08:00.000Z,CMO,X,adjusted,channel,12242.494,nT
2026-03-24T17:09:00.000Z,CMO,X,adjusted,channel,12243.466,nT
2026-03-24T17:10:00.000Z,CMO,X,adjusted,channel,12251.236,nT
2026-03-24T17:11:00.000Z,CMO,X,adjusted,channel,12249.244,nT
2026-03-24T17:12:00.000Z,CMO,X,adjusted,channel,12250.346,nT
2026-03-24T17:13:00.000Z,CMO,X,adjusted,channel,12252.303,nT
2026-03-24T17:14:00.000Z,CMO,X,adjusted,channel,12248.434,nT
2026-03-24T17:15:00.000Z,CMO,X,adjusted,channel,12246.123,nT
2026-03-24T17:16:00.000Z,CMO,X,adjusted,channel,12249.084,nT
2026-03-24T17:17:00.000Z,CMO,X,adjusted,channel,12237.946,nT
2026-03-24T17:18:00.000Z,CMO,X,adjusted,channel,12231.072,nT
2026-03-24T17:19:00.000Z,CMO,X,adjusted,channel,12223.214,nT
2026-03-24T17:20:00.000Z,CMO,X,adjusted,channel,12213.014,nT
2026-03-24T17:21:00.000Z,CMO,X,adjusted,channel,12212.359,nT
2026-03-24T17:22:00.000Z,CMO,X,adjusted,channel,12220.088,nT
2026-03-24T17:23:00.000Z,CMO,X,adjusted,channel,12220.846,nT
2026-03-24T17:24:00.000Z,CMO,X,adjusted,channel,12228.172,nT
2026-03-24T17:25:00.000Z,CMO,X,adjusted,channel,12235.455,nT
2026-03-24T17:26:00.000Z,CMO,X,adjusted,channel,12234.523,nT
2026-03-24T17:27:00.000Z,CMO,X,adjusted,channel,12248.134,nT
2026-03-24T17:28:00.000Z,CMO,X,adjusted,channel,12249.285,nT
2026-03-24T17:29:00.000Z,CMO,X,adjusted,channel,12247.282,nT
2026-03-24T17:30:00.000Z,CMO,X,adjusted,channel,12247.197,nT
2026-03-24T17:31:00.000Z,CMO,X,adjusted,channel,12245.344,nT
2026-03-24T17:32:00.000Z,CMO,X,adjusted,channel,12247.275,nT
2026-03-24T17:33:00.000Z,CMO,X,adjusted,channel,12239.603,nT
2026-03-24T17:34:00.000Z,CMO,X,adjusted,channel,12230.198,nT
2026-03-24T17:35:00.000Z,CMO,X,adjusted,channel,12238.414,nT
2026-03-24T17:36:00.000Z,CMO,X,adjusted,channel,12239.385,nT
2026-03-24T17:37:00.000Z,CMO,X,adjusted,channel,12233.631,nT
2026-03-24T17:38:00.000Z,CMO,X,adjusted,channel,12232.802,nT
2026-03-24T17:39:00.000Z,CMO,X,adjusted,channel,12236.668,nT
2026-03-24T17:40:00.000Z,CMO,X,adjusted,channel,12237.297,nT
2026-03-24T17:41:00.000Z,CMO,X,adjusted,channel,12238.745,nT
2026-03-24T17:42:00.000Z,CMO,X,adjusted,channel,12238.002,nT
2026-03-24T17:43:00.000Z,CMO,X,adjusted,channel,12239.808,nT
2026-03-24T17:44:00.000Z,CMO,X,adjusted,channel,12237.272,nT
2026-03-24T17:45:00.000Z,CMO,X,adjusted,channel,12242.559,nT
2026-03-24T17:46:00.000Z,CMO,X,adjusted,channel,12257.182,nT
2026-03-24T17:47:00.000Z,CMO,X,adjusted,channel,12257.74,nT
2026-03-24T17:48:00.000Z,CMO,X,adjusted,channel,12246.097,nT
2026-03-24T17:49:00.000Z,CMO,X,adjusted,channel,12262.445,nT
2026-03-24T17:50:00.000Z,CMO,X,adjusted,channel,12269.888,nT
2026-03-24T17:51:00.000Z,CMO,X,adjusted,channel,12268.792,nT
2026-03-24T17:52:00.000Z,CMO,X,adjusted,channel,12279.628,nT
2026-03-24T17:53:00.000Z,CMO,X,adjusted,channel,12266.244,nT
2026-03-24T17:54:00.000Z,CMO,X,adjusted,channel,12247.798,nT
2026-03-24T17:55:00.000Z,CMO,X,adjusted,channel,12260.99,nT
2026-03-24T17:56:00.000Z,CMO,X,adjusted,channel,12247.288,nT
2026-03-24T17:57:00.000Z,CMO,X,adjusted,channel,12249.91,nT
2026-03-24T17:58:00.000Z,CMO,X,adjusted,channel,12259.629,nT
2026-03-24T17:59:00.000Z,CMO,X,adjusted,channel,12248.088,nT
2026-03-24T18:00:00.000Z,CMO,X,adjusted,channel,12235.511,nT
2026-03-24T18:01:00.000Z,CMO,X,adjusted,channel,12229.833,nT
2026-03-24T18:02:00.000Z,CMO,X,adjusted,channel,12235.659,nT
2026-03-24T18:03:00.000Z,CMO,X,adjusted,channel,12223.129,nT
2026-03-24T18:04:00.000Z,CMO,X,adjusted,channel,12218.073,nT
2026-03-24T18:05:00.000Z,CMO,X,adjusted,channel,12236.961,nT
2026-03-24T18:06:00.000Z,CMO,X,adjusted,channel,12228.118,nT
2026-03-24T18:07:00.000Z,CMO,X,adjusted,channel,12229.919,nT
2026-03-24T18:08:00.000Z,CMO,X,adjusted,channel,12226.348,nT
2026-03-24T18:09:00.000Z,CMO,X,adjusted,channel,12208.56,nT
2026-03-24T18:10:00.000Z,CMO,X,adjusted,channel,12205.426,nT
2026-03-24T18:11:00.000Z,CMO,X,adjusted,channel,12228.826,nT
2026-03-24T18:12:00.000Z,CMO,X,adjusted,channel,12240.221,nT
2026-03-24T18:13:00.000Z,CMO,X,adjusted,channel,12224.393,nT
2026-03-24T18:14:00.000Z,CMO,X,adjusted,channel,12227.549,nT
2026-03-24T18:15:00.000Z,CMO,X,adjusted,channel,12240.036,nT
2026-03-24T18:16:00.000Z,CMO,X,adjusted,channel,12234.937,nT
2026-03-24T18:17:00.000Z,CMO,X,adjusted,channel,12233.465,nT
2026-03-24T18:18:00.000Z,CMO,X,adjusted,channel,12243.442,nT
2026-03-24T18:19:00.000Z,CMO,X,adjusted,channel,12252.07,nT
2026-03-24T18:20:00.000Z,CMO,X,adjusted,channel,12261.639,nT
2026-03-24T18:21:00.000Z,CMO,X,adjusted,channel,12266.45,nT
2026-03-24T18:22:00.000Z,CMO,X,adjusted,channel,12268.834,nT
2026-03-24T18:23:00.000Z,CMO,X,adjusted,channel,12275.983,nT
2026-03-24T18:24:00.000Z,CMO,X,adjusted,channel,12273.341,nT
2026-03-24T18:25:00.000Z,CMO,X,adjusted,channel,12277.956,nT
2026-03-24T18:26:00.000Z,CMO,X,adjusted,channel,12280.046,nT
2026-03-24T18:27:00.000Z,CMO,X,adjusted,channel,12283.558,nT
2026-03-24T18:28:00.000Z,CMO,X,adjusted,channel,12280.232,nT
2026-03-24T18:29:00.000Z,CMO,X,adjusted,channel,12301.125,nT
2026-03-24T18:30:00.000Z,CMO,X,adjusted,channel,12322.512,nT
2026-03-24T18:31:00.000Z,CMO,X,adjusted,channel,12340.541,nT
2026-03-24T18:32:00.000Z,CMO,X,adjusted,channel,12349.103,nT
2026-03-24T18:33:00.000Z,CMO,X,adjusted,channel,12338.575,nT
2026-03-24T18:34:00.000Z,CMO,X,adjusted,channel,12316.032,nT
2026-03-24T18:35:00.000Z,CMO,X,adjusted,channel,12317.081,nT
2026-03-24T18:36:00.000Z,CMO,X,adjusted,channel,12361.097,nT
2026-03-24T18:37:00.000Z,CMO,X,adjusted,channel,12393.696,nT
2026-03-24T18:38:00.000Z,CMO,X,adjusted,channel,12321.177,nT
2026-03-24T18:39:00.000Z,CMO,X,adjusted,channel,12322.225,nT
2026-03-24T18:40:00.000Z,CMO,X,adjusted,channel,12345.362,nT
2026-03-24T18:41:00.000Z,CMO,X,adjusted,channel,12349.072,nT
2026-03-24T18:42:00.000Z,CMO,X,adjusted,channel,12333.591,nT
2026-03-24T18:43:00.000Z,CMO,X,adjusted,channel,12326.727,nT
2026-03-24T18:44:00.000Z,CMO,X,adjusted,channel,12318.108,nT
2026-03-24T18:45:00.000Z,CMO,X,adjusted,channel,12324.726,nT
2026-03-24T18:46:00.000Z,CMO,X,adjusted,channel,12316.052,nT
2026-03-24T18:47:00.000Z,CMO,X,adjusted,channel,12306.958,nT
2026-03-24T18:48:00.000Z,CMO,X,adjusted,channel,12306.684,nT
2026-03-24T18:49:00.000Z,CMO,X,adjusted,channel,12315.231,nT
2026-03-24T18:50:00.000Z,CMO,X,adjusted,channel,12317.661,nT
2026-03-24T18:51:00.000Z,CMO,X,adjusted,channel,12303.909,nT
2026-03-24T18:52:00.000Z,CMO,X,adjusted,channel,12293.244,nT
2026-03-24T18:53:00.000Z,CMO,X,adjusted,channel,12294.849,nT
2026-03-24T18:54:00.000Z,CMO,X,adjusted,channel,12304.573,nT
2026-03-24T18:55:00.000Z,CMO,X,adjusted,channel,12310.911,nT
2026-03-24T18:56:00.000Z,CMO,X,adjusted,channel,12303.375,nT
2026-03-24T18:57:00.000Z,CMO,X,adjusted,channel,12299.525,nT
2026-03-24T18:58:00.000Z,CMO,X,adjusted,channel,12300.398,nT
2026-03-24T18:59:00.000Z,CMO,X,adjusted,channel,12305.102,nT
2026-03-24T19:00:00.000Z,CMO,X,adjusted,channel,12301.37,nT
2026-03-24T19:01:00.000Z,CMO,X,adjusted,channel,12306.738,nT
2026-03-24T19:02:00.000Z,CMO,X,adjusted,channel,12306.832,nT
2026-03-24T19:03:00.000Z,CMO,X,adjusted,channel,12307.532,nT
2026-03-24T19:04:00.000Z,CMO,X,adjusted,channel,12306.932,nT
2026-03-24T19:05:00.000Z,CMO,X,adjusted,channel,12307.823,nT
2026-03-24T19:06:00.000Z,CMO,X,adjusted,channel,12310.095,nT
2026-03-24T19:07:00.000Z,CMO,X,adjusted,channel,12305.674,nT
2026-03-24T19:08:00.000Z,CMO,X,adjusted,channel,12307.096,nT
2026-03-24T19:09:00.000Z,CMO,X,adjusted,channel,12305.344,nT
2026-03-24T19:10:00.000Z,CMO,X,adjusted,channel,12302.223,nT
2026-03-24T19:11:00.000Z,CMO,X,adjusted,channel,12303.814,nT
2026-03-24T19:12:00.000Z,CMO,X,adjusted,channel,12300.641,nT
2026-03-24T19:13:00.000Z,CMO,X,adjusted,channel,12306.53,nT
2026-03-24T19:14:00.000Z,CMO,X,adjusted,channel,12303.542,nT
2026-03-24T19:15:00.000Z,CMO,X,adjusted,channel,12299.915,nT
2026-03-24T19:16:00.000Z,CMO,X,adjusted,channel,12294.701,nT
2026-03-24T19:17:00.000Z,CMO,X,adjusted,channel,12293.257,nT
2026-03-24T19:18:00.000Z,CMO,X,adjusted,channel,12296.118,nT
2026-03-24T19:19:00.000Z,CMO,X,adjusted,channel,12300.375,nT
2026-03-24T19:20:00.000Z,CMO,X,adjusted,channel,12299.714,nT
2026-03-24T19:21:00.000Z,CMO,X,adjusted,channel,12300.606,nT
2026-03-24T19:22:00.000Z,CMO,X,adjusted,channel,12303.747,nT
2026-03-24T19:23:00.000Z,CMO,X,adjusted,channel,12308.285,nT
2026-03-24T19:24:00.000Z,CMO,X,adjusted,channel,12305.829,nT
2026-03-24T19:25:00.000Z,CMO,X,adjusted,channel,12306.534,nT
2026-03-24T19:26:00.000Z,CMO,X,adjusted,channel,12309.654,nT
2026-03-24T19:27:00.000Z,CMO,X,adjusted,channel,12314.047,nT
2026-03-24T19:28:00.000Z,CMO,X,adjusted,channel,12314.108,nT
2026-03-24T19:29:00.000Z,CMO,X,adjusted,channel,12311.31,nT
2026-03-24T19:30:00.000Z,CMO,X,adjusted,channel,12304.081,nT
2026-03-24T19:31:00.000Z,CMO,X,adjusted,channel,12302.002,nT
2026-03-24T19:32:00.000Z,CMO,X,adjusted,channel,12301.722,nT
2026-03-24T19:33:00.000Z,CMO,X,adjusted,channel,12303.471,nT
2026-03-24T19:34:00.000Z,CMO,X,adjusted,channel,12304.784,nT
2026-03-24T19:35:00.000Z,CMO,X,adjusted,channel,12304.013,nT
2026-03-24T19:36:00.000Z,CMO,X,adjusted,channel,12302.61,nT
2026-03-24T19:37:00.000Z,CMO,X,adjusted,channel,12308.125,nT
2026-03-24T19:38:00.000Z,CMO,X,adjusted,channel,12312.891,nT
2026-03-24T19:39:00.000Z,CMO,X,adjusted,channel,12304.89,nT
2026-03-24T19:40:00.000Z,CMO,X,adjusted,channel,12280.559,nT
2026-03-24T19:41:00.000Z,CMO,X,adjusted,channel,12259.975,nT
2026-03-24T19:42:00.000Z,CMO,X,adjusted,channel,12270.953,nT
2026-03-24T19:43:00.000Z,CMO,X,adjusted,channel,12282.088,nT
2026-03-24T19:44:00.000Z,CMO,X,adjusted,channel,12286.134,nT
2026-03-24T19:45:00.000Z,CMO,X,adjusted,channel,12294.456,nT
2026-03-24T19:46:00.000Z,CMO,X,adjusted,channel,12306.702,nT
2026-03-24T19:47:00.000Z,CMO,X,adjusted,channel,12305.968,nT
2026-03-24T19:48:00.000Z,CMO,X,adjusted,channel,12303.523,nT
2026-03-24T19:49:00.000Z,CMO,X,adjusted,channel,12300.668,nT
2026-03-24T19:50:00.000Z,CMO,X,adjusted,channel,12294.697,nT
2026-03-24T19:51:00.000Z,CMO,X,adjusted,channel,12277.264,nT
2026-03-24T19:52:00.000Z,CMO,X,adjusted,channel,12274.801,nT
2026-03-24T19:53:00.000Z,CMO,X,adjusted,channel,12282.987,nT
2026-03-24T19:54:00.000Z,CMO,X,adjusted,channel,12281.279,nT
2026-03-24T19:55:00.000Z,CMO,X,adjusted,channel,12277.046,nT
2026-03-24T19:56:00.000Z,CMO,X,adjusted,channel,12270.94,nT
2026-03-24T19:57:00.000Z,CMO,X,adjusted,channel,12271.321,nT
2026-03-24T19:58:00.000Z,CMO,X,adjusted,channel,12268.141,nT
2026-03-24T19:59:00.000Z,CMO,X,adjusted,channel,12258.64,nT
2026-03-24T20:00:00.000Z,CMO,X,adjusted,channel,12267.203,nT
2026-03-24T20:01:00.000Z,CMO,X,adjusted,channel,12268.531,nT
2026-03-24T20:02:00.000Z,CMO,X,adjusted,channel,12261.734,nT
2026-03-24T20:03:00.000Z,CMO,X,adjusted,channel,12266.681,nT
2026-03-24T20:04:00.000Z,CMO,X,adjusted,channel,12279.104,nT
2026-03-24T20:05:00.000Z,CMO,X,adjusted,channel,12288.313,nT
2026-03-24T20:06:00.000Z,CMO,X,adjusted,channel,12285.532,nT
2026-03-24T20:07:00.000Z,CMO,X,adjusted,channel,12293.46,nT
2026-03-24T20:08:00.000Z,CMO,X,adjusted,channel,12299.745,nT
2026-03-24T20:09:00.000Z,CMO,X,adjusted,channel,12292.52,nT
2026-03-24T20:10:00.000Z,CMO,X,adjusted,channel,12308.857,nT
2026-03-24T20:11:00.000Z,CMO,X,adjusted,channel,12295.985,nT
2026-03-24T20:12:00.000Z,CMO,X,adjusted,channel,12285.546,nT
2026-03-24T20:13:00.000Z,CMO,X,adjusted,channel,12268.775,nT
2026-03-24T20:14:00.000Z,CMO,X,adjusted,channel,12274.583,nT
2026-03-24T20:15:00.000Z,CMO,X,adjusted,channel,12290.71,nT
2026-03-24T20:16:00.000Z,CMO,X,adjusted,channel,12296.848,nT
2026-03-24T20:17:00.000Z,CMO,X,adjusted,channel,12289.164,nT
2026-03-24T20:18:00.000Z,CMO,X,adjusted,channel,12280.789,nT
2026-03-24T20:19:00.000Z,CMO,X,adjusted,channel,12281.225,nT
2026-03-24T20:20:00.000Z,CMO,X,adjusted,channel,12277.789,nT
2026-03-24T20:21:00.000Z,CMO,X,adjusted,channel,12273.748,nT
2026-03-24T20:22:00.000Z,CMO,X,adjusted,channel,12268.738,nT
2026-03-24T20:23:00.000Z,CMO,X,adjusted,channel,12265.229,nT
2026-03-24T20:24:00.000Z,CMO,X,adjusted,channel,12265.794,nT
2026-03-24T20:25:00.000Z,CMO,X,adjusted,channel,12266.554,nT
2026-03-24T20:26:00.000Z,CMO,X,adjusted,channel,12270.064,nT
2026-03-24T20:27:00.000Z,CMO,X,adjusted,channel,12273.525,nT
2026-03-24T20:28:00.000Z,CMO,X,adjusted,channel,12269.367,nT
2026-03-24T20:29:00.000Z,CMO,X,adjusted,channel,12269.128,nT
2026-03-24T20:30:00.000Z,CMO,X,adjusted,channel,12265.655,nT
2026-03-24T20:31:00.000Z,CMO,X,adjusted,channel,12266.24,nT
2026-03-24T20:32:00.000Z,CMO,X,adjusted,channel,12270.052,nT
2026-03-24T20:33:00.000Z,CMO,X,adjusted,channel,12267.363,nT
2026-03-24T20:34:00.000Z,CMO,X,adjusted,channel,12264.143,nT
2026-03-24T20:35:00.000Z,CMO,X,adjusted,channel,12263.657,nT
2026-03-24T20:36:00.000Z,CMO,X,adjusted,channel,12254.969,nT
2026-03-24T20:37:00.000Z,CMO,X,adjusted,channel,12250.295,nT
2026-03-24T20:38:00.000Z,CMO,X,adjusted,channel,12252.018,nT
2026-03-24T20:39:00.000Z,CMO,X,adjusted,channel,12257.182,nT
2026-03-24T20:40:00.000Z,CMO,X,adjusted,channel,12255.687,nT
2026-03-24T20:41:00.000Z,CMO,X,adjusted,channel,12257.647,nT
2026-03-24T20:42:00.000Z,CMO,X,adjusted,channel,12262.639,nT
2026-03-24T20:43:00.000Z,CMO,X,adjusted,channel,12263.504,nT
2026-03-24T20:44:00.000Z,CMO,X,adjusted,channel,12264.066,nT
2026-03-24T20:45:00.000Z,CMO,X,adjusted,channel,12264.827,nT
2026-03-24T20:46:00.000Z,CMO,X,adjusted,channel,12265.413,nT
2026-03-24T20:47:00.000Z,CMO,X,adjusted,channel,12261.768,nT
2026-03-24T20:48:00.000Z,CMO,X,adjusted,channel,12262.331,nT
2026-03-24T20:49:00.000Z,CMO,X,adjusted,channel,12262.205,nT
2026-03-24T20:50:00.000Z,CMO,X,adjusted,channel,12266.49,nT
2026-03-24T20:51:00.000Z,CMO,X,adjusted,channel,12268.387,nT
2026-03-24T20:52:00.000Z,CMO,X,adjusted,channel,12269.223,nT
2026-03-24T20:53:00.000Z,CMO,X,adjusted,channel,12260.576,nT
2026-03-24T20:54:00.000Z,CMO,X,adjusted,channel,12259.02,nT
2026-03-24T20:55:00.000Z,CMO,X,adjusted,channel,12265.226,nT
2026-03-24T20:56:00.000Z,CMO,X,adjusted,channel,12271.14,nT
2026-03-24T20:57:00.000Z,CMO,X,adjusted,channel,12273.956,nT
2026-03-24T20:58:00.000Z,CMO,X,adjusted,channel,12279.911,nT
2026-03-24T20:59:00.000Z,CMO,X,adjusted,channel,12279.395,nT
2026-03-24T21:00:00.000Z,CMO,X,adjusted,channel,12286.334,nT
2026-03-24T21:01:00.000Z,CMO,X,adjusted,channel,12287.128,nT
2026-03-24T21:02:00.000Z,CMO,X,adjusted,channel,12281.773,nT
2026-03-24T21:03:00.000Z,CMO,X,adjusted,channel,12274.076,nT
2026-03-24T21:04:00.000Z,CMO,X,adjusted,channel,12275.204,nT
2026-03-24T21:05:00.000Z,CMO,X,adjusted,channel,12275.619,nT
2026-03-24T21:06:00.000Z,CMO,X,adjusted,channel,12278.547,nT
2026-03-24T21:07:00.000Z,CMO,X,adjusted,channel,12278.728,nT
2026-03-24T21:08:00.000Z,CMO,X,adjusted,channel,12273.581,nT
2026-03-24T21:09:00.000Z,CMO,X,adjusted,channel,12269.933,nT
2026-03-24T21:10:00.000Z,CMO,X,adjusted,channel,12273.284,nT
2026-03-24T21:11:00.000Z,CMO,X,adjusted,channel,12281.434,nT
2026-03-24T21:12:00.000Z,CMO,X,adjusted,channel,12287.342,nT
2026-03-24T21:13:00.000Z,CMO,X,adjusted,channel,12284.768,nT
2026-03-24T21:14:00.000Z,CMO,X,adjusted,channel,12274.788,nT
2026-03-24T21:15:00.000Z,CMO,X,adjusted,channel,12274.651,nT
2026-03-24T21:16:00.000Z,CMO,X,adjusted,channel,12276.627,nT
2026-03-24T21:17:00.000Z,CMO,X,adjusted,channel,12267.3,nT
2026-03-24T21:18:00.000Z,CMO,X,adjusted,channel,12266.198,nT
2026-03-24T21:19:00.000Z,CMO,X,adjusted,channel,12266.705,nT
2026-03-24T21:20:00.000Z,CMO,X,adjusted,channel,12272.615,nT
2026-03-24T21:21:00.000Z,CMO,X,adjusted,channel,12279.947,nT
2026-03-24T21:22:00.000Z,CMO,X,adjusted,channel,12276.632,nT
2026-03-24T21:23:00.000Z,CMO,X,adjusted,channel,12268.568,nT
2026-03-24T21:24:00.000Z,CMO,X,adjusted,channel,12267.631,nT
2026-03-24T21:25:00.000Z,CMO,X,adjusted,channel,12278.851,nT
2026-03-24T21:26:00.000Z,CMO,X,adjusted,channel,12282.272,nT
2026-03-24T21:27:00.000Z,CMO,X,adjusted,channel,12274.418,nT
2026-03-24T21:28:00.000Z,CMO,X,adjusted,channel,12259.034,nT
2026-03-24T21:29:00.000Z,CMO,X,adjusted,channel,12253.334,nT
2026-03-24T21:30:00.000Z,CMO,X,adjusted,channel,12256.512,nT
2026-03-24T21:31:00.000Z,CMO,X,adjusted,channel,12257.852,nT
2026-03-24T21:32:00.000Z,CMO,X,adjusted,channel,12264.564,nT
2026-03-24T21:33:00.000Z,CMO,X,adjusted,channel,12271.369,nT
2026-03-24T21:34:00.000Z,CMO,X,adjusted,channel,12279.377,nT
2026-03-24T21:35:00.000Z,CMO,X,adjusted,channel,12279.168,nT
2026-03-24T21:36:00.000Z,CMO,X,adjusted,channel,12272.55,nT
2026-03-24T21:37:00.000Z,CMO,X,adjusted,channel,12269.267,nT
2026-03-24T21:38:00.000Z,CMO,X,adjusted,channel,12272.745,nT
2026-03-24T21:39:00.000Z,CMO,X,adjusted,channel,12276.368,nT
2026-03-24T21:40:00.000Z,CMO,X,adjusted,channel,12276.248,nT
2026-03-24T21:41:00.000Z,CMO,X,adjusted,channel,12276.815,nT
2026-03-24T21:42:00.000Z,CMO,X,adjusted,channel,12275.033,nT
2026-03-24T21:43:00.000Z,CMO,X,adjusted,channel,12271.674,nT
2026-03-24T21:44:00.000Z,CMO,X,adjusted,channel,12269.112,nT
2026-03-24T21:45:00.000Z,CMO,X,adjusted,channel,12269.69,nT
2026-03-24T21:46:00.000Z,CMO,X,adjusted,channel,12276.008,nT
2026-03-24T21:47:00.000Z,CMO,X,adjusted,channel,12279.367,nT
2026-03-24T21:48:00.000Z,CMO,X,adjusted,channel,12276.615,nT
2026-03-24T21:49:00.000Z,CMO,X,adjusted,channel,12273.997,nT
2026-03-24T21:50:00.000Z,CMO,X,adjusted,channel,12271.817,nT
2026-03-24T21:51:00.000Z,CMO,X,adjusted,channel,12270.451,nT
2026-03-24T21:52:00.000Z,CMO,X,adjusted,channel,12270.033,nT
2026-03-24T21:53:00.000Z,CMO,X,adjusted,channel,12277.539,nT
2026-03-24T21:54:00.000Z,CMO,X,adjusted,channel,12287.604,nT
2026-03-24T21:55:00.000Z,CMO,X,adjusted,channel,12287.041,nT
2026-03-24T21:56:00.000Z,CMO,X,adjusted,channel,12284.765,nT
2026-03-24T21:57:00.000Z,CMO,X,adjusted,channel,12283.185,nT
2026-03-24T21:58:00.000Z,CMO,X,adjusted,channel,12283.752,nT
2026-03-24T21:59:00.000Z,CMO,X,adjusted,channel,12283.829,nT
2026-03-24T22:00:00.000Z,CMO,X,adjusted,channel,12281.592,nT
2026-03-24T22:01:00.000Z,CMO,X,adjusted,channel,12279.097,nT
2026-03-24T22:02:00.000Z,CMO,X,adjusted,channel,12278.983,nT
2026-03-24T22:03:00.000Z,CMO,X,adjusted,channel,12277.229,nT
2026-03-24T22:04:00.000Z,CMO,X,adjusted,channel,12272.854,nT
2026-03-24T22:05:00.000Z,CMO,X,adjusted,channel,12271.846,nT
2026-03-24T22:06:00.000Z,CMO,X,adjusted,channel,12271.543,nT
2026-03-24T22:07:00.000Z,CMO,X,adjusted,channel,12271.861,nT
2026-03-24T22:08:00.000Z,CMO,X,adjusted,channel,12269.298,nT
2026-03-24T22:09:00.000Z,CMO,X,adjusted,channel,12266.338,nT
2026-03-24T22:10:00.000Z,CMO,X,adjusted,channel,12266.971,nT
2026-03-24T22:11:00.000Z,CMO,X,adjusted,channel,12270.456,nT
2026-03-24T22:12:00.000Z,CMO,X,adjusted,channel,12275.547,nT
2026-03-24T22:13:00.000Z,CMO,X,adjusted,channel,12277.525,nT
2026-03-24T22:14:00.000Z,CMO,X,adjusted,channel,12280.508,nT
2026-03-24T22:15:00.000Z,CMO,X,adjusted,channel,12282.139,nT
2026-03-24T22:16:00.000Z,CMO,X,adjusted,channel,12280.965,nT
2026-03-24T22:17:00.000Z,CMO,X,adjusted,channel,12280.192,nT
2026-03-24T22:18:00.000Z,CMO,X,adjusted,channel,12278.8,nT
2026-03-24T22:19:00.000Z,CMO,X,adjusted,channel,12277,nT
2026-03-24T22:20:00.000Z,CMO,X,adjusted,channel,12274.684,nT
2026-03-24T22:21:00.000Z,CMO,X,adjusted,channel,12271.966,nT
2026-03-24T22:22:00.000Z,CMO,X,adjusted,channel,12270.267,nT
2026-03-24T22:23:00.000Z,CMO,X,adjusted,channel,12270.23,nT
2026-03-24T22:24:00.000Z,CMO,X,adjusted,channel,12269.718,nT
2026-03-24T22:25:00.000Z,CMO,X,adjusted,channel,12270.185,nT
2026-03-24T22:26:00.000Z,CMO,X,adjusted,channel,12270.788,nT
2026-03-24T22:27:00.000Z,CMO,X,adjusted,channel,12271.812,nT
2026-03-24T22:28:00.000Z,CMO,X,adjusted,channel,12271.094,nT
2026-03-24T22:29:00.000Z,CMO,X,adjusted,channel,12271.867,nT
2026-03-24T22:30:00.000Z,CMO,X,adjusted,channel,12269.155,nT
2026-03-24T22:31:00.000Z,CMO,X,adjusted,channel,12269.959,nT
2026-03-24T22:32:00.000Z,CMO,X,adjusted,channel,12270.814,nT
2026-03-24T22:33:00.000Z,CMO,X,adjusted,channel,12272.275,nT
2026-03-24T22:34:00.000Z,CMO,X,adjusted,channel,12272.225,nT
2026-03-24T22:35:00.000Z,CMO,X,adjusted,channel,12271.69,nT
2026-03-24T22:36:00.000Z,CMO,X,adjusted,channel,12270.624,nT
2026-03-24T22:37:00.000Z,CMO,X,adjusted,channel,12266.886,nT
2026-03-24T22:38:00.000Z,CMO,X,adjusted,channel,12264.631,nT
2026-03-24T22:39:00.000Z,CMO,X,adjusted,channel,12263.915,nT
2026-03-24T22:40:00.000Z,CMO,X,adjusted,channel,12266.326,nT
2026-03-24T22:41:00.000Z,CMO,X,adjusted,channel,12271.267,nT
2026-03-24T22:42:00.000Z,CMO,X,adjusted,channel,12271.968,nT
2026-03-24T22:43:00.000Z,CMO,X,adjusted,channel,12271.737,nT
2026-03-24T22:44:00.000Z,CMO,X,adjusted,channel,12268.847,nT
2026-03-24T22:45:00.000Z,CMO,X,adjusted,channel,12265.793,nT
2026-03-24T22:46:00.000Z,CMO,X,adjusted,channel,12265.795,nT
2026-03-24T22:47:00.000Z,CMO,X,adjusted,channel,12266.476,nT
2026-03-24T22:48:00.000Z,CMO,X,adjusted,channel,12267.309,nT
2026-03-24T22:49:00.000Z,CMO,X,adjusted,channel,12269.372,nT
2026-03-24T22:50:00.000Z,CMO,X,adjusted,channel,12270.743,nT
2026-03-24T22:51:00.000Z,CMO,X,adjusted,channel,12270.716,nT
2026-03-24T22:52:00.000Z,CMO,X,adjusted,channel,12268.433,nT
2026-03-24T22:53:00.000Z,CMO,X,adjusted,channel,12267.728,nT
2026-03-24T22:54:00.000Z,CMO,X,adjusted,channel,12268.13,nT
2026-03-24T22:55:00.000Z,CMO,X,adjusted,channel,12269.507,nT
2026-03-24T22:56:00.000Z,CMO,X,adjusted,channel,12270.553,nT
2026-03-24T22:57:00.000Z,CMO,X,adjusted,channel,12268.015,nT
2026-03-24T22:58:00.000Z,CMO,X,adjusted,channel,12267.892,nT
2026-03-24T22:59:00.000Z,CMO,X,adjusted,channel,12265.031,nT
2026-03-24T23:00:00.000Z,CMO,X,adjusted,channel,12262.23,nT
2026-03-24T23:01:00.000Z,CMO,X,adjusted,channel,12265.289,nT
2026-03-24T23:02:00.000Z,CMO,X,adjusted,channel,12264.86,nT
2026-03-24T23:03:00.000Z,CMO,X,adjusted,channel,12266.374,nT
2026-03-24T23:04:00.000Z,CMO,X,adjusted,channel,12262.518,nT
2026-03-24T23:05:00.000Z,CMO,X,adjusted,channel,12258.411,nT
2026-03-24T23:06:00.000Z,CMO,X,adjusted,channel,12257.948,nT
2026-03-24T23:07:00.000Z,CMO,X,adjusted,channel,12259.796,nT
2026-03-24T23:08:00.000Z,CMO,X,adjusted,channel,12262.941,nT
2026-03-24T23:09:00.000Z,CMO,X,adjusted,channel,12270.834,nT
2026-03-24T23:10:00.000Z,CMO,X,adjusted,channel,12272.074,nT
2026-03-24T23:11:00.000Z,CMO,X,adjusted,channel,12271.886,nT
2026-03-24T23:12:00.000Z,CMO,X,adjusted,channel,12274.399,nT
2026-03-24T23:13:00.000Z,CMO,X,adjusted,channel,12279.72,nT
2026-03-24T23:14:00.000Z,CMO,X,adjusted,channel,12285.409,nT
2026-03-24T23:15:00.000Z,CMO,X,adjusted,channel,12294.703,nT
2026-03-24T23:16:00.000Z,CMO,X,adjusted,channel,12300.688,nT
2026-03-24T23:17:00.000Z,CMO,X,adjusted,channel,12305.301,nT
2026-03-24T23:18:00.000Z,CMO,X,adjusted,channel,12310.8,nT
2026-03-24T23:19:00.000Z,CMO,X,adjusted,channel,12314.358,nT
2026-03-24T23:20:00.000Z,CMO,X,adjusted,channel,12320.368,nT
2026-03-24T23:21:00.000Z,CMO,X,adjusted,channel,12320.17,nT
2026-03-24T23:22:00.000Z,CMO,X,adjusted,channel,12314.222,nT
2026-03-24T23:23:00.000Z,CMO,X,adjusted,channel,12308.161,nT
2026-03-24T23:24:00.000Z,CMO,X,adjusted,channel,12301.038,nT
2026-03-24T23:25:00.000Z,CMO,X,adjusted,channel,12302.568,nT
2026-03-24T23:26:00.000Z,CMO,X,adjusted,channel,12300.878,nT
2026-03-24T23:27:00.000Z,CMO,X,adjusted,channel,12298.328,nT
2026-03-24T23:28:00.000Z,CMO,X,adjusted,channel,12296.007,nT
2026-03-24T23:29:00.000Z,CMO,X,adjusted,channel,12295.395,nT
2026-03-24T23:30:00.000Z,CMO,X,adjusted,channel,12297.139,nT
2026-03-24T23:31:00.000Z,CMO,X,adjusted,channel,12293.657,nT
2026-03-24T23:32:00.000Z,CMO,X,adjusted,channel,12285.998,nT
2026-03-24T23:33:00.000Z,CMO,X,adjusted,channel,12279.626,nT
2026-03-24T23:34:00.000Z,CMO,X,adjusted,channel,12274.526,nT
2026-03-24T23:35:00.000Z,CMO,X,adjusted,channel,12272.805,nT
2026-03-24T23:36:00.000Z,CMO,X,adjusted,channel,12268.343,nT
2026-03-24T23:37:00.000Z,CMO,X,adjusted,channel,12263.37,nT
2026-03-24T23:38:00.000Z,CMO,X,adjusted,channel,12263.845,nT
2026-03-24T23:39:00.000Z,CMO,X,adjusted,channel,12263.554,nT
2026-03-24T23:40:00.000Z,CMO,X,adjusted,channel,12262.119,nT
2026-03-24T23:41:00.000Z,CMO,X,adjusted,channel,12258.528,nT
2026-03-24T23:42:00.000Z,CMO,X,adjusted,channel,12263.303,nT
2026-03-24T23:43:00.000Z,CMO,X,adjusted,channel,12259.826,nT
2026-03-24T23:44:00.000Z,CMO,X,adjusted,channel,12251.833,nT
2026-03-24T23:45:00.000Z,CMO,X,adjusted,channel,12253.096,nT
2026-03-24T23:46:00.000Z,CMO,X,adjusted,channel,12250.884,nT
2026-03-24T23:47:00.000Z,CMO,X,adjusted,channel,12249.994,nT
2026-03-24T23:48:00.000Z,CMO,X,adjusted,channel,12256.075,nT
2026-03-24T23:49:00.000Z,CMO,X,adjusted,channel,12255.324,nT
2026-03-24T23:50:00.000Z,CMO,X,adjusted,channel,12251.548,nT
2026-03-24T23:51:00.000Z,CMO,X,adjusted,channel,12248.362,nT
2026-03-24T23:52:00.000Z,CMO,X,adjusted,channel,12250.878,nT
2026-03-24T23:53:00.000Z,CMO,X,adjusted,channel,12258.335,nT
2026-03-24T23:54:00.000Z,CMO,X,adjusted,channel,12266.079,nT
2026-03-24T23:55:00.000Z,CMO,X,adjusted,channel,12261.744,nT
2026-03-24T23:56:00.000Z,CMO,X,adjusted,channel,12259.33,nT
2026-03-24T23:57:00.000Z,CMO,X,adjusted,channel,12258.284,nT
2026-03-24T23:58:00.000Z,CMO,X,adjusted,channel,12260.962,nT
2026-03-24T23:59:00.000Z,CMO,X,adjusted,channel,12259.268,nT
2026-03-25T00:00:00.000Z,CMO,X,adjusted,channel,12262.084,nT
2026-03-25T00:01:00.000Z,CMO,X,adjusted,channel,12263.877,nT
2026-03-25T00:02:00.000Z,CMO,X,adjusted,channel,12254.913,nT
2026-03-25T00:03:00.000Z,CMO,X,adjusted,channel,12260.02,nT
2026-03-25T00:04:00.000Z,CMO,X,adjusted,channel,12265.157,nT
2026-03-25T00:05:00.000Z,CMO,X,adjusted,channel,12271.775,nT
2026-03-25T00:06:00.000Z,CMO,X,adjusted,channel,12281.686,nT
2026-03-25T00:07:00.000Z,CMO,X,adjusted,channel,12279.3,nT
2026-03-25T00:08:00.000Z,CMO,X,adjusted,channel,12284.535,nT
2026-03-25T00:09:00.000Z,CMO,X,adjusted,channel,12278.017,nT
2026-03-25T00:10:00.000Z,CMO,X,adjusted,channel,12277.173,nT
2026-03-25T00:11:00.000Z,CMO,X,adjusted,channel,12285.009,nT
2026-03-25T00:12:00.000Z,CMO,X,adjusted,channel,12283.58,nT
2026-03-25T00:13:00.000Z,CMO,X,adjusted,channel,12280.191,nT
2026-03-25T00:14:00.000Z,CMO,X,adjusted,channel,12288.305,nT
2026-03-25T00:15:00.000Z,CMO,X,adjusted,channel,12300.313,nT
2026-03-25T00:16:00.000Z,CMO,X,adjusted,channel,12306.52,nT
2026-03-25T00:17:00.000Z,CMO,X,adjusted,channel,12308.751,nT
2026-03-25T00:18:00.000Z,CMO,X,adjusted,channel,12308.378,nT
2026-03-25T00:19:00.000Z,CMO,X,adjusted,channel,12311.743,nT
2026-03-25T00:20:00.000Z,CMO,X,adjusted,channel,12317.304,nT
2026-03-25T00:21:00.000Z,CMO,X,adjusted,channel,12321.575,nT
2026-03-25T00:22:00.000Z,CMO,X,adjusted,channel,12323.227,nT
2026-03-25T00:23:00.000Z,CMO,X,adjusted,channel,12321.542,nT
2026-03-25T00:24:00.000Z,CMO,X,adjusted,channel,12320.374,nT
2026-03-25T00:25:00.000Z,CMO,X,adjusted,channel,12323.469,nT
2026-03-25T00:26:00.000Z,CMO,X,adjusted,channel,12327.776,nT
2026-03-25T00:27:00.000Z,CMO,X,adjusted,channel,12328.267,nT
2026-03-25T00:28:00.000Z,CMO,X,adjusted,channel,12323.089,nT
2026-03-25T00:29:00.000Z,CMO,X,adjusted,channel,12321.106,nT
2026-03-25T00:30:00.000Z,CMO,X,adjusted,channel,12323.161,nT
2026-03-25T00:31:00.000Z,CMO,X,adjusted,channel,12325.428,nT
2026-03-25T00:32:00.000Z,CMO,X,adjusted,channel,12324.006,nT
2026-03-25T00:33:00.000Z,CMO,X,adjusted,channel,12324.512,nT
2026-03-25T00:34:00.000Z,CMO,X,adjusted,channel,12320.64,nT
2026-03-25T00:35:00.000Z,CMO,X,adjusted,channel,12321.538,nT
2026-03-25T00:36:00.000Z,CMO,X,adjusted,channel,12320.84,nT
2026-03-25T00:37:00.000Z,CMO,X,adjusted,channel,12318.051,nT
2026-03-25T00:38:00.000Z,CMO,X,adjusted,channel,12315.872,nT
2026-03-25T00:39:00.000Z,CMO,X,adjusted,channel,12316.662,nT
2026-03-25T00:40:00.000Z,CMO,X,adjusted,channel,12314.375,nT
2026-03-25T00:41:00.000Z,CMO,X,adjusted,channel,12306.09,nT
2026-03-25T00:42:00.000Z,CMO,X,adjusted,channel,12297.132,nT
2026-03-25T00:43:00.000Z,CMO,X,adjusted,channel,12287.711,nT
2026-03-25T00:44:00.000Z,CMO,X,adjusted,channel,12282.497,nT
2026-03-25T00:45:00.000Z,CMO,X,adjusted,channel,12283.831,nT
2026-03-25T00:46:00.000Z,CMO,X,adjusted,channel,12280.843,nT
2026-03-25T00:47:00.000Z,CMO,X,adjusted,channel,12276.911,nT
2026-03-25T00:48:00.000Z,CMO,X,adjusted,channel,12278.923,nT
2026-03-25T00:49:00.000Z,CMO,X,adjusted,channel,12283.575,nT
2026-03-25T00:50:00.000Z,CMO,X,adjusted,channel,12285.859,nT
2026-03-25T00:51:00.000Z,CMO,X,adjusted,channel,12288.525,nT
2026-03-25T00:52:00.000Z,CMO,X,adjusted,channel,12291.161,nT
2026-03-25T00:53:00.000Z,CMO,X,adjusted,channel,12290.612,nT
2026-03-25T00:54:00.000Z,CMO,X,adjusted,channel,12287.719,nT
2026-03-25T00:55:00.000Z,CMO,X,adjusted,channel,12290.577,nT
2026-03-25T00:56:00.000Z,CMO,X,adjusted,channel,12287.802,nT
2026-03-25T00:57:00.000Z,CMO,X,adjusted,channel,12281.802,nT
2026-03-25T00:58:00.000Z,CMO,X,adjusted,channel,12285.089,nT
2026-03-25T00:59:00.000Z,CMO,X,adjusted,channel,12288.123,nT
2026-03-25T01:00:00.000Z,CMO,X,adjusted,channel,12289.733,nT
2026-03-25T01:01:00.000Z,CMO,X,adjusted,channel,12276.554,nT
2026-03-25T01:02:00.000Z,CMO,X,adjusted,channel,12270.182,nT
2026-03-25T01:03:00.000Z,CMO,X,adjusted,channel,12277.415,nT
2026-03-25T01:04:00.000Z,CMO,X,adjusted,channel,12280.97,nT
2026-03-25T01:05:00.000Z,CMO,X,adjusted,channel,12281.762,nT
2026-03-25T01:06:00.000Z,CMO,X,adjusted,channel,12283.844,nT
2026-03-25T01:07:00.000Z,CMO,X,adjusted,channel,12286.581,nT
2026-03-25T01:08:00.000Z,CMO,X,adjusted,channel,12292.273,nT
2026-03-25T01:09:00.000Z,CMO,X,adjusted,channel,12315.862,nT
2026-03-25T01:10:00.000Z,CMO,X,adjusted,channel,12281.837,nT
2026-03-25T01:11:00.000Z,CMO,X,adjusted,channel,12286.828,nT
2026-03-25T01:12:00.000Z,CMO,X,adjusted,channel,12323.268,nT
2026-03-25T01:13:00.000Z,CMO,X,adjusted,channel,12320.79,nT
2026-03-25T01:14:00.000Z,CMO,X,adjusted,channel,12319.769,nT
2026-03-25T01:15:00.000Z,CMO,X,adjusted,channel,12322.175,nT
2026-03-25T01:16:00.000Z,CMO,X,adjusted,channel,12320.587,nT
2026-03-25T01:17:00.000Z,CMO,X,adjusted,channel,12306.992,nT
2026-03-25T01:18:00.000Z,CMO,X,adjusted,channel,12315.254,nT
2026-03-25T01:19:00.000Z,CMO,X,adjusted,channel,12309.207,nT
2026-03-25T01:20:00.000Z,CMO,X,adjusted,channel,12305.481,nT
2026-03-25T01:21:00.000Z,CMO,X,adjusted,channel,12307.23,nT
2026-03-25T01:22:00.000Z,CMO,X,adjusted,channel,12302.718,nT
2026-03-25T01:23:00.000Z,CMO,X,adjusted,channel,12306.704,nT
2026-03-25T01:24:00.000Z,CMO,X,adjusted,channel,12312.471,nT
2026-03-25T01:25:00.000Z,CMO,X,adjusted,channel,12313.049,nT
2026-03-25T01:26:00.000Z,CMO,X,adjusted,channel,12311.96,nT
2026-03-25T01:27:00.000Z,CMO,X,adjusted,channel,12311.045,nT
2026-03-25T01:28:00.000Z,CMO,X,adjusted,channel,12309.432,nT
2026-03-25T01:29:00.000Z,CMO,X,adjusted,channel,12306.38,nT
2026-03-25T01:30:00.000Z,CMO,X,adjusted,channel,12306.602,nT
2026-03-25T01:31:00.000Z,CMO,X,adjusted,channel,12303.041,nT
2026-03-25T01:32:00.000Z,CMO,X,adjusted,channel,12297.254,nT
2026-03-25T01:33:00.000Z,CMO,X,adjusted,channel,12296.103,nT
2026-03-25T01:34:00.000Z,CMO,X,adjusted,channel,12292.556,nT
2026-03-25T01:35:00.000Z,CMO,X,adjusted,channel,12289.132,nT
2026-03-25T01:36:00.000Z,CMO,X,adjusted,channel,12285.97,nT
2026-03-25T01:37:00.000Z,CMO,X,adjusted,channel,12277.202,nT
2026-03-25T01:38:00.000Z,CMO,X,adjusted,channel,12277.116,nT
2026-03-25T01:39:00.000Z,CMO,X,adjusted,channel,12276.433,nT
2026-03-25T01:40:00.000Z,CMO,X,adjusted,channel,12275.437,nT
2026-03-25T01:41:00.000Z,CMO,X,adjusted,channel,12278.675,nT
2026-03-25T01:42:00.000Z,CMO,X,adjusted,channel,12280.069,nT
2026-03-25T01:43:00.000Z,CMO,X,adjusted,channel,12286.158,nT
2026-03-25T01:44:00.000Z,CMO,X,adjusted,channel,12288.092,nT
2026-03-25T01:45:00.000Z,CMO,X,adjusted,channel,12291.081,nT
2026-03-25T01:46:00.000Z,CMO,X,adjusted,channel,12291.379,nT
2026-03-25T01:47:00.000Z,CMO,X,adjusted,channel,12297.663,nT
2026-03-25T01:48:00.000Z,CMO,X,adjusted,channel,12298.636,nT
2026-03-25T01:49:00.000Z,CMO,X,adjusted,channel,12306.27,nT
2026-03-25T01:50:00.000Z,CMO,X,adjusted,channel,12308.693,nT
2026-03-25T01:51:00.000Z,CMO,X,adjusted,channel,12310.658,nT
2026-03-25T01:52:00.000Z,CMO,X,adjusted,channel,12310.141,nT
2026-03-25T01:53:00.000Z,CMO,X,adjusted,channel,12307.125,nT
2026-03-25T01:54:00.000Z,CMO,X,adjusted,channel,12304.667,nT
2026-03-25T01:55:00.000Z,CMO,X,adjusted,channel,12312.408,nT
2026-03-25T01:56:00.000Z,CMO,X,adjusted,channel,12313.898,nT
2026-03-25T01:57:00.000Z,CMO,X,adjusted,channel,12314.051,nT
2026-03-25T01:58:00.000Z,CMO,X,adjusted,channel,12314.927,nT
2026-03-25T01:59:00.000Z,CMO,X,adjusted,channel,12318.151,nT
2026-03-25T02:00:00.000Z,CMO,X,adjusted,channel,12316.009,nT
2026-03-25T02:01:00.000Z,CMO,X,adjusted,channel,12312.21,nT
2026-03-25T02:02:00.000Z,CMO,X,adjusted,channel,12314.006,nT
2026-03-25T02:03:00.000Z,CMO,X,adjusted,channel,12312.05,nT
2026-03-25T02:04:00.000Z,CMO,X,adjusted,channel,12308.711,nT
2026-03-25T02:05:00.000Z,CMO,X,adjusted,channel,12300.01,nT
2026-03-25T02:06:00.000Z,CMO,X,adjusted,channel,12295.405,nT
2026-03-25T02:07:00.000Z,CMO,X,adjusted,channel,12303.111,nT
2026-03-25T02:08:00.000Z,CMO,X,adjusted,channel,12300.462,nT
2026-03-25T02:09:00.000Z,CMO,X,adjusted,channel,12286.145,nT
2026-03-25T02:10:00.000Z,CMO,X,adjusted,channel,12281.368,nT
2026-03-25T02:11:00.000Z,CMO,X,adjusted,channel,12282.978,nT
2026-03-25T02:12:00.000Z,CMO,X,adjusted,channel,12285.996,nT
2026-03-25T02:13:00.000Z,CMO,X,adjusted,channel,12291.389,nT
2026-03-25T02:14:00.000Z,CMO,X,adjusted,channel,12298.567,nT
2026-03-25T02:15:00.000Z,CMO,X,adjusted,channel,12307.061,nT
2026-03-25T02:16:00.000Z,CMO,X,adjusted,channel,12309.025,nT
2026-03-25T02:17:00.000Z,CMO,X,adjusted,channel,12298.218,nT
2026-03-25T02:18:00.000Z,CMO,X,adjusted,channel,12289.997,nT
2026-03-25T02:19:00.000Z,CMO,X,adjusted,channel,12293.14,nT
2026-03-25T02:20:00.000Z,CMO,X,adjusted,channel,12299.187,nT
2026-03-25T02:21:00.000Z,CMO,X,adjusted,channel,12297.085,nT
2026-03-25T02:22:00.000Z,CMO,X,adjusted,channel,12296.179,nT
2026-03-25T02:23:00.000Z,CMO,X,adjusted,channel,12302.477,nT
2026-03-25T02:24:00.000Z,CMO,X,adjusted,channel,12309.814,nT
2026-03-25T02:25:00.000Z,CMO,X,adjusted,channel,12310.714,nT
2026-03-25T02:26:00.000Z,CMO,X,adjusted,channel,12299.016,nT
2026-03-25T02:27:00.000Z,CMO,X,adjusted,channel,12289.49,nT
2026-03-25T02:28:00.000Z,CMO,X,adjusted,channel,12287.349,nT
2026-03-25T02:29:00.000Z,CMO,X,adjusted,channel,12294.941,nT
2026-03-25T02:30:00.000Z,CMO,X,adjusted,channel,12297.124,nT
2026-03-25T02:31:00.000Z,CMO,X,adjusted,channel,12294.664,nT
2026-03-25T02:32:00.000Z,CMO,X,adjusted,channel,12292.482,nT
2026-03-25T02:33:00.000Z,CMO,X,adjusted,channel,12289.643,nT
2026-03-25T02:34:00.000Z,CMO,X,adjusted,channel,12291.247,nT
2026-03-25T02:35:00.000Z,CMO,X,adjusted,channel,12289.885,nT
2026-03-25T02:36:00.000Z,CMO,X,adjusted,channel,12284.607,nT
2026-03-25T02:37:00.000Z,CMO,X,adjusted,channel,12284.087,nT
2026-03-25T02:38:00.000Z,CMO,X,adjusted,channel,12281.397,nT
2026-03-25T02:39:00.000Z,CMO,X,adjusted,channel,12278.397,nT
2026-03-25T02:40:00.000Z,CMO,X,adjusted,channel,12277.158,nT
2026-03-25T02:41:00.000Z,CMO,X,adjusted,channel,12281.305,nT
2026-03-25T02:42:00.000Z,CMO,X,adjusted,channel,12284.95,nT
2026-03-25T02:43:00.000Z,CMO,X,adjusted,channel,12283.865,nT
2026-03-25T02:44:00.000Z,CMO,X,adjusted,channel,12285.776,nT
2026-03-25T02:45:00.000Z,CMO,X,adjusted,channel,12286.525,nT
2026-03-25T02:46:00.000Z,CMO,X,adjusted,channel,12292.203,nT
2026-03-25T02:47:00.000Z,CMO,X,adjusted,channel,12299.007,nT
2026-03-25T02:48:00.000Z,CMO,X,adjusted,channel,12298.406,nT
2026-03-25T02:49:00.000Z,CMO,X,adjusted,channel,12295.076,nT
2026-03-25T02:50:00.000Z,CMO,X,adjusted,channel,12299.662,nT
2026-03-25T02:51:00.000Z,CMO,X,adjusted,channel,12307.687,nT
2026-03-25T02:52:00.000Z,CMO,X,adjusted,channel,12313.406,nT
2026-03-25T02:53:00.000Z,CMO,X,adjusted,channel,12316.619,nT
2026-03-25T02:54:00.000Z,CMO,X,adjusted,channel,12321.153,nT
2026-03-25T02:55:00.000Z,CMO,X,adjusted,channel,12333.988,nT
2026-03-25T02:56:00.000Z,CMO,X,adjusted,channel,12342.033,nT
2026-03-25T02:57:00.000Z,CMO,X,adjusted,channel,12339.78,nT
2026-03-25T02:58:00.000Z,CMO,X,adjusted,channel,12343.637,nT
2026-03-25T02:59:00.000Z,CMO,X,adjusted,channel,12354.398,nT
2026-03-25T03:00:00.000Z,CMO,X,adjusted,channel,12361.392,nT
2026-03-25T03:01:00.000Z,CMO,X,adjusted,channel,12362.289,nT
2026-03-25T03:02:00.000Z,CMO,X,adjusted,channel,12361.676,nT
2026-03-25T03:03:00.000Z,CMO,X,adjusted,channel,12364.796,nT
2026-03-25T03:04:00.000Z,CMO,X,adjusted,channel,12366.032,nT
2026-03-25T03:05:00.000Z,CMO,X,adjusted,channel,12368.969,nT
2026-03-25T03:06:00.000Z,CMO,X,adjusted,channel,12363.961,nT
2026-03-25T03:07:00.000Z,CMO,X,adjusted,channel,12367.091,nT
2026-03-25T03:08:00.000Z,CMO,X,adjusted,channel,12372.02,nT
2026-03-25T03:09:00.000Z,CMO,X,adjusted,channel,12371.566,nT
2026-03-25T03:10:00.000Z,CMO,X,adjusted,channel,12368.134,nT
2026-03-25T03:11:00.000Z,CMO,X,adjusted,channel,12368.328,nT
2026-03-25T03:12:00.000Z,CMO,X,adjusted,channel,12365.605,nT
2026-03-25T03:13:00.000Z,CMO,X,adjusted,channel,12362.44,nT
2026-03-25T03:14:00.000Z,CMO,X,adjusted,channel,12359.439,nT
2026-03-25T03:15:00.000Z,CMO,X,adjusted,channel,12355.271,nT
2026-03-25T03:16:00.000Z,CMO,X,adjusted,channel,12348.385,nT
2026-03-25T03:17:00.000Z,CMO,X,adjusted,channel,12349.623,nT
2026-03-25T03:18:00.000Z,CMO,X,adjusted,channel,12348.645,nT
2026-03-25T03:19:00.000Z,CMO,X,adjusted,channel,12350.455,nT
2026-03-25T03:20:00.000Z,CMO,X,adjusted,channel,12347.242,nT
2026-03-25T03:21:00.000Z,CMO,X,adjusted,channel,12350.62,nT
2026-03-25T03:22:00.000Z,CMO,X,adjusted,channel,12355.229,nT
2026-03-25T03:23:00.000Z,CMO,X,adjusted,channel,12348.617,nT
2026-03-25T03:24:00.000Z,CMO,X,adjusted,channel,12340.726,nT
2026-03-25T03:25:00.000Z,CMO,X,adjusted,channel,12339.951,nT
2026-03-25T03:26:00.000Z,CMO,X,adjusted,channel,12332.818,nT
2026-03-25T03:27:00.000Z,CMO,X,adjusted,channel,12323.195,nT
2026-03-25T03:28:00.000Z,CMO,X,adjusted,channel,12314.932,nT
2026-03-25T03:29:00.000Z,CMO,X,adjusted,channel,12309.413,nT
2026-03-25T03:30:00.000Z,CMO,X,adjusted,channel,12303.27,nT
2026-03-25T03:31:00.000Z,CMO,X,adjusted,channel,12299.227,nT
2026-03-25T03:32:00.000Z,CMO,X,adjusted,channel,12294.161,nT
2026-03-25T03:33:00.000Z,CMO,X,adjusted,channel,12288.653,nT
2026-03-25T03:34:00.000Z,CMO,X,adjusted,channel,12290.375,nT
2026-03-25T03:35:00.000Z,CMO,X,adjusted,channel,12292.528,nT
2026-03-25T03:36:00.000Z,CMO,X,adjusted,channel,12293.302,nT
2026-03-25T03:37:00.000Z,CMO,X,adjusted,channel,12296.894,nT
2026-03-25T03:38:00.000Z,CMO,X,adjusted,channel,12289.723,nT
2026-03-25T03:39:00.000Z,CMO,X,adjusted,channel,12291.219,nT
2026-03-25T03:40:00.000Z,CMO,X,adjusted,channel,12296.736,nT
2026-03-25T03:41:00.000Z,CMO,X,adjusted,channel,12305.765,nT
2026-03-25T03:42:00.000Z,CMO,X,adjusted,channel,12311.94,nT
2026-03-25T03:43:00.000Z,CMO,X,adjusted,channel,12321.718,nT
2026-03-25T03:44:00.000Z,CMO,X,adjusted,channel,12334.974,nT
2026-03-25T03:45:00.000Z,CMO,X,adjusted,channel,12332.847,nT
2026-03-25T03:46:00.000Z,CMO,X,adjusted,channel,12325.719,nT
2026-03-25T03:47:00.000Z,CMO,X,adjusted,channel,12335.921,nT
2026-03-25T03:48:00.000Z,CMO,X,adjusted,channel,12345.02,nT
2026-03-25T03:49:00.000Z,CMO,X,adjusted,channel,12345.758,nT
2026-03-25T03:50:00.000Z,CMO,X,adjusted,channel,12351.977,nT
2026-03-25T03:51:00.000Z,CMO,X,adjusted,channel,12358.137,nT
2026-03-25T03:52:00.000Z,CMO,X,adjusted,channel,12355.926,nT
2026-03-25T03:53:00.000Z,CMO,X,adjusted,channel,12357.223,nT
2026-03-25T03:54:00.000Z,CMO,X,adjusted,channel,12363.932,nT
2026-03-25T03:55:00.000Z,CMO,X,adjusted,channel,12359.061,nT
2026-03-25T03:56:00.000Z,CMO,X,adjusted,channel,12355.642,nT
2026-03-25T03:57:00.000Z,CMO,X,adjusted,channel,12358.715,nT
2026-03-25T03:58:00.000Z,CMO,X,adjusted,channel,12354.732,nT
2026-03-25T03:59:00.000Z,CMO,X,adjusted,channel,12355.369,nT
2026-03-25T04:00:00.000Z,CMO,X,adjusted,channel,12354.884,nT
2026-03-25T04:01:00.000Z,CMO,X,adjusted,channel,12346.53,nT
2026-03-25T04:02:00.000Z,CMO,X,adjusted,channel,12350.27,nT
2026-03-25T04:03:00.000Z,CMO,X,adjusted,channel,12356.617,nT
2026-03-25T04:04:00.000Z,CMO,X,adjusted,channel,12357.973,nT
2026-03-25T04:05:00.000Z,CMO,X,adjusted,channel,12349.229,nT
2026-03-25T04:06:00.000Z,CMO,X,adjusted,channel,12341.863,nT
2026-03-25T04:07:00.000Z,CMO,X,adjusted,channel,12343.745,nT
2026-03-25T04:08:00.000Z,CMO,X,adjusted,channel,12341.214,nT
2026-03-25T04:09:00.000Z,CMO,X,adjusted,channel,12344.537,nT
2026-03-25T04:10:00.000Z,CMO,X,adjusted,channel,12348.95,nT
2026-03-25T04:11:00.000Z,CMO,X,adjusted,channel,12341.046,nT
2026-03-25T04:12:00.000Z,CMO,X,adjusted,channel,12340,nT
2026-03-25T04:13:00.000Z,CMO,X,adjusted,channel,12343.265,nT
2026-03-25T04:14:00.000Z,CMO,X,adjusted,channel,12329.618,nT
2026-03-25T04:15:00.000Z,CMO,X,adjusted,channel,12342.592,nT
2026-03-25T04:16:00.000Z,CMO,X,adjusted,channel,12344.762,nT
2026-03-25T04:17:00.000Z,CMO,X,adjusted,channel,12351.729,nT
2026-03-25T04:18:00.000Z,CMO,X,adjusted,channel,12349.885,nT
2026-03-25T04:19:00.000Z,CMO,X,adjusted,channel,12337.765,nT
2026-03-25T04:20:00.000Z,CMO,X,adjusted,channel,12340.084,nT
2026-03-25T04:21:00.000Z,CMO,X,adjusted,channel,12365.735,nT
2026-03-25T04:22:00.000Z,CMO,X,adjusted,channel,12367.69,nT
2026-03-25T04:23:00.000Z,CMO,X,adjusted,channel,12373.647,nT
2026-03-25T04:24:00.000Z,CMO,X,adjusted,channel,12385.061,nT
2026-03-25T04:25:00.000Z,CMO,X,adjusted,channel,12405.518,nT
2026-03-25T04:26:00.000Z,CMO,X,adjusted,channel,12415.06,nT
2026-03-25T04:27:00.000Z,CMO,X,adjusted,channel,12442.066,nT
2026-03-25T04:28:00.000Z,CMO,X,adjusted,channel,12454.923,nT
2026-03-25T04:29:00.000Z,CMO,X,adjusted,channel,12459.961,nT
2026-03-25T04:30:00.000Z,CMO,X,adjusted,channel,12455.584,nT
2026-03-25T04:31:00.000Z,CMO,X,adjusted,channel,12455.931,nT
2026-03-25T04:32:00.000Z,CMO,X,adjusted,channel,12459.087,nT
2026-03-25T04:33:00.000Z,CMO,X,adjusted,channel,12448.507,nT
2026-03-25T04:34:00.000Z,CMO,X,adjusted,channel,12434.603,nT
2026-03-25T04:35:00.000Z,CMO,X,adjusted,channel,12419.253,nT
2026-03-25T04:36:00.000Z,CMO,X,adjusted,channel,12395.304,nT
2026-03-25T04:37:00.000Z,CMO,X,adjusted,channel,12379.807,nT
2026-03-25T04:38:00.000Z,CMO,X,adjusted,channel,12360.005,nT
2026-03-25T04:39:00.000Z,CMO,X,adjusted,channel,12341.063,nT
2026-03-25T04:40:00.000Z,CMO,X,adjusted,channel,12329.288,nT
2026-03-25T04:41:00.000Z,CMO,X,adjusted,channel,12317.858,nT
2026-03-25T04:42:00.000Z,CMO,X,adjusted,channel,12301.395,nT
2026-03-25T04:43:00.000Z,CMO,X,adjusted,channel,12287.654,nT
2026-03-25T04:44:00.000Z,CMO,X,adjusted,channel,12281.977,nT
2026-03-25T04:45:00.000Z,CMO,X,adjusted,channel,12279.257,nT
2026-03-25T04:46:00.000Z,CMO,X,adjusted,channel,12273.673,nT
2026-03-25T04:47:00.000Z,CMO,X,adjusted,channel,12275.855,nT
2026-03-25T04:48:00.000Z,CMO,X,adjusted,channel,12276.583,nT
2026-03-25T04:49:00.000Z,CMO,X,adjusted,channel,12273.298,nT
2026-03-25T04:50:00.000Z,CMO,X,adjusted,channel,12270.528,nT
2026-03-25T04:51:00.000Z,CMO,X,adjusted,channel,12271.297,nT
2026-03-25T04:52:00.000Z,CMO,X,adjusted,channel,12274.32,nT
2026-03-25T04:53:00.000Z,CMO,X,adjusted,channel,12278.02,nT
2026-03-25T04:54:00.000Z,CMO,X,adjusted,channel,12279.391,nT
2026-03-25T04:55:00.000Z,CMO,X,adjusted,channel,12286.911,nT
2026-03-25T04:56:00.000Z,CMO,X,adjusted,channel,12295.654,nT
2026-03-25T04:57:00.000Z,CMO,X,adjusted,channel,12297.148,nT
2026-03-25T04:58:00.000Z,CMO,X,adjusted,channel,12305.043,nT
2026-03-25T04:59:00.000Z,CMO,X,adjusted,channel,12313.833,nT
2026-03-25T05:00:00.000Z,CMO,X,adjusted,channel,12318.559,nT
2026-03-25T05:01:00.000Z,CMO,X,adjusted,channel,12319.614,nT
2026-03-25T05:02:00.000Z,CMO,X,adjusted,channel,12317.799,nT
2026-03-25T05:03:00.000Z,CMO,X,adjusted,channel,12313.021,nT
2026-03-25T05:04:00.000Z,CMO,X,adjusted,channel,12307.63,nT
2026-03-25T05:05:00.000Z,CMO,X,adjusted,channel,12306.74,nT
2026-03-25T05:06:00.000Z,CMO,X,adjusted,channel,12307.733,nT
2026-03-25T05:07:00.000Z,CMO,X,adjusted,channel,12307.029,nT
2026-03-25T05:08:00.000Z,CMO,X,adjusted,channel,12304.449,nT
2026-03-25T05:09:00.000Z,CMO,X,adjusted,channel,12301.442,nT
2026-03-25T05:10:00.000Z,CMO,X,adjusted,channel,12305.009,nT
2026-03-25T05:11:00.000Z,CMO,X,adjusted,channel,12309.868,nT
2026-03-25T05:12:00.000Z,CMO,X,adjusted,channel,12309.883,nT
2026-03-25T05:13:00.000Z,CMO,X,adjusted,channel,12307,nT
2026-03-25T05:14:00.000Z,CMO,X,adjusted,channel,12302.429,nT
2026-03-25T05:15:00.000Z,CMO,X,adjusted,channel,12299.367,nT
2026-03-25T05:16:00.000Z,CMO,X,adjusted,channel,12304.003,nT
2026-03-25T05:17:00.000Z,CMO,X,adjusted,channel,12308.367,nT
2026-03-25T05:18:00.000Z,CMO,X,adjusted,channel,12314.685,nT
2026-03-25T05:19:00.000Z,CMO,X,adjusted,channel,12321.688,nT
2026-03-25T05:20:00.000Z,CMO,X,adjusted,channel,12324.561,nT
2026-03-25T05:21:00.000Z,CMO,X,adjusted,channel,12325.654,nT
2026-03-25T05:22:00.000Z,CMO,X,adjusted,channel,12325.598,nT
2026-03-25T05:23:00.000Z,CMO,X,adjusted,channel,12320.68,nT
2026-03-25T05:24:00.000Z,CMO,X,adjusted,channel,12315.555,nT
2026-03-25T05:25:00.000Z,CMO,X,adjusted,channel,12319.28,nT
2026-03-25T05:26:00.000Z,CMO,X,adjusted,channel,12327.588,nT
2026-03-25T05:27:00.000Z,CMO,X,adjusted,channel,12332.844,nT
2026-03-25T05:28:00.000Z,CMO,X,adjusted,channel,12330.45,nT
2026-03-25T05:29:00.000Z,CMO,X,adjusted,channel,12322.465,nT
2026-03-25T05:30:00.000Z,CMO,X,adjusted,channel,12317.604,nT
2026-03-25T05:31:00.000Z,CMO,X,adjusted,channel,12317.494,nT
2026-03-25T05:32:00.000Z,CMO,X,adjusted,channel,12321.688,nT
2026-03-25T05:33:00.000Z,CMO,X,adjusted,channel,12324.38,nT
2026-03-25T05:34:00.000Z,CMO,X,adjusted,channel,12325.272,nT
2026-03-25T05:35:00.000Z,CMO,X,adjusted,channel,12322.333,nT
2026-03-25T05:36:00.000Z,CMO,X,adjusted,channel,12311.52,nT
2026-03-25T05:37:00.000Z,CMO,X,adjusted,channel,12303.808,nT
2026-03-25T05:38:00.000Z,CMO,X,adjusted,channel,12305.541,nT
2026-03-25T05:39:00.000Z,CMO,X,adjusted,channel,12313.344,nT
2026-03-25T05:40:00.000Z,CMO,X,adjusted,channel,12317.48,nT
2026-03-25T05:41:00.000Z,CMO,X,adjusted,channel,12316.442,nT
2026-03-25T05:42:00.000Z,CMO,X,adjusted,channel,12315.708,nT
2026-03-25T05:43:00.000Z,CMO,X,adjusted,channel,12319.74,nT
2026-03-25T05:44:00.000Z,CMO,X,adjusted,channel,12322.34,nT
2026-03-25T05:45:00.000Z,CMO,X,adjusted,channel,12315.664,nT
2026-03-25T05:46:00.000Z,CMO,X,adjusted,channel,12306.31,nT
2026-03-25T05:47:00.000Z,CMO,X,adjusted,channel,12297.355,nT
2026-03-25T05:48:00.000Z,CMO,X,adjusted,channel,12295.952,nT
2026-03-25T05:49:00.000Z,CMO,X,adjusted,channel,12303.148,nT
2026-03-25T05:50:00.000Z,CMO,X,adjusted,channel,12304.358,nT
2026-03-25T05:51:00.000Z,CMO,X,adjusted,channel,12299.78,nT
2026-03-25T05:52:00.000Z,CMO,X,adjusted,channel,12298.853,nT
2026-03-25T05:53:00.000Z,CMO,X,adjusted,channel,12298.754,nT
2026-03-25T05:54:00.000Z,CMO,X,adjusted,channel,12297.71,nT
2026-03-25T05:55:00.000Z,CMO,X,adjusted,channel,12295.435,nT
2026-03-25T05:56:00.000Z,CMO,X,adjusted,channel,12296.202,nT
2026-03-25T05:57:00.000Z,CMO,X,adjusted,channel,12300.341,nT
2026-03-25T05:58:00.000Z,CMO,X,adjusted,channel,12302.509,nT
2026-03-25T05:59:00.000Z,CMO,X,adjusted,channel,12300.022,nT
2026-03-25T06:00:00.000Z,CMO,X,adjusted,channel,12298.096,nT
2026-03-25T06:01:00.000Z,CMO,X,adjusted,channel,12299.998,nT
2026-03-25T06:02:00.000Z,CMO,X,adjusted,channel,12302.157,nT
2026-03-25T06:03:00.000Z,CMO,X,adjusted,channel,12303.521,nT
2026-03-25T06:04:00.000Z,CMO,X,adjusted,channel,12304.567,nT
2026-03-25T06:05:00.000Z,CMO,X,adjusted,channel,12304.964,nT
2026-03-25T06:06:00.000Z,CMO,X,adjusted,channel,12304.582,nT
2026-03-25T06:07:00.000Z,CMO,X,adjusted,channel,12303.214,nT
2026-03-25T06:08:00.000Z,CMO,X,adjusted,channel,12303.351,nT
2026-03-25T06:09:00.000Z,CMO,X,adjusted,channel,12303.745,nT
2026-03-25T06:10:00.000Z,CMO,X,adjusted,channel,12302.232,nT
2026-03-25T06:11:00.000Z,CMO,X,adjusted,channel,12301.987,nT
2026-03-25T06:12:00.000Z,CMO,X,adjusted,channel,12302.728,nT
2026-03-25T06:13:00.000Z,CMO,X,adjusted,channel,12301.221,nT
2026-03-25T06:14:00.000Z,CMO,X,adjusted,channel,12298.132,nT
2026-03-25T06:15:00.000Z,CMO,X,adjusted,channel,12297.302,nT
2026-03-25T06:16:00.000Z,CMO,X,adjusted,channel,12298.491,nT
2026-03-25T06:17:00.000Z,CMO,X,adjusted,channel,12298.391,nT
2026-03-25T06:18:00.000Z,CMO,X,adjusted,channel,12298.484,nT
2026-03-25T06:19:00.000Z,CMO,X,adjusted,channel,12299.889,nT
2026-03-25T06:20:00.000Z,CMO,X,adjusted,channel,12300.988,nT
2026-03-25T06:21:00.000Z,CMO,X,adjusted,channel,12301.304,nT
2026-03-25T06:22:00.000Z,CMO,X,adjusted,channel,12300.343,nT
2026-03-25T06:23:00.000Z,CMO,X,adjusted,channel,12299.006,nT
2026-03-25T06:24:00.000Z,CMO,X,adjusted,channel,12298.447,nT
2026-03-25T06:25:00.000Z,CMO,X,adjusted,channel,12298.444,nT
2026-03-25T06:26:00.000Z,CMO,X,adjusted,channel,12297.136,nT
2026-03-25T06:27:00.000Z,CMO,X,adjusted,channel,12294.015,nT
2026-03-25T06:28:00.000Z,CMO,X,adjusted,channel,12291.075,nT
2026-03-25T06:29:00.000Z,CMO,X,adjusted,channel,12291.459,nT
2026-03-25T06:30:00.000Z,CMO,X,adjusted,channel,12292.594,nT
2026-03-25T06:31:00.000Z,CMO,X,adjusted,channel,12282.365,nT
2026-03-25T06:32:00.000Z,CMO,X,adjusted,channel,12287.012,nT
2026-03-25T06:33:00.000Z,CMO,X,adjusted,channel,12312.295,nT
2026-03-25T06:34:00.000Z,CMO,X,adjusted,channel,12321.236,nT
2026-03-25T06:35:00.000Z,CMO,X,adjusted,channel,12327.902,nT
2026-03-25T06:36:00.000Z,CMO,X,adjusted,channel,12325.894,nT
2026-03-25T06:37:00.000Z,CMO,X,adjusted,channel,12324.361,nT
2026-03-25T06:38:00.000Z,CMO,X,adjusted,channel,12323.745,nT
2026-03-25T06:39:00.000Z,CMO,X,adjusted,channel,12329.687,nT
2026-03-25T06:40:00.000Z,CMO,X,adjusted,channel,12332.459,nT
2026-03-25T06:41:00.000Z,CMO,X,adjusted,channel,12331.039,nT
2026-03-25T06:42:00.000Z,CMO,X,adjusted,channel,12334.362,nT
2026-03-25T06:43:00.000Z,CMO,X,adjusted,channel,12336.088,nT
2026-03-25T06:44:00.000Z,CMO,X,adjusted,channel,12334.748,nT
2026-03-25T06:45:00.000Z,CMO,X,adjusted,channel,12336.225,nT
2026-03-25T06:46:00.000Z,CMO,X,adjusted,channel,12339.771,nT
2026-03-25T06:47:00.000Z,CMO,X,adjusted,channel,12341.733,nT
2026-03-25T06:48:00.000Z,CMO,X,adjusted,channel,12336.725,nT
2026-03-25T06:49:00.000Z,CMO,X,adjusted,channel,12337.321,nT
2026-03-25T06:50:00.000Z,CMO,X,adjusted,channel,12344.142,nT
2026-03-25T06:51:00.000Z,CMO,X,adjusted,channel,12345.562,nT
2026-03-25T06:52:00.000Z,CMO,X,adjusted,channel,12347.912,nT
2026-03-25T06:53:00.000Z,CMO,X,adjusted,channel,12342.664,nT
2026-03-25T06:54:00.000Z,CMO,X,adjusted,channel,12338.488,nT
2026-03-25T06:55:00.000Z,CMO,X,adjusted,channel,12339.145,nT
2026-03-25T06:56:00.000Z,CMO,X,adjusted,channel,12340.104,nT
2026-03-25T06:57:00.000Z,CMO,X,adjusted,channel,12347.518,nT
2026-03-25T06:58:00.000Z,CMO,X,adjusted,channel,12344.103,nT
2026-03-25T06:59:00.000Z,CMO,X,adjusted,channel,12338.947,nT
2026-03-25T07:00:00.000Z,CMO,X,adjusted,channel,12341.061,nT
2026-03-25T07:01:00.000Z,CMO,X,adjusted,channel,12349.531,nT
2026-03-25T07:02:00.000Z,CMO,X,adjusted,channel,12361.587,nT
2026-03-25T07:03:00.000Z,CMO,X,adjusted,channel,12356.905,nT
2026-03-25T07:04:00.000Z,CMO,X,adjusted,channel,12361.308,nT
2026-03-25T07:05:00.000Z,CMO,X,adjusted,channel,12374.2,nT
2026-03-25T07:06:00.000Z,CMO,X,adjusted,channel,12363.448,nT
2026-03-25T07:07:00.000Z,CMO,X,adjusted,channel,12356.189,nT
2026-03-25T07:08:00.000Z,CMO,X,adjusted,channel,12369.766,nT
2026-03-25T07:09:00.000Z,CMO,X,adjusted,channel,12364.599,nT
2026-03-25T07:10:00.000Z,CMO,X,adjusted,channel,12353.158,nT
2026-03-25T07:11:00.000Z,CMO,X,adjusted,channel,12345.158,nT
2026-03-25T07:12:00.000Z,CMO,X,adjusted,channel,12340.664,nT
2026-03-25T07:13:00.000Z,CMO,X,adjusted,channel,12322.89,nT
2026-03-25T07:14:00.000Z,CMO,X,adjusted,channel,12306.937,nT
2026-03-25T07:15:00.000Z,CMO,X,adjusted,channel,12299.484,nT
2026-03-25T07:16:00.000Z,CMO,X,adjusted,channel,12306.119,nT
2026-03-25T07:17:00.000Z,CMO,X,adjusted,channel,12308.824,nT
2026-03-25T07:18:00.000Z,CMO,X,adjusted,channel,12294.428,nT
2026-03-25T07:19:00.000Z,CMO,X,adjusted,channel,12281.586,nT
2026-03-25T07:20:00.000Z,CMO,X,adjusted,channel,12286.42,nT
2026-03-25T07:21:00.000Z,CMO,X,adjusted,channel,12295.604,nT
2026-03-25T07:22:00.000Z,CMO,X,adjusted,channel,12287.711,nT
2026-03-25T07:23:00.000Z,CMO,X,adjusted,channel,12286.83,nT
2026-03-25T07:24:00.000Z,CMO,X,adjusted,channel,12290.552,nT
2026-03-25T07:25:00.000Z,CMO,X,adjusted,channel,12267.091,nT
2026-03-25T07:26:00.000Z,CMO,X,adjusted,channel,12262.758,nT
2026-03-25T07:27:00.000Z,CMO,X,adjusted,channel,12316.373,nT
2026-03-25T07:28:00.000Z,CMO,X,adjusted,channel,12348.666,nT
2026-03-25T07:29:00.000Z,CMO,X,adjusted,channel,12318.832,nT
2026-03-25T07:30:00.000Z,CMO,X,adjusted,channel,12315.026,nT
2026-03-25T07:31:00.000Z,CMO,X,adjusted,channel,12324.465,nT
2026-03-25T07:32:00.000Z,CMO,X,adjusted,channel,12374.942,nT
2026-03-25T07:33:00.000Z,CMO,X,adjusted,channel,12390.238,nT
2026-03-25T07:34:00.000Z,CMO,X,adjusted,channel,12382.72,nT
2026-03-25T07:35:00.000Z,CMO,X,adjusted,channel,12397.51,nT
2026-03-25T07:36:00.000Z,CMO,X,adjusted,channel,12387.775,nT
2026-03-25T07:37:00.000Z,CMO,X,adjusted,channel,12387.772,nT
2026-03-25T07:38:00.000Z,CMO,X,adjusted,channel,12386.774,nT
2026-03-25T07:39:00.000Z,CMO,X,adjusted,channel,12399.368,nT
2026-03-25T07:40:00.000Z,CMO,X,adjusted,channel,12408.27,nT
2026-03-25T07:41:00.000Z,CMO,X,adjusted,channel,12396.862,nT
2026-03-25T07:42:00.000Z,CMO,X,adjusted,channel,12373.815,nT
2026-03-25T07:43:00.000Z,CMO,X,adjusted,channel,12359.309,nT
2026-03-25T07:44:00.000Z,CMO,X,adjusted,channel,12351.156,nT
2026-03-25T07:45:00.000Z,CMO,X,adjusted,channel,12353.484,nT
2026-03-25T07:46:00.000Z,CMO,X,adjusted,channel,12372.501,nT
2026-03-25T07:47:00.000Z,CMO,X,adjusted,channel,12373.969,nT
2026-03-25T07:48:00.000Z,CMO,X,adjusted,channel,12364.714,nT
2026-03-25T07:49:00.000Z,CMO,X,adjusted,channel,12364.566,nT
2026-03-25T07:50:00.000Z,CMO,X,adjusted,channel,12356.102,nT
2026-03-25T07:51:00.000Z,CMO,X,adjusted,channel,12345.212,nT
2026-03-25T07:52:00.000Z,CMO,X,adjusted,channel,12324.852,nT
2026-03-25T07:53:00.000Z,CMO,X,adjusted,channel,12312.71,nT
2026-03-25T07:54:00.000Z,CMO,X,adjusted,channel,12308.012,nT
2026-03-25T07:55:00.000Z,CMO,X,adjusted,channel,12299.665,nT
2026-03-25T07:56:00.000Z,CMO,X,adjusted,channel,12293.09,nT
2026-03-25T07:57:00.000Z,CMO,X,adjusted,channel,12274.398,nT
2026-03-25T07:58:00.000Z,CMO,X,adjusted,channel,12251.143,nT
2026-03-25T07:59:00.000Z,CMO,X,adjusted,channel,12235.186,nT
2026-03-25T08:00:00.000Z,CMO,X,adjusted,channel,12165.782,nT
2026-03-25T08:01:00.000Z,CMO,X,adjusted,channel,12058.386,nT
2026-03-25T08:02:00.000Z,CMO,X,adjusted,channel,12115.522,nT
2026-03-25T08:03:00.000Z,CMO,X,adjusted,channel,12191.228,nT
2026-03-25T08:04:00.000Z,CMO,X,adjusted,channel,12282.541,nT
2026-03-25T08:05:00.000Z,CMO,X,adjusted,channel,12279.841,nT
2026-03-25T08:06:00.000Z,CMO,X,adjusted,channel,12141.091,nT
2026-03-25T08:07:00.000Z,CMO,X,adjusted,channel,11974.522,nT
2026-03-25T08:08:00.000Z,CMO,X,adjusted,channel,11834.512,nT
2026-03-25T08:09:00.000Z,CMO,X,adjusted,channel,11757.036,nT
2026-03-25T08:10:00.000Z,CMO,X,adjusted,channel,11798.271,nT
2026-03-25T08:11:00.000Z,CMO,X,adjusted,channel,11630.903,nT
2026-03-25T08:12:00.000Z,CMO,X,adjusted,channel,11536.3,nT
2026-03-25T08:13:00.000Z,CMO,X,adjusted,channel,11487.18,nT
2026-03-25T08:14:00.000Z,CMO,X,adjusted,channel,11620.693,nT
2026-03-25T08:15:00.000Z,CMO,X,adjusted,channel,11614.963,nT
2026-03-25T08:16:00.000Z,CMO,X,adjusted,channel,11737.317,nT
2026-03-25T08:17:00.000Z,CMO,X,adjusted,channel,11891.578,nT
2026-03-25T08:18:00.000Z,CMO,X,adjusted,channel,11954.95,nT
2026-03-25T08:19:00.000Z,CMO,X,adjusted,channel,11782.714,nT
2026-03-25T08:20:00.000Z,CMO,X,adjusted,channel,11575.054,nT
2026-03-25T08:21:00.000Z,CMO,X,adjusted,channel,11504.943,nT
2026-03-25T08:22:00.000Z,CMO,X,adjusted,channel,11527.69,nT
2026-03-25T08:23:00.000Z,CMO,X,adjusted,channel,11595.1,nT
2026-03-25T08:24:00.000Z,CMO,X,adjusted,channel,11689.922,nT
2026-03-25T08:25:00.000Z,CMO,X,adjusted,channel,11712.729,nT
2026-03-25T08:26:00.000Z,CMO,X,adjusted,channel,11844.534,nT
2026-03-25T08:27:00.000Z,CMO,X,adjusted,channel,11955.343,nT
2026-03-25T08:28:00.000Z,CMO,X,adjusted,channel,11995.093,nT
2026-03-25T08:29:00.000Z,CMO,X,adjusted,channel,12028.852,nT
2026-03-25T08:30:00.000Z,CMO,X,adjusted,channel,12000.79,nT
2026-03-25T08:31:00.000Z,CMO,X,adjusted,channel,11838.994,nT
2026-03-25T08:32:00.000Z,CMO,X,adjusted,channel,11751.424,nT
2026-03-25T08:33:00.000Z,CMO,X,adjusted,channel,11716.897,nT
2026-03-25T08:34:00.000Z,CMO,X,adjusted,channel,11678.924,nT
2026-03-25T08:35:00.000Z,CMO,X,adjusted,channel,11648.679,nT
2026-03-25T08:36:00.000Z,CMO,X,adjusted,channel,11651.746,nT
2026-03-25T08:37:00.000Z,CMO,X,adjusted,channel,11630.264,nT
2026-03-25T08:38:00.000Z,CMO,X,adjusted,channel,11716.394,nT
2026-03-25T08:39:00.000Z,CMO,X,adjusted,channel,11711.613,nT
2026-03-25T08:40:00.000Z,CMO,X,adjusted,channel,11793.459,nT
2026-03-25T08:41:00.000Z,CMO,X,adjusted,channel,11889.905,nT
2026-03-25T08:42:00.000Z,CMO,X,adjusted,channel,11994.319,nT
2026-03-25T08:43:00.000Z,CMO,X,adjusted,channel,12056.43,nT
2026-03-25T08:44:00.000Z,CMO,X,adjusted,channel,12189.092,nT
2026-03-25T08:45:00.000Z,CMO,X,adjusted,channel,12250.345,nT
2026-03-25T08:46:00.000Z,CMO,X,adjusted,channel,12312.976,nT
2026-03-25T08:47:00.000Z,CMO,X,adjusted,channel,12339.548,nT
2026-03-25T08:48:00.000Z,CMO,X,adjusted,channel,12310.176,nT
2026-03-25T08:49:00.000Z,CMO,X,adjusted,channel,12298.987,nT
2026-03-25T08:50:00.000Z,CMO,X,adjusted,channel,12307.899,nT
2026-03-25T08:51:00.000Z,CMO,X,adjusted,channel,12265.04,nT
2026-03-25T08:52:00.000Z,CMO,X,adjusted,channel,12297.928,nT
2026-03-25T08:53:00.000Z,CMO,X,adjusted,channel,12290.52,nT
2026-03-25T08:54:00.000Z,CMO,X,adjusted,channel,12289.722,nT
2026-03-25T08:55:00.000Z,CMO,X,adjusted,channel,12286.383,nT
2026-03-25T08:56:00.000Z,CMO,X,adjusted,channel,12250.659,nT
2026-03-25T08:57:00.000Z,CMO,X,adjusted,channel,12222.447,nT
2026-03-25T08:58:00.000Z,CMO,X,adjusted,channel,12196.467,nT
2026-03-25T08:59:00.000Z,CMO,X,adjusted,channel,12195.593,nT
2026-03-25T09:00:00.000Z,CMO,X,adjusted,channel,12180.074,nT
2026-03-25T09:01:00.000Z,CMO,X,adjusted,channel,12172.818,nT
2026-03-25T09:02:00.000Z,CMO,X,adjusted,channel,12165.511,nT
2026-03-25T09:03:00.000Z,CMO,X,adjusted,channel,12142.782,nT
2026-03-25T09:04:00.000Z,CMO,X,adjusted,channel,12159.494,nT
2026-03-25T09:05:00.000Z,CMO,X,adjusted,channel,12168.9,nT
2026-03-25T09:06:00.000Z,CMO,X,adjusted,channel,12145.776,nT
2026-03-25T09:07:00.000Z,CMO,X,adjusted,channel,12136.106,nT
2026-03-25T09:08:00.000Z,CMO,X,adjusted,channel,12151.043,nT
2026-03-25T09:09:00.000Z,CMO,X,adjusted,channel,12146.23,nT
2026-03-25T09:10:00.000Z,CMO,X,adjusted,channel,12146.12,nT
2026-03-25T09:11:00.000Z,CMO,X,adjusted,channel,12144.356,nT
2026-03-25T09:12:00.000Z,CMO,X,adjusted,channel,12122.223,nT
2026-03-25T09:13:00.000Z,CMO,X,adjusted,channel,12120.654,nT
2026-03-25T09:14:00.000Z,CMO,X,adjusted,channel,12145.884,nT
2026-03-25T09:15:00.000Z,CMO,X,adjusted,channel,12172.76,nT
2026-03-25T09:16:00.000Z,CMO,X,adjusted,channel,12205.657,nT
2026-03-25T09:17:00.000Z,CMO,X,adjusted,channel,12241.114,nT
2026-03-25T09:18:00.000Z,CMO,X,adjusted,channel,12257.733,nT
2026-03-25T09:19:00.000Z,CMO,X,adjusted,channel,12229.062,nT
2026-03-25T09:20:00.000Z,CMO,X,adjusted,channel,12204.361,nT
2026-03-25T09:21:00.000Z,CMO,X,adjusted,channel,12200.586,nT
2026-03-25T09:22:00.000Z,CMO,X,adjusted,channel,12190.215,nT
2026-03-25T09:23:00.000Z,CMO,X,adjusted,channel,12186.146,nT
2026-03-25T09:24:00.000Z,CMO,X,adjusted,channel,12169.823,nT
2026-03-25T09:25:00.000Z,CMO,X,adjusted,channel,12155.255,nT
2026-03-25T09:26:00.000Z,CMO,X,adjusted,channel,12136.532,nT
2026-03-25T09:27:00.000Z,CMO,X,adjusted,channel,12112.33,nT
2026-03-25T09:28:00.000Z,CMO,X,adjusted,channel,12104.156,nT
2026-03-25T09:29:00.000Z,CMO,X,adjusted,channel,12112.896,nT
2026-03-25T09:30:00.000Z,CMO,X,adjusted,channel,12162.851,nT
2026-03-25T09:31:00.000Z,CMO,X,adjusted,channel,12194.098,nT
2026-03-25T09:32:00.000Z,CMO,X,adjusted,channel,12219.904,nT
2026-03-25T09:33:00.000Z,CMO,X,adjusted,channel,12212.173,nT
2026-03-25T09:34:00.000Z,CMO,X,adjusted,channel,12180.25,nT
2026-03-25T09:35:00.000Z,CMO,X,adjusted,channel,12153.243,nT
2026-03-25T09:36:00.000Z,CMO,X,adjusted,channel,12127.55,nT
2026-03-25T09:37:00.000Z,CMO,X,adjusted,channel,12121.193,nT
2026-03-25T09:38:00.000Z,CMO,X,adjusted,channel,12121.028,nT
2026-03-25T09:39:00.000Z,CMO,X,adjusted,channel,12110.543,nT
2026-03-25T09:40:00.000Z,CMO,X,adjusted,channel,12104.892,nT
2026-03-25T09:41:00.000Z,CMO,X,adjusted,channel,12096.65,nT
2026-03-25T09:42:00.000Z,CMO,X,adjusted,channel,12083.4,nT
2026-03-25T09:43:00.000Z,CMO,X,adjusted,channel,12094.666,nT
2026-03-25T09:44:00.000Z,CMO,X,adjusted,channel,12110.837,nT
2026-03-25T09:45:00.000Z,CMO,X,adjusted,channel,12135.222,nT
2026-03-25T09:46:00.000Z,CMO,X,adjusted,channel,12156.609,nT
2026-03-25T09:47:00.000Z,CMO,X,adjusted,channel,12181.927,nT
2026-03-25T09:48:00.000Z,CMO,X,adjusted,channel,12207.456,nT
2026-03-25T09:49:00.000Z,CMO,X,adjusted,channel,12207.505,nT
2026-03-25T09:50:00.000Z,CMO,X,adjusted,channel,12219.224,nT
2026-03-25T09:51:00.000Z,CMO,X,adjusted,channel,12212.075,nT
2026-03-25T09:52:00.000Z,CMO,X,adjusted,channel,12208.256,nT
2026-03-25T09:53:00.000Z,CMO,X,adjusted,channel,12210.109,nT
2026-03-25T09:54:00.000Z,CMO,X,adjusted,channel,12209.17,nT
2026-03-25T09:55:00.000Z,CMO,X,adjusted,channel,12228.57,nT
2026-03-25T09:56:00.000Z,CMO,X,adjusted,channel,12251.141,nT
2026-03-25T09:57:00.000Z,CMO,X,adjusted,channel,12270.825,nT
2026-03-25T09:58:00.000Z,CMO,X,adjusted,channel,12278.424,nT
2026-03-25T09:59:00.000Z,CMO,X,adjusted,channel,12289.664,nT
2026-03-25T10:00:00.000Z,CMO,X,adjusted,channel,12301.982,nT
2026-03-25T10:01:00.000Z,CMO,X,adjusted,channel,12314.295,nT
2026-03-25T10:02:00.000Z,CMO,X,adjusted,channel,12330.918,nT
2026-03-25T10:03:00.000Z,CMO,X,adjusted,channel,12334.248,nT
2026-03-25T10:04:00.000Z,CMO,X,adjusted,channel,12324.157,nT
2026-03-25T10:05:00.000Z,CMO,X,adjusted,channel,12302.189,nT
2026-03-25T10:06:00.000Z,CMO,X,adjusted,channel,12291.931,nT
2026-03-25T10:07:00.000Z,CMO,X,adjusted,channel,12287.538,nT
2026-03-25T10:08:00.000Z,CMO,X,adjusted,channel,12285.313,nT
2026-03-25T10:09:00.000Z,CMO,X,adjusted,channel,12293.9,nT
2026-03-25T10:10:00.000Z,CMO,X,adjusted,channel,12308.191,nT
2026-03-25T10:11:00.000Z,CMO,X,adjusted,channel,12322.339,nT
2026-03-25T10:12:00.000Z,CMO,X,adjusted,channel,12331.826,nT
2026-03-25T10:13:00.000Z,CMO,X,adjusted,channel,12341.034,nT
2026-03-25T10:14:00.000Z,CMO,X,adjusted,channel,12339.098,nT
2026-03-25T10:15:00.000Z,CMO,X,adjusted,channel,12333.565,nT
2026-03-25T10:16:00.000Z,CMO,X,adjusted,channel,12334.324,nT
2026-03-25T10:17:00.000Z,CMO,X,adjusted,channel,12339.479,nT
2026-03-25T10:18:00.000Z,CMO,X,adjusted,channel,12329.881,nT
2026-03-25T10:19:00.000Z,CMO,X,adjusted,channel,12316.949,nT
2026-03-25T10:20:00.000Z,CMO,X,adjusted,channel,12337.116,nT
2026-03-25T10:21:00.000Z,CMO,X,adjusted,channel,12341.935,nT
2026-03-25T10:22:00.000Z,CMO,X,adjusted,channel,12334.915,nT
2026-03-25T10:23:00.000Z,CMO,X,adjusted,channel,12329.53,nT
2026-03-25T10:24:00.000Z,CMO,X,adjusted,channel,12320.135,nT
2026-03-25T10:25:00.000Z,CMO,X,adjusted,channel,12311.337,nT
2026-03-25T10:26:00.000Z,CMO,X,adjusted,channel,12309.281,nT
2026-03-25T10:27:00.000Z,CMO,X,adjusted,channel,12315.096,nT
2026-03-25T10:28:00.000Z,CMO,X,adjusted,channel,12326.61,nT
2026-03-25T10:29:00.000Z,CMO,X,adjusted,channel,12330.44,nT
2026-03-25T10:30:00.000Z,CMO,X,adjusted,channel,12318.049,nT
2026-03-25T10:31:00.000Z,CMO,X,adjusted,channel,12310.213,nT
2026-03-25T10:32:00.000Z,CMO,X,adjusted,channel,12305.291,nT
2026-03-25T10:33:00.000Z,CMO,X,adjusted,channel,12305.132,nT
2026-03-25T10:34:00.000Z,CMO,X,adjusted,channel,12315.579,nT
2026-03-25T10:35:00.000Z,CMO,X,adjusted,channel,12328.867,nT
2026-03-25T10:36:00.000Z,CMO,X,adjusted,channel,12336.259,nT
2026-03-25T10:37:00.000Z,CMO,X,adjusted,channel,12337.708,nT
2026-03-25T10:38:00.000Z,CMO,X,adjusted,channel,12332.129,nT
2026-03-25T10:39:00.000Z,CMO,X,adjusted,channel,12331.678,nT
2026-03-25T10:40:00.000Z,CMO,X,adjusted,channel,12328.276,nT
2026-03-25T10:41:00.000Z,CMO,X,adjusted,channel,12324.086,nT
2026-03-25T10:42:00.000Z,CMO,X,adjusted,channel,12327.818,nT
2026-03-25T10:43:00.000Z,CMO,X,adjusted,channel,12340.157,nT
2026-03-25T10:44:00.000Z,CMO,X,adjusted,channel,12364.131,nT
2026-03-25T10:45:00.000Z,CMO,X,adjusted,channel,12364.024,nT
2026-03-25T10:46:00.000Z,CMO,X,adjusted,channel,12348.534,nT
2026-03-25T10:47:00.000Z,CMO,X,adjusted,channel,12343.563,nT
2026-03-25T10:48:00.000Z,CMO,X,adjusted,channel,12340.599,nT
2026-03-25T10:49:00.000Z,CMO,X,adjusted,channel,12337.561,nT
2026-03-25T10:50:00.000Z,CMO,X,adjusted,channel,12335.396,nT
2026-03-25T10:51:00.000Z,CMO,X,adjusted,channel,12331.655,nT
2026-03-25T10:52:00.000Z,CMO,X,adjusted,channel,12324.76,nT
2026-03-25T10:53:00.000Z,CMO,X,adjusted,channel,12318.579,nT
2026-03-25T10:54:00.000Z,CMO,X,adjusted,channel,12313.632,nT
2026-03-25T10:55:00.000Z,CMO,X,adjusted,channel,12299.808,nT
2026-03-25T10:56:00.000Z,CMO,X,adjusted,channel,12284.742,nT
2026-03-25T10:57:00.000Z,CMO,X,adjusted,channel,12285.799,nT
2026-03-25T10:58:00.000Z,CMO,X,adjusted,channel,12297.405,nT
2026-03-25T10:59:00.000Z,CMO,X,adjusted,channel,12293.745,nT
2026-03-25T11:00:00.000Z,CMO,X,adjusted,channel,12285.116,nT
2026-03-25T11:01:00.000Z,CMO,X,adjusted,channel,12265.962,nT
2026-03-25T11:02:00.000Z,CMO,X,adjusted,channel,12255.608,nT
2026-03-25T11:03:00.000Z,CMO,X,adjusted,channel,12265.438,nT
2026-03-25T11:04:00.000Z,CMO,X,adjusted,channel,12266.569,nT
2026-03-25T11:05:00.000Z,CMO,X,adjusted,channel,12267.005,nT
2026-03-25T11:06:00.000Z,CMO,X,adjusted,channel,12264.143,nT
2026-03-25T11:07:00.000Z,CMO,X,adjusted,channel,12265.228,nT
2026-03-25T11:08:00.000Z,CMO,X,adjusted,channel,12262.206,nT
2026-03-25T11:09:00.000Z,CMO,X,adjusted,channel,12282.611,nT
2026-03-25T11:10:00.000Z,CMO,X,adjusted,channel,12280.911,nT
2026-03-25T11:11:00.000Z,CMO,X,adjusted,channel,12253.909,nT
2026-03-25T11:12:00.000Z,CMO,X,adjusted,channel,12228.581,nT
2026-03-25T11:13:00.000Z,CMO,X,adjusted,channel,12210.233,nT
2026-03-25T11:14:00.000Z,CMO,X,adjusted,channel,12184.204,nT
2026-03-25T11:15:00.000Z,CMO,X,adjusted,channel,12195.997,nT
2026-03-25T11:16:00.000Z,CMO,X,adjusted,channel,12206.956,nT
2026-03-25T11:17:00.000Z,CMO,X,adjusted,channel,12217.67,nT
2026-03-25T11:18:00.000Z,CMO,X,adjusted,channel,12233.497,nT
2026-03-25T11:19:00.000Z,CMO,X,adjusted,channel,12253.51,nT
2026-03-25T11:20:00.000Z,CMO,X,adjusted,channel,12269.225,nT
2026-03-25T11:21:00.000Z,CMO,X,adjusted,channel,12272.96,nT
2026-03-25T11:22:00.000Z,CMO,X,adjusted,channel,12292.295,nT
2026-03-25T11:23:00.000Z,CMO,X,adjusted,channel,12298.889,nT
2026-03-25T11:24:00.000Z,CMO,X,adjusted,channel,12307.209,nT
2026-03-25T11:25:00.000Z,CMO,X,adjusted,channel,12290.791,nT
2026-03-25T11:26:00.000Z,CMO,X,adjusted,channel,12298.919,nT
2026-03-25T11:27:00.000Z,CMO,X,adjusted,channel,12309.697,nT
2026-03-25T11:28:00.000Z,CMO,X,adjusted,channel,12304.389,nT
2026-03-25T11:29:00.000Z,CMO,X,adjusted,channel,12307.348,nT
2026-03-25T11:30:00.000Z,CMO,X,adjusted,channel,12323.809,nT
2026-03-25T11:31:00.000Z,CMO,X,adjusted,channel,12342.137,nT
2026-03-25T11:32:00.000Z,CMO,X,adjusted,channel,12348.388,nT
2026-03-25T11:33:00.000Z,CMO,X,adjusted,channel,12355.918,nT
2026-03-25T11:34:00.000Z,CMO,X,adjusted,channel,12355.655,nT
2026-03-25T11:35:00.000Z,CMO,X,adjusted,channel,12355.905,nT
2026-03-25T11:36:00.000Z,CMO,X,adjusted,channel,12361.827,nT
2026-03-25T11:37:00.000Z,CMO,X,adjusted,channel,12371.625,nT
2026-03-25T11:38:00.000Z,CMO,X,adjusted,channel,12391.643,nT
2026-03-25T11:39:00.000Z,CMO,X,adjusted,channel,12393.683,nT
2026-03-25T11:40:00.000Z,CMO,X,adjusted,channel,12385.37,nT
2026-03-25T11:41:00.000Z,CMO,X,adjusted,channel,12372.28,nT
2026-03-25T11:42:00.000Z,CMO,X,adjusted,channel,12349.407,nT
2026-03-25T11:43:00.000Z,CMO,X,adjusted,channel,12327.719,nT
2026-03-25T11:44:00.000Z,CMO,X,adjusted,channel,12332.352,nT
2026-03-25T11:45:00.000Z,CMO,X,adjusted,channel,12353.633,nT
2026-03-25T11:46:00.000Z,CMO,X,adjusted,channel,12361.331,nT
2026-03-25T11:47:00.000Z,CMO,X,adjusted,channel,12361.336,nT
2026-03-25T11:48:00.000Z,CMO,X,adjusted,channel,12364.826,nT
2026-03-25T11:49:00.000Z,CMO,X,adjusted,channel,12381.54,nT
2026-03-25T11:50:00.000Z,CMO,X,adjusted,channel,12390.725,nT
2026-03-25T11:51:00.000Z,CMO,X,adjusted,channel,12391.078,nT
2026-03-25T11:52:00.000Z,CMO,X,adjusted,channel,12394.526,nT
2026-03-25T11:53:00.000Z,CMO,X,adjusted,channel,12397.242,nT
2026-03-25T11:54:00.000Z,CMO,X,adjusted,channel,12396.231,nT
2026-03-25T11:55:00.000Z,CMO,X,adjusted,channel,12387.54,nT
2026-03-25T11:56:00.000Z,CMO,X,adjusted,channel,12375.421,nT
2026-03-25T11:57:00.000Z,CMO,X,adjusted,channel,12377.328,nT
2026-03-25T11:58:00.000Z,CMO,X,adjusted,channel,12378.971,nT
2026-03-25T11:59:00.000Z,CMO,X,adjusted,channel,12379.257,nT
2026-03-25T12:00:00.000Z,CMO,X,adjusted,channel,12371.674,nT
2026-03-25T12:01:00.000Z,CMO,X,adjusted,channel,12362.012,nT
2026-03-25T12:02:00.000Z,CMO,X,adjusted,channel,12353.562,nT
2026-03-25T12:03:00.000Z,CMO,X,adjusted,channel,12349.66,nT
2026-03-25T12:04:00.000Z,CMO,X,adjusted,channel,12349.449,nT
2026-03-25T12:05:00.000Z,CMO,X,adjusted,channel,12347.498,nT
2026-03-25T12:06:00.000Z,CMO,X,adjusted,channel,12344.864,nT
2026-03-25T12:07:00.000Z,CMO,X,adjusted,channel,12343.96,nT
2026-03-25T12:08:00.000Z,CMO,X,adjusted,channel,12336.396,nT
2026-03-25T12:09:00.000Z,CMO,X,adjusted,channel,12332.743,nT
2026-03-25T12:10:00.000Z,CMO,X,adjusted,channel,12337.447,nT
2026-03-25T12:11:00.000Z,CMO,X,adjusted,channel,12340.584,nT
2026-03-25T12:12:00.000Z,CMO,X,adjusted,channel,12341.956,nT
2026-03-25T12:13:00.000Z,CMO,X,adjusted,channel,12343.504,nT
2026-03-25T12:14:00.000Z,CMO,X,adjusted,channel,12343.386,nT
2026-03-25T12:15:00.000Z,CMO,X,adjusted,channel,12341.842,nT
2026-03-25T12:16:00.000Z,CMO,X,adjusted,channel,12342.425,nT
2026-03-25T12:17:00.000Z,CMO,X,adjusted,channel,12347.144,nT
2026-03-25T12:18:00.000Z,CMO,X,adjusted,channel,12349.812,nT
2026-03-25T12:19:00.000Z,CMO,X,adjusted,channel,12350.385,nT
2026-03-25T12:20:00.000Z,CMO,X,adjusted,channel,12358.539,nT
2026-03-25T12:21:00.000Z,CMO,X,adjusted,channel,12363.994,nT
2026-03-25T12:22:00.000Z,CMO,X,adjusted,channel,12358.347,nT
2026-03-25T12:23:00.000Z,CMO,X,adjusted,channel,12350.288,nT
2026-03-25T12:24:00.000Z,CMO,X,adjusted,channel,12348.105,nT
2026-03-25T12:25:00.000Z,CMO,X,adjusted,channel,12342.737,nT
2026-03-25T12:26:00.000Z,CMO,X,adjusted,channel,12339.359,nT
2026-03-25T12:27:00.000Z,CMO,X,adjusted,channel,12336.291,nT
2026-03-25T12:28:00.000Z,CMO,X,adjusted,channel,12333.411,nT
2026-03-25T12:29:00.000Z,CMO,X,adjusted,channel,12331.509,nT
2026-03-25T12:30:00.000Z,CMO,X,adjusted,channel,12329.679,nT
2026-03-25T12:31:00.000Z,CMO,X,adjusted,channel,12330.416,nT
2026-03-25T12:32:00.000Z,CMO,X,adjusted,channel,12331.421,nT
2026-03-25T12:33:00.000Z,CMO,X,adjusted,channel,12333.649,nT
2026-03-25T12:34:00.000Z,CMO,X,adjusted,channel,12333.003,nT
2026-03-25T12:35:00.000Z,CMO,X,adjusted,channel,12328.957,nT
2026-03-25T12:36:00.000Z,CMO,X,adjusted,channel,12320.703,nT
2026-03-25T12:37:00.000Z,CMO,X,adjusted,channel,12310.087,nT
2026-03-25T12:38:00.000Z,CMO,X,adjusted,channel,12302.804,nT
2026-03-25T12:39:00.000Z,CMO,X,adjusted,channel,12303.316,nT
2026-03-25T12:40:00.000Z,CMO,X,adjusted,channel,12307.683,nT
2026-03-25T12:41:00.000Z,CMO,X,adjusted,channel,12310.43,nT
2026-03-25T12:42:00.000Z,CMO,X,adjusted,channel,12306.949,nT
2026-03-25T12:43:00.000Z,CMO,X,adjusted,channel,12299.799,nT
2026-03-25T12:44:00.000Z,CMO,X,adjusted,channel,12296.441,nT
2026-03-25T12:45:00.000Z,CMO,X,adjusted,channel,12293.537,nT
2026-03-25T12:46:00.000Z,CMO,X,adjusted,channel,12295.289,nT
2026-03-25T12:47:00.000Z,CMO,X,adjusted,channel,12297.177,nT
2026-03-25T12:48:00.000Z,CMO,X,adjusted,channel,12296.869,nT
2026-03-25T12:49:00.000Z,CMO,X,adjusted,channel,12298.037,nT
2026-03-25T12:50:00.000Z,CMO,X,adjusted,channel,12299.992,nT
2026-03-25T12:51:00.000Z,CMO,X,adjusted,channel,12298.826,nT
2026-03-25T12:52:00.000Z,CMO,X,adjusted,channel,12294.369,nT
2026-03-25T12:53:00.000Z,CMO,X,adjusted,channel,12296.73,nT
2026-03-25T12:54:00.000Z,CMO,X,adjusted,channel,12301.028,nT
2026-03-25T12:55:00.000Z,CMO,X,adjusted,channel,12303.794,nT
2026-03-25T12:56:00.000Z,CMO,X,adjusted,channel,12304.421,nT
2026-03-25T12:57:00.000Z,CMO,X,adjusted,channel,12304.189,nT
2026-03-25T12:58:00.000Z,CMO,X,adjusted,channel,12303.937,nT
2026-03-25T12:59:00.000Z,CMO,X,adjusted,channel,12308.098,nT
2026-03-25T13:00:00.000Z,CMO,X,adjusted,channel,12308.719,nT
2026-03-25T13:01:00.000Z,CMO,X,adjusted,channel,12302.983,nT
2026-03-25T13:02:00.000Z,CMO,X,adjusted,channel,12298.48,nT
2026-03-25T13:03:00.000Z,CMO,X,adjusted,channel,12299.201,nT
2026-03-25T13:04:00.000Z,CMO,X,adjusted,channel,12303.933,nT
2026-03-25T13:05:00.000Z,CMO,X,adjusted,channel,12308.23,nT
2026-03-25T13:06:00.000Z,CMO,X,adjusted,channel,12309.884,nT
2026-03-25T13:07:00.000Z,CMO,X,adjusted,channel,12311.423,nT
2026-03-25T13:08:00.000Z,CMO,X,adjusted,channel,12310.893,nT
2026-03-25T13:09:00.000Z,CMO,X,adjusted,channel,12307.198,nT
2026-03-25T13:10:00.000Z,CMO,X,adjusted,channel,12303.586,nT
2026-03-25T13:11:00.000Z,CMO,X,adjusted,channel,12300.22,nT
2026-03-25T13:12:00.000Z,CMO,X,adjusted,channel,12298.968,nT
2026-03-25T13:13:00.000Z,CMO,X,adjusted,channel,12300.107,nT
2026-03-25T13:14:00.000Z,CMO,X,adjusted,channel,12299.113,nT
2026-03-25T13:15:00.000Z,CMO,X,adjusted,channel,12296.147,nT
2026-03-25T13:16:00.000Z,CMO,X,adjusted,channel,12292.009,nT
2026-03-25T13:17:00.000Z,CMO,X,adjusted,channel,12287.009,nT
2026-03-25T13:18:00.000Z,CMO,X,adjusted,channel,12284.714,nT
2026-03-25T13:19:00.000Z,CMO,X,adjusted,channel,12284.159,nT
2026-03-25T13:20:00.000Z,CMO,X,adjusted,channel,12284.499,nT
2026-03-25T13:21:00.000Z,CMO,X,adjusted,channel,12283.973,nT
2026-03-25T13:22:00.000Z,CMO,X,adjusted,channel,12284.741,nT
2026-03-25T13:23:00.000Z,CMO,X,adjusted,channel,12284.333,nT
2026-03-25T13:24:00.000Z,CMO,X,adjusted,channel,12283.466,nT
2026-03-25T13:25:00.000Z,CMO,X,adjusted,channel,12282.705,nT
2026-03-25T13:26:00.000Z,CMO,X,adjusted,channel,12282.316,nT
2026-03-25T13:27:00.000Z,CMO,X,adjusted,channel,12281.761,nT
2026-03-25T13:28:00.000Z,CMO,X,adjusted,channel,12280.706,nT
2026-03-25T13:29:00.000Z,CMO,X,adjusted,channel,12280.684,nT
2026-03-25T13:30:00.000Z,CMO,X,adjusted,channel,12285.143,nT
2026-03-25T13:31:00.000Z,CMO,X,adjusted,channel,12289.658,nT
2026-03-25T13:32:00.000Z,CMO,X,adjusted,channel,12290.31,nT
2026-03-25T13:33:00.000Z,CMO,X,adjusted,channel,12285.499,nT
2026-03-25T13:34:00.000Z,CMO,X,adjusted,channel,12280.73,nT
2026-03-25T13:35:00.000Z,CMO,X,adjusted,channel,12275.402,nT
2026-03-25T13:36:00.000Z,CMO,X,adjusted,channel,12270.06,nT
2026-03-25T13:37:00.000Z,CMO,X,adjusted,channel,12268.949,nT
2026-03-25T13:38:00.000Z,CMO,X,adjusted,channel,12273.318,nT
2026-03-25T13:39:00.000Z,CMO,X,adjusted,channel,12280.093,nT
2026-03-25T13:40:00.000Z,CMO,X,adjusted,channel,12286.389,nT
2026-03-25T13:41:00.000Z,CMO,X,adjusted,channel,12288.832,nT
2026-03-25T13:42:00.000Z,CMO,X,adjusted,channel,12283.834,nT
2026-03-25T13:43:00.000Z,CMO,X,adjusted,channel,12276.134,nT
2026-03-25T13:44:00.000Z,CMO,X,adjusted,channel,12268.978,nT
2026-03-25T13:45:00.000Z,CMO,X,adjusted,channel,12266.096,nT
2026-03-25T13:46:00.000Z,CMO,X,adjusted,channel,12265.946,nT
2026-03-25T13:47:00.000Z,CMO,X,adjusted,channel,12267.471,nT
2026-03-25T13:48:00.000Z,CMO,X,adjusted,channel,12268.695,nT
2026-03-25T13:49:00.000Z,CMO,X,adjusted,channel,12270.954,nT
2026-03-25T13:50:00.000Z,CMO,X,adjusted,channel,12275.003,nT
2026-03-25T13:51:00.000Z,CMO,X,adjusted,channel,12274.791,nT
2026-03-25T13:52:00.000Z,CMO,X,adjusted,channel,12276.444,nT
2026-03-25T13:53:00.000Z,CMO,X,adjusted,channel,12274.286,nT
2026-03-25T13:54:00.000Z,CMO,X,adjusted,channel,12273.343,nT
2026-03-25T13:55:00.000Z,CMO,X,adjusted,channel,12276.635,nT
2026-03-25T13:56:00.000Z,CMO,X,adjusted,channel,12277.632,nT
2026-03-25T13:57:00.000Z,CMO,X,adjusted,channel,12277.213,nT
2026-03-25T13:58:00.000Z,CMO,X,adjusted,channel,12276.617,nT
2026-03-25T13:59:00.000Z,CMO,X,adjusted,channel,12278.4,nT
2026-03-25T14:00:00.000Z,CMO,X,adjusted,channel,12280.764,nT
2026-03-25T14:01:00.000Z,CMO,X,adjusted,channel,12278.871,nT
2026-03-25T14:02:00.000Z,CMO,X,adjusted,channel,12277.975,nT
2026-03-25T14:03:00.000Z,CMO,X,adjusted,channel,12270.528,nT
2026-03-25T14:04:00.000Z,CMO,X,adjusted,channel,12270.036,nT
2026-03-25T14:05:00.000Z,CMO,X,adjusted,channel,12269.677,nT
2026-03-25T14:06:00.000Z,CMO,X,adjusted,channel,12271.499,nT
2026-03-25T14:07:00.000Z,CMO,X,adjusted,channel,12275.22,nT
2026-03-25T14:08:00.000Z,CMO,X,adjusted,channel,12276.475,nT
2026-03-25T14:09:00.000Z,CMO,X,adjusted,channel,12274.668,nT
2026-03-25T14:10:00.000Z,CMO,X,adjusted,channel,12271.875,nT
2026-03-25T14:11:00.000Z,CMO,X,adjusted,channel,12273.83,nT
2026-03-25T14:12:00.000Z,CMO,X,adjusted,channel,12275.406,nT
2026-03-25T14:13:00.000Z,CMO,X,adjusted,channel,12276.258,nT
2026-03-25T14:14:00.000Z,CMO,X,adjusted,channel,12276.346,nT
2026-03-25T14:15:00.000Z,CMO,X,adjusted,channel,12275.819,nT
2026-03-25T14:16:00.000Z,CMO,X,adjusted,channel,12275.441,nT
2026-03-25T14:17:00.000Z,CMO,X,adjusted,channel,12268.428,nT
2026-03-25T14:18:00.000Z,CMO,X,adjusted,channel,12260.277,nT
2026-03-25T14:19:00.000Z,CMO,X,adjusted,channel,12257.115,nT
2026-03-25T14:20:00.000Z,CMO,X,adjusted,channel,12255.225,nT
2026-03-25T14:21:00.000Z,CMO,X,adjusted,channel,12256.449,nT
2026-03-25T14:22:00.000Z,CMO,X,adjusted,channel,12257.657,nT
2026-03-25T14:23:00.000Z,CMO,X,adjusted,channel,12256.081,nT
2026-03-25T14:24:00.000Z,CMO,X,adjusted,channel,12253.695,nT
2026-03-25T14:25:00.000Z,CMO,X,adjusted,channel,12251.946,nT
2026-03-25T14:26:00.000Z,CMO,X,adjusted,channel,12251.716,nT
2026-03-25T14:27:00.000Z,CMO,X,adjusted,channel,12254.63,nT
2026-03-25T14:28:00.000Z,CMO,X,adjusted,channel,12254.249,nT
2026-03-25T14:29:00.000Z,CMO,X,adjusted,channel,12252.75,nT
2026-03-25T14:30:00.000Z,CMO,X,adjusted,channel,12256.488,nT
2026-03-25T14:31:00.000Z,CMO,X,adjusted,channel,12257.548,nT
2026-03-25T14:32:00.000Z,CMO,X,adjusted,channel,12255.571,nT
2026-03-25T14:33:00.000Z,CMO,X,adjusted,channel,12251.934,nT
2026-03-25T14:34:00.000Z,CMO,X,adjusted,channel,12251.199,nT
2026-03-25T14:35:00.000Z,CMO,X,adjusted,channel,12253.176,nT
2026-03-25T14:36:00.000Z,CMO,X,adjusted,channel,12258.011,nT
2026-03-25T14:37:00.000Z,CMO,X,adjusted,channel,12255.594,nT
2026-03-25T14:38:00.000Z,CMO,X,adjusted,channel,12250.742,nT
2026-03-25T14:39:00.000Z,CMO,X,adjusted,channel,12253.514,nT
2026-03-25T14:40:00.000Z,CMO,X,adjusted,channel,12258.482,nT
2026-03-25T14:41:00.000Z,CMO,X,adjusted,channel,12260.988,nT
2026-03-25T14:42:00.000Z,CMO,X,adjusted,channel,12260.837,nT
2026-03-25T14:43:00.000Z,CMO,X,adjusted,channel,12256.758,nT
2026-03-25T14:44:00.000Z,CMO,X,adjusted,channel,12251.137,nT
2026-03-25T14:45:00.000Z,CMO,X,adjusted,channel,12256.666,nT
2026-03-25T14:46:00.000Z,CMO,X,adjusted,channel,12262.882,nT
2026-03-25T14:47:00.000Z,CMO,X,adjusted,channel,12258.667,nT
2026-03-25T14:48:00.000Z,CMO,X,adjusted,channel,12252.943,nT
2026-03-25T14:49:00.000Z,CMO,X,adjusted,channel,12252.139,nT
2026-03-25T14:50:00.000Z,CMO,X,adjusted,channel,12254.989,nT
2026-03-25T14:51:00.000Z,CMO,X,adjusted,channel,12253.413,nT
2026-03-25T14:52:00.000Z,CMO,X,adjusted,channel,12252.152,nT
2026-03-25T14:53:00.000Z,CMO,X,adjusted,channel,12251.484,nT
2026-03-25T14:54:00.000Z,CMO,X,adjusted,channel,12244.219,nT
2026-03-25T14:55:00.000Z,CMO,X,adjusted,channel,12236.288,nT
2026-03-25T14:56:00.000Z,CMO,X,adjusted,channel,12233.906,nT
2026-03-25T14:57:00.000Z,CMO,X,adjusted,channel,12231.892,nT
2026-03-25T14:58:00.000Z,CMO,X,adjusted,channel,12233.752,nT
2026-03-25T14:59:00.000Z,CMO,X,adjusted,channel,12234.454,nT
2026-03-25T15:00:00.000Z,CMO,X,adjusted,channel,12235.582,nT
2026-03-25T15:01:00.000Z,CMO,X,adjusted,channel,12236.947,nT
2026-03-25T15:02:00.000Z,CMO,X,adjusted,channel,12237.697,nT
2026-03-25T15:03:00.000Z,CMO,X,adjusted,channel,12239.795,nT
2026-03-25T15:04:00.000Z,CMO,X,adjusted,channel,12241.003,nT
2026-03-25T15:05:00.000Z,CMO,X,adjusted,channel,12242.045,nT
2026-03-25T15:06:00.000Z,CMO,X,adjusted,channel,12241.882,nT
2026-03-25T15:07:00.000Z,CMO,X,adjusted,channel,12239.27,nT
2026-03-25T15:08:00.000Z,CMO,X,adjusted,channel,12240.073,nT
2026-03-25T15:09:00.000Z,CMO,X,adjusted,channel,12237.624,nT
2026-03-25T15:10:00.000Z,CMO,X,adjusted,channel,12228.474,nT
2026-03-25T15:11:00.000Z,CMO,X,adjusted,channel,12229.761,nT
2026-03-25T15:12:00.000Z,CMO,X,adjusted,channel,12236.351,nT
2026-03-25T15:13:00.000Z,CMO,X,adjusted,channel,12241.049,nT
2026-03-25T15:14:00.000Z,CMO,X,adjusted,channel,12242.119,nT
2026-03-25T15:15:00.000Z,CMO,X,adjusted,channel,12234.583,nT
2026-03-25T15:16:00.000Z,CMO,X,adjusted,channel,12226.035,nT
2026-03-25T15:17:00.000Z,CMO,X,adjusted,channel,12227.868,nT
2026-03-25T15:18:00.000Z,CMO,X,adjusted,channel,12226.123,nT
2026-03-25T15:19:00.000Z,CMO,X,adjusted,channel,12219.486,nT
2026-03-25T15:20:00.000Z,CMO,X,adjusted,channel,12220.973,nT
2026-03-25T15:21:00.000Z,CMO,X,adjusted,channel,12229.621,nT
2026-03-25T15:22:00.000Z,CMO,X,adjusted,channel,12229.272,nT
2026-03-25T15:23:00.000Z,CMO,X,adjusted,channel,12218.926,nT
2026-03-25T15:24:00.000Z,CMO,X,adjusted,channel,12218.921,nT
2026-03-25T15:25:00.000Z,CMO,X,adjusted,channel,12225.912,nT
2026-03-25T15:26:00.000Z,CMO,X,adjusted,channel,12232.214,nT
2026-03-25T15:27:00.000Z,CMO,X,adjusted,channel,12235.824,nT
2026-03-25T15:28:00.000Z,CMO,X,adjusted,channel,12234.199,nT
2026-03-25T15:29:00.000Z,CMO,X,adjusted,channel,12234.273,nT
2026-03-25T15:30:00.000Z,CMO,X,adjusted,channel,12235.497,nT
2026-03-25T15:31:00.000Z,CMO,X,adjusted,channel,12230.337,nT
2026-03-25T15:32:00.000Z,CMO,X,adjusted,channel,12233.755,nT
2026-03-25T15:33:00.000Z,CMO,X,adjusted,channel,12241.064,nT
2026-03-25T15:34:00.000Z,CMO,X,adjusted,channel,12248.203,nT
2026-03-25T15:35:00.000Z,CMO,X,adjusted,channel,12248.018,nT
2026-03-25T15:36:00.000Z,CMO,X,adjusted,channel,12248.252,nT
2026-03-25T15:37:00.000Z,CMO,X,adjusted,channel,12248.265,nT
2026-03-25T15:38:00.000Z,CMO,X,adjusted,channel,12248.748,nT
2026-03-25T15:39:00.000Z,CMO,X,adjusted,channel,12250.299,nT
2026-03-25T15:40:00.000Z,CMO,X,adjusted,channel,12247.042,nT
2026-03-25T15:41:00.000Z,CMO,X,adjusted,channel,12243.407,nT
2026-03-25T15:42:00.000Z,CMO,X,adjusted,channel,12247.465,nT
2026-03-25T15:43:00.000Z,CMO,X,adjusted,channel,12248.63,nT
2026-03-25T15:44:00.000Z,CMO,X,adjusted,channel,12245.77,nT
2026-03-25T15:45:00.000Z,CMO,X,adjusted,channel,12245.727,nT
2026-03-25T15:46:00.000Z,CMO,X,adjusted,channel,12248.811,nT
2026-03-25T15:47:00.000Z,CMO,X,adjusted,channel,12250.578,nT
2026-03-25T15:48:00.000Z,CMO,X,adjusted,channel,12246.213,nT
2026-03-25T15:49:00.000Z,CMO,X,adjusted,channel,12241.801,nT
2026-03-25T15:50:00.000Z,CMO,X,adjusted,channel,12240.044,nT
2026-03-25T15:51:00.000Z,CMO,X,adjusted,channel,12238.149,nT
2026-03-25T15:52:00.000Z,CMO,X,adjusted,channel,12239.088,nT
2026-03-25T15:53:00.000Z,CMO,X,adjusted,channel,12241.244,nT
2026-03-25T15:54:00.000Z,CMO,X,adjusted,channel,12232.384,nT
2026-03-25T15:55:00.000Z,CMO,X,adjusted,channel,12234.135,nT
2026-03-25T15:56:00.000Z,CMO,X,adjusted,channel,12243.008,nT
2026-03-25T15:57:00.000Z,CMO,X,adjusted,channel,12243.561,nT
2026-03-25T15:58:00.000Z,CMO,X,adjusted,channel,12247.939,nT
2026-03-25T15:59:00.000Z,CMO,X,adjusted,channel,12253.216,nT
2026-03-25T16:00:00.000Z,CMO,X,adjusted,channel,12257.32,nT
2026-03-25T16:01:00.000Z,CMO,X,adjusted,channel,12261.111,nT
2026-03-25T16:02:00.000Z,CMO,X,adjusted,channel,12272.599,nT
2026-03-25T16:03:00.000Z,CMO,X,adjusted,channel,12276.069,nT
2026-03-25T16:04:00.000Z,CMO,X,adjusted,channel,12274.75,nT
2026-03-25T16:05:00.000Z,CMO,X,adjusted,channel,12273.299,nT
2026-03-25T16:06:00.000Z,CMO,X,adjusted,channel,12273.021,nT
2026-03-25T16:07:00.000Z,CMO,X,adjusted,channel,12277.279,nT
2026-03-25T16:08:00.000Z,CMO,X,adjusted,channel,12276.308,nT
2026-03-25T16:09:00.000Z,CMO,X,adjusted,channel,12275.305,nT
2026-03-25T16:10:00.000Z,CMO,X,adjusted,channel,12282.915,nT
2026-03-25T16:11:00.000Z,CMO,X,adjusted,channel,12281.763,nT
2026-03-25T16:12:00.000Z,CMO,X,adjusted,channel,12281.499,nT
2026-03-25T16:13:00.000Z,CMO,X,adjusted,channel,12275.573,nT
2026-03-25T16:14:00.000Z,CMO,X,adjusted,channel,12274.041,nT
2026-03-25T16:15:00.000Z,CMO,X,adjusted,channel,12282.181,nT
2026-03-25T16:16:00.000Z,CMO,X,adjusted,channel,12282.414,nT
2026-03-25T16:17:00.000Z,CMO,X,adjusted,channel,12281.044,nT
2026-03-25T16:18:00.000Z,CMO,X,adjusted,channel,12287.674,nT
2026-03-25T16:19:00.000Z,CMO,X,adjusted,channel,12287.085,nT
2026-03-25T16:20:00.000Z,CMO,X,adjusted,channel,12285.846,nT
2026-03-25T16:21:00.000Z,CMO,X,adjusted,channel,12284.305,nT
2026-03-25T16:22:00.000Z,CMO,X,adjusted,channel,12283.894,nT
2026-03-25T16:23:00.000Z,CMO,X,adjusted,channel,12278.47,nT
2026-03-25T16:24:00.000Z,CMO,X,adjusted,channel,12269.091,nT
2026-03-25T16:25:00.000Z,CMO,X,adjusted,channel,12272.102,nT
2026-03-25T16:26:00.000Z,CMO,X,adjusted,channel,12273.079,nT
2026-03-25T16:27:00.000Z,CMO,X,adjusted,channel,12272.419,nT
2026-03-25T16:28:00.000Z,CMO,X,adjusted,channel,12282.422,nT
2026-03-25T16:29:00.000Z,CMO,X,adjusted,channel,12279.765,nT
2026-03-25T16:30:00.000Z,CMO,X,adjusted,channel,12276.995,nT
2026-03-25T16:31:00.000Z,CMO,X,adjusted,channel,12277.885,nT
2026-03-25T16:32:00.000Z,CMO,X,adjusted,channel,12274.292,nT
2026-03-25T16:33:00.000Z,CMO,X,adjusted,channel,12269.793,nT
2026-03-25T16:34:00.000Z,CMO,X,adjusted,channel,12269.787,nT
2026-03-25T16:35:00.000Z,CMO,X,adjusted,channel,12269.816,nT
2026-03-25T16:36:00.000Z,CMO,X,adjusted,channel,12264.04,nT
2026-03-25T16:37:00.000Z,CMO,X,adjusted,channel,12266.669,nT
2026-03-25T16:38:00.000Z,CMO,X,adjusted,channel,12272.143,nT
2026-03-25T16:39:00.000Z,CMO,X,adjusted,channel,12271.081,nT
2026-03-25T16:40:00.000Z,CMO,X,adjusted,channel,12273.434,nT
2026-03-25T16:41:00.000Z,CMO,X,adjusted,channel,12271.959,nT
2026-03-25T16:42:00.000Z,CMO,X,adjusted,channel,12269.97,nT
2026-03-25T16:43:00.000Z,CMO,X,adjusted,channel,12271.157,nT
2026-03-25T16:44:00.000Z,CMO,X,adjusted,channel,12270.481,nT
2026-03-25T16:45:00.000Z,CMO,X,adjusted,channel,12265.916,nT
2026-03-25T16:46:00.000Z,CMO,X,adjusted,channel,12280.263,nT
2026-03-25T16:47:00.000Z,CMO,X,adjusted,channel,12283.397,nT
2026-03-25T16:48:00.000Z,CMO,X,adjusted,channel,12279.868,nT
2026-03-25T16:49:00.000Z,CMO,X,adjusted,channel,12282.43,nT
2026-03-25T16:50:00.000Z,CMO,X,adjusted,channel,12279.89,nT
2026-03-25T16:51:00.000Z,CMO,X,adjusted,channel,12276.588,nT
2026-03-25T16:52:00.000Z,CMO,X,adjusted,channel,12276.252,nT
2026-03-25T16:53:00.000Z,CMO,X,adjusted,channel,12270.745,nT
2026-03-25T16:54:00.000Z,CMO,X,adjusted,channel,12264.287,nT
2026-03-25T16:55:00.000Z,CMO,X,adjusted,channel,12265.459,nT
2026-03-25T16:56:00.000Z,CMO,X,adjusted,channel,12269.55,nT
2026-03-25T16:57:00.000Z,CMO,X,adjusted,channel,12261.639,nT
2026-03-25T16:58:00.000Z,CMO,X,adjusted,channel,12248.854,nT
2026-03-25T16:59:00.000Z,CMO,X,adjusted,channel,12247.486,nT
2026-03-25T17:00:00.000Z,CMO,X,adjusted,channel,12254.663,nT
2026-03-25T17:01:00.000Z,CMO,X,adjusted,channel,12254.554,nT
2026-03-25T17:02:00.000Z,CMO,X,adjusted,channel,12250.02,nT
2026-03-25T17:03:00.000Z,CMO,X,adjusted,channel,12249.338,nT
2026-03-25T17:04:00.000Z,CMO,X,adjusted,channel,12251.447,nT
2026-03-25T17:05:00.000Z,CMO,X,adjusted,channel,12253.273,nT
2026-03-25T17:06:00.000Z,CMO,X,adjusted,channel,12253.462,nT
2026-03-25T17:07:00.000Z,CMO,X,adjusted,channel,12251.875,nT
2026-03-25T17:08:00.000Z,CMO,X,adjusted,channel,12248.167,nT
2026-03-25T17:09:00.000Z,CMO,X,adjusted,channel,12248.686,nT
2026-03-25T17:10:00.000Z,CMO,X,adjusted,channel,12248.634,nT
2026-03-25T17:11:00.000Z,CMO,X,adjusted,channel,12245.506,nT
2026-03-25T17:12:00.000Z,CMO,X,adjusted,channel,12246.84,nT
2026-03-25T17:13:00.000Z,CMO,X,adjusted,channel,12249.77,nT
2026-03-25T17:14:00.000Z,CMO,X,adjusted,channel,12251.335,nT
2026-03-25T17:15:00.000Z,CMO,X,adjusted,channel,12256.526,nT
2026-03-25T17:16:00.000Z,CMO,X,adjusted,channel,12264.263,nT
2026-03-25T17:17:00.000Z,CMO,X,adjusted,channel,12265.259,nT
2026-03-25T17:18:00.000Z,CMO,X,adjusted,channel,12267.84,nT
2026-03-25T17:19:00.000Z,CMO,X,adjusted,channel,12271.995,nT
2026-03-25T17:20:00.000Z,CMO,X,adjusted,channel,12274.368,nT
2026-03-25T17:21:00.000Z,CMO,X,adjusted,channel,12277.449,nT
2026-03-25T17:22:00.000Z,CMO,X,adjusted,channel,12276.272,nT
2026-03-25T17:23:00.000Z,CMO,X,adjusted,channel,12275.024,nT
2026-03-25T17:24:00.000Z,CMO,X,adjusted,channel,12273.414,nT
2026-03-25T17:25:00.000Z,CMO,X,adjusted,channel,12274.375,nT
2026-03-25T17:26:00.000Z,CMO,X,adjusted,channel,12273.266,nT
2026-03-25T17:27:00.000Z,CMO,X,adjusted,channel,12270.53,nT
2026-03-25T17:28:00.000Z,CMO,X,adjusted,channel,12272.915,nT
2026-03-25T17:29:00.000Z,CMO,X,adjusted,channel,12273.822,nT
2026-03-25T17:30:00.000Z,CMO,X,adjusted,channel,12273.236,nT