timestamp,station,channel,data_type,view,value,units
2026-03-18T17:30:00.000Z,COLA,X,variation,channel,13180.40063772407,nT
2026-03-18T17:31:00.000Z,COLA,X,variation,channel,13180.093935203764,nT
2026-03-18T17:32:00.000Z,COLA,X,variation,channel,13179.194903397189,nT
2026-03-18T17:33:00.000Z,COLA,X,variation,channel,13178.461108485637,nT
2026-03-18T17:34:00.000Z,COLA,X,variation,channel,13178.636451927703,nT
2026-03-18T17:35:00.000Z,COLA,X,variation,channel,13179.206363605786,nT
2026-03-18T17:36:00.000Z,COLA,X,variation,channel,13179.582899178065,nT
2026-03-18T17:37:00.000Z,COLA,X,variation,channel,13179.760122442876,nT
2026-03-18T17:38:00.000Z,COLA,X,variation,channel,13179.56993565792,nT
2026-03-18T17:39:00.000Z,COLA,X,variation,channel,13178.122287492068,nT
2026-03-18T17:40:00.000Z,COLA,X,variation,channel,13177.839923067118,nT
2026-03-18T17:41:00.000Z,COLA,X,variation,channel,13177.398521053025,nT
2026-03-18T17:42:00.000Z,COLA,X,variation,channel,13177.144658373194,nT
2026-03-18T17:43:00.000Z,COLA,X,variation,channel,13177.867939542997,nT
2026-03-18T17:44:00.000Z,COLA,X,variation,channel,13178.274458680387,nT
2026-03-18T17:45:00.000Z,COLA,X,variation,channel,13178.871518778467,nT
2026-03-18T17:46:00.000Z,COLA,X,variation,channel,13179.228280483914,nT
2026-03-18T17:47:00.000Z,COLA,X,variation,channel,13179.860918846001,nT
2026-03-18T17:48:00.000Z,COLA,X,variation,channel,13179.60854677009,nT
2026-03-18T17:49:00.000Z,COLA,X,variation,channel,13178.603003422375,nT
2026-03-18T17:50:00.000Z,COLA,X,variation,channel,13178.513010223749,nT
2026-03-18T17:51:00.000Z,COLA,X,variation,channel,13178.422197242164,nT
2026-03-18T17:52:00.000Z,COLA,X,variation,channel,13178.092183991352,nT
2026-03-18T17:53:00.000Z,COLA,X,variation,channel,13177.679208703312,nT
2026-03-18T17:54:00.000Z,COLA,X,variation,channel,13177.48074903264,nT
2026-03-18T17:55:00.000Z,COLA,X,variation,channel,13177.655125740564,nT
2026-03-18T17:56:00.000Z,COLA,X,variation,channel,13178.26244341781,nT
2026-03-18T17:57:00.000Z,COLA,X,variation,channel,13178.218720153864,nT
2026-03-18T17:58:00.000Z,COLA,X,variation,channel,13177.438296205684,nT
2026-03-18T17:59:00.000Z,COLA,X,variation,channel,13177.33779377585,nT
2026-03-18T18:00:00.000Z,COLA,X,variation,channel,13177.328539676471,nT
2026-03-18T18:01:00.000Z,COLA,X,variation,channel,13176.401161916632,nT
2026-03-18T18:02:00.000Z,COLA,X,variation,channel,13176.868039845482,nT
2026-03-18T18:03:00.000Z,COLA,X,variation,channel,13177.263897064877,nT
2026-03-18T18:04:00.000Z,COLA,X,variation,channel,13176.37847855058,nT
2026-03-18T18:05:00.000Z,COLA,X,variation,channel,13176.915103900254,nT
2026-03-18T18:06:00.000Z,COLA,X,variation,channel,13176.567180063586,nT
2026-03-18T18:07:00.000Z,COLA,X,variation,channel,13176.605726557134,nT
2026-03-18T18:08:00.000Z,COLA,X,variation,channel,13175.390704374919,nT
2026-03-18T18:09:00.000Z,COLA,X,variation,channel,13174.538864638957,nT
2026-03-18T18:10:00.000Z,COLA,X,variation,channel,13173.932635233383,nT
2026-03-18T18:11:00.000Z,COLA,X,variation,channel,13174.234310028052,nT
2026-03-18T18:12:00.000Z,COLA,X,variation,channel,13174.126710533163,nT
2026-03-18T18:13:00.000Z,COLA,X,variation,channel,13173.947061850442,nT
2026-03-18T18:14:00.000Z,COLA,X,variation,channel,13172.978412450402,nT
2026-03-18T18:15:00.000Z,COLA,X,variation,channel,13173.586093979933,nT
2026-03-18T18:16:00.000Z,COLA,X,variation,channel,13174.444471247936,nT
2026-03-18T18:17:00.000Z,COLA,X,variation,channel,13174.47989700302,nT
2026-03-18T18:18:00.000Z,COLA,X,variation,channel,13175.062727326298,nT
2026-03-18T18:19:00.000Z,COLA,X,variation,channel,13176.286949346835,nT
2026-03-18T18:20:00.000Z,COLA,X,variation,channel,13175.699572949854,nT
2026-03-18T18:21:00.000Z,COLA,X,variation,channel,13175.581840651408,nT
2026-03-18T18:22:00.000Z,COLA,X,variation,channel,13175.139632267044,nT
2026-03-18T18:23:00.000Z,COLA,X,variation,channel,13175.05169434569,nT
2026-03-18T18:24:00.000Z,COLA,X,variation,channel,13175.373969796461,nT
2026-03-18T18:25:00.000Z,COLA,X,variation,channel,13175.445975319994,nT
2026-03-18T18:26:00.000Z,COLA,X,variation,channel,13175.595839401283,nT
2026-03-18T18:27:00.000Z,COLA,X,variation,channel,13175.856861295126,nT
2026-03-18T18:28:00.000Z,COLA,X,variation,channel,13175.956184007822,nT
2026-03-18T18:29:00.000Z,COLA,X,variation,channel,13175.482168953256,nT
2026-03-18T18:30:00.000Z,COLA,X,variation,channel,13174.964118468404,nT
2026-03-18T18:31:00.000Z,COLA,X,variation,channel,13175.094815911256,nT
2026-03-18T18:32:00.000Z,COLA,X,variation,channel,13175.531675654622,nT
2026-03-18T18:33:00.000Z,COLA,X,variation,channel,13174.7683863991,nT
2026-03-18T18:34:00.000Z,COLA,X,variation,channel,13175.260233483665,nT
2026-03-18T18:35:00.000Z,COLA,X,variation,channel,13176.086197467335,nT
2026-03-18T18:36:00.000Z,COLA,X,variation,channel,13175.079977377098,nT
2026-03-18T18:37:00.000Z,COLA,X,variation,channel,13175.33501082774,nT
2026-03-18T18:38:00.000Z,COLA,X,variation,channel,13175.304421552752,nT
2026-03-18T18:39:00.000Z,COLA,X,variation,channel,13174.011639697606,nT
2026-03-18T18:40:00.000Z,COLA,X,variation,channel,13174.054177748718,nT
2026-03-18T18:41:00.000Z,COLA,X,variation,channel,13174.987512839412,nT
2026-03-18T18:42:00.000Z,COLA,X,variation,channel,13173.952997892875,nT
2026-03-18T18:43:00.000Z,COLA,X,variation,channel,13172.907320878403,nT
2026-03-18T18:44:00.000Z,COLA,X,variation,channel,13173.393325152498,nT
2026-03-18T18:45:00.000Z,COLA,X,variation,channel,13173.624578690515,nT
2026-03-18T18:46:00.000Z,COLA,X,variation,channel,13171.998514897325,nT
2026-03-18T18:47:00.000Z,COLA,X,variation,channel,13170.357430465308,nT
2026-03-18T18:48:00.000Z,COLA,X,variation,channel,13169.333678381505,nT
2026-03-18T18:49:00.000Z,COLA,X,variation,channel,13167.500618323123,nT
2026-03-18T18:50:00.000Z,COLA,X,variation,channel,13166.534257675396,nT
2026-03-18T18:51:00.000Z,COLA,X,variation,channel,13163.238500365698,nT
2026-03-18T18:52:00.000Z,COLA,X,variation,channel,13161.529529833155,nT
2026-03-18T18:53:00.000Z,COLA,X,variation,channel,13161.898923982084,nT
2026-03-18T18:54:00.000Z,COLA,X,variation,channel,13163.174192113613,nT
2026-03-18T18:55:00.000Z,COLA,X,variation,channel,13163.607094645628,nT
2026-03-18T18:56:00.000Z,COLA,X,variation,channel,13165.227485873515,nT
2026-03-18T18:57:00.000Z,COLA,X,variation,channel,13168.993872355872,nT
2026-03-18T18:58:00.000Z,COLA,X,variation,channel,13172.66619093963,nT
2026-03-18T18:59:00.000Z,COLA,X,variation,channel,13174.626800907628,nT
2026-03-18T19:00:00.000Z,COLA,X,variation,channel,13172.752994443523,nT
2026-03-18T19:01:00.000Z,COLA,X,variation,channel,13170.559189171205,nT
2026-03-18T19:02:00.000Z,COLA,X,variation,channel,13169.654369902804,nT
2026-03-18T19:03:00.000Z,COLA,X,variation,channel,13169.70301428334,nT
2026-03-18T19:04:00.000Z,COLA,X,variation,channel,13170.115438076213,nT
2026-03-18T19:05:00.000Z,COLA,X,variation,channel,13171.61271231252,nT
2026-03-18T19:06:00.000Z,COLA,X,variation,channel,13173.471744188482,nT
2026-03-18T19:07:00.000Z,COLA,X,variation,channel,13172.404262628594,nT
2026-03-18T19:08:00.000Z,COLA,X,variation,channel,13171.398006585337,nT
2026-03-18T19:09:00.000Z,COLA,X,variation,channel,13171.599698723408,nT
2026-03-18T19:10:00.000Z,COLA,X,variation,channel,13171.202430386407,nT
2026-03-18T19:11:00.000Z,COLA,X,variation,channel,13171.68905779834,nT
2026-03-18T19:12:00.000Z,COLA,X,variation,channel,13171.420222154802,nT
2026-03-18T19:13:00.000Z,COLA,X,variation,channel,13170.106658296787,nT
2026-03-18T19:14:00.000Z,COLA,X,variation,channel,13170.306416214913,nT
2026-03-18T19:15:00.000Z,COLA,X,variation,channel,13172.220353037997,nT
2026-03-18T19:16:00.000Z,COLA,X,variation,channel,13172.609640052915,nT
2026-03-18T19:17:00.000Z,COLA,X,variation,channel,13173.05229976062,nT
2026-03-18T19:18:00.000Z,COLA,X,variation,channel,13172.48794737817,nT
2026-03-18T19:19:00.000Z,COLA,X,variation,channel,13169.050755834774,nT
2026-03-18T19:20:00.000Z,COLA,X,variation,channel,13165.897962593532,nT
2026-03-18T19:21:00.000Z,COLA,X,variation,channel,13166.247205342022,nT
2026-03-18T19:22:00.000Z,COLA,X,variation,channel,13167.60406219049,nT
2026-03-18T19:23:00.000Z,COLA,X,variation,channel,13167.240270002374,nT
2026-03-18T19:24:00.000Z,COLA,X,variation,channel,13167.755028986287,nT
2026-03-18T19:25:00.000Z,COLA,X,variation,channel,13168.507200743972,nT
2026-03-18T19:26:00.000Z,COLA,X,variation,channel,13169.2757388894,nT
2026-03-18T19:27:00.000Z,COLA,X,variation,channel,13170.492215897306,nT
2026-03-18T19:28:00.000Z,COLA,X,variation,channel,13170.232872548857,nT
2026-03-18T19:29:00.000Z,COLA,X,variation,channel,13169.430686876114,nT
2026-03-18T19:30:00.000Z,COLA,X,variation,channel,13171.238265965954,nT
2026-03-18T19:31:00.000Z,COLA,X,variation,channel,13173.977345901607,nT
2026-03-18T19:32:00.000Z,COLA,X,variation,channel,13173.130660734008,nT
2026-03-18T19:33:00.000Z,COLA,X,variation,channel,13171.537137196074,nT
2026-03-18T19:34:00.000Z,COLA,X,variation,channel,13171.32085949949,nT
2026-03-18T19:35:00.000Z,COLA,X,variation,channel,13171.537266821706,nT
2026-03-18T19:36:00.000Z,COLA,X,variation,channel,13171.336377088935,nT
2026-03-18T19:37:00.000Z,COLA,X,variation,channel,13171.358358258207,nT
2026-03-18T19:38:00.000Z,COLA,X,variation,channel,13171.512078587495,nT
2026-03-18T19:39:00.000Z,COLA,X,variation,channel,13171.635952239816,nT
2026-03-18T19:40:00.000Z,COLA,X,variation,channel,13173.495998548611,nT
2026-03-18T19:41:00.000Z,COLA,X,variation,channel,13174.255662417738,nT
2026-03-18T19:42:00.000Z,COLA,X,variation,channel,13173.95072718896,nT
2026-03-18T19:43:00.000Z,COLA,X,variation,channel,13171.360128416996,nT
2026-03-18T19:44:00.000Z,COLA,X,variation,channel,13168.501341034775,nT
2026-03-18T19:45:00.000Z,COLA,X,variation,channel,13133.477331082368,nT
2026-03-18T19:46:00.000Z,COLA,X,variation,channel,13170.808958671365,nT
2026-03-18T19:47:00.000Z,COLA,X,variation,channel,13169.187002960378,nT
2026-03-18T19:48:00.000Z,COLA,X,variation,channel,13167.001111809272,nT
2026-03-18T19:49:00.000Z,COLA,X,variation,channel,13168.058386535631,nT
2026-03-18T19:50:00.000Z,COLA,X,variation,channel,13169.859565478342,nT
2026-03-18T19:51:00.000Z,COLA,X,variation,channel,13168.688052737205,nT
2026-03-18T19:52:00.000Z,COLA,X,variation,channel,13169.171046661168,nT
2026-03-18T19:53:00.000Z,COLA,X,variation,channel,13169.899249379814,nT
2026-03-18T19:54:00.000Z,COLA,X,variation,channel,13170.074340304422,nT
2026-03-18T19:55:00.000Z,COLA,X,variation,channel,13169.318938734088,nT
2026-03-18T19:56:00.000Z,COLA,X,variation,channel,13168.514808002456,nT
2026-03-18T19:57:00.000Z,COLA,X,variation,channel,13169.045925470537,nT
2026-03-18T19:58:00.000Z,COLA,X,variation,channel,13170.452239065613,nT
2026-03-18T19:59:00.000Z,COLA,X,variation,channel,13170.168204859252,nT
2026-03-18T20:00:00.000Z,COLA,X,variation,channel,13167.862730445615,nT
2026-03-18T20:01:00.000Z,COLA,X,variation,channel,13166.643924544345,nT
2026-03-18T20:02:00.000Z,COLA,X,variation,channel,13168.008990853063,nT
2026-03-18T20:03:00.000Z,COLA,X,variation,channel,13168.699463802048,nT
2026-03-18T20:04:00.000Z,COLA,X,variation,channel,13168.490695543524,nT
2026-03-18T20:05:00.000Z,COLA,X,variation,channel,13169.249085076179,nT
2026-03-18T20:06:00.000Z,COLA,X,variation,channel,13169.2569833585,nT
2026-03-18T20:07:00.000Z,COLA,X,variation,channel,13169.66898333615,nT
2026-03-18T20:08:00.000Z,COLA,X,variation,channel,13169.999428412622,nT
2026-03-18T20:09:00.000Z,COLA,X,variation,channel,13169.693933906226,nT
2026-03-18T20:10:00.000Z,COLA,X,variation,channel,13169.500302056096,nT
2026-03-18T20:11:00.000Z,COLA,X,variation,channel,13170.384185216844,nT
2026-03-18T20:12:00.000Z,COLA,X,variation,channel,13169.839397953863,nT
2026-03-18T20:13:00.000Z,COLA,X,variation,channel,13169.60632107053,nT
2026-03-18T20:14:00.000Z,COLA,X,variation,channel,13169.763908183066,nT
2026-03-18T20:15:00.000Z,COLA,X,variation,channel,13170.467286899206,nT
2026-03-18T20:16:00.000Z,COLA,X,variation,channel,13170.758741803736,nT
2026-03-18T20:17:00.000Z,COLA,X,variation,channel,13169.437536818592,nT
2026-03-18T20:18:00.000Z,COLA,X,variation,channel,13169.696398666574,nT
2026-03-18T20:19:00.000Z,COLA,X,variation,channel,13169.650237437043,nT
2026-03-18T20:20:00.000Z,COLA,X,variation,channel,13168.51372187166,nT
2026-03-18T20:21:00.000Z,COLA,X,variation,channel,13168.79859728769,nT
2026-03-18T20:22:00.000Z,COLA,X,variation,channel,13166.408295513496,nT
2026-03-18T20:23:00.000Z,COLA,X,variation,channel,13171.405255077234,nT
2026-03-18T20:24:00.000Z,COLA,X,variation,channel,13171.527561253284,nT
2026-03-18T20:25:00.000Z,COLA,X,variation,channel,13165.298299596863,nT
2026-03-18T20:26:00.000Z,COLA,X,variation,channel,13166.336948380687,nT
2026-03-18T20:27:00.000Z,COLA,X,variation,channel,13168.945919553043,nT
2026-03-18T20:28:00.000Z,COLA,X,variation,channel,13168.326865039773,nT
2026-03-18T20:29:00.000Z,COLA,X,variation,channel,13167.647277007347,nT
2026-03-18T20:30:00.000Z,COLA,X,variation,channel,13168.43223822638,nT
2026-03-18T20:31:00.000Z,COLA,X,variation,channel,13167.93094901939,nT
2026-03-18T20:32:00.000Z,COLA,X,variation,channel,13167.09235867391,nT
2026-03-18T20:33:00.000Z,COLA,X,variation,channel,13165.516980882674,nT
2026-03-18T20:34:00.000Z,COLA,X,variation,channel,13167.855031868161,nT
2026-03-18T20:35:00.000Z,COLA,X,variation,channel,13169.961549591384,nT
2026-03-18T20:36:00.000Z,COLA,X,variation,channel,13170.485231175744,nT
2026-03-18T20:37:00.000Z,COLA,X,variation,channel,13171.657517658497,nT
2026-03-18T20:38:00.000Z,COLA,X,variation,channel,13173.662661438939,nT
2026-03-18T20:39:00.000Z,COLA,X,variation,channel,13172.623386648698,nT
2026-03-18T20:40:00.000Z,COLA,X,variation,channel,13171.511549430285,nT
2026-03-18T20:41:00.000Z,COLA,X,variation,channel,13166.460714386543,nT
2026-03-18T20:42:00.000Z,COLA,X,variation,channel,13162.469284600156,nT
2026-03-18T20:43:00.000Z,COLA,X,variation,channel,13165.212538231961,nT
2026-03-18T20:44:00.000Z,COLA,X,variation,channel,13165.819840664612,nT
2026-03-18T20:45:00.000Z,COLA,X,variation,channel,13161.577263791218,nT
2026-03-18T20:46:00.000Z,COLA,X,variation,channel,13159.139678521087,nT
2026-03-18T20:47:00.000Z,COLA,X,variation,channel,13159.958032807066,nT
2026-03-18T20:48:00.000Z,COLA,X,variation,channel,13159.568416179174,nT
2026-03-18T20:49:00.000Z,COLA,X,variation,channel,13160.792480676828,nT
2026-03-18T20:50:00.000Z,COLA,X,variation,channel,13164.512177675415,nT
2026-03-18T20:51:00.000Z,COLA,X,variation,channel,13169.36476228484,nT
2026-03-18T20:52:00.000Z,COLA,X,variation,channel,13171.889829858517,nT
2026-03-18T20:53:00.000Z,COLA,X,variation,channel,13172.744201393327,nT
2026-03-18T20:54:00.000Z,COLA,X,variation,channel,13175.678116667244,nT
2026-03-18T20:55:00.000Z,COLA,X,variation,channel,13177.98446490446,nT
2026-03-18T20:56:00.000Z,COLA,X,variation,channel,13174.735441946923,nT
2026-03-18T20:57:00.000Z,COLA,X,variation,channel,13170.965472644577,nT
2026-03-18T20:58:00.000Z,COLA,X,variation,channel,13170.632720851478,nT
2026-03-18T20:59:00.000Z,COLA,X,variation,channel,13175.105982690882,nT
2026-03-18T21:00:00.000Z,COLA,X,variation,channel,13171.168360287187,nT
2026-03-18T21:01:00.000Z,COLA,X,variation,channel,13164.738351152802,nT
2026-03-18T21:02:00.000Z,COLA,X,variation,channel,13158.48381527001,nT
2026-03-18T21:03:00.000Z,COLA,X,variation,channel,13162.393946293316,nT
2026-03-18T21:04:00.000Z,COLA,X,variation,channel,13166.402717198744,nT
2026-03-18T21:05:00.000Z,COLA,X,variation,channel,13166.525747826046,nT
2026-03-18T21:06:00.000Z,COLA,X,variation,channel,13163.138543603824,nT
2026-03-18T21:07:00.000Z,COLA,X,variation,channel,13160.405084181708,nT
2026-03-18T21:08:00.000Z,COLA,X,variation,channel,13159.582370840924,nT
2026-03-18T21:09:00.000Z,COLA,X,variation,channel,13159.868284878932,nT
2026-03-18T21:10:00.000Z,COLA,X,variation,channel,13160.871569451809,nT
2026-03-18T21:11:00.000Z,COLA,X,variation,channel,13161.850650247523,nT
2026-03-18T21:12:00.000Z,COLA,X,variation,channel,13163.420549878494,nT
2026-03-18T21:13:00.000Z,COLA,X,variation,channel,13166.180468897935,nT
2026-03-18T21:14:00.000Z,COLA,X,variation,channel,13166.579922077439,nT
2026-03-18T21:15:00.000Z,COLA,X,variation,channel,13164.509893368248,nT
2026-03-18T21:16:00.000Z,COLA,X,variation,channel,13164.255230445373,nT
2026-03-18T21:17:00.000Z,COLA,X,variation,channel,13164.460232425805,nT
2026-03-18T21:18:00.000Z,COLA,X,variation,channel,13165.22772162695,nT
2026-03-18T21:19:00.000Z,COLA,X,variation,channel,13165.961369296385,nT
2026-03-18T21:20:00.000Z,COLA,X,variation,channel,13164.41589950879,nT
2026-03-18T21:21:00.000Z,COLA,X,variation,channel,13163.116358785157,nT
2026-03-18T21:22:00.000Z,COLA,X,variation,channel,13161.842148805785,nT
2026-03-18T21:23:00.000Z,COLA,X,variation,channel,13162.045402341782,nT
2026-03-18T21:24:00.000Z,COLA,X,variation,channel,13164.67286421926,nT
2026-03-18T21:25:00.000Z,COLA,X,variation,channel,13168.867795596645,nT
2026-03-18T21:26:00.000Z,COLA,X,variation,channel,13172.53836792357,nT
2026-03-18T21:27:00.000Z,COLA,X,variation,channel,13172.226536411868,nT
2026-03-18T21:28:00.000Z,COLA,X,variation,channel,13171.24935180143,nT
2026-03-18T21:29:00.000Z,COLA,X,variation,channel,13171.33236232561,nT
2026-03-18T21:30:00.000Z,COLA,X,variation,channel,13171.255424956182,nT
2026-03-18T21:31:00.000Z,COLA,X,variation,channel,13170.903161910916,nT
2026-03-18T21:32:00.000Z,COLA,X,variation,channel,13169.768308453407,nT
2026-03-18T21:33:00.000Z,COLA,X,variation,channel,13169.710504489613,nT
2026-03-18T21:34:00.000Z,COLA,X,variation,channel,13169.177020056944,nT
2026-03-18T21:35:00.000Z,COLA,X,variation,channel,13168.60522522157,nT
2026-03-18T21:36:00.000Z,COLA,X,variation,channel,13170.529123767441,nT
2026-03-18T21:37:00.000Z,COLA,X,variation,channel,13170.27737788269,nT
2026-03-18T21:38:00.000Z,COLA,X,variation,channel,13169.873535800629,nT
2026-03-18T21:39:00.000Z,COLA,X,variation,channel,13170.976921690384,nT
2026-03-18T21:40:00.000Z,COLA,X,variation,channel,13171.78665409981,nT
2026-03-18T21:41:00.000Z,COLA,X,variation,channel,13172.482371383065,nT
2026-03-18T21:42:00.000Z,COLA,X,variation,channel,13170.09721433594,nT
2026-03-18T21:43:00.000Z,COLA,X,variation,channel,13164.588636713057,nT
2026-03-18T21:44:00.000Z,COLA,X,variation,channel,13159.42363952008,nT
2026-03-18T21:45:00.000Z,COLA,X,variation,channel,13155.621883040514,nT
2026-03-18T21:46:00.000Z,COLA,X,variation,channel,13158.438707534438,nT
2026-03-18T21:47:00.000Z,COLA,X,variation,channel,13165.741547093196,nT
2026-03-18T21:48:00.000Z,COLA,X,variation,channel,13169.164481512778,nT
2026-03-18T21:49:00.000Z,COLA,X,variation,channel,13169.402253090333,nT
2026-03-18T21:50:00.000Z,COLA,X,variation,channel,13171.321552720052,nT
2026-03-18T21:51:00.000Z,COLA,X,variation,channel,13173.340284523567,nT
2026-03-18T21:52:00.000Z,COLA,X,variation,channel,13173.839195635423,nT
2026-03-18T21:53:00.000Z,COLA,X,variation,channel,13171.509188156706,nT
2026-03-18T21:54:00.000Z,COLA,X,variation,channel,13167.073278309237,nT
2026-03-18T21:55:00.000Z,COLA,X,variation,channel,13165.819399126718,nT
2026-03-18T21:56:00.000Z,COLA,X,variation,channel,13167.547655371358,nT
2026-03-18T21:57:00.000Z,COLA,X,variation,channel,13168.209735308683,nT
2026-03-18T21:58:00.000Z,COLA,X,variation,channel,13168.33192175468,nT
2026-03-18T21:59:00.000Z,COLA,X,variation,channel,13166.995073678037,nT
2026-03-18T22:00:00.000Z,COLA,X,variation,channel,13166.236455428898,nT
2026-03-18T22:01:00.000Z,COLA,X,variation,channel,13165.480600304301,nT
2026-03-18T22:02:00.000Z,COLA,X,variation,channel,13165.008755014152,nT
2026-03-18T22:03:00.000Z,COLA,X,variation,channel,13164.248330763081,nT
2026-03-18T22:04:00.000Z,COLA,X,variation,channel,13165.506905305407,nT
2026-03-18T22:05:00.000Z,COLA,X,variation,channel,13165.897544206664,nT
2026-03-18T22:06:00.000Z,COLA,X,variation,channel,13165.646126301977,nT
2026-03-18T22:07:00.000Z,COLA,X,variation,channel,13164.76307055409,nT
2026-03-18T22:08:00.000Z,COLA,X,variation,channel,13165.858627334059,nT
2026-03-18T22:09:00.000Z,COLA,X,variation,channel,13166.150424930192,nT
2026-03-18T22:10:00.000Z,COLA,X,variation,channel,13163.988965633263,nT
2026-03-18T22:11:00.000Z,COLA,X,variation,channel,13160.530673893185,nT
2026-03-18T22:12:00.000Z,COLA,X,variation,channel,13160.069429846537,nT
2026-03-18T22:13:00.000Z,COLA,X,variation,channel,13161.403201027142,nT
2026-03-18T22:14:00.000Z,COLA,X,variation,channel,13162.543048348807,nT
2026-03-18T22:15:00.000Z,COLA,X,variation,channel,13163.519448466837,nT
2026-03-18T22:16:00.000Z,COLA,X,variation,channel,13165.275077018223,nT
2026-03-18T22:17:00.000Z,COLA,X,variation,channel,13167.657202136223,nT
2026-03-18T22:18:00.000Z,COLA,X,variation,channel,13169.041011611705,nT
2026-03-18T22:19:00.000Z,COLA,X,variation,channel,13169.728176749766,nT
2026-03-18T22:20:00.000Z,COLA,X,variation,channel,13169.305402881051,nT
2026-03-18T22:21:00.000Z,COLA,X,variation,channel,13170.348255556892,nT
2026-03-18T22:22:00.000Z,COLA,X,variation,channel,13171.397785762743,nT
2026-03-18T22:23:00.000Z,COLA,X,variation,channel,13170.968911879461,nT
2026-03-18T22:24:00.000Z,COLA,X,variation,channel,13169.262810444836,nT
2026-03-18T22:25:00.000Z,COLA,X,variation,channel,13168.323288049929,nT
2026-03-18T22:26:00.000Z,COLA,X,variation,channel,13168.491625372022,nT
2026-03-18T22:27:00.000Z,COLA,X,variation,channel,13169.0149586201,nT
2026-03-18T22:28:00.000Z,COLA,X,variation,channel,13168.994050897694,nT
2026-03-18T22:29:00.000Z,COLA,X,variation,channel,13168.964598442859,nT
2026-03-18T22:30:00.000Z,COLA,X,variation,channel,13168.096007752973,nT
2026-03-18T22:31:00.000Z,COLA,X,variation,channel,13167.006389754648,nT
2026-03-18T22:32:00.000Z,COLA,X,variation,channel,13167.594474391457,nT
2026-03-18T22:33:00.000Z,COLA,X,variation,channel,13166.833547687182,nT
2026-03-18T22:34:00.000Z,COLA,X,variation,channel,13165.561999883384,nT
2026-03-18T22:35:00.000Z,COLA,X,variation,channel,13163.370741837984,nT
2026-03-18T22:36:00.000Z,COLA,X,variation,channel,13163.370361792071,nT
2026-03-18T22:37:00.000Z,COLA,X,variation,channel,13164.429386679067,nT
2026-03-18T22:38:00.000Z,COLA,X,variation,channel,13163.377588412848,nT
2026-03-18T22:39:00.000Z,COLA,X,variation,channel,13161.952697665381,nT
2026-03-18T22:40:00.000Z,COLA,X,variation,channel,13160.414253714907,nT
2026-03-18T22:41:00.000Z,COLA,X,variation,channel,13160.4277902522,nT
2026-03-18T22:42:00.000Z,COLA,X,variation,channel,13160.19856692634,nT
2026-03-18T22:43:00.000Z,COLA,X,variation,channel,13159.285172250868,nT
2026-03-18T22:44:00.000Z,COLA,X,variation,channel,13158.493284963755,nT
2026-03-18T22:45:00.000Z,COLA,X,variation,channel,13159.41835546234,nT
2026-03-18T22:46:00.000Z,COLA,X,variation,channel,13159.961377820719,nT
2026-03-18T22:47:00.000Z,COLA,X,variation,channel,13160.013808500229,nT
2026-03-18T22:48:00.000Z,COLA,X,variation,channel,13160.42439730322,nT
2026-03-18T22:49:00.000Z,COLA,X,variation,channel,13161.777209240488,nT
2026-03-18T22:50:00.000Z,COLA,X,variation,channel,13162.480841564968,nT
2026-03-18T22:51:00.000Z,COLA,X,variation,channel,13162.669599148341,nT
2026-03-18T22:52:00.000Z,COLA,X,variation,channel,13162.772949209086,nT
2026-03-18T22:53:00.000Z,COLA,X,variation,channel,13163.189101478727,nT
2026-03-18T22:54:00.000Z,COLA,X,variation,channel,13163.371937818842,nT
2026-03-18T22:55:00.000Z,COLA,X,variation,channel,13163.238614694823,nT
2026-03-18T22:56:00.000Z,COLA,X,variation,channel,13162.98042516156,nT
2026-03-18T22:57:00.000Z,COLA,X,variation,channel,13163.477398481493,nT
2026-03-18T22:58:00.000Z,COLA,X,variation,channel,13163.510707379986,nT
2026-03-18T22:59:00.000Z,COLA,X,variation,channel,13162.775536792491,nT
2026-03-18T23:00:00.000Z,COLA,X,variation,channel,13162.16944678148,nT
2026-03-18T23:01:00.000Z,COLA,X,variation,channel,13162.313612130782,nT
2026-03-18T23:02:00.000Z,COLA,X,variation,channel,13162.818076473164,nT
2026-03-18T23:03:00.000Z,COLA,X,variation,channel,13162.810889417506,nT
2026-03-18T23:04:00.000Z,COLA,X,variation,channel,13163.003247718107,nT
2026-03-18T23:05:00.000Z,COLA,X,variation,channel,13162.59870754343,nT
2026-03-18T23:06:00.000Z,COLA,X,variation,channel,13163.063372079743,nT
2026-03-18T23:07:00.000Z,COLA,X,variation,channel,13164.20294901462,nT
2026-03-18T23:08:00.000Z,COLA,X,variation,channel,13164.695073589312,nT
2026-03-18T23:09:00.000Z,COLA,X,variation,channel,13166.86209851102,nT
2026-03-18T23:10:00.000Z,COLA,X,variation,channel,13166.66176963553,nT
2026-03-18T23:11:00.000Z,COLA,X,variation,channel,13165.458805476745,nT
2026-03-18T23:12:00.000Z,COLA,X,variation,channel,13164.735496615605,nT
2026-03-18T23:13:00.000Z,COLA,X,variation,channel,13163.876156770477,nT
2026-03-18T23:14:00.000Z,COLA,X,variation,channel,13162.983442101018,nT
2026-03-18T23:15:00.000Z,COLA,X,variation,channel,13163.303367367293,nT
2026-03-18T23:16:00.000Z,COLA,X,variation,channel,13164.440383039933,nT
2026-03-18T23:17:00.000Z,COLA,X,variation,channel,13165.48867984011,nT
2026-03-18T23:18:00.000Z,COLA,X,variation,channel,13166.506676007784,nT
2026-03-18T23:19:00.000Z,COLA,X,variation,channel,13166.619032995322,nT
2026-03-18T23:20:00.000Z,COLA,X,variation,channel,13167.256652219963,nT
2026-03-18T23:21:00.000Z,COLA,X,variation,channel,13168.379964842405,nT
2026-03-18T23:22:00.000Z,COLA,X,variation,channel,13167.745977139952,nT
2026-03-18T23:23:00.000Z,COLA,X,variation,channel,13167.294226072987,nT
2026-03-18T23:24:00.000Z,COLA,X,variation,channel,13168.341682807197,nT
2026-03-18T23:25:00.000Z,COLA,X,variation,channel,13169.171584863036,nT
2026-03-18T23:26:00.000Z,COLA,X,variation,channel,13169.520737562878,nT
2026-03-18T23:27:00.000Z,COLA,X,variation,channel,13171.063940344591,nT
2026-03-18T23:28:00.000Z,COLA,X,variation,channel,13171.635687051466,nT
2026-03-18T23:29:00.000Z,COLA,X,variation,channel,13170.588012073038,nT
2026-03-18T23:30:00.000Z,COLA,X,variation,channel,13171.029848793629,nT
2026-03-18T23:31:00.000Z,COLA,X,variation,channel,13170.639081064859,nT
2026-03-18T23:32:00.000Z,COLA,X,variation,channel,13169.049194999625,nT
2026-03-18T23:33:00.000Z,COLA,X,variation,channel,13169.747693561636,nT
2026-03-18T23:34:00.000Z,COLA,X,variation,channel,13169.602313465895,nT
2026-03-18T23:35:00.000Z,COLA,X,variation,channel,13167.255450651546,nT
2026-03-18T23:36:00.000Z,COLA,X,variation,channel,13164.844651209834,nT
2026-03-18T23:37:00.000Z,COLA,X,variation,channel,13165.556742723593,nT
2026-03-18T23:38:00.000Z,COLA,X,variation,channel,13165.820800799194,nT
2026-03-18T23:39:00.000Z,COLA,X,variation,channel,13164.105880381743,nT
2026-03-18T23:40:00.000Z,COLA,X,variation,channel,13162.872776106786,nT
2026-03-18T23:41:00.000Z,COLA,X,variation,channel,13164.986080278699,nT
2026-03-18T23:42:00.000Z,COLA,X,variation,channel,13166.406624299949,nT
2026-03-18T23:43:00.000Z,COLA,X,variation,channel,13165.711892359945,nT
2026-03-18T23:44:00.000Z,COLA,X,variation,channel,13165.672001853038,nT
2026-03-18T23:45:00.000Z,COLA,X,variation,channel,13166.683946137624,nT
2026-03-18T23:46:00.000Z,COLA,X,variation,channel,13168.21437856742,nT
2026-03-18T23:47:00.000Z,COLA,X,variation,channel,13169.140965091701,nT
2026-03-18T23:48:00.000Z,COLA,X,variation,channel,13169.750416391147,nT
2026-03-18T23:49:00.000Z,COLA,X,variation,channel,13169.450912435364,nT
2026-03-18T23:50:00.000Z,COLA,X,variation,channel,13170.66881019392,nT
2026-03-18T23:51:00.000Z,COLA,X,variation,channel,13171.289654194516,nT
2026-03-18T23:52:00.000Z,COLA,X,variation,channel,13169.239908351365,nT
2026-03-18T23:53:00.000Z,COLA,X,variation,channel,13165.624916203524,nT
2026-03-18T23:54:00.000Z,COLA,X,variation,channel,13166.554033677667,nT
2026-03-18T23:55:00.000Z,COLA,X,variation,channel,13168.141209186819,nT
2026-03-18T23:56:00.000Z,COLA,X,variation,channel,13166.79276494549,nT
2026-03-18T23:57:00.000Z,COLA,X,variation,channel,13164.843557289454,nT
2026-03-18T23:58:00.000Z,COLA,X,variation,channel,13165.134072864726,nT
2026-03-18T23:59:00.000Z,COLA,X,variation,channel,13166.686337792846,nT
2026-03-19T00:00:00.000Z,COLA,X,variation,channel,13164.899555805658,nT
2026-03-19T00:01:00.000Z,COLA,X,variation,channel,13162.03965575385,nT
2026-03-19T00:02:00.000Z,COLA,X,variation,channel,13161.761948528274,nT
2026-03-19T00:03:00.000Z,COLA,X,variation,channel,13163.124774802154,nT
2026-03-19T00:04:00.000Z,COLA,X,variation,channel,13162.574682441224,nT
2026-03-19T00:05:00.000Z,COLA,X,variation,channel,13160.388672152914,nT
2026-03-19T00:06:00.000Z,COLA,X,variation,channel,13161.028257869877,nT
2026-03-19T00:07:00.000Z,COLA,X,variation,channel,13164.427362711975,nT
2026-03-19T00:08:00.000Z,COLA,X,variation,channel,13167.608051319961,nT
2026-03-19T00:09:00.000Z,COLA,X,variation,channel,13168.465268386319,nT
2026-03-19T00:10:00.000Z,COLA,X,variation,channel,13168.350131357629,nT
2026-03-19T00:11:00.000Z,COLA,X,variation,channel,13169.494520183232,nT
2026-03-19T00:12:00.000Z,COLA,X,variation,channel,13170.992708466825,nT
2026-03-19T00:13:00.000Z,COLA,X,variation,channel,13170.08901948792,nT
2026-03-19T00:14:00.000Z,COLA,X,variation,channel,13169.023518451466,nT
2026-03-19T00:15:00.000Z,COLA,X,variation,channel,13168.271892983616,nT
2026-03-19T00:16:00.000Z,COLA,X,variation,channel,13167.305537590353,nT
2026-03-19T00:17:00.000Z,COLA,X,variation,channel,13166.032614214317,nT
2026-03-19T00:18:00.000Z,COLA,X,variation,channel,13165.03640014642,nT
2026-03-19T00:19:00.000Z,COLA,X,variation,channel,13163.396066521136,nT
2026-03-19T00:20:00.000Z,COLA,X,variation,channel,13163.298382678631,nT
2026-03-19T00:21:00.000Z,COLA,X,variation,channel,13162.620798006072,nT
2026-03-19T00:22:00.000Z,COLA,X,variation,channel,13162.493815348022,nT
2026-03-19T00:23:00.000Z,COLA,X,variation,channel,13162.798324295873,nT
2026-03-19T00:24:00.000Z,COLA,X,variation,channel,13163.7472714199,nT
2026-03-19T00:25:00.000Z,COLA,X,variation,channel,13162.710489221954,nT
2026-03-19T00:26:00.000Z,COLA,X,variation,channel,13160.739271811688,nT
2026-03-19T00:27:00.000Z,COLA,X,variation,channel,13159.133785607379,nT
2026-03-19T00:28:00.000Z,COLA,X,variation,channel,13160.415242432076,nT
2026-03-19T00:29:00.000Z,COLA,X,variation,channel,13163.059510390742,nT
2026-03-19T00:30:00.000Z,COLA,X,variation,channel,13165.042354995298,nT
2026-03-19T00:31:00.000Z,COLA,X,variation,channel,13166.135715524553,nT
2026-03-19T00:32:00.000Z,COLA,X,variation,channel,13166.625368185636,nT
2026-03-19T00:33:00.000Z,COLA,X,variation,channel,13167.856508181227,nT
2026-03-19T00:34:00.000Z,COLA,X,variation,channel,13166.937569490656,nT
2026-03-19T00:35:00.000Z,COLA,X,variation,channel,13164.33296126373,nT
2026-03-19T00:36:00.000Z,COLA,X,variation,channel,13164.337432263499,nT
2026-03-19T00:37:00.000Z,COLA,X,variation,channel,13164.48108494463,nT
2026-03-19T00:38:00.000Z,COLA,X,variation,channel,13163.978251391225,nT
2026-03-19T00:39:00.000Z,COLA,X,variation,channel,13164.584890416394,nT
2026-03-19T00:40:00.000Z,COLA,X,variation,channel,13164.752198178869,nT
2026-03-19T00:41:00.000Z,COLA,X,variation,channel,13164.365678108454,nT
2026-03-19T00:42:00.000Z,COLA,X,variation,channel,13164.838221334714,nT
2026-03-19T00:43:00.000Z,COLA,X,variation,channel,13164.96780977785,nT
2026-03-19T00:44:00.000Z,COLA,X,variation,channel,13164.68017551162,nT
2026-03-19T00:45:00.000Z,COLA,X,variation,channel,13162.373861949225,nT
2026-03-19T00:46:00.000Z,COLA,X,variation,channel,13161.749522044587,nT
2026-03-19T00:47:00.000Z,COLA,X,variation,channel,13162.16668386384,nT
2026-03-19T00:48:00.000Z,COLA,X,variation,channel,13164.804901167523,nT
2026-03-19T00:49:00.000Z,COLA,X,variation,channel,13164.992430798597,nT
2026-03-19T00:50:00.000Z,COLA,X,variation,channel,13163.165926187576,nT
2026-03-19T00:51:00.000Z,COLA,X,variation,channel,13161.566281253257,nT
2026-03-19T00:52:00.000Z,COLA,X,variation,channel,13162.717486358662,nT
2026-03-19T00:53:00.000Z,COLA,X,variation,channel,13166.1573582753,nT
2026-03-19T00:54:00.000Z,COLA,X,variation,channel,13166.932686913955,nT
2026-03-19T00:55:00.000Z,COLA,X,variation,channel,13166.152351627785,nT
2026-03-19T00:56:00.000Z,COLA,X,variation,channel,13168.178726801561,nT
2026-03-19T00:57:00.000Z,COLA,X,variation,channel,13168.497298591348,nT
2026-03-19T00:58:00.000Z,COLA,X,variation,channel,13168.312565451162,nT
2026-03-19T00:59:00.000Z,COLA,X,variation,channel,13167.437649751313,nT
2026-03-19T01:00:00.000Z,COLA,X,variation,channel,13168.065938450785,nT
2026-03-19T01:01:00.000Z,COLA,X,variation,channel,13170.51373139824,nT
2026-03-19T01:02:00.000Z,COLA,X,variation,channel,13169.716069959357,nT
2026-03-19T01:03:00.000Z,COLA,X,variation,channel,13166.646106851242,nT
2026-03-19T01:04:00.000Z,COLA,X,variation,channel,13169.007068642659,nT
2026-03-19T01:05:00.000Z,COLA,X,variation,channel,13170.403597891529,nT
2026-03-19T01:06:00.000Z,COLA,X,variation,channel,13169.981810330117,nT
2026-03-19T01:07:00.000Z,COLA,X,variation,channel,13167.971316830311,nT
2026-03-19T01:08:00.000Z,COLA,X,variation,channel,13167.798672674207,nT
2026-03-19T01:09:00.000Z,COLA,X,variation,channel,13166.836442164102,nT
2026-03-19T01:10:00.000Z,COLA,X,variation,channel,13167.89312803779,nT
2026-03-19T01:11:00.000Z,COLA,X,variation,channel,13170.562710165661,nT
2026-03-19T01:12:00.000Z,COLA,X,variation,channel,13170.941202448628,nT
2026-03-19T01:13:00.000Z,COLA,X,variation,channel,13171.525871661404,nT
2026-03-19T01:14:00.000Z,COLA,X,variation,channel,13170.290355674892,nT
2026-03-19T01:15:00.000Z,COLA,X,variation,channel,13169.48516894005,nT
2026-03-19T01:16:00.000Z,COLA,X,variation,channel,13170.61687076021,nT
2026-03-19T01:17:00.000Z,COLA,X,variation,channel,13169.98692103712,nT
2026-03-19T01:18:00.000Z,COLA,X,variation,channel,13168.002100458689,nT
2026-03-19T01:19:00.000Z,COLA,X,variation,channel,13167.445369971096,nT
2026-03-19T01:20:00.000Z,COLA,X,variation,channel,13169.187200511122,nT
2026-03-19T01:21:00.000Z,COLA,X,variation,channel,13170.892419074651,nT
2026-03-19T01:22:00.000Z,COLA,X,variation,channel,13171.393554705091,nT
2026-03-19T01:23:00.000Z,COLA,X,variation,channel,13173.495739752518,nT
2026-03-19T01:24:00.000Z,COLA,X,variation,channel,13172.949229536176,nT
2026-03-19T01:25:00.000Z,COLA,X,variation,channel,13171.115135561793,nT
2026-03-19T01:26:00.000Z,COLA,X,variation,channel,13169.984512927564,nT
2026-03-19T01:27:00.000Z,COLA,X,variation,channel,13175.915075194653,nT
2026-03-19T01:28:00.000Z,COLA,X,variation,channel,13177.136949272379,nT
2026-03-19T01:29:00.000Z,COLA,X,variation,channel,13174.173381106804,nT
2026-03-19T01:30:00.000Z,COLA,X,variation,channel,13171.409709008885,nT
2026-03-19T01:31:00.000Z,COLA,X,variation,channel,13170.443538743088,nT
2026-03-19T01:32:00.000Z,COLA,X,variation,channel,13173.413547775903,nT
2026-03-19T01:33:00.000Z,COLA,X,variation,channel,13173.465810590966,nT
2026-03-19T01:34:00.000Z,COLA,X,variation,channel,13173.175777351411,nT
2026-03-19T01:35:00.000Z,COLA,X,variation,channel,13172.500993236388,nT
2026-03-19T01:36:00.000Z,COLA,X,variation,channel,13166.079696469675,nT
2026-03-19T01:37:00.000Z,COLA,X,variation,channel,13171.664093172567,nT
2026-03-19T01:38:00.000Z,COLA,X,variation,channel,13176.014413251854,nT
2026-03-19T01:39:00.000Z,COLA,X,variation,channel,13176.008272676338,nT
2026-03-19T01:40:00.000Z,COLA,X,variation,channel,13172.760242335213,nT
2026-03-19T01:41:00.000Z,COLA,X,variation,channel,13172.419721416547,nT
2026-03-19T01:42:00.000Z,COLA,X,variation,channel,13172.16612531827,nT
2026-03-19T01:43:00.000Z,COLA,X,variation,channel,13174.344924409974,nT
2026-03-19T01:44:00.000Z,COLA,X,variation,channel,13174.544615226889,nT
2026-03-19T01:45:00.000Z,COLA,X,variation,channel,13171.80495791827,nT
2026-03-19T01:46:00.000Z,COLA,X,variation,channel,13172.296704197028,nT
2026-03-19T01:47:00.000Z,COLA,X,variation,channel,13173.794141943645,nT
2026-03-19T01:48:00.000Z,COLA,X,variation,channel,13175.705961109705,nT
2026-03-19T01:49:00.000Z,COLA,X,variation,channel,13174.786889617797,nT
2026-03-19T01:50:00.000Z,COLA,X,variation,channel,13173.860512980602,nT
2026-03-19T01:51:00.000Z,COLA,X,variation,channel,13177.229880948737,nT
2026-03-19T01:52:00.000Z,COLA,X,variation,channel,13174.391029367069,nT
2026-03-19T01:53:00.000Z,COLA,X,variation,channel,13174.08658120721,nT
2026-03-19T01:54:00.000Z,COLA,X,variation,channel,13173.518108861486,nT
2026-03-19T01:55:00.000Z,COLA,X,variation,channel,13175.06302471127,nT
2026-03-19T01:56:00.000Z,COLA,X,variation,channel,13175.242465252573,nT
2026-03-19T01:57:00.000Z,COLA,X,variation,channel,13170.967031979015,nT
2026-03-19T01:58:00.000Z,COLA,X,variation,channel,13171.430918849548,nT
2026-03-19T01:59:00.000Z,COLA,X,variation,channel,13173.013620100219,nT
2026-03-19T02:00:00.000Z,COLA,X,variation,channel,13171.513869997618,nT
2026-03-19T02:01:00.000Z,COLA,X,variation,channel,13169.939765862868,nT
2026-03-19T02:02:00.000Z,COLA,X,variation,channel,13172.436558230524,nT
2026-03-19T02:03:00.000Z,COLA,X,variation,channel,13173.361334269726,nT
2026-03-19T02:04:00.000Z,COLA,X,variation,channel,13173.293496681012,nT
2026-03-19T02:05:00.000Z,COLA,X,variation,channel,13172.190554019924,nT
2026-03-19T02:06:00.000Z,COLA,X,variation,channel,13173.192319140404,nT
2026-03-19T02:07:00.000Z,COLA,X,variation,channel,13171.655536472284,nT
2026-03-19T02:08:00.000Z,COLA,X,variation,channel,13171.134747474172,nT
2026-03-19T02:09:00.000Z,COLA,X,variation,channel,13167.171130260596,nT
2026-03-19T02:10:00.000Z,COLA,X,variation,channel,13169.060855898926,nT
2026-03-19T02:11:00.000Z,COLA,X,variation,channel,13169.698837717388,nT
2026-03-19T02:12:00.000Z,COLA,X,variation,channel,13170.946588418828,nT
2026-03-19T02:13:00.000Z,COLA,X,variation,channel,13171.708632661715,nT
2026-03-19T02:14:00.000Z,COLA,X,variation,channel,13173.468540230795,nT
2026-03-19T02:15:00.000Z,COLA,X,variation,channel,13170.8526883946,nT
2026-03-19T02:16:00.000Z,COLA,X,variation,channel,13172.026856086379,nT
2026-03-19T02:17:00.000Z,COLA,X,variation,channel,13169.729964634555,nT
2026-03-19T02:18:00.000Z,COLA,X,variation,channel,13168.483792619574,nT
2026-03-19T02:19:00.000Z,COLA,X,variation,channel,13172.175433973016,nT
2026-03-19T02:20:00.000Z,COLA,X,variation,channel,13171.941465748865,nT
2026-03-19T02:21:00.000Z,COLA,X,variation,channel,13174.39733714233,nT
2026-03-19T02:22:00.000Z,COLA,X,variation,channel,13172.985321570673,nT
2026-03-19T02:23:00.000Z,COLA,X,variation,channel,13169.05981889389,nT
2026-03-19T02:24:00.000Z,COLA,X,variation,channel,13173.625074077287,nT
2026-03-19T02:25:00.000Z,COLA,X,variation,channel,13175.458225570013,nT
2026-03-19T02:26:00.000Z,COLA,X,variation,channel,13175.593401373297,nT
2026-03-19T02:27:00.000Z,COLA,X,variation,channel,13175.852895089585,nT
2026-03-19T02:28:00.000Z,COLA,X,variation,channel,13173.605017755142,nT
2026-03-19T02:29:00.000Z,COLA,X,variation,channel,13171.411774867916,nT
2026-03-19T02:30:00.000Z,COLA,X,variation,channel,13172.147554333242,nT
2026-03-19T02:31:00.000Z,COLA,X,variation,channel,13175.194077449483,nT
2026-03-19T02:32:00.000Z,COLA,X,variation,channel,13175.558242413645,nT
2026-03-19T02:33:00.000Z,COLA,X,variation,channel,13175.289350014315,nT
2026-03-19T02:34:00.000Z,COLA,X,variation,channel,13180.102245180575,nT
2026-03-19T02:35:00.000Z,COLA,X,variation,channel,13178.62496122868,nT
2026-03-19T02:36:00.000Z,COLA,X,variation,channel,13170.101985218975,nT
2026-03-19T02:37:00.000Z,COLA,X,variation,channel,13171.103124498022,nT
2026-03-19T02:38:00.000Z,COLA,X,variation,channel,13171.103892979801,nT
2026-03-19T02:39:00.000Z,COLA,X,variation,channel,13175.101145425604,nT
2026-03-19T02:40:00.000Z,COLA,X,variation,channel,13177.832197508993,nT
2026-03-19T02:41:00.000Z,COLA,X,variation,channel,13177.642018295006,nT
2026-03-19T02:42:00.000Z,COLA,X,variation,channel,13179.519737778497,nT
2026-03-19T02:43:00.000Z,COLA,X,variation,channel,13176.778824916018,nT
2026-03-19T02:44:00.000Z,COLA,X,variation,channel,13178.062803102235,nT
2026-03-19T02:45:00.000Z,COLA,X,variation,channel,13175.166990647558,nT
2026-03-19T02:46:00.000Z,COLA,X,variation,channel,13172.417630086373,nT
2026-03-19T02:47:00.000Z,COLA,X,variation,channel,13175.53132517467,nT
2026-03-19T02:48:00.000Z,COLA,X,variation,channel,13178.422390934928,nT
2026-03-19T02:49:00.000Z,COLA,X,variation,channel,13176.186105652594,nT
2026-03-19T02:50:00.000Z,COLA,X,variation,channel,13174.767135802847,nT
2026-03-19T02:51:00.000Z,COLA,X,variation,channel,13175.669915041482,nT
2026-03-19T02:52:00.000Z,COLA,X,variation,channel,13180.567141012561,nT
2026-03-19T02:53:00.000Z,COLA,X,variation,channel,13180.322869826585,nT
2026-03-19T02:54:00.000Z,COLA,X,variation,channel,13177.864141559436,nT
2026-03-19T02:55:00.000Z,COLA,X,variation,channel,13179.576578279146,nT
2026-03-19T02:56:00.000Z,COLA,X,variation,channel,13179.825856571619,nT
2026-03-19T02:57:00.000Z,COLA,X,variation,channel,13173.492454683495,nT
2026-03-19T02:58:00.000Z,COLA,X,variation,channel,13177.421555301476,nT
2026-03-19T02:59:00.000Z,COLA,X,variation,channel,13181.917590020974,nT
2026-03-19T03:00:00.000Z,COLA,X,variation,channel,13178.684436967767,nT
2026-03-19T03:01:00.000Z,COLA,X,variation,channel,13179.903871497985,nT
2026-03-19T03:02:00.000Z,COLA,X,variation,channel,13184.254030119904,nT
2026-03-19T03:03:00.000Z,COLA,X,variation,channel,13185.675105759618,nT
2026-03-19T03:04:00.000Z,COLA,X,variation,channel,13186.314120346606,nT
2026-03-19T03:05:00.000Z,COLA,X,variation,channel,13183.373723764247,nT
2026-03-19T03:06:00.000Z,COLA,X,variation,channel,13181.865080924805,nT
2026-03-19T03:07:00.000Z,COLA,X,variation,channel,13181.159055859152,nT
2026-03-19T03:08:00.000Z,COLA,X,variation,channel,13183.30069763492,nT
2026-03-19T03:09:00.000Z,COLA,X,variation,channel,13181.798401150903,nT
2026-03-19T03:10:00.000Z,COLA,X,variation,channel,13181.003828870578,nT
2026-03-19T03:11:00.000Z,COLA,X,variation,channel,13182.361785996583,nT
2026-03-19T03:12:00.000Z,COLA,X,variation,channel,13182.750388174618,nT
2026-03-19T03:13:00.000Z,COLA,X,variation,channel,13184.4383356223,nT
2026-03-19T03:14:00.000Z,COLA,X,variation,channel,13180.584967077912,nT
2026-03-19T03:15:00.000Z,COLA,X,variation,channel,13185.571183873662,nT
2026-03-19T03:16:00.000Z,COLA,X,variation,channel,13188.652340139995,nT
2026-03-19T03:17:00.000Z,COLA,X,variation,channel,13187.405214704453,nT
2026-03-19T03:18:00.000Z,COLA,X,variation,channel,13184.85391430984,nT
2026-03-19T03:19:00.000Z,COLA,X,variation,channel,13187.516294524119,nT
2026-03-19T03:20:00.000Z,COLA,X,variation,channel,13186.197157270099,nT
2026-03-19T03:21:00.000Z,COLA,X,variation,channel,13185.475919635286,nT
2026-03-19T03:22:00.000Z,COLA,X,variation,channel,13187.827456386503,nT
2026-03-19T03:23:00.000Z,COLA,X,variation,channel,13189.92851892854,nT
2026-03-19T03:24:00.000Z,COLA,X,variation,channel,13188.792301832877,nT
2026-03-19T03:25:00.000Z,COLA,X,variation,channel,13191.941228516062,nT
2026-03-19T03:26:00.000Z,COLA,X,variation,channel,13191.069854843545,nT
2026-03-19T03:27:00.000Z,COLA,X,variation,channel,13183.151617247086,nT
2026-03-19T03:28:00.000Z,COLA,X,variation,channel,13183.284787534674,nT
2026-03-19T03:29:00.000Z,COLA,X,variation,channel,13181.18109928653,nT
2026-03-19T03:30:00.000Z,COLA,X,variation,channel,13179.31644655652,nT
2026-03-19T03:31:00.000Z,COLA,X,variation,channel,13182.435551409819,nT
2026-03-19T03:32:00.000Z,COLA,X,variation,channel,13182.61189254005,nT
2026-03-19T03:33:00.000Z,COLA,X,variation,channel,13183.401591652342,nT
2026-03-19T03:34:00.000Z,COLA,X,variation,channel,13183.74184307586,nT
2026-03-19T03:35:00.000Z,COLA,X,variation,channel,13182.739659072804,nT
2026-03-19T03:36:00.000Z,COLA,X,variation,channel,13184.41405517788,nT
2026-03-19T03:37:00.000Z,COLA,X,variation,channel,13184.760592054252,nT
2026-03-19T03:38:00.000Z,COLA,X,variation,channel,13184.905288150509,nT
2026-03-19T03:39:00.000Z,COLA,X,variation,channel,13183.864090129424,nT
2026-03-19T03:40:00.000Z,COLA,X,variation,channel,13186.123197965757,nT
2026-03-19T03:41:00.000Z,COLA,X,variation,channel,13186.38161629004,nT
2026-03-19T03:42:00.000Z,COLA,X,variation,channel,13188.751902891387,nT
2026-03-19T03:43:00.000Z,COLA,X,variation,channel,13186.165857261713,nT
2026-03-19T03:44:00.000Z,COLA,X,variation,channel,13185.940587074409,nT
2026-03-19T03:45:00.000Z,COLA,X,variation,channel,13187.26181585951,nT
2026-03-19T03:46:00.000Z,COLA,X,variation,channel,13187.779459064717,nT
2026-03-19T03:47:00.000Z,COLA,X,variation,channel,13189.020993217817,nT
2026-03-19T03:48:00.000Z,COLA,X,variation,channel,13192.128104149164,nT
2026-03-19T03:49:00.000Z,COLA,X,variation,channel,13190.37807665955,nT
2026-03-19T03:50:00.000Z,COLA,X,variation,channel,13188.465472582157,nT
2026-03-19T03:51:00.000Z,COLA,X,variation,channel,13189.883277431003,nT
2026-03-19T03:52:00.000Z,COLA,X,variation,channel,13191.254150864435,nT
2026-03-19T03:53:00.000Z,COLA,X,variation,channel,13190.46635645637,nT
2026-03-19T03:54:00.000Z,COLA,X,variation,channel,13190.441381215944,nT
2026-03-19T03:55:00.000Z,COLA,X,variation,channel,13189.445938578801,nT
2026-03-19T03:56:00.000Z,COLA,X,variation,channel,13189.539072372243,nT
2026-03-19T03:57:00.000Z,COLA,X,variation,channel,13189.544066987868,nT
2026-03-19T03:58:00.000Z,COLA,X,variation,channel,13189.474981752763,nT
2026-03-19T03:59:00.000Z,COLA,X,variation,channel,13192.202275456732,nT
2026-03-19T04:00:00.000Z,COLA,X,variation,channel,13193.361144469463,nT
2026-03-19T04:01:00.000Z,COLA,X,variation,channel,13193.606728128807,nT
2026-03-19T04:02:00.000Z,COLA,X,variation,channel,13195.033950281337,nT
2026-03-19T04:03:00.000Z,COLA,X,variation,channel,13194.623001130865,nT
2026-03-19T04:04:00.000Z,COLA,X,variation,channel,13194.747986593136,nT
2026-03-19T04:05:00.000Z,COLA,X,variation,channel,13196.495644617413,nT
2026-03-19T04:06:00.000Z,COLA,X,variation,channel,13198.37087839052,nT
2026-03-19T04:07:00.000Z,COLA,X,variation,channel,13199.02167337258,nT
2026-03-19T04:08:00.000Z,COLA,X,variation,channel,13197.99250827606,nT
2026-03-19T04:09:00.000Z,COLA,X,variation,channel,13196.478338146673,nT
2026-03-19T04:10:00.000Z,COLA,X,variation,channel,13193.975159498796,nT
2026-03-19T04:11:00.000Z,COLA,X,variation,channel,13192.171810707765,nT
2026-03-19T04:12:00.000Z,COLA,X,variation,channel,13192.165887816507,nT
2026-03-19T04:13:00.000Z,COLA,X,variation,channel,13192.475591327495,nT
2026-03-19T04:14:00.000Z,COLA,X,variation,channel,13193.396987545524,nT
2026-03-19T04:15:00.000Z,COLA,X,variation,channel,13193.7662240609,nT
2026-03-19T04:16:00.000Z,COLA,X,variation,channel,13193.496782972312,nT
2026-03-19T04:17:00.000Z,COLA,X,variation,channel,13192.619661257508,nT
2026-03-19T04:18:00.000Z,COLA,X,variation,channel,13191.403440082593,nT
2026-03-19T04:19:00.000Z,COLA,X,variation,channel,13191.879128431308,nT
2026-03-19T04:20:00.000Z,COLA,X,variation,channel,13192.762575421322,nT
2026-03-19T04:21:00.000Z,COLA,X,variation,channel,13192.388364396098,nT
2026-03-19T04:22:00.000Z,COLA,X,variation,channel,13191.795787881432,nT
2026-03-19T04:23:00.000Z,COLA,X,variation,channel,13193.2090001296,nT
2026-03-19T04:24:00.000Z,COLA,X,variation,channel,13193.311695447459,nT
2026-03-19T04:25:00.000Z,COLA,X,variation,channel,13185.796628669907,nT
2026-03-19T04:26:00.000Z,COLA,X,variation,channel,13186.684488935824,nT
2026-03-19T04:27:00.000Z,COLA,X,variation,channel,13191.117565863147,nT
2026-03-19T04:28:00.000Z,COLA,X,variation,channel,13192.82387161885,nT
2026-03-19T04:29:00.000Z,COLA,X,variation,channel,13192.149812022062,nT
2026-03-19T04:30:00.000Z,COLA,X,variation,channel,13190.949540863636,nT
2026-03-19T04:31:00.000Z,COLA,X,variation,channel,13189.953745866573,nT
2026-03-19T04:32:00.000Z,COLA,X,variation,channel,13192.083175583544,nT
2026-03-19T04:33:00.000Z,COLA,X,variation,channel,13193.22479417464,nT
2026-03-19T04:34:00.000Z,COLA,X,variation,channel,13192.026171323856,nT
2026-03-19T04:35:00.000Z,COLA,X,variation,channel,13191.974742042343,nT
2026-03-19T04:36:00.000Z,COLA,X,variation,channel,13191.785448057888,nT
2026-03-19T04:37:00.000Z,COLA,X,variation,channel,13193.367952007444,nT
2026-03-19T04:38:00.000Z,COLA,X,variation,channel,13194.333021365197,nT
2026-03-19T04:39:00.000Z,COLA,X,variation,channel,13192.519424778828,nT
2026-03-19T04:40:00.000Z,COLA,X,variation,channel,13191.572933163563,nT
2026-03-19T04:41:00.000Z,COLA,X,variation,channel,13191.230713592277,nT
2026-03-19T04:42:00.000Z,COLA,X,variation,channel,13191.584757451137,nT
2026-03-19T04:43:00.000Z,COLA,X,variation,channel,13192.897282170672,nT
2026-03-19T04:44:00.000Z,COLA,X,variation,channel,13191.169515995905,nT
2026-03-19T04:45:00.000Z,COLA,X,variation,channel,13192.057102450643,nT
2026-03-19T04:46:00.000Z,COLA,X,variation,channel,13192.95442790636,nT
2026-03-19T04:47:00.000Z,COLA,X,variation,channel,13190.523356356329,nT
2026-03-19T04:48:00.000Z,COLA,X,variation,channel,13188.487227654408,nT
2026-03-19T04:49:00.000Z,COLA,X,variation,channel,13187.915626848562,nT
2026-03-19T04:50:00.000Z,COLA,X,variation,channel,13187.859556918262,nT
2026-03-19T04:51:00.000Z,COLA,X,variation,channel,13187.788024412623,nT
2026-03-19T04:52:00.000Z,COLA,X,variation,channel,13187.210677124094,nT
2026-03-19T04:53:00.000Z,COLA,X,variation,channel,13188.050336175314,nT
2026-03-19T04:54:00.000Z,COLA,X,variation,channel,13188.76651558293,nT
2026-03-19T04:55:00.000Z,COLA,X,variation,channel,13188.601955971053,nT
2026-03-19T04:56:00.000Z,COLA,X,variation,channel,13189.702432516004,nT
2026-03-19T04:57:00.000Z,COLA,X,variation,channel,13189.48663312925,nT
2026-03-19T04:58:00.000Z,COLA,X,variation,channel,13189.713329833396,nT
2026-03-19T04:59:00.000Z,COLA,X,variation,channel,13191.110857306914,nT
2026-03-19T05:00:00.000Z,COLA,X,variation,channel,13191.260256180683,nT
2026-03-19T05:01:00.000Z,COLA,X,variation,channel,13190.63646059978,nT
2026-03-19T05:02:00.000Z,COLA,X,variation,channel,13191.06406563867,nT
2026-03-19T05:03:00.000Z,COLA,X,variation,channel,13190.69224257807,nT
2026-03-19T05:04:00.000Z,COLA,X,variation,channel,13190.544433928097,nT
2026-03-19T05:05:00.000Z,COLA,X,variation,channel,13191.92787239579,nT
2026-03-19T05:06:00.000Z,COLA,X,variation,channel,13192.001421631958,nT
2026-03-19T05:07:00.000Z,COLA,X,variation,channel,13191.526318958533,nT
2026-03-19T05:08:00.000Z,COLA,X,variation,channel,13191.455439660596,nT
2026-03-19T05:09:00.000Z,COLA,X,variation,channel,13190.45254895618,nT
2026-03-19T05:10:00.000Z,COLA,X,variation,channel,13190.717769712448,nT
2026-03-19T05:11:00.000Z,COLA,X,variation,channel,13190.725638509,nT
2026-03-19T05:12:00.000Z,COLA,X,variation,channel,13189.910530735722,nT
2026-03-19T05:13:00.000Z,COLA,X,variation,channel,13190.495738725864,nT
2026-03-19T05:14:00.000Z,COLA,X,variation,channel,13190.378665949824,nT
2026-03-19T05:15:00.000Z,COLA,X,variation,channel,13190.027840305876,nT
2026-03-19T05:16:00.000Z,COLA,X,variation,channel,13190.640986995673,nT
2026-03-19T05:17:00.000Z,COLA,X,variation,channel,13190.549518391177,nT
2026-03-19T05:18:00.000Z,COLA,X,variation,channel,13189.530613901134,nT
2026-03-19T05:19:00.000Z,COLA,X,variation,channel,13190.533813363054,nT
2026-03-19T05:20:00.000Z,COLA,X,variation,channel,13191.329653800984,nT
2026-03-19T05:21:00.000Z,COLA,X,variation,channel,13190.644399610863,nT
2026-03-19T05:22:00.000Z,COLA,X,variation,channel,13190.691273073342,nT
2026-03-19T05:23:00.000Z,COLA,X,variation,channel,13188.644061315537,nT
2026-03-19T05:24:00.000Z,COLA,X,variation,channel,13186.488806549001,nT
2026-03-19T05:25:00.000Z,COLA,X,variation,channel,13188.929347564157,nT
2026-03-19T05:26:00.000Z,COLA,X,variation,channel,13189.554745833413,nT
2026-03-19T05:27:00.000Z,COLA,X,variation,channel,13190.613718792907,nT
2026-03-19T05:28:00.000Z,COLA,X,variation,channel,13189.754676073888,nT
2026-03-19T05:29:00.000Z,COLA,X,variation,channel,13188.945495267633,nT
2026-03-19T05:30:00.000Z,COLA,X,variation,channel,13187.776436813221,nT
2026-03-19T05:31:00.000Z,COLA,X,variation,channel,13187.80923263771,nT
2026-03-19T05:32:00.000Z,COLA,X,variation,channel,13188.946232467639,nT
2026-03-19T05:33:00.000Z,COLA,X,variation,channel,13187.875273678519,nT
2026-03-19T05:34:00.000Z,COLA,X,variation,channel,13187.102892059991,nT
2026-03-19T05:35:00.000Z,COLA,X,variation,channel,13186.399195900925,nT
2026-03-19T05:36:00.000Z,COLA,X,variation,channel,13188.356203318483,nT
2026-03-19T05:37:00.000Z,COLA,X,variation,channel,13187.992371157085,nT
2026-03-19T05:38:00.000Z,COLA,X,variation,channel,13187.670912247393,nT
2026-03-19T05:39:00.000Z,COLA,X,variation,channel,13188.420699865028,nT
2026-03-19T05:40:00.000Z,COLA,X,variation,channel,13188.633415586124,nT
2026-03-19T05:41:00.000Z,COLA,X,variation,channel,13188.976451081267,nT
2026-03-19T05:42:00.000Z,COLA,X,variation,channel,13189.344780838153,nT
2026-03-19T05:43:00.000Z,COLA,X,variation,channel,13192.065917840098,nT
2026-03-19T05:44:00.000Z,COLA,X,variation,channel,13191.574318302874,nT
2026-03-19T05:45:00.000Z,COLA,X,variation,channel,13189.74316903784,nT
2026-03-19T05:46:00.000Z,COLA,X,variation,channel,13190.885682698288,nT
2026-03-19T05:47:00.000Z,COLA,X,variation,channel,13192.381018563792,nT
2026-03-19T05:48:00.000Z,COLA,X,variation,channel,13191.359546647349,nT
2026-03-19T05:49:00.000Z,COLA,X,variation,channel,13191.03324007839,nT
2026-03-19T05:50:00.000Z,COLA,X,variation,channel,13192.953064573641,nT
2026-03-19T05:51:00.000Z,COLA,X,variation,channel,13193.850947510378,nT
2026-03-19T05:52:00.000Z,COLA,X,variation,channel,13193.765679142529,nT
2026-03-19T05:53:00.000Z,COLA,X,variation,channel,13190.659322298789,nT
2026-03-19T05:54:00.000Z,COLA,X,variation,channel,13190.878504323258,nT
2026-03-19T05:55:00.000Z,COLA,X,variation,channel,13190.122827309578,nT
2026-03-19T05:56:00.000Z,COLA,X,variation,channel,13190.745535187314,nT
2026-03-19T05:57:00.000Z,COLA,X,variation,channel,13191.700632126542,nT
2026-03-19T05:58:00.000Z,COLA,X,variation,channel,13193.358450318427,nT
2026-03-19T05:59:00.000Z,COLA,X,variation,channel,13193.044581179687,nT
2026-03-19T06:00:00.000Z,COLA,X,variation,channel,13193.759301716691,nT
2026-03-19T06:01:00.000Z,COLA,X,variation,channel,13195.140678184829,nT
2026-03-19T06:02:00.000Z,COLA,X,variation,channel,13194.489052628665,nT
2026-03-19T06:03:00.000Z,COLA,X,variation,channel,13193.904208782267,nT
2026-03-19T06:04:00.000Z,COLA,X,variation,channel,13193.988520870282,nT
2026-03-19T06:05:00.000Z,COLA,X,variation,channel,13190.534554585804,nT
2026-03-19T06:06:00.000Z,COLA,X,variation,channel,13189.116844838056,nT
2026-03-19T06:07:00.000Z,COLA,X,variation,channel,13188.165144956143,nT
2026-03-19T06:08:00.000Z,COLA,X,variation,channel,13188.88989374608,nT
2026-03-19T06:09:00.000Z,COLA,X,variation,channel,13191.583677266024,nT
2026-03-19T06:10:00.000Z,COLA,X,variation,channel,13192.68829614988,nT
2026-03-19T06:11:00.000Z,COLA,X,variation,channel,13194.435961196325,nT
2026-03-19T06:12:00.000Z,COLA,X,variation,channel,13193.438668654648,nT
2026-03-19T06:13:00.000Z,COLA,X,variation,channel,13193.539594038708,nT
2026-03-19T06:14:00.000Z,COLA,X,variation,channel,13193.444096970612,nT
2026-03-19T06:15:00.000Z,COLA,X,variation,channel,13192.669848819607,nT
2026-03-19T06:16:00.000Z,COLA,X,variation,channel,13190.893683974702,nT
2026-03-19T06:17:00.000Z,COLA,X,variation,channel,13188.254079005741,nT
2026-03-19T06:18:00.000Z,COLA,X,variation,channel,13188.358566804998,nT
2026-03-19T06:19:00.000Z,COLA,X,variation,channel,13190.303083807328,nT
2026-03-19T06:20:00.000Z,COLA,X,variation,channel,13192.21777997087,nT
2026-03-19T06:21:00.000Z,COLA,X,variation,channel,13194.666141473235,nT
2026-03-19T06:22:00.000Z,COLA,X,variation,channel,13195.473861968943,nT
2026-03-19T06:23:00.000Z,COLA,X,variation,channel,13194.236429117842,nT
2026-03-19T06:24:00.000Z,COLA,X,variation,channel,13192.374381316215,nT
2026-03-19T06:25:00.000Z,COLA,X,variation,channel,13191.323605796179,nT
2026-03-19T06:26:00.000Z,COLA,X,variation,channel,13191.657357905522,nT
2026-03-19T06:27:00.000Z,COLA,X,variation,channel,13191.737484841084,nT
2026-03-19T06:28:00.000Z,COLA,X,variation,channel,13191.291734809467,nT
2026-03-19T06:29:00.000Z,COLA,X,variation,channel,13193.129077897718,nT
2026-03-19T06:30:00.000Z,COLA,X,variation,channel,13194.126638552618,nT
2026-03-19T06:31:00.000Z,COLA,X,variation,channel,13194.554073740714,nT
2026-03-19T06:32:00.000Z,COLA,X,variation,channel,13194.54059712586,nT
2026-03-19T06:33:00.000Z,COLA,X,variation,channel,13193.824472872288,nT
2026-03-19T06:34:00.000Z,COLA,X,variation,channel,13192.913584256094,nT
2026-03-19T06:35:00.000Z,COLA,X,variation,channel,13193.49676166036,nT
2026-03-19T06:36:00.000Z,COLA,X,variation,channel,13192.355214628418,nT
2026-03-19T06:37:00.000Z,COLA,X,variation,channel,13191.579353759918,nT
2026-03-19T06:38:00.000Z,COLA,X,variation,channel,13192.111300785195,nT
2026-03-19T06:39:00.000Z,COLA,X,variation,channel,13192.230392256843,nT
2026-03-19T06:40:00.000Z,COLA,X,variation,channel,13191.768739837964,nT
2026-03-19T06:41:00.000Z,COLA,X,variation,channel,13191.701854603254,nT
2026-03-19T06:42:00.000Z,COLA,X,variation,channel,13191.690838542561,nT
2026-03-19T06:43:00.000Z,COLA,X,variation,channel,13191.557593676724,nT
2026-03-19T06:44:00.000Z,COLA,X,variation,channel,13191.64936265655,nT
2026-03-19T06:45:00.000Z,COLA,X,variation,channel,13191.652979414837,nT
2026-03-19T06:46:00.000Z,COLA,X,variation,channel,13190.867904570327,nT
2026-03-19T06:47:00.000Z,COLA,X,variation,channel,13190.625772685178,nT
2026-03-19T06:48:00.000Z,COLA,X,variation,channel,13191.589350412467,nT
2026-03-19T06:49:00.000Z,COLA,X,variation,channel,13192.421745744508,nT
2026-03-19T06:50:00.000Z,COLA,X,variation,channel,13190.608302992205,nT
2026-03-19T06:51:00.000Z,COLA,X,variation,channel,13190.10200989329,nT
2026-03-19T06:52:00.000Z,COLA,X,variation,channel,13189.193492428958,nT
2026-03-19T06:53:00.000Z,COLA,X,variation,channel,13189.287855998622,nT
2026-03-19T06:54:00.000Z,COLA,X,variation,channel,13189.705946466413,nT
2026-03-19T06:55:00.000Z,COLA,X,variation,channel,13189.905160223874,nT
2026-03-19T06:56:00.000Z,COLA,X,variation,channel,13189.776578801413,nT
2026-03-19T06:57:00.000Z,COLA,X,variation,channel,13188.787410807206,nT
2026-03-19T06:58:00.000Z,COLA,X,variation,channel,13188.390519368631,nT
2026-03-19T06:59:00.000Z,COLA,X,variation,channel,13188.688872588935,nT
2026-03-19T07:00:00.000Z,COLA,X,variation,channel,13187.815587524063,nT
2026-03-19T07:01:00.000Z,COLA,X,variation,channel,13187.196135659473,nT
2026-03-19T07:02:00.000Z,COLA,X,variation,channel,13189.116949393272,nT
2026-03-19T07:03:00.000Z,COLA,X,variation,channel,13189.91091078245,nT
2026-03-19T07:04:00.000Z,COLA,X,variation,channel,13192.018745966107,nT
2026-03-19T07:05:00.000Z,COLA,X,variation,channel,13189.931527989922,nT
2026-03-19T07:06:00.000Z,COLA,X,variation,channel,13189.616172419157,nT
2026-03-19T07:07:00.000Z,COLA,X,variation,channel,13192.026529647144,nT
2026-03-19T07:08:00.000Z,COLA,X,variation,channel,13191.305188162243,nT
2026-03-19T07:09:00.000Z,COLA,X,variation,channel,13189.136623516082,nT
2026-03-19T07:10:00.000Z,COLA,X,variation,channel,13188.761548516826,nT
2026-03-19T07:11:00.000Z,COLA,X,variation,channel,13190.079977929601,nT
2026-03-19T07:12:00.000Z,COLA,X,variation,channel,13189.653750263049,nT
2026-03-19T07:13:00.000Z,COLA,X,variation,channel,13190.413956167686,nT
2026-03-19T07:14:00.000Z,COLA,X,variation,channel,13190.053821286347,nT
2026-03-19T07:15:00.000Z,COLA,X,variation,channel,13189.30236543563,nT
2026-03-19T07:16:00.000Z,COLA,X,variation,channel,13189.237396113323,nT
2026-03-19T07:17:00.000Z,COLA,X,variation,channel,13189.148282551161,nT
2026-03-19T07:18:00.000Z,COLA,X,variation,channel,13188.302806475094,nT
2026-03-19T07:19:00.000Z,COLA,X,variation,channel,13188.248295948177,nT
2026-03-19T07:20:00.000Z,COLA,X,variation,channel,13189.363554984773,nT
2026-03-19T07:21:00.000Z,COLA,X,variation,channel,13188.483627924074,nT
2026-03-19T07:22:00.000Z,COLA,X,variation,channel,13188.195704693733,nT
2026-03-19T07:23:00.000Z,COLA,X,variation,channel,13187.615296117154,nT
2026-03-19T07:24:00.000Z,COLA,X,variation,channel,13187.627454500867,nT
2026-03-19T07:25:00.000Z,COLA,X,variation,channel,13187.177128234209,nT
2026-03-19T07:26:00.000Z,COLA,X,variation,channel,13187.165436339208,nT
2026-03-19T07:27:00.000Z,COLA,X,variation,channel,13186.866756384568,nT
2026-03-19T07:28:00.000Z,COLA,X,variation,channel,13187.329672352196,nT
2026-03-19T07:29:00.000Z,COLA,X,variation,channel,13188.827621414188,nT
2026-03-19T07:30:00.000Z,COLA,X,variation,channel,13189.896464164298,nT
2026-03-19T07:31:00.000Z,COLA,X,variation,channel,13190.230011460339,nT
2026-03-19T07:32:00.000Z,COLA,X,variation,channel,13191.367095805956,nT
2026-03-19T07:33:00.000Z,COLA,X,variation,channel,13192.175415745416,nT
2026-03-19T07:34:00.000Z,COLA,X,variation,channel,13192.106618668942,nT
2026-03-19T07:35:00.000Z,COLA,X,variation,channel,13191.652952424862,nT
2026-03-19T07:36:00.000Z,COLA,X,variation,channel,13192.979042762125,nT
2026-03-19T07:37:00.000Z,COLA,X,variation,channel,13193.80843487452,nT
2026-03-19T07:38:00.000Z,COLA,X,variation,channel,13193.931378735744,nT
2026-03-19T07:39:00.000Z,COLA,X,variation,channel,13194.269769046192,nT
2026-03-19T07:40:00.000Z,COLA,X,variation,channel,13195.239769447697,nT
2026-03-19T07:41:00.000Z,COLA,X,variation,channel,13195.338589932386,nT
2026-03-19T07:42:00.000Z,COLA,X,variation,channel,13195.621560075222,nT
2026-03-19T07:43:00.000Z,COLA,X,variation,channel,13194.900650753623,nT
2026-03-19T07:44:00.000Z,COLA,X,variation,channel,13194.992444044168,nT
2026-03-19T07:45:00.000Z,COLA,X,variation,channel,13194.519739420182,nT
2026-03-19T07:46:00.000Z,COLA,X,variation,channel,13194.046583662446,nT
2026-03-19T07:47:00.000Z,COLA,X,variation,channel,13194.043072449746,nT
2026-03-19T07:48:00.000Z,COLA,X,variation,channel,13193.950147319476,nT
2026-03-19T07:49:00.000Z,COLA,X,variation,channel,13193.9524637981,nT
2026-03-19T07:50:00.000Z,COLA,X,variation,channel,13193.801697949675,nT
2026-03-19T07:51:00.000Z,COLA,X,variation,channel,13193.117408109209,nT
2026-03-19T07:52:00.000Z,COLA,X,variation,channel,13192.80034356148,nT
2026-03-19T07:53:00.000Z,COLA,X,variation,channel,13192.756128536761,nT
2026-03-19T07:54:00.000Z,COLA,X,variation,channel,13192.517835583543,nT
2026-03-19T07:55:00.000Z,COLA,X,variation,channel,13192.021128482029,nT
2026-03-19T07:56:00.000Z,COLA,X,variation,channel,13191.775188857375,nT
2026-03-19T07:57:00.000Z,COLA,X,variation,channel,13191.819656392514,nT
2026-03-19T07:58:00.000Z,COLA,X,variation,channel,13191.479274092057,nT
2026-03-19T07:59:00.000Z,COLA,X,variation,channel,13191.536228716748,nT
2026-03-19T08:00:00.000Z,COLA,X,variation,channel,13191.862214551758,nT
2026-03-19T08:01:00.000Z,COLA,X,variation,channel,13191.960752560835,nT
2026-03-19T08:02:00.000Z,COLA,X,variation,channel,13192.38741864245,nT
2026-03-19T08:03:00.000Z,COLA,X,variation,channel,13192.404473251428,nT
2026-03-19T08:04:00.000Z,COLA,X,variation,channel,13192.438151530816,nT
2026-03-19T08:05:00.000Z,COLA,X,variation,channel,13192.949017293253,nT
2026-03-19T08:06:00.000Z,COLA,X,variation,channel,13193.338910360992,nT
2026-03-19T08:07:00.000Z,COLA,X,variation,channel,13192.665957179695,nT
2026-03-19T08:08:00.000Z,COLA,X,variation,channel,13192.635724200687,nT
2026-03-19T08:09:00.000Z,COLA,X,variation,channel,13193.11785342994,nT
2026-03-19T08:10:00.000Z,COLA,X,variation,channel,13192.893627973412,nT
2026-03-19T08:11:00.000Z,COLA,X,variation,channel,13192.517012496539,nT
2026-03-19T08:12:00.000Z,COLA,X,variation,channel,13192.556814266656,nT
2026-03-19T08:13:00.000Z,COLA,X,variation,channel,13192.865902707388,nT
2026-03-19T08:14:00.000Z,COLA,X,variation,channel,13192.913643471984,nT
2026-03-19T08:15:00.000Z,COLA,X,variation,channel,13193.317603504342,nT
2026-03-19T08:16:00.000Z,COLA,X,variation,channel,13193.592832683466,nT
2026-03-19T08:17:00.000Z,COLA,X,variation,channel,13194.013296806032,nT
2026-03-19T08:18:00.000Z,COLA,X,variation,channel,13193.846517804997,nT
2026-03-19T08:19:00.000Z,COLA,X,variation,channel,13193.552127664963,nT
2026-03-19T08:20:00.000Z,COLA,X,variation,channel,13193.036197997062,nT
2026-03-19T08:21:00.000Z,COLA,X,variation,channel,13192.321013331857,nT
2026-03-19T08:22:00.000Z,COLA,X,variation,channel,13192.042808946931,nT
2026-03-19T08:23:00.000Z,COLA,X,variation,channel,13191.626201137335,nT
2026-03-19T08:24:00.000Z,COLA,X,variation,channel,13191.861042730476,nT
2026-03-19T08:25:00.000Z,COLA,X,variation,channel,13191.55509226938,nT
2026-03-19T08:26:00.000Z,COLA,X,variation,channel,13190.592969733456,nT
2026-03-19T08:27:00.000Z,COLA,X,variation,channel,13191.02233128579,nT
2026-03-19T08:28:00.000Z,COLA,X,variation,channel,13191.163418251028,nT
2026-03-19T08:29:00.000Z,COLA,X,variation,channel,13190.96366036517,nT
2026-03-19T08:30:00.000Z,COLA,X,variation,channel,13190.641461841824,nT
2026-03-19T08:31:00.000Z,COLA,X,variation,channel,13191.485021709997,nT
2026-03-19T08:32:00.000Z,COLA,X,variation,channel,13191.429489688144,nT
2026-03-19T08:33:00.000Z,COLA,X,variation,channel,13191.399764997846,nT
2026-03-19T08:34:00.000Z,COLA,X,variation,channel,13191.118031995089,nT
2026-03-19T08:35:00.000Z,COLA,X,variation,channel,13191.379122334074,nT
2026-03-19T08:36:00.000Z,COLA,X,variation,channel,13191.428729087173,nT
2026-03-19T08:37:00.000Z,COLA,X,variation,channel,13191.363451042018,nT
2026-03-19T08:38:00.000Z,COLA,X,variation,channel,13191.19770635296,nT
2026-03-19T08:39:00.000Z,COLA,X,variation,channel,13191.51498291107,nT
2026-03-19T08:40:00.000Z,COLA,X,variation,channel,13191.935927967063,nT
2026-03-19T08:41:00.000Z,COLA,X,variation,channel,13191.695459672314,nT
2026-03-19T08:42:00.000Z,COLA,X,variation,channel,13191.737292271606,nT
2026-03-19T08:43:00.000Z,COLA,X,variation,channel,13191.766066771454,nT
2026-03-19T08:44:00.000Z,COLA,X,variation,channel,13191.821840025046,nT
2026-03-19T08:45:00.000Z,COLA,X,variation,channel,13191.724650133543,nT
2026-03-19T08:46:00.000Z,COLA,X,variation,channel,13191.83464618228,nT
2026-03-19T08:47:00.000Z,COLA,X,variation,channel,13191.854247478013,nT
2026-03-19T08:48:00.000Z,COLA,X,variation,channel,13191.866076148626,nT
2026-03-19T08:49:00.000Z,COLA,X,variation,channel,13191.940547931112,nT
2026-03-19T08:50:00.000Z,COLA,X,variation,channel,13191.525062104298,nT
2026-03-19T08:51:00.000Z,COLA,X,variation,channel,13191.482442973322,nT
2026-03-19T08:52:00.000Z,COLA,X,variation,channel,13191.940643784657,nT
2026-03-19T08:53:00.000Z,COLA,X,variation,channel,13192.523497605716,nT
2026-03-19T08:54:00.000Z,COLA,X,variation,channel,13192.890963273263,nT
2026-03-19T08:55:00.000Z,COLA,X,variation,channel,13192.700488602537,nT
2026-03-19T08:56:00.000Z,COLA,X,variation,channel,13192.602057766928,nT
2026-03-19T08:57:00.000Z,COLA,X,variation,channel,13192.158718013712,nT
2026-03-19T08:58:00.000Z,COLA,X,variation,channel,13191.979985658112,nT
2026-03-19T08:59:00.000Z,COLA,X,variation,channel,13191.632282460509,nT
2026-03-19T09:00:00.000Z,COLA,X,variation,channel,13191.451231759276,nT
2026-03-19T09:01:00.000Z,COLA,X,variation,channel,13191.503874163369,nT
2026-03-19T09:02:00.000Z,COLA,X,variation,channel,13191.42897500444,nT
2026-03-19T09:03:00.000Z,COLA,X,variation,channel,13191.998049685591,nT
2026-03-19T09:04:00.000Z,COLA,X,variation,channel,13192.88068966596,nT
2026-03-19T09:05:00.000Z,COLA,X,variation,channel,13194.074333427481,nT
2026-03-19T09:06:00.000Z,COLA,X,variation,channel,13194.69420934323,nT
2026-03-19T09:07:00.000Z,COLA,X,variation,channel,13194.724746691723,nT
2026-03-19T09:08:00.000Z,COLA,X,variation,channel,13195.530717150445,nT
2026-03-19T09:09:00.000Z,COLA,X,variation,channel,13195.620884268685,nT
2026-03-19T09:10:00.000Z,COLA,X,variation,channel,13194.133108530741,nT
2026-03-19T09:11:00.000Z,COLA,X,variation,channel,13194.262777893528,nT
2026-03-19T09:12:00.000Z,COLA,X,variation,channel,13194.835981225517,nT
2026-03-19T09:13:00.000Z,COLA,X,variation,channel,13196.337638594798,nT
2026-03-19T09:14:00.000Z,COLA,X,variation,channel,13196.015634538357,nT
2026-03-19T09:15:00.000Z,COLA,X,variation,channel,13193.901678551714,nT
2026-03-19T09:16:00.000Z,COLA,X,variation,channel,13191.581013831674,nT
2026-03-19T09:17:00.000Z,COLA,X,variation,channel,13191.372580455914,nT
2026-03-19T09:18:00.000Z,COLA,X,variation,channel,13192.276926071867,nT
2026-03-19T09:19:00.000Z,COLA,X,variation,channel,13193.009539116869,nT
2026-03-19T09:20:00.000Z,COLA,X,variation,channel,13191.809719369008,nT
2026-03-19T09:21:00.000Z,COLA,X,variation,channel,13190.880493637804,nT
2026-03-19T09:22:00.000Z,COLA,X,variation,channel,13191.689982585061,nT
2026-03-19T09:23:00.000Z,COLA,X,variation,channel,13192.997814154285,nT
2026-03-19T09:24:00.000Z,COLA,X,variation,channel,13193.09644706684,nT
2026-03-19T09:25:00.000Z,COLA,X,variation,channel,13193.452928355779,nT
2026-03-19T09:26:00.000Z,COLA,X,variation,channel,13193.46543593436,nT
2026-03-19T09:27:00.000Z,COLA,X,variation,channel,13194.146297926145,nT
2026-03-19T09:28:00.000Z,COLA,X,variation,channel,13195.217793255035,nT
2026-03-19T09:29:00.000Z,COLA,X,variation,channel,13196.001890327092,nT
2026-03-19T09:30:00.000Z,COLA,X,variation,channel,13196.533194272051,nT
2026-03-19T09:31:00.000Z,COLA,X,variation,channel,13196.691732818028,nT
2026-03-19T09:32:00.000Z,COLA,X,variation,channel,13196.597802100248,nT
2026-03-19T09:33:00.000Z,COLA,X,variation,channel,13196.12052983519,nT
2026-03-19T09:34:00.000Z,COLA,X,variation,channel,13195.777225196423,nT
2026-03-19T09:35:00.000Z,COLA,X,variation,channel,13196.418494906735,nT
2026-03-19T09:36:00.000Z,COLA,X,variation,channel,13196.143182089856,nT
2026-03-19T09:37:00.000Z,COLA,X,variation,channel,13195.331152729259,nT
2026-03-19T09:38:00.000Z,COLA,X,variation,channel,13195.256402854175,nT
2026-03-19T09:39:00.000Z,COLA,X,variation,channel,13195.939825385869,nT
2026-03-19T09:40:00.000Z,COLA,X,variation,channel,13195.92553054475,nT
2026-03-19T09:41:00.000Z,COLA,X,variation,channel,13195.711232026937,nT
2026-03-19T09:42:00.000Z,COLA,X,variation,channel,13194.956524012328,nT
2026-03-19T09:43:00.000Z,COLA,X,variation,channel,13194.503743164993,nT
2026-03-19T09:44:00.000Z,COLA,X,variation,channel,13195.228319836218,nT
2026-03-19T09:45:00.000Z,COLA,X,variation,channel,13195.770256653683,nT
2026-03-19T09:46:00.000Z,COLA,X,variation,channel,13195.711023004355,nT
2026-03-19T09:47:00.000Z,COLA,X,variation,channel,13195.458172737486,nT
2026-03-19T09:48:00.000Z,COLA,X,variation,channel,13195.336481691762,nT
2026-03-19T09:49:00.000Z,COLA,X,variation,channel,13194.859813508789,nT
2026-03-19T09:50:00.000Z,COLA,X,variation,channel,13194.440128843144,nT
2026-03-19T09:51:00.000Z,COLA,X,variation,channel,13194.433560336316,nT
2026-03-19T09:52:00.000Z,COLA,X,variation,channel,13194.299901956398,nT
2026-03-19T09:53:00.000Z,COLA,X,variation,channel,13194.049959039445,nT
2026-03-19T09:54:00.000Z,COLA,X,variation,channel,13194.245553598863,nT
2026-03-19T09:55:00.000Z,COLA,X,variation,channel,13194.04105119256,nT
2026-03-19T09:56:00.000Z,COLA,X,variation,channel,13194.048243939438,nT
2026-03-19T09:57:00.000Z,COLA,X,variation,channel,13193.603378664247,nT
2026-03-19T09:58:00.000Z,COLA,X,variation,channel,13193.084119715166,nT
2026-03-19T09:59:00.000Z,COLA,X,variation,channel,13192.398885107625,nT
2026-03-19T10:00:00.000Z,COLA,X,variation,channel,13192.03654525518,nT
2026-03-19T10:01:00.000Z,COLA,X,variation,channel,13191.764906724802,nT
2026-03-19T10:02:00.000Z,COLA,X,variation,channel,13191.638357957132,nT
2026-03-19T10:03:00.000Z,COLA,X,variation,channel,13191.561190705757,nT
2026-03-19T10:04:00.000Z,COLA,X,variation,channel,13191.240692072288,nT
2026-03-19T10:05:00.000Z,COLA,X,variation,channel,13190.578265232112,nT
2026-03-19T10:06:00.000Z,COLA,X,variation,channel,13191.025505842354,nT
2026-03-19T10:07:00.000Z,COLA,X,variation,channel,13190.605153082142,nT
2026-03-19T10:08:00.000Z,COLA,X,variation,channel,13190.295572823707,nT
2026-03-19T10:09:00.000Z,COLA,X,variation,channel,13189.716500823453,nT
2026-03-19T10:10:00.000Z,COLA,X,variation,channel,13189.093390808082,nT
2026-03-19T10:11:00.000Z,COLA,X,variation,channel,13188.707688111519,nT
2026-03-19T10:12:00.000Z,COLA,X,variation,channel,13188.495676143864,nT
2026-03-19T10:13:00.000Z,COLA,X,variation,channel,13187.982908378448,nT
2026-03-19T10:14:00.000Z,COLA,X,variation,channel,13188.649398530568,nT
2026-03-19T10:15:00.000Z,COLA,X,variation,channel,13187.776870747322,nT
2026-03-19T10:16:00.000Z,COLA,X,variation,channel,13188.498387349015,nT
2026-03-19T10:17:00.000Z,COLA,X,variation,channel,13188.830286855422,nT
2026-03-19T10:18:00.000Z,COLA,X,variation,channel,13189.292098807317,nT
2026-03-19T10:19:00.000Z,COLA,X,variation,channel,13189.607442486398,nT
2026-03-19T10:20:00.000Z,COLA,X,variation,channel,13189.745834987645,nT
2026-03-19T10:21:00.000Z,COLA,X,variation,channel,13189.602020434793,nT
2026-03-19T10:22:00.000Z,COLA,X,variation,channel,13189.415621850343,nT
2026-03-19T10:23:00.000Z,COLA,X,variation,channel,13189.42947599724,nT
2026-03-19T10:24:00.000Z,COLA,X,variation,channel,13189.605677207252,nT
2026-03-19T10:25:00.000Z,COLA,X,variation,channel,13189.269950032958,nT
2026-03-19T10:26:00.000Z,COLA,X,variation,channel,13189.292313243765,nT
2026-03-19T10:27:00.000Z,COLA,X,variation,channel,13189.237092175355,nT
2026-03-19T10:28:00.000Z,COLA,X,variation,channel,13189.111696698148,nT
2026-03-19T10:29:00.000Z,COLA,X,variation,channel,13189.115108212554,nT
2026-03-19T10:30:00.000Z,COLA,X,variation,channel,13188.899481585468,nT
2026-03-19T10:31:00.000Z,COLA,X,variation,channel,13188.899355797326,nT
2026-03-19T10:32:00.000Z,COLA,X,variation,channel,13188.58343731202,nT
2026-03-19T10:33:00.000Z,COLA,X,variation,channel,13188.901085254372,nT
2026-03-19T10:34:00.000Z,COLA,X,variation,channel,13188.789272811613,nT
2026-03-19T10:35:00.000Z,COLA,X,variation,channel,13189.295801227605,nT
2026-03-19T10:36:00.000Z,COLA,X,variation,channel,13190.107970122735,nT
2026-03-19T10:37:00.000Z,COLA,X,variation,channel,13190.627922212016,nT
2026-03-19T10:38:00.000Z,COLA,X,variation,channel,13190.325251639511,nT
2026-03-19T10:39:00.000Z,COLA,X,variation,channel,13189.85955877575,nT
2026-03-19T10:40:00.000Z,COLA,X,variation,channel,13189.63348442173,nT
2026-03-19T10:41:00.000Z,COLA,X,variation,channel,13189.423467595207,nT
2026-03-19T10:42:00.000Z,COLA,X,variation,channel,13188.921504085014,nT
2026-03-19T10:43:00.000Z,COLA,X,variation,channel,13189.257426198219,nT
2026-03-19T10:44:00.000Z,COLA,X,variation,channel,13189.357377572562,nT
2026-03-19T10:45:00.000Z,COLA,X,variation,channel,13189.47908770709,nT
2026-03-19T10:46:00.000Z,COLA,X,variation,channel,13189.96885619666,nT
2026-03-19T10:47:00.000Z,COLA,X,variation,channel,13190.239263003727,nT
2026-03-19T10:48:00.000Z,COLA,X,variation,channel,13190.160727255074,nT
2026-03-19T10:49:00.000Z,COLA,X,variation,channel,13190.437607988446,nT
2026-03-19T10:50:00.000Z,COLA,X,variation,channel,13190.13039454726,nT
2026-03-19T10:51:00.000Z,COLA,X,variation,channel,13190.170089720748,nT
2026-03-19T10:52:00.000Z,COLA,X,variation,channel,13190.45761124351,nT
2026-03-19T10:53:00.000Z,COLA,X,variation,channel,13188.665158171663,nT
2026-03-19T10:54:00.000Z,COLA,X,variation,channel,13188.742463753528,nT
2026-03-19T10:55:00.000Z,COLA,X,variation,channel,13188.328876903017,nT
2026-03-19T10:56:00.000Z,COLA,X,variation,channel,13187.32074770572,nT
2026-03-19T10:57:00.000Z,COLA,X,variation,channel,13187.535128528054,nT
2026-03-19T10:58:00.000Z,COLA,X,variation,channel,13187.96251634788,nT
2026-03-19T10:59:00.000Z,COLA,X,variation,channel,13189.163302883282,nT
2026-03-19T11:00:00.000Z,COLA,X,variation,channel,13189.598409865666,nT
2026-03-19T11:01:00.000Z,COLA,X,variation,channel,13189.75481936242,nT
2026-03-19T11:02:00.000Z,COLA,X,variation,channel,13189.78339624733,nT
2026-03-19T11:03:00.000Z,COLA,X,variation,channel,13189.883111751158,nT
2026-03-19T11:04:00.000Z,COLA,X,variation,channel,13189.868076152885,nT
2026-03-19T11:05:00.000Z,COLA,X,variation,channel,13189.628986136751,nT
2026-03-19T11:06:00.000Z,COLA,X,variation,channel,13189.661105600608,nT
2026-03-19T11:07:00.000Z,COLA,X,variation,channel,13189.902950309814,nT
2026-03-19T11:08:00.000Z,COLA,X,variation,channel,13189.394491672076,nT
2026-03-19T11:09:00.000Z,COLA,X,variation,channel,13189.591013022457,nT
2026-03-19T11:10:00.000Z,COLA,X,variation,channel,13189.730827296311,nT
2026-03-19T11:11:00.000Z,COLA,X,variation,channel,13189.191078678305,nT
2026-03-19T11:12:00.000Z,COLA,X,variation,channel,13188.693117613686,nT
2026-03-19T11:13:00.000Z,COLA,X,variation,channel,13188.65002065789,nT
2026-03-19T11:14:00.000Z,COLA,X,variation,channel,13188.786893960922,nT
2026-03-19T11:15:00.000Z,COLA,X,variation,channel,13188.38538448728,nT
2026-03-19T11:16:00.000Z,COLA,X,variation,channel,13188.62163686916,nT
2026-03-19T11:17:00.000Z,COLA,X,variation,channel,13189.009589201627,nT
2026-03-19T11:18:00.000Z,COLA,X,variation,channel,13188.63420625291,nT
2026-03-19T11:19:00.000Z,COLA,X,variation,channel,13187.787958572739,nT
2026-03-19T11:20:00.000Z,COLA,X,variation,channel,13188.318514634911,nT
2026-03-19T11:21:00.000Z,COLA,X,variation,channel,13188.1442026981,nT
2026-03-19T11:22:00.000Z,COLA,X,variation,channel,13187.639528971917,nT
2026-03-19T11:23:00.000Z,COLA,X,variation,channel,13187.31321631685,nT
2026-03-19T11:24:00.000Z,COLA,X,variation,channel,13187.496641598933,nT
2026-03-19T11:25:00.000Z,COLA,X,variation,channel,13188.020334462146,nT
2026-03-19T11:26:00.000Z,COLA,X,variation,channel,13188.41936293778,nT
2026-03-19T11:27:00.000Z,COLA,X,variation,channel,13188.936168688098,nT
2026-03-19T11:28:00.000Z,COLA,X,variation,channel,13189.270248905044,nT
2026-03-19T11:29:00.000Z,COLA,X,variation,channel,13190.346079000932,nT
2026-03-19T11:30:00.000Z,COLA,X,variation,channel,13190.837678072441,nT
2026-03-19T11:31:00.000Z,COLA,X,variation,channel,13191.124286831784,nT
2026-03-19T11:32:00.000Z,COLA,X,variation,channel,13191.023510347863,nT
2026-03-19T11:33:00.000Z,COLA,X,variation,channel,13190.70642765598,nT
2026-03-19T11:34:00.000Z,COLA,X,variation,channel,13190.311180110368,nT
2026-03-19T11:35:00.000Z,COLA,X,variation,channel,13190.084826409306,nT
2026-03-19T11:36:00.000Z,COLA,X,variation,channel,13189.635347139338,nT
2026-03-19T11:37:00.000Z,COLA,X,variation,channel,13189.271942563291,nT
2026-03-19T11:38:00.000Z,COLA,X,variation,channel,13187.890375608828,nT
2026-03-19T11:39:00.000Z,COLA,X,variation,channel,13186.761103754367,nT
2026-03-19T11:40:00.000Z,COLA,X,variation,channel,13186.555074767746,nT
2026-03-19T11:41:00.000Z,COLA,X,variation,channel,13186.363070525578,nT
2026-03-19T11:42:00.000Z,COLA,X,variation,channel,13186.896115073207,nT
2026-03-19T11:43:00.000Z,COLA,X,variation,channel,13186.998198536137,nT
2026-03-19T11:44:00.000Z,COLA,X,variation,channel,13185.642933661406,nT
2026-03-19T11:45:00.000Z,COLA,X,variation,channel,13184.7225657023,nT
2026-03-19T11:46:00.000Z,COLA,X,variation,channel,13185.683563982797,nT
2026-03-19T11:47:00.000Z,COLA,X,variation,channel,13185.693124514635,nT
2026-03-19T11:48:00.000Z,COLA,X,variation,channel,13184.568532692196,nT
2026-03-19T11:49:00.000Z,COLA,X,variation,channel,13184.897372349848,nT
2026-03-19T11:50:00.000Z,COLA,X,variation,channel,13186.58541211224,nT
2026-03-19T11:51:00.000Z,COLA,X,variation,channel,13187.203767229455,nT
2026-03-19T11:52:00.000Z,COLA,X,variation,channel,13185.535152021577,nT
2026-03-19T11:53:00.000Z,COLA,X,variation,channel,13186.69571218683,nT
2026-03-19T11:54:00.000Z,COLA,X,variation,channel,13187.269504125292,nT
2026-03-19T11:55:00.000Z,COLA,X,variation,channel,13187.998089624602,nT
2026-03-19T11:56:00.000Z,COLA,X,variation,channel,13187.755783182209,nT
2026-03-19T11:57:00.000Z,COLA,X,variation,channel,13188.641479197635,nT
2026-03-19T11:58:00.000Z,COLA,X,variation,channel,13188.96101782903,nT
2026-03-19T11:59:00.000Z,COLA,X,variation,channel,13189.655338074872,nT
2026-03-19T12:00:00.000Z,COLA,X,variation,channel,13190.113919241807,nT
2026-03-19T12:01:00.000Z,COLA,X,variation,channel,13189.518165786767,nT
2026-03-19T12:02:00.000Z,COLA,X,variation,channel,13189.308551120257,nT
2026-03-19T12:03:00.000Z,COLA,X,variation,channel,13189.83822577335,nT
2026-03-19T12:04:00.000Z,COLA,X,variation,channel,13190.115980860917,nT
2026-03-19T12:05:00.000Z,COLA,X,variation,channel,13189.115276231605,nT
2026-03-19T12:06:00.000Z,COLA,X,variation,channel,13188.80002295333,nT
2026-03-19T12:07:00.000Z,COLA,X,variation,channel,13189.461755401919,nT
2026-03-19T12:08:00.000Z,COLA,X,variation,channel,13189.131362996824,nT
2026-03-19T12:09:00.000Z,COLA,X,variation,channel,13189.919383668957,nT
2026-03-19T12:10:00.000Z,COLA,X,variation,channel,13188.270642397969,nT
2026-03-19T12:11:00.000Z,COLA,X,variation,channel,13187.545506855236,nT
2026-03-19T12:12:00.000Z,COLA,X,variation,channel,13188.440655203138,nT
2026-03-19T12:13:00.000Z,COLA,X,variation,channel,13187.36939790179,nT
2026-03-19T12:14:00.000Z,COLA,X,variation,channel,13187.220171300174,nT
2026-03-19T12:15:00.000Z,COLA,X,variation,channel,13188.20424947219,nT
2026-03-19T12:16:00.000Z,COLA,X,variation,channel,13188.015078950797,nT
2026-03-19T12:17:00.000Z,COLA,X,variation,channel,13185.212891034516,nT
2026-03-19T12:18:00.000Z,COLA,X,variation,channel,13183.845383224087,nT
2026-03-19T12:19:00.000Z,COLA,X,variation,channel,13183.959931012645,nT
2026-03-19T12:20:00.000Z,COLA,X,variation,channel,13183.459609374302,nT
2026-03-19T12:21:00.000Z,COLA,X,variation,channel,13182.74466247926,nT
2026-03-19T12:22:00.000Z,COLA,X,variation,channel,13183.199757628618,nT
2026-03-19T12:23:00.000Z,COLA,X,variation,channel,13183.560005527554,nT
2026-03-19T12:24:00.000Z,COLA,X,variation,channel,13183.044585068914,nT
2026-03-19T12:25:00.000Z,COLA,X,variation,channel,13181.419687961365,nT
2026-03-19T12:26:00.000Z,COLA,X,variation,channel,13180.711660333473,nT
2026-03-19T12:27:00.000Z,COLA,X,variation,channel,13179.683403150671,nT
2026-03-19T12:28:00.000Z,COLA,X,variation,channel,13179.388038776035,nT
2026-03-19T12:29:00.000Z,COLA,X,variation,channel,13179.472781205614,nT
2026-03-19T12:30:00.000Z,COLA,X,variation,channel,13178.906189129291,nT
2026-03-19T12:31:00.000Z,COLA,X,variation,channel,13178.978363883403,nT
2026-03-19T12:32:00.000Z,COLA,X,variation,channel,13179.42321496877,nT
2026-03-19T12:33:00.000Z,COLA,X,variation,channel,13179.447437184883,nT
2026-03-19T12:34:00.000Z,COLA,X,variation,channel,13179.469532134643,nT
2026-03-19T12:35:00.000Z,COLA,X,variation,channel,13180.884923605841,nT
2026-03-19T12:36:00.000Z,COLA,X,variation,channel,13181.246823949685,nT
2026-03-19T12:37:00.000Z,COLA,X,variation,channel,13181.76584175807,nT
2026-03-19T12:38:00.000Z,COLA,X,variation,channel,13181.588384417484,nT
2026-03-19T12:39:00.000Z,COLA,X,variation,channel,13180.820577859902,nT
2026-03-19T12:40:00.000Z,COLA,X,variation,channel,13181.852208556827,nT
2026-03-19T12:41:00.000Z,COLA,X,variation,channel,13181.583066973482,nT
2026-03-19T12:42:00.000Z,COLA,X,variation,channel,13182.14722098309,nT
2026-03-19T12:43:00.000Z,COLA,X,variation,channel,13182.040920236697,nT
2026-03-19T12:44:00.000Z,COLA,X,variation,channel,13181.419894839657,nT
2026-03-19T12:45:00.000Z,COLA,X,variation,channel,13182.549807155783,nT
2026-03-19T12:46:00.000Z,COLA,X,variation,channel,13180.701873277088,nT
2026-03-19T12:47:00.000Z,COLA,X,variation,channel,13180.770112480137,nT
2026-03-19T12:48:00.000Z,COLA,X,variation,channel,13179.888286904494,nT
2026-03-19T12:49:00.000Z,COLA,X,variation,channel,13181.118898817627,nT
2026-03-19T12:50:00.000Z,COLA,X,variation,channel,13180.987263803798,nT
2026-03-19T12:51:00.000Z,COLA,X,variation,channel,13179.427603693575,nT
2026-03-19T12:52:00.000Z,COLA,X,variation,channel,13180.342939890386,nT
2026-03-19T12:53:00.000Z,COLA,X,variation,channel,13180.437133022027,nT
2026-03-19T12:54:00.000Z,COLA,X,variation,channel,13179.735045071511,nT
2026-03-19T12:55:00.000Z,COLA,X,variation,channel,13178.728466621154,nT
2026-03-19T12:56:00.000Z,COLA,X,variation,channel,13176.87843709474,nT
2026-03-19T12:57:00.000Z,COLA,X,variation,channel,13173.46607440334,nT
2026-03-19T12:58:00.000Z,COLA,X,variation,channel,13172.254852870832,nT
2026-03-19T12:59:00.000Z,COLA,X,variation,channel,13169.09467995878,nT
2026-03-19T13:00:00.000Z,COLA,X,variation,channel,13169.362729173892,nT
2026-03-19T13:01:00.000Z,COLA,X,variation,channel,13174.32545208711,nT
2026-03-19T13:02:00.000Z,COLA,X,variation,channel,13174.574810663073,nT
2026-03-19T13:03:00.000Z,COLA,X,variation,channel,13176.471227997341,nT
2026-03-19T13:04:00.000Z,COLA,X,variation,channel,13177.656955013763,nT
2026-03-19T13:05:00.000Z,COLA,X,variation,channel,13177.710089485205,nT
2026-03-19T13:06:00.000Z,COLA,X,variation,channel,13176.595719028232,nT
2026-03-19T13:07:00.000Z,COLA,X,variation,channel,13171.665397554189,nT
2026-03-19T13:08:00.000Z,COLA,X,variation,channel,13171.425107748062,nT
2026-03-19T13:09:00.000Z,COLA,X,variation,channel,13169.853907524233,nT
2026-03-19T13:10:00.000Z,COLA,X,variation,channel,13169.692215599984,nT
2026-03-19T13:11:00.000Z,COLA,X,variation,channel,13170.177235608666,nT
2026-03-19T13:12:00.000Z,COLA,X,variation,channel,13169.235215882922,nT
2026-03-19T13:13:00.000Z,COLA,X,variation,channel,13168.484891869935,nT
2026-03-19T13:14:00.000Z,COLA,X,variation,channel,13167.534803786315,nT
2026-03-19T13:15:00.000Z,COLA,X,variation,channel,13167.211390352048,nT
2026-03-19T13:16:00.000Z,COLA,X,variation,channel,13167.231011525339,nT
2026-03-19T13:17:00.000Z,COLA,X,variation,channel,13167.679072698795,nT
2026-03-19T13:18:00.000Z,COLA,X,variation,channel,13164.946659562896,nT
2026-03-19T13:19:00.000Z,COLA,X,variation,channel,13166.174793181823,nT
2026-03-19T13:20:00.000Z,COLA,X,variation,channel,13166.848358508516,nT
2026-03-19T13:21:00.000Z,COLA,X,variation,channel,13164.699582916835,nT
2026-03-19T13:22:00.000Z,COLA,X,variation,channel,13164.292616736358,nT
2026-03-19T13:23:00.000Z,COLA,X,variation,channel,13163.640526491477,nT
2026-03-19T13:24:00.000Z,COLA,X,variation,channel,13163.695268274854,nT
2026-03-19T13:25:00.000Z,COLA,X,variation,channel,13165.806030401303,nT
2026-03-19T13:26:00.000Z,COLA,X,variation,channel,13166.352451911405,nT
2026-03-19T13:27:00.000Z,COLA,X,variation,channel,13166.711266955383,nT
2026-03-19T13:28:00.000Z,COLA,X,variation,channel,13166.948583193473,nT
2026-03-19T13:29:00.000Z,COLA,X,variation,channel,13167.177230526413,nT
2026-03-19T13:30:00.000Z,COLA,X,variation,channel,13167.766378501292,nT
2026-03-19T13:31:00.000Z,COLA,X,variation,channel,13167.107269381648,nT
2026-03-19T13:32:00.000Z,COLA,X,variation,channel,13166.106961290734,nT
2026-03-19T13:33:00.000Z,COLA,X,variation,channel,13164.925098614374,nT
2026-03-19T13:34:00.000Z,COLA,X,variation,channel,13164.40156395816,nT
2026-03-19T13:35:00.000Z,COLA,X,variation,channel,13164.264005375922,nT
2026-03-19T13:36:00.000Z,COLA,X,variation,channel,13165.000179819312,nT
2026-03-19T13:37:00.000Z,COLA,X,variation,channel,13165.274496621641,nT
2026-03-19T13:38:00.000Z,COLA,X,variation,channel,13166.27637470931,nT
2026-03-19T13:39:00.000Z,COLA,X,variation,channel,13166.855366037678,nT
2026-03-19T13:40:00.000Z,COLA,X,variation,channel,13167.120694196887,nT
2026-03-19T13:41:00.000Z,COLA,X,variation,channel,13167.956890539406,nT
2026-03-19T13:42:00.000Z,COLA,X,variation,channel,13168.635767382937,nT
2026-03-19T13:43:00.000Z,COLA,X,variation,channel,13169.962084960534,nT
2026-03-19T13:44:00.000Z,COLA,X,variation,channel,13171.413642982061,nT
2026-03-19T13:45:00.000Z,COLA,X,variation,channel,13172.662035509693,nT
2026-03-19T13:46:00.000Z,COLA,X,variation,channel,13174.681855089691,nT
2026-03-19T13:47:00.000Z,COLA,X,variation,channel,13177.208234061563,nT
2026-03-19T13:48:00.000Z,COLA,X,variation,channel,13179.81220393348,nT
2026-03-19T13:49:00.000Z,COLA,X,variation,channel,13178.02788844191,nT
2026-03-19T13:50:00.000Z,COLA,X,variation,channel,13180.591639369708,nT
2026-03-19T13:51:00.000Z,COLA,X,variation,channel,13175.728158909766,nT
2026-03-19T13:52:00.000Z,COLA,X,variation,channel,13174.872875248408,nT
2026-03-19T13:53:00.000Z,COLA,X,variation,channel,13179.208814571886,nT
2026-03-19T13:54:00.000Z,COLA,X,variation,channel,13180.34225032442,nT
2026-03-19T13:55:00.000Z,COLA,X,variation,channel,13180.3729279746,nT
2026-03-19T13:56:00.000Z,COLA,X,variation,channel,13180.284341390538,nT
2026-03-19T13:57:00.000Z,COLA,X,variation,channel,13179.560327889672,nT
2026-03-19T13:58:00.000Z,COLA,X,variation,channel,13178.821678776443,nT
2026-03-19T13:59:00.000Z,COLA,X,variation,channel,13177.803523761742,nT
2026-03-19T14:00:00.000Z,COLA,X,variation,channel,13173.80935324016,nT
2026-03-19T14:01:00.000Z,COLA,X,variation,channel,13171.196541510328,nT
2026-03-19T14:02:00.000Z,COLA,X,variation,channel,13170.722427090686,nT
2026-03-19T14:03:00.000Z,COLA,X,variation,channel,13166.624485191076,nT
2026-03-19T14:04:00.000Z,COLA,X,variation,channel,13166.389279484993,nT
2026-03-19T14:05:00.000Z,COLA,X,variation,channel,13166.601968636007,nT
2026-03-19T14:06:00.000Z,COLA,X,variation,channel,13162.894428813202,nT
2026-03-19T14:07:00.000Z,COLA,X,variation,channel,13161.65915223036,nT
2026-03-19T14:08:00.000Z,COLA,X,variation,channel,13160.494819387979,nT
2026-03-19T14:09:00.000Z,COLA,X,variation,channel,13159.167205867687,nT
2026-03-19T14:10:00.000Z,COLA,X,variation,channel,13157.015883113718,nT
2026-03-19T14:11:00.000Z,COLA,X,variation,channel,13158.979462519614,nT
2026-03-19T14:12:00.000Z,COLA,X,variation,channel,13160.641741912741,nT
2026-03-19T14:13:00.000Z,COLA,X,variation,channel,13161.744765925721,nT
2026-03-19T14:14:00.000Z,COLA,X,variation,channel,13162.908535242352,nT
2026-03-19T14:15:00.000Z,COLA,X,variation,channel,13165.061592496122,nT
2026-03-19T14:16:00.000Z,COLA,X,variation,channel,13168.28246180021,nT
2026-03-19T14:17:00.000Z,COLA,X,variation,channel,13169.521406232214,nT
2026-03-19T14:18:00.000Z,COLA,X,variation,channel,13169.280232974423,nT
2026-03-19T14:19:00.000Z,COLA,X,variation,channel,13171.167157453643,nT
2026-03-19T14:20:00.000Z,COLA,X,variation,channel,13169.785934292859,nT
2026-03-19T14:21:00.000Z,COLA,X,variation,channel,13169.685408606383,nT
2026-03-19T14:22:00.000Z,COLA,X,variation,channel,13168.036406568452,nT
2026-03-19T14:23:00.000Z,COLA,X,variation,channel,13168.023397602945,nT
2026-03-19T14:24:00.000Z,COLA,X,variation,channel,13166.748774801743,nT
2026-03-19T14:25:00.000Z,COLA,X,variation,channel,13167.727837574306,nT
2026-03-19T14:26:00.000Z,COLA,X,variation,channel,13170.442849184019,nT
2026-03-19T14:27:00.000Z,COLA,X,variation,channel,13172.359844235714,nT
2026-03-19T14:28:00.000Z,COLA,X,variation,channel,13172.903108767163,nT
2026-03-19T14:29:00.000Z,COLA,X,variation,channel,13171.948871984061,nT
2026-03-19T14:30:00.000Z,COLA,X,variation,channel,13172.638786469679,nT
2026-03-19T14:31:00.000Z,COLA,X,variation,channel,13172.704489015674,nT
2026-03-19T14:32:00.000Z,COLA,X,variation,channel,13173.004385984783,nT
2026-03-19T14:33:00.000Z,COLA,X,variation,channel,13173.8480994429,nT
2026-03-19T14:34:00.000Z,COLA,X,variation,channel,13177.080078577652,nT
2026-03-19T14:35:00.000Z,COLA,X,variation,channel,13180.41569728516,nT
2026-03-19T14:36:00.000Z,COLA,X,variation,channel,13181.287321815978,nT
2026-03-19T14:37:00.000Z,COLA,X,variation,channel,13181.979733892873,nT
2026-03-19T14:38:00.000Z,COLA,X,variation,channel,13184.870374348038,nT
2026-03-19T14:39:00.000Z,COLA,X,variation,channel,13188.463745709563,nT
2026-03-19T14:40:00.000Z,COLA,X,variation,channel,13187.639595444043,nT
2026-03-19T14:41:00.000Z,COLA,X,variation,channel,13188.46782023387,nT
2026-03-19T14:42:00.000Z,COLA,X,variation,channel,13187.048794308892,nT
2026-03-19T14:43:00.000Z,COLA,X,variation,channel,13186.347212055152,nT
2026-03-19T14:44:00.000Z,COLA,X,variation,channel,13186.999817816579,nT
2026-03-19T14:45:00.000Z,COLA,X,variation,channel,13189.346602981179,nT
2026-03-19T14:46:00.000Z,COLA,X,variation,channel,13191.54452028341,nT
2026-03-19T14:47:00.000Z,COLA,X,variation,channel,13191.989546078728,nT
2026-03-19T14:48:00.000Z,COLA,X,variation,channel,13190.852509820465,nT
2026-03-19T14:49:00.000Z,COLA,X,variation,channel,13192.810748809525,nT
2026-03-19T14:50:00.000Z,COLA,X,variation,channel,13192.867255323365,nT
2026-03-19T14:51:00.000Z,COLA,X,variation,channel,13194.667715141359,nT
2026-03-19T14:52:00.000Z,COLA,X,variation,channel,13193.864706710963,nT
2026-03-19T14:53:00.000Z,COLA,X,variation,channel,13195.978380033293,nT
2026-03-19T14:54:00.000Z,COLA,X,variation,channel,13196.76425194569,nT
2026-03-19T14:55:00.000Z,COLA,X,variation,channel,13195.509471232466,nT
2026-03-19T14:56:00.000Z,COLA,X,variation,channel,13197.071788641486,nT
2026-03-19T14:57:00.000Z,COLA,X,variation,channel,13195.157306758761,nT
2026-03-19T14:58:00.000Z,COLA,X,variation,channel,13193.964265127095,nT
2026-03-19T14:59:00.000Z,COLA,X,variation,channel,13190.417732893677,nT
2026-03-19T15:00:00.000Z,COLA,X,variation,channel,13192.305550492043,nT
2026-03-19T15:01:00.000Z,COLA,X,variation,channel,13190.559567044702,nT
2026-03-19T15:02:00.000Z,COLA,X,variation,channel,13189.563149940079,nT
2026-03-19T15:03:00.000Z,COLA,X,variation,channel,13189.993446104592,nT
2026-03-19T15:04:00.000Z,COLA,X,variation,channel,13189.945489558624,nT
2026-03-19T15:05:00.000Z,COLA,X,variation,channel,13188.371405145608,nT
2026-03-19T15:06:00.000Z,COLA,X,variation,channel,13188.153431639883,nT
2026-03-19T15:07:00.000Z,COLA,X,variation,channel,13185.75323394674,nT
2026-03-19T15:08:00.000Z,COLA,X,variation,channel,13185.341437541474,nT
2026-03-19T15:09:00.000Z,COLA,X,variation,channel,13184.255420944792,nT
2026-03-19T15:10:00.000Z,COLA,X,variation,channel,13185.722254458831,nT
2026-03-19T15:11:00.000Z,COLA,X,variation,channel,13184.917846994249,nT
2026-03-19T15:12:00.000Z,COLA,X,variation,channel,13184.78896059641,nT
2026-03-19T15:13:00.000Z,COLA,X,variation,channel,13186.199514044401,nT
2026-03-19T15:14:00.000Z,COLA,X,variation,channel,13186.231486886354,nT
2026-03-19T15:15:00.000Z,COLA,X,variation,channel,13186.916156474204,nT
2026-03-19T15:16:00.000Z,COLA,X,variation,channel,13186.052427958552,nT
2026-03-19T15:17:00.000Z,COLA,X,variation,channel,13185.44167815493,nT
2026-03-19T15:18:00.000Z,COLA,X,variation,channel,13186.583537832328,nT
2026-03-19T15:19:00.000Z,COLA,X,variation,channel,13187.035542652935,nT
2026-03-19T15:20:00.000Z,COLA,X,variation,channel,13188.771181325837,nT
2026-03-19T15:21:00.000Z,COLA,X,variation,channel,13188.143122629855,nT
2026-03-19T15:22:00.000Z,COLA,X,variation,channel,13190.152832623568,nT
2026-03-19T15:23:00.000Z,COLA,X,variation,channel,13189.990835950979,nT
2026-03-19T15:24:00.000Z,COLA,X,variation,channel,13189.168563597836,nT
2026-03-19T15:25:00.000Z,COLA,X,variation,channel,13185.835363885179,nT
2026-03-19T15:26:00.000Z,COLA,X,variation,channel,13183.951971117915,nT
2026-03-19T15:27:00.000Z,COLA,X,variation,channel,13184.010602960698,nT
2026-03-19T15:28:00.000Z,COLA,X,variation,channel,13183.863866547219,nT
2026-03-19T15:29:00.000Z,COLA,X,variation,channel,13185.333334224242,nT
2026-03-19T15:30:00.000Z,COLA,X,variation,channel,13186.894781985991,nT
2026-03-19T15:31:00.000Z,COLA,X,variation,channel,13186.111759454352,nT
2026-03-19T15:32:00.000Z,COLA,X,variation,channel,13185.777587041872,nT
2026-03-19T15:33:00.000Z,COLA,X,variation,channel,13187.585382237905,nT
2026-03-19T15:34:00.000Z,COLA,X,variation,channel,13186.691556998729,nT
2026-03-19T15:35:00.000Z,COLA,X,variation,channel,13187.298959332256,nT
2026-03-19T15:36:00.000Z,COLA,X,variation,channel,13185.542549657965,nT
2026-03-19T15:37:00.000Z,COLA,X,variation,channel,13184.344488077792,nT
2026-03-19T15:38:00.000Z,COLA,X,variation,channel,13184.523828452619,nT
2026-03-19T15:39:00.000Z,COLA,X,variation,channel,13183.654800240087,nT
2026-03-19T15:40:00.000Z,COLA,X,variation,channel,13182.795267266276,nT
2026-03-19T15:41:00.000Z,COLA,X,variation,channel,13184.757817372392,nT
2026-03-19T15:42:00.000Z,COLA,X,variation,channel,13185.823111343509,nT
2026-03-19T15:43:00.000Z,COLA,X,variation,channel,13187.35659814556,nT
2026-03-19T15:44:00.000Z,COLA,X,variation,channel,13188.834397517028,nT
2026-03-19T15:45:00.000Z,COLA,X,variation,channel,13191.000071238068,nT
2026-03-19T15:46:00.000Z,COLA,X,variation,channel,13191.25772366418,nT
2026-03-19T15:47:00.000Z,COLA,X,variation,channel,13191.79744417906,nT
2026-03-19T15:48:00.000Z,COLA,X,variation,channel,13191.29385360827,nT
2026-03-19T15:49:00.000Z,COLA,X,variation,channel,13191.293158883434,nT
2026-03-19T15:50:00.000Z,COLA,X,variation,channel,13190.764518586144,nT
2026-03-19T15:51:00.000Z,COLA,X,variation,channel,13189.208665726233,nT
2026-03-19T15:52:00.000Z,COLA,X,variation,channel,13189.210259365933,nT
2026-03-19T15:53:00.000Z,COLA,X,variation,channel,13189.90818182193,nT
2026-03-19T15:54:00.000Z,COLA,X,variation,channel,13190.23013514914,nT
2026-03-19T15:55:00.000Z,COLA,X,variation,channel,13190.514504156148,nT
2026-03-19T15:56:00.000Z,COLA,X,variation,channel,13190.493764938115,nT
2026-03-19T15:57:00.000Z,COLA,X,variation,channel,13191.096202999233,nT
2026-03-19T15:58:00.000Z,COLA,X,variation,channel,13190.74912683536,nT
2026-03-19T15:59:00.000Z,COLA,X,variation,channel,13190.590120654864,nT
2026-03-19T16:00:00.000Z,COLA,X,variation,channel,13191.708819837992,nT
2026-03-19T16:01:00.000Z,COLA,X,variation,channel,13191.610015487893,nT
2026-03-19T16:02:00.000Z,COLA,X,variation,channel,13191.135797880745,nT
2026-03-19T16:03:00.000Z,COLA,X,variation,channel,13191.096510410716,nT
2026-03-19T16:04:00.000Z,COLA,X,variation,channel,13191.365404285343,nT
2026-03-19T16:05:00.000Z,COLA,X,variation,channel,13192.0869303407,nT
2026-03-19T16:06:00.000Z,COLA,X,variation,channel,13192.234567976038,nT
2026-03-19T16:07:00.000Z,COLA,X,variation,channel,13192.274252411944,nT
2026-03-19T16:08:00.000Z,COLA,X,variation,channel,13191.611727102727,nT
2026-03-19T16:09:00.000Z,COLA,X,variation,channel,13191.43099262647,nT
2026-03-19T16:10:00.000Z,COLA,X,variation,channel,13191.37010814634,nT
2026-03-19T16:11:00.000Z,COLA,X,variation,channel,13190.032305733486,nT
2026-03-19T16:12:00.000Z,COLA,X,variation,channel,13189.727635328998,nT
2026-03-19T16:13:00.000Z,COLA,X,variation,channel,13189.60649978001,nT
2026-03-19T16:14:00.000Z,COLA,X,variation,channel,13189.457024225423,nT
2026-03-19T16:15:00.000Z,COLA,X,variation,channel,13189.41239384201,nT
2026-03-19T16:16:00.000Z,COLA,X,variation,channel,13189.587538727365,nT
2026-03-19T16:17:00.000Z,COLA,X,variation,channel,13189.927651083892,nT
2026-03-19T16:18:00.000Z,COLA,X,variation,channel,13189.599004572347,nT
2026-03-19T16:19:00.000Z,COLA,X,variation,channel,13189.77008694588,nT
2026-03-19T16:20:00.000Z,COLA,X,variation,channel,13189.43270133653,nT
2026-03-19T16:21:00.000Z,COLA,X,variation,channel,13188.567949608088,nT
2026-03-19T16:22:00.000Z,COLA,X,variation,channel,13189.22881118464,nT
2026-03-19T16:23:00.000Z,COLA,X,variation,channel,13189.136954787873,nT
2026-03-19T16:24:00.000Z,COLA,X,variation,channel,13189.5060667864,nT
2026-03-19T16:25:00.000Z,COLA,X,variation,channel,13189.573309770649,nT
2026-03-19T16:26:00.000Z,COLA,X,variation,channel,13188.979425102598,nT
2026-03-19T16:27:00.000Z,COLA,X,variation,channel,13188.615895205512,nT
2026-03-19T16:28:00.000Z,COLA,X,variation,channel,13188.647221140985,nT
2026-03-19T16:29:00.000Z,COLA,X,variation,channel,13188.218287171352,nT
2026-03-19T16:30:00.000Z,COLA,X,variation,channel,13187.7568623632,nT
2026-03-19T16:31:00.000Z,COLA,X,variation,channel,13187.083168835105,nT
2026-03-19T16:32:00.000Z,COLA,X,variation,channel,13187.059432600949,nT
2026-03-19T16:33:00.000Z,COLA,X,variation,channel,13187.044402232284,nT
2026-03-19T16:34:00.000Z,COLA,X,variation,channel,13186.837018418322,nT
2026-03-19T16:35:00.000Z,COLA,X,variation,channel,13187.23550666567,nT
2026-03-19T16:36:00.000Z,COLA,X,variation,channel,13187.275316879077,nT
2026-03-19T16:37:00.000Z,COLA,X,variation,channel,13187.753454244252,nT
2026-03-19T16:38:00.000Z,COLA,X,variation,channel,13187.32623791205,nT
2026-03-19T16:39:00.000Z,COLA,X,variation,channel,13186.742148363515,nT
2026-03-19T16:40:00.000Z,COLA,X,variation,channel,13185.657429891282,nT
2026-03-19T16:41:00.000Z,COLA,X,variation,channel,13185.193021702551,nT
2026-03-19T16:42:00.000Z,COLA,X,variation,channel,13184.821573744353,nT
2026-03-19T16:43:00.000Z,COLA,X,variation,channel,13185.142763340005,nT
2026-03-19T16:44:00.000Z,COLA,X,variation,channel,13185.743261923137,nT
2026-03-19T16:45:00.000Z,COLA,X,variation,channel,13186.459887526393,nT
2026-03-19T16:46:00.000Z,COLA,X,variation,channel,13186.904070498955,nT
2026-03-19T16:47:00.000Z,COLA,X,variation,channel,13186.718798999704,nT
2026-03-19T16:48:00.000Z,COLA,X,variation,channel,13185.524608634989,nT
2026-03-19T16:49:00.000Z,COLA,X,variation,channel,13185.431503522688,nT
2026-03-19T16:50:00.000Z,COLA,X,variation,channel,13185.098354178044,nT
2026-03-19T16:51:00.000Z,COLA,X,variation,channel,13184.564636739944,nT
2026-03-19T16:52:00.000Z,COLA,X,variation,channel,13184.742010113428,nT
2026-03-19T16:53:00.000Z,COLA,X,variation,channel,13184.449360166844,nT
2026-03-19T16:54:00.000Z,COLA,X,variation,channel,13184.881149061248,nT
2026-03-19T16:55:00.000Z,COLA,X,variation,channel,13185.267278307056,nT
2026-03-19T16:56:00.000Z,COLA,X,variation,channel,13184.872630314123,nT
2026-03-19T16:57:00.000Z,COLA,X,variation,channel,13184.564955845382,nT
2026-03-19T16:58:00.000Z,COLA,X,variation,channel,13184.836237145984,nT
2026-03-19T16:59:00.000Z,COLA,X,variation,channel,13184.79749939941,nT
2026-03-19T17:00:00.000Z,COLA,X,variation,channel,13184.732456003887,nT
2026-03-19T17:01:00.000Z,COLA,X,variation,channel,13184.816753919444,nT
2026-03-19T17:02:00.000Z,COLA,X,variation,channel,13184.604690022124,nT
2026-03-19T17:03:00.000Z,COLA,X,variation,channel,13184.809046091272,nT
2026-03-19T17:04:00.000Z,COLA,X,variation,channel,13184.487687031962,nT
2026-03-19T17:05:00.000Z,COLA,X,variation,channel,13184.312785948829,nT
2026-03-19T17:06:00.000Z,COLA,X,variation,channel,13184.33382251418,nT
2026-03-19T17:07:00.000Z,COLA,X,variation,channel,13184.204180205817,nT
2026-03-19T17:08:00.000Z,COLA,X,variation,channel,13184.30576708713,nT
2026-03-19T17:09:00.000Z,COLA,X,variation,channel,13183.792217708835,nT
2026-03-19T17:10:00.000Z,COLA,X,variation,channel,13183.06778966267,nT
2026-03-19T17:11:00.000Z,COLA,X,variation,channel,13182.975505158338,nT
2026-03-19T17:12:00.000Z,COLA,X,variation,channel,13183.351467513947,nT
2026-03-19T17:13:00.000Z,COLA,X,variation,channel,13183.885341123541,nT
2026-03-19T17:14:00.000Z,COLA,X,variation,channel,13184.234849934368,nT
2026-03-19T17:15:00.000Z,COLA,X,variation,channel,13185.086147686072,nT
2026-03-19T17:16:00.000Z,COLA,X,variation,channel,13185.506651430613,nT
2026-03-19T17:17:00.000Z,COLA,X,variation,channel,13185.932392839344,nT
2026-03-19T17:18:00.000Z,COLA,X,variation,channel,13186.19798795918,nT
2026-03-19T17:19:00.000Z,COLA,X,variation,channel,13185.332120988356,nT
2026-03-19T17:20:00.000Z,COLA,X,variation,channel,13184.625894899285,nT
2026-03-19T17:21:00.000Z,COLA,X,variation,channel,13183.785963393144,nT
2026-03-19T17:22:00.000Z,COLA,X,variation,channel,13182.77439689576,nT
2026-03-19T17:23:00.000Z,COLA,X,variation,channel,13182.359951533457,nT
2026-03-19T17:24:00.000Z,COLA,X,variation,channel,13182.354043794263,nT
2026-03-19T17:25:00.000Z,COLA,X,variation,channel,13182.628648224087,nT
2026-03-19T17:26:00.000Z,COLA,X,variation,channel,13183.93629887626,nT
2026-03-19T17:27:00.000Z,COLA,X,variation,channel,13184.646293422433,nT
2026-03-19T17:28:00.000Z,COLA,X,variation,channel,13184.950559829627,nT
2026-03-19T17:29:00.000Z,COLA,X,variation,channel,13184.885521502289,nT
2026-03-19T17:30:00.000Z,COLA,X,variation,channel,13183.898952140287,nT
2026-03-19T17:31:00.000Z,COLA,X,variation,channel,13183.695632976656,nT
2026-03-19T17:32:00.000Z,COLA,X,variation,channel,13183.511450274762,nT
2026-03-19T17:33:00.000Z,COLA,X,variation,channel,13183.55775778634,nT
2026-03-19T17:34:00.000Z,COLA,X,variation,channel,13183.500211804165,nT
2026-03-19T17:35:00.000Z,COLA,X,variation,channel,13183.180416436146,nT
2026-03-19T17:36:00.000Z,COLA,X,variation,channel,13183.076179424617,nT
2026-03-19T17:37:00.000Z,COLA,X,variation,channel,13182.635771970065,nT
2026-03-19T17:38:00.000Z,COLA,X,variation,channel,13182.087800390405,nT
2026-03-19T17:39:00.000Z,COLA,X,variation,channel,13181.525909051621,nT
2026-03-19T17:40:00.000Z,COLA,X,variation,channel,13180.991838856338,nT
2026-03-19T17:41:00.000Z,COLA,X,variation,channel,13181.015341159427,nT
2026-03-19T17:42:00.000Z,COLA,X,variation,channel,13180.9273669956,nT
2026-03-19T17:43:00.000Z,COLA,X,variation,channel,13181.318132186028,nT
2026-03-19T17:44:00.000Z,COLA,X,variation,channel,13181.75524819468,nT
2026-03-19T17:45:00.000Z,COLA,X,variation,channel,13181.63876786206,nT
2026-03-19T17:46:00.000Z,COLA,X,variation,channel,13181.31731102877,nT
2026-03-19T17:47:00.000Z,COLA,X,variation,channel,13180.837979126512,nT
2026-03-19T17:48:00.000Z,COLA,X,variation,channel,13180.766780593487,nT
2026-03-19T17:49:00.000Z,COLA,X,variation,channel,13181.233011177017,nT
2026-03-19T17:50:00.000Z,COLA,X,variation,channel,13181.774505272984,nT
2026-03-19T17:51:00.000Z,COLA,X,variation,channel,13181.810812227695,nT
2026-03-19T17:52:00.000Z,COLA,X,variation,channel,13181.362955759601,nT
2026-03-19T17:53:00.000Z,COLA,X,variation,channel,13180.860607761926,nT
2026-03-19T17:54:00.000Z,COLA,X,variation,channel,13180.714670928213,nT
2026-03-19T17:55:00.000Z,COLA,X,variation,channel,13179.94108964578,nT
2026-03-19T17:56:00.000Z,COLA,X,variation,channel,13179.481843216894,nT
2026-03-19T17:57:00.000Z,COLA,X,variation,channel,13179.017655146938,nT
2026-03-19T17:58:00.000Z,COLA,X,variation,channel,13178.605443542809,nT
2026-03-19T17:59:00.000Z,COLA,X,variation,channel,13178.123315698609,nT
2026-03-19T18:00:00.000Z,COLA,X,variation,channel,13178.827742127045,nT
2026-03-19T18:01:00.000Z,COLA,X,variation,channel,13179.411780693032,nT
2026-03-19T18:02:00.000Z,COLA,X,variation,channel,13180.165317777917,nT
2026-03-19T18:03:00.000Z,COLA,X,variation,channel,13181.218757431401,nT
2026-03-19T18:04:00.000Z,COLA,X,variation,channel,13181.963256575678,nT
2026-03-19T18:05:00.000Z,COLA,X,variation,channel,13182.584646712665,nT
2026-03-19T18:06:00.000Z,COLA,X,variation,channel,13181.955906901347,nT
2026-03-19T18:07:00.000Z,COLA,X,variation,channel,13181.139462198154,nT
2026-03-19T18:08:00.000Z,COLA,X,variation,channel,13180.45759252237,nT
2026-03-19T18:09:00.000Z,COLA,X,variation,channel,13179.998939340403,nT
2026-03-19T18:10:00.000Z,COLA,X,variation,channel,13179.183591392019,nT
2026-03-19T18:11:00.000Z,COLA,X,variation,channel,13178.211989738407,nT
2026-03-19T18:12:00.000Z,COLA,X,variation,channel,13176.801410739703,nT
2026-03-19T18:13:00.000Z,COLA,X,variation,channel,13177.046601870234,nT
2026-03-19T18:14:00.000Z,COLA,X,variation,channel,13176.597835980754,nT
2026-03-19T18:15:00.000Z,COLA,X,variation,channel,13176.650042917317,nT
2026-03-19T18:16:00.000Z,COLA,X,variation,channel,13176.749281909662,nT
2026-03-19T18:17:00.000Z,COLA,X,variation,channel,13176.699057696098,nT
2026-03-19T18:18:00.000Z,COLA,X,variation,channel,13176.354488727253,nT
2026-03-19T18:19:00.000Z,COLA,X,variation,channel,13176.228198064586,nT
2026-03-19T18:20:00.000Z,COLA,X,variation,channel,13175.691774119576,nT
2026-03-19T18:21:00.000Z,COLA,X,variation,channel,13175.40389154326,nT
2026-03-19T18:22:00.000Z,COLA,X,variation,channel,13175.977678999172,nT
2026-03-19T18:23:00.000Z,COLA,X,variation,channel,13176.749352795965,nT
2026-03-19T18:24:00.000Z,COLA,X,variation,channel,13177.93901023207,nT
2026-03-19T18:25:00.000Z,COLA,X,variation,channel,13180.714990920986,nT
2026-03-19T18:26:00.000Z,COLA,X,variation,channel,13182.649286834441,nT
2026-03-19T18:27:00.000Z,COLA,X,variation,channel,13183.402499575488,nT
2026-03-19T18:28:00.000Z,COLA,X,variation,channel,13182.749257750425,nT
2026-03-19T18:29:00.000Z,COLA,X,variation,channel,13181.725048216505,nT
2026-03-19T18:30:00.000Z,COLA,X,variation,channel,13178.892812282513,nT
2026-03-19T18:31:00.000Z,COLA,X,variation,channel,13175.795642078558,nT
2026-03-19T18:32:00.000Z,COLA,X,variation,channel,13173.45916598866,nT
2026-03-19T18:33:00.000Z,COLA,X,variation,channel,13172.557662211872,nT
2026-03-19T18:34:00.000Z,COLA,X,variation,channel,13172.718563449884,nT
2026-03-19T18:35:00.000Z,COLA,X,variation,channel,13174.05284732046,nT
2026-03-19T18:36:00.000Z,COLA,X,variation,channel,13174.866038682521,nT
2026-03-19T18:37:00.000Z,COLA,X,variation,channel,13174.134813695839,nT
2026-03-19T18:38:00.000Z,COLA,X,variation,channel,13173.437765068784,nT
2026-03-19T18:39:00.000Z,COLA,X,variation,channel,13172.748209578825,nT
2026-03-19T18:40:00.000Z,COLA,X,variation,channel,13172.279877833229,nT
2026-03-19T18:41:00.000Z,COLA,X,variation,channel,13172.81780391322,nT
2026-03-19T18:42:00.000Z,COLA,X,variation,channel,13173.956108820563,nT
2026-03-19T18:43:00.000Z,COLA,X,variation,channel,13174.57255291644,nT
2026-03-19T18:44:00.000Z,COLA,X,variation,channel,13175.23177472937,nT
2026-03-19T18:45:00.000Z,COLA,X,variation,channel,13175.086940853265,nT
2026-03-19T18:46:00.000Z,COLA,X,variation,channel,13175.332202245912,nT
2026-03-19T18:47:00.000Z,COLA,X,variation,channel,13175.067154901048,nT
2026-03-19T18:48:00.000Z,COLA,X,variation,channel,13174.958230649832,nT
2026-03-19T18:49:00.000Z,COLA,X,variation,channel,13174.909815925866,nT
2026-03-19T18:50:00.000Z,COLA,X,variation,channel,13174.852627004162,nT
2026-03-19T18:51:00.000Z,COLA,X,variation,channel,13174.659395848284,nT
2026-03-19T18:52:00.000Z,COLA,X,variation,channel,13173.87687512305,nT
2026-03-19T18:53:00.000Z,COLA,X,variation,channel,13172.87109738009,nT
2026-03-19T18:54:00.000Z,COLA,X,variation,channel,13172.206774268383,nT
2026-03-19T18:55:00.000Z,COLA,X,variation,channel,13171.092595323538,nT
2026-03-19T18:56:00.000Z,COLA,X,variation,channel,13170.479675216455,nT
2026-03-19T18:57:00.000Z,COLA,X,variation,channel,13170.235834939529,nT
2026-03-19T18:58:00.000Z,COLA,X,variation,channel,13170.669851031427,nT
2026-03-19T18:59:00.000Z,COLA,X,variation,channel,13170.88036377317,nT
2026-03-19T19:00:00.000Z,COLA,X,variation,channel,13170.490602753043,nT
2026-03-19T19:01:00.000Z,COLA,X,variation,channel,13169.78598387449,nT
2026-03-19T19:02:00.000Z,COLA,X,variation,channel,13169.525957352405,nT
2026-03-19T19:03:00.000Z,COLA,X,variation,channel,13169.194269342192,nT
2026-03-19T19:04:00.000Z,COLA,X,variation,channel,13169.122867869222,nT
2026-03-19T19:05:00.000Z,COLA,X,variation,channel,13169.22668166718,nT
2026-03-19T19:06:00.000Z,COLA,X,variation,channel,13169.570290317271,nT
2026-03-19T19:07:00.000Z,COLA,X,variation,channel,13170.190510864351,nT
2026-03-19T19:08:00.000Z,COLA,X,variation,channel,13170.549103220668,nT
2026-03-19T19:09:00.000Z,COLA,X,variation,channel,13170.814900715455,nT
2026-03-19T19:10:00.000Z,COLA,X,variation,channel,13171.6213248088,nT
2026-03-19T19:11:00.000Z,COLA,X,variation,channel,13172.690794258826,nT
2026-03-19T19:12:00.000Z,COLA,X,variation,channel,13172.825261283198,nT
2026-03-19T19:13:00.000Z,COLA,X,variation,channel,13172.67820515757,nT
2026-03-19T19:14:00.000Z,COLA,X,variation,channel,13171.485784023624,nT
2026-03-19T19:15:00.000Z,COLA,X,variation,channel,13170.426177127718,nT
2026-03-19T19:16:00.000Z,COLA,X,variation,channel,13168.884665186857,nT
2026-03-19T19:17:00.000Z,COLA,X,variation,channel,13168.01939217828,nT
2026-03-19T19:18:00.000Z,COLA,X,variation,channel,13167.89556638424,nT
2026-03-19T19:19:00.000Z,COLA,X,variation,channel,13168.916063103368,nT
2026-03-19T19:20:00.000Z,COLA,X,variation,channel,13170.43680894083,nT
2026-03-19T19:21:00.000Z,COLA,X,variation,channel,13170.661986051915,nT
2026-03-19T19:22:00.000Z,COLA,X,variation,channel,13170.878866495372,nT
2026-03-19T19:23:00.000Z,COLA,X,variation,channel,13171.31449368285,nT
2026-03-19T19:24:00.000Z,COLA,X,variation,channel,13171.384567262345,nT
2026-03-19T19:25:00.000Z,COLA,X,variation,channel,13170.606684216833,nT
2026-03-19T19:26:00.000Z,COLA,X,variation,channel,13170.174579885404,nT
2026-03-19T19:27:00.000Z,COLA,X,variation,channel,13170.481453771094,nT
2026-03-19T19:28:00.000Z,COLA,X,variation,channel,13170.202183596626,nT
2026-03-19T19:29:00.000Z,COLA,X,variation,channel,13169.171730854614,nT
2026-03-19T19:30:00.000Z,COLA,X,variation,channel,13168.820135176195,nT
2026-03-19T19:31:00.000Z,COLA,X,variation,channel,13169.143008013867,nT
2026-03-19T19:32:00.000Z,COLA,X,variation,channel,13169.398862873566,nT
2026-03-19T19:33:00.000Z,COLA,X,variation,channel,13169.553559778164,nT
2026-03-19T19:34:00.000Z,COLA,X,variation,channel,13169.47541662331,nT
2026-03-19T19:35:00.000Z,COLA,X,variation,channel,13169.453445509607,nT
2026-03-19T19:36:00.000Z,COLA,X,variation,channel,13169.290044400084,nT
2026-03-19T19:37:00.000Z,COLA,X,variation,channel,13169.035219508576,nT
2026-03-19T19:38:00.000Z,COLA,X,variation,channel,13169.060984693755,nT
2026-03-19T19:39:00.000Z,COLA,X,variation,channel,13169.838605093528,nT
2026-03-19T19:40:00.000Z,COLA,X,variation,channel,13170.53682014576,nT
2026-03-19T19:41:00.000Z,COLA,X,variation,channel,13170.48435825983,nT
2026-03-19T19:42:00.000Z,COLA,X,variation,channel,13169.729586118357,nT
2026-03-19T19:43:00.000Z,COLA,X,variation,channel,13169.282329014497,nT
2026-03-19T19:44:00.000Z,COLA,X,variation,channel,13169.290812133773,nT
2026-03-19T19:45:00.000Z,COLA,X,variation,channel,13169.56652772733,nT
2026-03-19T19:46:00.000Z,COLA,X,variation,channel,13169.28463901828,nT
2026-03-19T19:47:00.000Z,COLA,X,variation,channel,13168.830257115902,nT
2026-03-19T19:48:00.000Z,COLA,X,variation,channel,13168.729879959164,nT
2026-03-19T19:49:00.000Z,COLA,X,variation,channel,13168.667886488865,nT
2026-03-19T19:50:00.000Z,COLA,X,variation,channel,13168.765737856733,nT
2026-03-19T19:51:00.000Z,COLA,X,variation,channel,13168.210344350015,nT
2026-03-19T19:52:00.000Z,COLA,X,variation,channel,13167.998873965716,nT
2026-03-19T19:53:00.000Z,COLA,X,variation,channel,13167.804761151929,nT
2026-03-19T19:54:00.000Z,COLA,X,variation,channel,13167.142154187773,nT
2026-03-19T19:55:00.000Z,COLA,X,variation,channel,13166.977423199682,nT
2026-03-19T19:56:00.000Z,COLA,X,variation,channel,13166.732737834047,nT
2026-03-19T19:57:00.000Z,COLA,X,variation,channel,13166.24749130439,nT
2026-03-19T19:58:00.000Z,COLA,X,variation,channel,13166.247095762985,nT
2026-03-19T19:59:00.000Z,COLA,X,variation,channel,13166.108173989913,nT
2026-03-19T20:00:00.000Z,COLA,X,variation,channel,13166.237884964099,nT
2026-03-19T20:01:00.000Z,COLA,X,variation,channel,13166.686222445365,nT
2026-03-19T20:02:00.000Z,COLA,X,variation,channel,13167.150040373588,nT
2026-03-19T20:03:00.000Z,COLA,X,variation,channel,13167.384619379225,nT
2026-03-19T20:04:00.000Z,COLA,X,variation,channel,13166.583053760049,nT
2026-03-19T20:05:00.000Z,COLA,X,variation,channel,13166.23740064808,nT
2026-03-19T20:06:00.000Z,COLA,X,variation,channel,13166.624785139817,nT
2026-03-19T20:07:00.000Z,COLA,X,variation,channel,13166.923155819353,nT
2026-03-19T20:08:00.000Z,COLA,X,variation,channel,13167.557978881163,nT
2026-03-19T20:09:00.000Z,COLA,X,variation,channel,13166.992043671275,nT
2026-03-19T20:10:00.000Z,COLA,X,variation,channel,13165.930975599711,nT
2026-03-19T20:11:00.000Z,COLA,X,variation,channel,13166.966911801765,nT
2026-03-19T20:12:00.000Z,COLA,X,variation,channel,13167.94084832301,nT
2026-03-19T20:13:00.000Z,COLA,X,variation,channel,13167.803413664149,nT
2026-03-19T20:14:00.000Z,COLA,X,variation,channel,13167.770099822208,nT
2026-03-19T20:15:00.000Z,COLA,X,variation,channel,13167.943761998997,nT
2026-03-19T20:16:00.000Z,COLA,X,variation,channel,13167.555087681994,nT
2026-03-19T20:17:00.000Z,COLA,X,variation,channel,13167.283296310337,nT
2026-03-19T20:18:00.000Z,COLA,X,variation,channel,13167.07754298644,nT
2026-03-19T20:19:00.000Z,COLA,X,variation,channel,13166.949241192748,nT
2026-03-19T20:20:00.000Z,COLA,X,variation,channel,13166.686237211645,nT
2026-03-19T20:21:00.000Z,COLA,X,variation,channel,13167.374504359394,nT
2026-03-19T20:22:00.000Z,COLA,X,variation,channel,13166.84924021161,nT
2026-03-19T20:23:00.000Z,COLA,X,variation,channel,13166.31549271256,nT
2026-03-19T20:24:00.000Z,COLA,X,variation,channel,13165.795848496447,nT
2026-03-19T20:25:00.000Z,COLA,X,variation,channel,13165.853488568375,nT
2026-03-19T20:26:00.000Z,COLA,X,variation,channel,13165.576817428255,nT
2026-03-19T20:27:00.000Z,COLA,X,variation,channel,13165.722921023362,nT
2026-03-19T20:28:00.000Z,COLA,X,variation,channel,13165.574202208043,nT
2026-03-19T20:29:00.000Z,COLA,X,variation,channel,13165.577701423397,nT
2026-03-19T20:30:00.000Z,COLA,X,variation,channel,13165.458185192285,nT
2026-03-19T20:31:00.000Z,COLA,X,variation,channel,13165.544891296651,nT
2026-03-19T20:32:00.000Z,COLA,X,variation,channel,13165.191531721419,nT
2026-03-19T20:33:00.000Z,COLA,X,variation,channel,13190.938193543481,nT
2026-03-19T20:34:00.000Z,COLA,X,variation,channel,13192.57488426379,nT
2026-03-19T20:35:00.000Z,COLA,X,variation,channel,13192.526487264771,nT
2026-03-19T20:36:00.000Z,COLA,X,variation,channel,13192.108116937232,nT
2026-03-19T20:37:00.000Z,COLA,X,variation,channel,13192.770625785417,nT
2026-03-19T20:38:00.000Z,COLA,X,variation,channel,13193.986286154177,nT
2026-03-19T20:39:00.000Z,COLA,X,variation,channel,13191.858538531891,nT
2026-03-19T20:40:00.000Z,COLA,X,variation,channel,13167.118586791892,nT
2026-03-19T20:41:00.000Z,COLA,X,variation,channel,13167.051184541113,nT
2026-03-19T20:42:00.000Z,COLA,X,variation,channel,13166.632033354677,nT
2026-03-19T20:43:00.000Z,COLA,X,variation,channel,13166.348545377556,nT
2026-03-19T20:44:00.000Z,COLA,X,variation,channel,13166.750306857764,nT
2026-03-19T20:45:00.000Z,COLA,X,variation,channel,13167.028198210774,nT
2026-03-19T20:46:00.000Z,COLA,X,variation,channel,13167.545151350241,nT
2026-03-19T20:47:00.000Z,COLA,X,variation,channel,13167.685157772325,nT
2026-03-19T20:48:00.000Z,COLA,X,variation,channel,13167.600317341567,nT
2026-03-19T20:49:00.000Z,COLA,X,variation,channel,13167.698157289686,nT
2026-03-19T20:50:00.000Z,COLA,X,variation,channel,13167.256289601666,nT
2026-03-19T20:51:00.000Z,COLA,X,variation,channel,13167.122150553496,nT
2026-03-19T20:52:00.000Z,COLA,X,variation,channel,13167.389224314238,nT
2026-03-19T20:53:00.000Z,COLA,X,variation,channel,13167.04572118244,nT
2026-03-19T20:54:00.000Z,COLA,X,variation,channel,13167.107064401001,nT
2026-03-19T20:55:00.000Z,COLA,X,variation,channel,13167.721225667285,nT
2026-03-19T20:56:00.000Z,COLA,X,variation,channel,13168.121591684014,nT
2026-03-19T20:57:00.000Z,COLA,X,variation,channel,13167.330717999623,nT
2026-03-19T20:58:00.000Z,COLA,X,variation,channel,13166.855194187747,nT
2026-03-19T20:59:00.000Z,COLA,X,variation,channel,13167.614976797902,nT
2026-03-19T21:00:00.000Z,COLA,X,variation,channel,13168.05293138224,nT
2026-03-19T21:01:00.000Z,COLA,X,variation,channel,13167.918147900244,nT
2026-03-19T21:02:00.000Z,COLA,X,variation,channel,13167.596578814908,nT
2026-03-19T21:03:00.000Z,COLA,X,variation,channel,13167.51312081754,nT
2026-03-19T21:04:00.000Z,COLA,X,variation,channel,13167.296787609022,nT
2026-03-19T21:05:00.000Z,COLA,X,variation,channel,13167.190347529313,nT
2026-03-19T21:06:00.000Z,COLA,X,variation,channel,13166.878134430917,nT
2026-03-19T21:07:00.000Z,COLA,X,variation,channel,13166.732436309665,nT
2026-03-19T21:08:00.000Z,COLA,X,variation,channel,13166.73795637683,nT
2026-03-19T21:09:00.000Z,COLA,X,variation,channel,13166.754767110991,nT
2026-03-19T21:10:00.000Z,COLA,X,variation,channel,13166.417083593264,nT
2026-03-19T21:11:00.000Z,COLA,X,variation,channel,13166.040556183752,nT
2026-03-19T21:12:00.000Z,COLA,X,variation,channel,13166.051414615356,nT
2026-03-19T21:13:00.000Z,COLA,X,variation,channel,13165.948818329476,nT
2026-03-19T21:14:00.000Z,COLA,X,variation,channel,13166.095641735797,nT
2026-03-19T21:15:00.000Z,COLA,X,variation,channel,13166.287950742404,nT
2026-03-19T21:16:00.000Z,COLA,X,variation,channel,13165.774954157267,nT
2026-03-19T21:17:00.000Z,COLA,X,variation,channel,13165.855279862692,nT
2026-03-19T21:18:00.000Z,COLA,X,variation,channel,13166.5267391673,nT
2026-03-19T21:19:00.000Z,COLA,X,variation,channel,13167.35750711443,nT
2026-03-19T21:20:00.000Z,COLA,X,variation,channel,13167.21981422573,nT
2026-03-19T21:21:00.000Z,COLA,X,variation,channel,13166.794708425856,nT
2026-03-19T21:22:00.000Z,COLA,X,variation,channel,13166.912573010779,nT
2026-03-19T21:23:00.000Z,COLA,X,variation,channel,13167.554809913465,nT
2026-03-19T21:24:00.000Z,COLA,X,variation,channel,13167.450294533151,nT
2026-03-19T21:25:00.000Z,COLA,X,variation,channel,13167.481724239226,nT
2026-03-19T21:26:00.000Z,COLA,X,variation,channel,13167.599444525504,nT
2026-03-19T21:27:00.000Z,COLA,X,variation,channel,13167.572764255145,nT
2026-03-19T21:28:00.000Z,COLA,X,variation,channel,13167.529044804645,nT
2026-03-19T21:29:00.000Z,COLA,X,variation,channel,13167.364999219308,nT
2026-03-19T21:30:00.000Z,COLA,X,variation,channel,13167.477639343166,nT
2026-03-19T21:31:00.000Z,COLA,X,variation,channel,13167.658541429808,nT
2026-03-19T21:32:00.000Z,COLA,X,variation,channel,13167.460910203356,nT
2026-03-19T21:33:00.000Z,COLA,X,variation,channel,13167.448823838176,nT
2026-03-19T21:34:00.000Z,COLA,X,variation,channel,13167.277164593177,nT
2026-03-19T21:35:00.000Z,COLA,X,variation,channel,13167.46041786466,nT
2026-03-19T21:36:00.000Z,COLA,X,variation,channel,13167.435600659826,nT
2026-03-19T21:37:00.000Z,COLA,X,variation,channel,13167.29661769992,nT
2026-03-19T21:38:00.000Z,COLA,X,variation,channel,13167.281821737852,nT
2026-03-19T21:39:00.000Z,COLA,X,variation,channel,13167.487830641257,nT
2026-03-19T21:40:00.000Z,COLA,X,variation,channel,13167.831457124717,nT
2026-03-19T21:41:00.000Z,COLA,X,variation,channel,13167.548864947066,nT
2026-03-19T21:42:00.000Z,COLA,X,variation,channel,13167.136188603892,nT
2026-03-19T21:43:00.000Z,COLA,X,variation,channel,13166.824035706626,nT
2026-03-19T21:44:00.000Z,COLA,X,variation,channel,13166.786439594058,nT
2026-03-19T21:45:00.000Z,COLA,X,variation,channel,13166.64633785852,nT
2026-03-19T21:46:00.000Z,COLA,X,variation,channel,13166.327369180097,nT
2026-03-19T21:47:00.000Z,COLA,X,variation,channel,13166.832598806213,nT
2026-03-19T21:48:00.000Z,COLA,X,variation,channel,13167.419375493302,nT
2026-03-19T21:49:00.000Z,COLA,X,variation,channel,13167.519593904632,nT
2026-03-19T21:50:00.000Z,COLA,X,variation,channel,13167.939995677143,nT
2026-03-19T21:51:00.000Z,COLA,X,variation,channel,13168.805233665204,nT
2026-03-19T21:52:00.000Z,COLA,X,variation,channel,13168.833681799091,nT
2026-03-19T21:53:00.000Z,COLA,X,variation,channel,13168.573726076576,nT
2026-03-19T21:54:00.000Z,COLA,X,variation,channel,13168.41865716408,nT
2026-03-19T21:55:00.000Z,COLA,X,variation,channel,13168.537962862121,nT
2026-03-19T21:56:00.000Z,COLA,X,variation,channel,13168.497604635872,nT
2026-03-19T21:57:00.000Z,COLA,X,variation,channel,13167.985168091758,nT
2026-03-19T21:58:00.000Z,COLA,X,variation,channel,13167.680240521016,nT
2026-03-19T21:59:00.000Z,COLA,X,variation,channel,13167.939419955823,nT
2026-03-19T22:00:00.000Z,COLA,X,variation,channel,13167.723760252788,nT
2026-03-19T22:01:00.000Z,COLA,X,variation,channel,13167.45234825115,nT
2026-03-19T22:02:00.000Z,COLA,X,variation,channel,13167.507502308197,nT
2026-03-19T22:03:00.000Z,COLA,X,variation,channel,13167.495618253804,nT
2026-03-19T22:04:00.000Z,COLA,X,variation,channel,13167.433433922894,nT
2026-03-19T22:05:00.000Z,COLA,X,variation,channel,13167.063436543676,nT
2026-03-19T22:06:00.000Z,COLA,X,variation,channel,13166.777756177968,nT
2026-03-19T22:07:00.000Z,COLA,X,variation,channel,13166.520621732096,nT
2026-03-19T22:08:00.000Z,COLA,X,variation,channel,13166.32947783437,nT
2026-03-19T22:09:00.000Z,COLA,X,variation,channel,13166.378877873081,nT
2026-03-19T22:10:00.000Z,COLA,X,variation,channel,13166.592649516135,nT
2026-03-19T22:11:00.000Z,COLA,X,variation,channel,13166.287210146224,nT
2026-03-19T22:12:00.000Z,COLA,X,variation,channel,13166.028914095894,nT
2026-03-19T22:13:00.000Z,COLA,X,variation,channel,13165.794644409452,nT
2026-03-19T22:14:00.000Z,COLA,X,variation,channel,13165.649816865322,nT
2026-03-19T22:15:00.000Z,COLA,X,variation,channel,13165.788682318997,nT
2026-03-19T22:16:00.000Z,COLA,X,variation,channel,13166.120894261558,nT
2026-03-19T22:17:00.000Z,COLA,X,variation,channel,13166.461828709305,nT
2026-03-19T22:18:00.000Z,COLA,X,variation,channel,13167.071475154742,nT
2026-03-19T22:19:00.000Z,COLA,X,variation,channel,13166.991415370088,nT
2026-03-19T22:20:00.000Z,COLA,X,variation,channel,13167.117755639336,nT
2026-03-19T22:21:00.000Z,COLA,X,variation,channel,13167.047386086515,nT
2026-03-19T22:22:00.000Z,COLA,X,variation,channel,13166.830961624566,nT
2026-03-19T22:23:00.000Z,COLA,X,variation,channel,13166.791326080229,nT
2026-03-19T22:24:00.000Z,COLA,X,variation,channel,13166.429926737903,nT
2026-03-19T22:25:00.000Z,COLA,X,variation,channel,13166.029896161408,nT
2026-03-19T22:26:00.000Z,COLA,X,variation,channel,13165.7389639294,nT
2026-03-19T22:27:00.000Z,COLA,X,variation,channel,13165.263417342516,nT
2026-03-19T22:28:00.000Z,COLA,X,variation,channel,13165.176503352797,nT
2026-03-19T22:29:00.000Z,COLA,X,variation,channel,13165.37389670915,nT
2026-03-19T22:30:00.000Z,COLA,X,variation,channel,13165.82543794523,nT
2026-03-19T22:31:00.000Z,COLA,X,variation,channel,13166.415782520759,nT
2026-03-19T22:32:00.000Z,COLA,X,variation,channel,13165.898568049508,nT
2026-03-19T22:33:00.000Z,COLA,X,variation,channel,13165.310183420715,nT
2026-03-19T22:34:00.000Z,COLA,X,variation,channel,13164.910413085425,nT
2026-03-19T22:35:00.000Z,COLA,X,variation,channel,13165.188601019134,nT
2026-03-19T22:36:00.000Z,COLA,X,variation,channel,13165.356737232443,nT
2026-03-19T22:37:00.000Z,COLA,X,variation,channel,13164.99851854073,nT
2026-03-19T22:38:00.000Z,COLA,X,variation,channel,13164.954114986775,nT
2026-03-19T22:39:00.000Z,COLA,X,variation,channel,13165.091331839907,nT
2026-03-19T22:40:00.000Z,COLA,X,variation,channel,13165.56351192207,nT
2026-03-19T22:41:00.000Z,COLA,X,variation,channel,13165.794743031165,nT
2026-03-19T22:42:00.000Z,COLA,X,variation,channel,13166.356590804442,nT
2026-03-19T22:43:00.000Z,COLA,X,variation,channel,13166.667485254182,nT
2026-03-19T22:44:00.000Z,COLA,X,variation,channel,13166.443819107046,nT
2026-03-19T22:45:00.000Z,COLA,X,variation,channel,13166.97775877426,nT
2026-03-19T22:46:00.000Z,COLA,X,variation,channel,13166.818213360382,nT
2026-03-19T22:47:00.000Z,COLA,X,variation,channel,13166.683714469322,nT
2026-03-19T22:48:00.000Z,COLA,X,variation,channel,13166.78570668659,nT
2026-03-19T22:49:00.000Z,COLA,X,variation,channel,13167.137071515195,nT
2026-03-19T22:50:00.000Z,COLA,X,variation,channel,13167.995402033397,nT
2026-03-19T22:51:00.000Z,COLA,X,variation,channel,13168.37653151433,nT
2026-03-19T22:52:00.000Z,COLA,X,variation,channel,13169.227649916918,nT
2026-03-19T22:53:00.000Z,COLA,X,variation,channel,13169.395093458972,nT
2026-03-19T22:54:00.000Z,COLA,X,variation,channel,13168.277031127422,nT
2026-03-19T22:55:00.000Z,COLA,X,variation,channel,13167.831695555456,nT
2026-03-19T22:56:00.000Z,COLA,X,variation,channel,13168.563424468826,nT
2026-03-19T22:57:00.000Z,COLA,X,variation,channel,13169.299847281003,nT
2026-03-19T22:58:00.000Z,COLA,X,variation,channel,13169.932046496504,nT
2026-03-19T22:59:00.000Z,COLA,X,variation,channel,13170.428875424763,nT
2026-03-19T23:00:00.000Z,COLA,X,variation,channel,13171.22383525234,nT
2026-03-19T23:01:00.000Z,COLA,X,variation,channel,13170.94268357303,nT
2026-03-19T23:02:00.000Z,COLA,X,variation,channel,13170.118930838895,nT
2026-03-19T23:03:00.000Z,COLA,X,variation,channel,13169.267783686251,nT
2026-03-19T23:04:00.000Z,COLA,X,variation,channel,13169.011400669566,nT
2026-03-19T23:05:00.000Z,COLA,X,variation,channel,13168.866299221881,nT
2026-03-19T23:06:00.000Z,COLA,X,variation,channel,13168.517967437077,nT
2026-03-19T23:07:00.000Z,COLA,X,variation,channel,13168.158990606024,nT
2026-03-19T23:08:00.000Z,COLA,X,variation,channel,13168.217044531919,nT
2026-03-19T23:09:00.000Z,COLA,X,variation,channel,13168.380335661977,nT
2026-03-19T23:10:00.000Z,COLA,X,variation,channel,13168.153390451855,nT
2026-03-19T23:11:00.000Z,COLA,X,variation,channel,13167.625908726093,nT
2026-03-19T23:12:00.000Z,COLA,X,variation,channel,13167.384538399703,nT
2026-03-19T23:13:00.000Z,COLA,X,variation,channel,13167.929026986698,nT
2026-03-19T23:14:00.000Z,COLA,X,variation,channel,13168.513003096763,nT
2026-03-19T23:15:00.000Z,COLA,X,variation,channel,13168.882442945976,nT
2026-03-19T23:16:00.000Z,COLA,X,variation,channel,13168.852917848773,nT
2026-03-19T23:17:00.000Z,COLA,X,variation,channel,13169.029652948822,nT
2026-03-19T23:18:00.000Z,COLA,X,variation,channel,13169.916447983094,nT
2026-03-19T23:19:00.000Z,COLA,X,variation,channel,13170.672013105588,nT
2026-03-19T23:20:00.000Z,COLA,X,variation,channel,13170.94978471514,nT
2026-03-19T23:21:00.000Z,COLA,X,variation,channel,13171.83582625268,nT
2026-03-19T23:22:00.000Z,COLA,X,variation,channel,13172.480783087656,nT
2026-03-19T23:23:00.000Z,COLA,X,variation,channel,13172.646994687362,nT
2026-03-19T23:24:00.000Z,COLA,X,variation,channel,13172.989521670104,nT
2026-03-19T23:25:00.000Z,COLA,X,variation,channel,13172.797151118913,nT
2026-03-19T23:26:00.000Z,COLA,X,variation,channel,13172.461601771503,nT
2026-03-19T23:27:00.000Z,COLA,X,variation,channel,13171.33412664449,nT
2026-03-19T23:28:00.000Z,COLA,X,variation,channel,13170.597259195232,nT
2026-03-19T23:29:00.000Z,COLA,X,variation,channel,13170.652058684474,nT
2026-03-19T23:30:00.000Z,COLA,X,variation,channel,13170.869951286395,nT
2026-03-19T23:31:00.000Z,COLA,X,variation,channel,13170.522658152866,nT
2026-03-19T23:32:00.000Z,COLA,X,variation,channel,13170.83302105233,nT
2026-03-19T23:33:00.000Z,COLA,X,variation,channel,13171.056577425621,nT
2026-03-19T23:34:00.000Z,COLA,X,variation,channel,13170.671108536499,nT
2026-03-19T23:35:00.000Z,COLA,X,variation,channel,13170.494013516405,nT
2026-03-19T23:36:00.000Z,COLA,X,variation,channel,13170.656194060315,nT
2026-03-19T23:37:00.000Z,COLA,X,variation,channel,13170.73669204158,nT
2026-03-19T23:38:00.000Z,COLA,X,variation,channel,13170.53173986001,nT
2026-03-19T23:39:00.000Z,COLA,X,variation,channel,13170.511285871273,nT
2026-03-19T23:40:00.000Z,COLA,X,variation,channel,13170.788067650836,nT
2026-03-19T23:41:00.000Z,COLA,X,variation,channel,13171.416971228788,nT
2026-03-19T23:42:00.000Z,COLA,X,variation,channel,13171.595630417494,nT
2026-03-19T23:43:00.000Z,COLA,X,variation,channel,13171.569418869323,nT
2026-03-19T23:44:00.000Z,COLA,X,variation,channel,13171.763322183571,nT
2026-03-19T23:45:00.000Z,COLA,X,variation,channel,13171.843622116263,nT
2026-03-19T23:46:00.000Z,COLA,X,variation,channel,13171.526759963446,nT
2026-03-19T23:47:00.000Z,COLA,X,variation,channel,13171.769958400888,nT
2026-03-19T23:48:00.000Z,COLA,X,variation,channel,13171.92119540214,nT
2026-03-19T23:49:00.000Z,COLA,X,variation,channel,13172.130849510646,nT
2026-03-19T23:50:00.000Z,COLA,X,variation,channel,13171.671402012755,nT
2026-03-19T23:51:00.000Z,COLA,X,variation,channel,13171.289464481548,nT
2026-03-19T23:52:00.000Z,COLA,X,variation,channel,13171.502762626724,nT
2026-03-19T23:53:00.000Z,COLA,X,variation,channel,13172.012317203165,nT
2026-03-19T23:54:00.000Z,COLA,X,variation,channel,13172.898122865434,nT
2026-03-19T23:55:00.000Z,COLA,X,variation,channel,13173.646040656427,nT
2026-03-19T23:56:00.000Z,COLA,X,variation,channel,13173.82881096564,nT
2026-03-19T23:57:00.000Z,COLA,X,variation,channel,13173.89291020316,nT
2026-03-19T23:58:00.000Z,COLA,X,variation,channel,13173.458824011412,nT
2026-03-19T23:59:00.000Z,COLA,X,variation,channel,13173.043576658803,nT
2026-03-20T00:00:00.000Z,COLA,X,variation,channel,13172.34616483269,nT
2026-03-20T00:01:00.000Z,COLA,X,variation,channel,13171.8464391196,nT
2026-03-20T00:02:00.000Z,COLA,X,variation,channel,13172.443014208855,nT
2026-03-20T00:03:00.000Z,COLA,X,variation,channel,13173.044366101312,nT
2026-03-20T00:04:00.000Z,COLA,X,variation,channel,13172.957353657403,nT
2026-03-20T00:05:00.000Z,COLA,X,variation,channel,13172.673535407825,nT
2026-03-20T00:06:00.000Z,COLA,X,variation,channel,13172.495473978524,nT
2026-03-20T00:07:00.000Z,COLA,X,variation,channel,13172.033965013112,nT
2026-03-20T00:08:00.000Z,COLA,X,variation,channel,13172.08709238787,nT
2026-03-20T00:09:00.000Z,COLA,X,variation,channel,13172.181592319668,nT
2026-03-20T00:10:00.000Z,COLA,X,variation,channel,13172.144610847896,nT
2026-03-20T00:11:00.000Z,COLA,X,variation,channel,13173.605862729137,nT
2026-03-20T00:12:00.000Z,COLA,X,variation,channel,13175.38498504493,nT
2026-03-20T00:13:00.000Z,COLA,X,variation,channel,13176.708732127438,nT
2026-03-20T00:14:00.000Z,COLA,X,variation,channel,13178.03517039868,nT
2026-03-20T00:15:00.000Z,COLA,X,variation,channel,13178.527794857884,nT
2026-03-20T00:16:00.000Z,COLA,X,variation,channel,13178.446342880696,nT
2026-03-20T00:17:00.000Z,COLA,X,variation,channel,13177.720387572706,nT
2026-03-20T00:18:00.000Z,COLA,X,variation,channel,13176.659209570975,nT
2026-03-20T00:19:00.000Z,COLA,X,variation,channel,13176.022536138886,nT
2026-03-20T00:20:00.000Z,COLA,X,variation,channel,13175.779885080194,nT
2026-03-20T00:21:00.000Z,COLA,X,variation,channel,13175.310856106218,nT
2026-03-20T00:22:00.000Z,COLA,X,variation,channel,13175.01642037564,nT
2026-03-20T00:23:00.000Z,COLA,X,variation,channel,13174.798132036274,nT
2026-03-20T00:24:00.000Z,COLA,X,variation,channel,13175.150322126756,nT
2026-03-20T00:25:00.000Z,COLA,X,variation,channel,13176.115337165238,nT
2026-03-20T00:26:00.000Z,COLA,X,variation,channel,13176.91878954822,nT
2026-03-20T00:27:00.000Z,COLA,X,variation,channel,13176.196611141087,nT
2026-03-20T00:28:00.000Z,COLA,X,variation,channel,13176.874382350603,nT
2026-03-20T00:29:00.000Z,COLA,X,variation,channel,13179.083249341342,nT
2026-03-20T00:30:00.000Z,COLA,X,variation,channel,13181.130109463349,nT
2026-03-20T00:31:00.000Z,COLA,X,variation,channel,13181.546907237267,nT
2026-03-20T00:32:00.000Z,COLA,X,variation,channel,13180.809035799422,nT
2026-03-20T00:33:00.000Z,COLA,X,variation,channel,13179.32340127691,nT
2026-03-20T00:34:00.000Z,COLA,X,variation,channel,13178.089034692146,nT
2026-03-20T00:35:00.000Z,COLA,X,variation,channel,13177.21663665173,nT
2026-03-20T00:36:00.000Z,COLA,X,variation,channel,13176.217952155248,nT
2026-03-20T00:37:00.000Z,COLA,X,variation,channel,13175.153179678924,nT
2026-03-20T00:38:00.000Z,COLA,X,variation,channel,13174.552037494375,nT
2026-03-20T00:39:00.000Z,COLA,X,variation,channel,13174.390159673592,nT
2026-03-20T00:40:00.000Z,COLA,X,variation,channel,13173.673534211905,nT
2026-03-20T00:41:00.000Z,COLA,X,variation,channel,13172.52384723152,nT
2026-03-20T00:42:00.000Z,COLA,X,variation,channel,13171.607823780207,nT
2026-03-20T00:43:00.000Z,COLA,X,variation,channel,13170.961124053973,nT
2026-03-20T00:44:00.000Z,COLA,X,variation,channel,13171.146996005145,nT
2026-03-20T00:45:00.000Z,COLA,X,variation,channel,13171.402230639707,nT
2026-03-20T00:46:00.000Z,COLA,X,variation,channel,13172.19356818513,nT
2026-03-20T00:47:00.000Z,COLA,X,variation,channel,13172.964157137394,nT
2026-03-20T00:48:00.000Z,COLA,X,variation,channel,13173.532655202076,nT
2026-03-20T00:49:00.000Z,COLA,X,variation,channel,13174.303382828988,nT
2026-03-20T00:50:00.000Z,COLA,X,variation,channel,13175.334692525084,nT
2026-03-20T00:51:00.000Z,COLA,X,variation,channel,13176.219120753402,nT
2026-03-20T00:52:00.000Z,COLA,X,variation,channel,13177.248248535014,nT
2026-03-20T00:53:00.000Z,COLA,X,variation,channel,13178.492957943956,nT
2026-03-20T00:54:00.000Z,COLA,X,variation,channel,13179.076632148232,nT
2026-03-20T00:55:00.000Z,COLA,X,variation,channel,13179.321673631479,nT
2026-03-20T00:56:00.000Z,COLA,X,variation,channel,13179.107325927933,nT
2026-03-20T00:57:00.000Z,COLA,X,variation,channel,13179.543627425775,nT
2026-03-20T00:58:00.000Z,COLA,X,variation,channel,13180.278940965713,nT
2026-03-20T00:59:00.000Z,COLA,X,variation,channel,13181.235855568502,nT
2026-03-20T01:00:00.000Z,COLA,X,variation,channel,13182.54355094678,nT
2026-03-20T01:01:00.000Z,COLA,X,variation,channel,13183.565634732726,nT
2026-03-20T01:02:00.000Z,COLA,X,variation,channel,13183.446094398127,nT
2026-03-20T01:03:00.000Z,COLA,X,variation,channel,13182.838231600597,nT
2026-03-20T01:04:00.000Z,COLA,X,variation,channel,13182.807128134487,nT
2026-03-20T01:05:00.000Z,COLA,X,variation,channel,13182.898612691846,nT
2026-03-20T01:06:00.000Z,COLA,X,variation,channel,13182.62953813387,nT
2026-03-20T01:07:00.000Z,COLA,X,variation,channel,13182.502173658568,nT
2026-03-20T01:08:00.000Z,COLA,X,variation,channel,13182.258619802496,nT
2026-03-20T01:09:00.000Z,COLA,X,variation,channel,13182.058100955082,nT
2026-03-20T01:10:00.000Z,COLA,X,variation,channel,13181.8485722897,nT
2026-03-20T01:11:00.000Z,COLA,X,variation,channel,13181.31669102101,nT
2026-03-20T01:12:00.000Z,COLA,X,variation,channel,13180.583466712435,nT
2026-03-20T01:13:00.000Z,COLA,X,variation,channel,13179.918440845633,nT
2026-03-20T01:14:00.000Z,COLA,X,variation,channel,13179.387879714692,nT
2026-03-20T01:15:00.000Z,COLA,X,variation,channel,13178.642994693399,nT
2026-03-20T01:16:00.000Z,COLA,X,variation,channel,13178.077737980033,nT
2026-03-20T01:17:00.000Z,COLA,X,variation,channel,13178.582823815821,nT
2026-03-20T01:18:00.000Z,COLA,X,variation,channel,13179.145741530603,nT
2026-03-20T01:19:00.000Z,COLA,X,variation,channel,13178.818395338685,nT
2026-03-20T01:20:00.000Z,COLA,X,variation,channel,13178.29569597853,nT
2026-03-20T01:21:00.000Z,COLA,X,variation,channel,13178.25351135286,nT
2026-03-20T01:22:00.000Z,COLA,X,variation,channel,13178.699337274838,nT
2026-03-20T01:23:00.000Z,COLA,X,variation,channel,13178.92973392946,nT
2026-03-20T01:24:00.000Z,COLA,X,variation,channel,13179.294078965126,nT
2026-03-20T01:25:00.000Z,COLA,X,variation,channel,13179.53688382202,nT
2026-03-20T01:26:00.000Z,COLA,X,variation,channel,13179.334934843613,nT
2026-03-20T01:27:00.000Z,COLA,X,variation,channel,13179.148455851373,nT
2026-03-20T01:28:00.000Z,COLA,X,variation,channel,13178.775745341589,nT
2026-03-20T01:29:00.000Z,COLA,X,variation,channel,13178.362855105646,nT
2026-03-20T01:30:00.000Z,COLA,X,variation,channel,13178.33210172501,nT
2026-03-20T01:31:00.000Z,COLA,X,variation,channel,13178.89034700894,nT
2026-03-20T01:32:00.000Z,COLA,X,variation,channel,13179.180194154695,nT
2026-03-20T01:33:00.000Z,COLA,X,variation,channel,13179.529520592298,nT
2026-03-20T01:34:00.000Z,COLA,X,variation,channel,13180.451369467291,nT
2026-03-20T01:35:00.000Z,COLA,X,variation,channel,13182.012688032204,nT
2026-03-20T01:36:00.000Z,COLA,X,variation,channel,13183.288415129047,nT
2026-03-20T01:37:00.000Z,COLA,X,variation,channel,13184.239825340197,nT
2026-03-20T01:38:00.000Z,COLA,X,variation,channel,13185.700731445173,nT
2026-03-20T01:39:00.000Z,COLA,X,variation,channel,13186.800715196925,nT
2026-03-20T01:40:00.000Z,COLA,X,variation,channel,13187.819614517315,nT
2026-03-20T01:41:00.000Z,COLA,X,variation,channel,13189.200316224305,nT
2026-03-20T01:42:00.000Z,COLA,X,variation,channel,13190.89535612704,nT
2026-03-20T01:43:00.000Z,COLA,X,variation,channel,13192.48113267414,nT
2026-03-20T01:44:00.000Z,COLA,X,variation,channel,13193.869794107412,nT
2026-03-20T01:45:00.000Z,COLA,X,variation,channel,13194.255906223247,nT
2026-03-20T01:46:00.000Z,COLA,X,variation,channel,13193.8868885755,nT
2026-03-20T01:47:00.000Z,COLA,X,variation,channel,13193.109952756333,nT
2026-03-20T01:48:00.000Z,COLA,X,variation,channel,13193.08357128594,nT
2026-03-20T01:49:00.000Z,COLA,X,variation,channel,13193.219278401562,nT
2026-03-20T01:50:00.000Z,COLA,X,variation,channel,13192.823295000037,nT
2026-03-20T01:51:00.000Z,COLA,X,variation,channel,13192.516392484267,nT
2026-03-20T01:52:00.000Z,COLA,X,variation,channel,13191.700778572784,nT
2026-03-20T01:53:00.000Z,COLA,X,variation,channel,13191.880220352916,nT
2026-03-20T01:54:00.000Z,COLA,X,variation,channel,13191.450842023773,nT
2026-03-20T01:55:00.000Z,COLA,X,variation,channel,13190.93257163774,nT
2026-03-20T01:56:00.000Z,COLA,X,variation,channel,13190.286699849778,nT
2026-03-20T01:57:00.000Z,COLA,X,variation,channel,13188.88705430092,nT
2026-03-20T01:58:00.000Z,COLA,X,variation,channel,13187.744072365955,nT
2026-03-20T01:59:00.000Z,COLA,X,variation,channel,13187.013829146335,nT
2026-03-20T02:00:00.000Z,COLA,X,variation,channel,13187.07566729797,nT
2026-03-20T02:01:00.000Z,COLA,X,variation,channel,13187.670894776013,nT
2026-03-20T02:02:00.000Z,COLA,X,variation,channel,13188.433120021566,nT
2026-03-20T02:03:00.000Z,COLA,X,variation,channel,13188.628504621389,nT
2026-03-20T02:04:00.000Z,COLA,X,variation,channel,13188.369485409465,nT
2026-03-20T02:05:00.000Z,COLA,X,variation,channel,13187.910024649791,nT
2026-03-20T02:06:00.000Z,COLA,X,variation,channel,13187.950700717633,nT
2026-03-20T02:07:00.000Z,COLA,X,variation,channel,13187.934455856805,nT
2026-03-20T02:08:00.000Z,COLA,X,variation,channel,13187.564800072212,nT
2026-03-20T02:09:00.000Z,COLA,X,variation,channel,13187.406993739778,nT
2026-03-20T02:10:00.000Z,COLA,X,variation,channel,13187.579046855764,nT
2026-03-20T02:11:00.000Z,COLA,X,variation,channel,13188.579957560762,nT
2026-03-20T02:12:00.000Z,COLA,X,variation,channel,13189.773058091221,nT
2026-03-20T02:13:00.000Z,COLA,X,variation,channel,13190.916621784225,nT
2026-03-20T02:14:00.000Z,COLA,X,variation,channel,13192.045997118194,nT
2026-03-20T02:15:00.000Z,COLA,X,variation,channel,13192.903406061943,nT
2026-03-20T02:16:00.000Z,COLA,X,variation,channel,13192.90461097463,nT
2026-03-20T02:17:00.000Z,COLA,X,variation,channel,13193.028444476096,nT
2026-03-20T02:18:00.000Z,COLA,X,variation,channel,13193.214487879413,nT
2026-03-20T02:19:00.000Z,COLA,X,variation,channel,13192.97497260051,nT
2026-03-20T02:20:00.000Z,COLA,X,variation,channel,13192.616349490108,nT
2026-03-20T02:21:00.000Z,COLA,X,variation,channel,13192.849800890182,nT
2026-03-20T02:22:00.000Z,COLA,X,variation,channel,13192.692517180107,nT
2026-03-20T02:23:00.000Z,COLA,X,variation,channel,13191.786476178815,nT
2026-03-20T02:24:00.000Z,COLA,X,variation,channel,13190.539888630714,nT
2026-03-20T02:25:00.000Z,COLA,X,variation,channel,13176.656280672481,nT
2026-03-20T02:26:00.000Z,COLA,X,variation,channel,13176.824790594712,nT
2026-03-20T02:27:00.000Z,COLA,X,variation,channel,13193.15372930847,nT
2026-03-20T02:28:00.000Z,COLA,X,variation,channel,13208.850290802171,nT
2026-03-20T02:29:00.000Z,COLA,X,variation,channel,13213.317187614195,nT
2026-03-20T02:30:00.000Z,COLA,X,variation,channel,13216.864654579766,nT
2026-03-20T02:31:00.000Z,COLA,X,variation,channel,13221.78483261631,nT
2026-03-20T02:32:00.000Z,COLA,X,variation,channel,13222.522414119661,nT
2026-03-20T02:33:00.000Z,COLA,X,variation,channel,13216.965405628003,nT
2026-03-20T02:34:00.000Z,COLA,X,variation,channel,13209.75280140911,nT
2026-03-20T02:35:00.000Z,COLA,X,variation,channel,13207.066347888845,nT
2026-03-20T02:36:00.000Z,COLA,X,variation,channel,13206.644060431501,nT
2026-03-20T02:37:00.000Z,COLA,X,variation,channel,13204.626995203826,nT
2026-03-20T02:38:00.000Z,COLA,X,variation,channel,13200.035009327856,nT
2026-03-20T02:39:00.000Z,COLA,X,variation,channel,13196.135571539235,nT
2026-03-20T02:40:00.000Z,COLA,X,variation,channel,13195.152199888464,nT
2026-03-20T02:41:00.000Z,COLA,X,variation,channel,13198.260415119372,nT
2026-03-20T02:42:00.000Z,COLA,X,variation,channel,13200.503184897141,nT
2026-03-20T02:43:00.000Z,COLA,X,variation,channel,13197.618191765034,nT
2026-03-20T02:44:00.000Z,COLA,X,variation,channel,13195.970040108223,nT
2026-03-20T02:45:00.000Z,COLA,X,variation,channel,13194.570736965778,nT
2026-03-20T02:46:00.000Z,COLA,X,variation,channel,13195.358039761068,nT
2026-03-20T02:47:00.000Z,COLA,X,variation,channel,13197.267199005602,nT
2026-03-20T02:48:00.000Z,COLA,X,variation,channel,13197.234734839807,nT
2026-03-20T02:49:00.000Z,COLA,X,variation,channel,13195.838891741203,nT
2026-03-20T02:50:00.000Z,COLA,X,variation,channel,13194.849325616215,nT
2026-03-20T02:51:00.000Z,COLA,X,variation,channel,13195.346326654833,nT
2026-03-20T02:52:00.000Z,COLA,X,variation,channel,13193.222888458844,nT
2026-03-20T02:53:00.000Z,COLA,X,variation,channel,13190.410833434273,nT
2026-03-20T02:54:00.000Z,COLA,X,variation,channel,13188.991556335006,nT
2026-03-20T02:55:00.000Z,COLA,X,variation,channel,13189.281542716488,nT
2026-03-20T02:56:00.000Z,COLA,X,variation,channel,13188.76392599179,nT
2026-03-20T02:57:00.000Z,COLA,X,variation,channel,13185.86943027942,nT
2026-03-20T02:58:00.000Z,COLA,X,variation,channel,13185.268559203287,nT
2026-03-20T02:59:00.000Z,COLA,X,variation,channel,13187.72506028007,nT
2026-03-20T03:00:00.000Z,COLA,X,variation,channel,13189.739229771345,nT
2026-03-20T03:01:00.000Z,COLA,X,variation,channel,13189.914708421542,nT
2026-03-20T03:02:00.000Z,COLA,X,variation,channel,13189.99338989737,nT
2026-03-20T03:03:00.000Z,COLA,X,variation,channel,13190.553202668856,nT
2026-03-20T03:04:00.000Z,COLA,X,variation,channel,13191.966643647243,nT
2026-03-20T03:05:00.000Z,COLA,X,variation,channel,13194.563387291402,nT
2026-03-20T03:06:00.000Z,COLA,X,variation,channel,13195.317596002174,nT
2026-03-20T03:07:00.000Z,COLA,X,variation,channel,13194.988738483731,nT
2026-03-20T03:08:00.000Z,COLA,X,variation,channel,13194.193878789969,nT
2026-03-20T03:09:00.000Z,COLA,X,variation,channel,13195.080362927589,nT
2026-03-20T03:10:00.000Z,COLA,X,variation,channel,13196.920533810398,nT
2026-03-20T03:11:00.000Z,COLA,X,variation,channel,13196.923526221884,nT
2026-03-20T03:12:00.000Z,COLA,X,variation,channel,13197.4854633747,nT
2026-03-20T03:13:00.000Z,COLA,X,variation,channel,13197.25436898471,nT
2026-03-20T03:14:00.000Z,COLA,X,variation,channel,13195.668191467461,nT
2026-03-20T03:15:00.000Z,COLA,X,variation,channel,13196.968890034945,nT
2026-03-20T03:16:00.000Z,COLA,X,variation,channel,13200.070134764022,nT
2026-03-20T03:17:00.000Z,COLA,X,variation,channel,13199.432375199081,nT
2026-03-20T03:18:00.000Z,COLA,X,variation,channel,13196.974603354261,nT
2026-03-20T03:19:00.000Z,COLA,X,variation,channel,13196.155724375329,nT
2026-03-20T03:20:00.000Z,COLA,X,variation,channel,13196.734086028435,nT
2026-03-20T03:21:00.000Z,COLA,X,variation,channel,13197.496936961908,nT
2026-03-20T03:22:00.000Z,COLA,X,variation,channel,13196.669501914095,nT
2026-03-20T03:23:00.000Z,COLA,X,variation,channel,13196.867535935791,nT
2026-03-20T03:24:00.000Z,COLA,X,variation,channel,13198.557790478802,nT
2026-03-20T03:25:00.000Z,COLA,X,variation,channel,13200.394483608396,nT
2026-03-20T03:26:00.000Z,COLA,X,variation,channel,13199.19003046345,nT
2026-03-20T03:27:00.000Z,COLA,X,variation,channel,13196.6815469339,nT
2026-03-20T03:28:00.000Z,COLA,X,variation,channel,13196.131375236697,nT
2026-03-20T03:29:00.000Z,COLA,X,variation,channel,13196.737835455631,nT
2026-03-20T03:30:00.000Z,COLA,X,variation,channel,13196.132245411645,nT
2026-03-20T03:31:00.000Z,COLA,X,variation,channel,13193.453213491139,nT
2026-03-20T03:32:00.000Z,COLA,X,variation,channel,13191.838336203497,nT
2026-03-20T03:33:00.000Z,COLA,X,variation,channel,13192.22190353561,nT
2026-03-20T03:34:00.000Z,COLA,X,variation,channel,13191.935526058687,nT
2026-03-20T03:35:00.000Z,COLA,X,variation,channel,13190.624058956193,nT
2026-03-20T03:36:00.000Z,COLA,X,variation,channel,13189.759346037737,nT
2026-03-20T03:37:00.000Z,COLA,X,variation,channel,13190.538960406988,nT
2026-03-20T03:38:00.000Z,COLA,X,variation,channel,13191.837781602748,nT
2026-03-20T03:39:00.000Z,COLA,X,variation,channel,13192.919925881037,nT
2026-03-20T03:40:00.000Z,COLA,X,variation,channel,13192.819851662372,nT
2026-03-20T03:41:00.000Z,COLA,X,variation,channel,13193.173406578386,nT
2026-03-20T03:42:00.000Z,COLA,X,variation,channel,13193.082435933202,nT
2026-03-20T03:43:00.000Z,COLA,X,variation,channel,13191.966816329403,nT
2026-03-20T03:44:00.000Z,COLA,X,variation,channel,13190.571089093151,nT
2026-03-20T03:45:00.000Z,COLA,X,variation,channel,13190.702567967117,nT
2026-03-20T03:46:00.000Z,COLA,X,variation,channel,13192.618548031807,nT
2026-03-20T03:47:00.000Z,COLA,X,variation,channel,13194.066107795756,nT
2026-03-20T03:48:00.000Z,COLA,X,variation,channel,13194.323063459458,nT
2026-03-20T03:49:00.000Z,COLA,X,variation,channel,13193.751050273717,nT
2026-03-20T03:50:00.000Z,COLA,X,variation,channel,13193.424789619276,nT
2026-03-20T03:51:00.000Z,COLA,X,variation,channel,13194.330106792448,nT
2026-03-20T03:52:00.000Z,COLA,X,variation,channel,13195.71008379389,nT
2026-03-20T03:53:00.000Z,COLA,X,variation,channel,13197.252471387632,nT
2026-03-20T03:54:00.000Z,COLA,X,variation,channel,13196.593051209771,nT
2026-03-20T03:55:00.000Z,COLA,X,variation,channel,13194.284951281828,nT
2026-03-20T03:56:00.000Z,COLA,X,variation,channel,13192.793142821376,nT
2026-03-20T03:57:00.000Z,COLA,X,variation,channel,13193.07095790263,nT
2026-03-20T03:58:00.000Z,COLA,X,variation,channel,13193.845949366956,nT
2026-03-20T03:59:00.000Z,COLA,X,variation,channel,13194.774267190925,nT
2026-03-20T04:00:00.000Z,COLA,X,variation,channel,13194.73288730465,nT
2026-03-20T04:01:00.000Z,COLA,X,variation,channel,13192.184621325408,nT
2026-03-20T04:02:00.000Z,COLA,X,variation,channel,13197.29394081707,nT
2026-03-20T04:03:00.000Z,COLA,X,variation,channel,13211.622251822668,nT
2026-03-20T04:04:00.000Z,COLA,X,variation,channel,13221.779423616319,nT
2026-03-20T04:05:00.000Z,COLA,X,variation,channel,13223.756482437362,nT
2026-03-20T04:06:00.000Z,COLA,X,variation,channel,13223.16305382303,nT
2026-03-20T04:07:00.000Z,COLA,X,variation,channel,13223.654097152346,nT
2026-03-20T04:08:00.000Z,COLA,X,variation,channel,13223.252770621368,nT
2026-03-20T04:09:00.000Z,COLA,X,variation,channel,13220.433174627577,nT
2026-03-20T04:10:00.000Z,COLA,X,variation,channel,13217.842006832969,nT
2026-03-20T04:11:00.000Z,COLA,X,variation,channel,13215.03786148737,nT
2026-03-20T04:12:00.000Z,COLA,X,variation,channel,13211.204509453813,nT
2026-03-20T04:13:00.000Z,COLA,X,variation,channel,13209.827527929509,nT
2026-03-20T04:14:00.000Z,COLA,X,variation,channel,13209.910347431784,nT
2026-03-20T04:15:00.000Z,COLA,X,variation,channel,13213.550540972235,nT
2026-03-20T04:16:00.000Z,COLA,X,variation,channel,13214.438841533176,nT
2026-03-20T04:17:00.000Z,COLA,X,variation,channel,13213.261713079815,nT
2026-03-20T04:18:00.000Z,COLA,X,variation,channel,13206.692316639426,nT
2026-03-20T04:19:00.000Z,COLA,X,variation,channel,13199.701074292487,nT
2026-03-20T04:20:00.000Z,COLA,X,variation,channel,13198.625708900481,nT
2026-03-20T04:21:00.000Z,COLA,X,variation,channel,13201.250848522668,nT
2026-03-20T04:22:00.000Z,COLA,X,variation,channel,13202.16408006947,nT
2026-03-20T04:23:00.000Z,COLA,X,variation,channel,13200.743536682121,nT
2026-03-20T04:24:00.000Z,COLA,X,variation,channel,13200.59595719149,nT
2026-03-20T04:25:00.000Z,COLA,X,variation,channel,13203.200083126521,nT
2026-03-20T04:26:00.000Z,COLA,X,variation,channel,13205.62269221377,nT
2026-03-20T04:27:00.000Z,COLA,X,variation,channel,13205.693672301875,nT
2026-03-20T04:28:00.000Z,COLA,X,variation,channel,13206.22511498795,nT
2026-03-20T04:29:00.000Z,COLA,X,variation,channel,13203.946078236922,nT
2026-03-20T04:30:00.000Z,COLA,X,variation,channel,13199.958641232892,nT
2026-03-20T04:31:00.000Z,COLA,X,variation,channel,13198.107710069564,nT
2026-03-20T04:32:00.000Z,COLA,X,variation,channel,13203.005737079251,nT
2026-03-20T04:33:00.000Z,COLA,X,variation,channel,13205.26216249373,nT
2026-03-20T04:34:00.000Z,COLA,X,variation,channel,13207.3569175365,nT
2026-03-20T04:35:00.000Z,COLA,X,variation,channel,13204.62555557327,nT
2026-03-20T04:36:00.000Z,COLA,X,variation,channel,13204.842216968278,nT
2026-03-20T04:37:00.000Z,COLA,X,variation,channel,13205.229961097246,nT
2026-03-20T04:38:00.000Z,COLA,X,variation,channel,13202.447586511278,nT
2026-03-20T04:39:00.000Z,COLA,X,variation,channel,13204.994077970128,nT
2026-03-20T04:40:00.000Z,COLA,X,variation,channel,13209.498380502851,nT
2026-03-20T04:41:00.000Z,COLA,X,variation,channel,13212.0562232952,nT
2026-03-20T04:42:00.000Z,COLA,X,variation,channel,13214.11249419007,nT
2026-03-20T04:43:00.000Z,COLA,X,variation,channel,13212.176969255073,nT
2026-03-20T04:44:00.000Z,COLA,X,variation,channel,13209.493396731998,nT
2026-03-20T04:45:00.000Z,COLA,X,variation,channel,13213.352320959022,nT
2026-03-20T04:46:00.000Z,COLA,X,variation,channel,13214.967477514458,nT
2026-03-20T04:47:00.000Z,COLA,X,variation,channel,13214.550671654208,nT
2026-03-20T04:48:00.000Z,COLA,X,variation,channel,13220.525298482054,nT
2026-03-20T04:49:00.000Z,COLA,X,variation,channel,13228.17956647334,nT
2026-03-20T04:50:00.000Z,COLA,X,variation,channel,13227.943024773296,nT
2026-03-20T04:51:00.000Z,COLA,X,variation,channel,13226.15614540962,nT
2026-03-20T04:52:00.000Z,COLA,X,variation,channel,13227.707562707532,nT
2026-03-20T04:53:00.000Z,COLA,X,variation,channel,13225.47225780292,nT
2026-03-20T04:54:00.000Z,COLA,X,variation,channel,13221.126824137778,nT
2026-03-20T04:55:00.000Z,COLA,X,variation,channel,13219.760951648426,nT
2026-03-20T04:56:00.000Z,COLA,X,variation,channel,13221.10876272036,nT
2026-03-20T04:57:00.000Z,COLA,X,variation,channel,13221.639632374185,nT
2026-03-20T04:58:00.000Z,COLA,X,variation,channel,13221.558064833567,nT
2026-03-20T04:59:00.000Z,COLA,X,variation,channel,13213.833846113232,nT
2026-03-20T05:00:00.000Z,COLA,X,variation,channel,13208.629809099537,nT
2026-03-20T05:01:00.000Z,COLA,X,variation,channel,13210.04690892039,nT
2026-03-20T05:02:00.000Z,COLA,X,variation,channel,13214.693727352025,nT
2026-03-20T05:03:00.000Z,COLA,X,variation,channel,13216.97702190974,nT
2026-03-20T05:04:00.000Z,COLA,X,variation,channel,13215.011806230514,nT
2026-03-20T05:05:00.000Z,COLA,X,variation,channel,13212.087612203888,nT
2026-03-20T05:06:00.000Z,COLA,X,variation,channel,13211.616519900927,nT
2026-03-20T05:07:00.000Z,COLA,X,variation,channel,13209.713143652105,nT
2026-03-20T05:08:00.000Z,COLA,X,variation,channel,13205.873554634833,nT
2026-03-20T05:09:00.000Z,COLA,X,variation,channel,13204.262578900865,nT
2026-03-20T05:10:00.000Z,COLA,X,variation,channel,13204.867497190453,nT
2026-03-20T05:11:00.000Z,COLA,X,variation,channel,13200.946719135221,nT
2026-03-20T05:12:00.000Z,COLA,X,variation,channel,13200.737621660535,nT
2026-03-20T05:13:00.000Z,COLA,X,variation,channel,13200.50873832736,nT
2026-03-20T05:14:00.000Z,COLA,X,variation,channel,13197.603160040588,nT
2026-03-20T05:15:00.000Z,COLA,X,variation,channel,13193.984261078658,nT
2026-03-20T05:16:00.000Z,COLA,X,variation,channel,13191.472283567633,nT
2026-03-20T05:17:00.000Z,COLA,X,variation,channel,13190.69393168294,nT
2026-03-20T05:18:00.000Z,COLA,X,variation,channel,13193.198141873296,nT
2026-03-20T05:19:00.000Z,COLA,X,variation,channel,13198.068536124636,nT
2026-03-20T05:20:00.000Z,COLA,X,variation,channel,13199.025679039007,nT
2026-03-20T05:21:00.000Z,COLA,X,variation,channel,13196.059944477398,nT
2026-03-20T05:22:00.000Z,COLA,X,variation,channel,13193.064378761559,nT
2026-03-20T05:23:00.000Z,COLA,X,variation,channel,13189.400306783164,nT
2026-03-20T05:24:00.000Z,COLA,X,variation,channel,13186.55732129722,nT
2026-03-20T05:25:00.000Z,COLA,X,variation,channel,13187.242258449529,nT
2026-03-20T05:26:00.000Z,COLA,X,variation,channel,13190.135623191965,nT
2026-03-20T05:27:00.000Z,COLA,X,variation,channel,13193.823619905923,nT
2026-03-20T05:28:00.000Z,COLA,X,variation,channel,13198.636993513228,nT
2026-03-20T05:29:00.000Z,COLA,X,variation,channel,13204.113588659848,nT
2026-03-20T05:30:00.000Z,COLA,X,variation,channel,13210.989678268468,nT
2026-03-20T05:31:00.000Z,COLA,X,variation,channel,13219.114055370772,nT
2026-03-20T05:32:00.000Z,COLA,X,variation,channel,13216.838711296676,nT
2026-03-20T05:33:00.000Z,COLA,X,variation,channel,13205.750267746098,nT
2026-03-20T05:34:00.000Z,COLA,X,variation,channel,13195.474396224907,nT
2026-03-20T05:35:00.000Z,COLA,X,variation,channel,13197.743327794384,nT
2026-03-20T05:36:00.000Z,COLA,X,variation,channel,13201.464187504449,nT
2026-03-20T05:37:00.000Z,COLA,X,variation,channel,13207.212744980785,nT
2026-03-20T05:38:00.000Z,COLA,X,variation,channel,13214.711554126094,nT
2026-03-20T05:39:00.000Z,COLA,X,variation,channel,13221.230788576722,nT
2026-03-20T05:40:00.000Z,COLA,X,variation,channel,13227.618580901139,nT
2026-03-20T05:41:00.000Z,COLA,X,variation,channel,13231.665117331408,nT
2026-03-20T05:42:00.000Z,COLA,X,variation,channel,13235.598999810025,nT
2026-03-20T05:43:00.000Z,COLA,X,variation,channel,13238.403693057342,nT
2026-03-20T05:44:00.000Z,COLA,X,variation,channel,13239.586045406892,nT
2026-03-20T05:45:00.000Z,COLA,X,variation,channel,13241.958266814167,nT
2026-03-20T05:46:00.000Z,COLA,X,variation,channel,13245.800412813183,nT
2026-03-20T05:47:00.000Z,COLA,X,variation,channel,13247.73320525396,nT
2026-03-20T05:48:00.000Z,COLA,X,variation,channel,13252.777757165028,nT
2026-03-20T05:49:00.000Z,COLA,X,variation,channel,13258.49710183152,nT
2026-03-20T05:50:00.000Z,COLA,X,variation,channel,13259.913613500836,nT
2026-03-20T05:51:00.000Z,COLA,X,variation,channel,13266.908092355885,nT
2026-03-20T05:52:00.000Z,COLA,X,variation,channel,13278.881440960415,nT
2026-03-20T05:53:00.000Z,COLA,X,variation,channel,13282.43364928843,nT
2026-03-20T05:54:00.000Z,COLA,X,variation,channel,13300.078766508075,nT
2026-03-20T05:55:00.000Z,COLA,X,variation,channel,13315.486353792341,nT
2026-03-20T05:56:00.000Z,COLA,X,variation,channel,13318.99963157377,nT
2026-03-20T05:57:00.000Z,COLA,X,variation,channel,13330.447852819849,nT
2026-03-20T05:58:00.000Z,COLA,X,variation,channel,13339.841424657641,nT
2026-03-20T05:59:00.000Z,COLA,X,variation,channel,13328.979704884816,nT
2026-03-20T06:00:00.000Z,COLA,X,variation,channel,13331.394460712223,nT
2026-03-20T06:01:00.000Z,COLA,X,variation,channel,13338.761081093862,nT
2026-03-20T06:02:00.000Z,COLA,X,variation,channel,13323.438377924369,nT
2026-03-20T06:03:00.000Z,COLA,X,variation,channel,13304.790163738971,nT
2026-03-20T06:04:00.000Z,COLA,X,variation,channel,13323.74020999358,nT
2026-03-20T06:05:00.000Z,COLA,X,variation,channel,13363.164267271897,nT
2026-03-20T06:06:00.000Z,COLA,X,variation,channel,13360.414359928349,nT
2026-03-20T06:07:00.000Z,COLA,X,variation,channel,13349.613645728608,nT
2026-03-20T06:08:00.000Z,COLA,X,variation,channel,13367.30044050126,nT
2026-03-20T06:09:00.000Z,COLA,X,variation,channel,13378.912235226573,nT
2026-03-20T06:10:00.000Z,COLA,X,variation,channel,13377.529961793432,nT
2026-03-20T06:11:00.000Z,COLA,X,variation,channel,13410.447306649976,nT
2026-03-20T06:12:00.000Z,COLA,X,variation,channel,13419.85668706087,nT
2026-03-20T06:13:00.000Z,COLA,X,variation,channel,13437.17969267824,nT
2026-03-20T06:14:00.000Z,COLA,X,variation,channel,13431.168252995873,nT
2026-03-20T06:15:00.000Z,COLA,X,variation,channel,13383.295524561207,nT
2026-03-20T06:16:00.000Z,COLA,X,variation,channel,13387.55031188261,nT
2026-03-20T06:17:00.000Z,COLA,X,variation,channel,13390.797963803869,nT
2026-03-20T06:18:00.000Z,COLA,X,variation,channel,13396.771140836076,nT
2026-03-20T06:19:00.000Z,COLA,X,variation,channel,13416.91452790746,nT
2026-03-20T06:20:00.000Z,COLA,X,variation,channel,13449.818319817889,nT
2026-03-20T06:21:00.000Z,COLA,X,variation,channel,13405.1999751846,nT
2026-03-20T06:22:00.000Z,COLA,X,variation,channel,13358.477207311502,nT
2026-03-20T06:23:00.000Z,COLA,X,variation,channel,13312.349679195297,nT
2026-03-20T06:24:00.000Z,COLA,X,variation,channel,13329.711343072922,nT
2026-03-20T06:25:00.000Z,COLA,X,variation,channel,13306.216447096447,nT
2026-03-20T06:26:00.000Z,COLA,X,variation,channel,13271.399611320374,nT
2026-03-20T06:27:00.000Z,COLA,X,variation,channel,13249.58823828708,nT
2026-03-20T06:28:00.000Z,COLA,X,variation,channel,13166.855460785679,nT
2026-03-20T06:29:00.000Z,COLA,X,variation,channel,13183.743892182374,nT
2026-03-20T06:30:00.000Z,COLA,X,variation,channel,13212.756520401541,nT
2026-03-20T06:31:00.000Z,COLA,X,variation,channel,13107.667502207369,nT
2026-03-20T06:32:00.000Z,COLA,X,variation,channel,13072.854121875447,nT
2026-03-20T06:33:00.000Z,COLA,X,variation,channel,13137.29840705278,nT
2026-03-20T06:34:00.000Z,COLA,X,variation,channel,13082.977195700483,nT
2026-03-20T06:35:00.000Z,COLA,X,variation,channel,13105.608924881763,nT
2026-03-20T06:36:00.000Z,COLA,X,variation,channel,13101.352671960487,nT
2026-03-20T06:37:00.000Z,COLA,X,variation,channel,13044.598297371067,nT
2026-03-20T06:38:00.000Z,COLA,X,variation,channel,13095.452602427886,nT
2026-03-20T06:39:00.000Z,COLA,X,variation,channel,13121.127427773288,nT
2026-03-20T06:40:00.000Z,COLA,X,variation,channel,13183.69952036972,nT
2026-03-20T06:41:00.000Z,COLA,X,variation,channel,13150.86512951072,nT
2026-03-20T06:42:00.000Z,COLA,X,variation,channel,13094.6324326098,nT
2026-03-20T06:43:00.000Z,COLA,X,variation,channel,13011.623692775378,nT
2026-03-20T06:44:00.000Z,COLA,X,variation,channel,13101.515427346618,nT
2026-03-20T06:45:00.000Z,COLA,X,variation,channel,13175.960595012462,nT
2026-03-20T06:46:00.000Z,COLA,X,variation,channel,13145.328812881298,nT
2026-03-20T06:47:00.000Z,COLA,X,variation,channel,13095.57758230384,nT
2026-03-20T06:48:00.000Z,COLA,X,variation,channel,13097.59868326862,nT
2026-03-20T06:49:00.000Z,COLA,X,variation,channel,13131.903733194149,nT
2026-03-20T06:50:00.000Z,COLA,X,variation,channel,13130.03631793501,nT
2026-03-20T06:51:00.000Z,COLA,X,variation,channel,13170.005166000052,nT
2026-03-20T06:52:00.000Z,COLA,X,variation,channel,13216.29777587411,nT
2026-03-20T06:53:00.000Z,COLA,X,variation,channel,13251.018002931372,nT
2026-03-20T06:54:00.000Z,COLA,X,variation,channel,13264.021812758778,nT
2026-03-20T06:55:00.000Z,COLA,X,variation,channel,13287.00599352526,nT
2026-03-20T06:56:00.000Z,COLA,X,variation,channel,13327.144327586386,nT
2026-03-20T06:57:00.000Z,COLA,X,variation,channel,13339.391099948338,nT
2026-03-20T06:58:00.000Z,COLA,X,variation,channel,13351.26631666745,nT
2026-03-20T06:59:00.000Z,COLA,X,variation,channel,13362.721963567841,nT
2026-03-20T07:00:00.000Z,COLA,X,variation,channel,13331.9885684448,nT
2026-03-20T07:01:00.000Z,COLA,X,variation,channel,13277.75465870448,nT
2026-03-20T07:02:00.000Z,COLA,X,variation,channel,13271.199435969553,nT
2026-03-20T07:03:00.000Z,COLA,X,variation,channel,13276.860379387881,nT
2026-03-20T07:04:00.000Z,COLA,X,variation,channel,13306.92206714648,nT
2026-03-20T07:05:00.000Z,COLA,X,variation,channel,13331.094278641174,nT
2026-03-20T07:06:00.000Z,COLA,X,variation,channel,13355.739372650956,nT
2026-03-20T07:07:00.000Z,COLA,X,variation,channel,13345.404084703829,nT
2026-03-20T07:08:00.000Z,COLA,X,variation,channel,13359.874499089212,nT
2026-03-20T07:09:00.000Z,COLA,X,variation,channel,13365.88023283213,nT
2026-03-20T07:10:00.000Z,COLA,X,variation,channel,13362.955356623032,nT
2026-03-20T07:11:00.000Z,COLA,X,variation,channel,13329.116732791847,nT
2026-03-20T07:12:00.000Z,COLA,X,variation,channel,13296.78592238709,nT
2026-03-20T07:13:00.000Z,COLA,X,variation,channel,13290.383215865622,nT
2026-03-20T07:14:00.000Z,COLA,X,variation,channel,13329.4624427189,nT
2026-03-20T07:15:00.000Z,COLA,X,variation,channel,13309.52464629539,nT
2026-03-20T07:16:00.000Z,COLA,X,variation,channel,13275.49193496113,nT
2026-03-20T07:17:00.000Z,COLA,X,variation,channel,13293.40686816579,nT
2026-03-20T07:18:00.000Z,COLA,X,variation,channel,13295.813195162213,nT
2026-03-20T07:19:00.000Z,COLA,X,variation,channel,13269.709252649309,nT
2026-03-20T07:20:00.000Z,COLA,X,variation,channel,13253.236932358235,nT
2026-03-20T07:21:00.000Z,COLA,X,variation,channel,13251.33352880148,nT
2026-03-20T07:22:00.000Z,COLA,X,variation,channel,13255.360050360487,nT
2026-03-20T07:23:00.000Z,COLA,X,variation,channel,13275.495424540291,nT
2026-03-20T07:24:00.000Z,COLA,X,variation,channel,13290.26960359329,nT
2026-03-20T07:25:00.000Z,COLA,X,variation,channel,13299.92720516587,nT
2026-03-20T07:26:00.000Z,COLA,X,variation,channel,13292.782726427326,nT
2026-03-20T07:27:00.000Z,COLA,X,variation,channel,13273.828735996187,nT
2026-03-20T07:28:00.000Z,COLA,X,variation,channel,13269.402559603384,nT
2026-03-20T07:29:00.000Z,COLA,X,variation,channel,13287.259780432296,nT
2026-03-20T07:30:00.000Z,COLA,X,variation,channel,13268.938218670984,nT
2026-03-20T07:31:00.000Z,COLA,X,variation,channel,13244.386611571994,nT
2026-03-20T07:32:00.000Z,COLA,X,variation,channel,13251.838137097802,nT
2026-03-20T07:33:00.000Z,COLA,X,variation,channel,13268.932132028645,nT
2026-03-20T07:34:00.000Z,COLA,X,variation,channel,13283.22332973748,nT
2026-03-20T07:35:00.000Z,COLA,X,variation,channel,13279.296818326577,nT
2026-03-20T07:36:00.000Z,COLA,X,variation,channel,13277.051859969511,nT
2026-03-20T07:37:00.000Z,COLA,X,variation,channel,13266.052973343585,nT
2026-03-20T07:38:00.000Z,COLA,X,variation,channel,13252.846625981576,nT
2026-03-20T07:39:00.000Z,COLA,X,variation,channel,13257.841661047745,nT
2026-03-20T07:40:00.000Z,COLA,X,variation,channel,13276.620375841243,nT
2026-03-20T07:41:00.000Z,COLA,X,variation,channel,13276.320031482397,nT
2026-03-20T07:42:00.000Z,COLA,X,variation,channel,13271.258657282506,nT
2026-03-20T07:43:00.000Z,COLA,X,variation,channel,13262.391421599415,nT
2026-03-20T07:44:00.000Z,COLA,X,variation,channel,13259.265848819834,nT
2026-03-20T07:45:00.000Z,COLA,X,variation,channel,13262.296723117814,nT
2026-03-20T07:46:00.000Z,COLA,X,variation,channel,13252.935794123856,nT
2026-03-20T07:47:00.000Z,COLA,X,variation,channel,13249.416293634087,nT
2026-03-20T07:48:00.000Z,COLA,X,variation,channel,13254.131678676973,nT
2026-03-20T07:49:00.000Z,COLA,X,variation,channel,13254.855777609617,nT
2026-03-20T07:50:00.000Z,COLA,X,variation,channel,13241.686587381222,nT
2026-03-20T07:51:00.000Z,COLA,X,variation,channel,13238.324097863002,nT
2026-03-20T07:52:00.000Z,COLA,X,variation,channel,13244.61013625124,nT
2026-03-20T07:53:00.000Z,COLA,X,variation,channel,13241.190284656117,nT
2026-03-20T07:54:00.000Z,COLA,X,variation,channel,13234.876311322849,nT
2026-03-20T07:55:00.000Z,COLA,X,variation,channel,13224.818926445732,nT
2026-03-20T07:56:00.000Z,COLA,X,variation,channel,13216.448536581185,nT
2026-03-20T07:57:00.000Z,COLA,X,variation,channel,13209.576262754998,nT
2026-03-20T07:58:00.000Z,COLA,X,variation,channel,13210.582282528709,nT
2026-03-20T07:59:00.000Z,COLA,X,variation,channel,13207.315551552821,nT
2026-03-20T08:00:00.000Z,COLA,X,variation,channel,13201.320665461835,nT
2026-03-20T08:01:00.000Z,COLA,X,variation,channel,13205.463000134945,nT
2026-03-20T08:02:00.000Z,COLA,X,variation,channel,13210.914819702797,nT
2026-03-20T08:03:00.000Z,COLA,X,variation,channel,13213.718414055627,nT
2026-03-20T08:04:00.000Z,COLA,X,variation,channel,13217.929994527092,nT
2026-03-20T08:05:00.000Z,COLA,X,variation,channel,13226.47589905161,nT
2026-03-20T08:06:00.000Z,COLA,X,variation,channel,13229.65378436011,nT
2026-03-20T08:07:00.000Z,COLA,X,variation,channel,13242.205320133438,nT
2026-03-20T08:08:00.000Z,COLA,X,variation,channel,13251.882722177448,nT
2026-03-20T08:09:00.000Z,COLA,X,variation,channel,13256.269780788056,nT
2026-03-20T08:10:00.000Z,COLA,X,variation,channel,13255.21931261163,nT
2026-03-20T08:11:00.000Z,COLA,X,variation,channel,13256.290740240487,nT
2026-03-20T08:12:00.000Z,COLA,X,variation,channel,13257.269607571023,nT
2026-03-20T08:13:00.000Z,COLA,X,variation,channel,13254.319881370218,nT
2026-03-20T08:14:00.000Z,COLA,X,variation,channel,13245.609472620625,nT
2026-03-20T08:15:00.000Z,COLA,X,variation,channel,13245.886678455274,nT
2026-03-20T08:16:00.000Z,COLA,X,variation,channel,13239.986351268266,nT
2026-03-20T08:17:00.000Z,COLA,X,variation,channel,13234.26394611618,nT
2026-03-20T08:18:00.000Z,COLA,X,variation,channel,13230.323622715667,nT
2026-03-20T08:19:00.000Z,COLA,X,variation,channel,13225.96666595483,nT
2026-03-20T08:20:00.000Z,COLA,X,variation,channel,13223.737189985894,nT
2026-03-20T08:21:00.000Z,COLA,X,variation,channel,13217.725976329295,nT
2026-03-20T08:22:00.000Z,COLA,X,variation,channel,13216.4441004576,nT
2026-03-20T08:23:00.000Z,COLA,X,variation,channel,13220.338657472108,nT
2026-03-20T08:24:00.000Z,COLA,X,variation,channel,13222.495294659257,nT
2026-03-20T08:25:00.000Z,COLA,X,variation,channel,13227.452020688224,nT
2026-03-20T08:26:00.000Z,COLA,X,variation,channel,13237.73774512041,nT
2026-03-20T08:27:00.000Z,COLA,X,variation,channel,13241.457724159689,nT
2026-03-20T08:28:00.000Z,COLA,X,variation,channel,13237.924980264806,nT
2026-03-20T08:29:00.000Z,COLA,X,variation,channel,13242.090640229553,nT
2026-03-20T08:30:00.000Z,COLA,X,variation,channel,13251.202640136731,nT
2026-03-20T08:31:00.000Z,COLA,X,variation,channel,13256.104373473003,nT
2026-03-20T08:32:00.000Z,COLA,X,variation,channel,13264.32939784381,nT
2026-03-20T08:33:00.000Z,COLA,X,variation,channel,13269.020603413339,nT
2026-03-20T08:34:00.000Z,COLA,X,variation,channel,13269.6275131927,nT
2026-03-20T08:35:00.000Z,COLA,X,variation,channel,13266.160312297041,nT
2026-03-20T08:36:00.000Z,COLA,X,variation,channel,13259.579445117448,nT
2026-03-20T08:37:00.000Z,COLA,X,variation,channel,13259.665747489349,nT
2026-03-20T08:38:00.000Z,COLA,X,variation,channel,13271.476445599414,nT
2026-03-20T08:39:00.000Z,COLA,X,variation,channel,13287.80904228803,nT
2026-03-20T08:40:00.000Z,COLA,X,variation,channel,13300.307885626498,nT
2026-03-20T08:41:00.000Z,COLA,X,variation,channel,13291.529051139241,nT
2026-03-20T08:42:00.000Z,COLA,X,variation,channel,13297.866186003435,nT
2026-03-20T08:43:00.000Z,COLA,X,variation,channel,13272.746776317807,nT
2026-03-20T08:44:00.000Z,COLA,X,variation,channel,13264.990327594352,nT
2026-03-20T08:45:00.000Z,COLA,X,variation,channel,13260.6795040662,nT
2026-03-20T08:46:00.000Z,COLA,X,variation,channel,13275.486972185454,nT
2026-03-20T08:47:00.000Z,COLA,X,variation,channel,13291.905277511356,nT
2026-03-20T08:48:00.000Z,COLA,X,variation,channel,13301.656480120957,nT
2026-03-20T08:49:00.000Z,COLA,X,variation,channel,13304.910612612051,nT
2026-03-20T08:50:00.000Z,COLA,X,variation,channel,13307.297545683961,nT
2026-03-20T08:51:00.000Z,COLA,X,variation,channel,13306.739849636964,nT
2026-03-20T08:52:00.000Z,COLA,X,variation,channel,13312.51556869155,nT
2026-03-20T08:53:00.000Z,COLA,X,variation,channel,13306.129100476897,nT
2026-03-20T08:54:00.000Z,COLA,X,variation,channel,13301.035366237618,nT
2026-03-20T08:55:00.000Z,COLA,X,variation,channel,13304.221922742256,nT
2026-03-20T08:56:00.000Z,COLA,X,variation,channel,13307.591521343804,nT
2026-03-20T08:57:00.000Z,COLA,X,variation,channel,13301.356499592954,nT
2026-03-20T08:58:00.000Z,COLA,X,variation,channel,13278.703027406225,nT
2026-03-20T08:59:00.000Z,COLA,X,variation,channel,13259.28748641597,nT
2026-03-20T09:00:00.000Z,COLA,X,variation,channel,13267.70914940589,nT
2026-03-20T09:01:00.000Z,COLA,X,variation,channel,13292.577864413184,nT
2026-03-20T09:02:00.000Z,COLA,X,variation,channel,13285.230277819179,nT
2026-03-20T09:03:00.000Z,COLA,X,variation,channel,13277.41149440527,nT
2026-03-20T09:04:00.000Z,COLA,X,variation,channel,13284.526367016924,nT
2026-03-20T09:05:00.000Z,COLA,X,variation,channel,13283.664311569948,nT
2026-03-20T09:06:00.000Z,COLA,X,variation,channel,13299.722595880208,nT
2026-03-20T09:07:00.000Z,COLA,X,variation,channel,13301.394802505869,nT
2026-03-20T09:08:00.000Z,COLA,X,variation,channel,13296.663835187961,nT
2026-03-20T09:09:00.000Z,COLA,X,variation,channel,13301.564057196767,nT
2026-03-20T09:10:00.000Z,COLA,X,variation,channel,13301.636470981462,nT
2026-03-20T09:11:00.000Z,COLA,X,variation,channel,13292.000398098031,nT
2026-03-20T09:12:00.000Z,COLA,X,variation,channel,13274.95868396273,nT
2026-03-20T09:13:00.000Z,COLA,X,variation,channel,13263.5984194871,nT
2026-03-20T09:14:00.000Z,COLA,X,variation,channel,13268.136807980187,nT
2026-03-20T09:15:00.000Z,COLA,X,variation,channel,13263.051368950884,nT
2026-03-20T09:16:00.000Z,COLA,X,variation,channel,13235.119326982953,nT
2026-03-20T09:17:00.000Z,COLA,X,variation,channel,13217.750975874822,nT
2026-03-20T09:18:00.000Z,COLA,X,variation,channel,13225.13570197541,nT
2026-03-20T09:19:00.000Z,COLA,X,variation,channel,13230.533562434492,nT
2026-03-20T09:20:00.000Z,COLA,X,variation,channel,13244.059762345489,nT
2026-03-20T09:21:00.000Z,COLA,X,variation,channel,13235.879195972147,nT
2026-03-20T09:22:00.000Z,COLA,X,variation,channel,13230.296876571429,nT
2026-03-20T09:23:00.000Z,COLA,X,variation,channel,13231.954708183,nT
2026-03-20T09:24:00.000Z,COLA,X,variation,channel,13235.775014018585,nT
2026-03-20T09:25:00.000Z,COLA,X,variation,channel,13246.244990519905,nT
2026-03-20T09:26:00.000Z,COLA,X,variation,channel,13240.59191029193,nT
2026-03-20T09:27:00.000Z,COLA,X,variation,channel,13240.57024794613,nT
2026-03-20T09:28:00.000Z,COLA,X,variation,channel,13238.127564374514,nT
2026-03-20T09:29:00.000Z,COLA,X,variation,channel,13245.294454311626,nT
2026-03-20T09:30:00.000Z,COLA,X,variation,channel,13241.916557940747,nT
2026-03-20T09:31:00.000Z,COLA,X,variation,channel,13231.845774692807,nT
2026-03-20T09:32:00.000Z,COLA,X,variation,channel,13229.205708344309,nT
2026-03-20T09:33:00.000Z,COLA,X,variation,channel,13219.95636390135,nT
2026-03-20T09:34:00.000Z,COLA,X,variation,channel,13211.613132021672,nT
2026-03-20T09:35:00.000Z,COLA,X,variation,channel,13215.017155178573,nT
2026-03-20T09:36:00.000Z,COLA,X,variation,channel,13229.236668449534,nT
2026-03-20T09:37:00.000Z,COLA,X,variation,channel,13232.595415369078,nT
2026-03-20T09:38:00.000Z,COLA,X,variation,channel,13221.882274719519,nT
2026-03-20T09:39:00.000Z,COLA,X,variation,channel,13210.867501207875,nT
2026-03-20T09:40:00.000Z,COLA,X,variation,channel,13225.744114039915,nT
2026-03-20T09:41:00.000Z,COLA,X,variation,channel,13205.10470060927,nT
2026-03-20T09:42:00.000Z,COLA,X,variation,channel,13205.64640454803,nT
2026-03-20T09:43:00.000Z,COLA,X,variation,channel,13204.660724138086,nT
2026-03-20T09:44:00.000Z,COLA,X,variation,channel,13211.099538617847,nT
2026-03-20T09:45:00.000Z,COLA,X,variation,channel,13211.824102290384,nT
2026-03-20T09:46:00.000Z,COLA,X,variation,channel,13213.455181323956,nT
2026-03-20T09:47:00.000Z,COLA,X,variation,channel,13216.46024934631,nT
2026-03-20T09:48:00.000Z,COLA,X,variation,channel,13214.79568043907,nT
2026-03-20T09:49:00.000Z,COLA,X,variation,channel,13212.657793381368,nT
2026-03-20T09:50:00.000Z,COLA,X,variation,channel,13207.861400191412,nT
2026-03-20T09:51:00.000Z,COLA,X,variation,channel,13208.879673507812,nT
2026-03-20T09:52:00.000Z,COLA,X,variation,channel,13205.721229737295,nT
2026-03-20T09:53:00.000Z,COLA,X,variation,channel,13202.185322407195,nT
2026-03-20T09:54:00.000Z,COLA,X,variation,channel,13206.871963641262,nT
2026-03-20T09:55:00.000Z,COLA,X,variation,channel,13209.718672031695,nT
2026-03-20T09:56:00.000Z,COLA,X,variation,channel,13219.793283306226,nT
2026-03-20T09:57:00.000Z,COLA,X,variation,channel,13219.424756655142,nT
2026-03-20T09:58:00.000Z,COLA,X,variation,channel,13214.561070532505,nT
2026-03-20T09:59:00.000Z,COLA,X,variation,channel,13212.9094706876,nT
2026-03-20T10:00:00.000Z,COLA,X,variation,channel,13213.47695738929,nT
2026-03-20T10:01:00.000Z,COLA,X,variation,channel,13210.73470186933,nT
2026-03-20T10:02:00.000Z,COLA,X,variation,channel,13207.46368409865,nT
2026-03-20T10:03:00.000Z,COLA,X,variation,channel,13202.926327725383,nT
2026-03-20T10:04:00.000Z,COLA,X,variation,channel,13177.913259298093,nT
2026-03-20T10:05:00.000Z,COLA,X,variation,channel,13166.816167262175,nT
2026-03-20T10:06:00.000Z,COLA,X,variation,channel,13184.5080766903,nT
2026-03-20T10:07:00.000Z,COLA,X,variation,channel,13190.959293247244,nT
2026-03-20T10:08:00.000Z,COLA,X,variation,channel,13191.724820358446,nT
2026-03-20T10:09:00.000Z,COLA,X,variation,channel,13186.010351822011,nT
2026-03-20T10:10:00.000Z,COLA,X,variation,channel,13183.612109855278,nT
2026-03-20T10:11:00.000Z,COLA,X,variation,channel,13189.063488075279,nT
2026-03-20T10:12:00.000Z,COLA,X,variation,channel,13192.502703179316,nT
2026-03-20T10:13:00.000Z,COLA,X,variation,channel,13205.63509394388,nT
2026-03-20T10:14:00.000Z,COLA,X,variation,channel,13218.423954876784,nT
2026-03-20T10:15:00.000Z,COLA,X,variation,channel,13206.636649812059,nT
2026-03-20T10:16:00.000Z,COLA,X,variation,channel,13187.866451509795,nT
2026-03-20T10:17:00.000Z,COLA,X,variation,channel,13184.268524317378,nT
2026-03-20T10:18:00.000Z,COLA,X,variation,channel,13200.18063482229,nT
2026-03-20T10:19:00.000Z,COLA,X,variation,channel,13208.673461679382,nT
2026-03-20T10:20:00.000Z,COLA,X,variation,channel,13187.1668395649,nT
2026-03-20T10:21:00.000Z,COLA,X,variation,channel,13177.587980292321,nT
2026-03-20T10:22:00.000Z,COLA,X,variation,channel,13191.62225505776,nT
2026-03-20T10:23:00.000Z,COLA,X,variation,channel,13206.842039481955,nT
2026-03-20T10:24:00.000Z,COLA,X,variation,channel,13214.541995596215,nT
2026-03-20T10:25:00.000Z,COLA,X,variation,channel,13216.852142618902,nT
2026-03-20T10:26:00.000Z,COLA,X,variation,channel,13220.489373311624,nT
2026-03-20T10:27:00.000Z,COLA,X,variation,channel,13226.907416425578,nT
2026-03-20T10:28:00.000Z,COLA,X,variation,channel,13220.827006021094,nT
2026-03-20T10:29:00.000Z,COLA,X,variation,channel,13212.355457532929,nT
2026-03-20T10:30:00.000Z,COLA,X,variation,channel,13210.697847963127,nT
2026-03-20T10:31:00.000Z,COLA,X,variation,channel,13212.338110617802,nT
2026-03-20T10:32:00.000Z,COLA,X,variation,channel,13212.833412605647,nT
2026-03-20T10:33:00.000Z,COLA,X,variation,channel,13201.543769106116,nT
2026-03-20T10:34:00.000Z,COLA,X,variation,channel,13201.804493857602,nT
2026-03-20T10:35:00.000Z,COLA,X,variation,channel,13210.84977368656,nT
2026-03-20T10:36:00.000Z,COLA,X,variation,channel,13223.573935907049,nT
2026-03-20T10:37:00.000Z,COLA,X,variation,channel,13201.279386376611,nT
2026-03-20T10:38:00.000Z,COLA,X,variation,channel,13191.212411496057,nT
2026-03-20T10:39:00.000Z,COLA,X,variation,channel,13204.353433004015,nT
2026-03-20T10:40:00.000Z,COLA,X,variation,channel,13208.380439010503,nT
2026-03-20T10:41:00.000Z,COLA,X,variation,channel,13207.491744066421,nT
2026-03-20T10:42:00.000Z,COLA,X,variation,channel,13199.17124611791,nT
2026-03-20T10:43:00.000Z,COLA,X,variation,channel,13183.772488126546,nT
2026-03-20T10:44:00.000Z,COLA,X,variation,channel,13174.465675844627,nT
2026-03-20T10:45:00.000Z,COLA,X,variation,channel,13181.60371218186,nT
2026-03-20T10:46:00.000Z,COLA,X,variation,channel,13189.431232563247,nT
2026-03-20T10:47:00.000Z,COLA,X,variation,channel,13187.189340533374,nT
2026-03-20T10:48:00.000Z,COLA,X,variation,channel,13184.222688835578,nT
2026-03-20T10:49:00.000Z,COLA,X,variation,channel,13195.605784301795,nT
2026-03-20T10:50:00.000Z,COLA,X,variation,channel,13214.625060738812,nT
2026-03-20T10:51:00.000Z,COLA,X,variation,channel,13211.167521574478,nT
2026-03-20T10:52:00.000Z,COLA,X,variation,channel,13195.36611305691,nT
2026-03-20T10:53:00.000Z,COLA,X,variation,channel,13193.626210689281,nT
2026-03-20T10:54:00.000Z,COLA,X,variation,channel,13197.91230245278,nT
2026-03-20T10:55:00.000Z,COLA,X,variation,channel,13215.668143739495,nT
2026-03-20T10:56:00.000Z,COLA,X,variation,channel,13216.833738991812,nT
2026-03-20T10:57:00.000Z,COLA,X,variation,channel,13206.351284840386,nT
2026-03-20T10:58:00.000Z,COLA,X,variation,channel,13198.987291406555,nT
2026-03-20T10:59:00.000Z,COLA,X,variation,channel,13197.661133125823,nT
2026-03-20T11:00:00.000Z,COLA,X,variation,channel,13198.066313864545,nT
2026-03-20T11:01:00.000Z,COLA,X,variation,channel,13193.27432654668,nT
2026-03-20T11:02:00.000Z,COLA,X,variation,channel,13189.242982241512,nT
2026-03-20T11:03:00.000Z,COLA,X,variation,channel,13183.519221203533,nT
2026-03-20T11:04:00.000Z,COLA,X,variation,channel,13192.891321879528,nT
2026-03-20T11:05:00.000Z,COLA,X,variation,channel,13200.401367208615,nT
2026-03-20T11:06:00.000Z,COLA,X,variation,channel,13205.15329167795,nT
2026-03-20T11:07:00.000Z,COLA,X,variation,channel,13220.650605470653,nT
2026-03-20T11:08:00.000Z,COLA,X,variation,channel,13195.44507849069,nT
2026-03-20T11:09:00.000Z,COLA,X,variation,channel,13190.960532698957,nT
2026-03-20T11:10:00.000Z,COLA,X,variation,channel,13195.69450917883,nT
2026-03-20T11:11:00.000Z,COLA,X,variation,channel,13176.158062460137,nT
2026-03-20T11:12:00.000Z,COLA,X,variation,channel,13178.187030357682,nT
2026-03-20T11:13:00.000Z,COLA,X,variation,channel,13202.606795001733,nT
2026-03-20T11:14:00.000Z,COLA,X,variation,channel,13223.201826415172,nT
2026-03-20T11:15:00.000Z,COLA,X,variation,channel,13232.630611531826,nT
2026-03-20T11:16:00.000Z,COLA,X,variation,channel,13239.263746720047,nT
2026-03-20T11:17:00.000Z,COLA,X,variation,channel,13245.590371508793,nT
2026-03-20T11:18:00.000Z,COLA,X,variation,channel,13236.129748729041,nT
2026-03-20T11:19:00.000Z,COLA,X,variation,channel,13225.64772797481,nT
2026-03-20T11:20:00.000Z,COLA,X,variation,channel,13220.367408880955,nT
2026-03-20T11:21:00.000Z,COLA,X,variation,channel,13217.109922253394,nT
2026-03-20T11:22:00.000Z,COLA,X,variation,channel,13198.465108811111,nT
2026-03-20T11:23:00.000Z,COLA,X,variation,channel,13183.732729448178,nT
2026-03-20T11:24:00.000Z,COLA,X,variation,channel,13179.297729135917,nT
2026-03-20T11:25:00.000Z,COLA,X,variation,channel,13191.083431317878,nT
2026-03-20T11:26:00.000Z,COLA,X,variation,channel,13202.370062953352,nT
2026-03-20T11:27:00.000Z,COLA,X,variation,channel,13207.674954738537,nT
2026-03-20T11:28:00.000Z,COLA,X,variation,channel,13176.105601796298,nT
2026-03-20T11:29:00.000Z,COLA,X,variation,channel,13149.502537399765,nT
2026-03-20T11:30:00.000Z,COLA,X,variation,channel,13174.465829839948,nT
2026-03-20T11:31:00.000Z,COLA,X,variation,channel,13199.53650577724,nT
2026-03-20T11:32:00.000Z,COLA,X,variation,channel,13198.53702601843,nT
2026-03-20T11:33:00.000Z,COLA,X,variation,channel,13192.075319626594,nT
2026-03-20T11:34:00.000Z,COLA,X,variation,channel,13191.984662176037,nT
2026-03-20T11:35:00.000Z,COLA,X,variation,channel,13196.901440084363,nT
2026-03-20T11:36:00.000Z,COLA,X,variation,channel,13194.018311540502,nT
2026-03-20T11:37:00.000Z,COLA,X,variation,channel,13182.676443807648,nT
2026-03-20T11:38:00.000Z,COLA,X,variation,channel,13177.486523969781,nT
2026-03-20T11:39:00.000Z,COLA,X,variation,channel,13191.969703653453,nT
2026-03-20T11:40:00.000Z,COLA,X,variation,channel,13205.003158468859,nT
2026-03-20T11:41:00.000Z,COLA,X,variation,channel,13212.438289846608,nT
2026-03-20T11:42:00.000Z,COLA,X,variation,channel,13204.406317495015,nT
2026-03-20T11:43:00.000Z,COLA,X,variation,channel,13182.943267838338,nT
2026-03-20T11:44:00.000Z,COLA,X,variation,channel,13172.859781958969,nT
2026-03-20T11:45:00.000Z,COLA,X,variation,channel,13185.670339101454,nT
2026-03-20T11:46:00.000Z,COLA,X,variation,channel,13214.774089382241,nT
2026-03-20T11:47:00.000Z,COLA,X,variation,channel,13240.059299467923,nT
2026-03-20T11:48:00.000Z,COLA,X,variation,channel,13222.192607921537,nT
2026-03-20T11:49:00.000Z,COLA,X,variation,channel,13187.323079114507,nT
2026-03-20T11:50:00.000Z,COLA,X,variation,channel,13143.679200768016,nT
2026-03-20T11:51:00.000Z,COLA,X,variation,channel,13129.647745921002,nT
2026-03-20T11:52:00.000Z,COLA,X,variation,channel,13175.447443811241,nT
2026-03-20T11:53:00.000Z,COLA,X,variation,channel,13180.655910996687,nT
2026-03-20T11:54:00.000Z,COLA,X,variation,channel,13155.003114603393,nT
2026-03-20T11:55:00.000Z,COLA,X,variation,channel,13138.048900205125,nT
2026-03-20T11:56:00.000Z,COLA,X,variation,channel,13149.159128271092,nT
2026-03-20T11:57:00.000Z,COLA,X,variation,channel,13157.901252701193,nT
2026-03-20T11:58:00.000Z,COLA,X,variation,channel,13163.230102881824,nT
2026-03-20T11:59:00.000Z,COLA,X,variation,channel,13155.4549540928,nT
2026-03-20T12:00:00.000Z,COLA,X,variation,channel,13150.20150976555,nT
2026-03-20T12:01:00.000Z,COLA,X,variation,channel,13136.285998491547,nT
2026-03-20T12:02:00.000Z,COLA,X,variation,channel,13131.811685709261,nT
2026-03-20T12:03:00.000Z,COLA,X,variation,channel,13130.925651512422,nT
2026-03-20T12:04:00.000Z,COLA,X,variation,channel,13132.243690531359,nT
2026-03-20T12:05:00.000Z,COLA,X,variation,channel,13144.003444134589,nT
2026-03-20T12:06:00.000Z,COLA,X,variation,channel,13149.104920332007,nT
2026-03-20T12:07:00.000Z,COLA,X,variation,channel,13144.302676027875,nT
2026-03-20T12:08:00.000Z,COLA,X,variation,channel,13145.190750131758,nT
2026-03-20T12:09:00.000Z,COLA,X,variation,channel,13145.929427809962,nT
2026-03-20T12:10:00.000Z,COLA,X,variation,channel,13144.296797051162,nT
2026-03-20T12:11:00.000Z,COLA,X,variation,channel,13130.313830789228,nT
2026-03-20T12:12:00.000Z,COLA,X,variation,channel,13112.589393823908,nT
2026-03-20T12:13:00.000Z,COLA,X,variation,channel,13104.852467888722,nT
2026-03-20T12:14:00.000Z,COLA,X,variation,channel,13103.000657670695,nT
2026-03-20T12:15:00.000Z,COLA,X,variation,channel,13104.457866670067,nT
2026-03-20T12:16:00.000Z,COLA,X,variation,channel,13103.699527737343,nT
2026-03-20T12:17:00.000Z,COLA,X,variation,channel,13096.60364590719,nT
2026-03-20T12:18:00.000Z,COLA,X,variation,channel,13090.643115464294,nT
2026-03-20T12:19:00.000Z,COLA,X,variation,channel,13094.211795243715,nT
2026-03-20T12:20:00.000Z,COLA,X,variation,channel,13093.58728645608,nT
2026-03-20T12:21:00.000Z,COLA,X,variation,channel,13075.011492549585,nT
2026-03-20T12:22:00.000Z,COLA,X,variation,channel,13060.769536356258,nT
2026-03-20T12:23:00.000Z,COLA,X,variation,channel,13070.230624126027,nT
2026-03-20T12:24:00.000Z,COLA,X,variation,channel,13089.553010608108,nT
2026-03-20T12:25:00.000Z,COLA,X,variation,channel,13112.841007425333,nT
2026-03-20T12:26:00.000Z,COLA,X,variation,channel,13130.768275378598,nT
2026-03-20T12:27:00.000Z,COLA,X,variation,channel,13130.497465089307,nT
2026-03-20T12:28:00.000Z,COLA,X,variation,channel,13122.137821622988,nT
2026-03-20T12:29:00.000Z,COLA,X,variation,channel,13105.042292750923,nT
2026-03-20T12:30:00.000Z,COLA,X,variation,channel,13092.379744103933,nT
2026-03-20T12:31:00.000Z,COLA,X,variation,channel,13087.078805812043,nT
2026-03-20T12:32:00.000Z,COLA,X,variation,channel,13082.928216141363,nT
2026-03-20T12:33:00.000Z,COLA,X,variation,channel,13075.116737136092,nT
2026-03-20T12:34:00.000Z,COLA,X,variation,channel,13070.340068722298,nT
2026-03-20T12:35:00.000Z,COLA,X,variation,channel,13063.710295924746,nT
2026-03-20T12:36:00.000Z,COLA,X,variation,channel,13069.86141149671,nT
2026-03-20T12:37:00.000Z,COLA,X,variation,channel,13081.023936537675,nT
2026-03-20T12:38:00.000Z,COLA,X,variation,channel,13094.055968992794,nT
2026-03-20T12:39:00.000Z,COLA,X,variation,channel,13105.965622967362,nT
2026-03-20T12:40:00.000Z,COLA,X,variation,channel,13110.35785041331,nT
2026-03-20T12:41:00.000Z,COLA,X,variation,channel,13115.626771063497,nT
2026-03-20T12:42:00.000Z,COLA,X,variation,channel,13115.750443185723,nT
2026-03-20T12:43:00.000Z,COLA,X,variation,channel,13110.96987999529,nT
2026-03-20T12:44:00.000Z,COLA,X,variation,channel,13102.48904795088,nT
2026-03-20T12:45:00.000Z,COLA,X,variation,channel,13092.053849837215,nT
2026-03-20T12:46:00.000Z,COLA,X,variation,channel,13090.805080439524,nT
2026-03-20T12:47:00.000Z,COLA,X,variation,channel,13096.079578561163,nT
2026-03-20T12:48:00.000Z,COLA,X,variation,channel,13093.39392589054,nT
2026-03-20T12:49:00.000Z,COLA,X,variation,channel,13090.83558727511,nT
2026-03-20T12:50:00.000Z,COLA,X,variation,channel,13085.562104067652,nT
2026-03-20T12:51:00.000Z,COLA,X,variation,channel,13090.905069282779,nT
2026-03-20T12:52:00.000Z,COLA,X,variation,channel,13111.659675721452,nT
2026-03-20T12:53:00.000Z,COLA,X,variation,channel,13121.67955317573,nT
2026-03-20T12:54:00.000Z,COLA,X,variation,channel,13094.655211267494,nT
2026-03-20T12:55:00.000Z,COLA,X,variation,channel,13068.802079797268,nT
2026-03-20T12:56:00.000Z,COLA,X,variation,channel,13070.764500099387,nT
2026-03-20T12:57:00.000Z,COLA,X,variation,channel,13080.93041501404,nT
2026-03-20T12:58:00.000Z,COLA,X,variation,channel,13097.766078335195,nT
2026-03-20T12:59:00.000Z,COLA,X,variation,channel,13118.30336605367,nT
2026-03-20T13:00:00.000Z,COLA,X,variation,channel,13141.153975877789,nT
2026-03-20T13:01:00.000Z,COLA,X,variation,channel,13155.79825751307,nT
2026-03-20T13:02:00.000Z,COLA,X,variation,channel,13156.489380383988,nT
2026-03-20T13:03:00.000Z,COLA,X,variation,channel,13142.099989102177,nT
2026-03-20T13:04:00.000Z,COLA,X,variation,channel,13119.961625423235,nT
2026-03-20T13:05:00.000Z,COLA,X,variation,channel,13117.707099877483,nT
2026-03-20T13:06:00.000Z,COLA,X,variation,channel,13122.663413676606,nT
2026-03-20T13:07:00.000Z,COLA,X,variation,channel,13126.231723304742,nT
2026-03-20T13:08:00.000Z,COLA,X,variation,channel,13120.924585668377,nT
2026-03-20T13:09:00.000Z,COLA,X,variation,channel,13109.93039364582,nT
2026-03-20T13:10:00.000Z,COLA,X,variation,channel,13089.724829143914,nT
2026-03-20T13:11:00.000Z,COLA,X,variation,channel,13069.374634516751,nT
2026-03-20T13:12:00.000Z,COLA,X,variation,channel,13055.376606753085,nT
2026-03-20T13:13:00.000Z,COLA,X,variation,channel,13048.026837255176,nT
2026-03-20T13:14:00.000Z,COLA,X,variation,channel,13034.388469959109,nT
2026-03-20T13:15:00.000Z,COLA,X,variation,channel,13030.445544569315,nT
2026-03-20T13:16:00.000Z,COLA,X,variation,channel,13040.868428594931,nT
2026-03-20T13:17:00.000Z,COLA,X,variation,channel,13052.824126005211,nT
2026-03-20T13:18:00.000Z,COLA,X,variation,channel,13061.052027485663,nT
2026-03-20T13:19:00.000Z,COLA,X,variation,channel,13061.786483684991,nT
2026-03-20T13:20:00.000Z,COLA,X,variation,channel,13064.22254890039,nT
2026-03-20T13:21:00.000Z,COLA,X,variation,channel,13049.929750267947,nT
2026-03-20T13:22:00.000Z,COLA,X,variation,channel,13035.917617374973,nT
2026-03-20T13:23:00.000Z,COLA,X,variation,channel,13032.40320928179,nT
2026-03-20T13:24:00.000Z,COLA,X,variation,channel,13027.8517362383,nT
2026-03-20T13:25:00.000Z,COLA,X,variation,channel,13038.56817299136,nT
2026-03-20T13:26:00.000Z,COLA,X,variation,channel,13043.488734342756,nT
2026-03-20T13:27:00.000Z,COLA,X,variation,channel,13062.485591647188,nT
2026-03-20T13:28:00.000Z,COLA,X,variation,channel,13087.916482109375,nT
2026-03-20T13:29:00.000Z,COLA,X,variation,channel,13099.982034924418,nT
2026-03-20T13:30:00.000Z,COLA,X,variation,channel,13108.237127926588,nT
2026-03-20T13:31:00.000Z,COLA,X,variation,channel,13113.5123431357,nT
2026-03-20T13:32:00.000Z,COLA,X,variation,channel,13125.531715402558,nT
2026-03-20T13:33:00.000Z,COLA,X,variation,channel,13147.34285416356,nT
2026-03-20T13:34:00.000Z,COLA,X,variation,channel,13152.74486965905,nT
2026-03-20T13:35:00.000Z,COLA,X,variation,channel,13153.275691454182,nT
2026-03-20T13:36:00.000Z,COLA,X,variation,channel,13142.3218136037,nT
2026-03-20T13:37:00.000Z,COLA,X,variation,channel,13126.845763388472,nT
2026-03-20T13:38:00.000Z,COLA,X,variation,channel,13107.047923034579,nT
2026-03-20T13:39:00.000Z,COLA,X,variation,channel,13095.330701148587,nT
2026-03-20T13:40:00.000Z,COLA,X,variation,channel,13088.33322219401,nT
2026-03-20T13:41:00.000Z,COLA,X,variation,channel,13102.705023050477,nT
2026-03-20T13:42:00.000Z,COLA,X,variation,channel,13104.197043210705,nT
2026-03-20T13:43:00.000Z,COLA,X,variation,channel,13104.652796921573,nT
2026-03-20T13:44:00.000Z,COLA,X,variation,channel,13111.066612607157,nT
2026-03-20T13:45:00.000Z,COLA,X,variation,channel,13121.721900489852,nT
2026-03-20T13:46:00.000Z,COLA,X,variation,channel,13119.222938229965,nT
2026-03-20T13:47:00.000Z,COLA,X,variation,channel,13114.394254907607,nT
2026-03-20T13:48:00.000Z,COLA,X,variation,channel,13105.463165192356,nT
2026-03-20T13:49:00.000Z,COLA,X,variation,channel,13096.882776354962,nT
2026-03-20T13:50:00.000Z,COLA,X,variation,channel,13112.850923462793,nT
2026-03-20T13:51:00.000Z,COLA,X,variation,channel,13118.48932396968,nT
2026-03-20T13:52:00.000Z,COLA,X,variation,channel,13130.042432849505,nT
2026-03-20T13:53:00.000Z,COLA,X,variation,channel,13148.922984289811,nT
2026-03-20T13:54:00.000Z,COLA,X,variation,channel,13151.38379404811,nT
2026-03-20T13:55:00.000Z,COLA,X,variation,channel,13149.147076819434,nT
2026-03-20T13:56:00.000Z,COLA,X,variation,channel,13156.322245117584,nT
2026-03-20T13:57:00.000Z,COLA,X,variation,channel,13165.3495869894,nT
2026-03-20T13:58:00.000Z,COLA,X,variation,channel,13166.838180534352,nT
2026-03-20T13:59:00.000Z,COLA,X,variation,channel,13173.880158061986,nT
2026-03-20T14:00:00.000Z,COLA,X,variation,channel,13173.253636665433,nT
2026-03-20T14:01:00.000Z,COLA,X,variation,channel,13161.975380903592,nT
2026-03-20T14:02:00.000Z,COLA,X,variation,channel,13160.030597893407,nT
2026-03-20T14:03:00.000Z,COLA,X,variation,channel,13163.334049201576,nT
2026-03-20T14:04:00.000Z,COLA,X,variation,channel,13159.822515546233,nT
2026-03-20T14:05:00.000Z,COLA,X,variation,channel,13152.666149000817,nT
2026-03-20T14:06:00.000Z,COLA,X,variation,channel,13153.66989056815,nT
2026-03-20T14:07:00.000Z,COLA,X,variation,channel,13161.897542607552,nT
2026-03-20T14:08:00.000Z,COLA,X,variation,channel,13173.29150716089,nT
2026-03-20T14:09:00.000Z,COLA,X,variation,channel,13178.42857717294,nT
2026-03-20T14:10:00.000Z,COLA,X,variation,channel,13169.786783675705,nT
2026-03-20T14:11:00.000Z,COLA,X,variation,channel,13166.705310183745,nT
2026-03-20T14:12:00.000Z,COLA,X,variation,channel,13166.157159403108,nT
2026-03-20T14:13:00.000Z,COLA,X,variation,channel,13165.325106348539,nT
2026-03-20T14:14:00.000Z,COLA,X,variation,channel,13170.895990125335,nT
2026-03-20T14:15:00.000Z,COLA,X,variation,channel,13178.76835294595,nT
2026-03-20T14:16:00.000Z,COLA,X,variation,channel,13182.084381641165,nT
2026-03-20T14:17:00.000Z,COLA,X,variation,channel,13185.530362597436,nT
2026-03-20T14:18:00.000Z,COLA,X,variation,channel,13193.97738562302,nT
2026-03-20T14:19:00.000Z,COLA,X,variation,channel,13204.519750904816,nT
2026-03-20T14:20:00.000Z,COLA,X,variation,channel,13212.690682437125,nT
2026-03-20T14:21:00.000Z,COLA,X,variation,channel,13216.465315198857,nT
2026-03-20T14:22:00.000Z,COLA,X,variation,channel,13216.171754365909,nT
2026-03-20T14:23:00.000Z,COLA,X,variation,channel,13216.379256456332,nT
2026-03-20T14:24:00.000Z,COLA,X,variation,channel,13213.252662449655,nT
2026-03-20T14:25:00.000Z,COLA,X,variation,channel,13208.274712095747,nT
2026-03-20T14:26:00.000Z,COLA,X,variation,channel,13205.111124676927,nT
2026-03-20T14:27:00.000Z,COLA,X,variation,channel,13200.683003444392,nT
2026-03-20T14:28:00.000Z,COLA,X,variation,channel,13196.135624665025,nT
2026-03-20T14:29:00.000Z,COLA,X,variation,channel,13192.206085466269,nT
2026-03-20T14:30:00.000Z,COLA,X,variation,channel,13190.094584493354,nT
2026-03-20T14:31:00.000Z,COLA,X,variation,channel,13189.31752417844,nT
2026-03-20T14:32:00.000Z,COLA,X,variation,channel,13189.84922330756,nT
2026-03-20T14:33:00.000Z,COLA,X,variation,channel,13188.58599810411,nT
2026-03-20T14:34:00.000Z,COLA,X,variation,channel,13186.972458068898,nT
2026-03-20T14:35:00.000Z,COLA,X,variation,channel,13188.895425599572,nT
2026-03-20T14:36:00.000Z,COLA,X,variation,channel,13188.46887787636,nT
2026-03-20T14:37:00.000Z,COLA,X,variation,channel,13187.059274247269,nT
2026-03-20T14:38:00.000Z,COLA,X,variation,channel,13181.076460426459,nT
2026-03-20T14:39:00.000Z,COLA,X,variation,channel,13181.076968390504,nT
2026-03-20T14:40:00.000Z,COLA,X,variation,channel,13182.985607092307,nT
2026-03-20T14:41:00.000Z,COLA,X,variation,channel,13185.779573885875,nT
2026-03-20T14:42:00.000Z,COLA,X,variation,channel,13189.658727514001,nT
2026-03-20T14:43:00.000Z,COLA,X,variation,channel,13192.778838174989,nT
2026-03-20T14:44:00.000Z,COLA,X,variation,channel,13195.469071240559,nT
2026-03-20T14:45:00.000Z,COLA,X,variation,channel,13196.362886945066,nT
2026-03-20T14:46:00.000Z,COLA,X,variation,channel,13194.218757182918,nT
2026-03-20T14:47:00.000Z,COLA,X,variation,channel,13190.74541423806,nT
2026-03-20T14:48:00.000Z,COLA,X,variation,channel,13188.302610527062,nT
2026-03-20T14:49:00.000Z,COLA,X,variation,channel,13186.928920629807,nT
2026-03-20T14:50:00.000Z,COLA,X,variation,channel,13185.938855570363,nT
2026-03-20T14:51:00.000Z,COLA,X,variation,channel,13184.535708381954,nT
2026-03-20T14:52:00.000Z,COLA,X,variation,channel,13185.172725868219,nT
2026-03-20T14:53:00.000Z,COLA,X,variation,channel,13185.62057234921,nT
2026-03-20T14:54:00.000Z,COLA,X,variation,channel,13186.475896626394,nT
2026-03-20T14:55:00.000Z,COLA,X,variation,channel,13187.467657423193,nT
2026-03-20T14:56:00.000Z,COLA,X,variation,channel,13186.133246870977,nT
2026-03-20T14:57:00.000Z,COLA,X,variation,channel,13183.723704818689,nT
2026-03-20T14:58:00.000Z,COLA,X,variation,channel,13181.285831823965,nT
2026-03-20T14:59:00.000Z,COLA,X,variation,channel,13182.734428511352,nT
2026-03-20T15:00:00.000Z,COLA,X,variation,channel,13188.935895185607,nT
2026-03-20T15:01:00.000Z,COLA,X,variation,channel,13192.585855489384,nT
2026-03-20T15:02:00.000Z,COLA,X,variation,channel,13195.007250966924,nT
2026-03-20T15:03:00.000Z,COLA,X,variation,channel,13193.32050613643,nT
2026-03-20T15:04:00.000Z,COLA,X,variation,channel,13190.091290170607,nT
2026-03-20T15:05:00.000Z,COLA,X,variation,channel,13188.445834637227,nT
2026-03-20T15:06:00.000Z,COLA,X,variation,channel,13188.455221351971,nT
2026-03-20T15:07:00.000Z,COLA,X,variation,channel,13189.44595326041,nT
2026-03-20T15:08:00.000Z,COLA,X,variation,channel,13190.715188869455,nT
2026-03-20T15:09:00.000Z,COLA,X,variation,channel,13190.69351236398,nT
2026-03-20T15:10:00.000Z,COLA,X,variation,channel,13190.902356331466,nT
2026-03-20T15:11:00.000Z,COLA,X,variation,channel,13191.44850866012,nT
2026-03-20T15:12:00.000Z,COLA,X,variation,channel,13189.83836816204,nT
2026-03-20T15:13:00.000Z,COLA,X,variation,channel,13186.96602132534,nT
2026-03-20T15:14:00.000Z,COLA,X,variation,channel,13185.498765071081,nT
2026-03-20T15:15:00.000Z,COLA,X,variation,channel,13186.452665507344,nT
2026-03-20T15:16:00.000Z,COLA,X,variation,channel,13187.54948310494,nT
2026-03-20T15:17:00.000Z,COLA,X,variation,channel,13186.519537391767,nT
2026-03-20T15:18:00.000Z,COLA,X,variation,channel,13186.322991604386,nT
2026-03-20T15:19:00.000Z,COLA,X,variation,channel,13187.594544256066,nT
2026-03-20T15:20:00.000Z,COLA,X,variation,channel,13190.293733533208,nT
2026-03-20T15:21:00.000Z,COLA,X,variation,channel,13192.255122201117,nT
2026-03-20T15:22:00.000Z,COLA,X,variation,channel,13192.964755677775,nT
2026-03-20T15:23:00.000Z,COLA,X,variation,channel,13190.244242264302,nT
2026-03-20T15:24:00.000Z,COLA,X,variation,channel,13183.561091354006,nT
2026-03-20T15:25:00.000Z,COLA,X,variation,channel,13180.863964382637,nT
2026-03-20T15:26:00.000Z,COLA,X,variation,channel,13179.913315897813,nT
2026-03-20T15:27:00.000Z,COLA,X,variation,channel,13178.680257123282,nT
2026-03-20T15:28:00.000Z,COLA,X,variation,channel,13186.72685173087,nT
2026-03-20T15:29:00.000Z,COLA,X,variation,channel,13201.11439320016,nT
2026-03-20T15:30:00.000Z,COLA,X,variation,channel,13208.170119500817,nT
2026-03-20T15:31:00.000Z,COLA,X,variation,channel,13207.82544500812,nT
2026-03-20T15:32:00.000Z,COLA,X,variation,channel,13206.702580702893,nT
2026-03-20T15:33:00.000Z,COLA,X,variation,channel,13205.217818239862,nT
2026-03-20T15:34:00.000Z,COLA,X,variation,channel,13207.947208867821,nT
2026-03-20T15:35:00.000Z,COLA,X,variation,channel,13205.126111234611,nT
2026-03-20T15:36:00.000Z,COLA,X,variation,channel,13202.436441550584,nT
2026-03-20T15:37:00.000Z,COLA,X,variation,channel,13200.476459986028,nT
2026-03-20T15:38:00.000Z,COLA,X,variation,channel,13196.337819369079,nT
2026-03-20T15:39:00.000Z,COLA,X,variation,channel,13196.238883829425,nT
2026-03-20T15:40:00.000Z,COLA,X,variation,channel,13197.336479597006,nT
2026-03-20T15:41:00.000Z,COLA,X,variation,channel,13199.461594702516,nT
2026-03-20T15:42:00.000Z,COLA,X,variation,channel,13204.324354226725,nT
2026-03-20T15:43:00.000Z,COLA,X,variation,channel,13203.791322810848,nT
2026-03-20T15:44:00.000Z,COLA,X,variation,channel,13198.054087567009,nT
2026-03-20T15:45:00.000Z,COLA,X,variation,channel,13195.642432567636,nT
2026-03-20T15:46:00.000Z,COLA,X,variation,channel,13194.569791567883,nT
2026-03-20T15:47:00.000Z,COLA,X,variation,channel,13197.238224570297,nT
2026-03-20T15:48:00.000Z,COLA,X,variation,channel,13195.764468673995,nT
2026-03-20T15:49:00.000Z,COLA,X,variation,channel,13187.805071117251,nT
2026-03-20T15:50:00.000Z,COLA,X,variation,channel,13191.488839927762,nT
2026-03-20T15:51:00.000Z,COLA,X,variation,channel,13197.003712231142,nT
2026-03-20T15:52:00.000Z,COLA,X,variation,channel,13196.244967762937,nT
2026-03-20T15:53:00.000Z,COLA,X,variation,channel,13195.526964604265,nT
2026-03-20T15:54:00.000Z,COLA,X,variation,channel,13182.75417230429,nT
2026-03-20T15:55:00.000Z,COLA,X,variation,channel,13146.8904765401,nT
2026-03-20T15:56:00.000Z,COLA,X,variation,channel,13126.46439503769,nT
2026-03-20T15:57:00.000Z,COLA,X,variation,channel,13134.845423710416,nT
2026-03-20T15:58:00.000Z,COLA,X,variation,channel,13158.655687192468,nT
2026-03-20T15:59:00.000Z,COLA,X,variation,channel,13161.942960041108,nT
2026-03-20T16:00:00.000Z,COLA,X,variation,channel,13173.651045775247,nT
2026-03-20T16:01:00.000Z,COLA,X,variation,channel,13197.011161278097,nT
2026-03-20T16:02:00.000Z,COLA,X,variation,channel,13209.663093212968,nT
2026-03-20T16:03:00.000Z,COLA,X,variation,channel,13194.829863065204,nT
2026-03-20T16:04:00.000Z,COLA,X,variation,channel,13176.25919266488,nT
2026-03-20T16:05:00.000Z,COLA,X,variation,channel,13180.782064442643,nT
2026-03-20T16:06:00.000Z,COLA,X,variation,channel,13189.797974628978,nT
2026-03-20T16:07:00.000Z,COLA,X,variation,channel,13184.05991014566,nT
2026-03-20T16:08:00.000Z,COLA,X,variation,channel,13180.456718396044,nT
2026-03-20T16:09:00.000Z,COLA,X,variation,channel,13169.042242233023,nT
2026-03-20T16:10:00.000Z,COLA,X,variation,channel,13160.83753519544,nT
2026-03-20T16:11:00.000Z,COLA,X,variation,channel,13164.783212013108,nT
2026-03-20T16:12:00.000Z,COLA,X,variation,channel,13172.563531459597,nT
2026-03-20T16:13:00.000Z,COLA,X,variation,channel,13177.639900071117,nT
2026-03-20T16:14:00.000Z,COLA,X,variation,channel,13179.954875800951,nT
2026-03-20T16:15:00.000Z,COLA,X,variation,channel,13182.88591595884,nT
2026-03-20T16:16:00.000Z,COLA,X,variation,channel,13182.306234555404,nT
2026-03-20T16:17:00.000Z,COLA,X,variation,channel,13178.78165402083,nT
2026-03-20T16:18:00.000Z,COLA,X,variation,channel,13177.523772424245,nT
2026-03-20T16:19:00.000Z,COLA,X,variation,channel,13182.135366091527,nT
2026-03-20T16:20:00.000Z,COLA,X,variation,channel,13183.485752593459,nT
2026-03-20T16:21:00.000Z,COLA,X,variation,channel,13182.151223876623,nT
2026-03-20T16:22:00.000Z,COLA,X,variation,channel,13179.971273974757,nT
2026-03-20T16:23:00.000Z,COLA,X,variation,channel,13177.38012991277,nT
2026-03-20T16:24:00.000Z,COLA,X,variation,channel,13178.184203080147,nT
2026-03-20T16:25:00.000Z,COLA,X,variation,channel,13178.572594874984,nT
2026-03-20T16:26:00.000Z,COLA,X,variation,channel,13177.201431138248,nT
2026-03-20T16:27:00.000Z,COLA,X,variation,channel,13180.107951602637,nT
2026-03-20T16:28:00.000Z,COLA,X,variation,channel,13183.465959292049,nT
2026-03-20T16:29:00.000Z,COLA,X,variation,channel,13187.197909425793,nT
2026-03-20T16:30:00.000Z,COLA,X,variation,channel,13183.355625163986,nT
2026-03-20T16:31:00.000Z,COLA,X,variation,channel,13169.517061161021,nT
2026-03-20T16:32:00.000Z,COLA,X,variation,channel,13164.868789502621,nT
2026-03-20T16:33:00.000Z,COLA,X,variation,channel,13173.643023351779,nT
2026-03-20T16:34:00.000Z,COLA,X,variation,channel,13181.964415045046,nT
2026-03-20T16:35:00.000Z,COLA,X,variation,channel,13182.018964681714,nT
2026-03-20T16:36:00.000Z,COLA,X,variation,channel,13173.478000991941,nT
2026-03-20T16:37:00.000Z,COLA,X,variation,channel,13168.268170503361,nT
2026-03-20T16:38:00.000Z,COLA,X,variation,channel,13170.934951401374,nT
2026-03-20T16:39:00.000Z,COLA,X,variation,channel,13178.43890357278,nT
2026-03-20T16:40:00.000Z,COLA,X,variation,channel,13183.57578943207,nT
2026-03-20T16:41:00.000Z,COLA,X,variation,channel,13178.636869552864,nT
2026-03-20T16:42:00.000Z,COLA,X,variation,channel,13174.875472947548,nT
2026-03-20T16:43:00.000Z,COLA,X,variation,channel,13176.305171532953,nT
2026-03-20T16:44:00.000Z,COLA,X,variation,channel,13173.836495814401,nT
2026-03-20T16:45:00.000Z,COLA,X,variation,channel,13175.847080388015,nT
2026-03-20T16:46:00.000Z,COLA,X,variation,channel,13180.081383723485,nT
2026-03-20T16:47:00.000Z,COLA,X,variation,channel,13178.712418406483,nT
2026-03-20T16:48:00.000Z,COLA,X,variation,channel,13179.08709101534,nT
2026-03-20T16:49:00.000Z,COLA,X,variation,channel,13182.936135769178,nT
2026-03-20T16:50:00.000Z,COLA,X,variation,channel,13184.169564460877,nT
2026-03-20T16:51:00.000Z,COLA,X,variation,channel,13180.117695413093,nT
2026-03-20T16:52:00.000Z,COLA,X,variation,channel,13176.273766930784,nT
2026-03-20T16:53:00.000Z,COLA,X,variation,channel,13177.818531293096,nT
2026-03-20T16:54:00.000Z,COLA,X,variation,channel,13175.57883066513,nT
2026-03-20T16:55:00.000Z,COLA,X,variation,channel,13179.485255999827,nT
2026-03-20T16:56:00.000Z,COLA,X,variation,channel,13187.546370343554,nT
2026-03-20T16:57:00.000Z,COLA,X,variation,channel,13185.500179456574,nT
2026-03-20T16:58:00.000Z,COLA,X,variation,channel,13176.103429352095,nT
2026-03-20T16:59:00.000Z,COLA,X,variation,channel,13175.476037571945,nT
2026-03-20T17:00:00.000Z,COLA,X,variation,channel,13178.394489784545,nT
2026-03-20T17:01:00.000Z,COLA,X,variation,channel,13179.368753245608,nT
2026-03-20T17:02:00.000Z,COLA,X,variation,channel,13176.372622907069,nT
2026-03-20T17:03:00.000Z,COLA,X,variation,channel,13174.052449718052,nT
2026-03-20T17:04:00.000Z,COLA,X,variation,channel,13170.502798346342,nT
2026-03-20T17:05:00.000Z,COLA,X,variation,channel,13176.639755228553,nT
2026-03-20T17:06:00.000Z,COLA,X,variation,channel,13181.815303449539,nT
2026-03-20T17:07:00.000Z,COLA,X,variation,channel,13178.983711146648,nT
2026-03-20T17:08:00.000Z,COLA,X,variation,channel,13182.279956226314,nT
2026-03-20T17:09:00.000Z,COLA,X,variation,channel,13187.213256596631,nT
2026-03-20T17:10:00.000Z,COLA,X,variation,channel,13190.401892199588,nT
2026-03-20T17:11:00.000Z,COLA,X,variation,channel,13183.657177604286,nT
2026-03-20T17:12:00.000Z,COLA,X,variation,channel,13169.789625324167,nT
2026-03-20T17:13:00.000Z,COLA,X,variation,channel,13169.466773281285,nT
2026-03-20T17:14:00.000Z,COLA,X,variation,channel,13176.977478778492,nT
2026-03-20T17:15:00.000Z,COLA,X,variation,channel,13180.014345967886,nT
2026-03-20T17:16:00.000Z,COLA,X,variation,channel,13175.544771184244,nT
2026-03-20T17:17:00.000Z,COLA,X,variation,channel,13176.205172461208,nT
2026-03-20T17:18:00.000Z,COLA,X,variation,channel,13176.877606894584,nT
2026-03-20T17:19:00.000Z,COLA,X,variation,channel,13181.726071875488,nT
2026-03-20T17:20:00.000Z,COLA,X,variation,channel,13176.089579161271,nT
2026-03-20T17:21:00.000Z,COLA,X,variation,channel,13176.329738859686,nT
2026-03-20T17:22:00.000Z,COLA,X,variation,channel,13180.48663710591,nT
2026-03-20T17:23:00.000Z,COLA,X,variation,channel,13189.266749285702,nT
2026-03-20T17:24:00.000Z,COLA,X,variation,channel,13184.27230288003,nT
2026-03-20T17:25:00.000Z,COLA,X,variation,channel,13173.307375129192,nT
2026-03-20T17:26:00.000Z,COLA,X,variation,channel,13173.62356195827,nT
2026-03-20T17:27:00.000Z,COLA,X,variation,channel,13176.24044605815,nT
2026-03-20T17:28:00.000Z,COLA,X,variation,channel,13170.073822900396,nT
2026-03-20T17:29:00.000Z,COLA,X,variation,channel,13167.800206439906,nT
2026-03-20T17:30:00.000Z,COLA,X,variation,channel,13173.554588608942,nT
2026-03-20T17:31:00.000Z,COLA,X,variation,channel,13171.998507493352,nT
2026-03-20T17:32:00.000Z,COLA,X,variation,channel,13168.848606110661,nT
2026-03-20T17:33:00.000Z,COLA,X,variation,channel,13171.6961383917,nT
2026-03-20T17:34:00.000Z,COLA,X,variation,channel,13172.452601205192,nT
2026-03-20T17:35:00.000Z,COLA,X,variation,channel,13175.734463211013,nT
2026-03-20T17:36:00.000Z,COLA,X,variation,channel,13169.741269216112,nT
2026-03-20T17:37:00.000Z,COLA,X,variation,channel,13169.707341099125,nT
2026-03-20T17:38:00.000Z,COLA,X,variation,channel,13171.075097912277,nT
2026-03-20T17:39:00.000Z,COLA,X,variation,channel,13169.74154858237,nT
2026-03-20T17:40:00.000Z,COLA,X,variation,channel,13168.424996017462,nT
2026-03-20T17:41:00.000Z,COLA,X,variation,channel,13168.267079194653,nT
2026-03-20T17:42:00.000Z,COLA,X,variation,channel,13169.668711878758,nT
2026-03-20T17:43:00.000Z,COLA,X,variation,channel,13172.458372852547,nT
2026-03-20T17:44:00.000Z,COLA,X,variation,channel,13181.179584533857,nT
2026-03-20T17:45:00.000Z,COLA,X,variation,channel,13179.843220547229,nT
2026-03-20T17:46:00.000Z,COLA,X,variation,channel,13174.145817847559,nT
2026-03-20T17:47:00.000Z,COLA,X,variation,channel,13173.40506170557,nT
2026-03-20T17:48:00.000Z,COLA,X,variation,channel,13166.850458057947,nT
2026-03-20T17:49:00.000Z,COLA,X,variation,channel,13163.981227461247,nT
2026-03-20T17:50:00.000Z,COLA,X,variation,channel,13169.40865124,nT
2026-03-20T17:51:00.000Z,COLA,X,variation,channel,13166.527966858876,nT
2026-03-20T17:52:00.000Z,COLA,X,variation,channel,13159.338224529693,nT
2026-03-20T17:53:00.000Z,COLA,X,variation,channel,13161.171368820462,nT
2026-03-20T17:54:00.000Z,COLA,X,variation,channel,13166.134216804949,nT
2026-03-20T17:55:00.000Z,COLA,X,variation,channel,13173.666428828777,nT
2026-03-20T17:56:00.000Z,COLA,X,variation,channel,13183.443228816435,nT
2026-03-20T17:57:00.000Z,COLA,X,variation,channel,13169.692703832761,nT
2026-03-20T17:58:00.000Z,COLA,X,variation,channel,13165.948954387299,nT
2026-03-20T17:59:00.000Z,COLA,X,variation,channel,13176.318254016012,nT
2026-03-20T18:00:00.000Z,COLA,X,variation,channel,13176.1561441037,nT
2026-03-20T18:01:00.000Z,COLA,X,variation,channel,13178.194293276738,nT
2026-03-20T18:02:00.000Z,COLA,X,variation,channel,13171.113409611125,nT
2026-03-20T18:03:00.000Z,COLA,X,variation,channel,13157.103667029121,nT
2026-03-20T18:04:00.000Z,COLA,X,variation,channel,13157.005279613784,nT
2026-03-20T18:05:00.000Z,COLA,X,variation,channel,13168.927370869043,nT
2026-03-20T18:06:00.000Z,COLA,X,variation,channel,13166.420756109788,nT
2026-03-20T18:07:00.000Z,COLA,X,variation,channel,13158.670500097523,nT
2026-03-20T18:08:00.000Z,COLA,X,variation,channel,13163.245443649834,nT
2026-03-20T18:09:00.000Z,COLA,X,variation,channel,13165.279556552961,nT
2026-03-20T18:10:00.000Z,COLA,X,variation,channel,13160.579910777633,nT
2026-03-20T18:11:00.000Z,COLA,X,variation,channel,13160.544387756794,nT
2026-03-20T18:12:00.000Z,COLA,X,variation,channel,13165.727969283744,nT
2026-03-20T18:13:00.000Z,COLA,X,variation,channel,13159.312163419625,nT
2026-03-20T18:14:00.000Z,COLA,X,variation,channel,13146.32886064818,nT
2026-03-20T18:15:00.000Z,COLA,X,variation,channel,13150.43992545796,nT
2026-03-20T18:16:00.000Z,COLA,X,variation,channel,13153.291410970163,nT
2026-03-20T18:17:00.000Z,COLA,X,variation,channel,13154.72545605869,nT
2026-03-20T18:18:00.000Z,COLA,X,variation,channel,13155.308320288323,nT
2026-03-20T18:19:00.000Z,COLA,X,variation,channel,13152.50527095737,nT
2026-03-20T18:20:00.000Z,COLA,X,variation,channel,13145.399482184122,nT
2026-03-20T18:21:00.000Z,COLA,X,variation,channel,13153.695255872955,nT
2026-03-20T18:22:00.000Z,COLA,X,variation,channel,13161.881445363602,nT
2026-03-20T18:23:00.000Z,COLA,X,variation,channel,13170.824623617764,nT
2026-03-20T18:24:00.000Z,COLA,X,variation,channel,13160.39491516548,nT
2026-03-20T18:25:00.000Z,COLA,X,variation,channel,13150.690343714918,nT
2026-03-20T18:26:00.000Z,COLA,X,variation,channel,13149.991700994548,nT
2026-03-20T18:27:00.000Z,COLA,X,variation,channel,13146.195341905446,nT
2026-03-20T18:28:00.000Z,COLA,X,variation,channel,13143.88684201169,nT
2026-03-20T18:29:00.000Z,COLA,X,variation,channel,13148.175617087543,nT
2026-03-20T18:30:00.000Z,COLA,X,variation,channel,13155.931955620606,nT
2026-03-20T18:31:00.000Z,COLA,X,variation,channel,13156.85415899814,nT
2026-03-20T18:32:00.000Z,COLA,X,variation,channel,13155.076197303268,nT
2026-03-20T18:33:00.000Z,COLA,X,variation,channel,13174.704723659788,nT
2026-03-20T18:34:00.000Z,COLA,X,variation,channel,13183.086633040928,nT
2026-03-20T18:35:00.000Z,COLA,X,variation,channel,13170.698236753487,nT
2026-03-20T18:36:00.000Z,COLA,X,variation,channel,13169.970502389411,nT
2026-03-20T18:37:00.000Z,COLA,X,variation,channel,13166.61204499307,nT
2026-03-20T18:38:00.000Z,COLA,X,variation,channel,13151.896499271206,nT
2026-03-20T18:39:00.000Z,COLA,X,variation,channel,13150.711833297326,nT
2026-03-20T18:40:00.000Z,COLA,X,variation,channel,13147.960868488337,nT
2026-03-20T18:41:00.000Z,COLA,X,variation,channel,13145.652419272023,nT
2026-03-20T18:42:00.000Z,COLA,X,variation,channel,13152.679633147545,nT
2026-03-20T18:43:00.000Z,COLA,X,variation,channel,13155.20060070176,nT
2026-03-20T18:44:00.000Z,COLA,X,variation,channel,13149.646429523184,nT
2026-03-20T18:45:00.000Z,COLA,X,variation,channel,13143.364899031316,nT
2026-03-20T18:46:00.000Z,COLA,X,variation,channel,13144.723117682128,nT
2026-03-20T18:47:00.000Z,COLA,X,variation,channel,13139.354576393072,nT
2026-03-20T18:48:00.000Z,COLA,X,variation,channel,13136.672719158027,nT
2026-03-20T18:49:00.000Z,COLA,X,variation,channel,13142.761971337866,nT
2026-03-20T18:50:00.000Z,COLA,X,variation,channel,13138.223055660981,nT
2026-03-20T18:51:00.000Z,COLA,X,variation,channel,13140.978860423547,nT
2026-03-20T18:52:00.000Z,COLA,X,variation,channel,13140.021251129103,nT
2026-03-20T18:53:00.000Z,COLA,X,variation,channel,13114.79835586333,nT
2026-03-20T18:54:00.000Z,COLA,X,variation,channel,13133.425280098201,nT
2026-03-20T18:55:00.000Z,COLA,X,variation,channel,13233.632082272274,nT
2026-03-20T18:56:00.000Z,COLA,X,variation,channel,13224.59407258386,nT
2026-03-20T18:57:00.000Z,COLA,X,variation,channel,13181.979395756664,nT
2026-03-20T18:58:00.000Z,COLA,X,variation,channel,13192.027828470495,nT
2026-03-20T18:59:00.000Z,COLA,X,variation,channel,13196.949724363543,nT
2026-03-20T19:00:00.000Z,COLA,X,variation,channel,13203.937269002347,nT
2026-03-20T19:01:00.000Z,COLA,X,variation,channel,13199.37231776275,nT
2026-03-20T19:02:00.000Z,COLA,X,variation,channel,13161.365857032672,nT
2026-03-20T19:03:00.000Z,COLA,X,variation,channel,13151.328492992376,nT
2026-03-20T19:04:00.000Z,COLA,X,variation,channel,13166.80975689941,nT
2026-03-20T19:05:00.000Z,COLA,X,variation,channel,13176.645709802664,nT
2026-03-20T19:06:00.000Z,COLA,X,variation,channel,13178.864033835973,nT
2026-03-20T19:07:00.000Z,COLA,X,variation,channel,13164.882706259381,nT
2026-03-20T19:08:00.000Z,COLA,X,variation,channel,13152.585042622688,nT
2026-03-20T19:09:00.000Z,COLA,X,variation,channel,13152.733299614725,nT
2026-03-20T19:10:00.000Z,COLA,X,variation,channel,13154.401561113933,nT
2026-03-20T19:11:00.000Z,COLA,X,variation,channel,13153.609831450269,nT
2026-03-20T19:12:00.000Z,COLA,X,variation,channel,13130.017860260965,nT
2026-03-20T19:13:00.000Z,COLA,X,variation,channel,13126.451705800304,nT
2026-03-20T19:14:00.000Z,COLA,X,variation,channel,13132.572448771662,nT
2026-03-20T19:15:00.000Z,COLA,X,variation,channel,13131.221708325194,nT
2026-03-20T19:16:00.000Z,COLA,X,variation,channel,13132.689500524908,nT
2026-03-20T19:17:00.000Z,COLA,X,variation,channel,13139.78267178227,nT
2026-03-20T19:18:00.000Z,COLA,X,variation,channel,13109.12720319932,nT
2026-03-20T19:19:00.000Z,COLA,X,variation,channel,13113.612701318083,nT
2026-03-20T19:20:00.000Z,COLA,X,variation,channel,13164.385271967805,nT
2026-03-20T19:21:00.000Z,COLA,X,variation,channel,13124.56424590661,nT
2026-03-20T19:22:00.000Z,COLA,X,variation,channel,13077.89027390877,nT
2026-03-20T19:23:00.000Z,COLA,X,variation,channel,13089.238185957278,nT
2026-03-20T19:24:00.000Z,COLA,X,variation,channel,13122.340180794656,nT
2026-03-20T19:25:00.000Z,COLA,X,variation,channel,13120.285066109625,nT
2026-03-20T19:26:00.000Z,COLA,X,variation,channel,13102.526541767576,nT
2026-03-20T19:27:00.000Z,COLA,X,variation,channel,13100.518574614835,nT
2026-03-20T19:28:00.000Z,COLA,X,variation,channel,13110.90826842697,nT
2026-03-20T19:29:00.000Z,COLA,X,variation,channel,13125.75188814764,nT
2026-03-20T19:30:00.000Z,COLA,X,variation,channel,13142.399860369316,nT
2026-03-20T19:31:00.000Z,COLA,X,variation,channel,13134.354674710343,nT
2026-03-20T19:32:00.000Z,COLA,X,variation,channel,13121.877825704663,nT
2026-03-20T19:33:00.000Z,COLA,X,variation,channel,13129.786080756949,nT
2026-03-20T19:34:00.000Z,COLA,X,variation,channel,13136.263461668394,nT
2026-03-20T19:35:00.000Z,COLA,X,variation,channel,13143.757128506293,nT
2026-03-20T19:36:00.000Z,COLA,X,variation,channel,13144.746534396701,nT
2026-03-20T19:37:00.000Z,COLA,X,variation,channel,13144.136170452117,nT
2026-03-20T19:38:00.000Z,COLA,X,variation,channel,13134.96331491834,nT
2026-03-20T19:39:00.000Z,COLA,X,variation,channel,13133.072898089813,nT
2026-03-20T19:40:00.000Z,COLA,X,variation,channel,13144.22857242024,nT
2026-03-20T19:41:00.000Z,COLA,X,variation,channel,13142.774013402062,nT
2026-03-20T19:42:00.000Z,COLA,X,variation,channel,13145.329227605289,nT
2026-03-20T19:43:00.000Z,COLA,X,variation,channel,13132.408206163635,nT
2026-03-20T19:44:00.000Z,COLA,X,variation,channel,13134.608504520203,nT
2026-03-20T19:45:00.000Z,COLA,X,variation,channel,13143.719287631666,nT
2026-03-20T19:46:00.000Z,COLA,X,variation,channel,13143.04629663498,nT
2026-03-20T19:47:00.000Z,COLA,X,variation,channel,13129.92400613592,nT
2026-03-20T19:48:00.000Z,COLA,X,variation,channel,13131.307257646524,nT
2026-03-20T19:49:00.000Z,COLA,X,variation,channel,13133.673143712864,nT
2026-03-20T19:50:00.000Z,COLA,X,variation,channel,13139.599394125482,nT
2026-03-20T19:51:00.000Z,COLA,X,variation,channel,13135.209792745824,nT
2026-03-20T19:52:00.000Z,COLA,X,variation,channel,13146.786236718977,nT
2026-03-20T19:53:00.000Z,COLA,X,variation,channel,13152.055207737158,nT
2026-03-20T19:54:00.000Z,COLA,X,variation,channel,13142.564680699974,nT
2026-03-20T19:55:00.000Z,COLA,X,variation,channel,13144.680577316241,nT
2026-03-20T19:56:00.000Z,COLA,X,variation,channel,13146.036498252683,nT
2026-03-20T19:57:00.000Z,COLA,X,variation,channel,13140.135363768413,nT
2026-03-20T19:58:00.000Z,COLA,X,variation,channel,13132.907140071808,nT
2026-03-20T19:59:00.000Z,COLA,X,variation,channel,13134.759988871578,nT
2026-03-20T20:00:00.000Z,COLA,X,variation,channel,13125.488405356902,nT
2026-03-20T20:01:00.000Z,COLA,X,variation,channel,13123.606561931389,nT
2026-03-20T20:02:00.000Z,COLA,X,variation,channel,13118.088740635601,nT
2026-03-20T20:03:00.000Z,COLA,X,variation,channel,13133.89405394246,nT
2026-03-20T20:04:00.000Z,COLA,X,variation,channel,13144.510500850089,nT
2026-03-20T20:05:00.000Z,COLA,X,variation,channel,13145.189620162286,nT
2026-03-20T20:06:00.000Z,COLA,X,variation,channel,13140.564803160978,nT
2026-03-20T20:07:00.000Z,COLA,X,variation,channel,13145.326074915696,nT
2026-03-20T20:08:00.000Z,COLA,X,variation,channel,13138.53819551655,nT
2026-03-20T20:09:00.000Z,COLA,X,variation,channel,13142.667980158858,nT
2026-03-20T20:10:00.000Z,COLA,X,variation,channel,13113.827437374253,nT
2026-03-20T20:11:00.000Z,COLA,X,variation,channel,13086.348942363356,nT
2026-03-20T20:12:00.000Z,COLA,X,variation,channel,13127.608494785285,nT
2026-03-20T20:13:00.000Z,COLA,X,variation,channel,13197.883664149382,nT
2026-03-20T20:14:00.000Z,COLA,X,variation,channel,13237.05713861203,nT
2026-03-20T20:15:00.000Z,COLA,X,variation,channel,13215.491896048507,nT
2026-03-20T20:16:00.000Z,COLA,X,variation,channel,13177.914205001498,nT
2026-03-20T20:17:00.000Z,COLA,X,variation,channel,13162.533086129315,nT
2026-03-20T20:18:00.000Z,COLA,X,variation,channel,13166.322178069526,nT
2026-03-20T20:19:00.000Z,COLA,X,variation,channel,13168.532699202737,nT
2026-03-20T20:20:00.000Z,COLA,X,variation,channel,13179.131786500626,nT
2026-03-20T20:21:00.000Z,COLA,X,variation,channel,13181.509931784032,nT
2026-03-20T20:22:00.000Z,COLA,X,variation,channel,13198.657165172965,nT
2026-03-20T20:23:00.000Z,COLA,X,variation,channel,13191.93973364774,nT
2026-03-20T20:24:00.000Z,COLA,X,variation,channel,13179.588320749797,nT
2026-03-20T20:25:00.000Z,COLA,X,variation,channel,13171.744979612467,nT
2026-03-20T20:26:00.000Z,COLA,X,variation,channel,13172.8923179791,nT
2026-03-20T20:27:00.000Z,COLA,X,variation,channel,13187.619915453932,nT
2026-03-20T20:28:00.000Z,COLA,X,variation,channel,13181.604195618535,nT
2026-03-20T20:29:00.000Z,COLA,X,variation,channel,13160.96262246458,nT
2026-03-20T20:30:00.000Z,COLA,X,variation,channel,13144.834175424781,nT
2026-03-20T20:31:00.000Z,COLA,X,variation,channel,13146.768624470511,nT
2026-03-20T20:32:00.000Z,COLA,X,variation,channel,13156.142540619268,nT
2026-03-20T20:33:00.000Z,COLA,X,variation,channel,13160.339428466374,nT
2026-03-20T20:34:00.000Z,COLA,X,variation,channel,13167.33815318484,nT
2026-03-20T20:35:00.000Z,COLA,X,variation,channel,13157.419190179606,nT
2026-03-20T20:36:00.000Z,COLA,X,variation,channel,13143.41053495023,nT
2026-03-20T20:37:00.000Z,COLA,X,variation,channel,13142.216288407182,nT
2026-03-20T20:38:00.000Z,COLA,X,variation,channel,13147.977088051508,nT
2026-03-20T20:39:00.000Z,COLA,X,variation,channel,13154.836997634275,nT
2026-03-20T20:40:00.000Z,COLA,X,variation,channel,13144.88957238128,nT
2026-03-20T20:41:00.000Z,COLA,X,variation,channel,13174.35877324212,nT
2026-03-20T20:42:00.000Z,COLA,X,variation,channel,13193.822565805842,nT
2026-03-20T20:43:00.000Z,COLA,X,variation,channel,13225.310315435754,nT
2026-03-20T20:44:00.000Z,COLA,X,variation,channel,13178.297286832047,nT
2026-03-20T20:45:00.000Z,COLA,X,variation,channel,13169.367100935295,nT
2026-03-20T20:46:00.000Z,COLA,X,variation,channel,13176.471357293343,nT
2026-03-20T20:47:00.000Z,COLA,X,variation,channel,13175.78176329945,nT
2026-03-20T20:48:00.000Z,COLA,X,variation,channel,13174.527885364821,nT
2026-03-20T20:49:00.000Z,COLA,X,variation,channel,13171.542521201929,nT
2026-03-20T20:50:00.000Z,COLA,X,variation,channel,13175.947495265536,nT
2026-03-20T20:51:00.000Z,COLA,X,variation,channel,13186.51969873913,nT
2026-03-20T20:52:00.000Z,COLA,X,variation,channel,13181.849106361069,nT
2026-03-20T20:53:00.000Z,COLA,X,variation,channel,13193.457724179398,nT
2026-03-20T20:54:00.000Z,COLA,X,variation,channel,13228.315064574881,nT
2026-03-20T20:55:00.000Z,COLA,X,variation,channel,13222.014981943172,nT
2026-03-20T20:56:00.000Z,COLA,X,variation,channel,13165.256455569206,nT
2026-03-20T20:57:00.000Z,COLA,X,variation,channel,13118.725752432158,nT
2026-03-20T20:58:00.000Z,COLA,X,variation,channel,13058.727439837008,nT
2026-03-20T20:59:00.000Z,COLA,X,variation,channel,13014.008045162547,nT
2026-03-20T21:00:00.000Z,COLA,X,variation,channel,13048.503411195314,nT
2026-03-20T21:01:00.000Z,COLA,X,variation,channel,13062.499243628088,nT
2026-03-20T21:02:00.000Z,COLA,X,variation,channel,13061.033365205623,nT
2026-03-20T21:03:00.000Z,COLA,X,variation,channel,13048.646197132177,nT
2026-03-20T21:04:00.000Z,COLA,X,variation,channel,13051.780715362798,nT
2026-03-20T21:05:00.000Z,COLA,X,variation,channel,13028.662114372051,nT
2026-03-20T21:06:00.000Z,COLA,X,variation,channel,13006.18682139399,nT
2026-03-20T21:07:00.000Z,COLA,X,variation,channel,12969.615924325126,nT
2026-03-20T21:08:00.000Z,COLA,X,variation,channel,12954.21199381668,nT
2026-03-20T21:09:00.000Z,COLA,X,variation,channel,12958.295502342762,nT
2026-03-20T21:10:00.000Z,COLA,X,variation,channel,12965.149489179405,nT
2026-03-20T21:11:00.000Z,COLA,X,variation,channel,12986.624519588502,nT
2026-03-20T21:12:00.000Z,COLA,X,variation,channel,12992.383251720099,nT
2026-03-20T21:13:00.000Z,COLA,X,variation,channel,12992.136810376089,nT
2026-03-20T21:14:00.000Z,COLA,X,variation,channel,13016.295047467767,nT
2026-03-20T21:15:00.000Z,COLA,X,variation,channel,13029.505437270805,nT
2026-03-20T21:16:00.000Z,COLA,X,variation,channel,13000.253990011599,nT
2026-03-20T21:17:00.000Z,COLA,X,variation,channel,12977.490478777761,nT
2026-03-20T21:18:00.000Z,COLA,X,variation,channel,13046.593463604078,nT
2026-03-20T21:19:00.000Z,COLA,X,variation,channel,13108.948252204165,nT
2026-03-20T21:20:00.000Z,COLA,X,variation,channel,13113.670870277503,nT
2026-03-20T21:21:00.000Z,COLA,X,variation,channel,13106.321128875838,nT
2026-03-20T21:22:00.000Z,COLA,X,variation,channel,13066.323107222714,nT
2026-03-20T21:23:00.000Z,COLA,X,variation,channel,13041.03846815382,nT
2026-03-20T21:24:00.000Z,COLA,X,variation,channel,13015.961964241851,nT
2026-03-20T21:25:00.000Z,COLA,X,variation,channel,13044.054322994618,nT
2026-03-20T21:26:00.000Z,COLA,X,variation,channel,13012.090513059753,nT
2026-03-20T21:27:00.000Z,COLA,X,variation,channel,13020.38357636007,nT
2026-03-20T21:28:00.000Z,COLA,X,variation,channel,13051.850600553245,nT
2026-03-20T21:29:00.000Z,COLA,X,variation,channel,13078.968243159494,nT
2026-03-20T21:30:00.000Z,COLA,X,variation,channel,13097.219207608485,nT
2026-03-20T21:31:00.000Z,COLA,X,variation,channel,13111.995886385068,nT
2026-03-20T21:32:00.000Z,COLA,X,variation,channel,13110.944353155037,nT
2026-03-20T21:33:00.000Z,COLA,X,variation,channel,13067.811685922848,nT
2026-03-20T21:34:00.000Z,COLA,X,variation,channel,13108.433146073883,nT
2026-03-20T21:35:00.000Z,COLA,X,variation,channel,13132.99975090017,nT
2026-03-20T21:36:00.000Z,COLA,X,variation,channel,13145.08613806638,nT
2026-03-20T21:37:00.000Z,COLA,X,variation,channel,13130.387423951894,nT
2026-03-20T21:38:00.000Z,COLA,X,variation,channel,13100.970769006906,nT
2026-03-20T21:39:00.000Z,COLA,X,variation,channel,13110.537565038516,nT
2026-03-20T21:40:00.000Z,COLA,X,variation,channel,13112.055980518822,nT
2026-03-20T21:41:00.000Z,COLA,X,variation,channel,13128.27688029958,nT
2026-03-20T21:42:00.000Z,COLA,X,variation,channel,13152.102959327338,nT
2026-03-20T21:43:00.000Z,COLA,X,variation,channel,13165.708037013754,nT
2026-03-20T21:44:00.000Z,COLA,X,variation,channel,13163.312959144798,nT
2026-03-20T21:45:00.000Z,COLA,X,variation,channel,13166.75573371975,nT
2026-03-20T21:46:00.000Z,COLA,X,variation,channel,13168.819819886332,nT
2026-03-20T21:47:00.000Z,COLA,X,variation,channel,13192.804485651006,nT
2026-03-20T21:48:00.000Z,COLA,X,variation,channel,13215.145171513963,nT
2026-03-20T21:49:00.000Z,COLA,X,variation,channel,13193.441586271432,nT
2026-03-20T21:50:00.000Z,COLA,X,variation,channel,13172.069950572099,nT
2026-03-20T21:51:00.000Z,COLA,X,variation,channel,13164.318343309049,nT
2026-03-20T21:52:00.000Z,COLA,X,variation,channel,13168.739059770878,nT
2026-03-20T21:53:00.000Z,COLA,X,variation,channel,13169.002385606957,nT
2026-03-20T21:54:00.000Z,COLA,X,variation,channel,13182.217226645966,nT
2026-03-20T21:55:00.000Z,COLA,X,variation,channel,13167.26043676207,nT
2026-03-20T21:56:00.000Z,COLA,X,variation,channel,13138.497300603607,nT
2026-03-20T21:57:00.000Z,COLA,X,variation,channel,13129.300373383569,nT
2026-03-20T21:58:00.000Z,COLA,X,variation,channel,13126.217200388965,nT
2026-03-20T21:59:00.000Z,COLA,X,variation,channel,13122.637644957176,nT
2026-03-20T22:00:00.000Z,COLA,X,variation,channel,13124.075969250873,nT
2026-03-20T22:01:00.000Z,COLA,X,variation,channel,13091.616915508494,nT
2026-03-20T22:02:00.000Z,COLA,X,variation,channel,13053.696007906607,nT
2026-03-20T22:03:00.000Z,COLA,X,variation,channel,13016.875627059222,nT
2026-03-20T22:04:00.000Z,COLA,X,variation,channel,12980.364498532903,nT
2026-03-20T22:05:00.000Z,COLA,X,variation,channel,12983.232234264513,nT
2026-03-20T22:06:00.000Z,COLA,X,variation,channel,12965.303972013075,nT
2026-03-20T22:07:00.000Z,COLA,X,variation,channel,12970.085123888506,nT
2026-03-20T22:08:00.000Z,COLA,X,variation,channel,13009.285197152716,nT
2026-03-20T22:09:00.000Z,COLA,X,variation,channel,13088.934120699303,nT
2026-03-20T22:10:00.000Z,COLA,X,variation,channel,13149.690315752981,nT
2026-03-20T22:11:00.000Z,COLA,X,variation,channel,13134.356592532835,nT
2026-03-20T22:12:00.000Z,COLA,X,variation,channel,13091.257025621611,nT
2026-03-20T22:13:00.000Z,COLA,X,variation,channel,13081.038060543955,nT
2026-03-20T22:14:00.000Z,COLA,X,variation,channel,13119.094777240289,nT
2026-03-20T22:15:00.000Z,COLA,X,variation,channel,13143.732943297078,nT
2026-03-20T22:16:00.000Z,COLA,X,variation,channel,13144.360291226985,nT
2026-03-20T22:17:00.000Z,COLA,X,variation,channel,13076.608870203465,nT
2026-03-20T22:18:00.000Z,COLA,X,variation,channel,13010.36216323872,nT
2026-03-20T22:19:00.000Z,COLA,X,variation,channel,13043.740460879762,nT
2026-03-20T22:20:00.000Z,COLA,X,variation,channel,13106.275445781086,nT
2026-03-20T22:21:00.000Z,COLA,X,variation,channel,13135.402011850676,nT
2026-03-20T22:22:00.000Z,COLA,X,variation,channel,13088.82291182747,nT
2026-03-20T22:23:00.000Z,COLA,X,variation,channel,13056.898519266086,nT
2026-03-20T22:24:00.000Z,COLA,X,variation,channel,13072.18966047766,nT
2026-03-20T22:25:00.000Z,COLA,X,variation,channel,13157.718042786602,nT
2026-03-20T22:26:00.000Z,COLA,X,variation,channel,13183.52448847121,nT
2026-03-20T22:27:00.000Z,COLA,X,variation,channel,13169.617881799648,nT
2026-03-20T22:28:00.000Z,COLA,X,variation,channel,13162.793416509863,nT
2026-03-20T22:29:00.000Z,COLA,X,variation,channel,13169.124106687803,nT
2026-03-20T22:30:00.000Z,COLA,X,variation,channel,13190.959332031463,nT
2026-03-20T22:31:00.000Z,COLA,X,variation,channel,13182.550579749164,nT
2026-03-20T22:32:00.000Z,COLA,X,variation,channel,13150.684999689507,nT
2026-03-20T22:33:00.000Z,COLA,X,variation,channel,13130.885027004604,nT
2026-03-20T22:34:00.000Z,COLA,X,variation,channel,13135.78429253319,nT
2026-03-20T22:35:00.000Z,COLA,X,variation,channel,13177.622462800762,nT
2026-03-20T22:36:00.000Z,COLA,X,variation,channel,13192.093320514696,nT
2026-03-20T22:37:00.000Z,COLA,X,variation,channel,13212.673205692348,nT
2026-03-20T22:38:00.000Z,COLA,X,variation,channel,13217.949720087348,nT
2026-03-20T22:39:00.000Z,COLA,X,variation,channel,13222.012217660571,nT
2026-03-20T22:40:00.000Z,COLA,X,variation,channel,13236.664269368292,nT
2026-03-20T22:41:00.000Z,COLA,X,variation,channel,13228.575549176097,nT
2026-03-20T22:42:00.000Z,COLA,X,variation,channel,13235.079354213078,nT
2026-03-20T22:43:00.000Z,COLA,X,variation,channel,13232.675717423177,nT
2026-03-20T22:44:00.000Z,COLA,X,variation,channel,13193.527058224969,nT
2026-03-20T22:45:00.000Z,COLA,X,variation,channel,13167.885518348925,nT
2026-03-20T22:46:00.000Z,COLA,X,variation,channel,13166.579164462168,nT
2026-03-20T22:47:00.000Z,COLA,X,variation,channel,13167.917918342273,nT
2026-03-20T22:48:00.000Z,COLA,X,variation,channel,13137.004256460017,nT
2026-03-20T22:49:00.000Z,COLA,X,variation,channel,13118.594362208913,nT
2026-03-20T22:50:00.000Z,COLA,X,variation,channel,13105.240920357961,nT
2026-03-20T22:51:00.000Z,COLA,X,variation,channel,13109.244675459895,nT
2026-03-20T22:52:00.000Z,COLA,X,variation,channel,13127.428924769603,nT
2026-03-20T22:53:00.000Z,COLA,X,variation,channel,13126.936854258798,nT
2026-03-20T22:54:00.000Z,COLA,X,variation,channel,13113.599302523657,nT
2026-03-20T22:55:00.000Z,COLA,X,variation,channel,13099.221400840728,nT
2026-03-20T22:56:00.000Z,COLA,X,variation,channel,13098.270942299685,nT
2026-03-20T22:57:00.000Z,COLA,X,variation,channel,13115.52995172319,nT
2026-03-20T22:58:00.000Z,COLA,X,variation,channel,13136.797712518963,nT
2026-03-20T22:59:00.000Z,COLA,X,variation,channel,13146.285133350866,nT
2026-03-20T23:00:00.000Z,COLA,X,variation,channel,13149.41790765406,nT
2026-03-20T23:01:00.000Z,COLA,X,variation,channel,13146.434330236743,nT
2026-03-20T23:02:00.000Z,COLA,X,variation,channel,13132.256983049465,nT
2026-03-20T23:03:00.000Z,COLA,X,variation,channel,13128.00344190534,nT
2026-03-20T23:04:00.000Z,COLA,X,variation,channel,13135.096176868892,nT
2026-03-20T23:05:00.000Z,COLA,X,variation,channel,13124.915385306376,nT
2026-03-20T23:06:00.000Z,COLA,X,variation,channel,13131.441508131174,nT
2026-03-20T23:07:00.000Z,COLA,X,variation,channel,13172.492495011953,nT
2026-03-20T23:08:00.000Z,COLA,X,variation,channel,13158.336341954799,nT
2026-03-20T23:09:00.000Z,COLA,X,variation,channel,13122.746756051265,nT
2026-03-20T23:10:00.000Z,COLA,X,variation,channel,13123.445980254686,nT
2026-03-20T23:11:00.000Z,COLA,X,variation,channel,13137.313671989672,nT
2026-03-20T23:12:00.000Z,COLA,X,variation,channel,13150.608064335793,nT
2026-03-20T23:13:00.000Z,COLA,X,variation,channel,13147.378026409742,nT
2026-03-20T23:14:00.000Z,COLA,X,variation,channel,13124.113403913798,nT
2026-03-20T23:15:00.000Z,COLA,X,variation,channel,13084.372708430796,nT
2026-03-20T23:16:00.000Z,COLA,X,variation,channel,13109.122155625275,nT
2026-03-20T23:17:00.000Z,COLA,X,variation,channel,13141.90475034245,nT
2026-03-20T23:18:00.000Z,COLA,X,variation,channel,13129.44768955969,nT
2026-03-20T23:19:00.000Z,COLA,X,variation,channel,13128.646586244511,nT
2026-03-20T23:20:00.000Z,COLA,X,variation,channel,13133.691158689291,nT
2026-03-20T23:21:00.000Z,COLA,X,variation,channel,13113.647620826392,nT
2026-03-20T23:22:00.000Z,COLA,X,variation,channel,13112.713437142118,nT
2026-03-20T23:23:00.000Z,COLA,X,variation,channel,13111.936704353257,nT
2026-03-20T23:24:00.000Z,COLA,X,variation,channel,13155.972096104017,nT
2026-03-20T23:25:00.000Z,COLA,X,variation,channel,13165.455654434883,nT
2026-03-20T23:26:00.000Z,COLA,X,variation,channel,13178.822520489317,nT
2026-03-20T23:27:00.000Z,COLA,X,variation,channel,13207.312639621214,nT
2026-03-20T23:28:00.000Z,COLA,X,variation,channel,13226.48241872167,nT
2026-03-20T23:29:00.000Z,COLA,X,variation,channel,13215.702931265467,nT
2026-03-20T23:30:00.000Z,COLA,X,variation,channel,13178.12725879785,nT
2026-03-20T23:31:00.000Z,COLA,X,variation,channel,13202.56003820276,nT
2026-03-20T23:32:00.000Z,COLA,X,variation,channel,13215.324409508825,nT
2026-03-20T23:33:00.000Z,COLA,X,variation,channel,13213.774047956415,nT
2026-03-20T23:34:00.000Z,COLA,X,variation,channel,13185.819976078199,nT
2026-03-20T23:35:00.000Z,COLA,X,variation,channel,13171.90152952975,nT
2026-03-20T23:36:00.000Z,COLA,X,variation,channel,13185.631726222478,nT
2026-03-20T23:37:00.000Z,COLA,X,variation,channel,13192.393842449434,nT
2026-03-20T23:38:00.000Z,COLA,X,variation,channel,13181.634146945074,nT
2026-03-20T23:39:00.000Z,COLA,X,variation,channel,13171.728865737061,nT
2026-03-20T23:40:00.000Z,COLA,X,variation,channel,13177.211666408615,nT
2026-03-20T23:41:00.000Z,COLA,X,variation,channel,13190.380957503849,nT
2026-03-20T23:42:00.000Z,COLA,X,variation,channel,13213.336985853342,nT
2026-03-20T23:43:00.000Z,COLA,X,variation,channel,13226.521059043142,nT
2026-03-20T23:44:00.000Z,COLA,X,variation,channel,13234.849904484778,nT
2026-03-20T23:45:00.000Z,COLA,X,variation,channel,13219.985540624264,nT
2026-03-20T23:46:00.000Z,COLA,X,variation,channel,13242.43766420045,nT
2026-03-20T23:47:00.000Z,COLA,X,variation,channel,13248.074090383687,nT
2026-03-20T23:48:00.000Z,COLA,X,variation,channel,13256.781575078527,nT
2026-03-20T23:49:00.000Z,COLA,X,variation,channel,13241.627716038707,nT
2026-03-20T23:50:00.000Z,COLA,X,variation,channel,13245.825797638789,nT
2026-03-20T23:51:00.000Z,COLA,X,variation,channel,13238.941033240264,nT
2026-03-20T23:52:00.000Z,COLA,X,variation,channel,13213.082906197347,nT
2026-03-20T23:53:00.000Z,COLA,X,variation,channel,13197.035659563564,nT
2026-03-20T23:54:00.000Z,COLA,X,variation,channel,13203.714516941329,nT
2026-03-20T23:55:00.000Z,COLA,X,variation,channel,13205.844924516403,nT
2026-03-20T23:56:00.000Z,COLA,X,variation,channel,13192.912413937136,nT
2026-03-20T23:57:00.000Z,COLA,X,variation,channel,13186.382715315694,nT
2026-03-20T23:58:00.000Z,COLA,X,variation,channel,13197.473068997908,nT
2026-03-20T23:59:00.000Z,COLA,X,variation,channel,13225.838482312407,nT
2026-03-21T00:00:00.000Z,COLA,X,variation,channel,13236.553594838195,nT
2026-03-21T00:01:00.000Z,COLA,X,variation,channel,13233.535910651235,nT
2026-03-21T00:02:00.000Z,COLA,X,variation,channel,13213.88462162213,nT
2026-03-21T00:03:00.000Z,COLA,X,variation,channel,13187.156128333289,nT
2026-03-21T00:04:00.000Z,COLA,X,variation,channel,13201.737441801566,nT
2026-03-21T00:05:00.000Z,COLA,X,variation,channel,13221.48625532521,nT
2026-03-21T00:06:00.000Z,COLA,X,variation,channel,13227.396634526245,nT
2026-03-21T00:07:00.000Z,COLA,X,variation,channel,13221.391531442965,nT
2026-03-21T00:08:00.000Z,COLA,X,variation,channel,13206.326951382973,nT
2026-03-21T00:09:00.000Z,COLA,X,variation,channel,13208.222054551576,nT
2026-03-21T00:10:00.000Z,COLA,X,variation,channel,13220.090144425594,nT
2026-03-21T00:11:00.000Z,COLA,X,variation,channel,13222.71657025855,nT
2026-03-21T00:12:00.000Z,COLA,X,variation,channel,13242.457496386389,nT
2026-03-21T00:13:00.000Z,COLA,X,variation,channel,13223.019422030713,nT
2026-03-21T00:14:00.000Z,COLA,X,variation,channel,13204.92677639995,nT
2026-03-21T00:15:00.000Z,COLA,X,variation,channel,13211.437554944974,nT
2026-03-21T00:16:00.000Z,COLA,X,variation,channel,13222.56353783673,nT
2026-03-21T00:17:00.000Z,COLA,X,variation,channel,13223.083683764286,nT
2026-03-21T00:18:00.000Z,COLA,X,variation,channel,13212.184185600183,nT
2026-03-21T00:19:00.000Z,COLA,X,variation,channel,13258.14249664944,nT
2026-03-21T00:20:00.000Z,COLA,X,variation,channel,13316.79858422227,nT
2026-03-21T00:21:00.000Z,COLA,X,variation,channel,13311.632639228143,nT
2026-03-21T00:22:00.000Z,COLA,X,variation,channel,13304.16365639668,nT
2026-03-21T00:23:00.000Z,COLA,X,variation,channel,13301.437130026085,nT
2026-03-21T00:24:00.000Z,COLA,X,variation,channel,13305.211554637226,nT
2026-03-21T00:25:00.000Z,COLA,X,variation,channel,13300.542438042425,nT
2026-03-21T00:26:00.000Z,COLA,X,variation,channel,13312.636063732203,nT
2026-03-21T00:27:00.000Z,COLA,X,variation,channel,13327.22067675927,nT
2026-03-21T00:28:00.000Z,COLA,X,variation,channel,13327.967273129809,nT
2026-03-21T00:29:00.000Z,COLA,X,variation,channel,13326.57145453193,nT
2026-03-21T00:30:00.000Z,COLA,X,variation,channel,13327.24067105415,nT
2026-03-21T00:31:00.000Z,COLA,X,variation,channel,13337.386757805913,nT
2026-03-21T00:32:00.000Z,COLA,X,variation,channel,13341.723399712362,nT
2026-03-21T00:33:00.000Z,COLA,X,variation,channel,13367.60771330382,nT
2026-03-21T00:34:00.000Z,COLA,X,variation,channel,13384.777895341706,nT
2026-03-21T00:35:00.000Z,COLA,X,variation,channel,13388.649704665015,nT
2026-03-21T00:36:00.000Z,COLA,X,variation,channel,13406.63393706296,nT
2026-03-21T00:37:00.000Z,COLA,X,variation,channel,13402.595527243948,nT
2026-03-21T00:38:00.000Z,COLA,X,variation,channel,13360.800425138537,nT
2026-03-21T00:39:00.000Z,COLA,X,variation,channel,13266.875609221292,nT
2026-03-21T00:40:00.000Z,COLA,X,variation,channel,13250.998121452534,nT
2026-03-21T00:41:00.000Z,COLA,X,variation,channel,13284.52431179991,nT
2026-03-21T00:42:00.000Z,COLA,X,variation,channel,13324.489109879536,nT
2026-03-21T00:43:00.000Z,COLA,X,variation,channel,13370.58684719494,nT
2026-03-21T00:44:00.000Z,COLA,X,variation,channel,13381.854274549887,nT
2026-03-21T00:45:00.000Z,COLA,X,variation,channel,13371.607609723013,nT
2026-03-21T00:46:00.000Z,COLA,X,variation,channel,13366.866567464382,nT
2026-03-21T00:47:00.000Z,COLA,X,variation,channel,13386.65737142764,nT
2026-03-21T00:48:00.000Z,COLA,X,variation,channel,13376.641681294042,nT
2026-03-21T00:49:00.000Z,COLA,X,variation,channel,13361.533134778203,nT
2026-03-21T00:50:00.000Z,COLA,X,variation,channel,13355.241148211955,nT
2026-03-21T00:51:00.000Z,COLA,X,variation,channel,13348.331204608581,nT
2026-03-21T00:52:00.000Z,COLA,X,variation,channel,13333.790260780774,nT
2026-03-21T00:53:00.000Z,COLA,X,variation,channel,13344.8207866167,nT
2026-03-21T00:54:00.000Z,COLA,X,variation,channel,13365.679833389522,nT
2026-03-21T00:55:00.000Z,COLA,X,variation,channel,13369.375218465739,nT
2026-03-21T00:56:00.000Z,COLA,X,variation,channel,13368.15058151988,nT
2026-03-21T00:57:00.000Z,COLA,X,variation,channel,13366.22973236802,nT
2026-03-21T00:58:00.000Z,COLA,X,variation,channel,13356.042141124915,nT
2026-03-21T00:59:00.000Z,COLA,X,variation,channel,13324.82656256759,nT
2026-03-21T01:00:00.000Z,COLA,X,variation,channel,13315.097134119369,nT
2026-03-21T01:01:00.000Z,COLA,X,variation,channel,13301.944587498096,nT
2026-03-21T01:02:00.000Z,COLA,X,variation,channel,13305.244142356658,nT
2026-03-21T01:03:00.000Z,COLA,X,variation,channel,13325.271347861222,nT
2026-03-21T01:04:00.000Z,COLA,X,variation,channel,13338.279544095403,nT
2026-03-21T01:05:00.000Z,COLA,X,variation,channel,13356.492791681885,nT
2026-03-21T01:06:00.000Z,COLA,X,variation,channel,13380.48146104869,nT
2026-03-21T01:07:00.000Z,COLA,X,variation,channel,13406.06282898024,nT
2026-03-21T01:08:00.000Z,COLA,X,variation,channel,13408.018046990748,nT
2026-03-21T01:09:00.000Z,COLA,X,variation,channel,13410.932427477319,nT
2026-03-21T01:10:00.000Z,COLA,X,variation,channel,13406.41069495961,nT
2026-03-21T01:11:00.000Z,COLA,X,variation,channel,13409.833210338462,nT
2026-03-21T01:12:00.000Z,COLA,X,variation,channel,13428.906146474297,nT
2026-03-21T01:13:00.000Z,COLA,X,variation,channel,13428.993151117065,nT
2026-03-21T01:14:00.000Z,COLA,X,variation,channel,13404.16192501582,nT
2026-03-21T01:15:00.000Z,COLA,X,variation,channel,13406.150374800589,nT
2026-03-21T01:16:00.000Z,COLA,X,variation,channel,13391.778088237383,nT
2026-03-21T01:17:00.000Z,COLA,X,variation,channel,13388.696550374845,nT
2026-03-21T01:18:00.000Z,COLA,X,variation,channel,13389.256009095749,nT
2026-03-21T01:19:00.000Z,COLA,X,variation,channel,13401.22750535003,nT
2026-03-21T01:20:00.000Z,COLA,X,variation,channel,13379.902826494957,nT
2026-03-21T01:21:00.000Z,COLA,X,variation,channel,13365.26034440263,nT
2026-03-21T01:22:00.000Z,COLA,X,variation,channel,13391.701632756613,nT
2026-03-21T01:23:00.000Z,COLA,X,variation,channel,13350.790147724862,nT
2026-03-21T01:24:00.000Z,COLA,X,variation,channel,13385.090149501573,nT
2026-03-21T01:25:00.000Z,COLA,X,variation,channel,13441.773341951346,nT
2026-03-21T01:26:00.000Z,COLA,X,variation,channel,13407.85067272034,nT
2026-03-21T01:27:00.000Z,COLA,X,variation,channel,13387.534128722524,nT
2026-03-21T01:28:00.000Z,COLA,X,variation,channel,13409.118404791088,nT
2026-03-21T01:29:00.000Z,COLA,X,variation,channel,13459.603022298958,nT
2026-03-21T01:30:00.000Z,COLA,X,variation,channel,13437.790860714113,nT
2026-03-21T01:31:00.000Z,COLA,X,variation,channel,13405.243379129719,nT
2026-03-21T01:32:00.000Z,COLA,X,variation,channel,13371.966569780121,nT
2026-03-21T01:33:00.000Z,COLA,X,variation,channel,13366.706605281799,nT
2026-03-21T01:34:00.000Z,COLA,X,variation,channel,13364.496407942292,nT
2026-03-21T01:35:00.000Z,COLA,X,variation,channel,13337.222458494723,nT
2026-03-21T01:36:00.000Z,COLA,X,variation,channel,13318.796070852588,nT
2026-03-21T01:37:00.000Z,COLA,X,variation,channel,13286.034899132048,nT
2026-03-21T01:38:00.000Z,COLA,X,variation,channel,13232.456451857428,nT
2026-03-21T01:39:00.000Z,COLA,X,variation,channel,13263.564382417087,nT
2026-03-21T01:40:00.000Z,COLA,X,variation,channel,13298.659073307701,nT
2026-03-21T01:41:00.000Z,COLA,X,variation,channel,13269.763744886262,nT
2026-03-21T01:42:00.000Z,COLA,X,variation,channel,13230.729658494585,nT
2026-03-21T01:43:00.000Z,COLA,X,variation,channel,13198.528588707723,nT
2026-03-21T01:44:00.000Z,COLA,X,variation,channel,13197.438511051892,nT
2026-03-21T01:45:00.000Z,COLA,X,variation,channel,13194.084209309152,nT
2026-03-21T01:46:00.000Z,COLA,X,variation,channel,13206.74821101051,nT
2026-03-21T01:47:00.000Z,COLA,X,variation,channel,13226.778644811766,nT
2026-03-21T01:48:00.000Z,COLA,X,variation,channel,13240.521114799962,nT
2026-03-21T01:49:00.000Z,COLA,X,variation,channel,13247.772368580816,nT
2026-03-21T01:50:00.000Z,COLA,X,variation,channel,13269.762384527743,nT
2026-03-21T01:51:00.000Z,COLA,X,variation,channel,13309.218535301325,nT
2026-03-21T01:52:00.000Z,COLA,X,variation,channel,13292.980373040227,nT
2026-03-21T01:53:00.000Z,COLA,X,variation,channel,13252.948425478655,nT
2026-03-21T01:54:00.000Z,COLA,X,variation,channel,13260.690059085975,nT
2026-03-21T01:55:00.000Z,COLA,X,variation,channel,13267.269356750252,nT
2026-03-21T01:56:00.000Z,COLA,X,variation,channel,13324.443657591248,nT
2026-03-21T01:57:00.000Z,COLA,X,variation,channel,13406.073005680912,nT
2026-03-21T01:58:00.000Z,COLA,X,variation,channel,13428.430705460585,nT
2026-03-21T01:59:00.000Z,COLA,X,variation,channel,13406.83138056983,nT
2026-03-21T02:00:00.000Z,COLA,X,variation,channel,13371.3061886413,nT
2026-03-21T02:01:00.000Z,COLA,X,variation,channel,13373.68780460891,nT
2026-03-21T02:02:00.000Z,COLA,X,variation,channel,13397.255674103484,nT
2026-03-21T02:03:00.000Z,COLA,X,variation,channel,13418.48578783612,nT
2026-03-21T02:04:00.000Z,COLA,X,variation,channel,13415.457894470075,nT
2026-03-21T02:05:00.000Z,COLA,X,variation,channel,13426.36546742439,nT
2026-03-21T02:06:00.000Z,COLA,X,variation,channel,13415.767788234418,nT
2026-03-21T02:07:00.000Z,COLA,X,variation,channel,13374.314874489788,nT
2026-03-21T02:08:00.000Z,COLA,X,variation,channel,13360.752488349808,nT
2026-03-21T02:09:00.000Z,COLA,X,variation,channel,13341.264672244382,nT
2026-03-21T02:10:00.000Z,COLA,X,variation,channel,13324.797237032233,nT
2026-03-21T02:11:00.000Z,COLA,X,variation,channel,13325.046982300004,nT
2026-03-21T02:12:00.000Z,COLA,X,variation,channel,13357.316124948891,nT
2026-03-21T02:13:00.000Z,COLA,X,variation,channel,13373.601105848835,nT
2026-03-21T02:14:00.000Z,COLA,X,variation,channel,13376.42581430512,nT
2026-03-21T02:15:00.000Z,COLA,X,variation,channel,13361.579648940015,nT
2026-03-21T02:16:00.000Z,COLA,X,variation,channel,13347.686790096564,nT
2026-03-21T02:17:00.000Z,COLA,X,variation,channel,13332.527540565648,nT
2026-03-21T02:18:00.000Z,COLA,X,variation,channel,13314.987714964209,nT
2026-03-21T02:19:00.000Z,COLA,X,variation,channel,13302.582959567035,nT
2026-03-21T02:20:00.000Z,COLA,X,variation,channel,13290.43658466576,nT
2026-03-21T02:21:00.000Z,COLA,X,variation,channel,13299.815739795946,nT
2026-03-21T02:22:00.000Z,COLA,X,variation,channel,13293.444926256274,nT
2026-03-21T02:23:00.000Z,COLA,X,variation,channel,13288.44215701795,nT
2026-03-21T02:24:00.000Z,COLA,X,variation,channel,13275.320019513822,nT
2026-03-21T02:25:00.000Z,COLA,X,variation,channel,13271.766791755448,nT
2026-03-21T02:26:00.000Z,COLA,X,variation,channel,13275.27659587736,nT
2026-03-21T02:27:00.000Z,COLA,X,variation,channel,13271.643680771936,nT
2026-03-21T02:28:00.000Z,COLA,X,variation,channel,13286.558011041801,nT
2026-03-21T02:29:00.000Z,COLA,X,variation,channel,13298.706456448786,nT
2026-03-21T02:30:00.000Z,COLA,X,variation,channel,13303.510311806718,nT
2026-03-21T02:31:00.000Z,COLA,X,variation,channel,13303.010204285554,nT
2026-03-21T02:32:00.000Z,COLA,X,variation,channel,13296.037534634383,nT
2026-03-21T02:33:00.000Z,COLA,X,variation,channel,13299.075879478243,nT
2026-03-21T02:34:00.000Z,COLA,X,variation,channel,13273.38652450438,nT
2026-03-21T02:35:00.000Z,COLA,X,variation,channel,13220.53036821624,nT
2026-03-21T02:36:00.000Z,COLA,X,variation,channel,13202.938250653264,nT
2026-03-21T02:37:00.000Z,COLA,X,variation,channel,13195.107393086551,nT
2026-03-21T02:38:00.000Z,COLA,X,variation,channel,13195.843182306919,nT
2026-03-21T02:39:00.000Z,COLA,X,variation,channel,13220.073288257347,nT
2026-03-21T02:40:00.000Z,COLA,X,variation,channel,13228.38875212944,nT
2026-03-21T02:41:00.000Z,COLA,X,variation,channel,13228.881045715289,nT
2026-03-21T02:42:00.000Z,COLA,X,variation,channel,13216.898002095304,nT
2026-03-21T02:43:00.000Z,COLA,X,variation,channel,13212.203846038114,nT
2026-03-21T02:44:00.000Z,COLA,X,variation,channel,13212.892535832583,nT
2026-03-21T02:45:00.000Z,COLA,X,variation,channel,13220.496940092236,nT
2026-03-21T02:46:00.000Z,COLA,X,variation,channel,13259.090183090715,nT
2026-03-21T02:47:00.000Z,COLA,X,variation,channel,13308.473136559223,nT
2026-03-21T02:48:00.000Z,COLA,X,variation,channel,13318.392677871852,nT
2026-03-21T02:49:00.000Z,COLA,X,variation,channel,13288.43325664697,nT
2026-03-21T02:50:00.000Z,COLA,X,variation,channel,13264.818568799488,nT
2026-03-21T02:51:00.000Z,COLA,X,variation,channel,13232.690102617773,nT
2026-03-21T02:52:00.000Z,COLA,X,variation,channel,13229.289358220392,nT
2026-03-21T02:53:00.000Z,COLA,X,variation,channel,13250.002606913691,nT
2026-03-21T02:54:00.000Z,COLA,X,variation,channel,13270.225536853515,nT
2026-03-21T02:55:00.000Z,COLA,X,variation,channel,13280.49307759063,nT
2026-03-21T02:56:00.000Z,COLA,X,variation,channel,13284.263816043436,nT
2026-03-21T02:57:00.000Z,COLA,X,variation,channel,13288.960670428274,nT
2026-03-21T02:58:00.000Z,COLA,X,variation,channel,13335.701408165283,nT
2026-03-21T02:59:00.000Z,COLA,X,variation,channel,13362.252019006939,nT
2026-03-21T03:00:00.000Z,COLA,X,variation,channel,13377.549122680437,nT
2026-03-21T03:01:00.000Z,COLA,X,variation,channel,13401.505061222177,nT
2026-03-21T03:02:00.000Z,COLA,X,variation,channel,13403.395775091383,nT
2026-03-21T03:03:00.000Z,COLA,X,variation,channel,13376.553457858647,nT
2026-03-21T03:04:00.000Z,COLA,X,variation,channel,13356.308806326393,nT
2026-03-21T03:05:00.000Z,COLA,X,variation,channel,13335.218499169703,nT
2026-03-21T03:06:00.000Z,COLA,X,variation,channel,13331.226477852719,nT
2026-03-21T03:07:00.000Z,COLA,X,variation,channel,13345.927808997545,nT
2026-03-21T03:08:00.000Z,COLA,X,variation,channel,13340.359499861688,nT
2026-03-21T03:09:00.000Z,COLA,X,variation,channel,13293.187487790508,nT
2026-03-21T03:10:00.000Z,COLA,X,variation,channel,13281.380359715966,nT
2026-03-21T03:11:00.000Z,COLA,X,variation,channel,13292.579563549161,nT
2026-03-21T03:12:00.000Z,COLA,X,variation,channel,13305.44112711671,nT
2026-03-21T03:13:00.000Z,COLA,X,variation,channel,13358.421512427814,nT
2026-03-21T03:14:00.000Z,COLA,X,variation,channel,13358.804965428346,nT
2026-03-21T03:15:00.000Z,COLA,X,variation,channel,13224.170840596302,nT
2026-03-21T03:16:00.000Z,COLA,X,variation,channel,13127.357525182853,nT
2026-03-21T03:17:00.000Z,COLA,X,variation,channel,13082.291298739003,nT
2026-03-21T03:18:00.000Z,COLA,X,variation,channel,13095.925458884418,nT
2026-03-21T03:19:00.000Z,COLA,X,variation,channel,13135.661225153231,nT
2026-03-21T03:20:00.000Z,COLA,X,variation,channel,13185.340668133596,nT
2026-03-21T03:21:00.000Z,COLA,X,variation,channel,13212.406015090506,nT
2026-03-21T03:22:00.000Z,COLA,X,variation,channel,13216.832007083582,nT
2026-03-21T03:23:00.000Z,COLA,X,variation,channel,13208.21651370622,nT
2026-03-21T03:24:00.000Z,COLA,X,variation,channel,13178.879829351969,nT
2026-03-21T03:25:00.000Z,COLA,X,variation,channel,13171.914854128092,nT
2026-03-21T03:26:00.000Z,COLA,X,variation,channel,13168.689768336671,nT
2026-03-21T03:27:00.000Z,COLA,X,variation,channel,13162.63392498784,nT
2026-03-21T03:28:00.000Z,COLA,X,variation,channel,13175.814505703802,nT
2026-03-21T03:29:00.000Z,COLA,X,variation,channel,13206.883776539291,nT
2026-03-21T03:30:00.000Z,COLA,X,variation,channel,13251.352034413,nT
2026-03-21T03:31:00.000Z,COLA,X,variation,channel,13278.430311833123,nT
2026-03-21T03:32:00.000Z,COLA,X,variation,channel,13279.400121597222,nT
2026-03-21T03:33:00.000Z,COLA,X,variation,channel,13266.353637160184,nT
2026-03-21T03:34:00.000Z,COLA,X,variation,channel,13275.269294697964,nT
2026-03-21T03:35:00.000Z,COLA,X,variation,channel,13280.630141145359,nT
2026-03-21T03:36:00.000Z,COLA,X,variation,channel,13313.198008816282,nT
2026-03-21T03:37:00.000Z,COLA,X,variation,channel,13352.455410951388,nT
2026-03-21T03:38:00.000Z,COLA,X,variation,channel,13370.412181569038,nT
2026-03-21T03:39:00.000Z,COLA,X,variation,channel,13366.819916263657,nT
2026-03-21T03:40:00.000Z,COLA,X,variation,channel,13391.743129982411,nT
2026-03-21T03:41:00.000Z,COLA,X,variation,channel,13428.515322254625,nT
2026-03-21T03:42:00.000Z,COLA,X,variation,channel,13476.299350145118,nT
2026-03-21T03:43:00.000Z,COLA,X,variation,channel,13500.576927775852,nT
2026-03-21T03:44:00.000Z,COLA,X,variation,channel,13498.99162749156,nT
2026-03-21T03:45:00.000Z,COLA,X,variation,channel,13481.49146909169,nT
2026-03-21T03:46:00.000Z,COLA,X,variation,channel,13422.898724276729,nT
2026-03-21T03:47:00.000Z,COLA,X,variation,channel,13373.365724590936,nT
2026-03-21T03:48:00.000Z,COLA,X,variation,channel,13364.798470234233,nT
2026-03-21T03:49:00.000Z,COLA,X,variation,channel,13379.391697849438,nT
2026-03-21T03:50:00.000Z,COLA,X,variation,channel,13370.296416858118,nT
2026-03-21T03:51:00.000Z,COLA,X,variation,channel,13360.721770855922,nT
2026-03-21T03:52:00.000Z,COLA,X,variation,channel,13357.438321488944,nT
2026-03-21T03:53:00.000Z,COLA,X,variation,channel,13368.45525715998,nT
2026-03-21T03:54:00.000Z,COLA,X,variation,channel,13365.683945084409,nT
2026-03-21T03:55:00.000Z,COLA,X,variation,channel,13364.41498922675,nT
2026-03-21T03:56:00.000Z,COLA,X,variation,channel,13354.37959447205,nT
2026-03-21T03:57:00.000Z,COLA,X,variation,channel,13328.817890192047,nT
2026-03-21T03:58:00.000Z,COLA,X,variation,channel,13331.770146802515,nT
2026-03-21T03:59:00.000Z,COLA,X,variation,channel,13341.545463867962,nT
2026-03-21T04:00:00.000Z,COLA,X,variation,channel,13346.31001503429,nT
2026-03-21T04:01:00.000Z,COLA,X,variation,channel,13333.075171395236,nT
2026-03-21T04:02:00.000Z,COLA,X,variation,channel,13322.538727337964,nT
2026-03-21T04:03:00.000Z,COLA,X,variation,channel,13321.92928816213,nT
2026-03-21T04:04:00.000Z,COLA,X,variation,channel,13331.827817112362,nT
2026-03-21T04:05:00.000Z,COLA,X,variation,channel,13347.326959978987,nT
2026-03-21T04:06:00.000Z,COLA,X,variation,channel,13363.977382374342,nT
2026-03-21T04:07:00.000Z,COLA,X,variation,channel,13389.525994538204,nT
2026-03-21T04:08:00.000Z,COLA,X,variation,channel,13377.174291559462,nT
2026-03-21T04:09:00.000Z,COLA,X,variation,channel,13372.50340059504,nT
2026-03-21T04:10:00.000Z,COLA,X,variation,channel,13363.009358329757,nT
2026-03-21T04:11:00.000Z,COLA,X,variation,channel,13356.16087623311,nT
2026-03-21T04:12:00.000Z,COLA,X,variation,channel,13354.26686499037,nT
2026-03-21T04:13:00.000Z,COLA,X,variation,channel,13369.475360877363,nT
2026-03-21T04:14:00.000Z,COLA,X,variation,channel,13379.273397055744,nT
2026-03-21T04:15:00.000Z,COLA,X,variation,channel,13372.579819476348,nT
2026-03-21T04:16:00.000Z,COLA,X,variation,channel,13362.737340779026,nT
2026-03-21T04:17:00.000Z,COLA,X,variation,channel,13376.210991010166,nT
2026-03-21T04:18:00.000Z,COLA,X,variation,channel,13385.127002167306,nT
2026-03-21T04:19:00.000Z,COLA,X,variation,channel,13343.68420683143,nT
2026-03-21T04:20:00.000Z,COLA,X,variation,channel,13319.299730814811,nT
2026-03-21T04:21:00.000Z,COLA,X,variation,channel,13307.954244257378,nT
2026-03-21T04:22:00.000Z,COLA,X,variation,channel,13315.19545665925,nT
2026-03-21T04:23:00.000Z,COLA,X,variation,channel,13321.976260870239,nT
2026-03-21T04:24:00.000Z,COLA,X,variation,channel,13311.003258723573,nT
2026-03-21T04:25:00.000Z,COLA,X,variation,channel,13302.383818531996,nT
2026-03-21T04:26:00.000Z,COLA,X,variation,channel,13319.601901916847,nT
2026-03-21T04:27:00.000Z,COLA,X,variation,channel,13338.012411520342,nT
2026-03-21T04:28:00.000Z,COLA,X,variation,channel,13351.77300020934,nT
2026-03-21T04:29:00.000Z,COLA,X,variation,channel,13385.06659296446,nT
2026-03-21T04:30:00.000Z,COLA,X,variation,channel,13351.985138010325,nT
2026-03-21T04:31:00.000Z,COLA,X,variation,channel,13317.91081942575,nT
2026-03-21T04:32:00.000Z,COLA,X,variation,channel,13289.26907229916,nT
2026-03-21T04:33:00.000Z,COLA,X,variation,channel,13268.127215833369,nT
2026-03-21T04:34:00.000Z,COLA,X,variation,channel,13267.395130140605,nT
2026-03-21T04:35:00.000Z,COLA,X,variation,channel,13281.511422805735,nT
2026-03-21T04:36:00.000Z,COLA,X,variation,channel,13305.525352480205,nT
2026-03-21T04:37:00.000Z,COLA,X,variation,channel,13314.324192005206,nT
2026-03-21T04:38:00.000Z,COLA,X,variation,channel,13313.147461069892,nT
2026-03-21T04:39:00.000Z,COLA,X,variation,channel,13315.305714905548,nT
2026-03-21T04:40:00.000Z,COLA,X,variation,channel,13324.274838302626,nT
2026-03-21T04:41:00.000Z,COLA,X,variation,channel,13331.209626003472,nT
2026-03-21T04:42:00.000Z,COLA,X,variation,channel,13332.158786371738,nT
2026-03-21T04:43:00.000Z,COLA,X,variation,channel,13319.178213578447,nT
2026-03-21T04:44:00.000Z,COLA,X,variation,channel,13303.748323668871,nT
2026-03-21T04:45:00.000Z,COLA,X,variation,channel,13294.381066771737,nT
2026-03-21T04:46:00.000Z,COLA,X,variation,channel,13285.645557299675,nT
2026-03-21T04:47:00.000Z,COLA,X,variation,channel,13291.087542977499,nT
2026-03-21T04:48:00.000Z,COLA,X,variation,channel,13298.505230221683,nT
2026-03-21T04:49:00.000Z,COLA,X,variation,channel,13311.236447769732,nT
2026-03-21T04:50:00.000Z,COLA,X,variation,channel,13324.318838784244,nT
2026-03-21T04:51:00.000Z,COLA,X,variation,channel,13349.042934440073,nT
2026-03-21T04:52:00.000Z,COLA,X,variation,channel,13377.041558684488,nT
2026-03-21T04:53:00.000Z,COLA,X,variation,channel,13405.127495812128,nT
2026-03-21T04:54:00.000Z,COLA,X,variation,channel,13415.572605406063,nT
2026-03-21T04:55:00.000Z,COLA,X,variation,channel,13412.246759429594,nT
2026-03-21T04:56:00.000Z,COLA,X,variation,channel,13395.467517758523,nT
2026-03-21T04:57:00.000Z,COLA,X,variation,channel,13405.507909172089,nT
2026-03-21T04:58:00.000Z,COLA,X,variation,channel,13401.948803749341,nT
2026-03-21T04:59:00.000Z,COLA,X,variation,channel,13357.379539278287,nT
2026-03-21T05:00:00.000Z,COLA,X,variation,channel,13311.211535723774,nT
2026-03-21T05:01:00.000Z,COLA,X,variation,channel,13294.11369670642,nT
2026-03-21T05:02:00.000Z,COLA,X,variation,channel,13317.195071726106,nT
2026-03-21T05:03:00.000Z,COLA,X,variation,channel,13360.589100838457,nT
2026-03-21T05:04:00.000Z,COLA,X,variation,channel,13379.580155268437,nT
2026-03-21T05:05:00.000Z,COLA,X,variation,channel,13362.10744320554,nT
2026-03-21T05:06:00.000Z,COLA,X,variation,channel,13349.00946247348,nT
2026-03-21T05:07:00.000Z,COLA,X,variation,channel,13358.446442272041,nT
2026-03-21T05:08:00.000Z,COLA,X,variation,channel,13371.407292480151,nT
2026-03-21T05:09:00.000Z,COLA,X,variation,channel,13381.545384242288,nT
2026-03-21T05:10:00.000Z,COLA,X,variation,channel,13396.59490326739,nT
2026-03-21T05:11:00.000Z,COLA,X,variation,channel,13399.331604828003,nT
2026-03-21T05:12:00.000Z,COLA,X,variation,channel,13403.052825370076,nT
2026-03-21T05:13:00.000Z,COLA,X,variation,channel,13415.396876613364,nT
2026-03-21T05:14:00.000Z,COLA,X,variation,channel,13429.877724551447,nT
2026-03-21T05:15:00.000Z,COLA,X,variation,channel,13441.355484308673,nT
2026-03-21T05:16:00.000Z,COLA,X,variation,channel,13457.09554827807,nT
2026-03-21T05:17:00.000Z,COLA,X,variation,channel,13462.72977492791,nT
2026-03-21T05:18:00.000Z,COLA,X,variation,channel,13481.718739361979,nT
2026-03-21T05:19:00.000Z,COLA,X,variation,channel,13492.714781984163,nT
2026-03-21T05:20:00.000Z,COLA,X,variation,channel,13481.275173001308,nT
2026-03-21T05:21:00.000Z,COLA,X,variation,channel,13464.386928290225,nT
2026-03-21T05:22:00.000Z,COLA,X,variation,channel,13463.23775355462,nT
2026-03-21T05:23:00.000Z,COLA,X,variation,channel,13466.162753139679,nT
2026-03-21T05:24:00.000Z,COLA,X,variation,channel,13460.940886253806,nT
2026-03-21T05:25:00.000Z,COLA,X,variation,channel,13453.38629610908,nT
2026-03-21T05:26:00.000Z,COLA,X,variation,channel,13436.869958493879,nT
2026-03-21T05:27:00.000Z,COLA,X,variation,channel,13435.842039955189,nT
2026-03-21T05:28:00.000Z,COLA,X,variation,channel,13443.053394593826,nT
2026-03-21T05:29:00.000Z,COLA,X,variation,channel,13431.999260986817,nT
2026-03-21T05:30:00.000Z,COLA,X,variation,channel,13421.623648270766,nT
2026-03-21T05:31:00.000Z,COLA,X,variation,channel,13419.018402249376,nT
2026-03-21T05:32:00.000Z,COLA,X,variation,channel,13404.150556439066,nT
2026-03-21T05:33:00.000Z,COLA,X,variation,channel,13376.1539837982,nT
2026-03-21T05:34:00.000Z,COLA,X,variation,channel,13365.830425980716,nT
2026-03-21T05:35:00.000Z,COLA,X,variation,channel,13359.32148223122,nT
2026-03-21T05:36:00.000Z,COLA,X,variation,channel,13361.630767822073,nT
2026-03-21T05:37:00.000Z,COLA,X,variation,channel,13370.69155114501,nT
2026-03-21T05:38:00.000Z,COLA,X,variation,channel,13362.000966060363,nT
2026-03-21T05:39:00.000Z,COLA,X,variation,channel,13353.515484132302,nT
2026-03-21T05:40:00.000Z,COLA,X,variation,channel,13352.09533814088,nT
2026-03-21T05:41:00.000Z,COLA,X,variation,channel,13353.461787491917,nT
2026-03-21T05:42:00.000Z,COLA,X,variation,channel,13353.734331802412,nT
2026-03-21T05:43:00.000Z,COLA,X,variation,channel,13350.010787115625,nT
2026-03-21T05:44:00.000Z,COLA,X,variation,channel,13354.413189938532,nT
2026-03-21T05:45:00.000Z,COLA,X,variation,channel,13366.855762021027,nT
2026-03-21T05:46:00.000Z,COLA,X,variation,channel,13365.288867749981,nT
2026-03-21T05:47:00.000Z,COLA,X,variation,channel,13357.325363049691,nT
2026-03-21T05:48:00.000Z,COLA,X,variation,channel,13344.112322659235,nT
2026-03-21T05:49:00.000Z,COLA,X,variation,channel,13332.659862051441,nT
2026-03-21T05:50:00.000Z,COLA,X,variation,channel,13330.894645952103,nT
2026-03-21T05:51:00.000Z,COLA,X,variation,channel,13350.824418401027,nT
2026-03-21T05:52:00.000Z,COLA,X,variation,channel,13364.580647350123,nT
2026-03-21T05:53:00.000Z,COLA,X,variation,channel,13369.500566212779,nT
2026-03-21T05:54:00.000Z,COLA,X,variation,channel,13366.531850205396,nT
2026-03-21T05:55:00.000Z,COLA,X,variation,channel,13392.717887938541,nT
2026-03-21T05:56:00.000Z,COLA,X,variation,channel,13421.41815372078,nT
2026-03-21T05:57:00.000Z,COLA,X,variation,channel,13417.747909695121,nT
2026-03-21T05:58:00.000Z,COLA,X,variation,channel,13409.148989352343,nT
2026-03-21T05:59:00.000Z,COLA,X,variation,channel,13379.592931271576,nT
2026-03-21T06:00:00.000Z,COLA,X,variation,channel,13350.103936969746,nT
2026-03-21T06:01:00.000Z,COLA,X,variation,channel,13307.943231834068,nT
2026-03-21T06:02:00.000Z,COLA,X,variation,channel,13282.07666825104,nT
2026-03-21T06:03:00.000Z,COLA,X,variation,channel,13258.063097663166,nT
2026-03-21T06:04:00.000Z,COLA,X,variation,channel,13219.278482580317,nT
2026-03-21T06:05:00.000Z,COLA,X,variation,channel,13216.064836205886,nT
2026-03-21T06:06:00.000Z,COLA,X,variation,channel,13248.822027358197,nT
2026-03-21T06:07:00.000Z,COLA,X,variation,channel,13243.839530361249,nT
2026-03-21T06:08:00.000Z,COLA,X,variation,channel,13234.590841633802,nT
2026-03-21T06:09:00.000Z,COLA,X,variation,channel,13212.118291249402,nT
2026-03-21T06:10:00.000Z,COLA,X,variation,channel,13183.730590221914,nT
2026-03-21T06:11:00.000Z,COLA,X,variation,channel,13193.021064138118,nT
2026-03-21T06:12:00.000Z,COLA,X,variation,channel,13208.228354789717,nT
2026-03-21T06:13:00.000Z,COLA,X,variation,channel,13218.36403288302,nT
2026-03-21T06:14:00.000Z,COLA,X,variation,channel,13223.401865870528,nT
2026-03-21T06:15:00.000Z,COLA,X,variation,channel,13210.950899317253,nT
2026-03-21T06:16:00.000Z,COLA,X,variation,channel,13182.580153775558,nT
2026-03-21T06:17:00.000Z,COLA,X,variation,channel,13177.110824035306,nT
2026-03-21T06:18:00.000Z,COLA,X,variation,channel,13201.27813634036,nT
2026-03-21T06:19:00.000Z,COLA,X,variation,channel,13213.754746954482,nT
2026-03-21T06:20:00.000Z,COLA,X,variation,channel,13201.450182128143,nT
2026-03-21T06:21:00.000Z,COLA,X,variation,channel,13144.108008110152,nT
2026-03-21T06:22:00.000Z,COLA,X,variation,channel,13147.129968868152,nT
2026-03-21T06:23:00.000Z,COLA,X,variation,channel,13159.907609031823,nT
2026-03-21T06:24:00.000Z,COLA,X,variation,channel,13130.015738699565,nT
2026-03-21T06:25:00.000Z,COLA,X,variation,channel,13133.644692802152,nT
2026-03-21T06:26:00.000Z,COLA,X,variation,channel,13161.414223276544,nT
2026-03-21T06:27:00.000Z,COLA,X,variation,channel,13152.944540641254,nT
2026-03-21T06:28:00.000Z,COLA,X,variation,channel,13125.997106437831,nT
2026-03-21T06:29:00.000Z,COLA,X,variation,channel,13107.920835537647,nT
2026-03-21T06:30:00.000Z,COLA,X,variation,channel,13055.862748069632,nT
2026-03-21T06:31:00.000Z,COLA,X,variation,channel,13062.098766924912,nT
2026-03-21T06:32:00.000Z,COLA,X,variation,channel,13091.751935634642,nT
2026-03-21T06:33:00.000Z,COLA,X,variation,channel,13133.957225096585,nT
2026-03-21T06:34:00.000Z,COLA,X,variation,channel,13219.733817108112,nT
2026-03-21T06:35:00.000Z,COLA,X,variation,channel,13271.834584323544,nT
2026-03-21T06:36:00.000Z,COLA,X,variation,channel,13286.71730178663,nT
2026-03-21T06:37:00.000Z,COLA,X,variation,channel,13312.209922117689,nT
2026-03-21T06:38:00.000Z,COLA,X,variation,channel,13328.036378599145,nT
2026-03-21T06:39:00.000Z,COLA,X,variation,channel,13316.682424365485,nT
2026-03-21T06:40:00.000Z,COLA,X,variation,channel,13296.51061316962,nT
2026-03-21T06:41:00.000Z,COLA,X,variation,channel,13264.014197702725,nT
2026-03-21T06:42:00.000Z,COLA,X,variation,channel,13243.705277843996,nT
2026-03-21T06:43:00.000Z,COLA,X,variation,channel,13251.767791729708,nT
2026-03-21T06:44:00.000Z,COLA,X,variation,channel,13228.862093056423,nT
2026-03-21T06:45:00.000Z,COLA,X,variation,channel,13209.63518290565,nT
2026-03-21T06:46:00.000Z,COLA,X,variation,channel,13250.239684310214,nT
2026-03-21T06:47:00.000Z,COLA,X,variation,channel,13340.1018455975,nT
2026-03-21T06:48:00.000Z,COLA,X,variation,channel,13465.151934147158,nT
2026-03-21T06:49:00.000Z,COLA,X,variation,channel,13547.086628478133,nT
2026-03-21T06:50:00.000Z,COLA,X,variation,channel,13582.77884884965,nT
2026-03-21T06:51:00.000Z,COLA,X,variation,channel,13579.951714907893,nT
2026-03-21T06:52:00.000Z,COLA,X,variation,channel,13522.376944609798,nT
2026-03-21T06:53:00.000Z,COLA,X,variation,channel,13475.684032702136,nT
2026-03-21T06:54:00.000Z,COLA,X,variation,channel,13460.771448454858,nT
2026-03-21T06:55:00.000Z,COLA,X,variation,channel,13454.030194231864,nT
2026-03-21T06:56:00.000Z,COLA,X,variation,channel,13478.115344735923,nT
2026-03-21T06:57:00.000Z,COLA,X,variation,channel,13486.816155400697,nT
2026-03-21T06:58:00.000Z,COLA,X,variation,channel,13476.386618096805,nT
2026-03-21T06:59:00.000Z,COLA,X,variation,channel,13482.728684145328,nT
2026-03-21T07:00:00.000Z,COLA,X,variation,channel,13490.496863935336,nT
2026-03-21T07:01:00.000Z,COLA,X,variation,channel,13502.903748229548,nT
2026-03-21T07:02:00.000Z,COLA,X,variation,channel,13505.157862791628,nT
2026-03-21T07:03:00.000Z,COLA,X,variation,channel,13467.167673606657,nT
2026-03-21T07:04:00.000Z,COLA,X,variation,channel,13423.456939169319,nT
2026-03-21T07:05:00.000Z,COLA,X,variation,channel,13390.118712781614,nT
2026-03-21T07:06:00.000Z,COLA,X,variation,channel,13356.187393013808,nT
2026-03-21T07:07:00.000Z,COLA,X,variation,channel,13363.488250761353,nT
2026-03-21T07:08:00.000Z,COLA,X,variation,channel,13402.246230208684,nT
2026-03-21T07:09:00.000Z,COLA,X,variation,channel,13405.845595501098,nT
2026-03-21T07:10:00.000Z,COLA,X,variation,channel,13394.691114348918,nT
2026-03-21T07:11:00.000Z,COLA,X,variation,channel,13370.574245834421,nT
2026-03-21T07:12:00.000Z,COLA,X,variation,channel,13369.251020279347,nT
2026-03-21T07:13:00.000Z,COLA,X,variation,channel,13369.912340740591,nT
2026-03-21T07:14:00.000Z,COLA,X,variation,channel,13359.009950160875,nT
2026-03-21T07:15:00.000Z,COLA,X,variation,channel,13351.650789610756,nT
2026-03-21T07:16:00.000Z,COLA,X,variation,channel,13359.079244591827,nT
2026-03-21T07:17:00.000Z,COLA,X,variation,channel,13354.881522006246,nT
2026-03-21T07:18:00.000Z,COLA,X,variation,channel,13337.670975791078,nT
2026-03-21T07:19:00.000Z,COLA,X,variation,channel,13313.931013643863,nT
2026-03-21T07:20:00.000Z,COLA,X,variation,channel,13314.484477527492,nT
2026-03-21T07:21:00.000Z,COLA,X,variation,channel,13325.223003814557,nT
2026-03-21T07:22:00.000Z,COLA,X,variation,channel,13323.699716125318,nT
2026-03-21T07:23:00.000Z,COLA,X,variation,channel,13331.480985504752,nT
2026-03-21T07:24:00.000Z,COLA,X,variation,channel,13345.329086793272,nT
2026-03-21T07:25:00.000Z,COLA,X,variation,channel,13375.589319806571,nT
2026-03-21T07:26:00.000Z,COLA,X,variation,channel,13386.241346285782,nT
2026-03-21T07:27:00.000Z,COLA,X,variation,channel,13377.666830276841,nT
2026-03-21T07:28:00.000Z,COLA,X,variation,channel,13358.44444183513,nT
2026-03-21T07:29:00.000Z,COLA,X,variation,channel,13336.858344778077,nT
2026-03-21T07:30:00.000Z,COLA,X,variation,channel,13323.091790475783,nT
2026-03-21T07:31:00.000Z,COLA,X,variation,channel,13318.631030307102,nT
2026-03-21T07:32:00.000Z,COLA,X,variation,channel,13308.703224454364,nT
2026-03-21T07:33:00.000Z,COLA,X,variation,channel,13304.786467461608,nT
2026-03-21T07:34:00.000Z,COLA,X,variation,channel,13285.881235198469,nT
2026-03-21T07:35:00.000Z,COLA,X,variation,channel,13269.992117732429,nT
2026-03-21T07:36:00.000Z,COLA,X,variation,channel,13267.965876110542,nT
2026-03-21T07:37:00.000Z,COLA,X,variation,channel,13276.22259451068,nT
2026-03-21T07:38:00.000Z,COLA,X,variation,channel,13283.704604398268,nT
2026-03-21T07:39:00.000Z,COLA,X,variation,channel,13277.410237667802,nT
2026-03-21T07:40:00.000Z,COLA,X,variation,channel,13264.721574715373,nT
2026-03-21T07:41:00.000Z,COLA,X,variation,channel,13239.469731777477,nT
2026-03-21T07:42:00.000Z,COLA,X,variation,channel,13218.21955044849,nT
2026-03-21T07:43:00.000Z,COLA,X,variation,channel,13210.345065434552,nT
2026-03-21T07:44:00.000Z,COLA,X,variation,channel,13205.335733652648,nT
2026-03-21T07:45:00.000Z,COLA,X,variation,channel,13203.481938458439,nT
2026-03-21T07:46:00.000Z,COLA,X,variation,channel,13209.045456284688,nT
2026-03-21T07:47:00.000Z,COLA,X,variation,channel,13183.415344838275,nT
2026-03-21T07:48:00.000Z,COLA,X,variation,channel,13131.473556099958,nT
2026-03-21T07:49:00.000Z,COLA,X,variation,channel,13105.321240436348,nT
2026-03-21T07:50:00.000Z,COLA,X,variation,channel,13105.860549993786,nT
2026-03-21T07:51:00.000Z,COLA,X,variation,channel,13116.346196570672,nT
2026-03-21T07:52:00.000Z,COLA,X,variation,channel,13135.621760330578,nT
2026-03-21T07:53:00.000Z,COLA,X,variation,channel,13148.632040142635,nT
2026-03-21T07:54:00.000Z,COLA,X,variation,channel,13154.194455866966,nT
2026-03-21T07:55:00.000Z,COLA,X,variation,channel,13168.125102628348,nT
2026-03-21T07:56:00.000Z,COLA,X,variation,channel,13183.645935960585,nT
2026-03-21T07:57:00.000Z,COLA,X,variation,channel,13195.503645773619,nT
2026-03-21T07:58:00.000Z,COLA,X,variation,channel,13175.421529716974,nT
2026-03-21T07:59:00.000Z,COLA,X,variation,channel,13139.648304552462,nT
2026-03-21T08:00:00.000Z,COLA,X,variation,channel,13114.945999597618,nT
2026-03-21T08:01:00.000Z,COLA,X,variation,channel,13098.812072461571,nT
2026-03-21T08:02:00.000Z,COLA,X,variation,channel,13115.583204421575,nT
2026-03-21T08:03:00.000Z,COLA,X,variation,channel,13142.042286230702,nT
2026-03-21T08:04:00.000Z,COLA,X,variation,channel,13143.542303478378,nT
2026-03-21T08:05:00.000Z,COLA,X,variation,channel,13123.817527091061,nT
2026-03-21T08:06:00.000Z,COLA,X,variation,channel,13104.11722249082,nT
2026-03-21T08:07:00.000Z,COLA,X,variation,channel,13081.875732726421,nT
2026-03-21T08:08:00.000Z,COLA,X,variation,channel,13065.9745438574,nT
2026-03-21T08:09:00.000Z,COLA,X,variation,channel,13047.533789424759,nT
2026-03-21T08:10:00.000Z,COLA,X,variation,channel,13038.444068177147,nT
2026-03-21T08:11:00.000Z,COLA,X,variation,channel,13038.987440149622,nT
2026-03-21T08:12:00.000Z,COLA,X,variation,channel,13054.92084123707,nT
2026-03-21T08:13:00.000Z,COLA,X,variation,channel,13096.04248909535,nT
2026-03-21T08:14:00.000Z,COLA,X,variation,channel,13128.36569638267,nT
2026-03-21T08:15:00.000Z,COLA,X,variation,channel,13147.89849865807,nT
2026-03-21T08:16:00.000Z,COLA,X,variation,channel,13159.123250304843,nT
2026-03-21T08:17:00.000Z,COLA,X,variation,channel,13163.736324419378,nT
2026-03-21T08:18:00.000Z,COLA,X,variation,channel,13153.575590899994,nT
2026-03-21T08:19:00.000Z,COLA,X,variation,channel,13167.641700600589,nT
2026-03-21T08:20:00.000Z,COLA,X,variation,channel,13189.772932157108,nT
2026-03-21T08:21:00.000Z,COLA,X,variation,channel,13217.138407958448,nT
2026-03-21T08:22:00.000Z,COLA,X,variation,channel,13241.369325829752,nT
2026-03-21T08:23:00.000Z,COLA,X,variation,channel,13249.619602308338,nT
2026-03-21T08:24:00.000Z,COLA,X,variation,channel,13251.545491355557,nT
2026-03-21T08:25:00.000Z,COLA,X,variation,channel,13249.737116690574,nT
2026-03-21T08:26:00.000Z,COLA,X,variation,channel,13254.091231845447,nT
2026-03-21T08:27:00.000Z,COLA,X,variation,channel,13259.320919758658,nT
2026-03-21T08:28:00.000Z,COLA,X,variation,channel,13267.609814489633,nT
2026-03-21T08:29:00.000Z,COLA,X,variation,channel,13284.906614812233,nT
2026-03-21T08:30:00.000Z,COLA,X,variation,channel,13314.595636482843,nT
2026-03-21T08:31:00.000Z,COLA,X,variation,channel,13308.261010137097,nT
2026-03-21T08:32:00.000Z,COLA,X,variation,channel,13288.676996460246,nT
2026-03-21T08:33:00.000Z,COLA,X,variation,channel,13271.643212609788,nT
2026-03-21T08:34:00.000Z,COLA,X,variation,channel,13283.316434282186,nT
2026-03-21T08:35:00.000Z,COLA,X,variation,channel,13284.755675416196,nT
2026-03-21T08:36:00.000Z,COLA,X,variation,channel,13258.939655582659,nT
2026-03-21T08:37:00.000Z,COLA,X,variation,channel,13236.827131403184,nT
2026-03-21T08:38:00.000Z,COLA,X,variation,channel,13227.708733588197,nT
2026-03-21T08:39:00.000Z,COLA,X,variation,channel,13237.082184789506,nT
2026-03-21T08:40:00.000Z,COLA,X,variation,channel,13228.373046347135,nT
2026-03-21T08:41:00.000Z,COLA,X,variation,channel,13215.405385225438,nT
2026-03-21T08:42:00.000Z,COLA,X,variation,channel,13223.394183355524,nT
2026-03-21T08:43:00.000Z,COLA,X,variation,channel,13245.36632888531,nT
2026-03-21T08:44:00.000Z,COLA,X,variation,channel,13275.799878916783,nT
2026-03-21T08:45:00.000Z,COLA,X,variation,channel,13288.03335774831,nT
2026-03-21T08:46:00.000Z,COLA,X,variation,channel,13298.956193351944,nT
2026-03-21T08:47:00.000Z,COLA,X,variation,channel,13317.654316713799,nT
2026-03-21T08:48:00.000Z,COLA,X,variation,channel,13313.290882361725,nT
2026-03-21T08:49:00.000Z,COLA,X,variation,channel,13304.666348905102,nT
2026-03-21T08:50:00.000Z,COLA,X,variation,channel,13298.776883006516,nT
2026-03-21T08:51:00.000Z,COLA,X,variation,channel,13285.316624258186,nT
2026-03-21T08:52:00.000Z,COLA,X,variation,channel,13271.895310296715,nT
2026-03-21T08:53:00.000Z,COLA,X,variation,channel,13252.977844823054,nT
2026-03-21T08:54:00.000Z,COLA,X,variation,channel,13239.061334950415,nT
2026-03-21T08:55:00.000Z,COLA,X,variation,channel,13244.217418409398,nT
2026-03-21T08:56:00.000Z,COLA,X,variation,channel,13262.201990922651,nT
2026-03-21T08:57:00.000Z,COLA,X,variation,channel,13276.05122205587,nT
2026-03-21T08:58:00.000Z,COLA,X,variation,channel,13272.420811008498,nT
2026-03-21T08:59:00.000Z,COLA,X,variation,channel,13263.170609480816,nT
2026-03-21T09:00:00.000Z,COLA,X,variation,channel,13244.459608924739,nT
2026-03-21T09:01:00.000Z,COLA,X,variation,channel,13216.35664090781,nT
2026-03-21T09:02:00.000Z,COLA,X,variation,channel,13202.745032008035,nT
2026-03-21T09:03:00.000Z,COLA,X,variation,channel,13198.855621465142,nT
2026-03-21T09:04:00.000Z,COLA,X,variation,channel,13197.302505124355,nT
2026-03-21T09:05:00.000Z,COLA,X,variation,channel,13192.839577822988,nT
2026-03-21T09:06:00.000Z,COLA,X,variation,channel,13193.288705155006,nT
2026-03-21T09:07:00.000Z,COLA,X,variation,channel,13191.043349841333,nT
2026-03-21T09:08:00.000Z,COLA,X,variation,channel,13188.761742649027,nT
2026-03-21T09:09:00.000Z,COLA,X,variation,channel,13165.170412584459,nT
2026-03-21T09:10:00.000Z,COLA,X,variation,channel,13133.173992479678,nT
2026-03-21T09:11:00.000Z,COLA,X,variation,channel,13125.374140764143,nT
2026-03-21T09:12:00.000Z,COLA,X,variation,channel,13138.686983495734,nT
2026-03-21T09:13:00.000Z,COLA,X,variation,channel,13156.95325037265,nT
2026-03-21T09:14:00.000Z,COLA,X,variation,channel,13173.282841399548,nT
2026-03-21T09:15:00.000Z,COLA,X,variation,channel,13175.973067993293,nT
2026-03-21T09:16:00.000Z,COLA,X,variation,channel,13172.85034694122,nT
2026-03-21T09:17:00.000Z,COLA,X,variation,channel,13179.759105259798,nT
2026-03-21T09:18:00.000Z,COLA,X,variation,channel,13185.602708840366,nT
2026-03-21T09:19:00.000Z,COLA,X,variation,channel,13195.463178525246,nT
2026-03-21T09:20:00.000Z,COLA,X,variation,channel,13200.972031593205,nT
2026-03-21T09:21:00.000Z,COLA,X,variation,channel,13195.526917600911,nT
2026-03-21T09:22:00.000Z,COLA,X,variation,channel,13178.72782654935,nT
2026-03-21T09:23:00.000Z,COLA,X,variation,channel,13168.013706127778,nT
2026-03-21T09:24:00.000Z,COLA,X,variation,channel,13169.614546073477,nT
2026-03-21T09:25:00.000Z,COLA,X,variation,channel,13172.245682734883,nT
2026-03-21T09:26:00.000Z,COLA,X,variation,channel,13171.59524482699,nT
2026-03-21T09:27:00.000Z,COLA,X,variation,channel,13156.017576579166,nT
2026-03-21T09:28:00.000Z,COLA,X,variation,channel,13127.136351949339,nT
2026-03-21T09:29:00.000Z,COLA,X,variation,channel,13139.607966831136,nT
2026-03-21T09:30:00.000Z,COLA,X,variation,channel,13130.779960437205,nT
2026-03-21T09:31:00.000Z,COLA,X,variation,channel,13096.445282566487,nT
2026-03-21T09:32:00.000Z,COLA,X,variation,channel,13098.495967707173,nT
2026-03-21T09:33:00.000Z,COLA,X,variation,channel,13118.817008056292,nT
2026-03-21T09:34:00.000Z,COLA,X,variation,channel,13117.672622470374,nT
2026-03-21T09:35:00.000Z,COLA,X,variation,channel,13120.316774242221,nT
2026-03-21T09:36:00.000Z,COLA,X,variation,channel,13117.715538001317,nT
2026-03-21T09:37:00.000Z,COLA,X,variation,channel,13101.523989358528,nT
2026-03-21T09:38:00.000Z,COLA,X,variation,channel,13106.1621185259,nT
2026-03-21T09:39:00.000Z,COLA,X,variation,channel,13125.378486213538,nT
2026-03-21T09:40:00.000Z,COLA,X,variation,channel,13138.742287122219,nT
2026-03-21T09:41:00.000Z,COLA,X,variation,channel,13135.753395614316,nT
2026-03-21T09:42:00.000Z,COLA,X,variation,channel,13114.787196985546,nT
2026-03-21T09:43:00.000Z,COLA,X,variation,channel,13078.724926366847,nT
2026-03-21T09:44:00.000Z,COLA,X,variation,channel,13066.460680280625,nT
2026-03-21T09:45:00.000Z,COLA,X,variation,channel,13061.79516569722,nT
2026-03-21T09:46:00.000Z,COLA,X,variation,channel,13086.519385319918,nT
2026-03-21T09:47:00.000Z,COLA,X,variation,channel,13063.910908864518,nT
2026-03-21T09:48:00.000Z,COLA,X,variation,channel,13038.310448972483,nT
2026-03-21T09:49:00.000Z,COLA,X,variation,channel,13039.782294548158,nT
2026-03-21T09:50:00.000Z,COLA,X,variation,channel,13061.743873677571,nT
2026-03-21T09:51:00.000Z,COLA,X,variation,channel,13096.289708546186,nT
2026-03-21T09:52:00.000Z,COLA,X,variation,channel,13111.377491397554,nT
2026-03-21T09:53:00.000Z,COLA,X,variation,channel,13126.009634760605,nT
2026-03-21T09:54:00.000Z,COLA,X,variation,channel,13061.543264216212,nT
2026-03-21T09:55:00.000Z,COLA,X,variation,channel,13028.06963912474,nT
2026-03-21T09:56:00.000Z,COLA,X,variation,channel,13013.427910754079,nT
2026-03-21T09:57:00.000Z,COLA,X,variation,channel,13011.833893956073,nT
2026-03-21T09:58:00.000Z,COLA,X,variation,channel,13055.364088644197,nT
2026-03-21T09:59:00.000Z,COLA,X,variation,channel,13040.652868462084,nT
2026-03-21T10:00:00.000Z,COLA,X,variation,channel,13058.127337938207,nT
2026-03-21T10:01:00.000Z,COLA,X,variation,channel,13059.920615309773,nT
2026-03-21T10:02:00.000Z,COLA,X,variation,channel,13039.175682322095,nT
2026-03-21T10:03:00.000Z,COLA,X,variation,channel,13070.012912544717,nT
2026-03-21T10:04:00.000Z,COLA,X,variation,channel,13048.380107237992,nT
2026-03-21T10:05:00.000Z,COLA,X,variation,channel,13046.906589920945,nT
2026-03-21T10:06:00.000Z,COLA,X,variation,channel,13070.049053042309,nT
2026-03-21T10:07:00.000Z,COLA,X,variation,channel,13059.592727114614,nT
2026-03-21T10:08:00.000Z,COLA,X,variation,channel,13041.816611922663,nT
2026-03-21T10:09:00.000Z,COLA,X,variation,channel,12991.711263354142,nT
2026-03-21T10:10:00.000Z,COLA,X,variation,channel,12985.974947972927,nT
2026-03-21T10:11:00.000Z,COLA,X,variation,channel,13089.401465968698,nT
2026-03-21T10:12:00.000Z,COLA,X,variation,channel,13147.748706278513,nT
2026-03-21T10:13:00.000Z,COLA,X,variation,channel,13192.103371002522,nT
2026-03-21T10:14:00.000Z,COLA,X,variation,channel,13228.758358869072,nT
2026-03-21T10:15:00.000Z,COLA,X,variation,channel,13242.691899638403,nT
2026-03-21T10:16:00.000Z,COLA,X,variation,channel,13250.074902547933,nT
2026-03-21T10:17:00.000Z,COLA,X,variation,channel,13239.47740177537,nT
2026-03-21T10:18:00.000Z,COLA,X,variation,channel,13206.793158193404,nT
2026-03-21T10:19:00.000Z,COLA,X,variation,channel,13176.577109106847,nT
2026-03-21T10:20:00.000Z,COLA,X,variation,channel,13173.086583110771,nT
2026-03-21T10:21:00.000Z,COLA,X,variation,channel,13156.805436069712,nT
2026-03-21T10:22:00.000Z,COLA,X,variation,channel,13148.678437305518,nT
2026-03-21T10:23:00.000Z,COLA,X,variation,channel,13136.312595562753,nT
2026-03-21T10:24:00.000Z,COLA,X,variation,channel,13147.891325959854,nT
2026-03-21T10:25:00.000Z,COLA,X,variation,channel,13142.708075073595,nT
2026-03-21T10:26:00.000Z,COLA,X,variation,channel,13160.357653589637,nT
2026-03-21T10:27:00.000Z,COLA,X,variation,channel,13188.467307103223,nT
2026-03-21T10:28:00.000Z,COLA,X,variation,channel,13184.139030640546,nT
2026-03-21T10:29:00.000Z,COLA,X,variation,channel,13187.900842536845,nT
2026-03-21T10:30:00.000Z,COLA,X,variation,channel,13188.210155236942,nT
2026-03-21T10:31:00.000Z,COLA,X,variation,channel,13201.724033260703,nT
2026-03-21T10:32:00.000Z,COLA,X,variation,channel,13237.407065449775,nT
2026-03-21T10:33:00.000Z,COLA,X,variation,channel,13275.729079507273,nT
2026-03-21T10:34:00.000Z,COLA,X,variation,channel,13277.060221389118,nT
2026-03-21T10:35:00.000Z,COLA,X,variation,channel,13254.325909212432,nT
2026-03-21T10:36:00.000Z,COLA,X,variation,channel,13211.842045045247,nT
2026-03-21T10:37:00.000Z,COLA,X,variation,channel,13184.691497859698,nT
2026-03-21T10:38:00.000Z,COLA,X,variation,channel,13189.644854477036,nT
2026-03-21T10:39:00.000Z,COLA,X,variation,channel,13210.05178921666,nT
2026-03-21T10:40:00.000Z,COLA,X,variation,channel,13240.120930303316,nT
2026-03-21T10:41:00.000Z,COLA,X,variation,channel,13270.7687223958,nT
2026-03-21T10:42:00.000Z,COLA,X,variation,channel,13257.597642950434,nT
2026-03-21T10:43:00.000Z,COLA,X,variation,channel,13250.96489789771,nT
2026-03-21T10:44:00.000Z,COLA,X,variation,channel,13226.53597644251,nT
2026-03-21T10:45:00.000Z,COLA,X,variation,channel,13199.522159737966,nT
2026-03-21T10:46:00.000Z,COLA,X,variation,channel,13187.838352387256,nT
2026-03-21T10:47:00.000Z,COLA,X,variation,channel,13170.422755666328,nT
2026-03-21T10:48:00.000Z,COLA,X,variation,channel,13169.786377116925,nT
2026-03-21T10:49:00.000Z,COLA,X,variation,channel,13182.754083272233,nT
2026-03-21T10:50:00.000Z,COLA,X,variation,channel,13184.575946109255,nT
2026-03-21T10:51:00.000Z,COLA,X,variation,channel,13194.004930534997,nT
2026-03-21T10:52:00.000Z,COLA,X,variation,channel,13185.76223443382,nT
2026-03-21T10:53:00.000Z,COLA,X,variation,channel,13194.143310356254,nT
2026-03-21T10:54:00.000Z,COLA,X,variation,channel,13209.113187100358,nT
2026-03-21T10:55:00.000Z,COLA,X,variation,channel,13202.736544002179,nT
2026-03-21T10:56:00.000Z,COLA,X,variation,channel,13173.659831757439,nT
2026-03-21T10:57:00.000Z,COLA,X,variation,channel,13117.071209200154,nT
2026-03-21T10:58:00.000Z,COLA,X,variation,channel,13119.853049454257,nT
2026-03-21T10:59:00.000Z,COLA,X,variation,channel,13088.670806209997,nT
2026-03-21T11:00:00.000Z,COLA,X,variation,channel,13068.926571989292,nT
2026-03-21T11:01:00.000Z,COLA,X,variation,channel,13104.153554019345,nT
2026-03-21T11:02:00.000Z,COLA,X,variation,channel,13122.567449930999,nT
2026-03-21T11:03:00.000Z,COLA,X,variation,channel,13102.558096325707,nT
2026-03-21T11:04:00.000Z,COLA,X,variation,channel,13080.99867182232,nT
2026-03-21T11:05:00.000Z,COLA,X,variation,channel,13084.780824942141,nT
2026-03-21T11:06:00.000Z,COLA,X,variation,channel,13090.186194077602,nT
2026-03-21T11:07:00.000Z,COLA,X,variation,channel,13103.694398047493,nT
2026-03-21T11:08:00.000Z,COLA,X,variation,channel,13110.795989159526,nT
2026-03-21T11:09:00.000Z,COLA,X,variation,channel,13114.706511444612,nT
2026-03-21T11:10:00.000Z,COLA,X,variation,channel,13116.57125180982,nT
2026-03-21T11:11:00.000Z,COLA,X,variation,channel,13141.281874672386,nT
2026-03-21T11:12:00.000Z,COLA,X,variation,channel,13160.56909245756,nT
2026-03-21T11:13:00.000Z,COLA,X,variation,channel,13167.921981400968,nT
2026-03-21T11:14:00.000Z,COLA,X,variation,channel,13167.192632729571,nT
2026-03-21T11:15:00.000Z,COLA,X,variation,channel,13171.749760428947,nT
2026-03-21T11:16:00.000Z,COLA,X,variation,channel,13180.716381193986,nT
2026-03-21T11:17:00.000Z,COLA,X,variation,channel,13183.04255153853,nT
2026-03-21T11:18:00.000Z,COLA,X,variation,channel,13189.86194253485,nT
2026-03-21T11:19:00.000Z,COLA,X,variation,channel,13194.673746716044,nT
2026-03-21T11:20:00.000Z,COLA,X,variation,channel,13202.615513991585,nT
2026-03-21T11:21:00.000Z,COLA,X,variation,channel,13201.618653558708,nT
2026-03-21T11:22:00.000Z,COLA,X,variation,channel,13195.790518378837,nT
2026-03-21T11:23:00.000Z,COLA,X,variation,channel,13189.207577711464,nT
2026-03-21T11:24:00.000Z,COLA,X,variation,channel,13183.079044431057,nT
2026-03-21T11:25:00.000Z,COLA,X,variation,channel,13171.67904896342,nT
2026-03-21T11:26:00.000Z,COLA,X,variation,channel,13158.030864919989,nT
2026-03-21T11:27:00.000Z,COLA,X,variation,channel,13143.365443338615,nT
2026-03-21T11:28:00.000Z,COLA,X,variation,channel,13133.770716874622,nT
2026-03-21T11:29:00.000Z,COLA,X,variation,channel,13121.55274872079,nT
2026-03-21T11:30:00.000Z,COLA,X,variation,channel,13118.831631204508,nT
2026-03-21T11:31:00.000Z,COLA,X,variation,channel,13124.591355248163,nT
2026-03-21T11:32:00.000Z,COLA,X,variation,channel,13129.843833992281,nT
2026-03-21T11:33:00.000Z,COLA,X,variation,channel,13145.071900662084,nT
2026-03-21T11:34:00.000Z,COLA,X,variation,channel,13161.379635746991,nT
2026-03-21T11:35:00.000Z,COLA,X,variation,channel,13149.083954756166,nT
2026-03-21T11:36:00.000Z,COLA,X,variation,channel,13152.82622273594,nT
2026-03-21T11:37:00.000Z,COLA,X,variation,channel,13166.043510956566,nT
2026-03-21T11:38:00.000Z,COLA,X,variation,channel,13160.364204623904,nT
2026-03-21T11:39:00.000Z,COLA,X,variation,channel,13168.58129551638,nT
2026-03-21T11:40:00.000Z,COLA,X,variation,channel,13171.290875212444,nT
2026-03-21T11:41:00.000Z,COLA,X,variation,channel,13163.014197482273,nT
2026-03-21T11:42:00.000Z,COLA,X,variation,channel,13162.631891867444,nT
2026-03-21T11:43:00.000Z,COLA,X,variation,channel,13135.659122387262,nT
2026-03-21T11:44:00.000Z,COLA,X,variation,channel,13130.118463762357,nT
2026-03-21T11:45:00.000Z,COLA,X,variation,channel,13124.920175187455,nT
2026-03-21T11:46:00.000Z,COLA,X,variation,channel,13128.04790653572,nT
2026-03-21T11:47:00.000Z,COLA,X,variation,channel,13157.878182758199,nT
2026-03-21T11:48:00.000Z,COLA,X,variation,channel,13214.304017304692,nT
2026-03-21T11:49:00.000Z,COLA,X,variation,channel,13246.040366687184,nT
2026-03-21T11:50:00.000Z,COLA,X,variation,channel,13209.382571899918,nT
2026-03-21T11:51:00.000Z,COLA,X,variation,channel,13177.869685583408,nT
2026-03-21T11:52:00.000Z,COLA,X,variation,channel,13169.257766038778,nT
2026-03-21T11:53:00.000Z,COLA,X,variation,channel,13164.40845368788,nT
2026-03-21T11:54:00.000Z,COLA,X,variation,channel,13172.11562950025,nT
2026-03-21T11:55:00.000Z,COLA,X,variation,channel,13192.126216070918,nT
2026-03-21T11:56:00.000Z,COLA,X,variation,channel,13213.931159978376,nT
2026-03-21T11:57:00.000Z,COLA,X,variation,channel,13217.991115663042,nT
2026-03-21T11:58:00.000Z,COLA,X,variation,channel,13221.300223443908,nT
2026-03-21T11:59:00.000Z,COLA,X,variation,channel,13222.200512276944,nT
2026-03-21T12:00:00.000Z,COLA,X,variation,channel,13214.475436977127,nT
2026-03-21T12:01:00.000Z,COLA,X,variation,channel,13209.646434423827,nT
2026-03-21T12:02:00.000Z,COLA,X,variation,channel,13205.091630722685,nT
2026-03-21T12:03:00.000Z,COLA,X,variation,channel,13188.205681860414,nT
2026-03-21T12:04:00.000Z,COLA,X,variation,channel,13164.552001998176,nT
2026-03-21T12:05:00.000Z,COLA,X,variation,channel,13144.495324297483,nT
2026-03-21T12:06:00.000Z,COLA,X,variation,channel,13131.926940174046,nT
2026-03-21T12:07:00.000Z,COLA,X,variation,channel,13130.328770989117,nT
2026-03-21T12:08:00.000Z,COLA,X,variation,channel,13145.83524099891,nT
2026-03-21T12:09:00.000Z,COLA,X,variation,channel,13161.94585385773,nT
2026-03-21T12:10:00.000Z,COLA,X,variation,channel,13179.396664062642,nT
2026-03-21T12:11:00.000Z,COLA,X,variation,channel,13183.958537475204,nT
2026-03-21T12:12:00.000Z,COLA,X,variation,channel,13180.431985826546,nT
2026-03-21T12:13:00.000Z,COLA,X,variation,channel,13183.19157289043,nT
2026-03-21T12:14:00.000Z,COLA,X,variation,channel,13186.372230112787,nT
2026-03-21T12:15:00.000Z,COLA,X,variation,channel,13191.07259468598,nT
2026-03-21T12:16:00.000Z,COLA,X,variation,channel,13205.317091807327,nT
2026-03-21T12:17:00.000Z,COLA,X,variation,channel,13212.99871173927,nT
2026-03-21T12:18:00.000Z,COLA,X,variation,channel,13214.411483799502,nT
2026-03-21T12:19:00.000Z,COLA,X,variation,channel,13218.470602911579,nT
2026-03-21T12:20:00.000Z,COLA,X,variation,channel,13225.16783569545,nT
2026-03-21T12:21:00.000Z,COLA,X,variation,channel,13230.518990284723,nT
2026-03-21T12:22:00.000Z,COLA,X,variation,channel,13231.556070318293,nT
2026-03-21T12:23:00.000Z,COLA,X,variation,channel,13230.909353081208,nT
2026-03-21T12:24:00.000Z,COLA,X,variation,channel,13230.295963461402,nT
2026-03-21T12:25:00.000Z,COLA,X,variation,channel,13231.801744001086,nT
2026-03-21T12:26:00.000Z,COLA,X,variation,channel,13235.995279385541,nT
2026-03-21T12:27:00.000Z,COLA,X,variation,channel,13237.095129102294,nT
2026-03-21T12:28:00.000Z,COLA,X,variation,channel,13234.240792809656,nT
2026-03-21T12:29:00.000Z,COLA,X,variation,channel,13231.543679895976,nT
2026-03-21T12:30:00.000Z,COLA,X,variation,channel,13223.3048556324,nT
2026-03-21T12:31:00.000Z,COLA,X,variation,channel,13206.786732466355,nT
2026-03-21T12:32:00.000Z,COLA,X,variation,channel,13185.785152452718,nT
2026-03-21T12:33:00.000Z,COLA,X,variation,channel,13164.418595073357,nT
2026-03-21T12:34:00.000Z,COLA,X,variation,channel,13153.053246565963,nT
2026-03-21T12:35:00.000Z,COLA,X,variation,channel,13147.918533423837,nT
2026-03-21T12:36:00.000Z,COLA,X,variation,channel,13143.654534255627,nT
2026-03-21T12:37:00.000Z,COLA,X,variation,channel,13142.921626415378,nT
2026-03-21T12:38:00.000Z,COLA,X,variation,channel,13140.196361605007,nT
2026-03-21T12:39:00.000Z,COLA,X,variation,channel,13142.155812768526,nT
2026-03-21T12:40:00.000Z,COLA,X,variation,channel,13150.101380201722,nT
2026-03-21T12:41:00.000Z,COLA,X,variation,channel,13157.093500066501,nT
2026-03-21T12:42:00.000Z,COLA,X,variation,channel,13165.799546330561,nT
2026-03-21T12:43:00.000Z,COLA,X,variation,channel,13167.72472971701,nT
2026-03-21T12:44:00.000Z,COLA,X,variation,channel,13163.441662873385,nT
2026-03-21T12:45:00.000Z,COLA,X,variation,channel,13167.104413018593,nT
2026-03-21T12:46:00.000Z,COLA,X,variation,channel,13176.468150479306,nT
2026-03-21T12:47:00.000Z,COLA,X,variation,channel,13186.144826299234,nT
2026-03-21T12:48:00.000Z,COLA,X,variation,channel,13196.55692005679,nT
2026-03-21T12:49:00.000Z,COLA,X,variation,channel,13203.63849167312,nT
2026-03-21T12:50:00.000Z,COLA,X,variation,channel,13198.129019385067,nT
2026-03-21T12:51:00.000Z,COLA,X,variation,channel,13188.271248011359,nT
2026-03-21T12:52:00.000Z,COLA,X,variation,channel,13177.122073308139,nT
2026-03-21T12:53:00.000Z,COLA,X,variation,channel,13166.04745797012,nT
2026-03-21T12:54:00.000Z,COLA,X,variation,channel,13155.11500511767,nT
2026-03-21T12:55:00.000Z,COLA,X,variation,channel,13150.689402462553,nT
2026-03-21T12:56:00.000Z,COLA,X,variation,channel,13150.69758053679,nT
2026-03-21T12:57:00.000Z,COLA,X,variation,channel,13142.927596167507,nT
2026-03-21T12:58:00.000Z,COLA,X,variation,channel,13130.035565438346,nT
2026-03-21T12:59:00.000Z,COLA,X,variation,channel,13109.109764805436,nT
2026-03-21T13:00:00.000Z,COLA,X,variation,channel,13091.771490860567,nT
2026-03-21T13:01:00.000Z,COLA,X,variation,channel,13090.973665107376,nT
2026-03-21T13:02:00.000Z,COLA,X,variation,channel,13095.308289086546,nT
2026-03-21T13:03:00.000Z,COLA,X,variation,channel,13101.785556414472,nT
2026-03-21T13:04:00.000Z,COLA,X,variation,channel,13106.285077153305,nT
2026-03-21T13:05:00.000Z,COLA,X,variation,channel,13105.96691229069,nT
2026-03-21T13:06:00.000Z,COLA,X,variation,channel,13102.86762196695,nT
2026-03-21T13:07:00.000Z,COLA,X,variation,channel,13102.451866172933,nT
2026-03-21T13:08:00.000Z,COLA,X,variation,channel,13104.903914741459,nT
2026-03-21T13:09:00.000Z,COLA,X,variation,channel,13111.459864501408,nT
2026-03-21T13:10:00.000Z,COLA,X,variation,channel,13123.633039237908,nT
2026-03-21T13:11:00.000Z,COLA,X,variation,channel,13137.331123278764,nT
2026-03-21T13:12:00.000Z,COLA,X,variation,channel,13143.645592834067,nT
2026-03-21T13:13:00.000Z,COLA,X,variation,channel,13142.787341182226,nT
2026-03-21T13:14:00.000Z,COLA,X,variation,channel,13142.944696477663,nT
2026-03-21T13:15:00.000Z,COLA,X,variation,channel,13143.527857134632,nT
2026-03-21T13:16:00.000Z,COLA,X,variation,channel,13148.554021494301,nT
2026-03-21T13:17:00.000Z,COLA,X,variation,channel,13158.964423943244,nT
2026-03-21T13:18:00.000Z,COLA,X,variation,channel,13162.652009111918,nT
2026-03-21T13:19:00.000Z,COLA,X,variation,channel,13153.36198591461,nT
2026-03-21T13:20:00.000Z,COLA,X,variation,channel,13136.841115584966,nT
2026-03-21T13:21:00.000Z,COLA,X,variation,channel,13123.513723570923,nT
2026-03-21T13:22:00.000Z,COLA,X,variation,channel,13118.30134247544,nT
2026-03-21T13:23:00.000Z,COLA,X,variation,channel,13117.012384778787,nT
2026-03-21T13:24:00.000Z,COLA,X,variation,channel,13113.70924283586,nT
2026-03-21T13:25:00.000Z,COLA,X,variation,channel,13113.661706120192,nT
2026-03-21T13:26:00.000Z,COLA,X,variation,channel,13111.916498945568,nT
2026-03-21T13:27:00.000Z,COLA,X,variation,channel,13111.870589021517,nT
2026-03-21T13:28:00.000Z,COLA,X,variation,channel,13112.823312325363,nT
2026-03-21T13:29:00.000Z,COLA,X,variation,channel,13108.775756469375,nT
2026-03-21T13:30:00.000Z,COLA,X,variation,channel,13108.257935758786,nT
2026-03-21T13:31:00.000Z,COLA,X,variation,channel,13116.458084721175,nT
2026-03-21T13:32:00.000Z,COLA,X,variation,channel,13123.870972446002,nT
2026-03-21T13:33:00.000Z,COLA,X,variation,channel,13127.155128579076,nT
2026-03-21T13:34:00.000Z,COLA,X,variation,channel,13128.14034920514,nT
2026-03-21T13:35:00.000Z,COLA,X,variation,channel,13120.117018741164,nT
2026-03-21T13:36:00.000Z,COLA,X,variation,channel,13107.731680956973,nT
2026-03-21T13:37:00.000Z,COLA,X,variation,channel,13100.704056621105,nT
2026-03-21T13:38:00.000Z,COLA,X,variation,channel,13102.386554025828,nT
2026-03-21T13:39:00.000Z,COLA,X,variation,channel,13099.122601541945,nT
2026-03-21T13:40:00.000Z,COLA,X,variation,channel,13097.172853225127,nT
2026-03-21T13:41:00.000Z,COLA,X,variation,channel,13088.547238180325,nT
2026-03-21T13:42:00.000Z,COLA,X,variation,channel,13079.752697767375,nT
2026-03-21T13:43:00.000Z,COLA,X,variation,channel,13078.272229566213,nT
2026-03-21T13:44:00.000Z,COLA,X,variation,channel,13082.532010044475,nT
2026-03-21T13:45:00.000Z,COLA,X,variation,channel,13077.144532272314,nT
2026-03-21T13:46:00.000Z,COLA,X,variation,channel,13076.245404304633,nT
2026-03-21T13:47:00.000Z,COLA,X,variation,channel,13080.78835025475,nT
2026-03-21T13:48:00.000Z,COLA,X,variation,channel,13082.267678198465,nT
2026-03-21T13:49:00.000Z,COLA,X,variation,channel,13086.600677515264,nT
2026-03-21T13:50:00.000Z,COLA,X,variation,channel,13097.496068201954,nT
2026-03-21T13:51:00.000Z,COLA,X,variation,channel,13100.43463790918,nT
2026-03-21T13:52:00.000Z,COLA,X,variation,channel,13099.793041137307,nT
2026-03-21T13:53:00.000Z,COLA,X,variation,channel,13100.819015730294,nT
2026-03-21T13:54:00.000Z,COLA,X,variation,channel,13101.474567062694,nT
2026-03-21T13:55:00.000Z,COLA,X,variation,channel,13102.49585689969,nT
2026-03-21T13:56:00.000Z,COLA,X,variation,channel,13108.184466313865,nT
2026-03-21T13:57:00.000Z,COLA,X,variation,channel,13110.709385533515,nT
2026-03-21T13:58:00.000Z,COLA,X,variation,channel,13112.19693627779,nT
2026-03-21T13:59:00.000Z,COLA,X,variation,channel,13115.766461582629,nT
2026-03-21T14:00:00.000Z,COLA,X,variation,channel,13100.012813811305,nT
2026-03-21T14:01:00.000Z,COLA,X,variation,channel,13071.88191856329,nT
2026-03-21T14:02:00.000Z,COLA,X,variation,channel,13043.129372302787,nT
2026-03-21T14:03:00.000Z,COLA,X,variation,channel,13033.757806013278,nT
2026-03-21T14:04:00.000Z,COLA,X,variation,channel,13018.907960442271,nT
2026-03-21T14:05:00.000Z,COLA,X,variation,channel,13024.491025725223,nT
2026-03-21T14:06:00.000Z,COLA,X,variation,channel,13016.613358417015,nT
2026-03-21T14:07:00.000Z,COLA,X,variation,channel,13018.103328006642,nT
2026-03-21T14:08:00.000Z,COLA,X,variation,channel,13023.325954594451,nT
2026-03-21T14:09:00.000Z,COLA,X,variation,channel,13001.26021562189,nT
2026-03-21T14:10:00.000Z,COLA,X,variation,channel,13011.711443090375,nT
2026-03-21T14:11:00.000Z,COLA,X,variation,channel,13031.530320854208,nT
2026-03-21T14:12:00.000Z,COLA,X,variation,channel,13033.307111046255,nT
2026-03-21T14:13:00.000Z,COLA,X,variation,channel,13049.934421525508,nT
2026-03-21T14:14:00.000Z,COLA,X,variation,channel,13065.680952685741,nT
2026-03-21T14:15:00.000Z,COLA,X,variation,channel,13088.715778237654,nT
2026-03-21T14:16:00.000Z,COLA,X,variation,channel,13105.57543468795,nT
2026-03-21T14:17:00.000Z,COLA,X,variation,channel,13095.225095221651,nT
2026-03-21T14:18:00.000Z,COLA,X,variation,channel,13089.357825657418,nT
2026-03-21T14:19:00.000Z,COLA,X,variation,channel,13089.269446867596,nT
2026-03-21T14:20:00.000Z,COLA,X,variation,channel,13077.846001554755,nT
2026-03-21T14:21:00.000Z,COLA,X,variation,channel,13081.502341578951,nT
2026-03-21T14:22:00.000Z,COLA,X,variation,channel,13068.729715069188,nT
2026-03-21T14:23:00.000Z,COLA,X,variation,channel,13041.35601025909,nT
2026-03-21T14:24:00.000Z,COLA,X,variation,channel,13046.324835566627,nT
2026-03-21T14:25:00.000Z,COLA,X,variation,channel,13054.76717898814,nT
2026-03-21T14:26:00.000Z,COLA,X,variation,channel,13034.492503780391,nT
2026-03-21T14:27:00.000Z,COLA,X,variation,channel,13015.369585778593,nT
2026-03-21T14:28:00.000Z,COLA,X,variation,channel,13010.76904170171,nT
2026-03-21T14:29:00.000Z,COLA,X,variation,channel,12995.477298611524,nT
2026-03-21T14:30:00.000Z,COLA,X,variation,channel,12998.902471866264,nT
2026-03-21T14:31:00.000Z,COLA,X,variation,channel,13012.563656343324,nT
2026-03-21T14:32:00.000Z,COLA,X,variation,channel,13030.846861126132,nT
2026-03-21T14:33:00.000Z,COLA,X,variation,channel,13037.874228519397,nT
2026-03-21T14:34:00.000Z,COLA,X,variation,channel,13032.372178951033,nT
2026-03-21T14:35:00.000Z,COLA,X,variation,channel,13041.98024641712,nT
2026-03-21T14:36:00.000Z,COLA,X,variation,channel,13061.352740461882,nT
2026-03-21T14:37:00.000Z,COLA,X,variation,channel,13065.266438753573,nT
2026-03-21T14:38:00.000Z,COLA,X,variation,channel,13058.756467005867,nT
2026-03-21T14:39:00.000Z,COLA,X,variation,channel,13063.458536550199,nT
2026-03-21T14:40:00.000Z,COLA,X,variation,channel,13078.991991261631,nT
2026-03-21T14:41:00.000Z,COLA,X,variation,channel,13090.553959964076,nT
2026-03-21T14:42:00.000Z,COLA,X,variation,channel,13090.166365421763,nT
2026-03-21T14:43:00.000Z,COLA,X,variation,channel,13091.037114037732,nT
2026-03-21T14:44:00.000Z,COLA,X,variation,channel,13092.896760765363,nT
2026-03-21T14:45:00.000Z,COLA,X,variation,channel,13089.768291528957,nT
2026-03-21T14:46:00.000Z,COLA,X,variation,channel,13084.167767491712,nT
2026-03-21T14:47:00.000Z,COLA,X,variation,channel,13092.055697140957,nT
2026-03-21T14:48:00.000Z,COLA,X,variation,channel,13102.284211928145,nT
2026-03-21T14:49:00.000Z,COLA,X,variation,channel,13096.93559428464,nT
2026-03-21T14:50:00.000Z,COLA,X,variation,channel,13089.3057749102,nT
2026-03-21T14:51:00.000Z,COLA,X,variation,channel,13072.11126921853,nT
2026-03-21T14:52:00.000Z,COLA,X,variation,channel,13066.366304708237,nT
2026-03-21T14:53:00.000Z,COLA,X,variation,channel,13067.138892555064,nT
2026-03-21T14:54:00.000Z,COLA,X,variation,channel,13064.410537524715,nT
2026-03-21T14:55:00.000Z,COLA,X,variation,channel,13067.141909214517,nT
2026-03-21T14:56:00.000Z,COLA,X,variation,channel,13096.61654085687,nT
2026-03-21T14:57:00.000Z,COLA,X,variation,channel,13126.827068070763,nT
2026-03-21T14:58:00.000Z,COLA,X,variation,channel,13125.050037224551,nT
2026-03-21T14:59:00.000Z,COLA,X,variation,channel,13099.846309918103,nT
2026-03-21T15:00:00.000Z,COLA,X,variation,channel,13077.384538307077,nT
2026-03-21T15:01:00.000Z,COLA,X,variation,channel,13059.085325662381,nT
2026-03-21T15:02:00.000Z,COLA,X,variation,channel,13069.777730016822,nT
2026-03-21T15:03:00.000Z,COLA,X,variation,channel,13069.05998987735,nT
2026-03-21T15:04:00.000Z,COLA,X,variation,channel,13092.666367637343,nT
2026-03-21T15:05:00.000Z,COLA,X,variation,channel,13107.125298266046,nT
2026-03-21T15:06:00.000Z,COLA,X,variation,channel,13098.081417455389,nT
2026-03-21T15:07:00.000Z,COLA,X,variation,channel,13092.928439371643,nT
2026-03-21T15:08:00.000Z,COLA,X,variation,channel,13099.2001216483,nT
2026-03-21T15:09:00.000Z,COLA,X,variation,channel,13104.726677468841,nT
2026-03-21T15:10:00.000Z,COLA,X,variation,channel,13100.739590452697,nT
2026-03-21T15:11:00.000Z,COLA,X,variation,channel,13117.057888353514,nT
2026-03-21T15:12:00.000Z,COLA,X,variation,channel,13136.859390448666,nT
2026-03-21T15:13:00.000Z,COLA,X,variation,channel,13103.956964206953,nT
2026-03-21T15:14:00.000Z,COLA,X,variation,channel,13098.609850943909,nT
2026-03-21T15:15:00.000Z,COLA,X,variation,channel,13122.705894273553,nT
2026-03-21T15:16:00.000Z,COLA,X,variation,channel,13117.470911547634,nT
2026-03-21T15:17:00.000Z,COLA,X,variation,channel,13148.851380413325,nT
2026-03-21T15:18:00.000Z,COLA,X,variation,channel,13151.957829124132,nT
2026-03-21T15:19:00.000Z,COLA,X,variation,channel,13152.412122496422,nT
2026-03-21T15:20:00.000Z,COLA,X,variation,channel,13188.427771000146,nT
2026-03-21T15:21:00.000Z,COLA,X,variation,channel,13177.651190688084,nT
2026-03-21T15:22:00.000Z,COLA,X,variation,channel,13174.820061786748,nT
2026-03-21T15:23:00.000Z,COLA,X,variation,channel,13179.696195025916,nT
2026-03-21T15:24:00.000Z,COLA,X,variation,channel,13223.33431410498,nT
2026-03-21T15:25:00.000Z,COLA,X,variation,channel,13217.53784820554,nT
2026-03-21T15:26:00.000Z,COLA,X,variation,channel,13203.571435768821,nT
2026-03-21T15:27:00.000Z,COLA,X,variation,channel,13226.745548359026,nT
2026-03-21T15:28:00.000Z,COLA,X,variation,channel,13220.45037405088,nT
2026-03-21T15:29:00.000Z,COLA,X,variation,channel,13203.423737649158,nT
2026-03-21T15:30:00.000Z,COLA,X,variation,channel,13209.71408546804,nT
2026-03-21T15:31:00.000Z,COLA,X,variation,channel,13215.565379499674,nT
2026-03-21T15:32:00.000Z,COLA,X,variation,channel,13217.473872066928,nT
2026-03-21T15:33:00.000Z,COLA,X,variation,channel,13200.863339471945,nT
2026-03-21T15:34:00.000Z,COLA,X,variation,channel,13206.826688807974,nT
2026-03-21T15:35:00.000Z,COLA,X,variation,channel,13220.547514618416,nT
2026-03-21T15:36:00.000Z,COLA,X,variation,channel,13216.37586214595,nT
2026-03-21T15:37:00.000Z,COLA,X,variation,channel,13208.058206567604,nT
2026-03-21T15:38:00.000Z,COLA,X,variation,channel,13207.133577220691,nT
2026-03-21T15:39:00.000Z,COLA,X,variation,channel,13206.624174137856,nT
2026-03-21T15:40:00.000Z,COLA,X,variation,channel,13200.584863520731,nT
2026-03-21T15:41:00.000Z,COLA,X,variation,channel,13191.394144622704,nT
2026-03-21T15:42:00.000Z,COLA,X,variation,channel,13192.68571154865,nT
2026-03-21T15:43:00.000Z,COLA,X,variation,channel,13192.937099892542,nT
2026-03-21T15:44:00.000Z,COLA,X,variation,channel,13182.394019435653,nT
2026-03-21T15:45:00.000Z,COLA,X,variation,channel,13184.68178337504,nT
2026-03-21T15:46:00.000Z,COLA,X,variation,channel,13182.58007891754,nT
2026-03-21T15:47:00.000Z,COLA,X,variation,channel,13187.797570372197,nT
2026-03-21T15:48:00.000Z,COLA,X,variation,channel,13190.841194970328,nT
2026-03-21T15:49:00.000Z,COLA,X,variation,channel,13192.54811339229,nT
2026-03-21T15:50:00.000Z,COLA,X,variation,channel,13195.455515786016,nT
2026-03-21T15:51:00.000Z,COLA,X,variation,channel,13189.362051086902,nT
2026-03-21T15:52:00.000Z,COLA,X,variation,channel,13185.09348425172,nT
2026-03-21T15:53:00.000Z,COLA,X,variation,channel,13189.865004636526,nT
2026-03-21T15:54:00.000Z,COLA,X,variation,channel,13196.91828987092,nT
2026-03-21T15:55:00.000Z,COLA,X,variation,channel,13195.427727183342,nT
2026-03-21T15:56:00.000Z,COLA,X,variation,channel,13188.98196946669,nT
2026-03-21T15:57:00.000Z,COLA,X,variation,channel,13190.039206407386,nT
2026-03-21T15:58:00.000Z,COLA,X,variation,channel,13192.912791076596,nT
2026-03-21T15:59:00.000Z,COLA,X,variation,channel,13191.425111786317,nT
2026-03-21T16:00:00.000Z,COLA,X,variation,channel,13195.331698678661,nT
2026-03-21T16:01:00.000Z,COLA,X,variation,channel,13190.577438175598,nT
2026-03-21T16:02:00.000Z,COLA,X,variation,channel,13189.147435397577,nT
2026-03-21T16:03:00.000Z,COLA,X,variation,channel,13190.728573118029,nT
2026-03-21T16:04:00.000Z,COLA,X,variation,channel,13184.355075614318,nT
2026-03-21T16:05:00.000Z,COLA,X,variation,channel,13189.20598678615,nT
2026-03-21T16:06:00.000Z,COLA,X,variation,channel,13192.201272884258,nT
2026-03-21T16:07:00.000Z,COLA,X,variation,channel,13191.322934351268,nT
2026-03-21T16:08:00.000Z,COLA,X,variation,channel,13191.115833113081,nT
2026-03-21T16:09:00.000Z,COLA,X,variation,channel,13191.482117179801,nT
2026-03-21T16:10:00.000Z,COLA,X,variation,channel,13193.598780372075,nT
2026-03-21T16:11:00.000Z,COLA,X,variation,channel,13194.893715603988,nT
2026-03-21T16:12:00.000Z,COLA,X,variation,channel,13193.266757314166,nT
2026-03-21T16:13:00.000Z,COLA,X,variation,channel,13198.12880271493,nT
2026-03-21T16:14:00.000Z,COLA,X,variation,channel,13204.928074689167,nT
2026-03-21T16:15:00.000Z,COLA,X,variation,channel,13201.881690993538,nT
2026-03-21T16:16:00.000Z,COLA,X,variation,channel,13192.348005026179,nT
2026-03-21T16:17:00.000Z,COLA,X,variation,channel,13188.680080153576,nT
2026-03-21T16:18:00.000Z,COLA,X,variation,channel,13188.124726046972,nT
2026-03-21T16:19:00.000Z,COLA,X,variation,channel,13194.322601897826,nT
2026-03-21T16:20:00.000Z,COLA,X,variation,channel,13201.029551282361,nT
2026-03-21T16:21:00.000Z,COLA,X,variation,channel,13194.180311355105,nT
2026-03-21T16:22:00.000Z,COLA,X,variation,channel,13198.062817049396,nT
2026-03-21T16:23:00.000Z,COLA,X,variation,channel,13190.574179088215,nT
2026-03-21T16:24:00.000Z,COLA,X,variation,channel,13190.30044524654,nT
2026-03-21T16:25:00.000Z,COLA,X,variation,channel,13193.217916621006,nT
2026-03-21T16:26:00.000Z,COLA,X,variation,channel,13188.473049355338,nT
2026-03-21T16:27:00.000Z,COLA,X,variation,channel,13184.353653723154,nT
2026-03-21T16:28:00.000Z,COLA,X,variation,channel,13187.020698733239,nT
2026-03-21T16:29:00.000Z,COLA,X,variation,channel,13188.34822438586,nT
2026-03-21T16:30:00.000Z,COLA,X,variation,channel,13187.383258052074,nT
2026-03-21T16:31:00.000Z,COLA,X,variation,channel,13187.418188723403,nT
2026-03-21T16:32:00.000Z,COLA,X,variation,channel,13186.052726954027,nT
2026-03-21T16:33:00.000Z,COLA,X,variation,channel,13181.031632734688,nT
2026-03-21T16:34:00.000Z,COLA,X,variation,channel,13183.290850118208,nT
2026-03-21T16:35:00.000Z,COLA,X,variation,channel,13176.611317886918,nT
2026-03-21T16:36:00.000Z,COLA,X,variation,channel,13177.560729246146,nT
2026-03-21T16:37:00.000Z,COLA,X,variation,channel,13189.677507766353,nT
2026-03-21T16:38:00.000Z,COLA,X,variation,channel,13188.316855662755,nT
2026-03-21T16:39:00.000Z,COLA,X,variation,channel,13188.080604069495,nT
2026-03-21T16:40:00.000Z,COLA,X,variation,channel,13190.393823411157,nT
2026-03-21T16:41:00.000Z,COLA,X,variation,channel,13183.044315245084,nT
2026-03-21T16:42:00.000Z,COLA,X,variation,channel,13177.873816209472,nT
2026-03-21T16:43:00.000Z,COLA,X,variation,channel,13185.314435449627,nT
2026-03-21T16:44:00.000Z,COLA,X,variation,channel,13190.552084087869,nT
2026-03-21T16:45:00.000Z,COLA,X,variation,channel,13188.686359959693,nT
2026-03-21T16:46:00.000Z,COLA,X,variation,channel,13188.377996860141,nT
2026-03-21T16:47:00.000Z,COLA,X,variation,channel,13187.158924831008,nT
2026-03-21T16:48:00.000Z,COLA,X,variation,channel,13186.28944287985,nT
2026-03-21T16:49:00.000Z,COLA,X,variation,channel,13180.605047288373,nT
2026-03-21T16:50:00.000Z,COLA,X,variation,channel,13180.59511117839,nT
2026-03-21T16:51:00.000Z,COLA,X,variation,channel,13183.36485451048,nT
2026-03-21T16:52:00.000Z,COLA,X,variation,channel,13184.268460654406,nT
2026-03-21T16:53:00.000Z,COLA,X,variation,channel,13185.831136894212,nT
2026-03-21T16:54:00.000Z,COLA,X,variation,channel,13193.396940601311,nT
2026-03-21T16:55:00.000Z,COLA,X,variation,channel,13195.94996517162,nT
2026-03-21T16:56:00.000Z,COLA,X,variation,channel,13197.279912755735,nT
2026-03-21T16:57:00.000Z,COLA,X,variation,channel,13205.136964868676,nT
2026-03-21T16:58:00.000Z,COLA,X,variation,channel,13203.205417212499,nT
2026-03-21T16:59:00.000Z,COLA,X,variation,channel,13204.98321425227,nT
2026-03-21T17:00:00.000Z,COLA,X,variation,channel,13202.484267508757,nT
2026-03-21T17:01:00.000Z,COLA,X,variation,channel,13196.38360135771,nT
2026-03-21T17:02:00.000Z,COLA,X,variation,channel,13202.005429107572,nT
2026-03-21T17:03:00.000Z,COLA,X,variation,channel,13207.397000240375,nT
2026-03-21T17:04:00.000Z,COLA,X,variation,channel,13197.763993920353,nT
2026-03-21T17:05:00.000Z,COLA,X,variation,channel,13190.073794207223,nT
2026-03-21T17:06:00.000Z,COLA,X,variation,channel,13184.093199789373,nT
2026-03-21T17:07:00.000Z,COLA,X,variation,channel,13181.224365330623,nT
2026-03-21T17:08:00.000Z,COLA,X,variation,channel,13188.75822938961,nT
2026-03-21T17:09:00.000Z,COLA,X,variation,channel,13195.89440957773,nT
2026-03-21T17:10:00.000Z,COLA,X,variation,channel,13197.123169230425,nT
2026-03-21T17:11:00.000Z,COLA,X,variation,channel,13199.89912272268,nT
2026-03-21T17:12:00.000Z,COLA,X,variation,channel,13207.349929103839,nT
2026-03-21T17:13:00.000Z,COLA,X,variation,channel,13208.22482231869,nT
2026-03-21T17:14:00.000Z,COLA,X,variation,channel,13206.019743853481,nT
2026-03-21T17:15:00.000Z,COLA,X,variation,channel,13203.347790637908,nT
2026-03-21T17:16:00.000Z,COLA,X,variation,channel,13198.907277777771,nT
2026-03-21T17:17:00.000Z,COLA,X,variation,channel,13196.82126612583,nT
2026-03-21T17:18:00.000Z,COLA,X,variation,channel,13195.921316878515,nT
2026-03-21T17:19:00.000Z,COLA,X,variation,channel,13194.239006157864,nT
2026-03-21T17:20:00.000Z,COLA,X,variation,channel,13191.678273494428,nT
2026-03-21T17:21:00.000Z,COLA,X,variation,channel,13188.877837329708,nT
2026-03-21T17:22:00.000Z,COLA,X,variation,channel,13183.352510428014,nT
2026-03-21T17:23:00.000Z,COLA,X,variation,channel,13184.12492010777,nT
2026-03-21T17:24:00.000Z,COLA,X,variation,channel,13195.050775463458,nT
2026-03-21T17:25:00.000Z,COLA,X,variation,channel,13206.599458633746,nT
2026-03-21T17:26:00.000Z,COLA,X,variation,channel,13203.982729147203,nT
2026-03-21T17:27:00.000Z,COLA,X,variation,channel,13193.374860233695,nT
2026-03-21T17:28:00.000Z,COLA,X,variation,channel,13192.9011474664,nT
2026-03-21T17:29:00.000Z,COLA,X,variation,channel,13201.654278344353,nT
2026-03-21T17:30:00.000Z,COLA,X,variation,channel,13212.983784887705,nT
2026-03-21T17:31:00.000Z,COLA,X,variation,channel,13224.274528349393,nT
2026-03-21T17:32:00.000Z,COLA,X,variation,channel,13226.35346221295,nT
2026-03-21T17:33:00.000Z,COLA,X,variation,channel,13217.158234496628,nT
2026-03-21T17:34:00.000Z,COLA,X,variation,channel,13209.104410116977,nT
2026-03-21T17:35:00.000Z,COLA,X,variation,channel,13198.710258122432,nT
2026-03-21T17:36:00.000Z,COLA,X,variation,channel,13187.403776125215,nT
2026-03-21T17:37:00.000Z,COLA,X,variation,channel,13182.427594412042,nT
2026-03-21T17:38:00.000Z,COLA,X,variation,channel,13187.075145593502,nT
2026-03-21T17:39:00.000Z,COLA,X,variation,channel,13189.897658378854,nT
2026-03-21T17:40:00.000Z,COLA,X,variation,channel,13189.206714506057,nT
2026-03-21T17:41:00.000Z,COLA,X,variation,channel,13188.427538364018,nT
2026-03-21T17:42:00.000Z,COLA,X,variation,channel,13179.997238188666,nT
2026-03-21T17:43:00.000Z,COLA,X,variation,channel,13176.88582606667,nT
2026-03-21T17:44:00.000Z,COLA,X,variation,channel,13180.389177953666,nT
2026-03-21T17:45:00.000Z,COLA,X,variation,channel,13180.878894213272,nT
2026-03-21T17:46:00.000Z,COLA,X,variation,channel,13179.579714324967,nT
2026-03-21T17:47:00.000Z,COLA,X,variation,channel,13176.350237643983,nT
2026-03-21T17:48:00.000Z,COLA,X,variation,channel,13170.209781342033,nT
2026-03-21T17:49:00.000Z,COLA,X,variation,channel,13169.602842792614,nT
2026-03-21T17:50:00.000Z,COLA,X,variation,channel,13174.844237505666,nT
2026-03-21T17:51:00.000Z,COLA,X,variation,channel,13182.61271454198,nT
2026-03-21T17:52:00.000Z,COLA,X,variation,channel,13181.465955104286,nT
2026-03-21T17:53:00.000Z,COLA,X,variation,channel,13180.836880403753,nT
2026-03-21T17:54:00.000Z,COLA,X,variation,channel,13184.374994752907,nT
2026-03-21T17:55:00.000Z,COLA,X,variation,channel,13185.123153408971,nT
2026-03-21T17:56:00.000Z,COLA,X,variation,channel,13188.420704980348,nT
2026-03-21T17:57:00.000Z,COLA,X,variation,channel,13192.304213635536,nT
2026-03-21T17:58:00.000Z,COLA,X,variation,channel,13187.59993445198,nT
2026-03-21T17:59:00.000Z,COLA,X,variation,channel,13179.692196903476,nT
2026-03-21T18:00:00.000Z,COLA,X,variation,channel,13176.83968159714,nT
2026-03-21T18:01:00.000Z,COLA,X,variation,channel,13171.087531883768,nT
2026-03-21T18:02:00.000Z,COLA,X,variation,channel,13170.581012140354,nT
2026-03-21T18:03:00.000Z,COLA,X,variation,channel,13166.242963446575,nT
2026-03-21T18:04:00.000Z,COLA,X,variation,channel,13162.633981214143,nT
2026-03-21T18:05:00.000Z,COLA,X,variation,channel,13164.24492828747,nT
2026-03-21T18:06:00.000Z,COLA,X,variation,channel,13160.318229034203,nT
2026-03-21T18:07:00.000Z,COLA,X,variation,channel,13155.960494354982,nT
2026-03-21T18:08:00.000Z,COLA,X,variation,channel,13170.630336926733,nT
2026-03-21T18:09:00.000Z,COLA,X,variation,channel,13197.379008154538,nT
2026-03-21T18:10:00.000Z,COLA,X,variation,channel,13193.183270390815,nT
2026-03-21T18:11:00.000Z,COLA,X,variation,channel,13168.101213781709,nT
2026-03-21T18:12:00.000Z,COLA,X,variation,channel,13169.360137819383,nT
2026-03-21T18:13:00.000Z,COLA,X,variation,channel,13174.45800459091,nT
2026-03-21T18:14:00.000Z,COLA,X,variation,channel,13136.870015036136,nT
2026-03-21T18:15:00.000Z,COLA,X,variation,channel,13122.32259268901,nT
2026-03-21T18:16:00.000Z,COLA,X,variation,channel,13160.063925061711,nT
2026-03-21T18:17:00.000Z,COLA,X,variation,channel,13160.209033828887,nT
2026-03-21T18:18:00.000Z,COLA,X,variation,channel,13138.310066650143,nT
2026-03-21T18:19:00.000Z,COLA,X,variation,channel,13139.108628625185,nT
2026-03-21T18:20:00.000Z,COLA,X,variation,channel,13147.223570101283,nT
2026-03-21T18:21:00.000Z,COLA,X,variation,channel,13150.798232620231,nT
2026-03-21T18:22:00.000Z,COLA,X,variation,channel,13151.483091990029,nT
2026-03-21T18:23:00.000Z,COLA,X,variation,channel,13150.812917516405,nT
2026-03-21T18:24:00.000Z,COLA,X,variation,channel,13154.682249563093,nT
2026-03-21T18:25:00.000Z,COLA,X,variation,channel,13163.831694935137,nT
2026-03-21T18:26:00.000Z,COLA,X,variation,channel,13181.125669914038,nT
2026-03-21T18:27:00.000Z,COLA,X,variation,channel,13178.632306706355,nT
2026-03-21T18:28:00.000Z,COLA,X,variation,channel,13167.997396121387,nT
2026-03-21T18:29:00.000Z,COLA,X,variation,channel,13161.304281826064,nT
2026-03-21T18:30:00.000Z,COLA,X,variation,channel,13163.285138777457,nT
2026-03-21T18:31:00.000Z,COLA,X,variation,channel,13173.954135147287,nT
2026-03-21T18:32:00.000Z,COLA,X,variation,channel,13174.106452377815,nT
2026-03-21T18:33:00.000Z,COLA,X,variation,channel,13161.559681903242,nT
2026-03-21T18:34:00.000Z,COLA,X,variation,channel,13162.960364987519,nT
2026-03-21T18:35:00.000Z,COLA,X,variation,channel,13179.449519771266,nT
2026-03-21T18:36:00.000Z,COLA,X,variation,channel,13179.691045311534,nT
2026-03-21T18:37:00.000Z,COLA,X,variation,channel,13164.819348425302,nT
2026-03-21T18:38:00.000Z,COLA,X,variation,channel,13151.78574545187,nT
2026-03-21T18:39:00.000Z,COLA,X,variation,channel,13157.045355533115,nT
2026-03-21T18:40:00.000Z,COLA,X,variation,channel,13159.560445136429,nT
2026-03-21T18:41:00.000Z,COLA,X,variation,channel,13153.82847340606,nT
2026-03-21T18:42:00.000Z,COLA,X,variation,channel,13155.43081624994,nT
2026-03-21T18:43:00.000Z,COLA,X,variation,channel,13166.852620774007,nT
2026-03-21T18:44:00.000Z,COLA,X,variation,channel,13183.588217491293,nT
2026-03-21T18:45:00.000Z,COLA,X,variation,channel,13182.465836521706,nT
2026-03-21T18:46:00.000Z,COLA,X,variation,channel,13171.902545279161,nT
2026-03-21T18:47:00.000Z,COLA,X,variation,channel,13170.592406326748,nT
2026-03-21T18:48:00.000Z,COLA,X,variation,channel,13166.751822251808,nT
2026-03-21T18:49:00.000Z,COLA,X,variation,channel,13161.911827908558,nT
2026-03-21T18:50:00.000Z,COLA,X,variation,channel,13178.084703153967,nT
2026-03-21T18:51:00.000Z,COLA,X,variation,channel,13209.446426738556,nT
2026-03-21T18:52:00.000Z,COLA,X,variation,channel,13183.28935701984,nT
2026-03-21T18:53:00.000Z,COLA,X,variation,channel,13155.013669343114,nT
2026-03-21T18:54:00.000Z,COLA,X,variation,channel,13170.55487781922,nT
2026-03-21T18:55:00.000Z,COLA,X,variation,channel,13181.7424252546,nT
2026-03-21T18:56:00.000Z,COLA,X,variation,channel,13188.806762576627,nT
2026-03-21T18:57:00.000Z,COLA,X,variation,channel,13193.380268852285,nT
2026-03-21T18:58:00.000Z,COLA,X,variation,channel,13193.859205933519,nT
2026-03-21T18:59:00.000Z,COLA,X,variation,channel,13193.41869303175,nT
2026-03-21T19:00:00.000Z,COLA,X,variation,channel,13189.812213171825,nT
2026-03-21T19:01:00.000Z,COLA,X,variation,channel,13186.649180305158,nT
2026-03-21T19:02:00.000Z,COLA,X,variation,channel,13188.31528041779,nT
2026-03-21T19:03:00.000Z,COLA,X,variation,channel,13189.996226236915,nT
2026-03-21T19:04:00.000Z,COLA,X,variation,channel,13186.859739492837,nT
2026-03-21T19:05:00.000Z,COLA,X,variation,channel,13182.873733261984,nT
2026-03-21T19:06:00.000Z,COLA,X,variation,channel,13182.86266480328,nT
2026-03-21T19:07:00.000Z,COLA,X,variation,channel,13184.233857431942,nT
2026-03-21T19:08:00.000Z,COLA,X,variation,channel,13188.286523928247,nT
2026-03-21T19:09:00.000Z,COLA,X,variation,channel,13190.113618271158,nT
2026-03-21T19:10:00.000Z,COLA,X,variation,channel,13189.156671252957,nT
2026-03-21T19:11:00.000Z,COLA,X,variation,channel,13189.267886325504,nT
2026-03-21T19:12:00.000Z,COLA,X,variation,channel,13192.569361967795,nT
2026-03-21T19:13:00.000Z,COLA,X,variation,channel,13185.702010557021,nT
2026-03-21T19:14:00.000Z,COLA,X,variation,channel,13179.029645162964,nT
2026-03-21T19:15:00.000Z,COLA,X,variation,channel,13172.532386427356,nT
2026-03-21T19:16:00.000Z,COLA,X,variation,channel,13170.619303703244,nT
2026-03-21T19:17:00.000Z,COLA,X,variation,channel,13176.34310533221,nT
2026-03-21T19:18:00.000Z,COLA,X,variation,channel,13174.436655024034,nT
2026-03-21T19:19:00.000Z,COLA,X,variation,channel,13169.756074304385,nT
2026-03-21T19:20:00.000Z,COLA,X,variation,channel,13172.39514989578,nT
2026-03-21T19:21:00.000Z,COLA,X,variation,channel,13171.421597034185,nT
2026-03-21T19:22:00.000Z,COLA,X,variation,channel,13174.337113115802,nT
2026-03-21T19:23:00.000Z,COLA,X,variation,channel,13178.45307283942,nT
2026-03-21T19:24:00.000Z,COLA,X,variation,channel,13179.287703193784,nT
2026-03-21T19:25:00.000Z,COLA,X,variation,channel,13179.35187918659,nT
2026-03-21T19:26:00.000Z,COLA,X,variation,channel,13181.555787194218,nT
2026-03-21T19:27:00.000Z,COLA,X,variation,channel,13180.85490180659,nT
2026-03-21T19:28:00.000Z,COLA,X,variation,channel,13176.200095102482,nT
2026-03-21T19:29:00.000Z,COLA,X,variation,channel,13176.828485152671,nT
2026-03-21T19:30:00.000Z,COLA,X,variation,channel,13181.539609757661,nT
2026-03-21T19:31:00.000Z,COLA,X,variation,channel,13179.312365826265,nT
2026-03-21T19:32:00.000Z,COLA,X,variation,channel,13175.957210267052,nT
2026-03-21T19:33:00.000Z,COLA,X,variation,channel,13186.384344726723,nT
2026-03-21T19:34:00.000Z,COLA,X,variation,channel,13187.221910667815,nT
2026-03-21T19:35:00.000Z,COLA,X,variation,channel,13171.11602091919,nT
2026-03-21T19:36:00.000Z,COLA,X,variation,channel,13166.39297756346,nT
2026-03-21T19:37:00.000Z,COLA,X,variation,channel,13174.850471728827,nT
2026-03-21T19:38:00.000Z,COLA,X,variation,channel,13183.06897987781,nT
2026-03-21T19:39:00.000Z,COLA,X,variation,channel,13185.098322012078,nT
2026-03-21T19:40:00.000Z,COLA,X,variation,channel,13190.29769480625,nT
2026-03-21T19:41:00.000Z,COLA,X,variation,channel,13188.152166550004,nT
2026-03-21T19:42:00.000Z,COLA,X,variation,channel,13181.686146376418,nT
2026-03-21T19:43:00.000Z,COLA,X,variation,channel,13181.766526098958,nT
2026-03-21T19:44:00.000Z,COLA,X,variation,channel,13184.676656231739,nT
2026-03-21T19:45:00.000Z,COLA,X,variation,channel,13181.832254000905,nT
2026-03-21T19:46:00.000Z,COLA,X,variation,channel,13179.86351935914,nT
2026-03-21T19:47:00.000Z,COLA,X,variation,channel,13178.627214783883,nT
2026-03-21T19:48:00.000Z,COLA,X,variation,channel,13170.912798972015,nT
2026-03-21T19:49:00.000Z,COLA,X,variation,channel,13171.888041754997,nT
2026-03-21T19:50:00.000Z,COLA,X,variation,channel,13173.312415234874,nT
2026-03-21T19:51:00.000Z,COLA,X,variation,channel,13174.649884349368,nT
2026-03-21T19:52:00.000Z,COLA,X,variation,channel,13175.387397228405,nT
2026-03-21T19:53:00.000Z,COLA,X,variation,channel,13172.253110449881,nT
2026-03-21T19:54:00.000Z,COLA,X,variation,channel,13174.904109450645,nT
2026-03-21T19:55:00.000Z,COLA,X,variation,channel,13180.889495386746,nT
2026-03-21T19:56:00.000Z,COLA,X,variation,channel,13186.609039059133,nT
2026-03-21T19:57:00.000Z,COLA,X,variation,channel,13186.062672440594,nT
2026-03-21T19:58:00.000Z,COLA,X,variation,channel,13182.529116209802,nT
2026-03-21T19:59:00.000Z,COLA,X,variation,channel,13176.165710109626,nT
2026-03-21T20:00:00.000Z,COLA,X,variation,channel,13178.069207876853,nT
2026-03-21T20:01:00.000Z,COLA,X,variation,channel,13187.597812317283,nT
2026-03-21T20:02:00.000Z,COLA,X,variation,channel,13197.777711145589,nT
2026-03-21T20:03:00.000Z,COLA,X,variation,channel,13211.797510489685,nT
2026-03-21T20:04:00.000Z,COLA,X,variation,channel,13206.393836175934,nT
2026-03-21T20:05:00.000Z,COLA,X,variation,channel,13149.26923297159,nT
2026-03-21T20:06:00.000Z,COLA,X,variation,channel,13137.424921882977,nT
2026-03-21T20:07:00.000Z,COLA,X,variation,channel,13159.488816766974,nT
2026-03-21T20:08:00.000Z,COLA,X,variation,channel,13155.331042861973,nT
2026-03-21T20:09:00.000Z,COLA,X,variation,channel,13174.379165200184,nT
2026-03-21T20:10:00.000Z,COLA,X,variation,channel,13202.797172428405,nT
2026-03-21T20:11:00.000Z,COLA,X,variation,channel,13191.563931389015,nT
2026-03-21T20:12:00.000Z,COLA,X,variation,channel,13191.355844543872,nT
2026-03-21T20:13:00.000Z,COLA,X,variation,channel,13204.429063766505,nT
2026-03-21T20:14:00.000Z,COLA,X,variation,channel,13186.529305210886,nT
2026-03-21T20:15:00.000Z,COLA,X,variation,channel,13165.676648415098,nT
2026-03-21T20:16:00.000Z,COLA,X,variation,channel,13156.260782668753,nT
2026-03-21T20:17:00.000Z,COLA,X,variation,channel,13147.457193856155,nT
2026-03-21T20:18:00.000Z,COLA,X,variation,channel,13146.829351853863,nT
2026-03-21T20:19:00.000Z,COLA,X,variation,channel,13150.657147427648,nT
2026-03-21T20:20:00.000Z,COLA,X,variation,channel,13145.591060522562,nT
2026-03-21T20:21:00.000Z,COLA,X,variation,channel,13128.8550023518,nT
2026-03-21T20:22:00.000Z,COLA,X,variation,channel,13124.05660932754,nT
2026-03-21T20:23:00.000Z,COLA,X,variation,channel,13127.004102788876,nT
2026-03-21T20:24:00.000Z,COLA,X,variation,channel,13135.18844250453,nT
2026-03-21T20:25:00.000Z,COLA,X,variation,channel,13146.900038747866,nT
2026-03-21T20:26:00.000Z,COLA,X,variation,channel,13153.036210720751,nT
2026-03-21T20:27:00.000Z,COLA,X,variation,channel,13159.141506721178,nT
2026-03-21T20:28:00.000Z,COLA,X,variation,channel,13163.93563506578,nT
2026-03-21T20:29:00.000Z,COLA,X,variation,channel,13165.012914556046,nT
2026-03-21T20:30:00.000Z,COLA,X,variation,channel,13165.29720019954,nT
2026-03-21T20:31:00.000Z,COLA,X,variation,channel,13167.930695514618,nT
2026-03-21T20:32:00.000Z,COLA,X,variation,channel,13164.133831292298,nT
2026-03-21T20:33:00.000Z,COLA,X,variation,channel,13154.11636018957,nT
2026-03-21T20:34:00.000Z,COLA,X,variation,channel,13147.30579081878,nT
2026-03-21T20:35:00.000Z,COLA,X,variation,channel,13141.923302271693,nT
2026-03-21T20:36:00.000Z,COLA,X,variation,channel,13131.190188538487,nT
2026-03-21T20:37:00.000Z,COLA,X,variation,channel,13125.588051397648,nT
2026-03-21T20:38:00.000Z,COLA,X,variation,channel,13121.418256347653,nT
2026-03-21T20:39:00.000Z,COLA,X,variation,channel,13122.847083296769,nT
2026-03-21T20:40:00.000Z,COLA,X,variation,channel,13127.194786248834,nT
2026-03-21T20:41:00.000Z,COLA,X,variation,channel,13117.482202658573,nT
2026-03-21T20:42:00.000Z,COLA,X,variation,channel,13113.56995502506,nT
2026-03-21T20:43:00.000Z,COLA,X,variation,channel,13112.984506375009,nT
2026-03-21T20:44:00.000Z,COLA,X,variation,channel,13119.453531611183,nT
2026-03-21T20:45:00.000Z,COLA,X,variation,channel,13127.158383783497,nT
2026-03-21T20:46:00.000Z,COLA,X,variation,channel,13128.217937741656,nT
2026-03-21T20:47:00.000Z,COLA,X,variation,channel,13133.218282861404,nT
2026-03-21T20:48:00.000Z,COLA,X,variation,channel,13140.238328671703,nT
2026-03-21T20:49:00.000Z,COLA,X,variation,channel,13147.834112370181,nT
2026-03-21T20:50:00.000Z,COLA,X,variation,channel,13151.379990611098,nT
2026-03-21T20:51:00.000Z,COLA,X,variation,channel,13150.766010305868,nT
2026-03-21T20:52:00.000Z,COLA,X,variation,channel,13145.69899771625,nT
2026-03-21T20:53:00.000Z,COLA,X,variation,channel,13141.32803354737,nT
2026-03-21T20:54:00.000Z,COLA,X,variation,channel,13141.426648373339,nT
2026-03-21T20:55:00.000Z,COLA,X,variation,channel,13135.735279242394,nT
2026-03-21T20:56:00.000Z,COLA,X,variation,channel,13141.521789565217,nT
2026-03-21T20:57:00.000Z,COLA,X,variation,channel,13144.476522182984,nT
2026-03-21T20:58:00.000Z,COLA,X,variation,channel,13138.332603635892,nT
2026-03-21T20:59:00.000Z,COLA,X,variation,channel,13135.131295051473,nT
2026-03-21T21:00:00.000Z,COLA,X,variation,channel,13130.645940813838,nT
2026-03-21T21:01:00.000Z,COLA,X,variation,channel,13127.60786471604,nT
2026-03-21T21:02:00.000Z,COLA,X,variation,channel,13129.558557198494,nT
2026-03-21T21:03:00.000Z,COLA,X,variation,channel,13131.101375772318,nT
2026-03-21T21:04:00.000Z,COLA,X,variation,channel,13132.84636936378,nT
2026-03-21T21:05:00.000Z,COLA,X,variation,channel,13130.79450645528,nT
2026-03-21T21:06:00.000Z,COLA,X,variation,channel,13128.316591208837,nT
2026-03-21T21:07:00.000Z,COLA,X,variation,channel,13129.857814107852,nT
2026-03-21T21:08:00.000Z,COLA,X,variation,channel,13122.07739439521,nT
2026-03-21T21:09:00.000Z,COLA,X,variation,channel,13130.911996108658,nT
2026-03-21T21:10:00.000Z,COLA,X,variation,channel,13145.178266373874,nT
2026-03-21T21:11:00.000Z,COLA,X,variation,channel,13128.33117688153,nT
2026-03-21T21:12:00.000Z,COLA,X,variation,channel,13112.580121116394,nT
2026-03-21T21:13:00.000Z,COLA,X,variation,channel,13119.579410437158,nT
2026-03-21T21:14:00.000Z,COLA,X,variation,channel,13119.313837566742,nT
2026-03-21T21:15:00.000Z,COLA,X,variation,channel,13119.40149086271,nT
2026-03-21T21:16:00.000Z,COLA,X,variation,channel,13122.465861353232,nT
2026-03-21T21:17:00.000Z,COLA,X,variation,channel,13119.530730106077,nT
2026-03-21T21:18:00.000Z,COLA,X,variation,channel,13115.144162323972,nT
2026-03-21T21:19:00.000Z,COLA,X,variation,channel,13116.04909076343,nT
2026-03-21T21:20:00.000Z,COLA,X,variation,channel,13118.528807840752,nT
2026-03-21T21:21:00.000Z,COLA,X,variation,channel,13117.749311547821,nT
2026-03-21T21:22:00.000Z,COLA,X,variation,channel,13126.212515995028,nT
2026-03-21T21:23:00.000Z,COLA,X,variation,channel,13133.34549729416,nT
2026-03-21T21:24:00.000Z,COLA,X,variation,channel,13129.019783558591,nT
2026-03-21T21:25:00.000Z,COLA,X,variation,channel,13130.18212624494,nT
2026-03-21T21:26:00.000Z,COLA,X,variation,channel,13133.013838778861,nT
2026-03-21T21:27:00.000Z,COLA,X,variation,channel,13134.531897220131,nT
2026-03-21T21:28:00.000Z,COLA,X,variation,channel,13135.294623585814,nT
2026-03-21T21:29:00.000Z,COLA,X,variation,channel,13130.213633520725,nT
2026-03-21T21:30:00.000Z,COLA,X,variation,channel,13128.509106950058,nT
2026-03-21T21:31:00.000Z,COLA,X,variation,channel,13132.521110200805,nT
2026-03-21T21:32:00.000Z,COLA,X,variation,channel,13135.82026121834,nT
2026-03-21T21:33:00.000Z,COLA,X,variation,channel,13138.401354611839,nT
2026-03-21T21:34:00.000Z,COLA,X,variation,channel,13143.989325815252,nT
2026-03-21T21:35:00.000Z,COLA,X,variation,channel,13148.865576747356,nT
2026-03-21T21:36:00.000Z,COLA,X,variation,channel,13155.458604632016,nT
2026-03-21T21:37:00.000Z,COLA,X,variation,channel,13163.762940272942,nT
2026-03-21T21:38:00.000Z,COLA,X,variation,channel,13164.208256838217,nT
2026-03-21T21:39:00.000Z,COLA,X,variation,channel,13167.16174609646,nT
2026-03-21T21:40:00.000Z,COLA,X,variation,channel,13172.97876726572,nT
2026-03-21T21:41:00.000Z,COLA,X,variation,channel,13181.14053832886,nT
2026-03-21T21:42:00.000Z,COLA,X,variation,channel,13179.893494476597,nT
2026-03-21T21:43:00.000Z,COLA,X,variation,channel,13167.327994158808,nT
2026-03-21T21:44:00.000Z,COLA,X,variation,channel,13168.289476247415,nT
2026-03-21T21:45:00.000Z,COLA,X,variation,channel,13179.27198932981,nT
2026-03-21T21:46:00.000Z,COLA,X,variation,channel,13171.974728831538,nT
2026-03-21T21:47:00.000Z,COLA,X,variation,channel,13170.115108504218,nT
2026-03-21T21:48:00.000Z,COLA,X,variation,channel,13180.309769447422,nT
2026-03-21T21:49:00.000Z,COLA,X,variation,channel,13184.712881182384,nT
2026-03-21T21:50:00.000Z,COLA,X,variation,channel,13183.01842541476,nT
2026-03-21T21:51:00.000Z,COLA,X,variation,channel,13178.772558029468,nT
2026-03-21T21:52:00.000Z,COLA,X,variation,channel,13182.421244656924,nT
2026-03-21T21:53:00.000Z,COLA,X,variation,channel,13179.938071084704,nT
2026-03-21T21:54:00.000Z,COLA,X,variation,channel,13171.119424926574,nT
2026-03-21T21:55:00.000Z,COLA,X,variation,channel,13169.887148141906,nT
2026-03-21T21:56:00.000Z,COLA,X,variation,channel,13170.180944573885,nT
2026-03-21T21:57:00.000Z,COLA,X,variation,channel,13169.898073089364,nT
2026-03-21T21:58:00.000Z,COLA,X,variation,channel,13163.938375595058,nT
2026-03-21T21:59:00.000Z,COLA,X,variation,channel,13160.989413871792,nT
2026-03-21T22:00:00.000Z,COLA,X,variation,channel,13165.24148064896,nT
2026-03-21T22:01:00.000Z,COLA,X,variation,channel,13163.162357497644,nT
2026-03-21T22:02:00.000Z,COLA,X,variation,channel,13168.002127811413,nT
2026-03-21T22:03:00.000Z,COLA,X,variation,channel,13181.117519346657,nT
2026-03-21T22:04:00.000Z,COLA,X,variation,channel,13183.192364201024,nT
2026-03-21T22:05:00.000Z,COLA,X,variation,channel,13173.781443626076,nT
2026-03-21T22:06:00.000Z,COLA,X,variation,channel,13167.829266285089,nT
2026-03-21T22:07:00.000Z,COLA,X,variation,channel,13168.45316815129,nT
2026-03-21T22:08:00.000Z,COLA,X,variation,channel,13172.767514125242,nT
2026-03-21T22:09:00.000Z,COLA,X,variation,channel,13177.078583456296,nT
2026-03-21T22:10:00.000Z,COLA,X,variation,channel,13169.153480080084,nT
2026-03-21T22:11:00.000Z,COLA,X,variation,channel,13163.129240255688,nT
2026-03-21T22:12:00.000Z,COLA,X,variation,channel,13163.26753099751,nT
2026-03-21T22:13:00.000Z,COLA,X,variation,channel,13159.775419371175,nT
2026-03-21T22:14:00.000Z,COLA,X,variation,channel,13154.82044279831,nT
2026-03-21T22:15:00.000Z,COLA,X,variation,channel,13159.420907467975,nT
2026-03-21T22:16:00.000Z,COLA,X,variation,channel,13163.60612777611,nT
2026-03-21T22:17:00.000Z,COLA,X,variation,channel,13166.824496994974,nT
2026-03-21T22:18:00.000Z,COLA,X,variation,channel,13165.582723305099,nT
2026-03-21T22:19:00.000Z,COLA,X,variation,channel,13164.658238554404,nT
2026-03-21T22:20:00.000Z,COLA,X,variation,channel,13163.711855496153,nT
2026-03-21T22:21:00.000Z,COLA,X,variation,channel,13167.085135137995,nT
2026-03-21T22:22:00.000Z,COLA,X,variation,channel,13177.360083920257,nT
2026-03-21T22:23:00.000Z,COLA,X,variation,channel,13174.165766518514,nT
2026-03-21T22:24:00.000Z,COLA,X,variation,channel,13164.005976794315,nT
2026-03-21T22:25:00.000Z,COLA,X,variation,channel,13163.381499905621,nT
2026-03-21T22:26:00.000Z,COLA,X,variation,channel,13165.457452510938,nT
2026-03-21T22:27:00.000Z,COLA,X,variation,channel,13167.319354119345,nT
2026-03-21T22:28:00.000Z,COLA,X,variation,channel,13166.254900522965,nT
2026-03-21T22:29:00.000Z,COLA,X,variation,channel,13164.202774612397,nT
2026-03-21T22:30:00.000Z,COLA,X,variation,channel,13166.302829697906,nT
2026-03-21T22:31:00.000Z,COLA,X,variation,channel,13167.832301861092,nT
2026-03-21T22:32:00.000Z,COLA,X,variation,channel,13175.321871937704,nT
2026-03-21T22:33:00.000Z,COLA,X,variation,channel,13178.35383711367,nT
2026-03-21T22:34:00.000Z,COLA,X,variation,channel,13173.678286263412,nT
2026-03-21T22:35:00.000Z,COLA,X,variation,channel,13169.977452470448,nT
2026-03-21T22:36:00.000Z,COLA,X,variation,channel,13166.52331782927,nT
2026-03-21T22:37:00.000Z,COLA,X,variation,channel,13164.262166605506,nT
2026-03-21T22:38:00.000Z,COLA,X,variation,channel,13167.46011872179,nT
2026-03-21T22:39:00.000Z,COLA,X,variation,channel,13169.13643727614,nT
2026-03-21T22:40:00.000Z,COLA,X,variation,channel,13164.475463062525,nT
2026-03-21T22:41:00.000Z,COLA,X,variation,channel,13162.024540795213,nT
2026-03-21T22:42:00.000Z,COLA,X,variation,channel,13164.27939886696,nT
2026-03-21T22:43:00.000Z,COLA,X,variation,channel,13169.897383574036,nT
2026-03-21T22:44:00.000Z,COLA,X,variation,channel,13177.294857428724,nT
2026-03-21T22:45:00.000Z,COLA,X,variation,channel,13180.66768903257,nT
2026-03-21T22:46:00.000Z,COLA,X,variation,channel,13176.50416963394,nT
2026-03-21T22:47:00.000Z,COLA,X,variation,channel,13173.398401125003,nT
2026-03-21T22:48:00.000Z,COLA,X,variation,channel,13175.544146861286,nT
2026-03-21T22:49:00.000Z,COLA,X,variation,channel,13178.801309446095,nT
2026-03-21T22:50:00.000Z,COLA,X,variation,channel,13180.06192292859,nT
2026-03-21T22:51:00.000Z,COLA,X,variation,channel,13179.613720145184,nT
2026-03-21T22:52:00.000Z,COLA,X,variation,channel,13178.67298465947,nT
2026-03-21T22:53:00.000Z,COLA,X,variation,channel,13181.840612582131,nT
2026-03-21T22:54:00.000Z,COLA,X,variation,channel,13188.49316336702,nT
2026-03-21T22:55:00.000Z,COLA,X,variation,channel,13192.253907544226,nT
2026-03-21T22:56:00.000Z,COLA,X,variation,channel,13189.539888043882,nT
2026-03-21T22:57:00.000Z,COLA,X,variation,channel,13190.4622553349,nT
2026-03-21T22:58:00.000Z,COLA,X,variation,channel,13200.428461999914,nT
2026-03-21T22:59:00.000Z,COLA,X,variation,channel,13209.348019199842,nT
2026-03-21T23:00:00.000Z,COLA,X,variation,channel,13204.739274684598,nT
2026-03-21T23:01:00.000Z,COLA,X,variation,channel,13187.551256960567,nT
2026-03-21T23:02:00.000Z,COLA,X,variation,channel,13176.592681623593,nT
2026-03-21T23:03:00.000Z,COLA,X,variation,channel,13180.087340566666,nT
2026-03-21T23:04:00.000Z,COLA,X,variation,channel,13186.40225033698,nT
2026-03-21T23:05:00.000Z,COLA,X,variation,channel,13186.81776261326,nT
2026-03-21T23:06:00.000Z,COLA,X,variation,channel,13180.914461327025,nT
2026-03-21T23:07:00.000Z,COLA,X,variation,channel,13178.020908860226,nT
2026-03-21T23:08:00.000Z,COLA,X,variation,channel,13179.280289901864,nT
2026-03-21T23:09:00.000Z,COLA,X,variation,channel,13181.311246051991,nT
2026-03-21T23:10:00.000Z,COLA,X,variation,channel,13180.515253815262,nT
2026-03-21T23:11:00.000Z,COLA,X,variation,channel,13180.117269550326,nT
2026-03-21T23:12:00.000Z,COLA,X,variation,channel,13181.46432650776,nT
2026-03-21T23:13:00.000Z,COLA,X,variation,channel,13185.016613114183,nT
2026-03-21T23:14:00.000Z,COLA,X,variation,channel,13187.08252879691,nT
2026-03-21T23:15:00.000Z,COLA,X,variation,channel,13184.716802016343,nT
2026-03-21T23:16:00.000Z,COLA,X,variation,channel,13185.176666051695,nT
2026-03-21T23:17:00.000Z,COLA,X,variation,channel,13190.923594010923,nT
2026-03-21T23:18:00.000Z,COLA,X,variation,channel,13194.789530974555,nT
2026-03-21T23:19:00.000Z,COLA,X,variation,channel,13189.82562129657,nT
2026-03-21T23:20:00.000Z,COLA,X,variation,channel,13182.41979743162,nT
2026-03-21T23:21:00.000Z,COLA,X,variation,channel,13179.231425969476,nT
2026-03-21T23:22:00.000Z,COLA,X,variation,channel,13180.66613051946,nT
2026-03-21T23:23:00.000Z,COLA,X,variation,channel,13178.29824753699,nT
2026-03-21T23:24:00.000Z,COLA,X,variation,channel,13177.728464430678,nT
2026-03-21T23:25:00.000Z,COLA,X,variation,channel,13182.747381247966,nT
2026-03-21T23:26:00.000Z,COLA,X,variation,channel,13184.984217794545,nT
2026-03-21T23:27:00.000Z,COLA,X,variation,channel,13184.511737277306,nT
2026-03-21T23:28:00.000Z,COLA,X,variation,channel,13181.900339333915,nT
2026-03-21T23:29:00.000Z,COLA,X,variation,channel,13180.487120198488,nT
2026-03-21T23:30:00.000Z,COLA,X,variation,channel,13185.744553615592,nT
2026-03-21T23:31:00.000Z,COLA,X,variation,channel,13184.351455011936,nT
2026-03-21T23:32:00.000Z,COLA,X,variation,channel,13183.958021449207,nT
2026-03-21T23:33:00.000Z,COLA,X,variation,channel,13183.813354350532,nT
2026-03-21T23:34:00.000Z,COLA,X,variation,channel,13186.935173944927,nT
2026-03-21T23:35:00.000Z,COLA,X,variation,channel,13185.763195314888,nT
2026-03-21T23:36:00.000Z,COLA,X,variation,channel,13183.567122212595,nT
2026-03-21T23:37:00.000Z,COLA,X,variation,channel,13183.775884231876,nT
2026-03-21T23:38:00.000Z,COLA,X,variation,channel,13183.191274281087,nT
2026-03-21T23:39:00.000Z,COLA,X,variation,channel,13181.85683371269,nT
2026-03-21T23:40:00.000Z,COLA,X,variation,channel,13175.260624542325,nT
2026-03-21T23:41:00.000Z,COLA,X,variation,channel,13173.453269042278,nT
2026-03-21T23:42:00.000Z,COLA,X,variation,channel,13180.485414886147,nT
2026-03-21T23:43:00.000Z,COLA,X,variation,channel,13181.675313494421,nT
2026-03-21T23:44:00.000Z,COLA,X,variation,channel,13179.223505321594,nT
2026-03-21T23:45:00.000Z,COLA,X,variation,channel,13188.45580518712,nT
2026-03-21T23:46:00.000Z,COLA,X,variation,channel,13192.48320112641,nT
2026-03-21T23:47:00.000Z,COLA,X,variation,channel,13192.280028227735,nT
2026-03-21T23:48:00.000Z,COLA,X,variation,channel,13197.68458428421,nT
2026-03-21T23:49:00.000Z,COLA,X,variation,channel,13205.855721073407,nT
2026-03-21T23:50:00.000Z,COLA,X,variation,channel,13204.3121657979,nT
2026-03-21T23:51:00.000Z,COLA,X,variation,channel,13203.429098722927,nT
2026-03-21T23:52:00.000Z,COLA,X,variation,channel,13210.018784528113,nT
2026-03-21T23:53:00.000Z,COLA,X,variation,channel,13214.106518520372,nT
2026-03-21T23:54:00.000Z,COLA,X,variation,channel,13220.34200959473,nT
2026-03-21T23:55:00.000Z,COLA,X,variation,channel,13226.274013004195,nT
2026-03-21T23:56:00.000Z,COLA,X,variation,channel,13227.173364990202,nT
2026-03-21T23:57:00.000Z,COLA,X,variation,channel,13222.698501147537,nT
2026-03-21T23:58:00.000Z,COLA,X,variation,channel,13223.152076216062,nT
2026-03-21T23:59:00.000Z,COLA,X,variation,channel,13226.885204586917,nT
2026-03-22T00:00:00.000Z,COLA,X,variation,channel,13225.982068706888,nT
2026-03-22T00:01:00.000Z,COLA,X,variation,channel,13225.130629543919,nT
2026-03-22T00:02:00.000Z,COLA,X,variation,channel,13226.379127331054,nT
2026-03-22T00:03:00.000Z,COLA,X,variation,channel,13227.954478126214,nT
2026-03-22T00:04:00.000Z,COLA,X,variation,channel,13231.954100018847,nT
2026-03-22T00:05:00.000Z,COLA,X,variation,channel,13232.352897866585,nT
2026-03-22T00:06:00.000Z,COLA,X,variation,channel,13230.385892683995,nT
2026-03-22T00:07:00.000Z,COLA,X,variation,channel,13230.897247476358,nT
2026-03-22T00:08:00.000Z,COLA,X,variation,channel,13224.541645669064,nT
2026-03-22T00:09:00.000Z,COLA,X,variation,channel,13225.038005623763,nT
2026-03-22T00:10:00.000Z,COLA,X,variation,channel,13226.314600074442,nT
2026-03-22T00:11:00.000Z,COLA,X,variation,channel,13219.280176553755,nT
2026-03-22T00:12:00.000Z,COLA,X,variation,channel,13217.157894818914,nT
2026-03-22T00:13:00.000Z,COLA,X,variation,channel,13218.617242213586,nT
2026-03-22T00:14:00.000Z,COLA,X,variation,channel,13211.806219374079,nT
2026-03-22T00:15:00.000Z,COLA,X,variation,channel,13202.109516536148,nT
2026-03-22T00:16:00.000Z,COLA,X,variation,channel,13197.397995178417,nT
2026-03-22T00:17:00.000Z,COLA,X,variation,channel,13192.96691296048,nT
2026-03-22T00:18:00.000Z,COLA,X,variation,channel,13182.83005876372,nT
2026-03-22T00:19:00.000Z,COLA,X,variation,channel,13173.703400268609,nT
2026-03-22T00:20:00.000Z,COLA,X,variation,channel,13167.843901301752,nT
2026-03-22T00:21:00.000Z,COLA,X,variation,channel,13167.784930189693,nT
2026-03-22T00:22:00.000Z,COLA,X,variation,channel,13168.139902922849,nT
2026-03-22T00:23:00.000Z,COLA,X,variation,channel,13164.822466906295,nT
2026-03-22T00:24:00.000Z,COLA,X,variation,channel,13160.718282062446,nT
2026-03-22T00:25:00.000Z,COLA,X,variation,channel,13163.439807017343,nT
2026-03-22T00:26:00.000Z,COLA,X,variation,channel,13169.30402989304,nT
2026-03-22T00:27:00.000Z,COLA,X,variation,channel,13171.70893276789,nT
2026-03-22T00:28:00.000Z,COLA,X,variation,channel,13172.016296549418,nT
2026-03-22T00:29:00.000Z,COLA,X,variation,channel,13178.057038717412,nT
2026-03-22T00:30:00.000Z,COLA,X,variation,channel,13188.110769266255,nT
2026-03-22T00:31:00.000Z,COLA,X,variation,channel,13195.528340592038,nT
2026-03-22T00:32:00.000Z,COLA,X,variation,channel,13198.791353382263,nT
2026-03-22T00:33:00.000Z,COLA,X,variation,channel,13201.061893115346,nT
2026-03-22T00:34:00.000Z,COLA,X,variation,channel,13208.186550090379,nT
2026-03-22T00:35:00.000Z,COLA,X,variation,channel,13211.39862816063,nT
2026-03-22T00:36:00.000Z,COLA,X,variation,channel,13212.165084932703,nT
2026-03-22T00:37:00.000Z,COLA,X,variation,channel,13214.369984523282,nT
2026-03-22T00:38:00.000Z,COLA,X,variation,channel,13217.818664940123,nT
2026-03-22T00:39:00.000Z,COLA,X,variation,channel,13221.983057621981,nT
2026-03-22T00:40:00.000Z,COLA,X,variation,channel,13218.053946680107,nT
2026-03-22T00:41:00.000Z,COLA,X,variation,channel,13213.241731512051,nT
2026-03-22T00:42:00.000Z,COLA,X,variation,channel,13222.964866841017,nT
2026-03-22T00:43:00.000Z,COLA,X,variation,channel,13226.626581629847,nT
2026-03-22T00:44:00.000Z,COLA,X,variation,channel,13215.176538633053,nT
2026-03-22T00:45:00.000Z,COLA,X,variation,channel,13212.167271310112,nT
2026-03-22T00:46:00.000Z,COLA,X,variation,channel,13219.370965407315,nT
2026-03-22T00:47:00.000Z,COLA,X,variation,channel,13223.973526406897,nT
2026-03-22T00:48:00.000Z,COLA,X,variation,channel,13213.858857466728,nT
2026-03-22T00:49:00.000Z,COLA,X,variation,channel,13207.81155796032,nT
2026-03-22T00:50:00.000Z,COLA,X,variation,channel,13206.76824641828,nT
2026-03-22T00:51:00.000Z,COLA,X,variation,channel,13209.270013050387,nT
2026-03-22T00:52:00.000Z,COLA,X,variation,channel,13206.932875516353,nT
2026-03-22T00:53:00.000Z,COLA,X,variation,channel,13205.46402697807,nT
2026-03-22T00:54:00.000Z,COLA,X,variation,channel,13213.89271924093,nT
2026-03-22T00:55:00.000Z,COLA,X,variation,channel,13210.839579031855,nT
2026-03-22T00:56:00.000Z,COLA,X,variation,channel,13203.89086875131,nT
2026-03-22T00:57:00.000Z,COLA,X,variation,channel,13201.475760637975,nT
2026-03-22T00:58:00.000Z,COLA,X,variation,channel,13201.478961698898,nT
2026-03-22T00:59:00.000Z,COLA,X,variation,channel,13200.58178443915,nT
2026-03-22T01:00:00.000Z,COLA,X,variation,channel,13199.633200960237,nT
2026-03-22T01:01:00.000Z,COLA,X,variation,channel,13204.551062102148,nT
2026-03-22T01:02:00.000Z,COLA,X,variation,channel,13208.40460289543,nT
2026-03-22T01:03:00.000Z,COLA,X,variation,channel,13206.796139985712,nT
2026-03-22T01:04:00.000Z,COLA,X,variation,channel,13207.333374367885,nT
2026-03-22T01:05:00.000Z,COLA,X,variation,channel,13208.583038925333,nT
2026-03-22T01:06:00.000Z,COLA,X,variation,channel,13202.599415339955,nT
2026-03-22T01:07:00.000Z,COLA,X,variation,channel,13200.493444146072,nT
2026-03-22T01:08:00.000Z,COLA,X,variation,channel,13193.43395570711,nT
2026-03-22T01:09:00.000Z,COLA,X,variation,channel,13192.106204875157,nT
2026-03-22T01:10:00.000Z,COLA,X,variation,channel,13189.429296823739,nT
2026-03-22T01:11:00.000Z,COLA,X,variation,channel,13190.388833191455,nT
2026-03-22T01:12:00.000Z,COLA,X,variation,channel,13201.185841177688,nT
2026-03-22T01:13:00.000Z,COLA,X,variation,channel,13209.77450353303,nT
2026-03-22T01:14:00.000Z,COLA,X,variation,channel,13203.081343193395,nT
2026-03-22T01:15:00.000Z,COLA,X,variation,channel,13203.809032569932,nT
2026-03-22T01:16:00.000Z,COLA,X,variation,channel,13212.996871920175,nT
2026-03-22T01:17:00.000Z,COLA,X,variation,channel,13210.287138778074,nT
2026-03-22T01:18:00.000Z,COLA,X,variation,channel,13200.073414632472,nT
2026-03-22T01:19:00.000Z,COLA,X,variation,channel,13199.596656369602,nT
2026-03-22T01:20:00.000Z,COLA,X,variation,channel,13193.602496653873,nT
2026-03-22T01:21:00.000Z,COLA,X,variation,channel,13183.301700485754,nT
2026-03-22T01:22:00.000Z,COLA,X,variation,channel,13180.824093285137,nT
2026-03-22T01:23:00.000Z,COLA,X,variation,channel,13186.124264059983,nT
2026-03-22T01:24:00.000Z,COLA,X,variation,channel,13185.560987958388,nT
2026-03-22T01:25:00.000Z,COLA,X,variation,channel,13181.238749637121,nT
2026-03-22T01:26:00.000Z,COLA,X,variation,channel,13181.303041511213,nT
2026-03-22T01:27:00.000Z,COLA,X,variation,channel,13191.849284287402,nT
2026-03-22T01:28:00.000Z,COLA,X,variation,channel,13200.025116540319,nT
2026-03-22T01:29:00.000Z,COLA,X,variation,channel,13194.437043285505,nT
2026-03-22T01:30:00.000Z,COLA,X,variation,channel,13196.157743885931,nT
2026-03-22T01:31:00.000Z,COLA,X,variation,channel,13210.290269762929,nT
2026-03-22T01:32:00.000Z,COLA,X,variation,channel,13209.012144032431,nT
2026-03-22T01:33:00.000Z,COLA,X,variation,channel,13209.843528807869,nT
2026-03-22T01:34:00.000Z,COLA,X,variation,channel,13218.997030605804,nT
2026-03-22T01:35:00.000Z,COLA,X,variation,channel,13219.748224525987,nT
2026-03-22T01:36:00.000Z,COLA,X,variation,channel,13229.961905483782,nT
2026-03-22T01:37:00.000Z,COLA,X,variation,channel,13246.395142193192,nT
2026-03-22T01:38:00.000Z,COLA,X,variation,channel,13252.871155847602,nT
2026-03-22T01:39:00.000Z,COLA,X,variation,channel,13264.322795570708,nT
2026-03-22T01:40:00.000Z,COLA,X,variation,channel,13273.437391984527,nT
2026-03-22T01:41:00.000Z,COLA,X,variation,channel,13267.712301165466,nT
2026-03-22T01:42:00.000Z,COLA,X,variation,channel,13264.973362805473,nT
2026-03-22T01:43:00.000Z,COLA,X,variation,channel,13266.877599935773,nT
2026-03-22T01:44:00.000Z,COLA,X,variation,channel,13259.609444901696,nT
2026-03-22T01:45:00.000Z,COLA,X,variation,channel,13246.972808011342,nT
2026-03-22T01:46:00.000Z,COLA,X,variation,channel,13234.053538815593,nT
2026-03-22T01:47:00.000Z,COLA,X,variation,channel,13225.897027732017,nT
2026-03-22T01:48:00.000Z,COLA,X,variation,channel,13222.091123561908,nT
2026-03-22T01:49:00.000Z,COLA,X,variation,channel,13225.96756056198,nT
2026-03-22T01:50:00.000Z,COLA,X,variation,channel,13227.995276783755,nT
2026-03-22T01:51:00.000Z,COLA,X,variation,channel,13217.01332993505,nT
2026-03-22T01:52:00.000Z,COLA,X,variation,channel,13217.201628346713,nT
2026-03-22T01:53:00.000Z,COLA,X,variation,channel,13225.88207470912,nT
2026-03-22T01:54:00.000Z,COLA,X,variation,channel,13225.295288125482,nT
2026-03-22T01:55:00.000Z,COLA,X,variation,channel,13225.195812584592,nT
2026-03-22T01:56:00.000Z,COLA,X,variation,channel,13238.426276056785,nT
2026-03-22T01:57:00.000Z,COLA,X,variation,channel,13256.515814450433,nT
2026-03-22T01:58:00.000Z,COLA,X,variation,channel,13249.972464524979,nT
2026-03-22T01:59:00.000Z,COLA,X,variation,channel,13233.57740841795,nT
2026-03-22T02:00:00.000Z,COLA,X,variation,channel,13229.511873083953,nT
2026-03-22T02:01:00.000Z,COLA,X,variation,channel,13236.00471285888,nT
2026-03-22T02:02:00.000Z,COLA,X,variation,channel,13240.402650953174,nT
2026-03-22T02:03:00.000Z,COLA,X,variation,channel,13236.914778212715,nT
2026-03-22T02:04:00.000Z,COLA,X,variation,channel,13237.984426643745,nT
2026-03-22T02:05:00.000Z,COLA,X,variation,channel,13242.199907267905,nT
2026-03-22T02:06:00.000Z,COLA,X,variation,channel,13245.128153392701,nT
2026-03-22T02:07:00.000Z,COLA,X,variation,channel,13244.890632030849,nT
2026-03-22T02:08:00.000Z,COLA,X,variation,channel,13249.748824686685,nT
2026-03-22T02:09:00.000Z,COLA,X,variation,channel,13255.274645022404,nT
2026-03-22T02:10:00.000Z,COLA,X,variation,channel,13250.59846846373,nT
2026-03-22T02:11:00.000Z,COLA,X,variation,channel,13234.372303491142,nT
2026-03-22T02:12:00.000Z,COLA,X,variation,channel,13229.519226382608,nT
2026-03-22T02:13:00.000Z,COLA,X,variation,channel,13240.057315141952,nT
2026-03-22T02:14:00.000Z,COLA,X,variation,channel,13243.321708739153,nT
2026-03-22T02:15:00.000Z,COLA,X,variation,channel,13227.570942889513,nT
2026-03-22T02:16:00.000Z,COLA,X,variation,channel,13222.165197958979,nT
2026-03-22T02:17:00.000Z,COLA,X,variation,channel,13233.150792080936,nT
2026-03-22T02:18:00.000Z,COLA,X,variation,channel,13238.265291403195,nT
2026-03-22T02:19:00.000Z,COLA,X,variation,channel,13243.964823205391,nT
2026-03-22T02:20:00.000Z,COLA,X,variation,channel,13238.111013271408,nT
2026-03-22T02:21:00.000Z,COLA,X,variation,channel,13235.82223870484,nT
2026-03-22T02:22:00.000Z,COLA,X,variation,channel,13246.278720220915,nT
2026-03-22T02:23:00.000Z,COLA,X,variation,channel,13237.83286391166,nT
2026-03-22T02:24:00.000Z,COLA,X,variation,channel,13233.988168253398,nT
2026-03-22T02:25:00.000Z,COLA,X,variation,channel,13242.479808067632,nT
2026-03-22T02:26:00.000Z,COLA,X,variation,channel,13248.586845841088,nT
2026-03-22T02:27:00.000Z,COLA,X,variation,channel,13249.149942630514,nT
2026-03-22T02:28:00.000Z,COLA,X,variation,channel,13243.488794496252,nT
2026-03-22T02:29:00.000Z,COLA,X,variation,channel,13242.373393231806,nT
2026-03-22T02:30:00.000Z,COLA,X,variation,channel,13243.671935557519,nT
2026-03-22T02:31:00.000Z,COLA,X,variation,channel,13244.416308138967,nT
2026-03-22T02:32:00.000Z,COLA,X,variation,channel,13244.243877786022,nT
2026-03-22T02:33:00.000Z,COLA,X,variation,channel,13253.736506129455,nT
2026-03-22T02:34:00.000Z,COLA,X,variation,channel,13255.816950803905,nT
2026-03-22T02:35:00.000Z,COLA,X,variation,channel,13261.532957815345,nT
2026-03-22T02:36:00.000Z,COLA,X,variation,channel,13270.736015920256,nT
2026-03-22T02:37:00.000Z,COLA,X,variation,channel,13277.05465106246,nT
2026-03-22T02:38:00.000Z,COLA,X,variation,channel,13282.669815715599,nT
2026-03-22T02:39:00.000Z,COLA,X,variation,channel,13288.756304370028,nT
2026-03-22T02:40:00.000Z,COLA,X,variation,channel,13289.671098121145,nT
2026-03-22T02:41:00.000Z,COLA,X,variation,channel,13288.375314152332,nT
2026-03-22T02:42:00.000Z,COLA,X,variation,channel,13297.457305818558,nT
2026-03-22T02:43:00.000Z,COLA,X,variation,channel,13306.044306673039,nT
2026-03-22T02:44:00.000Z,COLA,X,variation,channel,13308.781671234736,nT
2026-03-22T02:45:00.000Z,COLA,X,variation,channel,13306.86806884638,nT
2026-03-22T02:46:00.000Z,COLA,X,variation,channel,13307.690738873353,nT
2026-03-22T02:47:00.000Z,COLA,X,variation,channel,13301.432802752754,nT
2026-03-22T02:48:00.000Z,COLA,X,variation,channel,13299.816358920987,nT
2026-03-22T02:49:00.000Z,COLA,X,variation,channel,13297.820045173969,nT
2026-03-22T02:50:00.000Z,COLA,X,variation,channel,13301.437834787552,nT
2026-03-22T02:51:00.000Z,COLA,X,variation,channel,13300.786410064833,nT
2026-03-22T02:52:00.000Z,COLA,X,variation,channel,13295.604353810935,nT
2026-03-22T02:53:00.000Z,COLA,X,variation,channel,13291.103217211314,nT
2026-03-22T02:54:00.000Z,COLA,X,variation,channel,13287.492474996374,nT
2026-03-22T02:55:00.000Z,COLA,X,variation,channel,13291.98365128425,nT
2026-03-22T02:56:00.000Z,COLA,X,variation,channel,13294.608513105055,nT
2026-03-22T02:57:00.000Z,COLA,X,variation,channel,13295.89645729259,nT
2026-03-22T02:58:00.000Z,COLA,X,variation,channel,13296.46110709371,nT
2026-03-22T02:59:00.000Z,COLA,X,variation,channel,13285.83099846586,nT
2026-03-22T03:00:00.000Z,COLA,X,variation,channel,13273.093140723722,nT
2026-03-22T03:01:00.000Z,COLA,X,variation,channel,13267.348188447191,nT
2026-03-22T03:02:00.000Z,COLA,X,variation,channel,13269.158354351535,nT
2026-03-22T03:03:00.000Z,COLA,X,variation,channel,13267.922830675194,nT
2026-03-22T03:04:00.000Z,COLA,X,variation,channel,13268.01973388719,nT
2026-03-22T03:05:00.000Z,COLA,X,variation,channel,13263.14184739232,nT
2026-03-22T03:06:00.000Z,COLA,X,variation,channel,13258.762948483882,nT
2026-03-22T03:07:00.000Z,COLA,X,variation,channel,13257.827241995106,nT
2026-03-22T03:08:00.000Z,COLA,X,variation,channel,13259.28052607248,nT
2026-03-22T03:09:00.000Z,COLA,X,variation,channel,13264.349028303872,nT
2026-03-22T03:10:00.000Z,COLA,X,variation,channel,13265.047046840498,nT
2026-03-22T03:11:00.000Z,COLA,X,variation,channel,13262.0061603652,nT
2026-03-22T03:12:00.000Z,COLA,X,variation,channel,13254.603994633073,nT
2026-03-22T03:13:00.000Z,COLA,X,variation,channel,13247.98961121956,nT
2026-03-22T03:14:00.000Z,COLA,X,variation,channel,13248.035078034733,nT
2026-03-22T03:15:00.000Z,COLA,X,variation,channel,13253.041588187545,nT
2026-03-22T03:16:00.000Z,COLA,X,variation,channel,13246.362547653223,nT
2026-03-22T03:17:00.000Z,COLA,X,variation,channel,13237.22060205642,nT
2026-03-22T03:18:00.000Z,COLA,X,variation,channel,13247.604660020297,nT
2026-03-22T03:19:00.000Z,COLA,X,variation,channel,13251.331169105742,nT
2026-03-22T03:20:00.000Z,COLA,X,variation,channel,13251.918744884666,nT
2026-03-22T03:21:00.000Z,COLA,X,variation,channel,13255.235133235246,nT
2026-03-22T03:22:00.000Z,COLA,X,variation,channel,13275.266174699704,nT
2026-03-22T03:23:00.000Z,COLA,X,variation,channel,13313.019391861371,nT
2026-03-22T03:24:00.000Z,COLA,X,variation,channel,13357.170696748755,nT
2026-03-22T03:25:00.000Z,COLA,X,variation,channel,13422.320552088584,nT
2026-03-22T03:26:00.000Z,COLA,X,variation,channel,13423.479337353563,nT
2026-03-22T03:27:00.000Z,COLA,X,variation,channel,13458.362708832643,nT
2026-03-22T03:28:00.000Z,COLA,X,variation,channel,13497.504876879902,nT
2026-03-22T03:29:00.000Z,COLA,X,variation,channel,13441.824126254285,nT
2026-03-22T03:30:00.000Z,COLA,X,variation,channel,13363.951237334948,nT
2026-03-22T03:31:00.000Z,COLA,X,variation,channel,13323.782287280636,nT
2026-03-22T03:32:00.000Z,COLA,X,variation,channel,13302.7017389124,nT
2026-03-22T03:33:00.000Z,COLA,X,variation,channel,13276.721687934587,nT
2026-03-22T03:34:00.000Z,COLA,X,variation,channel,13254.796605769287,nT
2026-03-22T03:35:00.000Z,COLA,X,variation,channel,13250.352610028713,nT
2026-03-22T03:36:00.000Z,COLA,X,variation,channel,13227.14919386226,nT
2026-03-22T03:37:00.000Z,COLA,X,variation,channel,13231.858507682393,nT
2026-03-22T03:38:00.000Z,COLA,X,variation,channel,13230.478519159346,nT
2026-03-22T03:39:00.000Z,COLA,X,variation,channel,13227.361470814783,nT
2026-03-22T03:40:00.000Z,COLA,X,variation,channel,13233.497685423832,nT
2026-03-22T03:41:00.000Z,COLA,X,variation,channel,13242.461586741052,nT
2026-03-22T03:42:00.000Z,COLA,X,variation,channel,13238.031376524043,nT
2026-03-22T03:43:00.000Z,COLA,X,variation,channel,13225.769235883996,nT
2026-03-22T03:44:00.000Z,COLA,X,variation,channel,13222.18002056698,nT
2026-03-22T03:45:00.000Z,COLA,X,variation,channel,13217.288059459344,nT
2026-03-22T03:46:00.000Z,COLA,X,variation,channel,13217.341486769357,nT
2026-03-22T03:47:00.000Z,COLA,X,variation,channel,13209.120749862177,nT
2026-03-22T03:48:00.000Z,COLA,X,variation,channel,13215.992704728538,nT
2026-03-22T03:49:00.000Z,COLA,X,variation,channel,13222.251945844862,nT
2026-03-22T03:50:00.000Z,COLA,X,variation,channel,13223.642869817979,nT
2026-03-22T03:51:00.000Z,COLA,X,variation,channel,13213.0120715755,nT
2026-03-22T03:52:00.000Z,COLA,X,variation,channel,13216.796069261369,nT
2026-03-22T03:53:00.000Z,COLA,X,variation,channel,13217.545865362597,nT
2026-03-22T03:54:00.000Z,COLA,X,variation,channel,13222.689881270688,nT
2026-03-22T03:55:00.000Z,COLA,X,variation,channel,13220.076075354084,nT
2026-03-22T03:56:00.000Z,COLA,X,variation,channel,13211.810000190882,nT
2026-03-22T03:57:00.000Z,COLA,X,variation,channel,13198.82153502774,nT
2026-03-22T03:58:00.000Z,COLA,X,variation,channel,13200.09351062733,nT
2026-03-22T03:59:00.000Z,COLA,X,variation,channel,13208.097838188247,nT
2026-03-22T04:00:00.000Z,COLA,X,variation,channel,13208.710160477307,nT
2026-03-22T04:01:00.000Z,COLA,X,variation,channel,13213.471974726674,nT
2026-03-22T04:02:00.000Z,COLA,X,variation,channel,13217.39490051083,nT
2026-03-22T04:03:00.000Z,COLA,X,variation,channel,13222.427162423532,nT
2026-03-22T04:04:00.000Z,COLA,X,variation,channel,13225.595996598224,nT
2026-03-22T04:05:00.000Z,COLA,X,variation,channel,13226.019169582314,nT
2026-03-22T04:06:00.000Z,COLA,X,variation,channel,13224.894266485644,nT
2026-03-22T04:07:00.000Z,COLA,X,variation,channel,13223.52525347691,nT
2026-03-22T04:08:00.000Z,COLA,X,variation,channel,13221.775047246021,nT
2026-03-22T04:09:00.000Z,COLA,X,variation,channel,13219.256917461105,nT
2026-03-22T04:10:00.000Z,COLA,X,variation,channel,13218.889055772222,nT
2026-03-22T04:11:00.000Z,COLA,X,variation,channel,13220.365080382775,nT
2026-03-22T04:12:00.000Z,COLA,X,variation,channel,13220.363001794976,nT
2026-03-22T04:13:00.000Z,COLA,X,variation,channel,13217.893663223267,nT
2026-03-22T04:14:00.000Z,COLA,X,variation,channel,13218.623899778842,nT
2026-03-22T04:15:00.000Z,COLA,X,variation,channel,13220.864139339068,nT
2026-03-22T04:16:00.000Z,COLA,X,variation,channel,13227.9025503212,nT
2026-03-22T04:17:00.000Z,COLA,X,variation,channel,13231.315757722761,nT
2026-03-22T04:18:00.000Z,COLA,X,variation,channel,13233.257380230501,nT
2026-03-22T04:19:00.000Z,COLA,X,variation,channel,13237.059364211615,nT
2026-03-22T04:20:00.000Z,COLA,X,variation,channel,13247.076067320337,nT
2026-03-22T04:21:00.000Z,COLA,X,variation,channel,13256.415455211065,nT
2026-03-22T04:22:00.000Z,COLA,X,variation,channel,13263.187329732598,nT
2026-03-22T04:23:00.000Z,COLA,X,variation,channel,13269.52312383173,nT
2026-03-22T04:24:00.000Z,COLA,X,variation,channel,13270.669542454172,nT
2026-03-22T04:25:00.000Z,COLA,X,variation,channel,13274.105293414346,nT
2026-03-22T04:26:00.000Z,COLA,X,variation,channel,13273.809412186112,nT
2026-03-22T04:27:00.000Z,COLA,X,variation,channel,13270.941337254268,nT
2026-03-22T04:28:00.000Z,COLA,X,variation,channel,13261.421287419416,nT
2026-03-22T04:29:00.000Z,COLA,X,variation,channel,13246.50745822188,nT
2026-03-22T04:30:00.000Z,COLA,X,variation,channel,13241.997029317079,nT
2026-03-22T04:31:00.000Z,COLA,X,variation,channel,13238.334072592628,nT
2026-03-22T04:32:00.000Z,COLA,X,variation,channel,13239.265644021494,nT
2026-03-22T04:33:00.000Z,COLA,X,variation,channel,13251.236799706316,nT
2026-03-22T04:34:00.000Z,COLA,X,variation,channel,13259.885846294244,nT
2026-03-22T04:35:00.000Z,COLA,X,variation,channel,13259.121344597505,nT
2026-03-22T04:36:00.000Z,COLA,X,variation,channel,13249.887662682004,nT
2026-03-22T04:37:00.000Z,COLA,X,variation,channel,13241.854671808866,nT
2026-03-22T04:38:00.000Z,COLA,X,variation,channel,13239.78560781159,nT
2026-03-22T04:39:00.000Z,COLA,X,variation,channel,13248.77152945003,nT
2026-03-22T04:40:00.000Z,COLA,X,variation,channel,13254.26308189456,nT
2026-03-22T04:41:00.000Z,COLA,X,variation,channel,13251.987984318606,nT
2026-03-22T04:42:00.000Z,COLA,X,variation,channel,13243.18724498395,nT
2026-03-22T04:43:00.000Z,COLA,X,variation,channel,13238.05622758445,nT
2026-03-22T04:44:00.000Z,COLA,X,variation,channel,13236.137026617094,nT
2026-03-22T04:45:00.000Z,COLA,X,variation,channel,13235.508950339137,nT
2026-03-22T04:46:00.000Z,COLA,X,variation,channel,13242.201922766462,nT
2026-03-22T04:47:00.000Z,COLA,X,variation,channel,13249.838474660222,nT
2026-03-22T04:48:00.000Z,COLA,X,variation,channel,13251.314240064376,nT
2026-03-22T04:49:00.000Z,COLA,X,variation,channel,13246.39860000868,nT
2026-03-22T04:50:00.000Z,COLA,X,variation,channel,13247.725787385843,nT
2026-03-22T04:51:00.000Z,COLA,X,variation,channel,13244.76491307786,nT
2026-03-22T04:52:00.000Z,COLA,X,variation,channel,13251.543066550385,nT
2026-03-22T04:53:00.000Z,COLA,X,variation,channel,13259.448958869489,nT
2026-03-22T04:54:00.000Z,COLA,X,variation,channel,13259.323645576716,nT
2026-03-22T04:55:00.000Z,COLA,X,variation,channel,13256.595196473518,nT
2026-03-22T04:56:00.000Z,COLA,X,variation,channel,13259.973657684963,nT
2026-03-22T04:57:00.000Z,COLA,X,variation,channel,13257.463645153817,nT
2026-03-22T04:58:00.000Z,COLA,X,variation,channel,13261.578593695838,nT
2026-03-22T04:59:00.000Z,COLA,X,variation,channel,13260.578111086474,nT
2026-03-22T05:00:00.000Z,COLA,X,variation,channel,13253.76256995739,nT
2026-03-22T05:01:00.000Z,COLA,X,variation,channel,13251.347114961036,nT
2026-03-22T05:02:00.000Z,COLA,X,variation,channel,13257.497401744185,nT
2026-03-22T05:03:00.000Z,COLA,X,variation,channel,13262.943434843968,nT
2026-03-22T05:04:00.000Z,COLA,X,variation,channel,13263.20872028917,nT
2026-03-22T05:05:00.000Z,COLA,X,variation,channel,13263.174119667936,nT
2026-03-22T05:06:00.000Z,COLA,X,variation,channel,13266.071600041458,nT
2026-03-22T05:07:00.000Z,COLA,X,variation,channel,13270.428383837832,nT
2026-03-22T05:08:00.000Z,COLA,X,variation,channel,13267.67530400645,nT
2026-03-22T05:09:00.000Z,COLA,X,variation,channel,13272.760152203822,nT
2026-03-22T05:10:00.000Z,COLA,X,variation,channel,13268.569020667504,nT
2026-03-22T05:11:00.000Z,COLA,X,variation,channel,13265.390083112274,nT
2026-03-22T05:12:00.000Z,COLA,X,variation,channel,13279.974499017382,nT
2026-03-22T05:13:00.000Z,COLA,X,variation,channel,13287.674413445657,nT
2026-03-22T05:14:00.000Z,COLA,X,variation,channel,13286.675961361878,nT
2026-03-22T05:15:00.000Z,COLA,X,variation,channel,13298.38127541434,nT
2026-03-22T05:16:00.000Z,COLA,X,variation,channel,13303.685976149573,nT
2026-03-22T05:17:00.000Z,COLA,X,variation,channel,13296.729688202044,nT
2026-03-22T05:18:00.000Z,COLA,X,variation,channel,13292.977723108515,nT
2026-03-22T05:19:00.000Z,COLA,X,variation,channel,13296.759352527995,nT
2026-03-22T05:20:00.000Z,COLA,X,variation,channel,13303.058690437523,nT
2026-03-22T05:21:00.000Z,COLA,X,variation,channel,13307.980090779527,nT
2026-03-22T05:22:00.000Z,COLA,X,variation,channel,13304.157489867934,nT
2026-03-22T05:23:00.000Z,COLA,X,variation,channel,13303.59168920459,nT
2026-03-22T05:24:00.000Z,COLA,X,variation,channel,13289.910964375018,nT
2026-03-22T05:25:00.000Z,COLA,X,variation,channel,13273.410721693479,nT
2026-03-22T05:26:00.000Z,COLA,X,variation,channel,13277.970634326759,nT
2026-03-22T05:27:00.000Z,COLA,X,variation,channel,13279.412504889337,nT
2026-03-22T05:28:00.000Z,COLA,X,variation,channel,13281.959562262178,nT
2026-03-22T05:29:00.000Z,COLA,X,variation,channel,13286.703576284888,nT
2026-03-22T05:30:00.000Z,COLA,X,variation,channel,13280.205540839515,nT
2026-03-22T05:31:00.000Z,COLA,X,variation,channel,13262.524591145786,nT
2026-03-22T05:32:00.000Z,COLA,X,variation,channel,13256.259053879206,nT
2026-03-22T05:33:00.000Z,COLA,X,variation,channel,13247.794772193318,nT
2026-03-22T05:34:00.000Z,COLA,X,variation,channel,13238.586643998226,nT
2026-03-22T05:35:00.000Z,COLA,X,variation,channel,13238.394371580793,nT
2026-03-22T05:36:00.000Z,COLA,X,variation,channel,13230.398949880333,nT
2026-03-22T05:37:00.000Z,COLA,X,variation,channel,13223.989157478474,nT
2026-03-22T05:38:00.000Z,COLA,X,variation,channel,13231.262360809915,nT
2026-03-22T05:39:00.000Z,COLA,X,variation,channel,13229.845864647603,nT
2026-03-22T05:40:00.000Z,COLA,X,variation,channel,13231.401146275666,nT
2026-03-22T05:41:00.000Z,COLA,X,variation,channel,13236.071398781216,nT
2026-03-22T05:42:00.000Z,COLA,X,variation,channel,13242.887286992096,nT
2026-03-22T05:43:00.000Z,COLA,X,variation,channel,13243.35048981817,nT
2026-03-22T05:44:00.000Z,COLA,X,variation,channel,13243.043156217087,nT
2026-03-22T05:45:00.000Z,COLA,X,variation,channel,13242.118238732715,nT
2026-03-22T05:46:00.000Z,COLA,X,variation,channel,13248.689395569862,nT
2026-03-22T05:47:00.000Z,COLA,X,variation,channel,13257.141179488657,nT
2026-03-22T05:48:00.000Z,COLA,X,variation,channel,13268.06830439903,nT
2026-03-22T05:49:00.000Z,COLA,X,variation,channel,13274.833138526186,nT
2026-03-22T05:50:00.000Z,COLA,X,variation,channel,13268.949287210105,nT
2026-03-22T05:51:00.000Z,COLA,X,variation,channel,13269.192974873265,nT
2026-03-22T05:52:00.000Z,COLA,X,variation,channel,13278.862879137885,nT
2026-03-22T05:53:00.000Z,COLA,X,variation,channel,13292.315172804225,nT
2026-03-22T05:54:00.000Z,COLA,X,variation,channel,13302.117109753623,nT
2026-03-22T05:55:00.000Z,COLA,X,variation,channel,13298.993463728675,nT
2026-03-22T05:56:00.000Z,COLA,X,variation,channel,13290.402771577947,nT
2026-03-22T05:57:00.000Z,COLA,X,variation,channel,13306.244565230278,nT
2026-03-22T05:58:00.000Z,COLA,X,variation,channel,13328.415685831496,nT
2026-03-22T05:59:00.000Z,COLA,X,variation,channel,13333.28001152548,nT
2026-03-22T06:00:00.000Z,COLA,X,variation,channel,13329.255723058888,nT
2026-03-22T06:01:00.000Z,COLA,X,variation,channel,13321.838561437375,nT
2026-03-22T06:02:00.000Z,COLA,X,variation,channel,13318.198826406302,nT
2026-03-22T06:03:00.000Z,COLA,X,variation,channel,13323.600255678695,nT
2026-03-22T06:04:00.000Z,COLA,X,variation,channel,13331.740156089247,nT
2026-03-22T06:05:00.000Z,COLA,X,variation,channel,13346.925734835404,nT
2026-03-22T06:06:00.000Z,COLA,X,variation,channel,13356.164044891477,nT
2026-03-22T06:07:00.000Z,COLA,X,variation,channel,13365.712670833173,nT
2026-03-22T06:08:00.000Z,COLA,X,variation,channel,13392.343088780734,nT
2026-03-22T06:09:00.000Z,COLA,X,variation,channel,13392.553920163044,nT
2026-03-22T06:10:00.000Z,COLA,X,variation,channel,13404.524670819168,nT
2026-03-22T06:11:00.000Z,COLA,X,variation,channel,13418.842530084079,nT
2026-03-22T06:12:00.000Z,COLA,X,variation,channel,13410.7451467804,nT
2026-03-22T06:13:00.000Z,COLA,X,variation,channel,13411.503822664748,nT
2026-03-22T06:14:00.000Z,COLA,X,variation,channel,13393.842583279944,nT
2026-03-22T06:15:00.000Z,COLA,X,variation,channel,13380.82111045068,nT
2026-03-22T06:16:00.000Z,COLA,X,variation,channel,13382.118083590452,nT
2026-03-22T06:17:00.000Z,COLA,X,variation,channel,13395.72509698565,nT
2026-03-22T06:18:00.000Z,COLA,X,variation,channel,13422.069730420086,nT
2026-03-22T06:19:00.000Z,COLA,X,variation,channel,13410.527277423344,nT
2026-03-22T06:20:00.000Z,COLA,X,variation,channel,13423.837217909733,nT
2026-03-22T06:21:00.000Z,COLA,X,variation,channel,13441.427798080613,nT
2026-03-22T06:22:00.000Z,COLA,X,variation,channel,13415.930394991448,nT
2026-03-22T06:23:00.000Z,COLA,X,variation,channel,13411.901210915988,nT
2026-03-22T06:24:00.000Z,COLA,X,variation,channel,13403.671377990986,nT
2026-03-22T06:25:00.000Z,COLA,X,variation,channel,13394.336840564945,nT
2026-03-22T06:26:00.000Z,COLA,X,variation,channel,13385.13953918746,nT
2026-03-22T06:27:00.000Z,COLA,X,variation,channel,13390.24107212754,nT
2026-03-22T06:28:00.000Z,COLA,X,variation,channel,13384.433331928385,nT
2026-03-22T06:29:00.000Z,COLA,X,variation,channel,13365.056683684305,nT
2026-03-22T06:30:00.000Z,COLA,X,variation,channel,13357.180031721391,nT
2026-03-22T06:31:00.000Z,COLA,X,variation,channel,13332.0798878517,nT
2026-03-22T06:32:00.000Z,COLA,X,variation,channel,13306.029872795049,nT
2026-03-22T06:33:00.000Z,COLA,X,variation,channel,13327.452197382074,nT
2026-03-22T06:34:00.000Z,COLA,X,variation,channel,13359.699813711577,nT
2026-03-22T06:35:00.000Z,COLA,X,variation,channel,13378.607686495905,nT
2026-03-22T06:36:00.000Z,COLA,X,variation,channel,13381.840269781827,nT
2026-03-22T06:37:00.000Z,COLA,X,variation,channel,13386.931759107683,nT
2026-03-22T06:38:00.000Z,COLA,X,variation,channel,13390.404157166733,nT
2026-03-22T06:39:00.000Z,COLA,X,variation,channel,13375.431899225621,nT
2026-03-22T06:40:00.000Z,COLA,X,variation,channel,13351.550988046656,nT
2026-03-22T06:41:00.000Z,COLA,X,variation,channel,13329.5532172335,nT
2026-03-22T06:42:00.000Z,COLA,X,variation,channel,13303.75156626172,nT
2026-03-22T06:43:00.000Z,COLA,X,variation,channel,13270.551312903784,nT
2026-03-22T06:44:00.000Z,COLA,X,variation,channel,13249.16993627093,nT
2026-03-22T06:45:00.000Z,COLA,X,variation,channel,13235.860846818803,nT
2026-03-22T06:46:00.000Z,COLA,X,variation,channel,13257.749300815132,nT
2026-03-22T06:47:00.000Z,COLA,X,variation,channel,13248.98072693522,nT
2026-03-22T06:48:00.000Z,COLA,X,variation,channel,13228.740764614893,nT
2026-03-22T06:49:00.000Z,COLA,X,variation,channel,13228.949467598562,nT
2026-03-22T06:50:00.000Z,COLA,X,variation,channel,13243.79607917635,nT
2026-03-22T06:51:00.000Z,COLA,X,variation,channel,13237.384511201499,nT
2026-03-22T06:52:00.000Z,COLA,X,variation,channel,13246.225153614982,nT
2026-03-22T06:53:00.000Z,COLA,X,variation,channel,13258.046659096106,nT
2026-03-22T06:54:00.000Z,COLA,X,variation,channel,13284.291913535013,nT
2026-03-22T06:55:00.000Z,COLA,X,variation,channel,13306.72865605726,nT
2026-03-22T06:56:00.000Z,COLA,X,variation,channel,13310.328381016345,nT
2026-03-22T06:57:00.000Z,COLA,X,variation,channel,13297.406055362582,nT
2026-03-22T06:58:00.000Z,COLA,X,variation,channel,13301.838488432832,nT
2026-03-22T06:59:00.000Z,COLA,X,variation,channel,13306.172552645105,nT
2026-03-22T07:00:00.000Z,COLA,X,variation,channel,13304.248911909797,nT
2026-03-22T07:01:00.000Z,COLA,X,variation,channel,13304.035217311055,nT
2026-03-22T07:02:00.000Z,COLA,X,variation,channel,13285.204400611827,nT
2026-03-22T07:03:00.000Z,COLA,X,variation,channel,13261.803671591535,nT
2026-03-22T07:04:00.000Z,COLA,X,variation,channel,13270.689118590488,nT
2026-03-22T07:05:00.000Z,COLA,X,variation,channel,13311.431122009482,nT
2026-03-22T07:06:00.000Z,COLA,X,variation,channel,13342.788409048586,nT
2026-03-22T07:07:00.000Z,COLA,X,variation,channel,13367.038430551951,nT
2026-03-22T07:08:00.000Z,COLA,X,variation,channel,13388.018859255213,nT
2026-03-22T07:09:00.000Z,COLA,X,variation,channel,13416.244530954898,nT
2026-03-22T07:10:00.000Z,COLA,X,variation,channel,13438.916108230189,nT
2026-03-22T07:11:00.000Z,COLA,X,variation,channel,13464.377648514861,nT
2026-03-22T07:12:00.000Z,COLA,X,variation,channel,13488.254770329735,nT
2026-03-22T07:13:00.000Z,COLA,X,variation,channel,13477.023418191075,nT
2026-03-22T07:14:00.000Z,COLA,X,variation,channel,13424.05738926568,nT
2026-03-22T07:15:00.000Z,COLA,X,variation,channel,13377.61249790691,nT
2026-03-22T07:16:00.000Z,COLA,X,variation,channel,13386.219864591889,nT
2026-03-22T07:17:00.000Z,COLA,X,variation,channel,13437.240124781465,nT
2026-03-22T07:18:00.000Z,COLA,X,variation,channel,13417.7745896599,nT
2026-03-22T07:19:00.000Z,COLA,X,variation,channel,13371.716508738518,nT
2026-03-22T07:20:00.000Z,COLA,X,variation,channel,13343.643736524307,nT
2026-03-22T07:21:00.000Z,COLA,X,variation,channel,13353.866639948676,nT
2026-03-22T07:22:00.000Z,COLA,X,variation,channel,13382.037346671781,nT
2026-03-22T07:23:00.000Z,COLA,X,variation,channel,13374.988217302052,nT
2026-03-22T07:24:00.000Z,COLA,X,variation,channel,13367.504753169813,nT
2026-03-22T07:25:00.000Z,COLA,X,variation,channel,13410.11599204067,nT
2026-03-22T07:26:00.000Z,COLA,X,variation,channel,13413.913449312906,nT
2026-03-22T07:27:00.000Z,COLA,X,variation,channel,13442.176538136691,nT
2026-03-22T07:28:00.000Z,COLA,X,variation,channel,13439.978526973997,nT
2026-03-22T07:29:00.000Z,COLA,X,variation,channel,13436.075428286289,nT
2026-03-22T07:30:00.000Z,COLA,X,variation,channel,13446.522351136671,nT
2026-03-22T07:31:00.000Z,COLA,X,variation,channel,13481.46296383276,nT
2026-03-22T07:32:00.000Z,COLA,X,variation,channel,13493.7883380944,nT
2026-03-22T07:33:00.000Z,COLA,X,variation,channel,13539.272394283886,nT
2026-03-22T07:34:00.000Z,COLA,X,variation,channel,13573.036040469684,nT
2026-03-22T07:35:00.000Z,COLA,X,variation,channel,13567.873072100556,nT
2026-03-22T07:36:00.000Z,COLA,X,variation,channel,13533.328487067382,nT
2026-03-22T07:37:00.000Z,COLA,X,variation,channel,13516.705838250637,nT
2026-03-22T07:38:00.000Z,COLA,X,variation,channel,13469.633209214815,nT
2026-03-22T07:39:00.000Z,COLA,X,variation,channel,13446.535017371281,nT
2026-03-22T07:40:00.000Z,COLA,X,variation,channel,13436.290139253231,nT
2026-03-22T07:41:00.000Z,COLA,X,variation,channel,13430.082825693116,nT
2026-03-22T07:42:00.000Z,COLA,X,variation,channel,13418.353148832739,nT
2026-03-22T07:43:00.000Z,COLA,X,variation,channel,13349.679581160484,nT
2026-03-22T07:44:00.000Z,COLA,X,variation,channel,13312.402148356248,nT
2026-03-22T07:45:00.000Z,COLA,X,variation,channel,13268.911375831223,nT
2026-03-22T07:46:00.000Z,COLA,X,variation,channel,13252.515905610524,nT
2026-03-22T07:47:00.000Z,COLA,X,variation,channel,13272.905414942506,nT
2026-03-22T07:48:00.000Z,COLA,X,variation,channel,13244.35269129701,nT
2026-03-22T07:49:00.000Z,COLA,X,variation,channel,13177.418735166275,nT
2026-03-22T07:50:00.000Z,COLA,X,variation,channel,13162.490227062553,nT
2026-03-22T07:51:00.000Z,COLA,X,variation,channel,13188.29318021157,nT
2026-03-22T07:52:00.000Z,COLA,X,variation,channel,13218.423239338345,nT
2026-03-22T07:53:00.000Z,COLA,X,variation,channel,13208.537669804613,nT
2026-03-22T07:54:00.000Z,COLA,X,variation,channel,13208.685902731515,nT
2026-03-22T07:55:00.000Z,COLA,X,variation,channel,13258.012645326578,nT
2026-03-22T07:56:00.000Z,COLA,X,variation,channel,13333.762985476831,nT
2026-03-22T07:57:00.000Z,COLA,X,variation,channel,13370.027711351318,nT
2026-03-22T07:58:00.000Z,COLA,X,variation,channel,13375.985847792903,nT
2026-03-22T07:59:00.000Z,COLA,X,variation,channel,13394.000896076153,nT
2026-03-22T08:00:00.000Z,COLA,X,variation,channel,13409.317522733989,nT
2026-03-22T08:01:00.000Z,COLA,X,variation,channel,13411.554573640586,nT
2026-03-22T08:02:00.000Z,COLA,X,variation,channel,13416.733221669523,nT
2026-03-22T08:03:00.000Z,COLA,X,variation,channel,13418.60342220345,nT
2026-03-22T08:04:00.000Z,COLA,X,variation,channel,13402.049376893594,nT
2026-03-22T08:05:00.000Z,COLA,X,variation,channel,13379.774807812291,nT
2026-03-22T08:06:00.000Z,COLA,X,variation,channel,13363.996462458343,nT
2026-03-22T08:07:00.000Z,COLA,X,variation,channel,13351.120670624066,nT
2026-03-22T08:08:00.000Z,COLA,X,variation,channel,13345.541519113349,nT
2026-03-22T08:09:00.000Z,COLA,X,variation,channel,13349.351904173442,nT
2026-03-22T08:10:00.000Z,COLA,X,variation,channel,13325.595721497022,nT
2026-03-22T08:11:00.000Z,COLA,X,variation,channel,13288.869956662735,nT
2026-03-22T08:12:00.000Z,COLA,X,variation,channel,13310.145378285652,nT
2026-03-22T08:13:00.000Z,COLA,X,variation,channel,13299.658466897647,nT
2026-03-22T08:14:00.000Z,COLA,X,variation,channel,13262.59518842912,nT
2026-03-22T08:15:00.000Z,COLA,X,variation,channel,13314.098808008319,nT
2026-03-22T08:16:00.000Z,COLA,X,variation,channel,13361.033986948469,nT
2026-03-22T08:17:00.000Z,COLA,X,variation,channel,13403.26529926705,nT
2026-03-22T08:18:00.000Z,COLA,X,variation,channel,13380.536742731067,nT
2026-03-22T08:19:00.000Z,COLA,X,variation,channel,13337.781164241347,nT
2026-03-22T08:20:00.000Z,COLA,X,variation,channel,13317.136893538918,nT
2026-03-22T08:21:00.000Z,COLA,X,variation,channel,13314.856131337023,nT
2026-03-22T08:22:00.000Z,COLA,X,variation,channel,13268.894185999543,nT
2026-03-22T08:23:00.000Z,COLA,X,variation,channel,13299.566366704523,nT
2026-03-22T08:24:00.000Z,COLA,X,variation,channel,13306.403221099012,nT
2026-03-22T08:25:00.000Z,COLA,X,variation,channel,13312.337519961207,nT
2026-03-22T08:26:00.000Z,COLA,X,variation,channel,13304.540837760871,nT
2026-03-22T08:27:00.000Z,COLA,X,variation,channel,13284.946972311216,nT
2026-03-22T08:28:00.000Z,COLA,X,variation,channel,13258.1986308274,nT
2026-03-22T08:29:00.000Z,COLA,X,variation,channel,13246.344268673094,nT
2026-03-22T08:30:00.000Z,COLA,X,variation,channel,13198.02460279721,nT
2026-03-22T08:31:00.000Z,COLA,X,variation,channel,13225.374507442917,nT
2026-03-22T08:32:00.000Z,COLA,X,variation,channel,13193.871486306829,nT
2026-03-22T08:33:00.000Z,COLA,X,variation,channel,13163.166095809032,nT
2026-03-22T08:34:00.000Z,COLA,X,variation,channel,13165.06826116305,nT
2026-03-22T08:35:00.000Z,COLA,X,variation,channel,13156.017927808969,nT
2026-03-22T08:36:00.000Z,COLA,X,variation,channel,13166.515847757082,nT
2026-03-22T08:37:00.000Z,COLA,X,variation,channel,13138.529961095519,nT
2026-03-22T08:38:00.000Z,COLA,X,variation,channel,13105.42255367761,nT
2026-03-22T08:39:00.000Z,COLA,X,variation,channel,13074.209044045581,nT
2026-03-22T08:40:00.000Z,COLA,X,variation,channel,13055.934937401715,nT
2026-03-22T08:41:00.000Z,COLA,X,variation,channel,13059.990130303617,nT
2026-03-22T08:42:00.000Z,COLA,X,variation,channel,13052.38116890391,nT
2026-03-22T08:43:00.000Z,COLA,X,variation,channel,13059.45039403072,nT
2026-03-22T08:44:00.000Z,COLA,X,variation,channel,13068.213544376547,nT
2026-03-22T08:45:00.000Z,COLA,X,variation,channel,13064.543443395687,nT
2026-03-22T08:46:00.000Z,COLA,X,variation,channel,13087.786475796604,nT
2026-03-22T08:47:00.000Z,COLA,X,variation,channel,13099.29223736888,nT
2026-03-22T08:48:00.000Z,COLA,X,variation,channel,13124.27560399679,nT
2026-03-22T08:49:00.000Z,COLA,X,variation,channel,13115.448272876922,nT
2026-03-22T08:50:00.000Z,COLA,X,variation,channel,13082.887683414694,nT
2026-03-22T08:51:00.000Z,COLA,X,variation,channel,13041.46386946918,nT
2026-03-22T08:52:00.000Z,COLA,X,variation,channel,13050.975939050355,nT
2026-03-22T08:53:00.000Z,COLA,X,variation,channel,13041.486925833935,nT
2026-03-22T08:54:00.000Z,COLA,X,variation,channel,13045.175463925856,nT
2026-03-22T08:55:00.000Z,COLA,X,variation,channel,13020.59556599179,nT
2026-03-22T08:56:00.000Z,COLA,X,variation,channel,13034.320192359068,nT
2026-03-22T08:57:00.000Z,COLA,X,variation,channel,13072.416744615291,nT
2026-03-22T08:58:00.000Z,COLA,X,variation,channel,13073.73330341406,nT
2026-03-22T08:59:00.000Z,COLA,X,variation,channel,13088.129853423157,nT
2026-03-22T09:00:00.000Z,COLA,X,variation,channel,13077.126835341347,nT
2026-03-22T09:01:00.000Z,COLA,X,variation,channel,13063.551771467208,nT
2026-03-22T09:02:00.000Z,COLA,X,variation,channel,13105.49304893579,nT
2026-03-22T09:03:00.000Z,COLA,X,variation,channel,13132.260789880029,nT
2026-03-22T09:04:00.000Z,COLA,X,variation,channel,13052.15294599924,nT
2026-03-22T09:05:00.000Z,COLA,X,variation,channel,13028.505527758301,nT
2026-03-22T09:06:00.000Z,COLA,X,variation,channel,13022.528358926214,nT
2026-03-22T09:07:00.000Z,COLA,X,variation,channel,13005.712338315458,nT
2026-03-22T09:08:00.000Z,COLA,X,variation,channel,12958.295143469573,nT
2026-03-22T09:09:00.000Z,COLA,X,variation,channel,12904.027522850356,nT
2026-03-22T09:10:00.000Z,COLA,X,variation,channel,12899.682021758834,nT
2026-03-22T09:11:00.000Z,COLA,X,variation,channel,12851.87197249704,nT
2026-03-22T09:12:00.000Z,COLA,X,variation,channel,12857.093240337426,nT
2026-03-22T09:13:00.000Z,COLA,X,variation,channel,12902.006700505293,nT
2026-03-22T09:14:00.000Z,COLA,X,variation,channel,12929.622112946354,nT
2026-03-22T09:15:00.000Z,COLA,X,variation,channel,12914.907641000686,nT
2026-03-22T09:16:00.000Z,COLA,X,variation,channel,12869.775004776673,nT
2026-03-22T09:17:00.000Z,COLA,X,variation,channel,12848.760702355234,nT
2026-03-22T09:18:00.000Z,COLA,X,variation,channel,12790.11533809481,nT
2026-03-22T09:19:00.000Z,COLA,X,variation,channel,12778.262267317812,nT
2026-03-22T09:20:00.000Z,COLA,X,variation,channel,12832.380078312479,nT
2026-03-22T09:21:00.000Z,COLA,X,variation,channel,12900.336091755811,nT
2026-03-22T09:22:00.000Z,COLA,X,variation,channel,12884.40071921604,nT
2026-03-22T09:23:00.000Z,COLA,X,variation,channel,12885.52724769371,nT
2026-03-22T09:24:00.000Z,COLA,X,variation,channel,12863.64953287874,nT
2026-03-22T09:25:00.000Z,COLA,X,variation,channel,12877.240917825573,nT
2026-03-22T09:26:00.000Z,COLA,X,variation,channel,12917.303031902862,nT
2026-03-22T09:27:00.000Z,COLA,X,variation,channel,12925.351645129185,nT
2026-03-22T09:28:00.000Z,COLA,X,variation,channel,12905.929904599567,nT
2026-03-22T09:29:00.000Z,COLA,X,variation,channel,12862.03083797261,nT
2026-03-22T09:30:00.000Z,COLA,X,variation,channel,12870.676479938216,nT
2026-03-22T09:31:00.000Z,COLA,X,variation,channel,12886.938559229433,nT
2026-03-22T09:32:00.000Z,COLA,X,variation,channel,12891.338382154818,nT
2026-03-22T09:33:00.000Z,COLA,X,variation,channel,12861.68866283464,nT
2026-03-22T09:34:00.000Z,COLA,X,variation,channel,12787.570109129216,nT
2026-03-22T09:35:00.000Z,COLA,X,variation,channel,12705.73293478614,nT
2026-03-22T09:36:00.000Z,COLA,X,variation,channel,12710.638596690958,nT
2026-03-22T09:37:00.000Z,COLA,X,variation,channel,12795.79590533385,nT
2026-03-22T09:38:00.000Z,COLA,X,variation,channel,12779.14305201221,nT
2026-03-22T09:39:00.000Z,COLA,X,variation,channel,12730.625503204536,nT
2026-03-22T09:40:00.000Z,COLA,X,variation,channel,12693.658529481523,nT
2026-03-22T09:41:00.000Z,COLA,X,variation,channel,12753.71450224111,nT
2026-03-22T09:42:00.000Z,COLA,X,variation,channel,12913.74276494963,nT
2026-03-22T09:43:00.000Z,COLA,X,variation,channel,12931.42576639939,nT
2026-03-22T09:44:00.000Z,COLA,X,variation,channel,12920.519699718814,nT
2026-03-22T09:45:00.000Z,COLA,X,variation,channel,12937.834139935752,nT
2026-03-22T09:46:00.000Z,COLA,X,variation,channel,12914.65310122228,nT
2026-03-22T09:47:00.000Z,COLA,X,variation,channel,12871.790654159919,nT
2026-03-22T09:48:00.000Z,COLA,X,variation,channel,12888.10863432728,nT
2026-03-22T09:49:00.000Z,COLA,X,variation,channel,12880.554648883652,nT
2026-03-22T09:50:00.000Z,COLA,X,variation,channel,12906.71540957323,nT
2026-03-22T09:51:00.000Z,COLA,X,variation,channel,12911.51343595695,nT
2026-03-22T09:52:00.000Z,COLA,X,variation,channel,12907.383578117084,nT
2026-03-22T09:53:00.000Z,COLA,X,variation,channel,12910.926950486139,nT
2026-03-22T09:54:00.000Z,COLA,X,variation,channel,12897.143777443467,nT
2026-03-22T09:55:00.000Z,COLA,X,variation,channel,12875.417920322965,nT
2026-03-22T09:56:00.000Z,COLA,X,variation,channel,12874.564637055006,nT
2026-03-22T09:57:00.000Z,COLA,X,variation,channel,12864.947983739572,nT
2026-03-22T09:58:00.000Z,COLA,X,variation,channel,12863.469700502706,nT
2026-03-22T09:59:00.000Z,COLA,X,variation,channel,12889.007213931134,nT
2026-03-22T10:00:00.000Z,COLA,X,variation,channel,12895.82447653368,nT
2026-03-22T10:01:00.000Z,COLA,X,variation,channel,12903.180914160697,nT
2026-03-22T10:02:00.000Z,COLA,X,variation,channel,12885.096031094774,nT
2026-03-22T10:03:00.000Z,COLA,X,variation,channel,12844.791900911949,nT
2026-03-22T10:04:00.000Z,COLA,X,variation,channel,12838.028038613384,nT
2026-03-22T10:05:00.000Z,COLA,X,variation,channel,12867.330435869168,nT
2026-03-22T10:06:00.000Z,COLA,X,variation,channel,12891.058456095292,nT
2026-03-22T10:07:00.000Z,COLA,X,variation,channel,12891.8486730641,nT
2026-03-22T10:08:00.000Z,COLA,X,variation,channel,12908.027922829104,nT
2026-03-22T10:09:00.000Z,COLA,X,variation,channel,12925.904517722425,nT
2026-03-22T10:10:00.000Z,COLA,X,variation,channel,12928.95983753432,nT
2026-03-22T10:11:00.000Z,COLA,X,variation,channel,12929.448727199122,nT
2026-03-22T10:12:00.000Z,COLA,X,variation,channel,12930.879080971452,nT
2026-03-22T10:13:00.000Z,COLA,X,variation,channel,12939.413148383666,nT
2026-03-22T10:14:00.000Z,COLA,X,variation,channel,12984.298943703958,nT
2026-03-22T10:15:00.000Z,COLA,X,variation,channel,12922.138617544271,nT
2026-03-22T10:16:00.000Z,COLA,X,variation,channel,12825.898123094159,nT
2026-03-22T10:17:00.000Z,COLA,X,variation,channel,12666.493679841,nT
2026-03-22T10:18:00.000Z,COLA,X,variation,channel,12471.67487731051,nT
2026-03-22T10:19:00.000Z,COLA,X,variation,channel,12238.622055718683,nT
2026-03-22T10:20:00.000Z,COLA,X,variation,channel,12093.45465612991,nT
2026-03-22T10:21:00.000Z,COLA,X,variation,channel,11942.950192060107,nT
2026-03-22T10:22:00.000Z,COLA,X,variation,channel,11735.706272500269,nT
2026-03-22T10:23:00.000Z,COLA,X,variation,channel,11685.720308039756,nT
2026-03-22T10:24:00.000Z,COLA,X,variation,channel,11631.134730167976,nT
2026-03-22T10:25:00.000Z,COLA,X,variation,channel,11672.063392501472,nT
2026-03-22T10:26:00.000Z,COLA,X,variation,channel,11795.860675807622,nT
2026-03-22T10:27:00.000Z,COLA,X,variation,channel,12111.208020702468,nT
2026-03-22T10:28:00.000Z,COLA,X,variation,channel,12460.807639050876,nT
2026-03-22T10:29:00.000Z,COLA,X,variation,channel,12547.355318111451,nT
2026-03-22T10:30:00.000Z,COLA,X,variation,channel,12556.872395080796,nT
2026-03-22T10:31:00.000Z,COLA,X,variation,channel,12535.649623097643,nT
2026-03-22T10:32:00.000Z,COLA,X,variation,channel,12474.089069281019,nT
2026-03-22T10:33:00.000Z,COLA,X,variation,channel,12435.455319189263,nT
2026-03-22T10:34:00.000Z,COLA,X,variation,channel,12329.044656876682,nT
2026-03-22T10:35:00.000Z,COLA,X,variation,channel,12303.348073083087,nT
2026-03-22T10:36:00.000Z,COLA,X,variation,channel,12354.771891603768,nT
2026-03-22T10:37:00.000Z,COLA,X,variation,channel,12462.816178323133,nT
2026-03-22T10:38:00.000Z,COLA,X,variation,channel,12310.990991757097,nT
2026-03-22T10:39:00.000Z,COLA,X,variation,channel,12432.488737994869,nT
2026-03-22T10:40:00.000Z,COLA,X,variation,channel,12396.06632053774,nT
2026-03-22T10:41:00.000Z,COLA,X,variation,channel,12384.22090334924,nT
2026-03-22T10:42:00.000Z,COLA,X,variation,channel,12570.49877035484,nT
2026-03-22T10:43:00.000Z,COLA,X,variation,channel,12726.598361838393,nT
2026-03-22T10:44:00.000Z,COLA,X,variation,channel,12792.132739065391,nT
2026-03-22T10:45:00.000Z,COLA,X,variation,channel,12835.298866566323,nT
2026-03-22T10:46:00.000Z,COLA,X,variation,channel,12810.120190812324,nT
2026-03-22T10:47:00.000Z,COLA,X,variation,channel,12804.516710272024,nT
2026-03-22T10:48:00.000Z,COLA,X,variation,channel,12785.075906498467,nT
2026-03-22T10:49:00.000Z,COLA,X,variation,channel,12805.730540044957,nT
2026-03-22T10:50:00.000Z,COLA,X,variation,channel,12715.878601538983,nT
2026-03-22T10:51:00.000Z,COLA,X,variation,channel,12622.109508561523,nT
2026-03-22T10:52:00.000Z,COLA,X,variation,channel,12595.189484463064,nT
2026-03-22T10:53:00.000Z,COLA,X,variation,channel,12489.170460737001,nT
2026-03-22T10:54:00.000Z,COLA,X,variation,channel,12430.407807997457,nT
2026-03-22T10:55:00.000Z,COLA,X,variation,channel,12486.487116690556,nT
2026-03-22T10:56:00.000Z,COLA,X,variation,channel,12653.231937891147,nT
2026-03-22T10:57:00.000Z,COLA,X,variation,channel,12847.745934359467,nT
2026-03-22T10:58:00.000Z,COLA,X,variation,channel,12934.92784215961,nT
2026-03-22T10:59:00.000Z,COLA,X,variation,channel,12977.14854625359,nT
2026-03-22T11:00:00.000Z,COLA,X,variation,channel,13011.763436068642,nT
2026-03-22T11:01:00.000Z,COLA,X,variation,channel,13000.246685444226,nT
2026-03-22T11:02:00.000Z,COLA,X,variation,channel,12989.775264960073,nT
2026-03-22T11:03:00.000Z,COLA,X,variation,channel,12932.730428831499,nT
2026-03-22T11:04:00.000Z,COLA,X,variation,channel,12834.823837408987,nT
2026-03-22T11:05:00.000Z,COLA,X,variation,channel,12786.047818491501,nT
2026-03-22T11:06:00.000Z,COLA,X,variation,channel,12723.155362498273,nT
2026-03-22T11:07:00.000Z,COLA,X,variation,channel,12643.770479455845,nT
2026-03-22T11:08:00.000Z,COLA,X,variation,channel,12564.8950906165,nT
2026-03-22T11:09:00.000Z,COLA,X,variation,channel,12503.282528065492,nT
2026-03-22T11:10:00.000Z,COLA,X,variation,channel,12418.904449238644,nT
2026-03-22T11:11:00.000Z,COLA,X,variation,channel,12373.025976898307,nT
2026-03-22T11:12:00.000Z,COLA,X,variation,channel,12356.985956827328,nT
2026-03-22T11:13:00.000Z,COLA,X,variation,channel,12315.104115858705,nT
2026-03-22T11:14:00.000Z,COLA,X,variation,channel,12261.795535597237,nT
2026-03-22T11:15:00.000Z,COLA,X,variation,channel,12207.753756445532,nT
2026-03-22T11:16:00.000Z,COLA,X,variation,channel,12118.809297571355,nT
2026-03-22T11:17:00.000Z,COLA,X,variation,channel,11976.737240949453,nT
2026-03-22T11:18:00.000Z,COLA,X,variation,channel,11905.72974464439,nT
2026-03-22T11:19:00.000Z,COLA,X,variation,channel,11985.302421294673,nT
2026-03-22T11:20:00.000Z,COLA,X,variation,channel,12080.73909032886,nT
2026-03-22T11:21:00.000Z,COLA,X,variation,channel,12155.9175327663,nT
2026-03-22T11:22:00.000Z,COLA,X,variation,channel,12139.689999425482,nT
2026-03-22T11:23:00.000Z,COLA,X,variation,channel,12137.345271554492,nT
2026-03-22T11:24:00.000Z,COLA,X,variation,channel,12127.161313243061,nT
2026-03-22T11:25:00.000Z,COLA,X,variation,channel,12126.724772642316,nT
2026-03-22T11:26:00.000Z,COLA,X,variation,channel,12063.207906071944,nT
2026-03-22T11:27:00.000Z,COLA,X,variation,channel,12062.175697121971,nT
2026-03-22T11:28:00.000Z,COLA,X,variation,channel,12154.745218762955,nT
2026-03-22T11:29:00.000Z,COLA,X,variation,channel,12127.305975228548,nT
2026-03-22T11:30:00.000Z,COLA,X,variation,channel,12128.26574316535,nT
2026-03-22T11:31:00.000Z,COLA,X,variation,channel,12204.679125712202,nT
2026-03-22T11:32:00.000Z,COLA,X,variation,channel,12099.252395122023,nT
2026-03-22T11:33:00.000Z,COLA,X,variation,channel,12090.560084515984,nT
2026-03-22T11:34:00.000Z,COLA,X,variation,channel,12096.915887763716,nT
2026-03-22T11:35:00.000Z,COLA,X,variation,channel,12087.56415505514,nT
2026-03-22T11:36:00.000Z,COLA,X,variation,channel,12120.019120901616,nT
2026-03-22T11:37:00.000Z,COLA,X,variation,channel,12194.060170557901,nT
2026-03-22T11:38:00.000Z,COLA,X,variation,channel,12329.318205265063,nT
2026-03-22T11:39:00.000Z,COLA,X,variation,channel,12458.803508141966,nT
2026-03-22T11:40:00.000Z,COLA,X,variation,channel,12564.571517171045,nT
2026-03-22T11:41:00.000Z,COLA,X,variation,channel,12621.249013305996,nT
2026-03-22T11:42:00.000Z,COLA,X,variation,channel,12677.933728038177,nT
2026-03-22T11:43:00.000Z,COLA,X,variation,channel,12704.668164925695,nT
2026-03-22T11:44:00.000Z,COLA,X,variation,channel,12723.955909445349,nT
2026-03-22T11:45:00.000Z,COLA,X,variation,channel,12747.754277083826,nT
2026-03-22T11:46:00.000Z,COLA,X,variation,channel,12738.124083361561,nT
2026-03-22T11:47:00.000Z,COLA,X,variation,channel,12738.897148772958,nT
2026-03-22T11:48:00.000Z,COLA,X,variation,channel,12732.428264679227,nT
2026-03-22T11:49:00.000Z,COLA,X,variation,channel,12755.84237056616,nT
2026-03-22T11:50:00.000Z,COLA,X,variation,channel,12834.459827280765,nT
2026-03-22T11:51:00.000Z,COLA,X,variation,channel,12903.041758420017,nT
2026-03-22T11:52:00.000Z,COLA,X,variation,channel,12876.378855450303,nT
2026-03-22T11:53:00.000Z,COLA,X,variation,channel,12897.507673022288,nT
2026-03-22T11:54:00.000Z,COLA,X,variation,channel,12923.12474852877,nT
2026-03-22T11:55:00.000Z,COLA,X,variation,channel,12919.009422260317,nT
2026-03-22T11:56:00.000Z,COLA,X,variation,channel,12862.608894071007,nT
2026-03-22T11:57:00.000Z,COLA,X,variation,channel,12797.5078838783,nT
2026-03-22T11:58:00.000Z,COLA,X,variation,channel,12773.514706278062,nT
2026-03-22T11:59:00.000Z,COLA,X,variation,channel,12788.618236829554,nT
2026-03-22T12:00:00.000Z,COLA,X,variation,channel,12791.851770184021,nT
2026-03-22T12:01:00.000Z,COLA,X,variation,channel,12773.202776207525,nT
2026-03-22T12:02:00.000Z,COLA,X,variation,channel,12754.490862580762,nT
2026-03-22T12:03:00.000Z,COLA,X,variation,channel,12723.796715218936,nT
2026-03-22T12:04:00.000Z,COLA,X,variation,channel,12695.716080893219,nT
2026-03-22T12:05:00.000Z,COLA,X,variation,channel,12705.369703502587,nT
2026-03-22T12:06:00.000Z,COLA,X,variation,channel,12683.415613184954,nT
2026-03-22T12:07:00.000Z,COLA,X,variation,channel,12647.936690635073,nT
2026-03-22T12:08:00.000Z,COLA,X,variation,channel,12641.166889619524,nT
2026-03-22T12:09:00.000Z,COLA,X,variation,channel,12537.038251518026,nT
2026-03-22T12:10:00.000Z,COLA,X,variation,channel,12451.983537162072,nT
2026-03-22T12:11:00.000Z,COLA,X,variation,channel,12482.726284831995,nT
2026-03-22T12:12:00.000Z,COLA,X,variation,channel,12590.972929630589,nT
2026-03-22T12:13:00.000Z,COLA,X,variation,channel,12695.086639068713,nT
2026-03-22T12:14:00.000Z,COLA,X,variation,channel,12746.244963895242,nT
2026-03-22T12:15:00.000Z,COLA,X,variation,channel,12726.378705648602,nT
2026-03-22T12:16:00.000Z,COLA,X,variation,channel,12668.927315683573,nT
2026-03-22T12:17:00.000Z,COLA,X,variation,channel,12622.788193371629,nT
2026-03-22T12:18:00.000Z,COLA,X,variation,channel,12588.860414753606,nT
2026-03-22T12:19:00.000Z,COLA,X,variation,channel,12636.021862438005,nT
2026-03-22T12:20:00.000Z,COLA,X,variation,channel,12714.29254998417,nT
2026-03-22T12:21:00.000Z,COLA,X,variation,channel,12749.62314133143,nT
2026-03-22T12:22:00.000Z,COLA,X,variation,channel,12770.174766534017,nT
2026-03-22T12:23:00.000Z,COLA,X,variation,channel,12775.300222128031,nT
2026-03-22T12:24:00.000Z,COLA,X,variation,channel,12819.71298632659,nT
2026-03-22T12:25:00.000Z,COLA,X,variation,channel,12860.587516646112,nT
2026-03-22T12:26:00.000Z,COLA,X,variation,channel,12896.460482725348,nT
2026-03-22T12:27:00.000Z,COLA,X,variation,channel,12922.072321622874,nT
2026-03-22T12:28:00.000Z,COLA,X,variation,channel,12937.169689631071,nT
2026-03-22T12:29:00.000Z,COLA,X,variation,channel,12937.517587974718,nT
2026-03-22T12:30:00.000Z,COLA,X,variation,channel,12919.930288897884,nT
2026-03-22T12:31:00.000Z,COLA,X,variation,channel,12898.438648353658,nT
2026-03-22T12:32:00.000Z,COLA,X,variation,channel,12878.960586332325,nT
2026-03-22T12:33:00.000Z,COLA,X,variation,channel,12859.558313960391,nT
2026-03-22T12:34:00.000Z,COLA,X,variation,channel,12813.568892607944,nT
2026-03-22T12:35:00.000Z,COLA,X,variation,channel,12804.657066216772,nT
2026-03-22T12:36:00.000Z,COLA,X,variation,channel,12819.79247045549,nT
2026-03-22T12:37:00.000Z,COLA,X,variation,channel,12825.095436987925,nT
2026-03-22T12:38:00.000Z,COLA,X,variation,channel,12829.612805205466,nT
2026-03-22T12:39:00.000Z,COLA,X,variation,channel,12832.277947900679,nT
2026-03-22T12:40:00.000Z,COLA,X,variation,channel,12798.43879090944,nT
2026-03-22T12:41:00.000Z,COLA,X,variation,channel,12743.224738302171,nT
2026-03-22T12:42:00.000Z,COLA,X,variation,channel,12655.581128040087,nT
2026-03-22T12:43:00.000Z,COLA,X,variation,channel,12533.877661360004,nT
2026-03-22T12:44:00.000Z,COLA,X,variation,channel,12415.154496847123,nT
2026-03-22T12:45:00.000Z,COLA,X,variation,channel,12397.332521658724,nT
2026-03-22T12:46:00.000Z,COLA,X,variation,channel,12464.07496922209,nT
2026-03-22T12:47:00.000Z,COLA,X,variation,channel,12502.593623242588,nT
2026-03-22T12:48:00.000Z,COLA,X,variation,channel,12549.580552681833,nT
2026-03-22T12:49:00.000Z,COLA,X,variation,channel,12630.503262099764,nT
2026-03-22T12:50:00.000Z,COLA,X,variation,channel,12719.962797237511,nT
2026-03-22T12:51:00.000Z,COLA,X,variation,channel,12780.000140786486,nT
2026-03-22T12:52:00.000Z,COLA,X,variation,channel,12776.975652076218,nT
2026-03-22T12:53:00.000Z,COLA,X,variation,channel,12811.508118157673,nT
2026-03-22T12:54:00.000Z,COLA,X,variation,channel,12849.693578915632,nT
2026-03-22T12:55:00.000Z,COLA,X,variation,channel,12883.649844474226,nT
2026-03-22T12:56:00.000Z,COLA,X,variation,channel,12891.750820706926,nT
2026-03-22T12:57:00.000Z,COLA,X,variation,channel,12879.425808198672,nT
2026-03-22T12:58:00.000Z,COLA,X,variation,channel,12835.840005918135,nT
2026-03-22T12:59:00.000Z,COLA,X,variation,channel,12791.951712404396,nT
2026-03-22T13:00:00.000Z,COLA,X,variation,channel,12763.068235784218,nT
2026-03-22T13:01:00.000Z,COLA,X,variation,channel,12754.564897605547,nT
2026-03-22T13:02:00.000Z,COLA,X,variation,channel,12774.813350773662,nT
2026-03-22T13:03:00.000Z,COLA,X,variation,channel,12800.992025686832,nT
2026-03-22T13:04:00.000Z,COLA,X,variation,channel,12840.122704939327,nT
2026-03-22T13:05:00.000Z,COLA,X,variation,channel,12862.965569993745,nT
2026-03-22T13:06:00.000Z,COLA,X,variation,channel,12870.105748428565,nT
2026-03-22T13:07:00.000Z,COLA,X,variation,channel,12875.61281384137,nT
2026-03-22T13:08:00.000Z,COLA,X,variation,channel,12912.21926997645,nT
2026-03-22T13:09:00.000Z,COLA,X,variation,channel,12933.18713040152,nT
2026-03-22T13:10:00.000Z,COLA,X,variation,channel,12911.621702621309,nT
2026-03-22T13:11:00.000Z,COLA,X,variation,channel,12870.352003610311,nT
2026-03-22T13:12:00.000Z,COLA,X,variation,channel,12781.982341652754,nT
2026-03-22T13:13:00.000Z,COLA,X,variation,channel,12679.015364792496,nT
2026-03-22T13:14:00.000Z,COLA,X,variation,channel,12656.321488047564,nT
2026-03-22T13:15:00.000Z,COLA,X,variation,channel,12720.628255744487,nT
2026-03-22T13:16:00.000Z,COLA,X,variation,channel,12773.929077146982,nT
2026-03-22T13:17:00.000Z,COLA,X,variation,channel,12823.817487756265,nT
2026-03-22T13:18:00.000Z,COLA,X,variation,channel,12838.729915280739,nT
2026-03-22T13:19:00.000Z,COLA,X,variation,channel,12839.191913802004,nT
2026-03-22T13:20:00.000Z,COLA,X,variation,channel,12816.960023541295,nT
2026-03-22T13:21:00.000Z,COLA,X,variation,channel,12751.522646191554,nT
2026-03-22T13:22:00.000Z,COLA,X,variation,channel,12629.19285719892,nT
2026-03-22T13:23:00.000Z,COLA,X,variation,channel,12465.238772348595,nT
2026-03-22T13:24:00.000Z,COLA,X,variation,channel,12351.104620109665,nT
2026-03-22T13:25:00.000Z,COLA,X,variation,channel,12340.838762376481,nT
2026-03-22T13:26:00.000Z,COLA,X,variation,channel,12385.99391801882,nT
2026-03-22T13:27:00.000Z,COLA,X,variation,channel,12447.151800272202,nT
2026-03-22T13:28:00.000Z,COLA,X,variation,channel,12559.55589263921,nT
2026-03-22T13:29:00.000Z,COLA,X,variation,channel,12571.083724700067,nT
2026-03-22T13:30:00.000Z,COLA,X,variation,channel,12589.896330564714,nT
2026-03-22T13:31:00.000Z,COLA,X,variation,channel,12541.335855306488,nT
2026-03-22T13:32:00.000Z,COLA,X,variation,channel,12401.399775974394,nT
2026-03-22T13:33:00.000Z,COLA,X,variation,channel,12331.733648303372,nT
2026-03-22T13:34:00.000Z,COLA,X,variation,channel,12332.195886850235,nT
2026-03-22T13:35:00.000Z,COLA,X,variation,channel,12286.267846285338,nT
2026-03-22T13:36:00.000Z,COLA,X,variation,channel,12294.46802312776,nT
2026-03-22T13:37:00.000Z,COLA,X,variation,channel,12270.862692258128,nT
2026-03-22T13:38:00.000Z,COLA,X,variation,channel,12264.750517156963,nT
2026-03-22T13:39:00.000Z,COLA,X,variation,channel,12290.451264711905,nT
2026-03-22T13:40:00.000Z,COLA,X,variation,channel,12381.898757310908,nT
2026-03-22T13:41:00.000Z,COLA,X,variation,channel,12463.549511577903,nT
2026-03-22T13:42:00.000Z,COLA,X,variation,channel,12564.46009667272,nT
2026-03-22T13:43:00.000Z,COLA,X,variation,channel,12642.281016951016,nT
2026-03-22T13:44:00.000Z,COLA,X,variation,channel,12592.29949660097,nT
2026-03-22T13:45:00.000Z,COLA,X,variation,channel,12577.784364867994,nT
2026-03-22T13:46:00.000Z,COLA,X,variation,channel,12589.371306137436,nT
2026-03-22T13:47:00.000Z,COLA,X,variation,channel,12580.659679372515,nT
2026-03-22T13:48:00.000Z,COLA,X,variation,channel,12582.070850794033,nT
2026-03-22T13:49:00.000Z,COLA,X,variation,channel,12597.753435780256,nT
2026-03-22T13:50:00.000Z,COLA,X,variation,channel,12669.748535848072,nT
2026-03-22T13:51:00.000Z,COLA,X,variation,channel,12669.158367194259,nT
2026-03-22T13:52:00.000Z,COLA,X,variation,channel,12682.98041846248,nT
2026-03-22T13:53:00.000Z,COLA,X,variation,channel,12631.223511103442,nT
2026-03-22T13:54:00.000Z,COLA,X,variation,channel,12587.177642099265,nT
2026-03-22T13:55:00.000Z,COLA,X,variation,channel,12606.1525504922,nT
2026-03-22T13:56:00.000Z,COLA,X,variation,channel,12559.948379359215,nT
2026-03-22T13:57:00.000Z,COLA,X,variation,channel,12442.269042200267,nT
2026-03-22T13:58:00.000Z,COLA,X,variation,channel,12453.737445466462,nT
2026-03-22T13:59:00.000Z,COLA,X,variation,channel,12441.132736259166,nT
2026-03-22T14:00:00.000Z,COLA,X,variation,channel,12491.317823952319,nT
2026-03-22T14:01:00.000Z,COLA,X,variation,channel,12524.541256272518,nT
2026-03-22T14:02:00.000Z,COLA,X,variation,channel,12391.661073031539,nT
2026-03-22T14:03:00.000Z,COLA,X,variation,channel,12422.767005861826,nT
2026-03-22T14:04:00.000Z,COLA,X,variation,channel,12377.444747604335,nT
2026-03-22T14:05:00.000Z,COLA,X,variation,channel,12367.209732859932,nT
2026-03-22T14:06:00.000Z,COLA,X,variation,channel,12397.619113559957,nT
2026-03-22T14:07:00.000Z,COLA,X,variation,channel,12280.60204562049,nT
2026-03-22T14:08:00.000Z,COLA,X,variation,channel,12225.160194337182,nT
2026-03-22T14:09:00.000Z,COLA,X,variation,channel,12331.993642190713,nT
2026-03-22T14:10:00.000Z,COLA,X,variation,channel,12376.177613300226,nT
2026-03-22T14:11:00.000Z,COLA,X,variation,channel,12470.28522034912,nT
2026-03-22T14:12:00.000Z,COLA,X,variation,channel,12457.02173849952,nT
2026-03-22T14:13:00.000Z,COLA,X,variation,channel,12414.988571720232,nT
2026-03-22T14:14:00.000Z,COLA,X,variation,channel,12410.043675721181,nT
2026-03-22T14:15:00.000Z,COLA,X,variation,channel,12421.943912268374,nT
2026-03-22T14:16:00.000Z,COLA,X,variation,channel,12378.788610315047,nT
2026-03-22T14:17:00.000Z,COLA,X,variation,channel,12530.009144596239,nT
2026-03-22T14:18:00.000Z,COLA,X,variation,channel,12700.951375531129,nT
2026-03-22T14:19:00.000Z,COLA,X,variation,channel,12689.487446455487,nT
2026-03-22T14:20:00.000Z,COLA,X,variation,channel,12660.591192160751,nT
2026-03-22T14:21:00.000Z,COLA,X,variation,channel,12606.259077133784,nT
2026-03-22T14:22:00.000Z,COLA,X,variation,channel,12668.873217616389,nT
2026-03-22T14:23:00.000Z,COLA,X,variation,channel,12644.838369523632,nT
2026-03-22T14:24:00.000Z,COLA,X,variation,channel,12542.181601950018,nT
2026-03-22T14:25:00.000Z,COLA,X,variation,channel,12422.178260764067,nT
2026-03-22T14:26:00.000Z,COLA,X,variation,channel,12385.915178236912,nT
2026-03-22T14:27:00.000Z,COLA,X,variation,channel,12324.97991439038,nT
2026-03-22T14:28:00.000Z,COLA,X,variation,channel,12350.412166837541,nT
2026-03-22T14:29:00.000Z,COLA,X,variation,channel,12404.043181117515,nT
2026-03-22T14:30:00.000Z,COLA,X,variation,channel,12323.28671022473,nT
2026-03-22T14:31:00.000Z,COLA,X,variation,channel,12374.189980167323,nT
2026-03-22T14:32:00.000Z,COLA,X,variation,channel,12326.10276877128,nT
2026-03-22T14:33:00.000Z,COLA,X,variation,channel,12330.744580897745,nT
2026-03-22T14:34:00.000Z,COLA,X,variation,channel,12362.642998450963,nT
2026-03-22T14:35:00.000Z,COLA,X,variation,channel,12385.156425112522,nT
2026-03-22T14:36:00.000Z,COLA,X,variation,channel,12320.742735830167,nT
2026-03-22T14:37:00.000Z,COLA,X,variation,channel,12244.569282931967,nT
2026-03-22T14:38:00.000Z,COLA,X,variation,channel,12254.826131823,nT
2026-03-22T14:39:00.000Z,COLA,X,variation,channel,12111.271216892868,nT
2026-03-22T14:40:00.000Z,COLA,X,variation,channel,11945.457464507044,nT
2026-03-22T14:41:00.000Z,COLA,X,variation,channel,11855.285804248833,nT
2026-03-22T14:42:00.000Z,COLA,X,variation,channel,11800.519380872287,nT
2026-03-22T14:43:00.000Z,COLA,X,variation,channel,11758.446143698366,nT
2026-03-22T14:44:00.000Z,COLA,X,variation,channel,11595.03583711292,nT
2026-03-22T14:45:00.000Z,COLA,X,variation,channel,11412.007039293305,nT
2026-03-22T14:46:00.000Z,COLA,X,variation,channel,11245.272817967243,nT
2026-03-22T14:47:00.000Z,COLA,X,variation,channel,11205.060646406891,nT
2026-03-22T14:48:00.000Z,COLA,X,variation,channel,11335.100531196762,nT
2026-03-22T14:49:00.000Z,COLA,X,variation,channel,11503.583590587496,nT
2026-03-22T14:50:00.000Z,COLA,X,variation,channel,11796.502071936922,nT
2026-03-22T14:51:00.000Z,COLA,X,variation,channel,11968.196736714153,nT
2026-03-22T14:52:00.000Z,COLA,X,variation,channel,12055.01674128372,nT
2026-03-22T14:53:00.000Z,COLA,X,variation,channel,12059.33837654022,nT
2026-03-22T14:54:00.000Z,COLA,X,variation,channel,11993.732344250551,nT
2026-03-22T14:55:00.000Z,COLA,X,variation,channel,11956.938831336729,nT
2026-03-22T14:56:00.000Z,COLA,X,variation,channel,12025.150801237623,nT
2026-03-22T14:57:00.000Z,COLA,X,variation,channel,12174.638635526677,nT
2026-03-22T14:58:00.000Z,COLA,X,variation,channel,12440.960162322084,nT
2026-03-22T14:59:00.000Z,COLA,X,variation,channel,12637.070381549056,nT
2026-03-22T15:00:00.000Z,COLA,X,variation,channel,12693.621244784059,nT
2026-03-22T15:01:00.000Z,COLA,X,variation,channel,12763.449031841512,nT
2026-03-22T15:02:00.000Z,COLA,X,variation,channel,12846.699313482082,nT
2026-03-22T15:03:00.000Z,COLA,X,variation,channel,12904.379927862645,nT
2026-03-22T15:04:00.000Z,COLA,X,variation,channel,12892.607825736066,nT
2026-03-22T15:05:00.000Z,COLA,X,variation,channel,12654.820676533987,nT
2026-03-22T15:06:00.000Z,COLA,X,variation,channel,12517.714114547234,nT
2026-03-22T15:07:00.000Z,COLA,X,variation,channel,12344.898391311377,nT
2026-03-22T15:08:00.000Z,COLA,X,variation,channel,12254.94829428596,nT
2026-03-22T15:09:00.000Z,COLA,X,variation,channel,12383.228328658022,nT
2026-03-22T15:10:00.000Z,COLA,X,variation,channel,12537.313809092204,nT
2026-03-22T15:11:00.000Z,COLA,X,variation,channel,12738.946958392296,nT
2026-03-22T15:12:00.000Z,COLA,X,variation,channel,12852.413239680682,nT
2026-03-22T15:13:00.000Z,COLA,X,variation,channel,12834.418755814075,nT
2026-03-22T15:14:00.000Z,COLA,X,variation,channel,12507.536868852883,nT
2026-03-22T15:15:00.000Z,COLA,X,variation,channel,12511.003555223073,nT
2026-03-22T15:16:00.000Z,COLA,X,variation,channel,12659.7592871602,nT
2026-03-22T15:17:00.000Z,COLA,X,variation,channel,12659.791264122745,nT
2026-03-22T15:18:00.000Z,COLA,X,variation,channel,12596.587378032775,nT
2026-03-22T15:19:00.000Z,COLA,X,variation,channel,12748.185517938737,nT
2026-03-22T15:20:00.000Z,COLA,X,variation,channel,12832.533634226678,nT
2026-03-22T15:21:00.000Z,COLA,X,variation,channel,12846.911621379131,nT
2026-03-22T15:22:00.000Z,COLA,X,variation,channel,12764.180870716968,nT
2026-03-22T15:23:00.000Z,COLA,X,variation,channel,12569.923389107096,nT
2026-03-22T15:24:00.000Z,COLA,X,variation,channel,12400.48761450232,nT
2026-03-22T15:25:00.000Z,COLA,X,variation,channel,12334.417847350463,nT
2026-03-22T15:26:00.000Z,COLA,X,variation,channel,12150.656401430311,nT
2026-03-22T15:27:00.000Z,COLA,X,variation,channel,11969.616038168244,nT
2026-03-22T15:28:00.000Z,COLA,X,variation,channel,12320.273125699969,nT
2026-03-22T15:29:00.000Z,COLA,X,variation,channel,12682.043910413628,nT
2026-03-22T15:30:00.000Z,COLA,X,variation,channel,12835.372870983618,nT
2026-03-22T15:31:00.000Z,COLA,X,variation,channel,12922.518154736874,nT
2026-03-22T15:32:00.000Z,COLA,X,variation,channel,12905.073635496989,nT
2026-03-22T15:33:00.000Z,COLA,X,variation,channel,12926.846174928844,nT
2026-03-22T15:34:00.000Z,COLA,X,variation,channel,12851.280749332569,nT
2026-03-22T15:35:00.000Z,COLA,X,variation,channel,12761.727671766701,nT
2026-03-22T15:36:00.000Z,COLA,X,variation,channel,12741.585636115316,nT
2026-03-22T15:37:00.000Z,COLA,X,variation,channel,12732.193909247912,nT
2026-03-22T15:38:00.000Z,COLA,X,variation,channel,12728.135859982573,nT
2026-03-22T15:39:00.000Z,COLA,X,variation,channel,12852.153109705441,nT
2026-03-22T15:40:00.000Z,COLA,X,variation,channel,12951.00334124299,nT
2026-03-22T15:41:00.000Z,COLA,X,variation,channel,12960.291582903683,nT
2026-03-22T15:42:00.000Z,COLA,X,variation,channel,12970.991433343965,nT
2026-03-22T15:43:00.000Z,COLA,X,variation,channel,12929.30320194976,nT
2026-03-22T15:44:00.000Z,COLA,X,variation,channel,12873.504057064107,nT
2026-03-22T15:45:00.000Z,COLA,X,variation,channel,12842.395751143005,nT
2026-03-22T15:46:00.000Z,COLA,X,variation,channel,12803.234069339074,nT
2026-03-22T15:47:00.000Z,COLA,X,variation,channel,12788.103482808538,nT
2026-03-22T15:48:00.000Z,COLA,X,variation,channel,12780.44125915332,nT
2026-03-22T15:49:00.000Z,COLA,X,variation,channel,12803.050119431595,nT
2026-03-22T15:50:00.000Z,COLA,X,variation,channel,12790.695694847887,nT
2026-03-22T15:51:00.000Z,COLA,X,variation,channel,12836.464230940219,nT
2026-03-22T15:52:00.000Z,COLA,X,variation,channel,12848.508922361674,nT
2026-03-22T15:53:00.000Z,COLA,X,variation,channel,12799.5748742405,nT
2026-03-22T15:54:00.000Z,COLA,X,variation,channel,12752.708763805089,nT
2026-03-22T15:55:00.000Z,COLA,X,variation,channel,12690.286030817133,nT
2026-03-22T15:56:00.000Z,COLA,X,variation,channel,12706.670366473998,nT
2026-03-22T15:57:00.000Z,COLA,X,variation,channel,12694.458644723132,nT
2026-03-22T15:58:00.000Z,COLA,X,variation,channel,12639.181127455158,nT
2026-03-22T15:59:00.000Z,COLA,X,variation,channel,12622.5778450831,nT
2026-03-22T16:00:00.000Z,COLA,X,variation,channel,12621.795650071526,nT
2026-03-22T16:01:00.000Z,COLA,X,variation,channel,12545.38681491021,nT
2026-03-22T16:02:00.000Z,COLA,X,variation,channel,12406.910804536059,nT
2026-03-22T16:03:00.000Z,COLA,X,variation,channel,12282.15069207711,nT
2026-03-22T16:04:00.000Z,COLA,X,variation,channel,12334.02784009168,nT
2026-03-22T16:05:00.000Z,COLA,X,variation,channel,12311.788367076346,nT
2026-03-22T16:06:00.000Z,COLA,X,variation,channel,12205.635448278841,nT
2026-03-22T16:07:00.000Z,COLA,X,variation,channel,12233.169116397154,nT
2026-03-22T16:08:00.000Z,COLA,X,variation,channel,12310.316732173074,nT
2026-03-22T16:09:00.000Z,COLA,X,variation,channel,12335.507601617852,nT
2026-03-22T16:10:00.000Z,COLA,X,variation,channel,12338.780853922155,nT
2026-03-22T16:11:00.000Z,COLA,X,variation,channel,12370.035718012581,nT
2026-03-22T16:12:00.000Z,COLA,X,variation,channel,12399.522655335622,nT
2026-03-22T16:13:00.000Z,COLA,X,variation,channel,12414.044482355155,nT
2026-03-22T16:14:00.000Z,COLA,X,variation,channel,12555.650914136282,nT
2026-03-22T16:15:00.000Z,COLA,X,variation,channel,12636.203197708373,nT
2026-03-22T16:16:00.000Z,COLA,X,variation,channel,12608.69714220449,nT
2026-03-22T16:17:00.000Z,COLA,X,variation,channel,12586.571060307304,nT
2026-03-22T16:18:00.000Z,COLA,X,variation,channel,12485.089066630391,nT
2026-03-22T16:19:00.000Z,COLA,X,variation,channel,12327.63875042938,nT
2026-03-22T16:20:00.000Z,COLA,X,variation,channel,12251.94443858289,nT
2026-03-22T16:21:00.000Z,COLA,X,variation,channel,12260.034772916993,nT
2026-03-22T16:22:00.000Z,COLA,X,variation,channel,12302.139619414595,nT
2026-03-22T16:23:00.000Z,COLA,X,variation,channel,12309.927432228105,nT
2026-03-22T16:24:00.000Z,COLA,X,variation,channel,12284.194191572284,nT
2026-03-22T16:25:00.000Z,COLA,X,variation,channel,12282.121054391258,nT
2026-03-22T16:26:00.000Z,COLA,X,variation,channel,12248.603889158478,nT
2026-03-22T16:27:00.000Z,COLA,X,variation,channel,12342.368857349613,nT
2026-03-22T16:28:00.000Z,COLA,X,variation,channel,12543.47005733503,nT
2026-03-22T16:29:00.000Z,COLA,X,variation,channel,12641.826787780203,nT
2026-03-22T16:30:00.000Z,COLA,X,variation,channel,12678.005753210251,nT
2026-03-22T16:31:00.000Z,COLA,X,variation,channel,12708.949123976281,nT
2026-03-22T16:32:00.000Z,COLA,X,variation,channel,12685.435412050088,nT
2026-03-22T16:33:00.000Z,COLA,X,variation,channel,12711.953836941337,nT
2026-03-22T16:34:00.000Z,COLA,X,variation,channel,12822.26381403394,nT
2026-03-22T16:35:00.000Z,COLA,X,variation,channel,12853.765336211365,nT
2026-03-22T16:36:00.000Z,COLA,X,variation,channel,12876.773351512838,nT
2026-03-22T16:37:00.000Z,COLA,X,variation,channel,12918.74529970478,nT
2026-03-22T16:38:00.000Z,COLA,X,variation,channel,12955.233787661344,nT
2026-03-22T16:39:00.000Z,COLA,X,variation,channel,12973.846317445583,nT
2026-03-22T16:40:00.000Z,COLA,X,variation,channel,13022.89880503269,nT
2026-03-22T16:41:00.000Z,COLA,X,variation,channel,13067.031865312247,nT
2026-03-22T16:42:00.000Z,COLA,X,variation,channel,13087.079341908127,nT
2026-03-22T16:43:00.000Z,COLA,X,variation,channel,13087.35207142461,nT
2026-03-22T16:44:00.000Z,COLA,X,variation,channel,13047.341462517123,nT
2026-03-22T16:45:00.000Z,COLA,X,variation,channel,12980.632377019669,nT
2026-03-22T16:46:00.000Z,COLA,X,variation,channel,12916.401075979065,nT
2026-03-22T16:47:00.000Z,COLA,X,variation,channel,12880.336600080773,nT
2026-03-22T16:48:00.000Z,COLA,X,variation,channel,12920.763757750796,nT
2026-03-22T16:49:00.000Z,COLA,X,variation,channel,12884.76176512481,nT
2026-03-22T16:50:00.000Z,COLA,X,variation,channel,12685.11658752574,nT
2026-03-22T16:51:00.000Z,COLA,X,variation,channel,12493.67362955343,nT
2026-03-22T16:52:00.000Z,COLA,X,variation,channel,12461.347278739962,nT
2026-03-22T16:53:00.000Z,COLA,X,variation,channel,12591.582020871729,nT
2026-03-22T16:54:00.000Z,COLA,X,variation,channel,12672.73817616397,nT
2026-03-22T16:55:00.000Z,COLA,X,variation,channel,12759.72563528808,nT
2026-03-22T16:56:00.000Z,COLA,X,variation,channel,12762.920005427379,nT
2026-03-22T16:57:00.000Z,COLA,X,variation,channel,12757.590107449962,nT
2026-03-22T16:58:00.000Z,COLA,X,variation,channel,12716.889387842837,nT
2026-03-22T16:59:00.000Z,COLA,X,variation,channel,12674.489704257614,nT
2026-03-22T17:00:00.000Z,COLA,X,variation,channel,12668.337699756597,nT
2026-03-22T17:01:00.000Z,COLA,X,variation,channel,12631.954531295209,nT
2026-03-22T17:02:00.000Z,COLA,X,variation,channel,12698.703698577368,nT
2026-03-22T17:03:00.000Z,COLA,X,variation,channel,12797.31051424232,nT
2026-03-22T17:04:00.000Z,COLA,X,variation,channel,12761.100017768069,nT
2026-03-22T17:05:00.000Z,COLA,X,variation,channel,12747.137568700506,nT
2026-03-22T17:06:00.000Z,COLA,X,variation,channel,12709.130230856947,nT
2026-03-22T17:07:00.000Z,COLA,X,variation,channel,12666.983258959717,nT
2026-03-22T17:08:00.000Z,COLA,X,variation,channel,12545.142140286947,nT
2026-03-22T17:09:00.000Z,COLA,X,variation,channel,12462.108677919254,nT
2026-03-22T17:10:00.000Z,COLA,X,variation,channel,12418.835425086892,nT
2026-03-22T17:11:00.000Z,COLA,X,variation,channel,12431.904291658095,nT
2026-03-22T17:12:00.000Z,COLA,X,variation,channel,12460.932167977426,nT
2026-03-22T17:13:00.000Z,COLA,X,variation,channel,12604.393754456072,nT
2026-03-22T17:14:00.000Z,COLA,X,variation,channel,12662.344684910378,nT
2026-03-22T17:15:00.000Z,COLA,X,variation,channel,12617.374440924086,nT
2026-03-22T17:16:00.000Z,COLA,X,variation,channel,12603.017400578292,nT
2026-03-22T17:17:00.000Z,COLA,X,variation,channel,12624.301268372003,nT
2026-03-22T17:18:00.000Z,COLA,X,variation,channel,12723.459138825723,nT
2026-03-22T17:19:00.000Z,COLA,X,variation,channel,12783.928666577274,nT
2026-03-22T17:20:00.000Z,COLA,X,variation,channel,12682.476295736293,nT
2026-03-22T17:21:00.000Z,COLA,X,variation,channel,12654.25119143844,nT
2026-03-22T17:22:00.000Z,COLA,X,variation,channel,12600.55395226939,nT
2026-03-22T17:23:00.000Z,COLA,X,variation,channel,12680.406318430276,nT
2026-03-22T17:24:00.000Z,COLA,X,variation,channel,12730.593259973564,nT
2026-03-22T17:25:00.000Z,COLA,X,variation,channel,12881.12645817577,nT
2026-03-22T17:26:00.000Z,COLA,X,variation,channel,13002.390356718406,nT
2026-03-22T17:27:00.000Z,COLA,X,variation,channel,12883.724623969985,nT
2026-03-22T17:28:00.000Z,COLA,X,variation,channel,12895.955454030449,nT
2026-03-22T17:29:00.000Z,COLA,X,variation,channel,12872.45348841312,nT
2026-03-22T17:30:00.000Z,COLA,X,variation,channel,12736.62969496845,nT
2026-03-22T17:31:00.000Z,COLA,X,variation,channel,12616.862205351179,nT
2026-03-22T17:32:00.000Z,COLA,X,variation,channel,12550.060614784099,nT
2026-03-22T17:33:00.000Z,COLA,X,variation,channel,12558.361065579893,nT
2026-03-22T17:34:00.000Z,COLA,X,variation,channel,12542.514200018952,nT
2026-03-22T17:35:00.000Z,COLA,X,variation,channel,12467.285353234409,nT
2026-03-22T17:36:00.000Z,COLA,X,variation,channel,12471.921356951692,nT
2026-03-22T17:37:00.000Z,COLA,X,variation,channel,12515.704301646452,nT
2026-03-22T17:38:00.000Z,COLA,X,variation,channel,12500.229061239219,nT
2026-03-22T17:39:00.000Z,COLA,X,variation,channel,12544.028175737109,nT
2026-03-22T17:40:00.000Z,COLA,X,variation,channel,12620.4564713371,nT
2026-03-22T17:41:00.000Z,COLA,X,variation,channel,12574.217291354535,nT
2026-03-22T17:42:00.000Z,COLA,X,variation,channel,12499.783182006207,nT
2026-03-22T17:43:00.000Z,COLA,X,variation,channel,12529.982024767087,nT
2026-03-22T17:44:00.000Z,COLA,X,variation,channel,12523.910888056673,nT
2026-03-22T17:45:00.000Z,COLA,X,variation,channel,12582.70773519929,nT
2026-03-22T17:46:00.000Z,COLA,X,variation,channel,12644.771795347637,nT
2026-03-22T17:47:00.000Z,COLA,X,variation,channel,12707.274016011203,nT
2026-03-22T17:48:00.000Z,COLA,X,variation,channel,12587.69922985776,nT
2026-03-22T17:49:00.000Z,COLA,X,variation,channel,12403.705188126876,nT
2026-03-22T17:50:00.000Z,COLA,X,variation,channel,12145.431395698473,nT
2026-03-22T17:51:00.000Z,COLA,X,variation,channel,11922.102864526696,nT
2026-03-22T17:52:00.000Z,COLA,X,variation,channel,11712.714002921657,nT
2026-03-22T17:53:00.000Z,COLA,X,variation,channel,11536.105106209332,nT
2026-03-22T17:54:00.000Z,COLA,X,variation,channel,11657.293097283626,nT
2026-03-22T17:55:00.000Z,COLA,X,variation,channel,11910.470790915542,nT
2026-03-22T17:56:00.000Z,COLA,X,variation,channel,12107.541896179164,nT
2026-03-22T17:57:00.000Z,COLA,X,variation,channel,12207.861317918925,nT
2026-03-22T17:58:00.000Z,COLA,X,variation,channel,12392.557129353027,nT
2026-03-22T17:59:00.000Z,COLA,X,variation,channel,12588.377695665404,nT
2026-03-22T18:00:00.000Z,COLA,X,variation,channel,12726.49517660663,nT
2026-03-22T18:01:00.000Z,COLA,X,variation,channel,12821.587314909511,nT
2026-03-22T18:02:00.000Z,COLA,X,variation,channel,12842.921048992483,nT
2026-03-22T18:03:00.000Z,COLA,X,variation,channel,12813.019393432738,nT
2026-03-22T18:04:00.000Z,COLA,X,variation,channel,12758.618990641728,nT
2026-03-22T18:05:00.000Z,COLA,X,variation,channel,12719.738259320733,nT
2026-03-22T18:06:00.000Z,COLA,X,variation,channel,12698.993886438444,nT
2026-03-22T18:07:00.000Z,COLA,X,variation,channel,12661.00430579093,nT
2026-03-22T18:08:00.000Z,COLA,X,variation,channel,12645.552039462718,nT
2026-03-22T18:09:00.000Z,COLA,X,variation,channel,12676.502766090314,nT
2026-03-22T18:10:00.000Z,COLA,X,variation,channel,12689.567292814409,nT
2026-03-22T18:11:00.000Z,COLA,X,variation,channel,12659.110506910283,nT
2026-03-22T18:12:00.000Z,COLA,X,variation,channel,12621.647816887094,nT
2026-03-22T18:13:00.000Z,COLA,X,variation,channel,12629.875172091623,nT
2026-03-22T18:14:00.000Z,COLA,X,variation,channel,12663.492998602258,nT
2026-03-22T18:15:00.000Z,COLA,X,variation,channel,12721.480047350029,nT
2026-03-22T18:16:00.000Z,COLA,X,variation,channel,12778.254894839944,nT
2026-03-22T18:17:00.000Z,COLA,X,variation,channel,12837.521546244217,nT
2026-03-22T18:18:00.000Z,COLA,X,variation,channel,12818.631453680897,nT
2026-03-22T18:19:00.000Z,COLA,X,variation,channel,12831.235336987336,nT
2026-03-22T18:20:00.000Z,COLA,X,variation,channel,12849.882654645262,nT
2026-03-22T18:21:00.000Z,COLA,X,variation,channel,12855.465063569261,nT
2026-03-22T18:22:00.000Z,COLA,X,variation,channel,12848.377965419186,nT
2026-03-22T18:23:00.000Z,COLA,X,variation,channel,12842.143304722898,nT
2026-03-22T18:24:00.000Z,COLA,X,variation,channel,12858.430348964965,nT
2026-03-22T18:25:00.000Z,COLA,X,variation,channel,12833.942261748665,nT
2026-03-22T18:26:00.000Z,COLA,X,variation,channel,12822.695164800367,nT
2026-03-22T18:27:00.000Z,COLA,X,variation,channel,12789.812353257938,nT
2026-03-22T18:28:00.000Z,COLA,X,variation,channel,12765.090095075893,nT
2026-03-22T18:29:00.000Z,COLA,X,variation,channel,12800.92430313276,nT
2026-03-22T18:30:00.000Z,COLA,X,variation,channel,12807.022960811531,nT
2026-03-22T18:31:00.000Z,COLA,X,variation,channel,12773.52512508454,nT
2026-03-22T18:32:00.000Z,COLA,X,variation,channel,12734.35794289301,nT
2026-03-22T18:33:00.000Z,COLA,X,variation,channel,12749.01372461238,nT
2026-03-22T18:34:00.000Z,COLA,X,variation,channel,12788.723954583009,nT
2026-03-22T18:35:00.000Z,COLA,X,variation,channel,12795.600076886858,nT
2026-03-22T18:36:00.000Z,COLA,X,variation,channel,12827.91937764348,nT
2026-03-22T18:37:00.000Z,COLA,X,variation,channel,12843.256083671684,nT
2026-03-22T18:38:00.000Z,COLA,X,variation,channel,12818.977457769472,nT
2026-03-22T18:39:00.000Z,COLA,X,variation,channel,12841.609763344077,nT
2026-03-22T18:40:00.000Z,COLA,X,variation,channel,12835.927755877547,nT
2026-03-22T18:41:00.000Z,COLA,X,variation,channel,12817.079826045636,nT
2026-03-22T18:42:00.000Z,COLA,X,variation,channel,12816.312894703113,nT
2026-03-22T18:43:00.000Z,COLA,X,variation,channel,12806.0921767066,nT
2026-03-22T18:44:00.000Z,COLA,X,variation,channel,12832.75995064853,nT
2026-03-22T18:45:00.000Z,COLA,X,variation,channel,12866.234017215078,nT
2026-03-22T18:46:00.000Z,COLA,X,variation,channel,12855.286376758171,nT
2026-03-22T18:47:00.000Z,COLA,X,variation,channel,12833.937233813662,nT
2026-03-22T18:48:00.000Z,COLA,X,variation,channel,12835.919595312555,nT
2026-03-22T18:49:00.000Z,COLA,X,variation,channel,12849.72189952768,nT
2026-03-22T18:50:00.000Z,COLA,X,variation,channel,12905.993103507417,nT
2026-03-22T18:51:00.000Z,COLA,X,variation,channel,12881.332867380164,nT
2026-03-22T18:52:00.000Z,COLA,X,variation,channel,12896.061658428342,nT
2026-03-22T18:53:00.000Z,COLA,X,variation,channel,12955.988731336243,nT
2026-03-22T18:54:00.000Z,COLA,X,variation,channel,12911.336632936784,nT
2026-03-22T18:55:00.000Z,COLA,X,variation,channel,12905.579271817249,nT
2026-03-22T18:56:00.000Z,COLA,X,variation,channel,12970.281539997713,nT
2026-03-22T18:57:00.000Z,COLA,X,variation,channel,12951.871654799865,nT
2026-03-22T18:58:00.000Z,COLA,X,variation,channel,12858.67717176125,nT
2026-03-22T18:59:00.000Z,COLA,X,variation,channel,12918.766229696783,nT
2026-03-22T19:00:00.000Z,COLA,X,variation,channel,13036.07736398145,nT
2026-03-22T19:01:00.000Z,COLA,X,variation,channel,13030.354635613574,nT
2026-03-22T19:02:00.000Z,COLA,X,variation,channel,13018.343487119426,nT
2026-03-22T19:03:00.000Z,COLA,X,variation,channel,13067.559568952105,nT
2026-03-22T19:04:00.000Z,COLA,X,variation,channel,13072.180580070797,nT
2026-03-22T19:05:00.000Z,COLA,X,variation,channel,13056.214504355967,nT
2026-03-22T19:06:00.000Z,COLA,X,variation,channel,13072.546416365178,nT
2026-03-22T19:07:00.000Z,COLA,X,variation,channel,13082.748510262492,nT
2026-03-22T19:08:00.000Z,COLA,X,variation,channel,13097.2158048624,nT
2026-03-22T19:09:00.000Z,COLA,X,variation,channel,13044.255647446846,nT
2026-03-22T19:10:00.000Z,COLA,X,variation,channel,13049.986181288587,nT
2026-03-22T19:11:00.000Z,COLA,X,variation,channel,13118.282538725418,nT
2026-03-22T19:12:00.000Z,COLA,X,variation,channel,13128.751814478826,nT
2026-03-22T19:13:00.000Z,COLA,X,variation,channel,13024.648709781875,nT
2026-03-22T19:14:00.000Z,COLA,X,variation,channel,13033.748417510067,nT
2026-03-22T19:15:00.000Z,COLA,X,variation,channel,13104.108224222091,nT
2026-03-22T19:16:00.000Z,COLA,X,variation,channel,13154.104497581999,nT
2026-03-22T19:17:00.000Z,COLA,X,variation,channel,13139.265635752778,nT
2026-03-22T19:18:00.000Z,COLA,X,variation,channel,13146.486556236267,nT
2026-03-22T19:19:00.000Z,COLA,X,variation,channel,13175.924291802401,nT
2026-03-22T19:20:00.000Z,COLA,X,variation,channel,13200.28379014381,nT
2026-03-22T19:21:00.000Z,COLA,X,variation,channel,13196.867823112156,nT
2026-03-22T19:22:00.000Z,COLA,X,variation,channel,13181.474586246388,nT
2026-03-22T19:23:00.000Z,COLA,X,variation,channel,13133.987963281332,nT
2026-03-22T19:24:00.000Z,COLA,X,variation,channel,13070.49757028874,nT
2026-03-22T19:25:00.000Z,COLA,X,variation,channel,13148.511871060393,nT
2026-03-22T19:26:00.000Z,COLA,X,variation,channel,13226.252140869688,nT
2026-03-22T19:27:00.000Z,COLA,X,variation,channel,13168.505392516394,nT
2026-03-22T19:28:00.000Z,COLA,X,variation,channel,13080.788939083293,nT
2026-03-22T19:29:00.000Z,COLA,X,variation,channel,13107.129953975955,nT
2026-03-22T19:30:00.000Z,COLA,X,variation,channel,13176.29061652585,nT
2026-03-22T19:31:00.000Z,COLA,X,variation,channel,13215.822535617328,nT
2026-03-22T19:32:00.000Z,COLA,X,variation,channel,13204.697574188564,nT
2026-03-22T19:33:00.000Z,COLA,X,variation,channel,13196.757124160724,nT
2026-03-22T19:34:00.000Z,COLA,X,variation,channel,13188.64537889016,nT
2026-03-22T19:35:00.000Z,COLA,X,variation,channel,13182.886504264503,nT
2026-03-22T19:36:00.000Z,COLA,X,variation,channel,13209.297454139009,nT
2026-03-22T19:37:00.000Z,COLA,X,variation,channel,13211.097656860127,nT
2026-03-22T19:38:00.000Z,COLA,X,variation,channel,13190.477584786559,nT
2026-03-22T19:39:00.000Z,COLA,X,variation,channel,13169.455056271961,nT
2026-03-22T19:40:00.000Z,COLA,X,variation,channel,13154.997783198321,nT
2026-03-22T19:41:00.000Z,COLA,X,variation,channel,13153.046834748853,nT
2026-03-22T19:42:00.000Z,COLA,X,variation,channel,13157.783215460471,nT
2026-03-22T19:43:00.000Z,COLA,X,variation,channel,13117.366102721227,nT
2026-03-22T19:44:00.000Z,COLA,X,variation,channel,13080.19668793596,nT
2026-03-22T19:45:00.000Z,COLA,X,variation,channel,13088.313241008795,nT
2026-03-22T19:46:00.000Z,COLA,X,variation,channel,13119.359069387865,nT
2026-03-22T19:47:00.000Z,COLA,X,variation,channel,13132.730733015404,nT
2026-03-22T19:48:00.000Z,COLA,X,variation,channel,13116.517465504066,nT
2026-03-22T19:49:00.000Z,COLA,X,variation,channel,13090.757748922802,nT
2026-03-22T19:50:00.000Z,COLA,X,variation,channel,13075.493388995266,nT
2026-03-22T19:51:00.000Z,COLA,X,variation,channel,13085.746671327628,nT
2026-03-22T19:52:00.000Z,COLA,X,variation,channel,13094.24033184254,nT
2026-03-22T19:53:00.000Z,COLA,X,variation,channel,13097.90644096167,nT
2026-03-22T19:54:00.000Z,COLA,X,variation,channel,13122.011116248006,nT
2026-03-22T19:55:00.000Z,COLA,X,variation,channel,13152.023524861803,nT
2026-03-22T19:56:00.000Z,COLA,X,variation,channel,13202.527124938357,nT
2026-03-22T19:57:00.000Z,COLA,X,variation,channel,13156.682994428724,nT
2026-03-22T19:58:00.000Z,COLA,X,variation,channel,13210.133685357187,nT
2026-03-22T19:59:00.000Z,COLA,X,variation,channel,13258.143694613496,nT
2026-03-22T20:00:00.000Z,COLA,X,variation,channel,13202.042670138142,nT
2026-03-22T20:01:00.000Z,COLA,X,variation,channel,13214.173404416568,nT
2026-03-22T20:02:00.000Z,COLA,X,variation,channel,13309.891590346728,nT
2026-03-22T20:03:00.000Z,COLA,X,variation,channel,13368.042345389136,nT
2026-03-22T20:04:00.000Z,COLA,X,variation,channel,13281.096679885943,nT
2026-03-22T20:05:00.000Z,COLA,X,variation,channel,13217.127157241815,nT
2026-03-22T20:06:00.000Z,COLA,X,variation,channel,13219.320638487636,nT
2026-03-22T20:07:00.000Z,COLA,X,variation,channel,13256.940247276692,nT
2026-03-22T20:08:00.000Z,COLA,X,variation,channel,13271.27049963101,nT
2026-03-22T20:09:00.000Z,COLA,X,variation,channel,13256.66985972711,nT
2026-03-22T20:10:00.000Z,COLA,X,variation,channel,13286.786645144297,nT
2026-03-22T20:11:00.000Z,COLA,X,variation,channel,13302.963431376933,nT
2026-03-22T20:12:00.000Z,COLA,X,variation,channel,13305.33157545367,nT
2026-03-22T20:13:00.000Z,COLA,X,variation,channel,13265.72067786606,nT
2026-03-22T20:14:00.000Z,COLA,X,variation,channel,13181.201222683867,nT
2026-03-22T20:15:00.000Z,COLA,X,variation,channel,13165.262094493664,nT
2026-03-22T20:16:00.000Z,COLA,X,variation,channel,13226.15495942237,nT
2026-03-22T20:17:00.000Z,COLA,X,variation,channel,13351.361912950495,nT
2026-03-22T20:18:00.000Z,COLA,X,variation,channel,13427.136931576726,nT
2026-03-22T20:19:00.000Z,COLA,X,variation,channel,13371.363658557062,nT
2026-03-22T20:20:00.000Z,COLA,X,variation,channel,13288.746932578239,nT
2026-03-22T20:21:00.000Z,COLA,X,variation,channel,13161.191061990545,nT
2026-03-22T20:22:00.000Z,COLA,X,variation,channel,13123.757110707202,nT
2026-03-22T20:23:00.000Z,COLA,X,variation,channel,13150.236278566796,nT
2026-03-22T20:24:00.000Z,COLA,X,variation,channel,13240.642729976576,nT
2026-03-22T20:25:00.000Z,COLA,X,variation,channel,13286.69189917334,nT
2026-03-22T20:26:00.000Z,COLA,X,variation,channel,13264.746841626386,nT
2026-03-22T20:27:00.000Z,COLA,X,variation,channel,13247.001919323722,nT
2026-03-22T20:28:00.000Z,COLA,X,variation,channel,13246.418688200833,nT
2026-03-22T20:29:00.000Z,COLA,X,variation,channel,13222.285242730857,nT
2026-03-22T20:30:00.000Z,COLA,X,variation,channel,13194.657303863758,nT
2026-03-22T20:31:00.000Z,COLA,X,variation,channel,13178.185079473684,nT
2026-03-22T20:32:00.000Z,COLA,X,variation,channel,13151.592000041715,nT
2026-03-22T20:33:00.000Z,COLA,X,variation,channel,13159.833718341739,nT
2026-03-22T20:34:00.000Z,COLA,X,variation,channel,13236.087694466347,nT
2026-03-22T20:35:00.000Z,COLA,X,variation,channel,13202.502111467906,nT
2026-03-22T20:36:00.000Z,COLA,X,variation,channel,13112.33528109554,nT
2026-03-22T20:37:00.000Z,COLA,X,variation,channel,13193.494213059541,nT
2026-03-22T20:38:00.000Z,COLA,X,variation,channel,13416.94080262844,nT
2026-03-22T20:39:00.000Z,COLA,X,variation,channel,13421.685308598588,nT
2026-03-22T20:40:00.000Z,COLA,X,variation,channel,13187.849613064962,nT
2026-03-22T20:41:00.000Z,COLA,X,variation,channel,13009.966446936989,nT
2026-03-22T20:42:00.000Z,COLA,X,variation,channel,13119.859411073545,nT
2026-03-22T20:43:00.000Z,COLA,X,variation,channel,13316.34668402449,nT
2026-03-22T20:44:00.000Z,COLA,X,variation,channel,13395.451570229186,nT
2026-03-22T20:45:00.000Z,COLA,X,variation,channel,13362.509255432713,nT
2026-03-22T20:46:00.000Z,COLA,X,variation,channel,13383.731957607977,nT
2026-03-22T20:47:00.000Z,COLA,X,variation,channel,13380.710511706984,nT
2026-03-22T20:48:00.000Z,COLA,X,variation,channel,13345.080934179372,nT
2026-03-22T20:49:00.000Z,COLA,X,variation,channel,13245.134408966282,nT
2026-03-22T20:50:00.000Z,COLA,X,variation,channel,13137.328767239731,nT
2026-03-22T20:51:00.000Z,COLA,X,variation,channel,13171.392735000893,nT
2026-03-22T20:52:00.000Z,COLA,X,variation,channel,13250.706518778916,nT
2026-03-22T20:53:00.000Z,COLA,X,variation,channel,13326.951459236441,nT
2026-03-22T20:54:00.000Z,COLA,X,variation,channel,13396.85083781682,nT
2026-03-22T20:55:00.000Z,COLA,X,variation,channel,13390.827110448412,nT
2026-03-22T20:56:00.000Z,COLA,X,variation,channel,13322.664400215936,nT
2026-03-22T20:57:00.000Z,COLA,X,variation,channel,13319.737619562515,nT
2026-03-22T20:58:00.000Z,COLA,X,variation,channel,13339.113544529982,nT
2026-03-22T20:59:00.000Z,COLA,X,variation,channel,13337.408713786981,nT
2026-03-22T21:00:00.000Z,COLA,X,variation,channel,13296.980636837014,nT
2026-03-22T21:01:00.000Z,COLA,X,variation,channel,13246.151957880316,nT
2026-03-22T21:02:00.000Z,COLA,X,variation,channel,13244.161300751024,nT
2026-03-22T21:03:00.000Z,COLA,X,variation,channel,13241.152326256199,nT
2026-03-22T21:04:00.000Z,COLA,X,variation,channel,13249.114640512831,nT
2026-03-22T21:05:00.000Z,COLA,X,variation,channel,13286.311353318586,nT
2026-03-22T21:06:00.000Z,COLA,X,variation,channel,13275.367405610266,nT
2026-03-22T21:07:00.000Z,COLA,X,variation,channel,13258.186998543491,nT
2026-03-22T21:08:00.000Z,COLA,X,variation,channel,13245.61169696326,nT
2026-03-22T21:09:00.000Z,COLA,X,variation,channel,13273.904450793816,nT
2026-03-22T21:10:00.000Z,COLA,X,variation,channel,13284.509013578996,nT
2026-03-22T21:11:00.000Z,COLA,X,variation,channel,13256.681233435393,nT
2026-03-22T21:12:00.000Z,COLA,X,variation,channel,13224.128924045517,nT
2026-03-22T21:13:00.000Z,COLA,X,variation,channel,13195.513783537872,nT
2026-03-22T21:14:00.000Z,COLA,X,variation,channel,13212.588140374048,nT
2026-03-22T21:15:00.000Z,COLA,X,variation,channel,13213.381577225942,nT
2026-03-22T21:16:00.000Z,COLA,X,variation,channel,13191.970587750146,nT
2026-03-22T21:17:00.000Z,COLA,X,variation,channel,13184.912213975136,nT
2026-03-22T21:18:00.000Z,COLA,X,variation,channel,13196.137452688441,nT
2026-03-22T21:19:00.000Z,COLA,X,variation,channel,13183.48701180797,nT
2026-03-22T21:20:00.000Z,COLA,X,variation,channel,13197.18439022868,nT
2026-03-22T21:21:00.000Z,COLA,X,variation,channel,13196.076374909964,nT
2026-03-22T21:22:00.000Z,COLA,X,variation,channel,13199.462953051057,nT
2026-03-22T21:23:00.000Z,COLA,X,variation,channel,13217.234321038015,nT
2026-03-22T21:24:00.000Z,COLA,X,variation,channel,13230.78014971482,nT
2026-03-22T21:25:00.000Z,COLA,X,variation,channel,13201.58010344472,nT
2026-03-22T21:26:00.000Z,COLA,X,variation,channel,13203.980985219596,nT
2026-03-22T21:27:00.000Z,COLA,X,variation,channel,13188.710388934454,nT
2026-03-22T21:28:00.000Z,COLA,X,variation,channel,13188.90425723873,nT
2026-03-22T21:29:00.000Z,COLA,X,variation,channel,13198.286772041705,nT
2026-03-22T21:30:00.000Z,COLA,X,variation,channel,13199.959982662484,nT
2026-03-22T21:31:00.000Z,COLA,X,variation,channel,13154.833488982456,nT
2026-03-22T21:32:00.000Z,COLA,X,variation,channel,13122.210203983983,nT
2026-03-22T21:33:00.000Z,COLA,X,variation,channel,13129.970407820289,nT
2026-03-22T21:34:00.000Z,COLA,X,variation,channel,13165.40497632121,nT
2026-03-22T21:35:00.000Z,COLA,X,variation,channel,13173.701742099915,nT
2026-03-22T21:36:00.000Z,COLA,X,variation,channel,13200.855577068318,nT
2026-03-22T21:37:00.000Z,COLA,X,variation,channel,13171.225990351959,nT
2026-03-22T21:38:00.000Z,COLA,X,variation,channel,13135.502461375869,nT
2026-03-22T21:39:00.000Z,COLA,X,variation,channel,13163.044647603198,nT
2026-03-22T21:40:00.000Z,COLA,X,variation,channel,13175.690233165538,nT
2026-03-22T21:41:00.000Z,COLA,X,variation,channel,13187.845899617936,nT
2026-03-22T21:42:00.000Z,COLA,X,variation,channel,13193.807287702515,nT
2026-03-22T21:43:00.000Z,COLA,X,variation,channel,13171.201519561973,nT
2026-03-22T21:44:00.000Z,COLA,X,variation,channel,13156.066153013282,nT
2026-03-22T21:45:00.000Z,COLA,X,variation,channel,13159.327503492526,nT
2026-03-22T21:46:00.000Z,COLA,X,variation,channel,13178.746524591012,nT
2026-03-22T21:47:00.000Z,COLA,X,variation,channel,13177.539552939168,nT
2026-03-22T21:48:00.000Z,COLA,X,variation,channel,13199.016309149358,nT
2026-03-22T21:49:00.000Z,COLA,X,variation,channel,13195.266441107844,nT
2026-03-22T21:50:00.000Z,COLA,X,variation,channel,13187.463927772806,nT
2026-03-22T21:51:00.000Z,COLA,X,variation,channel,13167.935612730274,nT
2026-03-22T21:52:00.000Z,COLA,X,variation,channel,13169.750864389534,nT
2026-03-22T21:53:00.000Z,COLA,X,variation,channel,13194.891560232123,nT
2026-03-22T21:54:00.000Z,COLA,X,variation,channel,13174.60359346698,nT
2026-03-22T21:55:00.000Z,COLA,X,variation,channel,13173.50333835474,nT
2026-03-22T21:56:00.000Z,COLA,X,variation,channel,13173.087086186171,nT
2026-03-22T21:57:00.000Z,COLA,X,variation,channel,13180.701302126414,nT
2026-03-22T21:58:00.000Z,COLA,X,variation,channel,13197.05051166672,nT
2026-03-22T21:59:00.000Z,COLA,X,variation,channel,13165.904079380267,nT
2026-03-22T22:00:00.000Z,COLA,X,variation,channel,13161.836294848272,nT
2026-03-22T22:01:00.000Z,COLA,X,variation,channel,13163.991404002212,nT
2026-03-22T22:02:00.000Z,COLA,X,variation,channel,13175.36033534319,nT
2026-03-22T22:03:00.000Z,COLA,X,variation,channel,13192.664500949222,nT
2026-03-22T22:04:00.000Z,COLA,X,variation,channel,13186.3498843751,nT
2026-03-22T22:05:00.000Z,COLA,X,variation,channel,13164.366563518064,nT
2026-03-22T22:06:00.000Z,COLA,X,variation,channel,13172.272868804079,nT
2026-03-22T22:07:00.000Z,COLA,X,variation,channel,13161.536717962957,nT
2026-03-22T22:08:00.000Z,COLA,X,variation,channel,13169.28106615208,nT
2026-03-22T22:09:00.000Z,COLA,X,variation,channel,13162.559664513235,nT
2026-03-22T22:10:00.000Z,COLA,X,variation,channel,13175.205031777006,nT
2026-03-22T22:11:00.000Z,COLA,X,variation,channel,13179.96929441872,nT
2026-03-22T22:12:00.000Z,COLA,X,variation,channel,13189.17881982895,nT
2026-03-22T22:13:00.000Z,COLA,X,variation,channel,13185.963600946108,nT
2026-03-22T22:14:00.000Z,COLA,X,variation,channel,13170.69681073908,nT
2026-03-22T22:15:00.000Z,COLA,X,variation,channel,13164.339095426922,nT
2026-03-22T22:16:00.000Z,COLA,X,variation,channel,13182.900489046659,nT
2026-03-22T22:17:00.000Z,COLA,X,variation,channel,13177.166129485273,nT
2026-03-22T22:18:00.000Z,COLA,X,variation,channel,13161.15381793313,nT
2026-03-22T22:19:00.000Z,COLA,X,variation,channel,13145.261721450512,nT
2026-03-22T22:20:00.000Z,COLA,X,variation,channel,13133.674377290632,nT
2026-03-22T22:21:00.000Z,COLA,X,variation,channel,13130.55839425134,nT
2026-03-22T22:22:00.000Z,COLA,X,variation,channel,13145.058594886668,nT
2026-03-22T22:23:00.000Z,COLA,X,variation,channel,13165.719998469098,nT
2026-03-22T22:24:00.000Z,COLA,X,variation,channel,13173.144096323394,nT
2026-03-22T22:25:00.000Z,COLA,X,variation,channel,13183.017650540309,nT
2026-03-22T22:26:00.000Z,COLA,X,variation,channel,13172.792259836906,nT
2026-03-22T22:27:00.000Z,COLA,X,variation,channel,13160.783923290139,nT
2026-03-22T22:28:00.000Z,COLA,X,variation,channel,13168.12872526208,nT
2026-03-22T22:29:00.000Z,COLA,X,variation,channel,13177.387464642958,nT
2026-03-22T22:30:00.000Z,COLA,X,variation,channel,13199.661983704445,nT
2026-03-22T22:31:00.000Z,COLA,X,variation,channel,13223.30528995006,nT
2026-03-22T22:32:00.000Z,COLA,X,variation,channel,13193.607763413973,nT
2026-03-22T22:33:00.000Z,COLA,X,variation,channel,13189.933612324481,nT
2026-03-22T22:34:00.000Z,COLA,X,variation,channel,13191.784714856843,nT
2026-03-22T22:35:00.000Z,COLA,X,variation,channel,13194.093352406151,nT
2026-03-22T22:36:00.000Z,COLA,X,variation,channel,13196.227899039659,nT
2026-03-22T22:37:00.000Z,COLA,X,variation,channel,13198.858939538051,nT
2026-03-22T22:38:00.000Z,COLA,X,variation,channel,13200.546750606809,nT
2026-03-22T22:39:00.000Z,COLA,X,variation,channel,13174.592170160728,nT
2026-03-22T22:40:00.000Z,COLA,X,variation,channel,13160.470812701724,nT
2026-03-22T22:41:00.000Z,COLA,X,variation,channel,13163.231526437721,nT
2026-03-22T22:42:00.000Z,COLA,X,variation,channel,13176.775578028744,nT
2026-03-22T22:43:00.000Z,COLA,X,variation,channel,13193.588760501258,nT
2026-03-22T22:44:00.000Z,COLA,X,variation,channel,13205.908716570084,nT
2026-03-22T22:45:00.000Z,COLA,X,variation,channel,13188.203774653683,nT
2026-03-22T22:46:00.000Z,COLA,X,variation,channel,13169.166604672384,nT
2026-03-22T22:47:00.000Z,COLA,X,variation,channel,13190.96544398888,nT
2026-03-22T22:48:00.000Z,COLA,X,variation,channel,13202.22153539963,nT
2026-03-22T22:49:00.000Z,COLA,X,variation,channel,13203.604914798781,nT
2026-03-22T22:50:00.000Z,COLA,X,variation,channel,13207.185903105634,nT
2026-03-22T22:51:00.000Z,COLA,X,variation,channel,13247.103194696085,nT
2026-03-22T22:52:00.000Z,COLA,X,variation,channel,13263.414192200007,nT
2026-03-22T22:53:00.000Z,COLA,X,variation,channel,13188.489523815548,nT
2026-03-22T22:54:00.000Z,COLA,X,variation,channel,13153.422206082185,nT
2026-03-22T22:55:00.000Z,COLA,X,variation,channel,13206.488022211308,nT
2026-03-22T22:56:00.000Z,COLA,X,variation,channel,13255.552051265862,nT
2026-03-22T22:57:00.000Z,COLA,X,variation,channel,13241.74920326754,nT
2026-03-22T22:58:00.000Z,COLA,X,variation,channel,13200.222695334345,nT
2026-03-22T22:59:00.000Z,COLA,X,variation,channel,13187.614006472637,nT
2026-03-22T23:00:00.000Z,COLA,X,variation,channel,13233.459929723622,nT
2026-03-22T23:01:00.000Z,COLA,X,variation,channel,13266.235385266864,nT
2026-03-22T23:02:00.000Z,COLA,X,variation,channel,13243.31829173509,nT
2026-03-22T23:03:00.000Z,COLA,X,variation,channel,13230.125207184068,nT
2026-03-22T23:04:00.000Z,COLA,X,variation,channel,13243.884036491707,nT
2026-03-22T23:05:00.000Z,COLA,X,variation,channel,13247.908465377472,nT
2026-03-22T23:06:00.000Z,COLA,X,variation,channel,13241.644675129117,nT
2026-03-22T23:07:00.000Z,COLA,X,variation,channel,13232.532303601556,nT
2026-03-22T23:08:00.000Z,COLA,X,variation,channel,13229.8542514193,nT
2026-03-22T23:09:00.000Z,COLA,X,variation,channel,13225.69229073431,nT
2026-03-22T23:10:00.000Z,COLA,X,variation,channel,13223.648770331105,nT
2026-03-22T23:11:00.000Z,COLA,X,variation,channel,13247.654058523369,nT
2026-03-22T23:12:00.000Z,COLA,X,variation,channel,13247.112849626345,nT
2026-03-22T23:13:00.000Z,COLA,X,variation,channel,13249.476084317239,nT
2026-03-22T23:14:00.000Z,COLA,X,variation,channel,13276.669050957931,nT
2026-03-22T23:15:00.000Z,COLA,X,variation,channel,13315.584070599107,nT
2026-03-22T23:16:00.000Z,COLA,X,variation,channel,13324.236443622878,nT
2026-03-22T23:17:00.000Z,COLA,X,variation,channel,13282.236380399409,nT
2026-03-22T23:18:00.000Z,COLA,X,variation,channel,13265.293101392244,nT
2026-03-22T23:19:00.000Z,COLA,X,variation,channel,13287.29863571236,nT
2026-03-22T23:20:00.000Z,COLA,X,variation,channel,13308.231177703146,nT
2026-03-22T23:21:00.000Z,COLA,X,variation,channel,13312.614248104972,nT
2026-03-22T23:22:00.000Z,COLA,X,variation,channel,13312.526063935678,nT
2026-03-22T23:23:00.000Z,COLA,X,variation,channel,13322.12011689439,nT
2026-03-22T23:24:00.000Z,COLA,X,variation,channel,13328.527535687612,nT
2026-03-22T23:25:00.000Z,COLA,X,variation,channel,13309.81412624907,nT
2026-03-22T23:26:00.000Z,COLA,X,variation,channel,13287.971644354026,nT
2026-03-22T23:27:00.000Z,COLA,X,variation,channel,13297.718954241738,nT
2026-03-22T23:28:00.000Z,COLA,X,variation,channel,13325.635326382846,nT
2026-03-22T23:29:00.000Z,COLA,X,variation,channel,13339.833680052143,nT
2026-03-22T23:30:00.000Z,COLA,X,variation,channel,13362.430129365315,nT
2026-03-22T23:31:00.000Z,COLA,X,variation,channel,13346.391572289403,nT
2026-03-22T23:32:00.000Z,COLA,X,variation,channel,13348.372140955687,nT
2026-03-22T23:33:00.000Z,COLA,X,variation,channel,13403.467591094764,nT
2026-03-22T23:34:00.000Z,COLA,X,variation,channel,13410.448821127753,nT
2026-03-22T23:35:00.000Z,COLA,X,variation,channel,13436.461811207733,nT
2026-03-22T23:36:00.000Z,COLA,X,variation,channel,13426.96798897346,nT
2026-03-22T23:37:00.000Z,COLA,X,variation,channel,13432.366954375364,nT
2026-03-22T23:38:00.000Z,COLA,X,variation,channel,13424.03577140991,nT
2026-03-22T23:39:00.000Z,COLA,X,variation,channel,13396.163779749993,nT
2026-03-22T23:40:00.000Z,COLA,X,variation,channel,13406.090042396267,nT
2026-03-22T23:41:00.000Z,COLA,X,variation,channel,13454.637727218204,nT
2026-03-22T23:42:00.000Z,COLA,X,variation,channel,13499.461484113259,nT
2026-03-22T23:43:00.000Z,COLA,X,variation,channel,13495.086357183754,nT
2026-03-22T23:44:00.000Z,COLA,X,variation,channel,13482.703130357153,nT
2026-03-22T23:45:00.000Z,COLA,X,variation,channel,13468.426313343929,nT
2026-03-22T23:46:00.000Z,COLA,X,variation,channel,13446.612098244184,nT
2026-03-22T23:47:00.000Z,COLA,X,variation,channel,13397.448754124329,nT
2026-03-22T23:48:00.000Z,COLA,X,variation,channel,13331.655246882749,nT
2026-03-22T23:49:00.000Z,COLA,X,variation,channel,13343.506937116144,nT
2026-03-22T23:50:00.000Z,COLA,X,variation,channel,13387.429236540076,nT
2026-03-22T23:51:00.000Z,COLA,X,variation,channel,13429.022105617101,nT
2026-03-22T23:52:00.000Z,COLA,X,variation,channel,13432.457631870442,nT
2026-03-22T23:53:00.000Z,COLA,X,variation,channel,13386.28726757459,nT
2026-03-22T23:54:00.000Z,COLA,X,variation,channel,13360.11058123794,nT
2026-03-22T23:55:00.000Z,COLA,X,variation,channel,13358.379296573363,nT
2026-03-22T23:56:00.000Z,COLA,X,variation,channel,13344.921551872812,nT
2026-03-22T23:57:00.000Z,COLA,X,variation,channel,13321.56232797828,nT
2026-03-22T23:58:00.000Z,COLA,X,variation,channel,13308.215819361574,nT
2026-03-22T23:59:00.000Z,COLA,X,variation,channel,13330.082313746272,nT
2026-03-23T00:00:00.000Z,COLA,X,variation,channel,13329.622317708583,nT
2026-03-23T00:01:00.000Z,COLA,X,variation,channel,13333.674226355797,nT
2026-03-23T00:02:00.000Z,COLA,X,variation,channel,13379.07498459317,nT
2026-03-23T00:03:00.000Z,COLA,X,variation,channel,13356.118075167813,nT
2026-03-23T00:04:00.000Z,COLA,X,variation,channel,13333.335508654196,nT
2026-03-23T00:05:00.000Z,COLA,X,variation,channel,13385.836677902162,nT
2026-03-23T00:06:00.000Z,COLA,X,variation,channel,13353.454955572095,nT
2026-03-23T00:07:00.000Z,COLA,X,variation,channel,13269.286389422028,nT
2026-03-23T00:08:00.000Z,COLA,X,variation,channel,13286.103866957988,nT
2026-03-23T00:09:00.000Z,COLA,X,variation,channel,13386.005325393442,nT
2026-03-23T00:10:00.000Z,COLA,X,variation,channel,13391.314546945612,nT
2026-03-23T00:11:00.000Z,COLA,X,variation,channel,13344.746247267827,nT
2026-03-23T00:12:00.000Z,COLA,X,variation,channel,13293.208041888776,nT
2026-03-23T00:13:00.000Z,COLA,X,variation,channel,13279.59916423101,nT
2026-03-23T00:14:00.000Z,COLA,X,variation,channel,13306.812917712896,nT
2026-03-23T00:15:00.000Z,COLA,X,variation,channel,13334.617603786162,nT
2026-03-23T00:16:00.000Z,COLA,X,variation,channel,13335.001061360503,nT
2026-03-23T00:17:00.000Z,COLA,X,variation,channel,13336.63497316445,nT
2026-03-23T00:18:00.000Z,COLA,X,variation,channel,13330.437518090499,nT
2026-03-23T00:19:00.000Z,COLA,X,variation,channel,13328.101529133468,nT
2026-03-23T00:20:00.000Z,COLA,X,variation,channel,13337.675956896674,nT
2026-03-23T00:21:00.000Z,COLA,X,variation,channel,13338.033290134601,nT
2026-03-23T00:22:00.000Z,COLA,X,variation,channel,13320.45789698501,nT
2026-03-23T00:23:00.000Z,COLA,X,variation,channel,13293.526200148572,nT
2026-03-23T00:24:00.000Z,COLA,X,variation,channel,13291.973572619867,nT
2026-03-23T00:25:00.000Z,COLA,X,variation,channel,13316.853083953065,nT
2026-03-23T00:26:00.000Z,COLA,X,variation,channel,13320.936622850479,nT
2026-03-23T00:27:00.000Z,COLA,X,variation,channel,13322.669388737579,nT
2026-03-23T00:28:00.000Z,COLA,X,variation,channel,13307.511080006478,nT
2026-03-23T00:29:00.000Z,COLA,X,variation,channel,13291.074042128475,nT
2026-03-23T00:30:00.000Z,COLA,X,variation,channel,13264.835110285543,nT
2026-03-23T00:31:00.000Z,COLA,X,variation,channel,13244.675045436261,nT
2026-03-23T00:32:00.000Z,COLA,X,variation,channel,13225.789118066488,nT
2026-03-23T00:33:00.000Z,COLA,X,variation,channel,13230.96709042047,nT
2026-03-23T00:34:00.000Z,COLA,X,variation,channel,13238.726223824719,nT
2026-03-23T00:35:00.000Z,COLA,X,variation,channel,13237.655780246296,nT
2026-03-23T00:36:00.000Z,COLA,X,variation,channel,13243.521927550753,nT
2026-03-23T00:37:00.000Z,COLA,X,variation,channel,13267.852582771671,nT
2026-03-23T00:38:00.000Z,COLA,X,variation,channel,13297.684282402277,nT
2026-03-23T00:39:00.000Z,COLA,X,variation,channel,13315.8978247423,nT
2026-03-23T00:40:00.000Z,COLA,X,variation,channel,13319.122530299688,nT
2026-03-23T00:41:00.000Z,COLA,X,variation,channel,13306.976741606304,nT
2026-03-23T00:42:00.000Z,COLA,X,variation,channel,13293.77994130797,nT
2026-03-23T00:43:00.000Z,COLA,X,variation,channel,13280.089776809622,nT
2026-03-23T00:44:00.000Z,COLA,X,variation,channel,13286.945104397324,nT
2026-03-23T00:45:00.000Z,COLA,X,variation,channel,13306.869299438507,nT
2026-03-23T00:46:00.000Z,COLA,X,variation,channel,13299.185055189428,nT
2026-03-23T00:47:00.000Z,COLA,X,variation,channel,13289.874821128133,nT
2026-03-23T00:48:00.000Z,COLA,X,variation,channel,13278.90586819697,nT
2026-03-23T00:49:00.000Z,COLA,X,variation,channel,13260.47116075405,nT
2026-03-23T00:50:00.000Z,COLA,X,variation,channel,13242.18466230984,nT
2026-03-23T00:51:00.000Z,COLA,X,variation,channel,13231.940856512547,nT
2026-03-23T00:52:00.000Z,COLA,X,variation,channel,13217.838179284958,nT
2026-03-23T00:53:00.000Z,COLA,X,variation,channel,13206.296670957669,nT
2026-03-23T00:54:00.000Z,COLA,X,variation,channel,13197.984647329788,nT
2026-03-23T00:55:00.000Z,COLA,X,variation,channel,13186.431904804429,nT
2026-03-23T00:56:00.000Z,COLA,X,variation,channel,13174.44108360532,nT
2026-03-23T00:57:00.000Z,COLA,X,variation,channel,13170.666984723197,nT
2026-03-23T00:58:00.000Z,COLA,X,variation,channel,13181.114453402226,nT
2026-03-23T00:59:00.000Z,COLA,X,variation,channel,13184.966569336742,nT
2026-03-23T01:00:00.000Z,COLA,X,variation,channel,13193.775678174807,nT
2026-03-23T01:01:00.000Z,COLA,X,variation,channel,13199.248051340286,nT
2026-03-23T01:02:00.000Z,COLA,X,variation,channel,13202.823689922852,nT
2026-03-23T01:03:00.000Z,COLA,X,variation,channel,13204.819215890486,nT
2026-03-23T01:04:00.000Z,COLA,X,variation,channel,13209.958377895598,nT
2026-03-23T01:05:00.000Z,COLA,X,variation,channel,13209.460129439185,nT
2026-03-23T01:06:00.000Z,COLA,X,variation,channel,13221.640451370205,nT
2026-03-23T01:07:00.000Z,COLA,X,variation,channel,13246.283734290937,nT
2026-03-23T01:08:00.000Z,COLA,X,variation,channel,13264.825831232696,nT
2026-03-23T01:09:00.000Z,COLA,X,variation,channel,13265.062456345262,nT
2026-03-23T01:10:00.000Z,COLA,X,variation,channel,13261.085243614183,nT
2026-03-23T01:11:00.000Z,COLA,X,variation,channel,13257.664198311737,nT
2026-03-23T01:12:00.000Z,COLA,X,variation,channel,13253.69702574899,nT
2026-03-23T01:13:00.000Z,COLA,X,variation,channel,13282.250269514927,nT
2026-03-23T01:14:00.000Z,COLA,X,variation,channel,13287.695243744545,nT
2026-03-23T01:15:00.000Z,COLA,X,variation,channel,13253.28312731578,nT
2026-03-23T01:16:00.000Z,COLA,X,variation,channel,13222.831935278507,nT
2026-03-23T01:17:00.000Z,COLA,X,variation,channel,13244.624681993759,nT
2026-03-23T01:18:00.000Z,COLA,X,variation,channel,13278.258098599661,nT
2026-03-23T01:19:00.000Z,COLA,X,variation,channel,13279.93264868739,nT
2026-03-23T01:20:00.000Z,COLA,X,variation,channel,13267.832066070554,nT
2026-03-23T01:21:00.000Z,COLA,X,variation,channel,13276.70585398144,nT
2026-03-23T01:22:00.000Z,COLA,X,variation,channel,13293.954670942887,nT
2026-03-23T01:23:00.000Z,COLA,X,variation,channel,13303.462131036873,nT
2026-03-23T01:24:00.000Z,COLA,X,variation,channel,13305.102897874342,nT
2026-03-23T01:25:00.000Z,COLA,X,variation,channel,13304.667176977551,nT
2026-03-23T01:26:00.000Z,COLA,X,variation,channel,13303.083918355462,nT
2026-03-23T01:27:00.000Z,COLA,X,variation,channel,13298.852970750177,nT
2026-03-23T01:28:00.000Z,COLA,X,variation,channel,13298.070070819012,nT
2026-03-23T01:29:00.000Z,COLA,X,variation,channel,13299.443166518,nT
2026-03-23T01:30:00.000Z,COLA,X,variation,channel,13284.404559980057,nT
2026-03-23T01:31:00.000Z,COLA,X,variation,channel,13246.27161159226,nT
2026-03-23T01:32:00.000Z,COLA,X,variation,channel,13214.93337603175,nT
2026-03-23T01:33:00.000Z,COLA,X,variation,channel,13225.699341803833,nT
2026-03-23T01:34:00.000Z,COLA,X,variation,channel,13243.138886453038,nT
2026-03-23T01:35:00.000Z,COLA,X,variation,channel,13226.816741492301,nT
2026-03-23T01:36:00.000Z,COLA,X,variation,channel,13215.10731307519,nT
2026-03-23T01:37:00.000Z,COLA,X,variation,channel,13219.12572869795,nT
2026-03-23T01:38:00.000Z,COLA,X,variation,channel,13214.874929206972,nT
2026-03-23T01:39:00.000Z,COLA,X,variation,channel,13198.089640878734,nT
2026-03-23T01:40:00.000Z,COLA,X,variation,channel,13197.495842598306,nT
2026-03-23T01:41:00.000Z,COLA,X,variation,channel,13209.78642120041,nT
2026-03-23T01:42:00.000Z,COLA,X,variation,channel,13209.207135855508,nT
2026-03-23T01:43:00.000Z,COLA,X,variation,channel,13212.638616392001,nT
2026-03-23T01:44:00.000Z,COLA,X,variation,channel,13235.643081327722,nT
2026-03-23T01:45:00.000Z,COLA,X,variation,channel,13260.702413272464,nT
2026-03-23T01:46:00.000Z,COLA,X,variation,channel,13280.306007582672,nT
2026-03-23T01:47:00.000Z,COLA,X,variation,channel,13342.679949763757,nT
2026-03-23T01:48:00.000Z,COLA,X,variation,channel,13373.089683741142,nT
2026-03-23T01:49:00.000Z,COLA,X,variation,channel,13279.405640336543,nT
2026-03-23T01:50:00.000Z,COLA,X,variation,channel,13235.741710106278,nT
2026-03-23T01:51:00.000Z,COLA,X,variation,channel,13261.283076395031,nT
2026-03-23T01:52:00.000Z,COLA,X,variation,channel,13290.677608372172,nT
2026-03-23T01:53:00.000Z,COLA,X,variation,channel,13283.079727680042,nT
2026-03-23T01:54:00.000Z,COLA,X,variation,channel,13246.926264106474,nT
2026-03-23T01:55:00.000Z,COLA,X,variation,channel,13228.06066487357,nT
2026-03-23T01:56:00.000Z,COLA,X,variation,channel,13221.149249997676,nT
2026-03-23T01:57:00.000Z,COLA,X,variation,channel,13238.116812665543,nT
2026-03-23T01:58:00.000Z,COLA,X,variation,channel,13243.608953657555,nT
2026-03-23T01:59:00.000Z,COLA,X,variation,channel,13254.29018314151,nT
2026-03-23T02:00:00.000Z,COLA,X,variation,channel,13257.507399700437,nT
2026-03-23T02:01:00.000Z,COLA,X,variation,channel,13252.052098305221,nT
2026-03-23T02:02:00.000Z,COLA,X,variation,channel,13258.530985177193,nT
2026-03-23T02:03:00.000Z,COLA,X,variation,channel,13267.022933362708,nT
2026-03-23T02:04:00.000Z,COLA,X,variation,channel,13280.122980782282,nT
2026-03-23T02:05:00.000Z,COLA,X,variation,channel,13301.844392220364,nT
2026-03-23T02:06:00.000Z,COLA,X,variation,channel,13306.01117709288,nT
2026-03-23T02:07:00.000Z,COLA,X,variation,channel,13311.955965584146,nT
2026-03-23T02:08:00.000Z,COLA,X,variation,channel,13315.753657892488,nT
2026-03-23T02:09:00.000Z,COLA,X,variation,channel,13327.229725937752,nT
2026-03-23T02:10:00.000Z,COLA,X,variation,channel,13332.146738487138,nT
2026-03-23T02:11:00.000Z,COLA,X,variation,channel,13347.181591530045,nT
2026-03-23T02:12:00.000Z,COLA,X,variation,channel,13351.786589370924,nT
2026-03-23T02:13:00.000Z,COLA,X,variation,channel,13365.885866538702,nT
2026-03-23T02:14:00.000Z,COLA,X,variation,channel,13382.488007077714,nT
2026-03-23T02:15:00.000Z,COLA,X,variation,channel,13377.05511746697,nT
2026-03-23T02:16:00.000Z,COLA,X,variation,channel,13367.293074265239,nT
2026-03-23T02:17:00.000Z,COLA,X,variation,channel,13378.381191151177,nT
2026-03-23T02:18:00.000Z,COLA,X,variation,channel,13389.282903046447,nT
2026-03-23T02:19:00.000Z,COLA,X,variation,channel,13390.002466107528,nT
2026-03-23T02:20:00.000Z,COLA,X,variation,channel,13388.893769321887,nT
2026-03-23T02:21:00.000Z,COLA,X,variation,channel,13376.66780064948,nT
2026-03-23T02:22:00.000Z,COLA,X,variation,channel,13366.2261347918,nT
2026-03-23T02:23:00.000Z,COLA,X,variation,channel,13374.14348215108,nT
2026-03-23T02:24:00.000Z,COLA,X,variation,channel,13380.804743977373,nT
2026-03-23T02:25:00.000Z,COLA,X,variation,channel,13394.42690288755,nT
2026-03-23T02:26:00.000Z,COLA,X,variation,channel,13405.200000435425,nT
2026-03-23T02:27:00.000Z,COLA,X,variation,channel,13387.455969476665,nT
2026-03-23T02:28:00.000Z,COLA,X,variation,channel,13389.389424311608,nT
2026-03-23T02:29:00.000Z,COLA,X,variation,channel,13395.688045821342,nT
2026-03-23T02:30:00.000Z,COLA,X,variation,channel,13400.321451707234,nT
2026-03-23T02:31:00.000Z,COLA,X,variation,channel,13396.498231805466,nT
2026-03-23T02:32:00.000Z,COLA,X,variation,channel,13389.54441092065,nT
2026-03-23T02:33:00.000Z,COLA,X,variation,channel,13365.694513967826,nT
2026-03-23T02:34:00.000Z,COLA,X,variation,channel,13346.933018815054,nT
2026-03-23T02:35:00.000Z,COLA,X,variation,channel,13328.04254080067,nT
2026-03-23T02:36:00.000Z,COLA,X,variation,channel,13306.086305387877,nT
2026-03-23T02:37:00.000Z,COLA,X,variation,channel,13327.266568996647,nT
2026-03-23T02:38:00.000Z,COLA,X,variation,channel,13379.26166403996,nT
2026-03-23T02:39:00.000Z,COLA,X,variation,channel,13388.760171417976,nT
2026-03-23T02:40:00.000Z,COLA,X,variation,channel,13383.418512112186,nT
2026-03-23T02:41:00.000Z,COLA,X,variation,channel,13421.738333478608,nT
2026-03-23T02:42:00.000Z,COLA,X,variation,channel,13447.00073993038,nT
2026-03-23T02:43:00.000Z,COLA,X,variation,channel,13442.081653764404,nT
2026-03-23T02:44:00.000Z,COLA,X,variation,channel,13455.919868971885,nT
2026-03-23T02:45:00.000Z,COLA,X,variation,channel,13476.126690503823,nT
2026-03-23T02:46:00.000Z,COLA,X,variation,channel,13489.60498763286,nT
2026-03-23T02:47:00.000Z,COLA,X,variation,channel,13487.070061157146,nT
2026-03-23T02:48:00.000Z,COLA,X,variation,channel,13475.504815825472,nT
2026-03-23T02:49:00.000Z,COLA,X,variation,channel,13482.336435996702,nT
2026-03-23T02:50:00.000Z,COLA,X,variation,channel,13472.876711248982,nT
2026-03-23T02:51:00.000Z,COLA,X,variation,channel,13451.146052481628,nT
2026-03-23T02:52:00.000Z,COLA,X,variation,channel,13428.939177403421,nT
2026-03-23T02:53:00.000Z,COLA,X,variation,channel,13422.886609895559,nT
2026-03-23T02:54:00.000Z,COLA,X,variation,channel,13398.898447065172,nT
2026-03-23T02:55:00.000Z,COLA,X,variation,channel,13389.575539601341,nT
2026-03-23T02:56:00.000Z,COLA,X,variation,channel,13380.54111397479,nT
2026-03-23T02:57:00.000Z,COLA,X,variation,channel,13349.652126744928,nT
2026-03-23T02:58:00.000Z,COLA,X,variation,channel,13326.194747211759,nT
2026-03-23T02:59:00.000Z,COLA,X,variation,channel,13323.33567105672,nT
2026-03-23T03:00:00.000Z,COLA,X,variation,channel,13341.295881211956,nT
2026-03-23T03:01:00.000Z,COLA,X,variation,channel,13332.173728253281,nT
2026-03-23T03:02:00.000Z,COLA,X,variation,channel,13327.88437653637,nT
2026-03-23T03:03:00.000Z,COLA,X,variation,channel,13326.873999835463,nT
2026-03-23T03:04:00.000Z,COLA,X,variation,channel,13323.37868502199,nT
2026-03-23T03:05:00.000Z,COLA,X,variation,channel,13327.577557422594,nT
2026-03-23T03:06:00.000Z,COLA,X,variation,channel,13348.193811313418,nT
2026-03-23T03:07:00.000Z,COLA,X,variation,channel,13372.994305503817,nT
2026-03-23T03:08:00.000Z,COLA,X,variation,channel,13374.004671272463,nT
2026-03-23T03:09:00.000Z,COLA,X,variation,channel,13351.207039869649,nT
2026-03-23T03:10:00.000Z,COLA,X,variation,channel,13354.527153932864,nT
2026-03-23T03:11:00.000Z,COLA,X,variation,channel,13369.394041332529,nT
2026-03-23T03:12:00.000Z,COLA,X,variation,channel,13339.585736250325,nT
2026-03-23T03:13:00.000Z,COLA,X,variation,channel,13315.62996183536,nT
2026-03-23T03:14:00.000Z,COLA,X,variation,channel,13330.411387857419,nT
2026-03-23T03:15:00.000Z,COLA,X,variation,channel,13354.475209247481,nT
2026-03-23T03:16:00.000Z,COLA,X,variation,channel,13404.155414494959,nT
2026-03-23T03:17:00.000Z,COLA,X,variation,channel,13434.837422732413,nT
2026-03-23T03:18:00.000Z,COLA,X,variation,channel,13428.580985633802,nT
2026-03-23T03:19:00.000Z,COLA,X,variation,channel,13424.583537173472,nT
2026-03-23T03:20:00.000Z,COLA,X,variation,channel,13411.008775542843,nT
2026-03-23T03:21:00.000Z,COLA,X,variation,channel,13372.080172581846,nT
2026-03-23T03:22:00.000Z,COLA,X,variation,channel,13347.190820873691,nT
2026-03-23T03:23:00.000Z,COLA,X,variation,channel,13344.14478125342,nT
2026-03-23T03:24:00.000Z,COLA,X,variation,channel,13347.058790282868,nT
2026-03-23T03:25:00.000Z,COLA,X,variation,channel,13336.104576259846,nT
2026-03-23T03:26:00.000Z,COLA,X,variation,channel,13330.007638145695,nT
2026-03-23T03:27:00.000Z,COLA,X,variation,channel,13314.522431472264,nT
2026-03-23T03:28:00.000Z,COLA,X,variation,channel,13308.76633173633,nT
2026-03-23T03:29:00.000Z,COLA,X,variation,channel,13322.3327162063,nT
2026-03-23T03:30:00.000Z,COLA,X,variation,channel,13337.613500380372,nT
2026-03-23T03:31:00.000Z,COLA,X,variation,channel,13334.690083208252,nT
2026-03-23T03:32:00.000Z,COLA,X,variation,channel,13325.06016667618,nT
2026-03-23T03:33:00.000Z,COLA,X,variation,channel,13305.842501186256,nT
2026-03-23T03:34:00.000Z,COLA,X,variation,channel,13287.559145735095,nT
2026-03-23T03:35:00.000Z,COLA,X,variation,channel,13260.981219323503,nT
2026-03-23T03:36:00.000Z,COLA,X,variation,channel,13252.583267735894,nT
2026-03-23T03:37:00.000Z,COLA,X,variation,channel,13240.038454071144,nT
2026-03-23T03:38:00.000Z,COLA,X,variation,channel,13232.038854363214,nT
2026-03-23T03:39:00.000Z,COLA,X,variation,channel,13232.976448112971,nT
2026-03-23T03:40:00.000Z,COLA,X,variation,channel,13254.936988353835,nT
2026-03-23T03:41:00.000Z,COLA,X,variation,channel,13261.117041886831,nT
2026-03-23T03:42:00.000Z,COLA,X,variation,channel,13241.54900633133,nT
2026-03-23T03:43:00.000Z,COLA,X,variation,channel,13223.67860641182,nT
2026-03-23T03:44:00.000Z,COLA,X,variation,channel,13248.0299490517,nT
2026-03-23T03:45:00.000Z,COLA,X,variation,channel,13264.730931339447,nT
2026-03-23T03:46:00.000Z,COLA,X,variation,channel,13256.387364312814,nT
2026-03-23T03:47:00.000Z,COLA,X,variation,channel,13266.337289512292,nT
2026-03-23T03:48:00.000Z,COLA,X,variation,channel,13276.022043870486,nT
2026-03-23T03:49:00.000Z,COLA,X,variation,channel,13274.874143119658,nT
2026-03-23T03:50:00.000Z,COLA,X,variation,channel,13286.706617848216,nT
2026-03-23T03:51:00.000Z,COLA,X,variation,channel,13314.223591967191,nT
2026-03-23T03:52:00.000Z,COLA,X,variation,channel,13312.230834736327,nT
2026-03-23T03:53:00.000Z,COLA,X,variation,channel,13293.492083255473,nT
2026-03-23T03:54:00.000Z,COLA,X,variation,channel,13292.853929881016,nT
2026-03-23T03:55:00.000Z,COLA,X,variation,channel,13300.310563023299,nT
2026-03-23T03:56:00.000Z,COLA,X,variation,channel,13281.374072370705,nT
2026-03-23T03:57:00.000Z,COLA,X,variation,channel,13267.479107848978,nT
2026-03-23T03:58:00.000Z,COLA,X,variation,channel,13265.212642090672,nT
2026-03-23T03:59:00.000Z,COLA,X,variation,channel,13253.790492174261,nT
2026-03-23T04:00:00.000Z,COLA,X,variation,channel,13252.459055401165,nT
2026-03-23T04:01:00.000Z,COLA,X,variation,channel,13265.594513405154,nT
2026-03-23T04:02:00.000Z,COLA,X,variation,channel,13273.416439696994,nT
2026-03-23T04:03:00.000Z,COLA,X,variation,channel,13269.982549955013,nT
2026-03-23T04:04:00.000Z,COLA,X,variation,channel,13284.122674576192,nT
2026-03-23T04:05:00.000Z,COLA,X,variation,channel,13289.24675416962,nT
2026-03-23T04:06:00.000Z,COLA,X,variation,channel,13293.120235008255,nT
2026-03-23T04:07:00.000Z,COLA,X,variation,channel,13288.080324057699,nT
2026-03-23T04:08:00.000Z,COLA,X,variation,channel,13284.946408709991,nT
2026-03-23T04:09:00.000Z,COLA,X,variation,channel,13281.057734826687,nT
2026-03-23T04:10:00.000Z,COLA,X,variation,channel,13274.438280893146,nT
2026-03-23T04:11:00.000Z,COLA,X,variation,channel,13276.13739471954,nT
2026-03-23T04:12:00.000Z,COLA,X,variation,channel,13292.92193594774,nT
2026-03-23T04:13:00.000Z,COLA,X,variation,channel,13305.932974592708,nT
2026-03-23T04:14:00.000Z,COLA,X,variation,channel,13303.626611419713,nT
2026-03-23T04:15:00.000Z,COLA,X,variation,channel,13312.133736231242,nT
2026-03-23T04:16:00.000Z,COLA,X,variation,channel,13333.490074439624,nT
2026-03-23T04:17:00.000Z,COLA,X,variation,channel,13349.89063401352,nT
2026-03-23T04:18:00.000Z,COLA,X,variation,channel,13362.756291148788,nT
2026-03-23T04:19:00.000Z,COLA,X,variation,channel,13377.40632518156,nT
2026-03-23T04:20:00.000Z,COLA,X,variation,channel,13394.751476493959,nT
2026-03-23T04:21:00.000Z,COLA,X,variation,channel,13394.454346367318,nT
2026-03-23T04:22:00.000Z,COLA,X,variation,channel,13403.144317804423,nT
2026-03-23T04:23:00.000Z,COLA,X,variation,channel,13414.819838296584,nT
2026-03-23T04:24:00.000Z,COLA,X,variation,channel,13426.718170852999,nT
2026-03-23T04:25:00.000Z,COLA,X,variation,channel,13420.029202905012,nT
2026-03-23T04:26:00.000Z,COLA,X,variation,channel,13416.711183574665,nT
2026-03-23T04:27:00.000Z,COLA,X,variation,channel,13422.746394945832,nT
2026-03-23T04:28:00.000Z,COLA,X,variation,channel,13407.802835355453,nT
2026-03-23T04:29:00.000Z,COLA,X,variation,channel,13396.056661331571,nT
2026-03-23T04:30:00.000Z,COLA,X,variation,channel,13397.80853169183,nT
2026-03-23T04:31:00.000Z,COLA,X,variation,channel,13376.352604969139,nT
2026-03-23T04:32:00.000Z,COLA,X,variation,channel,13352.65591092292,nT
2026-03-23T04:33:00.000Z,COLA,X,variation,channel,13356.361469831627,nT
2026-03-23T04:34:00.000Z,COLA,X,variation,channel,13367.748242549444,nT
2026-03-23T04:35:00.000Z,COLA,X,variation,channel,13368.964053494034,nT
2026-03-23T04:36:00.000Z,COLA,X,variation,channel,13351.769731383914,nT
2026-03-23T04:37:00.000Z,COLA,X,variation,channel,13346.27252184772,nT
2026-03-23T04:38:00.000Z,COLA,X,variation,channel,13351.532018766115,nT
2026-03-23T04:39:00.000Z,COLA,X,variation,channel,13362.356674751192,nT
2026-03-23T04:40:00.000Z,COLA,X,variation,channel,13369.001238635112,nT
2026-03-23T04:41:00.000Z,COLA,X,variation,channel,13363.928337312342,nT
2026-03-23T04:42:00.000Z,COLA,X,variation,channel,13364.233977360685,nT
2026-03-23T04:43:00.000Z,COLA,X,variation,channel,13370.33756777742,nT
2026-03-23T04:44:00.000Z,COLA,X,variation,channel,13365.722605090008,nT
2026-03-23T04:45:00.000Z,COLA,X,variation,channel,13369.212872140426,nT
2026-03-23T04:46:00.000Z,COLA,X,variation,channel,13383.138095042958,nT
2026-03-23T04:47:00.000Z,COLA,X,variation,channel,13398.762025872587,nT
2026-03-23T04:48:00.000Z,COLA,X,variation,channel,13389.461379243994,nT
2026-03-23T04:49:00.000Z,COLA,X,variation,channel,13390.781986552558,nT
2026-03-23T04:50:00.000Z,COLA,X,variation,channel,13397.13374197735,nT
2026-03-23T04:51:00.000Z,COLA,X,variation,channel,13387.51013071604,nT
2026-03-23T04:52:00.000Z,COLA,X,variation,channel,13382.075003586975,nT
2026-03-23T04:53:00.000Z,COLA,X,variation,channel,13384.977365745139,nT
2026-03-23T04:54:00.000Z,COLA,X,variation,channel,13391.794758922159,nT
2026-03-23T04:55:00.000Z,COLA,X,variation,channel,13393.46034189053,nT
2026-03-23T04:56:00.000Z,COLA,X,variation,channel,13380.106376634336,nT
2026-03-23T04:57:00.000Z,COLA,X,variation,channel,13362.4660339831,nT
2026-03-23T04:58:00.000Z,COLA,X,variation,channel,13358.846662002747,nT
2026-03-23T04:59:00.000Z,COLA,X,variation,channel,13369.634732406994,nT
2026-03-23T05:00:00.000Z,COLA,X,variation,channel,13362.758771147834,nT
2026-03-23T05:01:00.000Z,COLA,X,variation,channel,13343.44683852574,nT
2026-03-23T05:02:00.000Z,COLA,X,variation,channel,13319.550850524905,nT
2026-03-23T05:03:00.000Z,COLA,X,variation,channel,13308.000802656026,nT
2026-03-23T05:04:00.000Z,COLA,X,variation,channel,13285.410976690597,nT
2026-03-23T05:05:00.000Z,COLA,X,variation,channel,13283.287153784166,nT
2026-03-23T05:06:00.000Z,COLA,X,variation,channel,13266.52402305291,nT
2026-03-23T05:07:00.000Z,COLA,X,variation,channel,13242.790694763198,nT
2026-03-23T05:08:00.000Z,COLA,X,variation,channel,13236.94218787082,nT
2026-03-23T05:09:00.000Z,COLA,X,variation,channel,13243.799601205768,nT
2026-03-23T05:10:00.000Z,COLA,X,variation,channel,13248.370467497814,nT
2026-03-23T05:11:00.000Z,COLA,X,variation,channel,13254.655635598514,nT
2026-03-23T05:12:00.000Z,COLA,X,variation,channel,13256.130444360842,nT
2026-03-23T05:13:00.000Z,COLA,X,variation,channel,13257.002563193066,nT
2026-03-23T05:14:00.000Z,COLA,X,variation,channel,13247.797070630686,nT
2026-03-23T05:15:00.000Z,COLA,X,variation,channel,13231.301706343314,nT
2026-03-23T05:16:00.000Z,COLA,X,variation,channel,13225.659689535547,nT
2026-03-23T05:17:00.000Z,COLA,X,variation,channel,13221.94802102702,nT
2026-03-23T05:18:00.000Z,COLA,X,variation,channel,13214.700994532948,nT
2026-03-23T05:19:00.000Z,COLA,X,variation,channel,13220.982356916762,nT
2026-03-23T05:20:00.000Z,COLA,X,variation,channel,13231.484652199384,nT
2026-03-23T05:21:00.000Z,COLA,X,variation,channel,13225.975712775042,nT
2026-03-23T05:22:00.000Z,COLA,X,variation,channel,13231.951922641194,nT
2026-03-23T05:23:00.000Z,COLA,X,variation,channel,13228.810460201214,nT
2026-03-23T05:24:00.000Z,COLA,X,variation,channel,13217.159464328266,nT
2026-03-23T05:25:00.000Z,COLA,X,variation,channel,13203.836829135344,nT
2026-03-23T05:26:00.000Z,COLA,X,variation,channel,13221.46373293207,nT
2026-03-23T05:27:00.000Z,COLA,X,variation,channel,13235.854870058658,nT
2026-03-23T05:28:00.000Z,COLA,X,variation,channel,13241.57350834437,nT
2026-03-23T05:29:00.000Z,COLA,X,variation,channel,13230.647769250752,nT
2026-03-23T05:30:00.000Z,COLA,X,variation,channel,13203.76578216416,nT
2026-03-23T05:31:00.000Z,COLA,X,variation,channel,13038.360415603838,nT
2026-03-23T05:32:00.000Z,COLA,X,variation,channel,13009.107794424379,nT
2026-03-23T05:33:00.000Z,COLA,X,variation,channel,12987.865944370093,nT
2026-03-23T05:34:00.000Z,COLA,X,variation,channel,12930.005175847793,nT
2026-03-23T05:35:00.000Z,COLA,X,variation,channel,13016.935300868157,nT
2026-03-23T05:36:00.000Z,COLA,X,variation,channel,13116.887844090652,nT
2026-03-23T05:37:00.000Z,COLA,X,variation,channel,13145.651828039803,nT
2026-03-23T05:38:00.000Z,COLA,X,variation,channel,13132.43263739562,nT
2026-03-23T05:39:00.000Z,COLA,X,variation,channel,13169.739191657634,nT
2026-03-23T05:40:00.000Z,COLA,X,variation,channel,13201.999172816073,nT
2026-03-23T05:41:00.000Z,COLA,X,variation,channel,13263.309181144698,nT
2026-03-23T05:42:00.000Z,COLA,X,variation,channel,13275.012132648517,nT
2026-03-23T05:43:00.000Z,COLA,X,variation,channel,13256.85794921051,nT
2026-03-23T05:44:00.000Z,COLA,X,variation,channel,13258.010737331248,nT
2026-03-23T05:45:00.000Z,COLA,X,variation,channel,13230.844704201018,nT
2026-03-23T05:46:00.000Z,COLA,X,variation,channel,13205.024831682033,nT
2026-03-23T05:47:00.000Z,COLA,X,variation,channel,13203.308264061503,nT
2026-03-23T05:48:00.000Z,COLA,X,variation,channel,13228.129717886564,nT
2026-03-23T05:49:00.000Z,COLA,X,variation,channel,13243.47412201343,nT
2026-03-23T05:50:00.000Z,COLA,X,variation,channel,13258.313283216357,nT
2026-03-23T05:51:00.000Z,COLA,X,variation,channel,13277.339353234507,nT
2026-03-23T05:52:00.000Z,COLA,X,variation,channel,13279.023310964723,nT
2026-03-23T05:53:00.000Z,COLA,X,variation,channel,13282.3188017861,nT
2026-03-23T05:54:00.000Z,COLA,X,variation,channel,13294.064692396296,nT
2026-03-23T05:55:00.000Z,COLA,X,variation,channel,13295.65674115815,nT
2026-03-23T05:56:00.000Z,COLA,X,variation,channel,13281.84849278175,nT
2026-03-23T05:57:00.000Z,COLA,X,variation,channel,13278.496154318189,nT
2026-03-23T05:58:00.000Z,COLA,X,variation,channel,13277.309086407651,nT
2026-03-23T05:59:00.000Z,COLA,X,variation,channel,13280.6069075583,nT
2026-03-23T06:00:00.000Z,COLA,X,variation,channel,13284.461767817438,nT
2026-03-23T06:01:00.000Z,COLA,X,variation,channel,13286.535165086192,nT
2026-03-23T06:02:00.000Z,COLA,X,variation,channel,13287.18665997614,nT
2026-03-23T06:03:00.000Z,COLA,X,variation,channel,13291.377677937655,nT
2026-03-23T06:04:00.000Z,COLA,X,variation,channel,13297.800262728784,nT
2026-03-23T06:05:00.000Z,COLA,X,variation,channel,13291.200396345383,nT
2026-03-23T06:06:00.000Z,COLA,X,variation,channel,13281.887178722709,nT
2026-03-23T06:07:00.000Z,COLA,X,variation,channel,13278.564755879193,nT
2026-03-23T06:08:00.000Z,COLA,X,variation,channel,13280.069670447676,nT
2026-03-23T06:09:00.000Z,COLA,X,variation,channel,13268.630513244078,nT
2026-03-23T06:10:00.000Z,COLA,X,variation,channel,13249.986145410883,nT
2026-03-23T06:11:00.000Z,COLA,X,variation,channel,13226.820341037475,nT
2026-03-23T06:12:00.000Z,COLA,X,variation,channel,13220.573690837247,nT
2026-03-23T06:13:00.000Z,COLA,X,variation,channel,13206.892090702244,nT
2026-03-23T06:14:00.000Z,COLA,X,variation,channel,13189.078747825399,nT
2026-03-23T06:15:00.000Z,COLA,X,variation,channel,13222.939438911248,nT
2026-03-23T06:16:00.000Z,COLA,X,variation,channel,13263.909680580562,nT
2026-03-23T06:17:00.000Z,COLA,X,variation,channel,13274.60628817619,nT
2026-03-23T06:18:00.000Z,COLA,X,variation,channel,13253.549606463701,nT
2026-03-23T06:19:00.000Z,COLA,X,variation,channel,13217.413456508235,nT
2026-03-23T06:20:00.000Z,COLA,X,variation,channel,13195.815022208011,nT
2026-03-23T06:21:00.000Z,COLA,X,variation,channel,13182.584078569475,nT
2026-03-23T06:22:00.000Z,COLA,X,variation,channel,13180.69793788367,nT
2026-03-23T06:23:00.000Z,COLA,X,variation,channel,13212.085058197405,nT
2026-03-23T06:24:00.000Z,COLA,X,variation,channel,13280.699271585074,nT
2026-03-23T06:25:00.000Z,COLA,X,variation,channel,13269.712333049578,nT
2026-03-23T06:26:00.000Z,COLA,X,variation,channel,13242.23888709772,nT
2026-03-23T06:27:00.000Z,COLA,X,variation,channel,13096.83917099441,nT
2026-03-23T06:28:00.000Z,COLA,X,variation,channel,13019.977994521754,nT
2026-03-23T06:29:00.000Z,COLA,X,variation,channel,13019.918665558906,nT
2026-03-23T06:30:00.000Z,COLA,X,variation,channel,13044.733090433952,nT
2026-03-23T06:31:00.000Z,COLA,X,variation,channel,13136.674729970238,nT
2026-03-23T06:32:00.000Z,COLA,X,variation,channel,13195.191400640782,nT
2026-03-23T06:33:00.000Z,COLA,X,variation,channel,13171.271168662006,nT
2026-03-23T06:34:00.000Z,COLA,X,variation,channel,13133.067217872216,nT
2026-03-23T06:35:00.000Z,COLA,X,variation,channel,13137.876727191351,nT
2026-03-23T06:36:00.000Z,COLA,X,variation,channel,13173.968211753108,nT
2026-03-23T06:37:00.000Z,COLA,X,variation,channel,13179.205085424845,nT
2026-03-23T06:38:00.000Z,COLA,X,variation,channel,13178.31831864961,nT
2026-03-23T06:39:00.000Z,COLA,X,variation,channel,13188.845885029088,nT
2026-03-23T06:40:00.000Z,COLA,X,variation,channel,13226.699349042314,nT
2026-03-23T06:41:00.000Z,COLA,X,variation,channel,13268.571641996583,nT
2026-03-23T06:42:00.000Z,COLA,X,variation,channel,13310.476619340616,nT
2026-03-23T06:43:00.000Z,COLA,X,variation,channel,13349.278594457604,nT
2026-03-23T06:44:00.000Z,COLA,X,variation,channel,13279.160336470675,nT
2026-03-23T06:45:00.000Z,COLA,X,variation,channel,13188.258939902245,nT
2026-03-23T06:46:00.000Z,COLA,X,variation,channel,13118.271922926002,nT
2026-03-23T06:47:00.000Z,COLA,X,variation,channel,13100.859046514674,nT
2026-03-23T06:48:00.000Z,COLA,X,variation,channel,13048.207672246124,nT
2026-03-23T06:49:00.000Z,COLA,X,variation,channel,12969.332032250528,nT
2026-03-23T06:50:00.000Z,COLA,X,variation,channel,12898.102951346496,nT
2026-03-23T06:51:00.000Z,COLA,X,variation,channel,12931.69995016589,nT
2026-03-23T06:52:00.000Z,COLA,X,variation,channel,12938.851961233177,nT
2026-03-23T06:53:00.000Z,COLA,X,variation,channel,13065.63434337143,nT
2026-03-23T06:54:00.000Z,COLA,X,variation,channel,13181.767384295668,nT
2026-03-23T06:55:00.000Z,COLA,X,variation,channel,13211.46505629434,nT
2026-03-23T06:56:00.000Z,COLA,X,variation,channel,13171.970333506939,nT
2026-03-23T06:57:00.000Z,COLA,X,variation,channel,13158.822289136628,nT
2026-03-23T06:58:00.000Z,COLA,X,variation,channel,13153.129729255796,nT
2026-03-23T06:59:00.000Z,COLA,X,variation,channel,13152.856599042654,nT
2026-03-23T07:00:00.000Z,COLA,X,variation,channel,13127.645967093322,nT
2026-03-23T07:01:00.000Z,COLA,X,variation,channel,13096.515391558592,nT
2026-03-23T07:02:00.000Z,COLA,X,variation,channel,13112.288352787424,nT
2026-03-23T07:03:00.000Z,COLA,X,variation,channel,13142.398041888735,nT
2026-03-23T07:04:00.000Z,COLA,X,variation,channel,13159.431069968567,nT
2026-03-23T07:05:00.000Z,COLA,X,variation,channel,13173.842036060272,nT
2026-03-23T07:06:00.000Z,COLA,X,variation,channel,13177.5017916697,nT
2026-03-23T07:07:00.000Z,COLA,X,variation,channel,13169.63797863719,nT
2026-03-23T07:08:00.000Z,COLA,X,variation,channel,13116.35815368004,nT
2026-03-23T07:09:00.000Z,COLA,X,variation,channel,13105.431267155818,nT
2026-03-23T07:10:00.000Z,COLA,X,variation,channel,13117.562519580862,nT
2026-03-23T07:11:00.000Z,COLA,X,variation,channel,13129.252835875803,nT
2026-03-23T07:12:00.000Z,COLA,X,variation,channel,13167.614417814882,nT
2026-03-23T07:13:00.000Z,COLA,X,variation,channel,13208.075276837939,nT
2026-03-23T07:14:00.000Z,COLA,X,variation,channel,13235.049959502257,nT
2026-03-23T07:15:00.000Z,COLA,X,variation,channel,13247.23882655517,nT
2026-03-23T07:16:00.000Z,COLA,X,variation,channel,13249.275624730137,nT
2026-03-23T07:17:00.000Z,COLA,X,variation,channel,13222.110298360249,nT
2026-03-23T07:18:00.000Z,COLA,X,variation,channel,13258.656816809618,nT
2026-03-23T07:19:00.000Z,COLA,X,variation,channel,13260.013708411636,nT
2026-03-23T07:20:00.000Z,COLA,X,variation,channel,13247.547746639339,nT
2026-03-23T07:21:00.000Z,COLA,X,variation,channel,13271.131075370016,nT
2026-03-23T07:22:00.000Z,COLA,X,variation,channel,13283.080518602517,nT
2026-03-23T07:23:00.000Z,COLA,X,variation,channel,13305.726916284799,nT
2026-03-23T07:24:00.000Z,COLA,X,variation,channel,13315.86405244971,nT
2026-03-23T07:25:00.000Z,COLA,X,variation,channel,13302.666408957362,nT
2026-03-23T07:26:00.000Z,COLA,X,variation,channel,13275.980330240027,nT
2026-03-23T07:27:00.000Z,COLA,X,variation,channel,13252.148423734674,nT
2026-03-23T07:28:00.000Z,COLA,X,variation,channel,13259.629967523393,nT
2026-03-23T07:29:00.000Z,COLA,X,variation,channel,13264.903985535258,nT
2026-03-23T07:30:00.000Z,COLA,X,variation,channel,13272.57691178771,nT
2026-03-23T07:31:00.000Z,COLA,X,variation,channel,13286.032495908947,nT
2026-03-23T07:32:00.000Z,COLA,X,variation,channel,13306.675864134992,nT
2026-03-23T07:33:00.000Z,COLA,X,variation,channel,13316.391956496907,nT
2026-03-23T07:34:00.000Z,COLA,X,variation,channel,13315.16818893986,nT
2026-03-23T07:35:00.000Z,COLA,X,variation,channel,13307.893270853558,nT
2026-03-23T07:36:00.000Z,COLA,X,variation,channel,13294.886273399996,nT
2026-03-23T07:37:00.000Z,COLA,X,variation,channel,13281.517692151141,nT
2026-03-23T07:38:00.000Z,COLA,X,variation,channel,13301.84685025875,nT
2026-03-23T07:39:00.000Z,COLA,X,variation,channel,13309.983992317384,nT
2026-03-23T07:40:00.000Z,COLA,X,variation,channel,13290.441617704826,nT
2026-03-23T07:41:00.000Z,COLA,X,variation,channel,13292.121625395575,nT
2026-03-23T07:42:00.000Z,COLA,X,variation,channel,13281.072851856696,nT
2026-03-23T07:43:00.000Z,COLA,X,variation,channel,13259.205721474136,nT
2026-03-23T07:44:00.000Z,COLA,X,variation,channel,13265.021517662466,nT
2026-03-23T07:45:00.000Z,COLA,X,variation,channel,13282.810293575556,nT
2026-03-23T07:46:00.000Z,COLA,X,variation,channel,13302.512529442396,nT
2026-03-23T07:47:00.000Z,COLA,X,variation,channel,13282.521885930786,nT
2026-03-23T07:48:00.000Z,COLA,X,variation,channel,13251.459726465753,nT
2026-03-23T07:49:00.000Z,COLA,X,variation,channel,13267.026521513824,nT
2026-03-23T07:50:00.000Z,COLA,X,variation,channel,13305.62590696748,nT
2026-03-23T07:51:00.000Z,COLA,X,variation,channel,13340.681112239372,nT
2026-03-23T07:52:00.000Z,COLA,X,variation,channel,13346.444106028652,nT
2026-03-23T07:53:00.000Z,COLA,X,variation,channel,13337.738773123432,nT
2026-03-23T07:54:00.000Z,COLA,X,variation,channel,13320.290778039272,nT
2026-03-23T07:55:00.000Z,COLA,X,variation,channel,13287.192762253035,nT
2026-03-23T07:56:00.000Z,COLA,X,variation,channel,13263.660331130846,nT
2026-03-23T07:57:00.000Z,COLA,X,variation,channel,13286.425515096535,nT
2026-03-23T07:58:00.000Z,COLA,X,variation,channel,13340.199898135641,nT
2026-03-23T07:59:00.000Z,COLA,X,variation,channel,13374.41372461801,nT
2026-03-23T08:00:00.000Z,COLA,X,variation,channel,13369.603650196575,nT
2026-03-23T08:01:00.000Z,COLA,X,variation,channel,13350.380158964188,nT
2026-03-23T08:02:00.000Z,COLA,X,variation,channel,13299.867509770085,nT
2026-03-23T08:03:00.000Z,COLA,X,variation,channel,13254.433957666008,nT
2026-03-23T08:04:00.000Z,COLA,X,variation,channel,13236.469486515995,nT
2026-03-23T08:05:00.000Z,COLA,X,variation,channel,13233.329676613108,nT
2026-03-23T08:06:00.000Z,COLA,X,variation,channel,13224.058183534182,nT
2026-03-23T08:07:00.000Z,COLA,X,variation,channel,13217.818325004204,nT
2026-03-23T08:08:00.000Z,COLA,X,variation,channel,13233.773730843293,nT
2026-03-23T08:09:00.000Z,COLA,X,variation,channel,13264.675222210566,nT
2026-03-23T08:10:00.000Z,COLA,X,variation,channel,13285.44440313384,nT
2026-03-23T08:11:00.000Z,COLA,X,variation,channel,13301.343008379772,nT
2026-03-23T08:12:00.000Z,COLA,X,variation,channel,13319.061996975777,nT
2026-03-23T08:13:00.000Z,COLA,X,variation,channel,13332.121180919703,nT
2026-03-23T08:14:00.000Z,COLA,X,variation,channel,13337.613052973691,nT
2026-03-23T08:15:00.000Z,COLA,X,variation,channel,13330.907114208958,nT
2026-03-23T08:16:00.000Z,COLA,X,variation,channel,13310.378460919139,nT
2026-03-23T08:17:00.000Z,COLA,X,variation,channel,13293.98188694499,nT
2026-03-23T08:18:00.000Z,COLA,X,variation,channel,13266.573506715196,nT
2026-03-23T08:19:00.000Z,COLA,X,variation,channel,13232.797811618208,nT
2026-03-23T08:20:00.000Z,COLA,X,variation,channel,13215.18057006522,nT
2026-03-23T08:21:00.000Z,COLA,X,variation,channel,13227.224479898101,nT
2026-03-23T08:22:00.000Z,COLA,X,variation,channel,13237.873438784,nT
2026-03-23T08:23:00.000Z,COLA,X,variation,channel,13237.104531700874,nT
2026-03-23T08:24:00.000Z,COLA,X,variation,channel,13229.470804148588,nT
2026-03-23T08:25:00.000Z,COLA,X,variation,channel,13243.784778407477,nT
2026-03-23T08:26:00.000Z,COLA,X,variation,channel,13262.310855058344,nT
2026-03-23T08:27:00.000Z,COLA,X,variation,channel,13265.308800093731,nT
2026-03-23T08:28:00.000Z,COLA,X,variation,channel,13255.871744140457,nT
2026-03-23T08:29:00.000Z,COLA,X,variation,channel,13255.35705888376,nT
2026-03-23T08:30:00.000Z,COLA,X,variation,channel,13260.62142342926,nT
2026-03-23T08:31:00.000Z,COLA,X,variation,channel,13263.29309495207,nT
2026-03-23T08:32:00.000Z,COLA,X,variation,channel,13268.622480555665,nT
2026-03-23T08:33:00.000Z,COLA,X,variation,channel,13266.271432654414,nT
2026-03-23T08:34:00.000Z,COLA,X,variation,channel,13267.961531713254,nT
2026-03-23T08:35:00.000Z,COLA,X,variation,channel,13280.675924998963,nT
2026-03-23T08:36:00.000Z,COLA,X,variation,channel,13281.973418551283,nT
2026-03-23T08:37:00.000Z,COLA,X,variation,channel,13266.819495761269,nT
2026-03-23T08:38:00.000Z,COLA,X,variation,channel,13263.52327525829,nT
2026-03-23T08:39:00.000Z,COLA,X,variation,channel,13262.307701691889,nT
2026-03-23T08:40:00.000Z,COLA,X,variation,channel,13255.655016812208,nT
2026-03-23T08:41:00.000Z,COLA,X,variation,channel,13249.92564393782,nT
2026-03-23T08:42:00.000Z,COLA,X,variation,channel,13248.672714276672,nT
2026-03-23T08:43:00.000Z,COLA,X,variation,channel,13249.778017898778,nT
2026-03-23T08:44:00.000Z,COLA,X,variation,channel,13244.874820237445,nT
2026-03-23T08:45:00.000Z,COLA,X,variation,channel,13240.951884765473,nT
2026-03-23T08:46:00.000Z,COLA,X,variation,channel,13228.67615005667,nT
2026-03-23T08:47:00.000Z,COLA,X,variation,channel,13227.683842657943,nT
2026-03-23T08:48:00.000Z,COLA,X,variation,channel,13236.079575314347,nT
2026-03-23T08:49:00.000Z,COLA,X,variation,channel,13241.108311276685,nT
2026-03-23T08:50:00.000Z,COLA,X,variation,channel,13238.191118109935,nT
2026-03-23T08:51:00.000Z,COLA,X,variation,channel,13235.313095288933,nT
2026-03-23T08:52:00.000Z,COLA,X,variation,channel,13217.799063775781,nT
2026-03-23T08:53:00.000Z,COLA,X,variation,channel,13200.173998911245,nT
2026-03-23T08:54:00.000Z,COLA,X,variation,channel,13187.74239599019,nT
2026-03-23T08:55:00.000Z,COLA,X,variation,channel,13178.926245448047,nT
2026-03-23T08:56:00.000Z,COLA,X,variation,channel,13180.12188098505,nT
2026-03-23T08:57:00.000Z,COLA,X,variation,channel,13181.911677955739,nT
2026-03-23T08:58:00.000Z,COLA,X,variation,channel,13184.631510907164,nT
2026-03-23T08:59:00.000Z,COLA,X,variation,channel,13189.10218317573,nT
2026-03-23T09:00:00.000Z,COLA,X,variation,channel,13193.34077408994,nT
2026-03-23T09:01:00.000Z,COLA,X,variation,channel,13189.896109651652,nT
2026-03-23T09:02:00.000Z,COLA,X,variation,channel,13182.497261164974,nT
2026-03-23T09:03:00.000Z,COLA,X,variation,channel,13175.861917254244,nT
2026-03-23T09:04:00.000Z,COLA,X,variation,channel,13166.793336282757,nT
2026-03-23T09:05:00.000Z,COLA,X,variation,channel,13159.17875690405,nT
2026-03-23T09:06:00.000Z,COLA,X,variation,channel,13167.019785919265,nT
2026-03-23T09:07:00.000Z,COLA,X,variation,channel,13172.287354788748,nT
2026-03-23T09:08:00.000Z,COLA,X,variation,channel,13176.692964585287,nT
2026-03-23T09:09:00.000Z,COLA,X,variation,channel,13183.754886969115,nT
2026-03-23T09:10:00.000Z,COLA,X,variation,channel,13184.35281069182,nT
2026-03-23T09:11:00.000Z,COLA,X,variation,channel,13188.466220037923,nT
2026-03-23T09:12:00.000Z,COLA,X,variation,channel,13196.378205348568,nT
2026-03-23T09:13:00.000Z,COLA,X,variation,channel,13203.912969747009,nT
2026-03-23T09:14:00.000Z,COLA,X,variation,channel,13209.15211300362,nT
2026-03-23T09:15:00.000Z,COLA,X,variation,channel,13214.525677376272,nT
2026-03-23T09:16:00.000Z,COLA,X,variation,channel,13223.72032582224,nT
2026-03-23T09:17:00.000Z,COLA,X,variation,channel,13226.751901304042,nT
2026-03-23T09:18:00.000Z,COLA,X,variation,channel,13229.398709649096,nT
2026-03-23T09:19:00.000Z,COLA,X,variation,channel,13203.802750807263,nT
2026-03-23T09:20:00.000Z,COLA,X,variation,channel,13188.287124040391,nT
2026-03-23T09:21:00.000Z,COLA,X,variation,channel,13187.4242359631,nT
2026-03-23T09:22:00.000Z,COLA,X,variation,channel,13177.55288043646,nT
2026-03-23T09:23:00.000Z,COLA,X,variation,channel,13161.197616993371,nT
2026-03-23T09:24:00.000Z,COLA,X,variation,channel,13143.698396549547,nT
2026-03-23T09:25:00.000Z,COLA,X,variation,channel,13168.21173516361,nT
2026-03-23T09:26:00.000Z,COLA,X,variation,channel,13202.628401749449,nT
2026-03-23T09:27:00.000Z,COLA,X,variation,channel,13198.36209923412,nT
2026-03-23T09:28:00.000Z,COLA,X,variation,channel,13182.422461676699,nT
2026-03-23T09:29:00.000Z,COLA,X,variation,channel,13209.586211797417,nT
2026-03-23T09:30:00.000Z,COLA,X,variation,channel,13278.604014879736,nT
2026-03-23T09:31:00.000Z,COLA,X,variation,channel,13331.80262552434,nT
2026-03-23T09:32:00.000Z,COLA,X,variation,channel,13333.461843081426,nT
2026-03-23T09:33:00.000Z,COLA,X,variation,channel,13316.449834990775,nT
2026-03-23T09:34:00.000Z,COLA,X,variation,channel,13314.233445862881,nT
2026-03-23T09:35:00.000Z,COLA,X,variation,channel,13328.232660325646,nT
2026-03-23T09:36:00.000Z,COLA,X,variation,channel,13341.360103656361,nT
2026-03-23T09:37:00.000Z,COLA,X,variation,channel,13344.63454086204,nT
2026-03-23T09:38:00.000Z,COLA,X,variation,channel,13285.769861917546,nT
2026-03-23T09:39:00.000Z,COLA,X,variation,channel,13256.19393593716,nT
2026-03-23T09:40:00.000Z,COLA,X,variation,channel,13236.226117469552,nT
2026-03-23T09:41:00.000Z,COLA,X,variation,channel,13230.370571857835,nT
2026-03-23T09:42:00.000Z,COLA,X,variation,channel,13222.719142056718,nT
2026-03-23T09:43:00.000Z,COLA,X,variation,channel,13223.406322927216,nT
2026-03-23T09:44:00.000Z,COLA,X,variation,channel,13230.0159747976,nT
2026-03-23T09:45:00.000Z,COLA,X,variation,channel,13225.75150688447,nT
2026-03-23T09:46:00.000Z,COLA,X,variation,channel,13221.24157421393,nT
2026-03-23T09:47:00.000Z,COLA,X,variation,channel,13230.114307628466,nT
2026-03-23T09:48:00.000Z,COLA,X,variation,channel,13250.05275965206,nT
2026-03-23T09:49:00.000Z,COLA,X,variation,channel,13248.965083297811,nT
2026-03-23T09:50:00.000Z,COLA,X,variation,channel,13240.738993203768,nT
2026-03-23T09:51:00.000Z,COLA,X,variation,channel,13243.614521576688,nT
2026-03-23T09:52:00.000Z,COLA,X,variation,channel,13242.405810140866,nT
2026-03-23T09:53:00.000Z,COLA,X,variation,channel,13238.083574462611,nT
2026-03-23T09:54:00.000Z,COLA,X,variation,channel,13236.521505756089,nT
2026-03-23T09:55:00.000Z,COLA,X,variation,channel,13216.947911644389,nT
2026-03-23T09:56:00.000Z,COLA,X,variation,channel,13188.140112694007,nT
2026-03-23T09:57:00.000Z,COLA,X,variation,channel,13168.071060286376,nT
2026-03-23T09:58:00.000Z,COLA,X,variation,channel,13175.709222688161,nT
2026-03-23T09:59:00.000Z,COLA,X,variation,channel,13187.528394572257,nT
2026-03-23T10:00:00.000Z,COLA,X,variation,channel,13174.378189681373,nT
2026-03-23T10:01:00.000Z,COLA,X,variation,channel,13194.844645476214,nT
2026-03-23T10:02:00.000Z,COLA,X,variation,channel,13211.408995987915,nT
2026-03-23T10:03:00.000Z,COLA,X,variation,channel,13219.593448005493,nT
2026-03-23T10:04:00.000Z,COLA,X,variation,channel,13218.073794806713,nT
2026-03-23T10:05:00.000Z,COLA,X,variation,channel,13210.575556718619,nT
2026-03-23T10:06:00.000Z,COLA,X,variation,channel,13193.291155060628,nT
2026-03-23T10:07:00.000Z,COLA,X,variation,channel,13182.018683468332,nT
2026-03-23T10:08:00.000Z,COLA,X,variation,channel,13183.22296587692,nT
2026-03-23T10:09:00.000Z,COLA,X,variation,channel,13213.556279791554,nT
2026-03-23T10:10:00.000Z,COLA,X,variation,channel,13186.495825071786,nT
2026-03-23T10:11:00.000Z,COLA,X,variation,channel,13283.258175300492,nT
2026-03-23T10:12:00.000Z,COLA,X,variation,channel,13210.540595592078,nT
2026-03-23T10:13:00.000Z,COLA,X,variation,channel,13131.993286839825,nT
2026-03-23T10:14:00.000Z,COLA,X,variation,channel,13159.765997912502,nT
2026-03-23T10:15:00.000Z,COLA,X,variation,channel,13318.025117998313,nT
2026-03-23T10:16:00.000Z,COLA,X,variation,channel,13282.862704745503,nT
2026-03-23T10:17:00.000Z,COLA,X,variation,channel,13193.193994070238,nT
2026-03-23T10:18:00.000Z,COLA,X,variation,channel,13193.99403537347,nT
2026-03-23T10:19:00.000Z,COLA,X,variation,channel,13156.565708836555,nT
2026-03-23T10:20:00.000Z,COLA,X,variation,channel,13088.041474274947,nT
2026-03-23T10:21:00.000Z,COLA,X,variation,channel,13107.399196907265,nT
2026-03-23T10:22:00.000Z,COLA,X,variation,channel,13140.514509944998,nT
2026-03-23T10:23:00.000Z,COLA,X,variation,channel,13163.70515070652,nT
2026-03-23T10:24:00.000Z,COLA,X,variation,channel,13212.627636610958,nT
2026-03-23T10:25:00.000Z,COLA,X,variation,channel,13225.12128294481,nT
2026-03-23T10:26:00.000Z,COLA,X,variation,channel,13212.414762433771,nT
2026-03-23T10:27:00.000Z,COLA,X,variation,channel,13185.989895981025,nT
2026-03-23T10:28:00.000Z,COLA,X,variation,channel,13179.453425409836,nT
2026-03-23T10:29:00.000Z,COLA,X,variation,channel,13152.345940027137,nT
2026-03-23T10:30:00.000Z,COLA,X,variation,channel,13119.25413572313,nT
2026-03-23T10:31:00.000Z,COLA,X,variation,channel,13132.706460990554,nT
2026-03-23T10:32:00.000Z,COLA,X,variation,channel,13128.54813211553,nT
2026-03-23T10:33:00.000Z,COLA,X,variation,channel,13111.743972792017,nT
2026-03-23T10:34:00.000Z,COLA,X,variation,channel,13138.94250453024,nT
2026-03-23T10:35:00.000Z,COLA,X,variation,channel,13174.32002297405,nT
2026-03-23T10:36:00.000Z,COLA,X,variation,channel,13177.52082407579,nT
2026-03-23T10:37:00.000Z,COLA,X,variation,channel,13207.899984896352,nT
2026-03-23T10:38:00.000Z,COLA,X,variation,channel,13260.321347183071,nT
2026-03-23T10:39:00.000Z,COLA,X,variation,channel,13282.33610241246,nT
2026-03-23T10:40:00.000Z,COLA,X,variation,channel,13311.279936912857,nT
2026-03-23T10:41:00.000Z,COLA,X,variation,channel,13307.747044749216,nT
2026-03-23T10:42:00.000Z,COLA,X,variation,channel,13290.465431665114,nT
2026-03-23T10:43:00.000Z,COLA,X,variation,channel,13291.52648801278,nT
2026-03-23T10:44:00.000Z,COLA,X,variation,channel,13279.895381574215,nT
2026-03-23T10:45:00.000Z,COLA,X,variation,channel,13247.89177233025,nT
2026-03-23T10:46:00.000Z,COLA,X,variation,channel,13218.08854625526,nT
2026-03-23T10:47:00.000Z,COLA,X,variation,channel,13219.599693132111,nT
2026-03-23T10:48:00.000Z,COLA,X,variation,channel,13222.822718904481,nT
2026-03-23T10:49:00.000Z,COLA,X,variation,channel,13223.390061743221,nT
2026-03-23T10:50:00.000Z,COLA,X,variation,channel,13207.807898955685,nT
2026-03-23T10:51:00.000Z,COLA,X,variation,channel,13204.700154363069,nT
2026-03-23T10:52:00.000Z,COLA,X,variation,channel,13220.756236312574,nT
2026-03-23T10:53:00.000Z,COLA,X,variation,channel,13227.536112612564,nT
2026-03-23T10:54:00.000Z,COLA,X,variation,channel,13241.736411285727,nT
2026-03-23T10:55:00.000Z,COLA,X,variation,channel,13260.25677079935,nT
2026-03-23T10:56:00.000Z,COLA,X,variation,channel,13284.673367622221,nT
2026-03-23T10:57:00.000Z,COLA,X,variation,channel,13316.971948132177,nT
2026-03-23T10:58:00.000Z,COLA,X,variation,channel,13363.958493302396,nT
2026-03-23T10:59:00.000Z,COLA,X,variation,channel,13437.183749755774,nT
2026-03-23T11:00:00.000Z,COLA,X,variation,channel,13463.216040082438,nT
2026-03-23T11:01:00.000Z,COLA,X,variation,channel,13485.926172865587,nT
2026-03-23T11:02:00.000Z,COLA,X,variation,channel,13453.950643134162,nT
2026-03-23T11:03:00.000Z,COLA,X,variation,channel,13429.620672498288,nT
2026-03-23T11:04:00.000Z,COLA,X,variation,channel,13408.221364987541,nT
2026-03-23T11:05:00.000Z,COLA,X,variation,channel,13327.581047817914,nT
2026-03-23T11:06:00.000Z,COLA,X,variation,channel,13259.978870278137,nT
2026-03-23T11:07:00.000Z,COLA,X,variation,channel,13210.248780995953,nT
2026-03-23T11:08:00.000Z,COLA,X,variation,channel,13197.613209972984,nT
2026-03-23T11:09:00.000Z,COLA,X,variation,channel,13213.942027571191,nT
2026-03-23T11:10:00.000Z,COLA,X,variation,channel,13216.01660964039,nT
2026-03-23T11:11:00.000Z,COLA,X,variation,channel,13186.62831491699,nT
2026-03-23T11:12:00.000Z,COLA,X,variation,channel,13159.941432466174,nT
2026-03-23T11:13:00.000Z,COLA,X,variation,channel,13146.733522537674,nT
2026-03-23T11:14:00.000Z,COLA,X,variation,channel,13138.971880934638,nT
2026-03-23T11:15:00.000Z,COLA,X,variation,channel,13135.203085757612,nT
2026-03-23T11:16:00.000Z,COLA,X,variation,channel,13142.238630406839,nT
2026-03-23T11:17:00.000Z,COLA,X,variation,channel,13151.556562470625,nT
2026-03-23T11:18:00.000Z,COLA,X,variation,channel,13163.2671628263,nT
2026-03-23T11:19:00.000Z,COLA,X,variation,channel,13176.022303370915,nT
2026-03-23T11:20:00.000Z,COLA,X,variation,channel,13188.300982539266,nT
2026-03-23T11:21:00.000Z,COLA,X,variation,channel,13190.823683131272,nT
2026-03-23T11:22:00.000Z,COLA,X,variation,channel,13178.823090884582,nT
2026-03-23T11:23:00.000Z,COLA,X,variation,channel,13170.175604310674,nT
2026-03-23T11:24:00.000Z,COLA,X,variation,channel,13148.155657286748,nT
2026-03-23T11:25:00.000Z,COLA,X,variation,channel,13116.841668219671,nT
2026-03-23T11:26:00.000Z,COLA,X,variation,channel,13098.983892761133,nT
2026-03-23T11:27:00.000Z,COLA,X,variation,channel,13088.697875752565,nT
2026-03-23T11:28:00.000Z,COLA,X,variation,channel,13071.12511546308,nT
2026-03-23T11:29:00.000Z,COLA,X,variation,channel,13049.03844906388,nT
2026-03-23T11:30:00.000Z,COLA,X,variation,channel,13025.043197952373,nT
2026-03-23T11:31:00.000Z,COLA,X,variation,channel,13004.465005126673,nT
2026-03-23T11:32:00.000Z,COLA,X,variation,channel,12988.366283282914,nT
2026-03-23T11:33:00.000Z,COLA,X,variation,channel,12977.180173456849,nT
2026-03-23T11:34:00.000Z,COLA,X,variation,channel,12956.60573665944,nT
2026-03-23T11:35:00.000Z,COLA,X,variation,channel,12928.002175977721,nT
2026-03-23T11:36:00.000Z,COLA,X,variation,channel,12911.166789146135,nT
2026-03-23T11:37:00.000Z,COLA,X,variation,channel,12892.544037935706,nT
2026-03-23T11:38:00.000Z,COLA,X,variation,channel,12899.512289219105,nT
2026-03-23T11:39:00.000Z,COLA,X,variation,channel,12903.341239636795,nT
2026-03-23T11:40:00.000Z,COLA,X,variation,channel,12906.94519988243,nT
2026-03-23T11:41:00.000Z,COLA,X,variation,channel,12912.014720142059,nT
2026-03-23T11:42:00.000Z,COLA,X,variation,channel,12915.008499388696,nT
2026-03-23T11:43:00.000Z,COLA,X,variation,channel,12930.108821682361,nT
2026-03-23T11:44:00.000Z,COLA,X,variation,channel,12927.85612712398,nT
2026-03-23T11:45:00.000Z,COLA,X,variation,channel,12907.692361165351,nT
2026-03-23T11:46:00.000Z,COLA,X,variation,channel,12895.526741663936,nT
2026-03-23T11:47:00.000Z,COLA,X,variation,channel,12904.842785749292,nT
2026-03-23T11:48:00.000Z,COLA,X,variation,channel,12921.559010817322,nT
2026-03-23T11:49:00.000Z,COLA,X,variation,channel,12947.337378396163,nT
2026-03-23T11:50:00.000Z,COLA,X,variation,channel,12973.773106310082,nT
2026-03-23T11:51:00.000Z,COLA,X,variation,channel,12994.41016015299,nT
2026-03-23T11:52:00.000Z,COLA,X,variation,channel,12992.264308254447,nT
2026-03-23T11:53:00.000Z,COLA,X,variation,channel,12982.518299795052,nT
2026-03-23T11:54:00.000Z,COLA,X,variation,channel,12984.282851774316,nT
2026-03-23T11:55:00.000Z,COLA,X,variation,channel,12986.788202298178,nT
2026-03-23T11:56:00.000Z,COLA,X,variation,channel,12986.962144763644,nT
2026-03-23T11:57:00.000Z,COLA,X,variation,channel,13000.091350461047,nT
2026-03-23T11:58:00.000Z,COLA,X,variation,channel,13012.307239663902,nT
2026-03-23T11:59:00.000Z,COLA,X,variation,channel,13034.081948722367,nT
2026-03-23T12:00:00.000Z,COLA,X,variation,channel,13034.985740331178,nT
2026-03-23T12:01:00.000Z,COLA,X,variation,channel,13021.074611830525,nT
2026-03-23T12:02:00.000Z,COLA,X,variation,channel,13014.686070277477,nT
2026-03-23T12:03:00.000Z,COLA,X,variation,channel,13008.76189184439,nT
2026-03-23T12:04:00.000Z,COLA,X,variation,channel,13001.454306382911,nT
2026-03-23T12:05:00.000Z,COLA,X,variation,channel,13001.11926830328,nT
2026-03-23T12:06:00.000Z,COLA,X,variation,channel,13006.8546320489,nT
2026-03-23T12:07:00.000Z,COLA,X,variation,channel,12990.962924145831,nT
2026-03-23T12:08:00.000Z,COLA,X,variation,channel,12973.088065521546,nT
2026-03-23T12:09:00.000Z,COLA,X,variation,channel,12956.750738895216,nT
2026-03-23T12:10:00.000Z,COLA,X,variation,channel,12955.465734514488,nT
2026-03-23T12:11:00.000Z,COLA,X,variation,channel,12970.5052227731,nT
2026-03-23T12:12:00.000Z,COLA,X,variation,channel,12969.24209150213,nT
2026-03-23T12:13:00.000Z,COLA,X,variation,channel,12990.578596193824,nT
2026-03-23T12:14:00.000Z,COLA,X,variation,channel,12980.07627965182,nT
2026-03-23T12:15:00.000Z,COLA,X,variation,channel,12979.793853420199,nT
2026-03-23T12:16:00.000Z,COLA,X,variation,channel,12975.782111487328,nT
2026-03-23T12:17:00.000Z,COLA,X,variation,channel,12972.63283098616,nT
2026-03-23T12:18:00.000Z,COLA,X,variation,channel,12965.098431637629,nT
2026-03-23T12:19:00.000Z,COLA,X,variation,channel,12967.815412542863,nT
2026-03-23T12:20:00.000Z,COLA,X,variation,channel,12998.667364302395,nT
2026-03-23T12:21:00.000Z,COLA,X,variation,channel,12998.203681046623,nT
2026-03-23T12:22:00.000Z,COLA,X,variation,channel,12962.175319655098,nT
2026-03-23T12:23:00.000Z,COLA,X,variation,channel,12947.875142030674,nT
2026-03-23T12:24:00.000Z,COLA,X,variation,channel,12960.568752261956,nT
2026-03-23T12:25:00.000Z,COLA,X,variation,channel,12967.61733863771,nT
2026-03-23T12:26:00.000Z,COLA,X,variation,channel,12973.567096039285,nT
2026-03-23T12:27:00.000Z,COLA,X,variation,channel,12965.66312295265,nT
2026-03-23T12:28:00.000Z,COLA,X,variation,channel,12960.416386182018,nT
2026-03-23T12:29:00.000Z,COLA,X,variation,channel,12965.641779840707,nT
2026-03-23T12:30:00.000Z,COLA,X,variation,channel,12993.239746957157,nT
2026-03-23T12:31:00.000Z,COLA,X,variation,channel,13046.616906118032,nT
2026-03-23T12:32:00.000Z,COLA,X,variation,channel,13103.329679288527,nT
2026-03-23T12:33:00.000Z,COLA,X,variation,channel,13121.447215220223,nT
2026-03-23T12:34:00.000Z,COLA,X,variation,channel,13084.72102959316,nT
2026-03-23T12:35:00.000Z,COLA,X,variation,channel,13047.82750710245,nT
2026-03-23T12:36:00.000Z,COLA,X,variation,channel,13011.376441975577,nT
2026-03-23T12:37:00.000Z,COLA,X,variation,channel,12985.374623736667,nT
2026-03-23T12:38:00.000Z,COLA,X,variation,channel,12981.627928491518,nT
2026-03-23T12:39:00.000Z,COLA,X,variation,channel,12996.5082840736,nT
2026-03-23T12:40:00.000Z,COLA,X,variation,channel,12994.74893495152,nT
2026-03-23T12:41:00.000Z,COLA,X,variation,channel,12971.097648168048,nT
2026-03-23T12:42:00.000Z,COLA,X,variation,channel,12944.283230156938,nT
2026-03-23T12:43:00.000Z,COLA,X,variation,channel,12937.375917597308,nT
2026-03-23T12:44:00.000Z,COLA,X,variation,channel,12937.995306636123,nT
2026-03-23T12:45:00.000Z,COLA,X,variation,channel,12927.85745802875,nT
2026-03-23T12:46:00.000Z,COLA,X,variation,channel,12915.81245809603,nT
2026-03-23T12:47:00.000Z,COLA,X,variation,channel,12913.216679808607,nT
2026-03-23T12:48:00.000Z,COLA,X,variation,channel,12889.769373985824,nT
2026-03-23T12:49:00.000Z,COLA,X,variation,channel,12868.358754746476,nT
2026-03-23T12:50:00.000Z,COLA,X,variation,channel,12851.322844046672,nT
2026-03-23T12:51:00.000Z,COLA,X,variation,channel,12857.577053749874,nT
2026-03-23T12:52:00.000Z,COLA,X,variation,channel,12890.957748705454,nT
2026-03-23T12:53:00.000Z,COLA,X,variation,channel,12908.40107251171,nT
2026-03-23T12:54:00.000Z,COLA,X,variation,channel,12897.142620855748,nT
2026-03-23T12:55:00.000Z,COLA,X,variation,channel,12893.480439772706,nT
2026-03-23T12:56:00.000Z,COLA,X,variation,channel,12875.257142121258,nT
2026-03-23T12:57:00.000Z,COLA,X,variation,channel,12848.922301928245,nT
2026-03-23T12:58:00.000Z,COLA,X,variation,channel,12833.894841534157,nT
2026-03-23T12:59:00.000Z,COLA,X,variation,channel,12861.66657197493,nT
2026-03-23T13:00:00.000Z,COLA,X,variation,channel,12899.14181866613,nT
2026-03-23T13:01:00.000Z,COLA,X,variation,channel,12924.88429567796,nT
2026-03-23T13:02:00.000Z,COLA,X,variation,channel,12940.010615775635,nT
2026-03-23T13:03:00.000Z,COLA,X,variation,channel,12933.51773480883,nT
2026-03-23T13:04:00.000Z,COLA,X,variation,channel,12902.718918678023,nT
2026-03-23T13:05:00.000Z,COLA,X,variation,channel,12887.565834829209,nT
2026-03-23T13:06:00.000Z,COLA,X,variation,channel,12874.86100455839,nT
2026-03-23T13:07:00.000Z,COLA,X,variation,channel,12860.810930119891,nT
2026-03-23T13:08:00.000Z,COLA,X,variation,channel,12830.493385310127,nT
2026-03-23T13:09:00.000Z,COLA,X,variation,channel,12830.486903932333,nT
2026-03-23T13:10:00.000Z,COLA,X,variation,channel,12861.134199347021,nT
2026-03-23T13:11:00.000Z,COLA,X,variation,channel,12850.28955502678,nT
2026-03-23T13:12:00.000Z,COLA,X,variation,channel,12825.376251621383,nT
2026-03-23T13:13:00.000Z,COLA,X,variation,channel,12824.13295286617,nT
2026-03-23T13:14:00.000Z,COLA,X,variation,channel,12834.061187760042,nT
2026-03-23T13:15:00.000Z,COLA,X,variation,channel,12826.446698463762,nT
2026-03-23T13:16:00.000Z,COLA,X,variation,channel,12826.361425228262,nT
2026-03-23T13:17:00.000Z,COLA,X,variation,channel,12811.90486243644,nT
2026-03-23T13:18:00.000Z,COLA,X,variation,channel,12792.10092114273,nT
2026-03-23T13:19:00.000Z,COLA,X,variation,channel,12809.596953919983,nT
2026-03-23T13:20:00.000Z,COLA,X,variation,channel,12803.73978526989,nT
2026-03-23T13:21:00.000Z,COLA,X,variation,channel,12778.174869075805,nT
2026-03-23T13:22:00.000Z,COLA,X,variation,channel,12744.56412030591,nT
2026-03-23T13:23:00.000Z,COLA,X,variation,channel,12729.764849521127,nT
2026-03-23T13:24:00.000Z,COLA,X,variation,channel,12776.300223145156,nT
2026-03-23T13:25:00.000Z,COLA,X,variation,channel,12790.829066938124,nT
2026-03-23T13:26:00.000Z,COLA,X,variation,channel,12817.659135490878,nT
2026-03-23T13:27:00.000Z,COLA,X,variation,channel,12853.823979545392,nT
2026-03-23T13:28:00.000Z,COLA,X,variation,channel,12874.813451903501,nT
2026-03-23T13:29:00.000Z,COLA,X,variation,channel,12867.622965071148,nT
2026-03-23T13:30:00.000Z,COLA,X,variation,channel,12834.267112493915,nT
2026-03-23T13:31:00.000Z,COLA,X,variation,channel,12799.702624192427,nT
2026-03-23T13:32:00.000Z,COLA,X,variation,channel,12816.850713706148,nT
2026-03-23T13:33:00.000Z,COLA,X,variation,channel,12842.472353440437,nT
2026-03-23T13:34:00.000Z,COLA,X,variation,channel,12830.442007950207,nT
2026-03-23T13:35:00.000Z,COLA,X,variation,channel,12824.757514431061,nT
2026-03-23T13:36:00.000Z,COLA,X,variation,channel,12843.326713487017,nT
2026-03-23T13:37:00.000Z,COLA,X,variation,channel,12860.214692301792,nT
2026-03-23T13:38:00.000Z,COLA,X,variation,channel,12835.001569895976,nT
2026-03-23T13:39:00.000Z,COLA,X,variation,channel,12818.671745385203,nT
2026-03-23T13:40:00.000Z,COLA,X,variation,channel,12826.350127962434,nT
2026-03-23T13:41:00.000Z,COLA,X,variation,channel,12850.532234997369,nT
2026-03-23T13:42:00.000Z,COLA,X,variation,channel,12847.202219765539,nT
2026-03-23T13:43:00.000Z,COLA,X,variation,channel,12840.053961202033,nT
2026-03-23T13:44:00.000Z,COLA,X,variation,channel,12871.625313504503,nT
2026-03-23T13:45:00.000Z,COLA,X,variation,channel,12886.141524927845,nT
2026-03-23T13:46:00.000Z,COLA,X,variation,channel,12912.123667161992,nT
2026-03-23T13:47:00.000Z,COLA,X,variation,channel,12911.730084643106,nT
2026-03-23T13:48:00.000Z,COLA,X,variation,channel,12886.005936601308,nT
2026-03-23T13:49:00.000Z,COLA,X,variation,channel,12876.218911218846,nT
2026-03-23T13:50:00.000Z,COLA,X,variation,channel,12868.082104083798,nT
2026-03-23T13:51:00.000Z,COLA,X,variation,channel,12858.41085714208,nT
2026-03-23T13:52:00.000Z,COLA,X,variation,channel,12853.305943226369,nT
2026-03-23T13:53:00.000Z,COLA,X,variation,channel,12823.083426485482,nT
2026-03-23T13:54:00.000Z,COLA,X,variation,channel,12789.482051348858,nT
2026-03-23T13:55:00.000Z,COLA,X,variation,channel,12785.225827845878,nT
2026-03-23T13:56:00.000Z,COLA,X,variation,channel,12810.20228263379,nT
2026-03-23T13:57:00.000Z,COLA,X,variation,channel,12856.997129467698,nT
2026-03-23T13:58:00.000Z,COLA,X,variation,channel,12874.366188644619,nT
2026-03-23T13:59:00.000Z,COLA,X,variation,channel,12846.875250427438,nT
2026-03-23T14:00:00.000Z,COLA,X,variation,channel,12848.695155949981,nT
2026-03-23T14:01:00.000Z,COLA,X,variation,channel,12866.735960117658,nT
2026-03-23T14:02:00.000Z,COLA,X,variation,channel,12889.589692387317,nT
2026-03-23T14:03:00.000Z,COLA,X,variation,channel,12905.302775669312,nT
2026-03-23T14:04:00.000Z,COLA,X,variation,channel,12905.53045329011,nT
2026-03-23T14:05:00.000Z,COLA,X,variation,channel,12913.39450136135,nT
2026-03-23T14:06:00.000Z,COLA,X,variation,channel,12934.440039642197,nT
2026-03-23T14:07:00.000Z,COLA,X,variation,channel,12937.244400968666,nT
2026-03-23T14:08:00.000Z,COLA,X,variation,channel,12929.22295853466,nT
2026-03-23T14:09:00.000Z,COLA,X,variation,channel,12911.367470310737,nT
2026-03-23T14:10:00.000Z,COLA,X,variation,channel,12888.95690524689,nT
2026-03-23T14:11:00.000Z,COLA,X,variation,channel,12887.85206478673,nT
2026-03-23T14:12:00.000Z,COLA,X,variation,channel,12883.062839513737,nT
2026-03-23T14:13:00.000Z,COLA,X,variation,channel,12908.43478925974,nT
2026-03-23T14:14:00.000Z,COLA,X,variation,channel,12902.695498987156,nT
2026-03-23T14:15:00.000Z,COLA,X,variation,channel,12876.292528194372,nT
2026-03-23T14:16:00.000Z,COLA,X,variation,channel,12869.308796614654,nT
2026-03-23T14:17:00.000Z,COLA,X,variation,channel,12836.977096915698,nT
2026-03-23T14:18:00.000Z,COLA,X,variation,channel,12820.430411613226,nT
2026-03-23T14:19:00.000Z,COLA,X,variation,channel,12775.724113624156,nT
2026-03-23T14:20:00.000Z,COLA,X,variation,channel,12785.525150878546,nT
2026-03-23T14:21:00.000Z,COLA,X,variation,channel,12784.757760745106,nT
2026-03-23T14:22:00.000Z,COLA,X,variation,channel,12748.352711786521,nT
2026-03-23T14:23:00.000Z,COLA,X,variation,channel,12735.4528691367,nT
2026-03-23T14:24:00.000Z,COLA,X,variation,channel,12739.7539829516,nT
2026-03-23T14:25:00.000Z,COLA,X,variation,channel,12743.870131437436,nT
2026-03-23T14:26:00.000Z,COLA,X,variation,channel,12729.013357243348,nT
2026-03-23T14:27:00.000Z,COLA,X,variation,channel,12670.849907481324,nT
2026-03-23T14:28:00.000Z,COLA,X,variation,channel,12676.490718144123,nT
2026-03-23T14:29:00.000Z,COLA,X,variation,channel,12682.226999010112,nT
2026-03-23T14:30:00.000Z,COLA,X,variation,channel,12681.350160135567,nT
2026-03-23T14:31:00.000Z,COLA,X,variation,channel,12714.597463125327,nT
2026-03-23T14:32:00.000Z,COLA,X,variation,channel,12748.894215171344,nT
2026-03-23T14:33:00.000Z,COLA,X,variation,channel,12765.051592408385,nT
2026-03-23T14:34:00.000Z,COLA,X,variation,channel,12768.85177300892,nT
2026-03-23T14:35:00.000Z,COLA,X,variation,channel,12799.299703953264,nT
2026-03-23T14:36:00.000Z,COLA,X,variation,channel,12814.507405805214,nT
2026-03-23T14:37:00.000Z,COLA,X,variation,channel,12818.850204064845,nT
2026-03-23T14:38:00.000Z,COLA,X,variation,channel,12836.892473261465,nT
2026-03-23T14:39:00.000Z,COLA,X,variation,channel,12843.506645825817,nT
2026-03-23T14:40:00.000Z,COLA,X,variation,channel,12856.90838559863,nT
2026-03-23T14:41:00.000Z,COLA,X,variation,channel,12888.37176080329,nT
2026-03-23T14:42:00.000Z,COLA,X,variation,channel,12947.42701933077,nT
2026-03-23T14:43:00.000Z,COLA,X,variation,channel,12945.234725822573,nT
2026-03-23T14:44:00.000Z,COLA,X,variation,channel,12873.59804379936,nT
2026-03-23T14:45:00.000Z,COLA,X,variation,channel,12847.450646257537,nT
2026-03-23T14:46:00.000Z,COLA,X,variation,channel,12900.40338095545,nT
2026-03-23T14:47:00.000Z,COLA,X,variation,channel,12962.547764676028,nT
2026-03-23T14:48:00.000Z,COLA,X,variation,channel,12955.762436526484,nT
2026-03-23T14:49:00.000Z,COLA,X,variation,channel,12953.83409263067,nT
2026-03-23T14:50:00.000Z,COLA,X,variation,channel,12993.893900173709,nT
2026-03-23T14:51:00.000Z,COLA,X,variation,channel,13014.76351014589,nT
2026-03-23T14:52:00.000Z,COLA,X,variation,channel,13032.861569177334,nT
2026-03-23T14:53:00.000Z,COLA,X,variation,channel,12994.370784203,nT
2026-03-23T14:54:00.000Z,COLA,X,variation,channel,12958.993852104519,nT
2026-03-23T14:55:00.000Z,COLA,X,variation,channel,12934.983700288265,nT
2026-03-23T14:56:00.000Z,COLA,X,variation,channel,12963.73807750709,nT
2026-03-23T14:57:00.000Z,COLA,X,variation,channel,13018.628943679838,nT
2026-03-23T14:58:00.000Z,COLA,X,variation,channel,13046.79133387962,nT
2026-03-23T14:59:00.000Z,COLA,X,variation,channel,13029.7685930343,nT
2026-03-23T15:00:00.000Z,COLA,X,variation,channel,13026.22263360788,nT
2026-03-23T15:01:00.000Z,COLA,X,variation,channel,13020.779922022217,nT
2026-03-23T15:02:00.000Z,COLA,X,variation,channel,13004.894646284667,nT
2026-03-23T15:03:00.000Z,COLA,X,variation,channel,13036.563189418079,nT
2026-03-23T15:04:00.000Z,COLA,X,variation,channel,13034.678733700568,nT
2026-03-23T15:05:00.000Z,COLA,X,variation,channel,13013.117316478425,nT
2026-03-23T15:06:00.000Z,COLA,X,variation,channel,12983.22732535317,nT
2026-03-23T15:07:00.000Z,COLA,X,variation,channel,12997.062071935004,nT
2026-03-23T15:08:00.000Z,COLA,X,variation,channel,13026.250814382884,nT
2026-03-23T15:09:00.000Z,COLA,X,variation,channel,13049.365113381036,nT
2026-03-23T15:10:00.000Z,COLA,X,variation,channel,13018.845718140046,nT
2026-03-23T15:11:00.000Z,COLA,X,variation,channel,12996.767422084593,nT
2026-03-23T15:12:00.000Z,COLA,X,variation,channel,13015.364857139104,nT
2026-03-23T15:13:00.000Z,COLA,X,variation,channel,13034.188051527819,nT
2026-03-23T15:14:00.000Z,COLA,X,variation,channel,13044.060602607136,nT
2026-03-23T15:15:00.000Z,COLA,X,variation,channel,13023.566676678722,nT
2026-03-23T15:16:00.000Z,COLA,X,variation,channel,13032.85524012475,nT
2026-03-23T15:17:00.000Z,COLA,X,variation,channel,13095.876196608717,nT
2026-03-23T15:18:00.000Z,COLA,X,variation,channel,13121.759728404506,nT
2026-03-23T15:19:00.000Z,COLA,X,variation,channel,13112.09947168045,nT
2026-03-23T15:20:00.000Z,COLA,X,variation,channel,13094.482184535722,nT
2026-03-23T15:21:00.000Z,COLA,X,variation,channel,13133.378817876219,nT
2026-03-23T15:22:00.000Z,COLA,X,variation,channel,13169.537832587437,nT
2026-03-23T15:23:00.000Z,COLA,X,variation,channel,13158.138674087364,nT
2026-03-23T15:24:00.000Z,COLA,X,variation,channel,13145.60506311174,nT
2026-03-23T15:25:00.000Z,COLA,X,variation,channel,13121.588533948765,nT
2026-03-23T15:26:00.000Z,COLA,X,variation,channel,13111.023453301648,nT
2026-03-23T15:27:00.000Z,COLA,X,variation,channel,13132.36369121295,nT
2026-03-23T15:28:00.000Z,COLA,X,variation,channel,13157.34584496686,nT
2026-03-23T15:29:00.000Z,COLA,X,variation,channel,13161.622525580195,nT
2026-03-23T15:30:00.000Z,COLA,X,variation,channel,13170.84262559016,nT
2026-03-23T15:31:00.000Z,COLA,X,variation,channel,13183.927511709036,nT
2026-03-23T15:32:00.000Z,COLA,X,variation,channel,13207.523995311592,nT
2026-03-23T15:33:00.000Z,COLA,X,variation,channel,13214.80345984517,nT
2026-03-23T15:34:00.000Z,COLA,X,variation,channel,13206.27119335327,nT
2026-03-23T15:35:00.000Z,COLA,X,variation,channel,13186.685557581393,nT
2026-03-23T15:36:00.000Z,COLA,X,variation,channel,13190.80232568028,nT
2026-03-23T15:37:00.000Z,COLA,X,variation,channel,13193.319297850967,nT
2026-03-23T15:38:00.000Z,COLA,X,variation,channel,13185.78488781419,nT
2026-03-23T15:39:00.000Z,COLA,X,variation,channel,13186.564881289678,nT
2026-03-23T15:40:00.000Z,COLA,X,variation,channel,13185.581493623542,nT
2026-03-23T15:41:00.000Z,COLA,X,variation,channel,13190.114030935363,nT
2026-03-23T15:42:00.000Z,COLA,X,variation,channel,13190.993885010404,nT
2026-03-23T15:43:00.000Z,COLA,X,variation,channel,13174.601668600713,nT
2026-03-23T15:44:00.000Z,COLA,X,variation,channel,13154.88710019454,nT
2026-03-23T15:45:00.000Z,COLA,X,variation,channel,13159.25603892014,nT
2026-03-23T15:46:00.000Z,COLA,X,variation,channel,13173.54444275431,nT
2026-03-23T15:47:00.000Z,COLA,X,variation,channel,13191.636823643033,nT
2026-03-23T15:48:00.000Z,COLA,X,variation,channel,13202.386902465729,nT
2026-03-23T15:49:00.000Z,COLA,X,variation,channel,13199.658918963625,nT
2026-03-23T15:50:00.000Z,COLA,X,variation,channel,13181.714495217626,nT
2026-03-23T15:51:00.000Z,COLA,X,variation,channel,13163.753782372532,nT
2026-03-23T15:52:00.000Z,COLA,X,variation,channel,13165.123606884526,nT
2026-03-23T15:53:00.000Z,COLA,X,variation,channel,13203.559500118457,nT
2026-03-23T15:54:00.000Z,COLA,X,variation,channel,13217.02741753327,nT
2026-03-23T15:55:00.000Z,COLA,X,variation,channel,13191.571563729885,nT
2026-03-23T15:56:00.000Z,COLA,X,variation,channel,13171.315306076984,nT
2026-03-23T15:57:00.000Z,COLA,X,variation,channel,13192.256068305656,nT
2026-03-23T15:58:00.000Z,COLA,X,variation,channel,13205.030618727773,nT
2026-03-23T15:59:00.000Z,COLA,X,variation,channel,13207.902215224201,nT
2026-03-23T16:00:00.000Z,COLA,X,variation,channel,13202.570561156288,nT
2026-03-23T16:01:00.000Z,COLA,X,variation,channel,13204.28385953903,nT
2026-03-23T16:02:00.000Z,COLA,X,variation,channel,13199.043778529307,nT
2026-03-23T16:03:00.000Z,COLA,X,variation,channel,13196.295065886374,nT
2026-03-23T16:04:00.000Z,COLA,X,variation,channel,13194.199537993916,nT
2026-03-23T16:05:00.000Z,COLA,X,variation,channel,13193.454105556988,nT
2026-03-23T16:06:00.000Z,COLA,X,variation,channel,13203.666255071224,nT
2026-03-23T16:07:00.000Z,COLA,X,variation,channel,13223.752588082143,nT
2026-03-23T16:08:00.000Z,COLA,X,variation,channel,13228.640905704253,nT
2026-03-23T16:09:00.000Z,COLA,X,variation,channel,13212.672778087503,nT
2026-03-23T16:10:00.000Z,COLA,X,variation,channel,13198.165607160037,nT
2026-03-23T16:11:00.000Z,COLA,X,variation,channel,13176.729901329905,nT
2026-03-23T16:12:00.000Z,COLA,X,variation,channel,13178.335384410739,nT
2026-03-23T16:13:00.000Z,COLA,X,variation,channel,13182.955474422264,nT
2026-03-23T16:14:00.000Z,COLA,X,variation,channel,13191.087773718662,nT
2026-03-23T16:15:00.000Z,COLA,X,variation,channel,13173.2198706356,nT
2026-03-23T16:16:00.000Z,COLA,X,variation,channel,13167.95864590209,nT
2026-03-23T16:17:00.000Z,COLA,X,variation,channel,13158.177652896376,nT
2026-03-23T16:18:00.000Z,COLA,X,variation,channel,13167.68916135381,nT
2026-03-23T16:19:00.000Z,COLA,X,variation,channel,13195.597081875743,nT
2026-03-23T16:20:00.000Z,COLA,X,variation,channel,13218.176346765502,nT
2026-03-23T16:21:00.000Z,COLA,X,variation,channel,13177.038472699664,nT
2026-03-23T16:22:00.000Z,COLA,X,variation,channel,13140.748071439719,nT
2026-03-23T16:23:00.000Z,COLA,X,variation,channel,13130.331546936364,nT
2026-03-23T16:24:00.000Z,COLA,X,variation,channel,13152.232591299502,nT
2026-03-23T16:25:00.000Z,COLA,X,variation,channel,13170.472025133206,nT
2026-03-23T16:26:00.000Z,COLA,X,variation,channel,13155.471603269023,nT
2026-03-23T16:27:00.000Z,COLA,X,variation,channel,13148.628623347637,nT
2026-03-23T16:28:00.000Z,COLA,X,variation,channel,13159.47016152797,nT
2026-03-23T16:29:00.000Z,COLA,X,variation,channel,13167.496242714016,nT
2026-03-23T16:30:00.000Z,COLA,X,variation,channel,13158.76897811507,nT
2026-03-23T16:31:00.000Z,COLA,X,variation,channel,13151.412561859417,nT
2026-03-23T16:32:00.000Z,COLA,X,variation,channel,13150.487756827966,nT
2026-03-23T16:33:00.000Z,COLA,X,variation,channel,13155.439948815432,nT
2026-03-23T16:34:00.000Z,COLA,X,variation,channel,13178.925100236775,nT
2026-03-23T16:35:00.000Z,COLA,X,variation,channel,13178.18721103866,nT
2026-03-23T16:36:00.000Z,COLA,X,variation,channel,13170.448043615079,nT
2026-03-23T16:37:00.000Z,COLA,X,variation,channel,13154.505492865797,nT
2026-03-23T16:38:00.000Z,COLA,X,variation,channel,13145.193207373864,nT
2026-03-23T16:39:00.000Z,COLA,X,variation,channel,13153.340317385613,nT
2026-03-23T16:40:00.000Z,COLA,X,variation,channel,13146.798489288714,nT
2026-03-23T16:41:00.000Z,COLA,X,variation,channel,13135.677409180305,nT
2026-03-23T16:42:00.000Z,COLA,X,variation,channel,13139.023269003641,nT
2026-03-23T16:43:00.000Z,COLA,X,variation,channel,13148.145945142604,nT
2026-03-23T16:44:00.000Z,COLA,X,variation,channel,13140.431985970046,nT
2026-03-23T16:45:00.000Z,COLA,X,variation,channel,13131.681400362233,nT
2026-03-23T16:46:00.000Z,COLA,X,variation,channel,13136.721226238089,nT
2026-03-23T16:47:00.000Z,COLA,X,variation,channel,13143.866888994478,nT
2026-03-23T16:48:00.000Z,COLA,X,variation,channel,13135.234933151392,nT
2026-03-23T16:49:00.000Z,COLA,X,variation,channel,13141.560711419714,nT
2026-03-23T16:50:00.000Z,COLA,X,variation,channel,13146.70658742878,nT
2026-03-23T16:51:00.000Z,COLA,X,variation,channel,13142.933122145512,nT
2026-03-23T16:52:00.000Z,COLA,X,variation,channel,13143.224988543772,nT
2026-03-23T16:53:00.000Z,COLA,X,variation,channel,13130.76892782907,nT
2026-03-23T16:54:00.000Z,COLA,X,variation,channel,13137.764178386364,nT
2026-03-23T16:55:00.000Z,COLA,X,variation,channel,13132.9724176648,nT
2026-03-23T16:56:00.000Z,COLA,X,variation,channel,13121.25740452308,nT
2026-03-23T16:57:00.000Z,COLA,X,variation,channel,13117.608051083003,nT
2026-03-23T16:58:00.000Z,COLA,X,variation,channel,13119.916880188817,nT
2026-03-23T16:59:00.000Z,COLA,X,variation,channel,13115.99596246321,nT
2026-03-23T17:00:00.000Z,COLA,X,variation,channel,13112.12233393992,nT
2026-03-23T17:01:00.000Z,COLA,X,variation,channel,13103.053809911607,nT
2026-03-23T17:02:00.000Z,COLA,X,variation,channel,13108.059858936875,nT
2026-03-23T17:03:00.000Z,COLA,X,variation,channel,13110.179635286011,nT
2026-03-23T17:04:00.000Z,COLA,X,variation,channel,13096.357376337974,nT
2026-03-23T17:05:00.000Z,COLA,X,variation,channel,13083.042061844892,nT
2026-03-23T17:06:00.000Z,COLA,X,variation,channel,13085.480015954852,nT
2026-03-23T17:07:00.000Z,COLA,X,variation,channel,13081.95927593072,nT
2026-03-23T17:08:00.000Z,COLA,X,variation,channel,13084.867143735091,nT
2026-03-23T17:09:00.000Z,COLA,X,variation,channel,13088.693090363719,nT
2026-03-23T17:10:00.000Z,COLA,X,variation,channel,13087.147882701467,nT
2026-03-23T17:11:00.000Z,COLA,X,variation,channel,13078.910837090178,nT
2026-03-23T17:12:00.000Z,COLA,X,variation,channel,13074.494440409768,nT
2026-03-23T17:13:00.000Z,COLA,X,variation,channel,13086.332213535294,nT
2026-03-23T17:14:00.000Z,COLA,X,variation,channel,13089.751269146545,nT
2026-03-23T17:15:00.000Z,COLA,X,variation,channel,13083.951193063447,nT
2026-03-23T17:16:00.000Z,COLA,X,variation,channel,13086.482574468322,nT
2026-03-23T17:17:00.000Z,COLA,X,variation,channel,13081.968542484634,nT
2026-03-23T17:18:00.000Z,COLA,X,variation,channel,13073.57483198973,nT
2026-03-23T17:19:00.000Z,COLA,X,variation,channel,13065.805012548297,nT
2026-03-23T17:20:00.000Z,COLA,X,variation,channel,13057.609322701783,nT
2026-03-23T17:21:00.000Z,COLA,X,variation,channel,13051.766444940582,nT
2026-03-23T17:22:00.000Z,COLA,X,variation,channel,13052.847654163777,nT
2026-03-23T17:23:00.000Z,COLA,X,variation,channel,13044.29572613336,nT
2026-03-23T17:24:00.000Z,COLA,X,variation,channel,13037.980337702198,nT
2026-03-23T17:25:00.000Z,COLA,X,variation,channel,13034.50937166149,nT
2026-03-23T17:26:00.000Z,COLA,X,variation,channel,13024.097260332113,nT
2026-03-23T17:27:00.000Z,COLA,X,variation,channel,13015.337228084574,nT
2026-03-23T17:28:00.000Z,COLA,X,variation,channel,12994.917370329586,nT
2026-03-23T17:29:00.000Z,COLA,X,variation,channel,12963.164944201515,nT
2026-03-23T17:30:00.000Z,COLA,X,variation,channel,12931.54601751516,nT
2026-03-23T17:31:00.000Z,COLA,X,variation,channel,12897.86792848193,nT
2026-03-23T17:32:00.000Z,COLA,X,variation,channel,12863.341370980032,nT
2026-03-23T17:33:00.000Z,COLA,X,variation,channel,12850.991838106873,nT
2026-03-23T17:34:00.000Z,COLA,X,variation,channel,12814.500449433177,nT
2026-03-23T17:35:00.000Z,COLA,X,variation,channel,12787.685946816753,nT
2026-03-23T17:36:00.000Z,COLA,X,variation,channel,12795.560733365812,nT
2026-03-23T17:37:00.000Z,COLA,X,variation,channel,12793.620174281934,nT
2026-03-23T17:38:00.000Z,COLA,X,variation,channel,12778.689258655366,nT
2026-03-23T17:39:00.000Z,COLA,X,variation,channel,12766.559673954998,nT
2026-03-23T17:40:00.000Z,COLA,X,variation,channel,12747.551339562404,nT
2026-03-23T17:41:00.000Z,COLA,X,variation,channel,12717.302321377576,nT
2026-03-23T17:42:00.000Z,COLA,X,variation,channel,12703.846802159505,nT
2026-03-23T17:43:00.000Z,COLA,X,variation,channel,12667.551565546537,nT
2026-03-23T17:44:00.000Z,COLA,X,variation,channel,12669.638847254528,nT
2026-03-23T17:45:00.000Z,COLA,X,variation,channel,12638.209358324108,nT
2026-03-23T17:46:00.000Z,COLA,X,variation,channel,12664.242934961809,nT
2026-03-23T17:47:00.000Z,COLA,X,variation,channel,12722.55949270373,nT
2026-03-23T17:48:00.000Z,COLA,X,variation,channel,12779.588486458728,nT
2026-03-23T17:49:00.000Z,COLA,X,variation,channel,12820.149482662517,nT
2026-03-23T17:50:00.000Z,COLA,X,variation,channel,12819.577857438751,nT
2026-03-23T17:51:00.000Z,COLA,X,variation,channel,12815.519928385378,nT
2026-03-23T17:52:00.000Z,COLA,X,variation,channel,12843.152255035016,nT
2026-03-23T17:53:00.000Z,COLA,X,variation,channel,12886.009501113442,nT
2026-03-23T17:54:00.000Z,COLA,X,variation,channel,13000.465464230892,nT
2026-03-23T17:55:00.000Z,COLA,X,variation,channel,12993.125567487601,nT
2026-03-23T17:56:00.000Z,COLA,X,variation,channel,12942.064643658057,nT
2026-03-23T17:57:00.000Z,COLA,X,variation,channel,13025.521430261077,nT
2026-03-23T17:58:00.000Z,COLA,X,variation,channel,13012.83687210457,nT
2026-03-23T17:59:00.000Z,COLA,X,variation,channel,12962.064280204806,nT
2026-03-23T18:00:00.000Z,COLA,X,variation,channel,13015.262046393795,nT
2026-03-23T18:01:00.000Z,COLA,X,variation,channel,13049.120321857337,nT
2026-03-23T18:02:00.000Z,COLA,X,variation,channel,13074.880721002482,nT
2026-03-23T18:03:00.000Z,COLA,X,variation,channel,13077.39970434216,nT
2026-03-23T18:04:00.000Z,COLA,X,variation,channel,13086.358235516942,nT
2026-03-23T18:05:00.000Z,COLA,X,variation,channel,13063.409874808302,nT
2026-03-23T18:06:00.000Z,COLA,X,variation,channel,13113.470037671179,nT
2026-03-23T18:07:00.000Z,COLA,X,variation,channel,13125.819691157285,nT
2026-03-23T18:08:00.000Z,COLA,X,variation,channel,13179.43608347413,nT
2026-03-23T18:09:00.000Z,COLA,X,variation,channel,13213.964141959135,nT
2026-03-23T18:10:00.000Z,COLA,X,variation,channel,13192.135271584788,nT
2026-03-23T18:11:00.000Z,COLA,X,variation,channel,13181.02904027919,nT
2026-03-23T18:12:00.000Z,COLA,X,variation,channel,13118.601979965992,nT
2026-03-23T18:13:00.000Z,COLA,X,variation,channel,13095.831637716468,nT
2026-03-23T18:14:00.000Z,COLA,X,variation,channel,13041.678019107503,nT
2026-03-23T18:15:00.000Z,COLA,X,variation,channel,13015.739694750971,nT
2026-03-23T18:16:00.000Z,COLA,X,variation,channel,13020.792402171877,nT
2026-03-23T18:17:00.000Z,COLA,X,variation,channel,13017.436110828496,nT
2026-03-23T18:18:00.000Z,COLA,X,variation,channel,13048.579596030237,nT
2026-03-23T18:19:00.000Z,COLA,X,variation,channel,13077.585915153244,nT
2026-03-23T18:20:00.000Z,COLA,X,variation,channel,13029.868887599372,nT
2026-03-23T18:21:00.000Z,COLA,X,variation,channel,13070.59923929992,nT
2026-03-23T18:22:00.000Z,COLA,X,variation,channel,13071.831610877183,nT
2026-03-23T18:23:00.000Z,COLA,X,variation,channel,13085.155379083364,nT
2026-03-23T18:24:00.000Z,COLA,X,variation,channel,13071.601397170129,nT
2026-03-23T18:25:00.000Z,COLA,X,variation,channel,13063.624782181672,nT
2026-03-23T18:26:00.000Z,COLA,X,variation,channel,13059.676125748161,nT
2026-03-23T18:27:00.000Z,COLA,X,variation,channel,13043.019435301187,nT
2026-03-23T18:28:00.000Z,COLA,X,variation,channel,13057.43626645451,nT
2026-03-23T18:29:00.000Z,COLA,X,variation,channel,13029.786071083608,nT
2026-03-23T18:30:00.000Z,COLA,X,variation,channel,13029.876004006852,nT
2026-03-23T18:31:00.000Z,COLA,X,variation,channel,13027.793029113327,nT
2026-03-23T18:32:00.000Z,COLA,X,variation,channel,13014.375681858048,nT
2026-03-23T18:33:00.000Z,COLA,X,variation,channel,13021.30561552592,nT
2026-03-23T18:34:00.000Z,COLA,X,variation,channel,13038.016225676278,nT
2026-03-23T18:35:00.000Z,COLA,X,variation,channel,13034.815928789294,nT
2026-03-23T18:36:00.000Z,COLA,X,variation,channel,13016.309644306762,nT
2026-03-23T18:37:00.000Z,COLA,X,variation,channel,13035.865599365736,nT
2026-03-23T18:38:00.000Z,COLA,X,variation,channel,13069.46733782977,nT
2026-03-23T18:39:00.000Z,COLA,X,variation,channel,13063.64357560474,nT
2026-03-23T18:40:00.000Z,COLA,X,variation,channel,13069.898895156395,nT
2026-03-23T18:41:00.000Z,COLA,X,variation,channel,13075.00694183762,nT
2026-03-23T18:42:00.000Z,COLA,X,variation,channel,13061.932544130103,nT
2026-03-23T18:43:00.000Z,COLA,X,variation,channel,13074.122824953516,nT
2026-03-23T18:44:00.000Z,COLA,X,variation,channel,13071.34962581587,nT
2026-03-23T18:45:00.000Z,COLA,X,variation,channel,13064.50052610444,nT
2026-03-23T18:46:00.000Z,COLA,X,variation,channel,13057.70421986682,nT
2026-03-23T18:47:00.000Z,COLA,X,variation,channel,13050.607836354786,nT
2026-03-23T18:48:00.000Z,COLA,X,variation,channel,13045.00422551967,nT
2026-03-23T18:49:00.000Z,COLA,X,variation,channel,13056.000246947806,nT
2026-03-23T18:50:00.000Z,COLA,X,variation,channel,13039.321169390054,nT
2026-03-23T18:51:00.000Z,COLA,X,variation,channel,13032.988907730487,nT
2026-03-23T18:52:00.000Z,COLA,X,variation,channel,13025.76155520774,nT
2026-03-23T18:53:00.000Z,COLA,X,variation,channel,13028.344482004431,nT
2026-03-23T18:54:00.000Z,COLA,X,variation,channel,13017.751903383956,nT
2026-03-23T18:55:00.000Z,COLA,X,variation,channel,13009.618220551336,nT
2026-03-23T18:56:00.000Z,COLA,X,variation,channel,13020.980613321235,nT
2026-03-23T18:57:00.000Z,COLA,X,variation,channel,13029.573066056057,nT
2026-03-23T18:58:00.000Z,COLA,X,variation,channel,13017.004574316044,nT
2026-03-23T18:59:00.000Z,COLA,X,variation,channel,13025.76318354189,nT
2026-03-23T19:00:00.000Z,COLA,X,variation,channel,13034.259084345707,nT
2026-03-23T19:01:00.000Z,COLA,X,variation,channel,13034.844661516694,nT
2026-03-23T19:02:00.000Z,COLA,X,variation,channel,13035.993636170497,nT
2026-03-23T19:03:00.000Z,COLA,X,variation,channel,13030.22088476382,nT
2026-03-23T19:04:00.000Z,COLA,X,variation,channel,13023.484543688694,nT
2026-03-23T19:05:00.000Z,COLA,X,variation,channel,13034.646475801292,nT
2026-03-23T19:06:00.000Z,COLA,X,variation,channel,13030.859607330895,nT
2026-03-23T19:07:00.000Z,COLA,X,variation,channel,13014.41189853826,nT
2026-03-23T19:08:00.000Z,COLA,X,variation,channel,13023.783130994154,nT
2026-03-23T19:09:00.000Z,COLA,X,variation,channel,13018.851787824207,nT
2026-03-23T19:10:00.000Z,COLA,X,variation,channel,13018.602246274177,nT
2026-03-23T19:11:00.000Z,COLA,X,variation,channel,13030.040656686733,nT
2026-03-23T19:12:00.000Z,COLA,X,variation,channel,13032.97892938192,nT
2026-03-23T19:13:00.000Z,COLA,X,variation,channel,13016.060636171474,nT
2026-03-23T19:14:00.000Z,COLA,X,variation,channel,13032.76566923708,nT
2026-03-23T19:15:00.000Z,COLA,X,variation,channel,13030.274331727815,nT
2026-03-23T19:16:00.000Z,COLA,X,variation,channel,13027.772575313827,nT
2026-03-23T19:17:00.000Z,COLA,X,variation,channel,13039.417322701784,nT
2026-03-23T19:18:00.000Z,COLA,X,variation,channel,13049.417075350684,nT
2026-03-23T19:19:00.000Z,COLA,X,variation,channel,13049.621455570428,nT
2026-03-23T19:20:00.000Z,COLA,X,variation,channel,13046.799689457937,nT
2026-03-23T19:21:00.000Z,COLA,X,variation,channel,13054.830132493948,nT
2026-03-23T19:22:00.000Z,COLA,X,variation,channel,13065.399545742759,nT
2026-03-23T19:23:00.000Z,COLA,X,variation,channel,13077.818654978642,nT
2026-03-23T19:24:00.000Z,COLA,X,variation,channel,13077.151332219015,nT
2026-03-23T19:25:00.000Z,COLA,X,variation,channel,13074.757637657643,nT
2026-03-23T19:26:00.000Z,COLA,X,variation,channel,13060.12893793074,nT
2026-03-23T19:27:00.000Z,COLA,X,variation,channel,13068.148437419088,nT
2026-03-23T19:28:00.000Z,COLA,X,variation,channel,13073.065764071733,nT
2026-03-23T19:29:00.000Z,COLA,X,variation,channel,13075.407584389204,nT
2026-03-23T19:30:00.000Z,COLA,X,variation,channel,13064.174252722583,nT
2026-03-23T19:31:00.000Z,COLA,X,variation,channel,13070.444732663507,nT
2026-03-23T19:32:00.000Z,COLA,X,variation,channel,13070.1845703977,nT
2026-03-23T19:33:00.000Z,COLA,X,variation,channel,13054.30244415228,nT
2026-03-23T19:34:00.000Z,COLA,X,variation,channel,13043.690313518286,nT
2026-03-23T19:35:00.000Z,COLA,X,variation,channel,13036.880195235659,nT
2026-03-23T19:36:00.000Z,COLA,X,variation,channel,13030.104694937365,nT
2026-03-23T19:37:00.000Z,COLA,X,variation,channel,13038.85837264488,nT
2026-03-23T19:38:00.000Z,COLA,X,variation,channel,13031.047431878904,nT
2026-03-23T19:39:00.000Z,COLA,X,variation,channel,13038.963360319234,nT
2026-03-23T19:40:00.000Z,COLA,X,variation,channel,13038.232292541146,nT
2026-03-23T19:41:00.000Z,COLA,X,variation,channel,13041.599843483042,nT
2026-03-23T19:42:00.000Z,COLA,X,variation,channel,13048.893871239674,nT
2026-03-23T19:43:00.000Z,COLA,X,variation,channel,13056.578620822556,nT
2026-03-23T19:44:00.000Z,COLA,X,variation,channel,13048.19775225309,nT
2026-03-23T19:45:00.000Z,COLA,X,variation,channel,13037.999413889165,nT
2026-03-23T19:46:00.000Z,COLA,X,variation,channel,13028.354148564646,nT
2026-03-23T19:47:00.000Z,COLA,X,variation,channel,13031.844852148262,nT
2026-03-23T19:48:00.000Z,COLA,X,variation,channel,13027.14914993395,nT
2026-03-23T19:49:00.000Z,COLA,X,variation,channel,13033.465029010356,nT
2026-03-23T19:50:00.000Z,COLA,X,variation,channel,13041.325348069176,nT
2026-03-23T19:51:00.000Z,COLA,X,variation,channel,13037.760413339887,nT
2026-03-23T19:52:00.000Z,COLA,X,variation,channel,13039.088039672071,nT
2026-03-23T19:53:00.000Z,COLA,X,variation,channel,13055.089915562394,nT
2026-03-23T19:54:00.000Z,COLA,X,variation,channel,13078.342029560501,nT
2026-03-23T19:55:00.000Z,COLA,X,variation,channel,13082.75797151107,nT
2026-03-23T19:56:00.000Z,COLA,X,variation,channel,13082.48527442143,nT
2026-03-23T19:57:00.000Z,COLA,X,variation,channel,13099.796505833128,nT
2026-03-23T19:58:00.000Z,COLA,X,variation,channel,13112.51737501089,nT
2026-03-23T19:59:00.000Z,COLA,X,variation,channel,13126.751523960518,nT
2026-03-23T20:00:00.000Z,COLA,X,variation,channel,13129.530749333728,nT
2026-03-23T20:01:00.000Z,COLA,X,variation,channel,13123.268367942666,nT
2026-03-23T20:02:00.000Z,COLA,X,variation,channel,13111.934603403804,nT
2026-03-23T20:03:00.000Z,COLA,X,variation,channel,13109.079644162948,nT
2026-03-23T20:04:00.000Z,COLA,X,variation,channel,13104.284691954388,nT
2026-03-23T20:05:00.000Z,COLA,X,variation,channel,13101.535525833808,nT
2026-03-23T20:06:00.000Z,COLA,X,variation,channel,13099.671597787335,nT
2026-03-23T20:07:00.000Z,COLA,X,variation,channel,13091.6507937184,nT
2026-03-23T20:08:00.000Z,COLA,X,variation,channel,13091.777768932498,nT
2026-03-23T20:09:00.000Z,COLA,X,variation,channel,13095.199551635747,nT
2026-03-23T20:10:00.000Z,COLA,X,variation,channel,13099.616131633089,nT
2026-03-23T20:11:00.000Z,COLA,X,variation,channel,13112.298352360625,nT
2026-03-23T20:12:00.000Z,COLA,X,variation,channel,13118.534393924627,nT
2026-03-23T20:13:00.000Z,COLA,X,variation,channel,13122.094956451678,nT
2026-03-23T20:14:00.000Z,COLA,X,variation,channel,13128.052738831662,nT
2026-03-23T20:15:00.000Z,COLA,X,variation,channel,13134.348345678041,nT
2026-03-23T20:16:00.000Z,COLA,X,variation,channel,13139.34097591085,nT
2026-03-23T20:17:00.000Z,COLA,X,variation,channel,13148.277768258667,nT
2026-03-23T20:18:00.000Z,COLA,X,variation,channel,13145.967387058414,nT
2026-03-23T20:19:00.000Z,COLA,X,variation,channel,13135.93185305161,nT
2026-03-23T20:20:00.000Z,COLA,X,variation,channel,13148.012903760884,nT
2026-03-23T20:21:00.000Z,COLA,X,variation,channel,13133.52568372396,nT
2026-03-23T20:22:00.000Z,COLA,X,variation,channel,13146.842185647249,nT
2026-03-23T20:23:00.000Z,COLA,X,variation,channel,13150.985214044995,nT
2026-03-23T20:24:00.000Z,COLA,X,variation,channel,13142.849100460437,nT
2026-03-23T20:25:00.000Z,COLA,X,variation,channel,13132.538611657366,nT
2026-03-23T20:26:00.000Z,COLA,X,variation,channel,13139.562246993804,nT
2026-03-23T20:27:00.000Z,COLA,X,variation,channel,13132.903094630228,nT
2026-03-23T20:28:00.000Z,COLA,X,variation,channel,13130.161844316672,nT
2026-03-23T20:29:00.000Z,COLA,X,variation,channel,13131.706022894108,nT
2026-03-23T20:30:00.000Z,COLA,X,variation,channel,13141.961377755415,nT
2026-03-23T20:31:00.000Z,COLA,X,variation,channel,13116.241702461419,nT
2026-03-23T20:32:00.000Z,COLA,X,variation,channel,13123.741800842508,nT
2026-03-23T20:33:00.000Z,COLA,X,variation,channel,13126.419187547695,nT
2026-03-23T20:34:00.000Z,COLA,X,variation,channel,13135.856343918225,nT
2026-03-23T20:35:00.000Z,COLA,X,variation,channel,13117.208062808304,nT
2026-03-23T20:36:00.000Z,COLA,X,variation,channel,13115.434197810198,nT
2026-03-23T20:37:00.000Z,COLA,X,variation,channel,13147.656360167026,nT
2026-03-23T20:38:00.000Z,COLA,X,variation,channel,13139.52867491792,nT
2026-03-23T20:39:00.000Z,COLA,X,variation,channel,13140.725564633469,nT
2026-03-23T20:40:00.000Z,COLA,X,variation,channel,13138.327435964067,nT
2026-03-23T20:41:00.000Z,COLA,X,variation,channel,13120.713412438354,nT
2026-03-23T20:42:00.000Z,COLA,X,variation,channel,13120.972512081325,nT
2026-03-23T20:43:00.000Z,COLA,X,variation,channel,13118.66880837092,nT
2026-03-23T20:44:00.000Z,COLA,X,variation,channel,13128.00851303798,nT
2026-03-23T20:45:00.000Z,COLA,X,variation,channel,13122.562660467895,nT
2026-03-23T20:46:00.000Z,COLA,X,variation,channel,13119.81230259868,nT
2026-03-23T20:47:00.000Z,COLA,X,variation,channel,13143.846409480226,nT
2026-03-23T20:48:00.000Z,COLA,X,variation,channel,13131.829543981039,nT
2026-03-23T20:49:00.000Z,COLA,X,variation,channel,13127.619308838639,nT
2026-03-23T20:50:00.000Z,COLA,X,variation,channel,13125.310570939106,nT
2026-03-23T20:51:00.000Z,COLA,X,variation,channel,13130.310822660675,nT
2026-03-23T20:52:00.000Z,COLA,X,variation,channel,13119.77934155267,nT
2026-03-23T20:53:00.000Z,COLA,X,variation,channel,13120.888429528775,nT
2026-03-23T20:54:00.000Z,COLA,X,variation,channel,13120.674590721974,nT
2026-03-23T20:55:00.000Z,COLA,X,variation,channel,13116.803644707772,nT
2026-03-23T20:56:00.000Z,COLA,X,variation,channel,13119.170787153162,nT
2026-03-23T20:57:00.000Z,COLA,X,variation,channel,13124.71189125807,nT
2026-03-23T20:58:00.000Z,COLA,X,variation,channel,13126.925505243586,nT
2026-03-23T20:59:00.000Z,COLA,X,variation,channel,13123.659899554837,nT
2026-03-23T21:00:00.000Z,COLA,X,variation,channel,13118.284106362122,nT
2026-03-23T21:01:00.000Z,COLA,X,variation,channel,13120.197183525945,nT
2026-03-23T21:02:00.000Z,COLA,X,variation,channel,13115.361124845958,nT
2026-03-23T21:03:00.000Z,COLA,X,variation,channel,13120.851667709718,nT
2026-03-23T21:04:00.000Z,COLA,X,variation,channel,13113.367880205991,nT
2026-03-23T21:05:00.000Z,COLA,X,variation,channel,13102.888539145853,nT
2026-03-23T21:06:00.000Z,COLA,X,variation,channel,13101.632559480027,nT
2026-03-23T21:07:00.000Z,COLA,X,variation,channel,13107.112380765715,nT
2026-03-23T21:08:00.000Z,COLA,X,variation,channel,13107.209068462977,nT
2026-03-23T21:09:00.000Z,COLA,X,variation,channel,13113.29545255131,nT
2026-03-23T21:10:00.000Z,COLA,X,variation,channel,13111.225353066275,nT
2026-03-23T21:11:00.000Z,COLA,X,variation,channel,13114.527221869443,nT
2026-03-23T21:12:00.000Z,COLA,X,variation,channel,13125.724557851456,nT
2026-03-23T21:13:00.000Z,COLA,X,variation,channel,13128.94786678419,nT
2026-03-23T21:14:00.000Z,COLA,X,variation,channel,13133.480965220304,nT
2026-03-23T21:15:00.000Z,COLA,X,variation,channel,13129.136475505657,nT
2026-03-23T21:16:00.000Z,COLA,X,variation,channel,13131.017945114956,nT
2026-03-23T21:17:00.000Z,COLA,X,variation,channel,13124.045179923169,nT
2026-03-23T21:18:00.000Z,COLA,X,variation,channel,13120.505147958347,nT
2026-03-23T21:19:00.000Z,COLA,X,variation,channel,13115.39578235044,nT
2026-03-23T21:20:00.000Z,COLA,X,variation,channel,13112.9238636124,nT
2026-03-23T21:21:00.000Z,COLA,X,variation,channel,13107.726009419892,nT
2026-03-23T21:22:00.000Z,COLA,X,variation,channel,13096.470219393048,nT
2026-03-23T21:23:00.000Z,COLA,X,variation,channel,13099.8980454414,nT
2026-03-23T21:24:00.000Z,COLA,X,variation,channel,13092.28303502229,nT
2026-03-23T21:25:00.000Z,COLA,X,variation,channel,13086.27705312725,nT
2026-03-23T21:26:00.000Z,COLA,X,variation,channel,13085.664237996874,nT
2026-03-23T21:27:00.000Z,COLA,X,variation,channel,13092.07058297464,nT
2026-03-23T21:28:00.000Z,COLA,X,variation,channel,13089.709892456609,nT
2026-03-23T21:29:00.000Z,COLA,X,variation,channel,13089.99147841313,nT
2026-03-23T21:30:00.000Z,COLA,X,variation,channel,13091.084671801798,nT
2026-03-23T21:31:00.000Z,COLA,X,variation,channel,13095.949277270716,nT
2026-03-23T21:32:00.000Z,COLA,X,variation,channel,13113.114801017167,nT
2026-03-23T21:33:00.000Z,COLA,X,variation,channel,13128.979240617924,nT
2026-03-23T21:34:00.000Z,COLA,X,variation,channel,13127.923101821143,nT
2026-03-23T21:35:00.000Z,COLA,X,variation,channel,13108.374826640618,nT
2026-03-23T21:36:00.000Z,COLA,X,variation,channel,13122.852895019909,nT
2026-03-23T21:37:00.000Z,COLA,X,variation,channel,13122.847756224786,nT
2026-03-23T21:38:00.000Z,COLA,X,variation,channel,13123.966638305368,nT
2026-03-23T21:39:00.000Z,COLA,X,variation,channel,13122.520851090716,nT
2026-03-23T21:40:00.000Z,COLA,X,variation,channel,13125.91124775099,nT
2026-03-23T21:41:00.000Z,COLA,X,variation,channel,13129.326722603846,nT
2026-03-23T21:42:00.000Z,COLA,X,variation,channel,13136.081298743393,nT
2026-03-23T21:43:00.000Z,COLA,X,variation,channel,13132.470165684486,nT
2026-03-23T21:44:00.000Z,COLA,X,variation,channel,13131.302807908833,nT
2026-03-23T21:45:00.000Z,COLA,X,variation,channel,13128.675153850176,nT
2026-03-23T21:46:00.000Z,COLA,X,variation,channel,13138.649044601187,nT
2026-03-23T21:47:00.000Z,COLA,X,variation,channel,13146.381986330845,nT
2026-03-23T21:48:00.000Z,COLA,X,variation,channel,13161.597537057525,nT
2026-03-23T21:49:00.000Z,COLA,X,variation,channel,13177.338478218715,nT
2026-03-23T21:50:00.000Z,COLA,X,variation,channel,13185.922228572748,nT
2026-03-23T21:51:00.000Z,COLA,X,variation,channel,13190.573022233002,nT
2026-03-23T21:52:00.000Z,COLA,X,variation,channel,13202.153574724323,nT
2026-03-23T21:53:00.000Z,COLA,X,variation,channel,13207.151691057587,nT
2026-03-23T21:54:00.000Z,COLA,X,variation,channel,13213.759393043667,nT
2026-03-23T21:55:00.000Z,COLA,X,variation,channel,13223.562997607607,nT
2026-03-23T21:56:00.000Z,COLA,X,variation,channel,13234.132454239094,nT
2026-03-23T21:57:00.000Z,COLA,X,variation,channel,13256.301509263973,nT
2026-03-23T21:58:00.000Z,COLA,X,variation,channel,13258.242766165007,nT
2026-03-23T21:59:00.000Z,COLA,X,variation,channel,13250.87389151796,nT
2026-03-23T22:00:00.000Z,COLA,X,variation,channel,13246.550262242361,nT
2026-03-23T22:01:00.000Z,COLA,X,variation,channel,13254.974105274398,nT
2026-03-23T22:02:00.000Z,COLA,X,variation,channel,13240.894407250165,nT
2026-03-23T22:03:00.000Z,COLA,X,variation,channel,13235.162498277205,nT
2026-03-23T22:04:00.000Z,COLA,X,variation,channel,13232.138700660273,nT
2026-03-23T22:05:00.000Z,COLA,X,variation,channel,13215.86312035015,nT
2026-03-23T22:06:00.000Z,COLA,X,variation,channel,13209.431009725045,nT
2026-03-23T22:07:00.000Z,COLA,X,variation,channel,13194.713125411543,nT
2026-03-23T22:08:00.000Z,COLA,X,variation,channel,13200.434486746291,nT
2026-03-23T22:09:00.000Z,COLA,X,variation,channel,13216.08373770139,nT
2026-03-23T22:10:00.000Z,COLA,X,variation,channel,13226.074749323278,nT
2026-03-23T22:11:00.000Z,COLA,X,variation,channel,13228.360287304313,nT
2026-03-23T22:12:00.000Z,COLA,X,variation,channel,13225.053185235096,nT
2026-03-23T22:13:00.000Z,COLA,X,variation,channel,13214.919105571193,nT
2026-03-23T22:14:00.000Z,COLA,X,variation,channel,13214.354864291794,nT
2026-03-23T22:15:00.000Z,COLA,X,variation,channel,13215.054784593278,nT
2026-03-23T22:16:00.000Z,COLA,X,variation,channel,13214.653469726809,nT
2026-03-23T22:17:00.000Z,COLA,X,variation,channel,13207.30901721247,nT
2026-03-23T22:18:00.000Z,COLA,X,variation,channel,13191.801416080001,nT
2026-03-23T22:19:00.000Z,COLA,X,variation,channel,13196.565356976253,nT
2026-03-23T22:20:00.000Z,COLA,X,variation,channel,13193.63326603954,nT
2026-03-23T22:21:00.000Z,COLA,X,variation,channel,13193.187097658498,nT
2026-03-23T22:22:00.000Z,COLA,X,variation,channel,13177.984163312292,nT
2026-03-23T22:23:00.000Z,COLA,X,variation,channel,13161.044160527352,nT
2026-03-23T22:24:00.000Z,COLA,X,variation,channel,13178.22724292617,nT
2026-03-23T22:25:00.000Z,COLA,X,variation,channel,13195.321859986037,nT
2026-03-23T22:26:00.000Z,COLA,X,variation,channel,13194.068612028044,nT
2026-03-23T22:27:00.000Z,COLA,X,variation,channel,13178.753897166896,nT
2026-03-23T22:28:00.000Z,COLA,X,variation,channel,13169.683009896064,nT
2026-03-23T22:29:00.000Z,COLA,X,variation,channel,13161.934196068587,nT
2026-03-23T22:30:00.000Z,COLA,X,variation,channel,13154.024212740287,nT
2026-03-23T22:31:00.000Z,COLA,X,variation,channel,13146.998818517277,nT
2026-03-23T22:32:00.000Z,COLA,X,variation,channel,13138.782713434044,nT
2026-03-23T22:33:00.000Z,COLA,X,variation,channel,13137.739217797654,nT
2026-03-23T22:34:00.000Z,COLA,X,variation,channel,13138.04729102604,nT
2026-03-23T22:35:00.000Z,COLA,X,variation,channel,13136.58103728175,nT
2026-03-23T22:36:00.000Z,COLA,X,variation,channel,13137.256207165801,nT
2026-03-23T22:37:00.000Z,COLA,X,variation,channel,13138.244519244428,nT
2026-03-23T22:38:00.000Z,COLA,X,variation,channel,13139.580002692013,nT
2026-03-23T22:39:00.000Z,COLA,X,variation,channel,13145.04346976255,nT
2026-03-23T22:40:00.000Z,COLA,X,variation,channel,13157.116872034641,nT
2026-03-23T22:41:00.000Z,COLA,X,variation,channel,13164.197745730187,nT
2026-03-23T22:42:00.000Z,COLA,X,variation,channel,13168.79215059106,nT
2026-03-23T22:43:00.000Z,COLA,X,variation,channel,13176.70264082268,nT
2026-03-23T22:44:00.000Z,COLA,X,variation,channel,13181.908337698704,nT
2026-03-23T22:45:00.000Z,COLA,X,variation,channel,13186.253625776973,nT
2026-03-23T22:46:00.000Z,COLA,X,variation,channel,13189.782994611034,nT
2026-03-23T22:47:00.000Z,COLA,X,variation,channel,13191.340333488786,nT
2026-03-23T22:48:00.000Z,COLA,X,variation,channel,13188.470875126228,nT
2026-03-23T22:49:00.000Z,COLA,X,variation,channel,13188.671975771458,nT
2026-03-23T22:50:00.000Z,COLA,X,variation,channel,13193.596757844622,nT
2026-03-23T22:51:00.000Z,COLA,X,variation,channel,13194.780954624828,nT
2026-03-23T22:52:00.000Z,COLA,X,variation,channel,13198.911577735795,nT
2026-03-23T22:53:00.000Z,COLA,X,variation,channel,13210.069823229393,nT
2026-03-23T22:54:00.000Z,COLA,X,variation,channel,13214.508050650127,nT
2026-03-23T22:55:00.000Z,COLA,X,variation,channel,13218.227009371874,nT
2026-03-23T22:56:00.000Z,COLA,X,variation,channel,13225.440358782967,nT
2026-03-23T22:57:00.000Z,COLA,X,variation,channel,13242.902610784624,nT
2026-03-23T22:58:00.000Z,COLA,X,variation,channel,13184.502430025717,nT
2026-03-23T22:59:00.000Z,COLA,X,variation,channel,13173.707584730028,nT
2026-03-23T23:00:00.000Z,COLA,X,variation,channel,13201.53466755873,nT
2026-03-23T23:01:00.000Z,COLA,X,variation,channel,13206.817039299074,nT
2026-03-23T23:02:00.000Z,COLA,X,variation,channel,13186.08288065333,nT
2026-03-23T23:03:00.000Z,COLA,X,variation,channel,13162.740294567193,nT
2026-03-23T23:04:00.000Z,COLA,X,variation,channel,13168.555611299727,nT
2026-03-23T23:05:00.000Z,COLA,X,variation,channel,13185.161249666824,nT
2026-03-23T23:06:00.000Z,COLA,X,variation,channel,13196.992569710465,nT
2026-03-23T23:07:00.000Z,COLA,X,variation,channel,13199.197590612319,nT
2026-03-23T23:08:00.000Z,COLA,X,variation,channel,13198.507482299936,nT
2026-03-23T23:09:00.000Z,COLA,X,variation,channel,13201.17373509861,nT
2026-03-23T23:10:00.000Z,COLA,X,variation,channel,13203.763503454507,nT
2026-03-23T23:11:00.000Z,COLA,X,variation,channel,13202.152297817576,nT
2026-03-23T23:12:00.000Z,COLA,X,variation,channel,13207.038482031965,nT
2026-03-23T23:13:00.000Z,COLA,X,variation,channel,13209.246482569504,nT
2026-03-23T23:14:00.000Z,COLA,X,variation,channel,13217.880553542474,nT
2026-03-23T23:15:00.000Z,COLA,X,variation,channel,13213.757900835357,nT
2026-03-23T23:16:00.000Z,COLA,X,variation,channel,13194.718184294841,nT
2026-03-23T23:17:00.000Z,COLA,X,variation,channel,13188.34177362297,nT
2026-03-23T23:18:00.000Z,COLA,X,variation,channel,13223.150821751278,nT
2026-03-23T23:19:00.000Z,COLA,X,variation,channel,13240.647925451358,nT
2026-03-23T23:20:00.000Z,COLA,X,variation,channel,13232.719591429308,nT
2026-03-23T23:21:00.000Z,COLA,X,variation,channel,13227.697083101735,nT
2026-03-23T23:22:00.000Z,COLA,X,variation,channel,13221.262691462749,nT
2026-03-23T23:23:00.000Z,COLA,X,variation,channel,13216.286359298632,nT
2026-03-23T23:24:00.000Z,COLA,X,variation,channel,13217.188048540267,nT
2026-03-23T23:25:00.000Z,COLA,X,variation,channel,13217.154826841872,nT
2026-03-23T23:26:00.000Z,COLA,X,variation,channel,13217.399440761792,nT
2026-03-23T23:27:00.000Z,COLA,X,variation,channel,13213.422686006345,nT
2026-03-23T23:28:00.000Z,COLA,X,variation,channel,13207.673435532835,nT
2026-03-23T23:29:00.000Z,COLA,X,variation,channel,13207.28167508986,nT
2026-03-23T23:30:00.000Z,COLA,X,variation,channel,13210.029008642543,nT
2026-03-23T23:31:00.000Z,COLA,X,variation,channel,13214.87211683528,nT
2026-03-23T23:32:00.000Z,COLA,X,variation,channel,13218.763942365113,nT
2026-03-23T23:33:00.000Z,COLA,X,variation,channel,13228.43873610736,nT
2026-03-23T23:34:00.000Z,COLA,X,variation,channel,13236.69659367723,nT
2026-03-23T23:35:00.000Z,COLA,X,variation,channel,13252.699870309956,nT
2026-03-23T23:36:00.000Z,COLA,X,variation,channel,13253.423295884244,nT
2026-03-23T23:37:00.000Z,COLA,X,variation,channel,13247.48312605011,nT
2026-03-23T23:38:00.000Z,COLA,X,variation,channel,13257.313802163277,nT
2026-03-23T23:39:00.000Z,COLA,X,variation,channel,13270.007663598184,nT
2026-03-23T23:40:00.000Z,COLA,X,variation,channel,13272.611346996302,nT
2026-03-23T23:41:00.000Z,COLA,X,variation,channel,13253.95185614991,nT
2026-03-23T23:42:00.000Z,COLA,X,variation,channel,13234.136594647738,nT
2026-03-23T23:43:00.000Z,COLA,X,variation,channel,13258.80222592225,nT
2026-03-23T23:44:00.000Z,COLA,X,variation,channel,13286.852394438927,nT
2026-03-23T23:45:00.000Z,COLA,X,variation,channel,13261.114122510824,nT
2026-03-23T23:46:00.000Z,COLA,X,variation,channel,13227.151464059996,nT
2026-03-23T23:47:00.000Z,COLA,X,variation,channel,13211.756049127931,nT
2026-03-23T23:48:00.000Z,COLA,X,variation,channel,13216.925932185919,nT
2026-03-23T23:49:00.000Z,COLA,X,variation,channel,13221.941980950967,nT
2026-03-23T23:50:00.000Z,COLA,X,variation,channel,13218.358563395128,nT
2026-03-23T23:51:00.000Z,COLA,X,variation,channel,13207.876709879863,nT
2026-03-23T23:52:00.000Z,COLA,X,variation,channel,13193.658596314728,nT
2026-03-23T23:53:00.000Z,COLA,X,variation,channel,13197.638668873926,nT
2026-03-23T23:54:00.000Z,COLA,X,variation,channel,13228.047591824534,nT
2026-03-23T23:55:00.000Z,COLA,X,variation,channel,13255.514608046444,nT
2026-03-23T23:56:00.000Z,COLA,X,variation,channel,13250.445978944712,nT
2026-03-23T23:57:00.000Z,COLA,X,variation,channel,13207.41922736588,nT
2026-03-23T23:58:00.000Z,COLA,X,variation,channel,13125.796130366627,nT
2026-03-23T23:59:00.000Z,COLA,X,variation,channel,13179.42608053603,nT
2026-03-24T00:00:00.000Z,COLA,X,variation,channel,13225.817762013588,nT
2026-03-24T00:01:00.000Z,COLA,X,variation,channel,13191.242632972288,nT
2026-03-24T00:02:00.000Z,COLA,X,variation,channel,13183.945222870543,nT
2026-03-24T00:03:00.000Z,COLA,X,variation,channel,13172.889700670445,nT
2026-03-24T00:04:00.000Z,COLA,X,variation,channel,13161.41301741847,nT
2026-03-24T00:05:00.000Z,COLA,X,variation,channel,13177.128451984932,nT
2026-03-24T00:06:00.000Z,COLA,X,variation,channel,13153.2168081301,nT
2026-03-24T00:07:00.000Z,COLA,X,variation,channel,13146.931705541603,nT
2026-03-24T00:08:00.000Z,COLA,X,variation,channel,13128.981760354467,nT
2026-03-24T00:09:00.000Z,COLA,X,variation,channel,13105.121000861185,nT
2026-03-24T00:10:00.000Z,COLA,X,variation,channel,13110.930671387061,nT
2026-03-24T00:11:00.000Z,COLA,X,variation,channel,13149.439659183476,nT
2026-03-24T00:12:00.000Z,COLA,X,variation,channel,13137.229042919087,nT
2026-03-24T00:13:00.000Z,COLA,X,variation,channel,13124.613122794904,nT
2026-03-24T00:14:00.000Z,COLA,X,variation,channel,13161.011086606204,nT
2026-03-24T00:15:00.000Z,COLA,X,variation,channel,13180.372943569653,nT
2026-03-24T00:16:00.000Z,COLA,X,variation,channel,13139.184062931306,nT
2026-03-24T00:17:00.000Z,COLA,X,variation,channel,13112.558456344334,nT
2026-03-24T00:18:00.000Z,COLA,X,variation,channel,13109.622872209813,nT
2026-03-24T00:19:00.000Z,COLA,X,variation,channel,13133.49475299932,nT
2026-03-24T00:20:00.000Z,COLA,X,variation,channel,13132.750559903154,nT
2026-03-24T00:21:00.000Z,COLA,X,variation,channel,13143.714394177538,nT
2026-03-24T00:22:00.000Z,COLA,X,variation,channel,13129.528363945412,nT
2026-03-24T00:23:00.000Z,COLA,X,variation,channel,13129.466971881424,nT
2026-03-24T00:24:00.000Z,COLA,X,variation,channel,13146.815659562968,nT
2026-03-24T00:25:00.000Z,COLA,X,variation,channel,13155.653257585212,nT
2026-03-24T00:26:00.000Z,COLA,X,variation,channel,13168.66315380738,nT
2026-03-24T00:27:00.000Z,COLA,X,variation,channel,13164.030910719217,nT
2026-03-24T00:28:00.000Z,COLA,X,variation,channel,13154.203353097342,nT
2026-03-24T00:29:00.000Z,COLA,X,variation,channel,13169.93625155799,nT
2026-03-24T00:30:00.000Z,COLA,X,variation,channel,13181.766616669398,nT
2026-03-24T00:31:00.000Z,COLA,X,variation,channel,13170.65612968071,nT
2026-03-24T00:32:00.000Z,COLA,X,variation,channel,13171.309679349344,nT
2026-03-24T00:33:00.000Z,COLA,X,variation,channel,13166.720154357516,nT
2026-03-24T00:34:00.000Z,COLA,X,variation,channel,13168.426040434952,nT
2026-03-24T00:35:00.000Z,COLA,X,variation,channel,13174.982036491152,nT
2026-03-24T00:36:00.000Z,COLA,X,variation,channel,13192.48457355213,nT
2026-03-24T00:37:00.000Z,COLA,X,variation,channel,13185.828054564654,nT
2026-03-24T00:38:00.000Z,COLA,X,variation,channel,13174.089409682236,nT
2026-03-24T00:39:00.000Z,COLA,X,variation,channel,13188.380321537268,nT
2026-03-24T00:40:00.000Z,COLA,X,variation,channel,13189.139338656194,nT
2026-03-24T00:41:00.000Z,COLA,X,variation,channel,13193.927981044266,nT
2026-03-24T00:42:00.000Z,COLA,X,variation,channel,13197.656767991244,nT
2026-03-24T00:43:00.000Z,COLA,X,variation,channel,13203.93669885886,nT
2026-03-24T00:44:00.000Z,COLA,X,variation,channel,13202.2743280715,nT
2026-03-24T00:45:00.000Z,COLA,X,variation,channel,13200.820088917473,nT
2026-03-24T00:46:00.000Z,COLA,X,variation,channel,13196.127396675227,nT
2026-03-24T00:47:00.000Z,COLA,X,variation,channel,13194.84868285812,nT
2026-03-24T00:48:00.000Z,COLA,X,variation,channel,13202.678347078376,nT
2026-03-24T00:49:00.000Z,COLA,X,variation,channel,13203.248578017618,nT
2026-03-24T00:50:00.000Z,COLA,X,variation,channel,13205.325198850565,nT
2026-03-24T00:51:00.000Z,COLA,X,variation,channel,13203.46498526506,nT
2026-03-24T00:52:00.000Z,COLA,X,variation,channel,13202.075344148345,nT
2026-03-24T00:53:00.000Z,COLA,X,variation,channel,13191.201880051798,nT
2026-03-24T00:54:00.000Z,COLA,X,variation,channel,13188.44042018369,nT
2026-03-24T00:55:00.000Z,COLA,X,variation,channel,13186.470982885612,nT
2026-03-24T00:56:00.000Z,COLA,X,variation,channel,13197.357428093745,nT
2026-03-24T00:57:00.000Z,COLA,X,variation,channel,13204.939561452877,nT
2026-03-24T00:58:00.000Z,COLA,X,variation,channel,13202.246702887873,nT
2026-03-24T00:59:00.000Z,COLA,X,variation,channel,13203.654572230389,nT
2026-03-24T01:00:00.000Z,COLA,X,variation,channel,13197.758102404292,nT
2026-03-24T01:01:00.000Z,COLA,X,variation,channel,13188.022718530661,nT
2026-03-24T01:02:00.000Z,COLA,X,variation,channel,13189.412907873015,nT
2026-03-24T01:03:00.000Z,COLA,X,variation,channel,13186.86527773571,nT
2026-03-24T01:04:00.000Z,COLA,X,variation,channel,13180.349291177976,nT
2026-03-24T01:05:00.000Z,COLA,X,variation,channel,13184.876349003363,nT
2026-03-24T01:06:00.000Z,COLA,X,variation,channel,13187.049195243888,nT
2026-03-24T01:07:00.000Z,COLA,X,variation,channel,13177.399242268413,nT
2026-03-24T01:08:00.000Z,COLA,X,variation,channel,13177.678229906183,nT
2026-03-24T01:09:00.000Z,COLA,X,variation,channel,13179.492348381187,nT
2026-03-24T01:10:00.000Z,COLA,X,variation,channel,13178.49621512876,nT
2026-03-24T01:11:00.000Z,COLA,X,variation,channel,13174.240575258733,nT
2026-03-24T01:12:00.000Z,COLA,X,variation,channel,13171.177615822662,nT
2026-03-24T01:13:00.000Z,COLA,X,variation,channel,13185.15885356581,nT
2026-03-24T01:14:00.000Z,COLA,X,variation,channel,13189.371028337931,nT
2026-03-24T01:15:00.000Z,COLA,X,variation,channel,13184.300562788456,nT
2026-03-24T01:16:00.000Z,COLA,X,variation,channel,13193.926293605307,nT
2026-03-24T01:17:00.000Z,COLA,X,variation,channel,13209.55051556947,nT
2026-03-24T01:18:00.000Z,COLA,X,variation,channel,13215.35023342527,nT
2026-03-24T01:19:00.000Z,COLA,X,variation,channel,13212.118187011582,nT
2026-03-24T01:20:00.000Z,COLA,X,variation,channel,13213.725146600438,nT
2026-03-24T01:21:00.000Z,COLA,X,variation,channel,13223.607453426843,nT
2026-03-24T01:22:00.000Z,COLA,X,variation,channel,13227.257593163182,nT
2026-03-24T01:23:00.000Z,COLA,X,variation,channel,13228.322811304799,nT
2026-03-24T01:24:00.000Z,COLA,X,variation,channel,13226.905620038417,nT
2026-03-24T01:25:00.000Z,COLA,X,variation,channel,13221.72754843918,nT
2026-03-24T01:26:00.000Z,COLA,X,variation,channel,13218.699223501055,nT
2026-03-24T01:27:00.000Z,COLA,X,variation,channel,13221.28348111923,nT
2026-03-24T01:28:00.000Z,COLA,X,variation,channel,13222.468439770097,nT
2026-03-24T01:29:00.000Z,COLA,X,variation,channel,13210.885923586055,nT
2026-03-24T01:30:00.000Z,COLA,X,variation,channel,13196.296368540592,nT
2026-03-24T01:31:00.000Z,COLA,X,variation,channel,13193.306442734278,nT
2026-03-24T01:32:00.000Z,COLA,X,variation,channel,13189.20750914636,nT
2026-03-24T01:33:00.000Z,COLA,X,variation,channel,13182.49198643168,nT
2026-03-24T01:34:00.000Z,COLA,X,variation,channel,13173.317249286438,nT
2026-03-24T01:35:00.000Z,COLA,X,variation,channel,13172.348886213935,nT
2026-03-24T01:36:00.000Z,COLA,X,variation,channel,13170.026481904446,nT
2026-03-24T01:37:00.000Z,COLA,X,variation,channel,13160.246138183697,nT
2026-03-24T01:38:00.000Z,COLA,X,variation,channel,13160.75107085428,nT
2026-03-24T01:39:00.000Z,COLA,X,variation,channel,13167.184618621366,nT
2026-03-24T01:40:00.000Z,COLA,X,variation,channel,13170.470306024738,nT
2026-03-24T01:41:00.000Z,COLA,X,variation,channel,13169.857284002894,nT
2026-03-24T01:42:00.000Z,COLA,X,variation,channel,13171.244420955636,nT
2026-03-24T01:43:00.000Z,COLA,X,variation,channel,13165.641199611306,nT
2026-03-24T01:44:00.000Z,COLA,X,variation,channel,13168.668213133376,nT
2026-03-24T01:45:00.000Z,COLA,X,variation,channel,13175.237400733717,nT
2026-03-24T01:46:00.000Z,COLA,X,variation,channel,13178.662196371379,nT
2026-03-24T01:47:00.000Z,COLA,X,variation,channel,13162.199099769463,nT
2026-03-24T01:48:00.000Z,COLA,X,variation,channel,13158.256202531,nT
2026-03-24T01:49:00.000Z,COLA,X,variation,channel,13182.172378804473,nT
2026-03-24T01:50:00.000Z,COLA,X,variation,channel,13200.248778574285,nT
2026-03-24T01:51:00.000Z,COLA,X,variation,channel,13216.845029448195,nT
2026-03-24T01:52:00.000Z,COLA,X,variation,channel,13223.00173073912,nT
2026-03-24T01:53:00.000Z,COLA,X,variation,channel,13228.185479231624,nT
2026-03-24T01:54:00.000Z,COLA,X,variation,channel,13234.22443126111,nT
2026-03-24T01:55:00.000Z,COLA,X,variation,channel,13243.687803746534,nT
2026-03-24T01:56:00.000Z,COLA,X,variation,channel,13249.36303776441,nT
2026-03-24T01:57:00.000Z,COLA,X,variation,channel,13252.609503141362,nT
2026-03-24T01:58:00.000Z,COLA,X,variation,channel,13253.837771950237,nT
2026-03-24T01:59:00.000Z,COLA,X,variation,channel,13253.02818960406,nT
2026-03-24T02:00:00.000Z,COLA,X,variation,channel,13256.200380429498,nT
2026-03-24T02:01:00.000Z,COLA,X,variation,channel,13267.066337109562,nT
2026-03-24T02:02:00.000Z,COLA,X,variation,channel,13267.998161361025,nT
2026-03-24T02:03:00.000Z,COLA,X,variation,channel,13260.977090893397,nT
2026-03-24T02:04:00.000Z,COLA,X,variation,channel,13258.146837572307,nT
2026-03-24T02:05:00.000Z,COLA,X,variation,channel,13258.230134814683,nT
2026-03-24T02:06:00.000Z,COLA,X,variation,channel,13264.850015167565,nT
2026-03-24T02:07:00.000Z,COLA,X,variation,channel,13268.226026644783,nT
2026-03-24T02:08:00.000Z,COLA,X,variation,channel,13263.801865036332,nT
2026-03-24T02:09:00.000Z,COLA,X,variation,channel,13257.98199902382,nT
2026-03-24T02:10:00.000Z,COLA,X,variation,channel,13251.165664961465,nT
2026-03-24T02:11:00.000Z,COLA,X,variation,channel,13245.85259942989,nT
2026-03-24T02:12:00.000Z,COLA,X,variation,channel,13231.730728853365,nT
2026-03-24T02:13:00.000Z,COLA,X,variation,channel,13221.53700108165,nT
2026-03-24T02:14:00.000Z,COLA,X,variation,channel,13213.225232858622,nT
2026-03-24T02:15:00.000Z,COLA,X,variation,channel,13203.736105542475,nT
2026-03-24T02:16:00.000Z,COLA,X,variation,channel,13187.395528168285,nT
2026-03-24T02:17:00.000Z,COLA,X,variation,channel,13184.622690721066,nT
2026-03-24T02:18:00.000Z,COLA,X,variation,channel,13186.62828695589,nT
2026-03-24T02:19:00.000Z,COLA,X,variation,channel,13180.944182160738,nT
2026-03-24T02:20:00.000Z,COLA,X,variation,channel,13176.137801704182,nT
2026-03-24T02:21:00.000Z,COLA,X,variation,channel,13177.757840595634,nT
2026-03-24T02:22:00.000Z,COLA,X,variation,channel,13174.772514773385,nT
2026-03-24T02:23:00.000Z,COLA,X,variation,channel,13169.909296031672,nT
2026-03-24T02:24:00.000Z,COLA,X,variation,channel,13170.32443705705,nT
2026-03-24T02:25:00.000Z,COLA,X,variation,channel,13173.685010505324,nT
2026-03-24T02:26:00.000Z,COLA,X,variation,channel,13176.016659075707,nT
2026-03-24T02:27:00.000Z,COLA,X,variation,channel,13169.42371794415,nT
2026-03-24T02:28:00.000Z,COLA,X,variation,channel,13169.210017761905,nT
2026-03-24T02:29:00.000Z,COLA,X,variation,channel,13183.18599878872,nT
2026-03-24T02:30:00.000Z,COLA,X,variation,channel,13184.778652780276,nT
2026-03-24T02:31:00.000Z,COLA,X,variation,channel,13190.869601735547,nT
2026-03-24T02:32:00.000Z,COLA,X,variation,channel,13204.07883588581,nT
2026-03-24T02:33:00.000Z,COLA,X,variation,channel,13203.04685340726,nT
2026-03-24T02:34:00.000Z,COLA,X,variation,channel,13202.178603414506,nT
2026-03-24T02:35:00.000Z,COLA,X,variation,channel,13206.921998410437,nT
2026-03-24T02:36:00.000Z,COLA,X,variation,channel,13205.62322119532,nT
2026-03-24T02:37:00.000Z,COLA,X,variation,channel,13197.090964355539,nT
2026-03-24T02:38:00.000Z,COLA,X,variation,channel,13206.442139611401,nT
2026-03-24T02:39:00.000Z,COLA,X,variation,channel,13213.835184466161,nT
2026-03-24T02:40:00.000Z,COLA,X,variation,channel,13218.461277246046,nT
2026-03-24T02:41:00.000Z,COLA,X,variation,channel,13224.995627063596,nT
2026-03-24T02:42:00.000Z,COLA,X,variation,channel,13228.938902329543,nT
2026-03-24T02:43:00.000Z,COLA,X,variation,channel,13219.163323626624,nT
2026-03-24T02:44:00.000Z,COLA,X,variation,channel,13214.640294697017,nT
2026-03-24T02:45:00.000Z,COLA,X,variation,channel,13219.312440245094,nT
2026-03-24T02:46:00.000Z,COLA,X,variation,channel,13219.445904185632,nT
2026-03-24T02:47:00.000Z,COLA,X,variation,channel,13215.450028439542,nT
2026-03-24T02:48:00.000Z,COLA,X,variation,channel,13212.525701464996,nT
2026-03-24T02:49:00.000Z,COLA,X,variation,channel,13212.228021469326,nT
2026-03-24T02:50:00.000Z,COLA,X,variation,channel,13215.132368309953,nT
2026-03-24T02:51:00.000Z,COLA,X,variation,channel,13215.72288867228,nT
2026-03-24T02:52:00.000Z,COLA,X,variation,channel,13212.95082956209,nT
2026-03-24T02:53:00.000Z,COLA,X,variation,channel,13212.318066738648,nT
2026-03-24T02:54:00.000Z,COLA,X,variation,channel,13212.098658418612,nT
2026-03-24T02:55:00.000Z,COLA,X,variation,channel,13214.880579921602,nT
2026-03-24T02:56:00.000Z,COLA,X,variation,channel,13218.95259630214,nT
2026-03-24T02:57:00.000Z,COLA,X,variation,channel,13219.173142212157,nT
2026-03-24T02:58:00.000Z,COLA,X,variation,channel,13211.131171537321,nT
2026-03-24T02:59:00.000Z,COLA,X,variation,channel,13208.62494810817,nT
2026-03-24T03:00:00.000Z,COLA,X,variation,channel,13211.975238151566,nT
2026-03-24T03:01:00.000Z,COLA,X,variation,channel,13215.596446694426,nT
2026-03-24T03:02:00.000Z,COLA,X,variation,channel,13208.415228964544,nT
2026-03-24T03:03:00.000Z,COLA,X,variation,channel,13205.53367182384,nT
2026-03-24T03:04:00.000Z,COLA,X,variation,channel,13209.76367801458,nT
2026-03-24T03:05:00.000Z,COLA,X,variation,channel,13207.107422995066,nT
2026-03-24T03:06:00.000Z,COLA,X,variation,channel,13203.193485370257,nT
2026-03-24T03:07:00.000Z,COLA,X,variation,channel,13203.178897884512,nT
2026-03-24T03:08:00.000Z,COLA,X,variation,channel,13198.2027252331,nT
2026-03-24T03:09:00.000Z,COLA,X,variation,channel,13191.840369290065,nT
2026-03-24T03:10:00.000Z,COLA,X,variation,channel,13192.188503346633,nT
2026-03-24T03:11:00.000Z,COLA,X,variation,channel,13197.618294646409,nT
2026-03-24T03:12:00.000Z,COLA,X,variation,channel,13202.08689104495,nT
2026-03-24T03:13:00.000Z,COLA,X,variation,channel,13202.705847263604,nT
2026-03-24T03:14:00.000Z,COLA,X,variation,channel,13203.441873620737,nT
2026-03-24T03:15:00.000Z,COLA,X,variation,channel,13210.523039950602,nT
2026-03-24T03:16:00.000Z,COLA,X,variation,channel,13222.12993398153,nT
2026-03-24T03:17:00.000Z,COLA,X,variation,channel,13227.036901643922,nT
2026-03-24T03:18:00.000Z,COLA,X,variation,channel,13228.066217701473,nT
2026-03-24T03:19:00.000Z,COLA,X,variation,channel,13223.498364200426,nT
2026-03-24T03:20:00.000Z,COLA,X,variation,channel,13226.866072964382,nT
2026-03-24T03:21:00.000Z,COLA,X,variation,channel,13233.874157531493,nT
2026-03-24T03:22:00.000Z,COLA,X,variation,channel,13241.974092823217,nT
2026-03-24T03:23:00.000Z,COLA,X,variation,channel,13251.616367661592,nT
2026-03-24T03:24:00.000Z,COLA,X,variation,channel,13252.541388890917,nT
2026-03-24T03:25:00.000Z,COLA,X,variation,channel,13255.741706614224,nT
2026-03-24T03:26:00.000Z,COLA,X,variation,channel,13269.964724292247,nT
2026-03-24T03:27:00.000Z,COLA,X,variation,channel,13280.289014125166,nT
2026-03-24T03:28:00.000Z,COLA,X,variation,channel,13283.904911670861,nT
2026-03-24T03:29:00.000Z,COLA,X,variation,channel,13292.689292137704,nT
2026-03-24T03:30:00.000Z,COLA,X,variation,channel,13299.397668996802,nT
2026-03-24T03:31:00.000Z,COLA,X,variation,channel,13310.65530402827,nT
2026-03-24T03:32:00.000Z,COLA,X,variation,channel,13321.900226549044,nT
2026-03-24T03:33:00.000Z,COLA,X,variation,channel,13335.45637267974,nT
2026-03-24T03:34:00.000Z,COLA,X,variation,channel,13335.704748494129,nT
2026-03-24T03:35:00.000Z,COLA,X,variation,channel,13335.157521185762,nT
2026-03-24T03:36:00.000Z,COLA,X,variation,channel,13341.618286225605,nT
2026-03-24T03:37:00.000Z,COLA,X,variation,channel,13349.711901492154,nT
2026-03-24T03:38:00.000Z,COLA,X,variation,channel,13348.133314884873,nT
2026-03-24T03:39:00.000Z,COLA,X,variation,channel,13335.183703994351,nT
2026-03-24T03:40:00.000Z,COLA,X,variation,channel,13315.610945895934,nT
2026-03-24T03:41:00.000Z,COLA,X,variation,channel,13289.219854082487,nT
2026-03-24T03:42:00.000Z,COLA,X,variation,channel,13285.037828642271,nT
2026-03-24T03:43:00.000Z,COLA,X,variation,channel,13275.185560185493,nT
2026-03-24T03:44:00.000Z,COLA,X,variation,channel,13277.262105848127,nT
2026-03-24T03:45:00.000Z,COLA,X,variation,channel,13298.811481063558,nT
2026-03-24T03:46:00.000Z,COLA,X,variation,channel,13298.318048671998,nT
2026-03-24T03:47:00.000Z,COLA,X,variation,channel,13333.194747104846,nT
2026-03-24T03:48:00.000Z,COLA,X,variation,channel,13347.55637611747,nT
2026-03-24T03:49:00.000Z,COLA,X,variation,channel,13350.671264336854,nT
2026-03-24T03:50:00.000Z,COLA,X,variation,channel,13338.031605536575,nT
2026-03-24T03:51:00.000Z,COLA,X,variation,channel,13334.474645656528,nT
2026-03-24T03:52:00.000Z,COLA,X,variation,channel,13341.109228493899,nT
2026-03-24T03:53:00.000Z,COLA,X,variation,channel,13351.622009267223,nT
2026-03-24T03:54:00.000Z,COLA,X,variation,channel,13368.040003388767,nT
2026-03-24T03:55:00.000Z,COLA,X,variation,channel,13368.165707729404,nT
2026-03-24T03:56:00.000Z,COLA,X,variation,channel,13344.25370472176,nT
2026-03-24T03:57:00.000Z,COLA,X,variation,channel,13323.945824356504,nT
2026-03-24T03:58:00.000Z,COLA,X,variation,channel,13290.689039329505,nT
2026-03-24T03:59:00.000Z,COLA,X,variation,channel,13245.111611940554,nT
2026-03-24T04:00:00.000Z,COLA,X,variation,channel,13211.286630469724,nT
2026-03-24T04:01:00.000Z,COLA,X,variation,channel,13217.41649529043,nT
2026-03-24T04:02:00.000Z,COLA,X,variation,channel,13225.664638428467,nT
2026-03-24T04:03:00.000Z,COLA,X,variation,channel,13233.339754631563,nT
2026-03-24T04:04:00.000Z,COLA,X,variation,channel,13251.007992342162,nT
2026-03-24T04:05:00.000Z,COLA,X,variation,channel,13276.404336223874,nT
2026-03-24T04:06:00.000Z,COLA,X,variation,channel,13265.926114933296,nT
2026-03-24T04:07:00.000Z,COLA,X,variation,channel,13252.939643114496,nT
2026-03-24T04:08:00.000Z,COLA,X,variation,channel,13239.649960461227,nT
2026-03-24T04:09:00.000Z,COLA,X,variation,channel,13228.795073544241,nT
2026-03-24T04:10:00.000Z,COLA,X,variation,channel,13241.3290474538,nT
2026-03-24T04:11:00.000Z,COLA,X,variation,channel,13242.763736239925,nT
2026-03-24T04:12:00.000Z,COLA,X,variation,channel,13251.754416531807,nT
2026-03-24T04:13:00.000Z,COLA,X,variation,channel,13253.114678324782,nT
2026-03-24T04:14:00.000Z,COLA,X,variation,channel,13249.75016962907,nT
2026-03-24T04:15:00.000Z,COLA,X,variation,channel,13258.571806727812,nT
2026-03-24T04:16:00.000Z,COLA,X,variation,channel,13257.133797920951,nT
2026-03-24T04:17:00.000Z,COLA,X,variation,channel,13258.607928825195,nT
2026-03-24T04:18:00.000Z,COLA,X,variation,channel,13268.887580842453,nT
2026-03-24T04:19:00.000Z,COLA,X,variation,channel,13273.097542533524,nT
2026-03-24T04:20:00.000Z,COLA,X,variation,channel,13242.601159218848,nT
2026-03-24T04:21:00.000Z,COLA,X,variation,channel,13207.797571888968,nT
2026-03-24T04:22:00.000Z,COLA,X,variation,channel,13187.48089767961,nT
2026-03-24T04:23:00.000Z,COLA,X,variation,channel,13169.665448384578,nT
2026-03-24T04:24:00.000Z,COLA,X,variation,channel,13171.511341051912,nT
2026-03-24T04:25:00.000Z,COLA,X,variation,channel,13190.629234051368,nT
2026-03-24T04:26:00.000Z,COLA,X,variation,channel,13184.638239447348,nT
2026-03-24T04:27:00.000Z,COLA,X,variation,channel,13167.561469251274,nT
2026-03-24T04:28:00.000Z,COLA,X,variation,channel,13167.294142537812,nT
2026-03-24T04:29:00.000Z,COLA,X,variation,channel,13177.128104792962,nT
2026-03-24T04:30:00.000Z,COLA,X,variation,channel,13177.858178238075,nT
2026-03-24T04:31:00.000Z,COLA,X,variation,channel,13170.2626150931,nT
2026-03-24T04:32:00.000Z,COLA,X,variation,channel,13167.75661626982,nT
2026-03-24T04:33:00.000Z,COLA,X,variation,channel,13165.866920501057,nT
2026-03-24T04:34:00.000Z,COLA,X,variation,channel,13175.510224562435,nT
2026-03-24T04:35:00.000Z,COLA,X,variation,channel,13186.402069980264,nT
2026-03-24T04:36:00.000Z,COLA,X,variation,channel,13202.570531642334,nT
2026-03-24T04:37:00.000Z,COLA,X,variation,channel,13210.586557631168,nT
2026-03-24T04:38:00.000Z,COLA,X,variation,channel,13202.420212566218,nT
2026-03-24T04:39:00.000Z,COLA,X,variation,channel,13193.428133174179,nT
2026-03-24T04:40:00.000Z,COLA,X,variation,channel,13185.30050841315,nT
2026-03-24T04:41:00.000Z,COLA,X,variation,channel,13187.208782089327,nT
2026-03-24T04:42:00.000Z,COLA,X,variation,channel,13196.021319200594,nT
2026-03-24T04:43:00.000Z,COLA,X,variation,channel,13211.709948144166,nT
2026-03-24T04:44:00.000Z,COLA,X,variation,channel,13221.375334763516,nT
2026-03-24T04:45:00.000Z,COLA,X,variation,channel,13218.36403267418,nT
2026-03-24T04:46:00.000Z,COLA,X,variation,channel,13215.357748490338,nT
2026-03-24T04:47:00.000Z,COLA,X,variation,channel,13217.791251053482,nT
2026-03-24T04:48:00.000Z,COLA,X,variation,channel,13221.60175850158,nT
2026-03-24T04:49:00.000Z,COLA,X,variation,channel,13220.628426999856,nT
2026-03-24T04:50:00.000Z,COLA,X,variation,channel,13216.909780357337,nT
2026-03-24T04:51:00.000Z,COLA,X,variation,channel,13208.62560297529,nT
2026-03-24T04:52:00.000Z,COLA,X,variation,channel,13199.364406342198,nT
2026-03-24T04:53:00.000Z,COLA,X,variation,channel,13193.1769501889,nT
2026-03-24T04:54:00.000Z,COLA,X,variation,channel,13193.403510304974,nT
2026-03-24T04:55:00.000Z,COLA,X,variation,channel,13205.531389941201,nT
2026-03-24T04:56:00.000Z,COLA,X,variation,channel,13218.33586177795,nT
2026-03-24T04:57:00.000Z,COLA,X,variation,channel,13225.298533775553,nT
2026-03-24T04:58:00.000Z,COLA,X,variation,channel,13233.475769367069,nT
2026-03-24T04:59:00.000Z,COLA,X,variation,channel,13233.10709029027,nT
2026-03-24T05:00:00.000Z,COLA,X,variation,channel,13235.916593234673,nT
2026-03-24T05:01:00.000Z,COLA,X,variation,channel,13234.91847414037,nT
2026-03-24T05:02:00.000Z,COLA,X,variation,channel,13232.183383356458,nT
2026-03-24T05:03:00.000Z,COLA,X,variation,channel,13225.971348452615,nT
2026-03-24T05:04:00.000Z,COLA,X,variation,channel,13224.53911313192,nT
2026-03-24T05:05:00.000Z,COLA,X,variation,channel,13224.763038753477,nT
2026-03-24T05:06:00.000Z,COLA,X,variation,channel,13229.485717973774,nT
2026-03-24T05:07:00.000Z,COLA,X,variation,channel,13239.340758012815,nT
2026-03-24T05:08:00.000Z,COLA,X,variation,channel,13244.86868698502,nT
2026-03-24T05:09:00.000Z,COLA,X,variation,channel,13254.657891434605,nT
2026-03-24T05:10:00.000Z,COLA,X,variation,channel,13253.903743877885,nT
2026-03-24T05:11:00.000Z,COLA,X,variation,channel,13252.213942914075,nT
2026-03-24T05:12:00.000Z,COLA,X,variation,channel,13259.189009106665,nT
2026-03-24T05:13:00.000Z,COLA,X,variation,channel,13270.433335319403,nT
2026-03-24T05:14:00.000Z,COLA,X,variation,channel,13277.339910620003,nT
2026-03-24T05:15:00.000Z,COLA,X,variation,channel,13274.753228332962,nT
2026-03-24T05:16:00.000Z,COLA,X,variation,channel,13274.303553083102,nT
2026-03-24T05:17:00.000Z,COLA,X,variation,channel,13287.323182761054,nT
2026-03-24T05:18:00.000Z,COLA,X,variation,channel,13292.415126899406,nT
2026-03-24T05:19:00.000Z,COLA,X,variation,channel,13297.05548702964,nT
2026-03-24T05:20:00.000Z,COLA,X,variation,channel,13308.34052987652,nT
2026-03-24T05:21:00.000Z,COLA,X,variation,channel,13314.339335755643,nT
2026-03-24T05:22:00.000Z,COLA,X,variation,channel,13316.767149899606,nT
2026-03-24T05:23:00.000Z,COLA,X,variation,channel,13322.840593769366,nT
2026-03-24T05:24:00.000Z,COLA,X,variation,channel,13328.095941634783,nT
2026-03-24T05:25:00.000Z,COLA,X,variation,channel,13339.76439396745,nT
2026-03-24T05:26:00.000Z,COLA,X,variation,channel,13344.089690138415,nT
2026-03-24T05:27:00.000Z,COLA,X,variation,channel,13347.962021977788,nT
2026-03-24T05:28:00.000Z,COLA,X,variation,channel,13347.509045888459,nT
2026-03-24T05:29:00.000Z,COLA,X,variation,channel,13348.191511765444,nT
2026-03-24T05:30:00.000Z,COLA,X,variation,channel,13357.30018529159,nT
2026-03-24T05:31:00.000Z,COLA,X,variation,channel,13369.592104542224,nT
2026-03-24T05:32:00.000Z,COLA,X,variation,channel,13372.99500279812,nT
2026-03-24T05:33:00.000Z,COLA,X,variation,channel,13374.134351378632,nT
2026-03-24T05:34:00.000Z,COLA,X,variation,channel,13366.5017866176,nT
2026-03-24T05:35:00.000Z,COLA,X,variation,channel,13361.220368520024,nT
2026-03-24T05:36:00.000Z,COLA,X,variation,channel,13359.236288022628,nT
2026-03-24T05:37:00.000Z,COLA,X,variation,channel,13358.785467525015,nT
2026-03-24T05:38:00.000Z,COLA,X,variation,channel,13361.487582618069,nT
2026-03-24T05:39:00.000Z,COLA,X,variation,channel,13369.918804446115,nT
2026-03-24T05:40:00.000Z,COLA,X,variation,channel,13379.700624684721,nT
2026-03-24T05:41:00.000Z,COLA,X,variation,channel,13384.671518617206,nT
2026-03-24T05:42:00.000Z,COLA,X,variation,channel,13385.089350460405,nT
2026-03-24T05:43:00.000Z,COLA,X,variation,channel,13369.613466321876,nT
2026-03-24T05:44:00.000Z,COLA,X,variation,channel,13355.451009626042,nT
2026-03-24T05:45:00.000Z,COLA,X,variation,channel,13350.237631695814,nT
2026-03-24T05:46:00.000Z,COLA,X,variation,channel,13352.65509435411,nT
2026-03-24T05:47:00.000Z,COLA,X,variation,channel,13346.686098295604,nT
2026-03-24T05:48:00.000Z,COLA,X,variation,channel,13348.887038443738,nT
2026-03-24T05:49:00.000Z,COLA,X,variation,channel,13355.156626386377,nT
2026-03-24T05:50:00.000Z,COLA,X,variation,channel,13350.771655843826,nT
2026-03-24T05:51:00.000Z,COLA,X,variation,channel,13341.33517282545,nT
2026-03-24T05:52:00.000Z,COLA,X,variation,channel,13340.96000923016,nT
2026-03-24T05:53:00.000Z,COLA,X,variation,channel,13353.981388809332,nT
2026-03-24T05:54:00.000Z,COLA,X,variation,channel,13363.713076607492,nT
2026-03-24T05:55:00.000Z,COLA,X,variation,channel,13382.415464681324,nT
2026-03-24T05:56:00.000Z,COLA,X,variation,channel,13395.910089701434,nT
2026-03-24T05:57:00.000Z,COLA,X,variation,channel,13407.016872642476,nT
2026-03-24T05:58:00.000Z,COLA,X,variation,channel,13403.847923167834,nT
2026-03-24T05:59:00.000Z,COLA,X,variation,channel,13382.238157769232,nT
2026-03-24T06:00:00.000Z,COLA,X,variation,channel,13365.22076008651,nT
2026-03-24T06:01:00.000Z,COLA,X,variation,channel,13352.827642702836,nT
2026-03-24T06:02:00.000Z,COLA,X,variation,channel,13360.369292455533,nT
2026-03-24T06:03:00.000Z,COLA,X,variation,channel,13347.390785734928,nT
2026-03-24T06:04:00.000Z,COLA,X,variation,channel,13314.130045360931,nT
2026-03-24T06:05:00.000Z,COLA,X,variation,channel,13299.450201555639,nT
2026-03-24T06:06:00.000Z,COLA,X,variation,channel,13297.555989098122,nT
2026-03-24T06:07:00.000Z,COLA,X,variation,channel,13294.827151765929,nT
2026-03-24T06:08:00.000Z,COLA,X,variation,channel,13295.812018277378,nT
2026-03-24T06:09:00.000Z,COLA,X,variation,channel,13276.452920199,nT
2026-03-24T06:10:00.000Z,COLA,X,variation,channel,13268.880190156657,nT
2026-03-24T06:11:00.000Z,COLA,X,variation,channel,13287.936343073898,nT
2026-03-24T06:12:00.000Z,COLA,X,variation,channel,13308.947023394549,nT
2026-03-24T06:13:00.000Z,COLA,X,variation,channel,13365.639935017976,nT
2026-03-24T06:14:00.000Z,COLA,X,variation,channel,13289.029863428894,nT
2026-03-24T06:15:00.000Z,COLA,X,variation,channel,13205.43776744114,nT
2026-03-24T06:16:00.000Z,COLA,X,variation,channel,13192.179727329894,nT
2026-03-24T06:17:00.000Z,COLA,X,variation,channel,13183.392848741076,nT
2026-03-24T06:18:00.000Z,COLA,X,variation,channel,13164.80758682474,nT
2026-03-24T06:19:00.000Z,COLA,X,variation,channel,13146.938406918853,nT
2026-03-24T06:20:00.000Z,COLA,X,variation,channel,13149.834550603004,nT
2026-03-24T06:21:00.000Z,COLA,X,variation,channel,13172.383212040282,nT
2026-03-24T06:22:00.000Z,COLA,X,variation,channel,13190.353674096952,nT
2026-03-24T06:23:00.000Z,COLA,X,variation,channel,13211.085996290307,nT
2026-03-24T06:24:00.000Z,COLA,X,variation,channel,13240.964247078757,nT
2026-03-24T06:25:00.000Z,COLA,X,variation,channel,13265.861069355738,nT
2026-03-24T06:26:00.000Z,COLA,X,variation,channel,13277.274106472987,nT
2026-03-24T06:27:00.000Z,COLA,X,variation,channel,13287.442055855592,nT
2026-03-24T06:28:00.000Z,COLA,X,variation,channel,13299.937540122957,nT
2026-03-24T06:29:00.000Z,COLA,X,variation,channel,13328.182367919073,nT
2026-03-24T06:30:00.000Z,COLA,X,variation,channel,13332.858521278586,nT
2026-03-24T06:31:00.000Z,COLA,X,variation,channel,13296.624866421842,nT
2026-03-24T06:32:00.000Z,COLA,X,variation,channel,13223.511248009614,nT
2026-03-24T06:33:00.000Z,COLA,X,variation,channel,13245.529839929775,nT
2026-03-24T06:34:00.000Z,COLA,X,variation,channel,13310.283761182087,nT
2026-03-24T06:35:00.000Z,COLA,X,variation,channel,13337.738787190907,nT
2026-03-24T06:36:00.000Z,COLA,X,variation,channel,13271.353116947434,nT
2026-03-24T06:37:00.000Z,COLA,X,variation,channel,13226.199699727513,nT
2026-03-24T06:38:00.000Z,COLA,X,variation,channel,13223.930448589566,nT
2026-03-24T06:39:00.000Z,COLA,X,variation,channel,13130.368069307646,nT
2026-03-24T06:40:00.000Z,COLA,X,variation,channel,13044.029161827095,nT
2026-03-24T06:41:00.000Z,COLA,X,variation,channel,13012.455216555554,nT
2026-03-24T06:42:00.000Z,COLA,X,variation,channel,12977.455006345677,nT
2026-03-24T06:43:00.000Z,COLA,X,variation,channel,13008.632764985196,nT
2026-03-24T06:44:00.000Z,COLA,X,variation,channel,13033.732721479017,nT
2026-03-24T06:45:00.000Z,COLA,X,variation,channel,13049.672960056225,nT
2026-03-24T06:46:00.000Z,COLA,X,variation,channel,13056.737432773705,nT
2026-03-24T06:47:00.000Z,COLA,X,variation,channel,13052.564041454125,nT
2026-03-24T06:48:00.000Z,COLA,X,variation,channel,13040.372034276847,nT
2026-03-24T06:49:00.000Z,COLA,X,variation,channel,13032.397563751647,nT
2026-03-24T06:50:00.000Z,COLA,X,variation,channel,13023.727126482878,nT
2026-03-24T06:51:00.000Z,COLA,X,variation,channel,13031.319085463307,nT
2026-03-24T06:52:00.000Z,COLA,X,variation,channel,13069.82936329806,nT
2026-03-24T06:53:00.000Z,COLA,X,variation,channel,13099.066816476165,nT
2026-03-24T06:54:00.000Z,COLA,X,variation,channel,13103.026828605747,nT
2026-03-24T06:55:00.000Z,COLA,X,variation,channel,13111.280019595977,nT
2026-03-24T06:56:00.000Z,COLA,X,variation,channel,13141.895550523921,nT
2026-03-24T06:57:00.000Z,COLA,X,variation,channel,13187.36721120977,nT
2026-03-24T06:58:00.000Z,COLA,X,variation,channel,13237.450660843522,nT
2026-03-24T06:59:00.000Z,COLA,X,variation,channel,13284.85832123518,nT
2026-03-24T07:00:00.000Z,COLA,X,variation,channel,13281.298524470449,nT
2026-03-24T07:01:00.000Z,COLA,X,variation,channel,13286.75205109296,nT
2026-03-24T07:02:00.000Z,COLA,X,variation,channel,13274.95115924742,nT
2026-03-24T07:03:00.000Z,COLA,X,variation,channel,13281.481798135153,nT
2026-03-24T07:04:00.000Z,COLA,X,variation,channel,13289.796387672432,nT
2026-03-24T07:05:00.000Z,COLA,X,variation,channel,13319.311590773166,nT
2026-03-24T07:06:00.000Z,COLA,X,variation,channel,13321.97053272257,nT
2026-03-24T07:07:00.000Z,COLA,X,variation,channel,13325.610760849011,nT
2026-03-24T07:08:00.000Z,COLA,X,variation,channel,13294.288298951904,nT
2026-03-24T07:09:00.000Z,COLA,X,variation,channel,13271.04146715355,nT
2026-03-24T07:10:00.000Z,COLA,X,variation,channel,13254.359925002544,nT
2026-03-24T07:11:00.000Z,COLA,X,variation,channel,13228.548086634315,nT
2026-03-24T07:12:00.000Z,COLA,X,variation,channel,13242.853891278615,nT
2026-03-24T07:13:00.000Z,COLA,X,variation,channel,13188.033183870619,nT
2026-03-24T07:14:00.000Z,COLA,X,variation,channel,13167.600012208342,nT
2026-03-24T07:15:00.000Z,COLA,X,variation,channel,13140.433579142042,nT
2026-03-24T07:16:00.000Z,COLA,X,variation,channel,13153.883692997966,nT
2026-03-24T07:17:00.000Z,COLA,X,variation,channel,13170.604814602293,nT
2026-03-24T07:18:00.000Z,COLA,X,variation,channel,13120.864695525806,nT
2026-03-24T07:19:00.000Z,COLA,X,variation,channel,13093.32840597141,nT
2026-03-24T07:20:00.000Z,COLA,X,variation,channel,13088.002184483867,nT
2026-03-24T07:21:00.000Z,COLA,X,variation,channel,13069.817794543225,nT
2026-03-24T07:22:00.000Z,COLA,X,variation,channel,13010.224951642467,nT
2026-03-24T07:23:00.000Z,COLA,X,variation,channel,13008.16055782296,nT
2026-03-24T07:24:00.000Z,COLA,X,variation,channel,12992.553925933269,nT
2026-03-24T07:25:00.000Z,COLA,X,variation,channel,12982.372643307262,nT
2026-03-24T07:26:00.000Z,COLA,X,variation,channel,13005.008988375334,nT
2026-03-24T07:27:00.000Z,COLA,X,variation,channel,13090.042195876902,nT
2026-03-24T07:28:00.000Z,COLA,X,variation,channel,13136.96066281615,nT
2026-03-24T07:29:00.000Z,COLA,X,variation,channel,13173.632730131045,nT
2026-03-24T07:30:00.000Z,COLA,X,variation,channel,13129.872250395696,nT
2026-03-24T07:31:00.000Z,COLA,X,variation,channel,13097.012003084088,nT
2026-03-24T07:32:00.000Z,COLA,X,variation,channel,13067.654095585478,nT
2026-03-24T07:33:00.000Z,COLA,X,variation,channel,13059.73097541844,nT
2026-03-24T07:34:00.000Z,COLA,X,variation,channel,13064.148803268035,nT
2026-03-24T07:35:00.000Z,COLA,X,variation,channel,13095.388678411256,nT
2026-03-24T07:36:00.000Z,COLA,X,variation,channel,13132.36999740983,nT
2026-03-24T07:37:00.000Z,COLA,X,variation,channel,13174.739709351496,nT
2026-03-24T07:38:00.000Z,COLA,X,variation,channel,13164.667143613062,nT
2026-03-24T07:39:00.000Z,COLA,X,variation,channel,13168.676699892305,nT
2026-03-24T07:40:00.000Z,COLA,X,variation,channel,13176.19165179827,nT
2026-03-24T07:41:00.000Z,COLA,X,variation,channel,13158.040380989776,nT
2026-03-24T07:42:00.000Z,COLA,X,variation,channel,13140.7836322566,nT
2026-03-24T07:43:00.000Z,COLA,X,variation,channel,13116.970306676565,nT
2026-03-24T07:44:00.000Z,COLA,X,variation,channel,13084.230966620242,nT
2026-03-24T07:45:00.000Z,COLA,X,variation,channel,13038.987190733156,nT
2026-03-24T07:46:00.000Z,COLA,X,variation,channel,13035.250546630265,nT
2026-03-24T07:47:00.000Z,COLA,X,variation,channel,13030.4922821854,nT
2026-03-24T07:48:00.000Z,COLA,X,variation,channel,13057.591952487519,nT
2026-03-24T07:49:00.000Z,COLA,X,variation,channel,13031.486748213263,nT
2026-03-24T07:50:00.000Z,COLA,X,variation,channel,12980.885554700248,nT
2026-03-24T07:51:00.000Z,COLA,X,variation,channel,12968.02730022904,nT
2026-03-24T07:52:00.000Z,COLA,X,variation,channel,12952.601950272248,nT
2026-03-24T07:53:00.000Z,COLA,X,variation,channel,12932.094353684408,nT
2026-03-24T07:54:00.000Z,COLA,X,variation,channel,12921.404843673108,nT
2026-03-24T07:55:00.000Z,COLA,X,variation,channel,12932.83833998743,nT
2026-03-24T07:56:00.000Z,COLA,X,variation,channel,12977.35245713527,nT
2026-03-24T07:57:00.000Z,COLA,X,variation,channel,13027.192963514215,nT
2026-03-24T07:58:00.000Z,COLA,X,variation,channel,13069.098158134375,nT
2026-03-24T07:59:00.000Z,COLA,X,variation,channel,13074.472051488461,nT
2026-03-24T08:00:00.000Z,COLA,X,variation,channel,13080.563923125297,nT
2026-03-24T08:01:00.000Z,COLA,X,variation,channel,13072.100508857442,nT
2026-03-24T08:02:00.000Z,COLA,X,variation,channel,13154.91452675646,nT
2026-03-24T08:03:00.000Z,COLA,X,variation,channel,13233.145875024364,nT
2026-03-24T08:04:00.000Z,COLA,X,variation,channel,13285.538698305383,nT
2026-03-24T08:05:00.000Z,COLA,X,variation,channel,13279.57915464705,nT
2026-03-24T08:06:00.000Z,COLA,X,variation,channel,13278.521991365304,nT
2026-03-24T08:07:00.000Z,COLA,X,variation,channel,13184.645770343464,nT
2026-03-24T08:08:00.000Z,COLA,X,variation,channel,13174.143071804076,nT
2026-03-24T08:09:00.000Z,COLA,X,variation,channel,13210.785290241192,nT
2026-03-24T08:10:00.000Z,COLA,X,variation,channel,13236.473206925173,nT
2026-03-24T08:11:00.000Z,COLA,X,variation,channel,13300.680556165988,nT
2026-03-24T08:12:00.000Z,COLA,X,variation,channel,13299.971899445101,nT
2026-03-24T08:13:00.000Z,COLA,X,variation,channel,13270.049914268408,nT
2026-03-24T08:14:00.000Z,COLA,X,variation,channel,13299.06124560707,nT
2026-03-24T08:15:00.000Z,COLA,X,variation,channel,13355.026768061423,nT
2026-03-24T08:16:00.000Z,COLA,X,variation,channel,13395.704939678628,nT
2026-03-24T08:17:00.000Z,COLA,X,variation,channel,13401.027766251098,nT
2026-03-24T08:18:00.000Z,COLA,X,variation,channel,13364.526621559304,nT
2026-03-24T08:19:00.000Z,COLA,X,variation,channel,13310.364637529177,nT
2026-03-24T08:20:00.000Z,COLA,X,variation,channel,13270.903770217388,nT
2026-03-24T08:21:00.000Z,COLA,X,variation,channel,13233.559819574733,nT
2026-03-24T08:22:00.000Z,COLA,X,variation,channel,13223.221246887728,nT
2026-03-24T08:23:00.000Z,COLA,X,variation,channel,13201.34732292127,nT
2026-03-24T08:24:00.000Z,COLA,X,variation,channel,13180.820204886828,nT
2026-03-24T08:25:00.000Z,COLA,X,variation,channel,13165.730471636714,nT
2026-03-24T08:26:00.000Z,COLA,X,variation,channel,13168.873861181171,nT
2026-03-24T08:27:00.000Z,COLA,X,variation,channel,13198.04361871774,nT
2026-03-24T08:28:00.000Z,COLA,X,variation,channel,13182.935971638346,nT
2026-03-24T08:29:00.000Z,COLA,X,variation,channel,13159.783684304692,nT
2026-03-24T08:30:00.000Z,COLA,X,variation,channel,13134.8977327368,nT
2026-03-24T08:31:00.000Z,COLA,X,variation,channel,13139.158110067705,nT
2026-03-24T08:32:00.000Z,COLA,X,variation,channel,13156.991501420685,nT
2026-03-24T08:33:00.000Z,COLA,X,variation,channel,13140.98757325479,nT
2026-03-24T08:34:00.000Z,COLA,X,variation,channel,13121.368468946843,nT
2026-03-24T08:35:00.000Z,COLA,X,variation,channel,13111.717678413035,nT
2026-03-24T08:36:00.000Z,COLA,X,variation,channel,13116.397921780821,nT
2026-03-24T08:37:00.000Z,COLA,X,variation,channel,13141.30412150154,nT
2026-03-24T08:38:00.000Z,COLA,X,variation,channel,13167.2377299612,nT
2026-03-24T08:39:00.000Z,COLA,X,variation,channel,13172.760927733045,nT
2026-03-24T08:40:00.000Z,COLA,X,variation,channel,13168.989369370056,nT
2026-03-24T08:41:00.000Z,COLA,X,variation,channel,13166.94336968428,nT
2026-03-24T08:42:00.000Z,COLA,X,variation,channel,13158.774788512694,nT
2026-03-24T08:43:00.000Z,COLA,X,variation,channel,13154.247326344115,nT
2026-03-24T08:44:00.000Z,COLA,X,variation,channel,13155.84629150334,nT
2026-03-24T08:45:00.000Z,COLA,X,variation,channel,13166.40026986267,nT
2026-03-24T08:46:00.000Z,COLA,X,variation,channel,13154.75144502627,nT
2026-03-24T08:47:00.000Z,COLA,X,variation,channel,13130.643282994088,nT
2026-03-24T08:48:00.000Z,COLA,X,variation,channel,13149.65373683008,nT
2026-03-24T08:49:00.000Z,COLA,X,variation,channel,13175.045902941103,nT
2026-03-24T08:50:00.000Z,COLA,X,variation,channel,13170.078197292216,nT
2026-03-24T08:51:00.000Z,COLA,X,variation,channel,13151.522123628625,nT
2026-03-24T08:52:00.000Z,COLA,X,variation,channel,13134.218912846423,nT
2026-03-24T08:53:00.000Z,COLA,X,variation,channel,13129.538577625044,nT
2026-03-24T08:54:00.000Z,COLA,X,variation,channel,13126.04080246321,nT
2026-03-24T08:55:00.000Z,COLA,X,variation,channel,13148.504685206013,nT
2026-03-24T08:56:00.000Z,COLA,X,variation,channel,13169.637303631936,nT
2026-03-24T08:57:00.000Z,COLA,X,variation,channel,13180.574034888441,nT
2026-03-24T08:58:00.000Z,COLA,X,variation,channel,13199.043180781006,nT
2026-03-24T08:59:00.000Z,COLA,X,variation,channel,13212.449197505484,nT
2026-03-24T09:00:00.000Z,COLA,X,variation,channel,13222.310991287452,nT
2026-03-24T09:01:00.000Z,COLA,X,variation,channel,13234.346016820888,nT
2026-03-24T09:02:00.000Z,COLA,X,variation,channel,13242.49836383994,nT
2026-03-24T09:03:00.000Z,COLA,X,variation,channel,13249.134502241079,nT
2026-03-24T09:04:00.000Z,COLA,X,variation,channel,13269.737367343077,nT
2026-03-24T09:05:00.000Z,COLA,X,variation,channel,13261.609300298902,nT
2026-03-24T09:06:00.000Z,COLA,X,variation,channel,13235.52205348487,nT
2026-03-24T09:07:00.000Z,COLA,X,variation,channel,13214.642823323342,nT
2026-03-24T09:08:00.000Z,COLA,X,variation,channel,13197.474126649477,nT
2026-03-24T09:09:00.000Z,COLA,X,variation,channel,13194.319064778765,nT
2026-03-24T09:10:00.000Z,COLA,X,variation,channel,13201.973334080943,nT
2026-03-24T09:11:00.000Z,COLA,X,variation,channel,13210.446434366962,nT
2026-03-24T09:12:00.000Z,COLA,X,variation,channel,13209.130697383343,nT
2026-03-24T09:13:00.000Z,COLA,X,variation,channel,13196.927067108365,nT
2026-03-24T09:14:00.000Z,COLA,X,variation,channel,13184.33028632501,nT
2026-03-24T09:15:00.000Z,COLA,X,variation,channel,13172.307794336937,nT
2026-03-24T09:16:00.000Z,COLA,X,variation,channel,13153.469025126024,nT
2026-03-24T09:17:00.000Z,COLA,X,variation,channel,13148.184086487214,nT
2026-03-24T09:18:00.000Z,COLA,X,variation,channel,13146.536275223076,nT
2026-03-24T09:19:00.000Z,COLA,X,variation,channel,13158.996302872196,nT
2026-03-24T09:20:00.000Z,COLA,X,variation,channel,13182.13389345733,nT
2026-03-24T09:21:00.000Z,COLA,X,variation,channel,13188.49725151508,nT
2026-03-24T09:22:00.000Z,COLA,X,variation,channel,13185.402153140449,nT
2026-03-24T09:23:00.000Z,COLA,X,variation,channel,13111.282895731356,nT
2026-03-24T09:24:00.000Z,COLA,X,variation,channel,13106.989297318694,nT
2026-03-24T09:25:00.000Z,COLA,X,variation,channel,13110.236881563307,nT
2026-03-24T09:26:00.000Z,COLA,X,variation,channel,13036.153947777562,nT
2026-03-24T09:27:00.000Z,COLA,X,variation,channel,12982.131372904765,nT
2026-03-24T09:28:00.000Z,COLA,X,variation,channel,12980.783625216423,nT
2026-03-24T09:29:00.000Z,COLA,X,variation,channel,13005.979907464542,nT
2026-03-24T09:30:00.000Z,COLA,X,variation,channel,13050.891371025325,nT
2026-03-24T09:31:00.000Z,COLA,X,variation,channel,13077.70118259318,nT
2026-03-24T09:32:00.000Z,COLA,X,variation,channel,13070.65036675721,nT
2026-03-24T09:33:00.000Z,COLA,X,variation,channel,13044.676409227479,nT
2026-03-24T09:34:00.000Z,COLA,X,variation,channel,12987.059235460127,nT
2026-03-24T09:35:00.000Z,COLA,X,variation,channel,12937.840787187859,nT
2026-03-24T09:36:00.000Z,COLA,X,variation,channel,12872.978199058532,nT
2026-03-24T09:37:00.000Z,COLA,X,variation,channel,12828.119917447542,nT
2026-03-24T09:38:00.000Z,COLA,X,variation,channel,12802.421433306805,nT
2026-03-24T09:39:00.000Z,COLA,X,variation,channel,12814.009506995493,nT
2026-03-24T09:40:00.000Z,COLA,X,variation,channel,12858.07594050112,nT
2026-03-24T09:41:00.000Z,COLA,X,variation,channel,12895.18217899029,nT
2026-03-24T09:42:00.000Z,COLA,X,variation,channel,12867.720430536472,nT
2026-03-24T09:43:00.000Z,COLA,X,variation,channel,12874.944049165912,nT
2026-03-24T09:44:00.000Z,COLA,X,variation,channel,12878.940253297713,nT
2026-03-24T09:45:00.000Z,COLA,X,variation,channel,12898.576595341643,nT
2026-03-24T09:46:00.000Z,COLA,X,variation,channel,12943.579070249021,nT
2026-03-24T09:47:00.000Z,COLA,X,variation,channel,12974.966130345061,nT
2026-03-24T09:48:00.000Z,COLA,X,variation,channel,12914.02762614245,nT
2026-03-24T09:49:00.000Z,COLA,X,variation,channel,12844.492168952804,nT
2026-03-24T09:50:00.000Z,COLA,X,variation,channel,12830.89146866775,nT
2026-03-24T09:51:00.000Z,COLA,X,variation,channel,12836.809305967554,nT
2026-03-24T09:52:00.000Z,COLA,X,variation,channel,12824.273461968374,nT
2026-03-24T09:53:00.000Z,COLA,X,variation,channel,12833.559670181992,nT
2026-03-24T09:54:00.000Z,COLA,X,variation,channel,12852.409770521264,nT
2026-03-24T09:55:00.000Z,COLA,X,variation,channel,12867.935209324442,nT
2026-03-24T09:56:00.000Z,COLA,X,variation,channel,12882.805346044033,nT
2026-03-24T09:57:00.000Z,COLA,X,variation,channel,12901.225135174822,nT
2026-03-24T09:58:00.000Z,COLA,X,variation,channel,12917.483290586548,nT
2026-03-24T09:59:00.000Z,COLA,X,variation,channel,12933.22476285455,nT
2026-03-24T10:00:00.000Z,COLA,X,variation,channel,12950.32554816209,nT
2026-03-24T10:01:00.000Z,COLA,X,variation,channel,12971.89136211171,nT
2026-03-24T10:02:00.000Z,COLA,X,variation,channel,12985.459534087657,nT
2026-03-24T10:03:00.000Z,COLA,X,variation,channel,13002.574560920395,nT
2026-03-24T10:04:00.000Z,COLA,X,variation,channel,13016.64954335987,nT
2026-03-24T10:05:00.000Z,COLA,X,variation,channel,13026.471275068867,nT
2026-03-24T10:06:00.000Z,COLA,X,variation,channel,13028.75723954019,nT
2026-03-24T10:07:00.000Z,COLA,X,variation,channel,13026.512482654452,nT
2026-03-24T10:08:00.000Z,COLA,X,variation,channel,13038.201278014894,nT
2026-03-24T10:09:00.000Z,COLA,X,variation,channel,13021.46080039595,nT
2026-03-24T10:10:00.000Z,COLA,X,variation,channel,13012.148721755766,nT
2026-03-24T10:11:00.000Z,COLA,X,variation,channel,12962.744794146096,nT
2026-03-24T10:12:00.000Z,COLA,X,variation,channel,12906.548819915824,nT
2026-03-24T10:13:00.000Z,COLA,X,variation,channel,12902.982541596402,nT
2026-03-24T10:14:00.000Z,COLA,X,variation,channel,12923.449358294683,nT
2026-03-24T10:15:00.000Z,COLA,X,variation,channel,12923.22986795941,nT
2026-03-24T10:16:00.000Z,COLA,X,variation,channel,12953.585235912027,nT
2026-03-24T10:17:00.000Z,COLA,X,variation,channel,13020.23782297959,nT
2026-03-24T10:18:00.000Z,COLA,X,variation,channel,13066.968680384054,nT
2026-03-24T10:19:00.000Z,COLA,X,variation,channel,13108.901881898259,nT
2026-03-24T10:20:00.000Z,COLA,X,variation,channel,13110.42484081874,nT
2026-03-24T10:21:00.000Z,COLA,X,variation,channel,13098.945589507317,nT
2026-03-24T10:22:00.000Z,COLA,X,variation,channel,13134.06961935152,nT
2026-03-24T10:23:00.000Z,COLA,X,variation,channel,13165.009870112324,nT
2026-03-24T10:24:00.000Z,COLA,X,variation,channel,13175.222142193385,nT
2026-03-24T10:25:00.000Z,COLA,X,variation,channel,13225.825249008718,nT
2026-03-24T10:26:00.000Z,COLA,X,variation,channel,13226.264017131747,nT
2026-03-24T10:27:00.000Z,COLA,X,variation,channel,13202.811297253471,nT
2026-03-24T10:28:00.000Z,COLA,X,variation,channel,13210.319430174646,nT
2026-03-24T10:29:00.000Z,COLA,X,variation,channel,13203.890969722179,nT
2026-03-24T10:30:00.000Z,COLA,X,variation,channel,13207.000304783855,nT
2026-03-24T10:31:00.000Z,COLA,X,variation,channel,13223.037741713058,nT
2026-03-24T10:32:00.000Z,COLA,X,variation,channel,13207.208908367706,nT
2026-03-24T10:33:00.000Z,COLA,X,variation,channel,13174.149422745553,nT
2026-03-24T10:34:00.000Z,COLA,X,variation,channel,13172.164307674848,nT
2026-03-24T10:35:00.000Z,COLA,X,variation,channel,13180.898186194428,nT
2026-03-24T10:36:00.000Z,COLA,X,variation,channel,13156.835200187636,nT
2026-03-24T10:37:00.000Z,COLA,X,variation,channel,13141.715102393122,nT
2026-03-24T10:38:00.000Z,COLA,X,variation,channel,13120.247961011502,nT
2026-03-24T10:39:00.000Z,COLA,X,variation,channel,13112.634989478829,nT
2026-03-24T10:40:00.000Z,COLA,X,variation,channel,13110.755476903154,nT
2026-03-24T10:41:00.000Z,COLA,X,variation,channel,13098.796612588512,nT
2026-03-24T10:42:00.000Z,COLA,X,variation,channel,13085.893264355023,nT
2026-03-24T10:43:00.000Z,COLA,X,variation,channel,13078.156993358964,nT
2026-03-24T10:44:00.000Z,COLA,X,variation,channel,13070.714883141947,nT
2026-03-24T10:45:00.000Z,COLA,X,variation,channel,13081.498954862416,nT
2026-03-24T10:46:00.000Z,COLA,X,variation,channel,13097.803910601706,nT
2026-03-24T10:47:00.000Z,COLA,X,variation,channel,13117.605124688049,nT
2026-03-24T10:48:00.000Z,COLA,X,variation,channel,13135.57362494872,nT
2026-03-24T10:49:00.000Z,COLA,X,variation,channel,13151.390566658692,nT
2026-03-24T10:50:00.000Z,COLA,X,variation,channel,13147.826596283458,nT
2026-03-24T10:51:00.000Z,COLA,X,variation,channel,13139.778134526561,nT
2026-03-24T10:52:00.000Z,COLA,X,variation,channel,13139.682013988813,nT
2026-03-24T10:53:00.000Z,COLA,X,variation,channel,13126.956439349497,nT
2026-03-24T10:54:00.000Z,COLA,X,variation,channel,13119.35097828726,nT
2026-03-24T10:55:00.000Z,COLA,X,variation,channel,13121.268973111824,nT
2026-03-24T10:56:00.000Z,COLA,X,variation,channel,13119.65010441138,nT
2026-03-24T10:57:00.000Z,COLA,X,variation,channel,13111.95748036607,nT
2026-03-24T10:58:00.000Z,COLA,X,variation,channel,13111.541261649492,nT
2026-03-24T10:59:00.000Z,COLA,X,variation,channel,13109.92978735021,nT
2026-03-24T11:00:00.000Z,COLA,X,variation,channel,13083.016408921261,nT
2026-03-24T11:01:00.000Z,COLA,X,variation,channel,13121.35305247981,nT
2026-03-24T11:02:00.000Z,COLA,X,variation,channel,13066.945252528392,nT
2026-03-24T11:03:00.000Z,COLA,X,variation,channel,13094.641228868108,nT
2026-03-24T11:04:00.000Z,COLA,X,variation,channel,13102.646513920161,nT
2026-03-24T11:05:00.000Z,COLA,X,variation,channel,13103.310099031458,nT
2026-03-24T11:06:00.000Z,COLA,X,variation,channel,13121.01097233258,nT
2026-03-24T11:07:00.000Z,COLA,X,variation,channel,13083.221982995196,nT
2026-03-24T11:08:00.000Z,COLA,X,variation,channel,13042.001874514563,nT
2026-03-24T11:09:00.000Z,COLA,X,variation,channel,12992.091686374411,nT
2026-03-24T11:10:00.000Z,COLA,X,variation,channel,13021.698945639078,nT
2026-03-24T11:11:00.000Z,COLA,X,variation,channel,13051.112584752906,nT
2026-03-24T11:12:00.000Z,COLA,X,variation,channel,13127.328740712592,nT
2026-03-24T11:13:00.000Z,COLA,X,variation,channel,13179.383833755597,nT
2026-03-24T11:14:00.000Z,COLA,X,variation,channel,13178.148339684569,nT
2026-03-24T11:15:00.000Z,COLA,X,variation,channel,13176.243603088007,nT
2026-03-24T11:16:00.000Z,COLA,X,variation,channel,13186.742342148724,nT
2026-03-24T11:17:00.000Z,COLA,X,variation,channel,13197.101277893651,nT
2026-03-24T11:18:00.000Z,COLA,X,variation,channel,13194.810257650737,nT
2026-03-24T11:19:00.000Z,COLA,X,variation,channel,13171.620196571937,nT
2026-03-24T11:20:00.000Z,COLA,X,variation,channel,13129.510072500789,nT
2026-03-24T11:21:00.000Z,COLA,X,variation,channel,13142.197899963761,nT
2026-03-24T11:22:00.000Z,COLA,X,variation,channel,13178.387348931412,nT
2026-03-24T11:23:00.000Z,COLA,X,variation,channel,13159.920532920856,nT
2026-03-24T11:24:00.000Z,COLA,X,variation,channel,13089.025220629135,nT
2026-03-24T11:25:00.000Z,COLA,X,variation,channel,13051.61214277285,nT
2026-03-24T11:26:00.000Z,COLA,X,variation,channel,13080.68192147928,nT
2026-03-24T11:27:00.000Z,COLA,X,variation,channel,13054.450039465853,nT
2026-03-24T11:28:00.000Z,COLA,X,variation,channel,13016.94176413726,nT
2026-03-24T11:29:00.000Z,COLA,X,variation,channel,13011.047791929495,nT
2026-03-24T11:30:00.000Z,COLA,X,variation,channel,13006.123141184013,nT
2026-03-24T11:31:00.000Z,COLA,X,variation,channel,12946.624684947592,nT
2026-03-24T11:32:00.000Z,COLA,X,variation,channel,12948.713570302267,nT
2026-03-24T11:33:00.000Z,COLA,X,variation,channel,12949.829332940566,nT
2026-03-24T11:34:00.000Z,COLA,X,variation,channel,13031.600449195024,nT
2026-03-24T11:35:00.000Z,COLA,X,variation,channel,13104.016738138213,nT
2026-03-24T11:36:00.000Z,COLA,X,variation,channel,13072.585314970636,nT
2026-03-24T11:37:00.000Z,COLA,X,variation,channel,13073.400113326632,nT
2026-03-24T11:38:00.000Z,COLA,X,variation,channel,13044.303838459939,nT
2026-03-24T11:39:00.000Z,COLA,X,variation,channel,12946.518912460611,nT
2026-03-24T11:40:00.000Z,COLA,X,variation,channel,12847.33261030804,nT
2026-03-24T11:41:00.000Z,COLA,X,variation,channel,12824.320404234004,nT
2026-03-24T11:42:00.000Z,COLA,X,variation,channel,12790.123682616497,nT
2026-03-24T11:43:00.000Z,COLA,X,variation,channel,12844.586866757641,nT
2026-03-24T11:44:00.000Z,COLA,X,variation,channel,12825.730224423949,nT
2026-03-24T11:45:00.000Z,COLA,X,variation,channel,12821.996948152917,nT
2026-03-24T11:46:00.000Z,COLA,X,variation,channel,12851.357593651663,nT
2026-03-24T11:47:00.000Z,COLA,X,variation,channel,12897.442330569549,nT
2026-03-24T11:48:00.000Z,COLA,X,variation,channel,12889.974930093565,nT
2026-03-24T11:49:00.000Z,COLA,X,variation,channel,12932.444800892581,nT
2026-03-24T11:50:00.000Z,COLA,X,variation,channel,13018.006554024796,nT
2026-03-24T11:51:00.000Z,COLA,X,variation,channel,12975.1636199621,nT
2026-03-24T11:52:00.000Z,COLA,X,variation,channel,12934.310745481805,nT
2026-03-24T11:53:00.000Z,COLA,X,variation,channel,12851.087140616384,nT
2026-03-24T11:54:00.000Z,COLA,X,variation,channel,12837.952538154066,nT
2026-03-24T11:55:00.000Z,COLA,X,variation,channel,12847.531228641548,nT
2026-03-24T11:56:00.000Z,COLA,X,variation,channel,12845.137725699,nT
2026-03-24T11:57:00.000Z,COLA,X,variation,channel,12766.740098562705,nT
2026-03-24T11:58:00.000Z,COLA,X,variation,channel,12724.911442358223,nT
2026-03-24T11:59:00.000Z,COLA,X,variation,channel,12744.969837140126,nT
2026-03-24T12:00:00.000Z,COLA,X,variation,channel,12792.860669074682,nT
2026-03-24T12:01:00.000Z,COLA,X,variation,channel,12835.337268629328,nT
2026-03-24T12:02:00.000Z,COLA,X,variation,channel,12859.926815535091,nT
2026-03-24T12:03:00.000Z,COLA,X,variation,channel,12838.810661906162,nT
2026-03-24T12:04:00.000Z,COLA,X,variation,channel,12820.963703586138,nT
2026-03-24T12:05:00.000Z,COLA,X,variation,channel,12818.74538696195,nT
2026-03-24T12:06:00.000Z,COLA,X,variation,channel,12803.406623784265,nT
2026-03-24T12:07:00.000Z,COLA,X,variation,channel,12819.478984552166,nT
2026-03-24T12:08:00.000Z,COLA,X,variation,channel,12844.654145455375,nT
2026-03-24T12:09:00.000Z,COLA,X,variation,channel,12844.133275776465,nT
2026-03-24T12:10:00.000Z,COLA,X,variation,channel,12839.976554246081,nT
2026-03-24T12:11:00.000Z,COLA,X,variation,channel,12843.223380136382,nT
2026-03-24T12:12:00.000Z,COLA,X,variation,channel,12832.920543099593,nT
2026-03-24T12:13:00.000Z,COLA,X,variation,channel,12848.015130619526,nT
2026-03-24T12:14:00.000Z,COLA,X,variation,channel,12877.557172717023,nT
2026-03-24T12:15:00.000Z,COLA,X,variation,channel,12881.512005262035,nT
2026-03-24T12:16:00.000Z,COLA,X,variation,channel,12887.00423057306,nT
2026-03-24T12:17:00.000Z,COLA,X,variation,channel,12915.088209663727,nT
2026-03-24T12:18:00.000Z,COLA,X,variation,channel,12915.365986621608,nT
2026-03-24T12:19:00.000Z,COLA,X,variation,channel,12895.030500184877,nT
2026-03-24T12:20:00.000Z,COLA,X,variation,channel,12891.679299639718,nT
2026-03-24T12:21:00.000Z,COLA,X,variation,channel,12884.871669045608,nT
2026-03-24T12:22:00.000Z,COLA,X,variation,channel,12891.686783862886,nT
2026-03-24T12:23:00.000Z,COLA,X,variation,channel,12898.261642045509,nT
2026-03-24T12:24:00.000Z,COLA,X,variation,channel,12911.10413512356,nT
2026-03-24T12:25:00.000Z,COLA,X,variation,channel,12947.671745102549,nT
2026-03-24T12:26:00.000Z,COLA,X,variation,channel,12983.276827701571,nT
2026-03-24T12:27:00.000Z,COLA,X,variation,channel,13009.292207494178,nT
2026-03-24T12:28:00.000Z,COLA,X,variation,channel,13005.741794070917,nT
2026-03-24T12:29:00.000Z,COLA,X,variation,channel,12981.744548588671,nT
2026-03-24T12:30:00.000Z,COLA,X,variation,channel,12965.755397056875,nT
2026-03-24T12:31:00.000Z,COLA,X,variation,channel,12968.841378099163,nT
2026-03-24T12:32:00.000Z,COLA,X,variation,channel,13005.81747882692,nT
2026-03-24T12:33:00.000Z,COLA,X,variation,channel,13042.248928838302,nT
2026-03-24T12:34:00.000Z,COLA,X,variation,channel,13056.93636128428,nT
2026-03-24T12:35:00.000Z,COLA,X,variation,channel,13059.065148135718,nT
2026-03-24T12:36:00.000Z,COLA,X,variation,channel,13070.08986783684,nT
2026-03-24T12:37:00.000Z,COLA,X,variation,channel,13074.16647624558,nT
2026-03-24T12:38:00.000Z,COLA,X,variation,channel,13076.527435777423,nT
2026-03-24T12:39:00.000Z,COLA,X,variation,channel,13075.412240914373,nT
2026-03-24T12:40:00.000Z,COLA,X,variation,channel,13063.434208216759,nT
2026-03-24T12:41:00.000Z,COLA,X,variation,channel,13046.26215906437,nT
2026-03-24T12:42:00.000Z,COLA,X,variation,channel,13052.628150718003,nT
2026-03-24T12:43:00.000Z,COLA,X,variation,channel,13065.384340726758,nT
2026-03-24T12:44:00.000Z,COLA,X,variation,channel,13069.273424573046,nT
2026-03-24T12:45:00.000Z,COLA,X,variation,channel,13069.475811208307,nT
2026-03-24T12:46:00.000Z,COLA,X,variation,channel,13066.957319006611,nT
2026-03-24T12:47:00.000Z,COLA,X,variation,channel,13071.305407198797,nT
2026-03-24T12:48:00.000Z,COLA,X,variation,channel,13063.236098004765,nT
2026-03-24T12:49:00.000Z,COLA,X,variation,channel,13062.560129081,nT
2026-03-24T12:50:00.000Z,COLA,X,variation,channel,13062.15523689735,nT
2026-03-24T12:51:00.000Z,COLA,X,variation,channel,13064.58565090322,nT
2026-03-24T12:52:00.000Z,COLA,X,variation,channel,13061.9022600518,nT
2026-03-24T12:53:00.000Z,COLA,X,variation,channel,13061.1278208757,nT
2026-03-24T12:54:00.000Z,COLA,X,variation,channel,13045.84513327717,nT
2026-03-24T12:55:00.000Z,COLA,X,variation,channel,13041.743050484616,nT
2026-03-24T12:56:00.000Z,COLA,X,variation,channel,13038.117762481079,nT
2026-03-24T12:57:00.000Z,COLA,X,variation,channel,13027.087069186698,nT
2026-03-24T12:58:00.000Z,COLA,X,variation,channel,13023.798916824919,nT
2026-03-24T12:59:00.000Z,COLA,X,variation,channel,13011.6620117778,nT
2026-03-24T13:00:00.000Z,COLA,X,variation,channel,13009.107092153177,nT
2026-03-24T13:01:00.000Z,COLA,X,variation,channel,13012.103543659496,nT
2026-03-24T13:02:00.000Z,COLA,X,variation,channel,13006.286540746027,nT
2026-03-24T13:03:00.000Z,COLA,X,variation,channel,13007.414162328163,nT
2026-03-24T13:04:00.000Z,COLA,X,variation,channel,13009.666833474108,nT
2026-03-24T13:05:00.000Z,COLA,X,variation,channel,13018.513224938928,nT
2026-03-24T13:06:00.000Z,COLA,X,variation,channel,13018.04415827826,nT
2026-03-24T13:07:00.000Z,COLA,X,variation,channel,13016.077029392822,nT
2026-03-24T13:08:00.000Z,COLA,X,variation,channel,13022.882897312456,nT
2026-03-24T13:09:00.000Z,COLA,X,variation,channel,13033.5585477786,nT
2026-03-24T13:10:00.000Z,COLA,X,variation,channel,13039.500898719327,nT
2026-03-24T13:11:00.000Z,COLA,X,variation,channel,13038.677810914123,nT
2026-03-24T13:12:00.000Z,COLA,X,variation,channel,13025.682740133287,nT
2026-03-24T13:13:00.000Z,COLA,X,variation,channel,13019.901274385698,nT
2026-03-24T13:14:00.000Z,COLA,X,variation,channel,13017.515450592919,nT
2026-03-24T13:15:00.000Z,COLA,X,variation,channel,13017.423249988547,nT
2026-03-24T13:16:00.000Z,COLA,X,variation,channel,13026.066952198438,nT
2026-03-24T13:17:00.000Z,COLA,X,variation,channel,13031.020638863354,nT
2026-03-24T13:18:00.000Z,COLA,X,variation,channel,13030.87386717346,nT
2026-03-24T13:19:00.000Z,COLA,X,variation,channel,13035.039697921335,nT
2026-03-24T13:20:00.000Z,COLA,X,variation,channel,13042.85848209859,nT
2026-03-24T13:21:00.000Z,COLA,X,variation,channel,13034.622686079763,nT
2026-03-24T13:22:00.000Z,COLA,X,variation,channel,13023.877088747757,nT
2026-03-24T13:23:00.000Z,COLA,X,variation,channel,13022.798215170129,nT
2026-03-24T13:24:00.000Z,COLA,X,variation,channel,13022.471124041247,nT
2026-03-24T13:25:00.000Z,COLA,X,variation,channel,13024.07984569429,nT
2026-03-24T13:26:00.000Z,COLA,X,variation,channel,13024.030955346025,nT
2026-03-24T13:27:00.000Z,COLA,X,variation,channel,13005.235173841327,nT
2026-03-24T13:28:00.000Z,COLA,X,variation,channel,12998.692603979815,nT
2026-03-24T13:29:00.000Z,COLA,X,variation,channel,12990.703496717999,nT
2026-03-24T13:30:00.000Z,COLA,X,variation,channel,12989.03044742111,nT
2026-03-24T13:31:00.000Z,COLA,X,variation,channel,12988.862990778229,nT
2026-03-24T13:32:00.000Z,COLA,X,variation,channel,12985.934455894341,nT
2026-03-24T13:33:00.000Z,COLA,X,variation,channel,12986.571761832838,nT
2026-03-24T13:34:00.000Z,COLA,X,variation,channel,13002.974054132337,nT
2026-03-24T13:35:00.000Z,COLA,X,variation,channel,13021.219486724502,nT
2026-03-24T13:36:00.000Z,COLA,X,variation,channel,13030.945886844702,nT
2026-03-24T13:37:00.000Z,COLA,X,variation,channel,13028.305693139968,nT
2026-03-24T13:38:00.000Z,COLA,X,variation,channel,13029.120595413673,nT
2026-03-24T13:39:00.000Z,COLA,X,variation,channel,13039.162609009421,nT
2026-03-24T13:40:00.000Z,COLA,X,variation,channel,13042.88814728843,nT
2026-03-24T13:41:00.000Z,COLA,X,variation,channel,13052.675393570305,nT
2026-03-24T13:42:00.000Z,COLA,X,variation,channel,13070.707790258932,nT
2026-03-24T13:43:00.000Z,COLA,X,variation,channel,13065.11282909868,nT
2026-03-24T13:44:00.000Z,COLA,X,variation,channel,13063.052317002845,nT
2026-03-24T13:45:00.000Z,COLA,X,variation,channel,13058.761215785076,nT
2026-03-24T13:46:00.000Z,COLA,X,variation,channel,13047.790839017569,nT
2026-03-24T13:47:00.000Z,COLA,X,variation,channel,13024.437427673773,nT
2026-03-24T13:48:00.000Z,COLA,X,variation,channel,13019.186528846714,nT
2026-03-24T13:49:00.000Z,COLA,X,variation,channel,13032.20100799007,nT
2026-03-24T13:50:00.000Z,COLA,X,variation,channel,13034.031923614175,nT
2026-03-24T13:51:00.000Z,COLA,X,variation,channel,13024.426925726755,nT
2026-03-24T13:52:00.000Z,COLA,X,variation,channel,13000.86166373335,nT
2026-03-24T13:53:00.000Z,COLA,X,variation,channel,12989.717440145752,nT
2026-03-24T13:54:00.000Z,COLA,X,variation,channel,13001.597520145107,nT
2026-03-24T13:55:00.000Z,COLA,X,variation,channel,13017.462733800696,nT
2026-03-24T13:56:00.000Z,COLA,X,variation,channel,13014.449463634832,nT
2026-03-24T13:57:00.000Z,COLA,X,variation,channel,13009.917132530896,nT
2026-03-24T13:58:00.000Z,COLA,X,variation,channel,13013.280398853849,nT
2026-03-24T13:59:00.000Z,COLA,X,variation,channel,13016.444806089003,nT
2026-03-24T14:00:00.000Z,COLA,X,variation,channel,13007.97539079289,nT
2026-03-24T14:01:00.000Z,COLA,X,variation,channel,13002.80555940238,nT
2026-03-24T14:02:00.000Z,COLA,X,variation,channel,13018.352063397253,nT
2026-03-24T14:03:00.000Z,COLA,X,variation,channel,13034.127297807347,nT
2026-03-24T14:04:00.000Z,COLA,X,variation,channel,13051.305395127225,nT
2026-03-24T14:05:00.000Z,COLA,X,variation,channel,13060.895564957736,nT
2026-03-24T14:06:00.000Z,COLA,X,variation,channel,13054.696612056263,nT
2026-03-24T14:07:00.000Z,COLA,X,variation,channel,13035.23352442817,nT
2026-03-24T14:08:00.000Z,COLA,X,variation,channel,13033.371003672893,nT
2026-03-24T14:09:00.000Z,COLA,X,variation,channel,13052.234929720162,nT
2026-03-24T14:10:00.000Z,COLA,X,variation,channel,13075.912173427208,nT
2026-03-24T14:11:00.000Z,COLA,X,variation,channel,13098.266190463519,nT
2026-03-24T14:12:00.000Z,COLA,X,variation,channel,13127.435288038185,nT
2026-03-24T14:13:00.000Z,COLA,X,variation,channel,13168.165989150133,nT
2026-03-24T14:14:00.000Z,COLA,X,variation,channel,13196.621701385677,nT
2026-03-24T14:15:00.000Z,COLA,X,variation,channel,13221.090000759406,nT
2026-03-24T14:16:00.000Z,COLA,X,variation,channel,13231.602298557247,nT
2026-03-24T14:17:00.000Z,COLA,X,variation,channel,13237.879471722812,nT
2026-03-24T14:18:00.000Z,COLA,X,variation,channel,13226.771265135143,nT
2026-03-24T14:19:00.000Z,COLA,X,variation,channel,13216.32347178414,nT
2026-03-24T14:20:00.000Z,COLA,X,variation,channel,13213.883607520518,nT
2026-03-24T14:21:00.000Z,COLA,X,variation,channel,13210.742921379577,nT
2026-03-24T14:22:00.000Z,COLA,X,variation,channel,13197.354808741524,nT
2026-03-24T14:23:00.000Z,COLA,X,variation,channel,13171.767694886843,nT
2026-03-24T14:24:00.000Z,COLA,X,variation,channel,13143.510557482157,nT
2026-03-24T14:25:00.000Z,COLA,X,variation,channel,13118.945883039327,nT
2026-03-24T14:26:00.000Z,COLA,X,variation,channel,13101.099394099796,nT
2026-03-24T14:27:00.000Z,COLA,X,variation,channel,13095.174171688988,nT
2026-03-24T14:28:00.000Z,COLA,X,variation,channel,13102.403634606408,nT
2026-03-24T14:29:00.000Z,COLA,X,variation,channel,13120.952921240738,nT
2026-03-24T14:30:00.000Z,COLA,X,variation,channel,13120.863637172683,nT
2026-03-24T14:31:00.000Z,COLA,X,variation,channel,13117.62474084492,nT
2026-03-24T14:32:00.000Z,COLA,X,variation,channel,13114.780964297373,nT
2026-03-24T14:33:00.000Z,COLA,X,variation,channel,13113.546168584155,nT
2026-03-24T14:34:00.000Z,COLA,X,variation,channel,13112.582245480822,nT
2026-03-24T14:35:00.000Z,COLA,X,variation,channel,13116.537397755304,nT
2026-03-24T14:36:00.000Z,COLA,X,variation,channel,13119.319711036513,nT
2026-03-24T14:37:00.000Z,COLA,X,variation,channel,13121.816763563818,nT
2026-03-24T14:38:00.000Z,COLA,X,variation,channel,13121.111296581374,nT
2026-03-24T14:39:00.000Z,COLA,X,variation,channel,13109.559326988247,nT
2026-03-24T14:40:00.000Z,COLA,X,variation,channel,13094.67220274358,nT
2026-03-24T14:41:00.000Z,COLA,X,variation,channel,13078.273267378969,nT
2026-03-24T14:42:00.000Z,COLA,X,variation,channel,13066.724736827762,nT
2026-03-24T14:43:00.000Z,COLA,X,variation,channel,13061.767103606522,nT
2026-03-24T14:44:00.000Z,COLA,X,variation,channel,13063.06361694044,nT
2026-03-24T14:45:00.000Z,COLA,X,variation,channel,13061.715964989917,nT
2026-03-24T14:46:00.000Z,COLA,X,variation,channel,13068.020514395703,nT
2026-03-24T14:47:00.000Z,COLA,X,variation,channel,13063.918777766185,nT
2026-03-24T14:48:00.000Z,COLA,X,variation,channel,13059.48608253315,nT
2026-03-24T14:49:00.000Z,COLA,X,variation,channel,13047.875023480898,nT
2026-03-24T14:50:00.000Z,COLA,X,variation,channel,13040.783891371248,nT
2026-03-24T14:51:00.000Z,COLA,X,variation,channel,13039.734142534264,nT
2026-03-24T14:52:00.000Z,COLA,X,variation,channel,13040.34885407194,nT
2026-03-24T14:53:00.000Z,COLA,X,variation,channel,13043.49855027422,nT
2026-03-24T14:54:00.000Z,COLA,X,variation,channel,13047.487680528295,nT
2026-03-24T14:55:00.000Z,COLA,X,variation,channel,13052.039451578983,nT
2026-03-24T14:56:00.000Z,COLA,X,variation,channel,13065.63130949308,nT
2026-03-24T14:57:00.000Z,COLA,X,variation,channel,13080.922232111587,nT
2026-03-24T14:58:00.000Z,COLA,X,variation,channel,13099.946824033868,nT
2026-03-24T14:59:00.000Z,COLA,X,variation,channel,13114.824594421514,nT
2026-03-24T15:00:00.000Z,COLA,X,variation,channel,13125.094790098326,nT
2026-03-24T15:01:00.000Z,COLA,X,variation,channel,13138.78146778001,nT
2026-03-24T15:02:00.000Z,COLA,X,variation,channel,13147.696226623133,nT
2026-03-24T15:03:00.000Z,COLA,X,variation,channel,13152.254493116514,nT
2026-03-24T15:04:00.000Z,COLA,X,variation,channel,13146.34223395227,nT
2026-03-24T15:05:00.000Z,COLA,X,variation,channel,13137.257579989137,nT
2026-03-24T15:06:00.000Z,COLA,X,variation,channel,13131.586061781853,nT
2026-03-24T15:07:00.000Z,COLA,X,variation,channel,13139.999489152904,nT
2026-03-24T15:08:00.000Z,COLA,X,variation,channel,13146.417789821184,nT
2026-03-24T15:09:00.000Z,COLA,X,variation,channel,13140.443543621475,nT
2026-03-24T15:10:00.000Z,COLA,X,variation,channel,13127.830602537257,nT
2026-03-24T15:11:00.000Z,COLA,X,variation,channel,13121.441124101511,nT
2026-03-24T15:12:00.000Z,COLA,X,variation,channel,13118.247478562644,nT
2026-03-24T15:13:00.000Z,COLA,X,variation,channel,13122.348100544283,nT
2026-03-24T15:14:00.000Z,COLA,X,variation,channel,13128.7253351068,nT
2026-03-24T15:15:00.000Z,COLA,X,variation,channel,13136.637679802736,nT
2026-03-24T15:16:00.000Z,COLA,X,variation,channel,13139.022602448313,nT
2026-03-24T15:17:00.000Z,COLA,X,variation,channel,13129.126156973934,nT
2026-03-24T15:18:00.000Z,COLA,X,variation,channel,13132.340480426548,nT
2026-03-24T15:19:00.000Z,COLA,X,variation,channel,13136.59816094431,nT
2026-03-24T15:20:00.000Z,COLA,X,variation,channel,13141.49969403063,nT
2026-03-24T15:21:00.000Z,COLA,X,variation,channel,13142.839481599414,nT
2026-03-24T15:22:00.000Z,COLA,X,variation,channel,13139.497884764534,nT
2026-03-24T15:23:00.000Z,COLA,X,variation,channel,13135.9274866455,nT
2026-03-24T15:24:00.000Z,COLA,X,variation,channel,13132.440296533805,nT
2026-03-24T15:25:00.000Z,COLA,X,variation,channel,13125.060228048453,nT
2026-03-24T15:26:00.000Z,COLA,X,variation,channel,13123.299668467424,nT
2026-03-24T15:27:00.000Z,COLA,X,variation,channel,13132.114157582484,nT
2026-03-24T15:28:00.000Z,COLA,X,variation,channel,13124.408116355402,nT
2026-03-24T15:29:00.000Z,COLA,X,variation,channel,13122.853876380725,nT
2026-03-24T15:30:00.000Z,COLA,X,variation,channel,13119.557099990103,nT
2026-03-24T15:31:00.000Z,COLA,X,variation,channel,13126.116162092461,nT
2026-03-24T15:32:00.000Z,COLA,X,variation,channel,13130.602088124955,nT
2026-03-24T15:33:00.000Z,COLA,X,variation,channel,13136.518797266977,nT
2026-03-24T15:34:00.000Z,COLA,X,variation,channel,13134.372569334038,nT
2026-03-24T15:35:00.000Z,COLA,X,variation,channel,13115.412370205488,nT
2026-03-24T15:36:00.000Z,COLA,X,variation,channel,13105.265817570791,nT
2026-03-24T15:37:00.000Z,COLA,X,variation,channel,13109.412906126694,nT
2026-03-24T15:38:00.000Z,COLA,X,variation,channel,13112.605768704003,nT
2026-03-24T15:39:00.000Z,COLA,X,variation,channel,13117.62028105259,nT
2026-03-24T15:40:00.000Z,COLA,X,variation,channel,13116.371375343044,nT
2026-03-24T15:41:00.000Z,COLA,X,variation,channel,13116.646318374182,nT
2026-03-24T15:42:00.000Z,COLA,X,variation,channel,13115.256211861039,nT
2026-03-24T15:43:00.000Z,COLA,X,variation,channel,13114.487919201443,nT
2026-03-24T15:44:00.000Z,COLA,X,variation,channel,13114.892820830932,nT
2026-03-24T15:45:00.000Z,COLA,X,variation,channel,13106.900884668401,nT
2026-03-24T15:46:00.000Z,COLA,X,variation,channel,13106.396308683888,nT
2026-03-24T15:47:00.000Z,COLA,X,variation,channel,13108.108965612006,nT
2026-03-24T15:48:00.000Z,COLA,X,variation,channel,13105.42939857728,nT
2026-03-24T15:49:00.000Z,COLA,X,variation,channel,13105.023330988144,nT
2026-03-24T15:50:00.000Z,COLA,X,variation,channel,13110.130868640403,nT
2026-03-24T15:51:00.000Z,COLA,X,variation,channel,13110.061151629792,nT
2026-03-24T15:52:00.000Z,COLA,X,variation,channel,13112.42992423358,nT
2026-03-24T15:53:00.000Z,COLA,X,variation,channel,13099.498215842206,nT
2026-03-24T15:54:00.000Z,COLA,X,variation,channel,13091.777318977469,nT
2026-03-24T15:55:00.000Z,COLA,X,variation,channel,13092.046610957648,nT
2026-03-24T15:56:00.000Z,COLA,X,variation,channel,13084.383144999281,nT
2026-03-24T15:57:00.000Z,COLA,X,variation,channel,13081.225837093742,nT
2026-03-24T15:58:00.000Z,COLA,X,variation,channel,13065.278218585334,nT
2026-03-24T15:59:00.000Z,COLA,X,variation,channel,13071.2164515659,nT
2026-03-24T16:00:00.000Z,COLA,X,variation,channel,13076.106086561827,nT
2026-03-24T16:01:00.000Z,COLA,X,variation,channel,13072.772160019862,nT
2026-03-24T16:02:00.000Z,COLA,X,variation,channel,13078.223801460805,nT
2026-03-24T16:03:00.000Z,COLA,X,variation,channel,13084.664357923262,nT
2026-03-24T16:04:00.000Z,COLA,X,variation,channel,13099.90116975805,nT
2026-03-24T16:05:00.000Z,COLA,X,variation,channel,13109.750883466455,nT
2026-03-24T16:06:00.000Z,COLA,X,variation,channel,13115.521197152719,nT
2026-03-24T16:07:00.000Z,COLA,X,variation,channel,13125.726972156981,nT
2026-03-24T16:08:00.000Z,COLA,X,variation,channel,13137.807992396763,nT
2026-03-24T16:09:00.000Z,COLA,X,variation,channel,13149.980783102334,nT
2026-03-24T16:10:00.000Z,COLA,X,variation,channel,13152.244011453868,nT
2026-03-24T16:11:00.000Z,COLA,X,variation,channel,13157.780758633548,nT
2026-03-24T16:12:00.000Z,COLA,X,variation,channel,13166.619796686613,nT
2026-03-24T16:13:00.000Z,COLA,X,variation,channel,13173.339123429307,nT
2026-03-24T16:14:00.000Z,COLA,X,variation,channel,13174.824866619192,nT
2026-03-24T16:15:00.000Z,COLA,X,variation,channel,13182.612137346732,nT
2026-03-24T16:16:00.000Z,COLA,X,variation,channel,13190.883298771145,nT
2026-03-24T16:17:00.000Z,COLA,X,variation,channel,13199.321072134448,nT
2026-03-24T16:18:00.000Z,COLA,X,variation,channel,13198.357981391417,nT
2026-03-24T16:19:00.000Z,COLA,X,variation,channel,13197.906250984992,nT
2026-03-24T16:20:00.000Z,COLA,X,variation,channel,13199.408601325087,nT
2026-03-24T16:21:00.000Z,COLA,X,variation,channel,13195.604028940625,nT
2026-03-24T16:22:00.000Z,COLA,X,variation,channel,13194.820070718704,nT
2026-03-24T16:23:00.000Z,COLA,X,variation,channel,13203.553749053764,nT
2026-03-24T16:24:00.000Z,COLA,X,variation,channel,13207.353171316161,nT
2026-03-24T16:25:00.000Z,COLA,X,variation,channel,13195.165842140615,nT
2026-03-24T16:26:00.000Z,COLA,X,variation,channel,13179.870576025332,nT
2026-03-24T16:27:00.000Z,COLA,X,variation,channel,13167.478757465873,nT
2026-03-24T16:28:00.000Z,COLA,X,variation,channel,13164.682578335196,nT
2026-03-24T16:29:00.000Z,COLA,X,variation,channel,13167.727539996866,nT
2026-03-24T16:30:00.000Z,COLA,X,variation,channel,13169.92945589127,nT
2026-03-24T16:31:00.000Z,COLA,X,variation,channel,13160.277028101611,nT
2026-03-24T16:32:00.000Z,COLA,X,variation,channel,13155.020676653623,nT
2026-03-24T16:33:00.000Z,COLA,X,variation,channel,13157.513142662478,nT
2026-03-24T16:34:00.000Z,COLA,X,variation,channel,13157.036817497808,nT
2026-03-24T16:35:00.000Z,COLA,X,variation,channel,13146.103692427045,nT
2026-03-24T16:36:00.000Z,COLA,X,variation,channel,13139.420667864195,nT
2026-03-24T16:37:00.000Z,COLA,X,variation,channel,13121.404539566049,nT
2026-03-24T16:38:00.000Z,COLA,X,variation,channel,13115.433365015642,nT
2026-03-24T16:39:00.000Z,COLA,X,variation,channel,13136.467482527509,nT
2026-03-24T16:40:00.000Z,COLA,X,variation,channel,13154.048645238267,nT
2026-03-24T16:41:00.000Z,COLA,X,variation,channel,13148.728513273194,nT
2026-03-24T16:42:00.000Z,COLA,X,variation,channel,13136.925869898172,nT
2026-03-24T16:43:00.000Z,COLA,X,variation,channel,13139.972302724838,nT
2026-03-24T16:44:00.000Z,COLA,X,variation,channel,13131.211464898515,nT
2026-03-24T16:45:00.000Z,COLA,X,variation,channel,13137.643717216497,nT
2026-03-24T16:46:00.000Z,COLA,X,variation,channel,13152.020537548251,nT
2026-03-24T16:47:00.000Z,COLA,X,variation,channel,13157.892014941788,nT
2026-03-24T16:48:00.000Z,COLA,X,variation,channel,13151.84025407393,nT
2026-03-24T16:49:00.000Z,COLA,X,variation,channel,13157.617537702283,nT
2026-03-24T16:50:00.000Z,COLA,X,variation,channel,13164.137050962005,nT
2026-03-24T16:51:00.000Z,COLA,X,variation,channel,13168.503155074774,nT
2026-03-24T16:52:00.000Z,COLA,X,variation,channel,13165.724543950295,nT
2026-03-24T16:53:00.000Z,COLA,X,variation,channel,13165.671381395045,nT
2026-03-24T16:54:00.000Z,COLA,X,variation,channel,13167.645729456239,nT
2026-03-24T16:55:00.000Z,COLA,X,variation,channel,13174.45338643397,nT
2026-03-24T16:56:00.000Z,COLA,X,variation,channel,13168.813980723457,nT
2026-03-24T16:57:00.000Z,COLA,X,variation,channel,13170.475460731514,nT
2026-03-24T16:58:00.000Z,COLA,X,variation,channel,13164.029414168983,nT
2026-03-24T16:59:00.000Z,COLA,X,variation,channel,13155.479140104722,nT
2026-03-24T17:00:00.000Z,COLA,X,variation,channel,13157.585793329908,nT
2026-03-24T17:01:00.000Z,COLA,X,variation,channel,13148.159317983134,nT
2026-03-24T17:02:00.000Z,COLA,X,variation,channel,13141.468811984529,nT
2026-03-24T17:03:00.000Z,COLA,X,variation,channel,13132.422724407868,nT
2026-03-24T17:04:00.000Z,COLA,X,variation,channel,13125.66171506947,nT
2026-03-24T17:05:00.000Z,COLA,X,variation,channel,13142.771332749731,nT
2026-03-24T17:06:00.000Z,COLA,X,variation,channel,13153.414364030983,nT
2026-03-24T17:07:00.000Z,COLA,X,variation,channel,13146.721696869163,nT
2026-03-24T17:08:00.000Z,COLA,X,variation,channel,13136.888712678829,nT
2026-03-24T17:09:00.000Z,COLA,X,variation,channel,13137.971467331208,nT
2026-03-24T17:10:00.000Z,COLA,X,variation,channel,13145.859434930531,nT
2026-03-24T17:11:00.000Z,COLA,X,variation,channel,13144.074084034068,nT
2026-03-24T17:12:00.000Z,COLA,X,variation,channel,13145.181338216993,nT
2026-03-24T17:13:00.000Z,COLA,X,variation,channel,13147.08202844721,nT
2026-03-24T17:14:00.000Z,COLA,X,variation,channel,13143.121456397603,nT
2026-03-24T17:15:00.000Z,COLA,X,variation,channel,13140.875181743331,nT
2026-03-24T17:16:00.000Z,COLA,X,variation,channel,13143.666797614462,nT
2026-03-24T17:17:00.000Z,COLA,X,variation,channel,13132.340899784405,nT
2026-03-24T17:18:00.000Z,COLA,X,variation,channel,13125.428594581914,nT
2026-03-24T17:19:00.000Z,COLA,X,variation,channel,13117.536415245902,nT
2026-03-24T17:20:00.000Z,COLA,X,variation,channel,13107.596634794796,nT
2026-03-24T17:21:00.000Z,COLA,X,variation,channel,13107.09344099132,nT
2026-03-24T17:22:00.000Z,COLA,X,variation,channel,13114.864235972962,nT
2026-03-24T17:23:00.000Z,COLA,X,variation,channel,13115.58722054566,nT
2026-03-24T17:24:00.000Z,COLA,X,variation,channel,13122.934512052032,nT
2026-03-24T17:25:00.000Z,COLA,X,variation,channel,13130.137734268503,nT
2026-03-24T17:26:00.000Z,COLA,X,variation,channel,13129.256442504624,nT
2026-03-24T17:27:00.000Z,COLA,X,variation,channel,13142.902576494129,nT
2026-03-24T17:28:00.000Z,COLA,X,variation,channel,13143.942113201918,nT
2026-03-24T17:29:00.000Z,COLA,X,variation,channel,13142.049299919445,nT
2026-03-24T17:30:00.000Z,COLA,X,variation,channel,13142.202578916897,nT
2026-03-24T17:31:00.000Z,COLA,X,variation,channel,13140.508832678242,nT
2026-03-24T17:32:00.000Z,COLA,X,variation,channel,13142.089520109554,nT
2026-03-24T17:33:00.000Z,COLA,X,variation,channel,13134.066360164436,nT
2026-03-24T17:34:00.000Z,COLA,X,variation,channel,13124.635544248944,nT
2026-03-24T17:35:00.000Z,COLA,X,variation,channel,13133.04553400557,nT
2026-03-24T17:36:00.000Z,COLA,X,variation,channel,13134.057922535052,nT
2026-03-24T17:37:00.000Z,COLA,X,variation,channel,13128.081211302555,nT
2026-03-24T17:38:00.000Z,COLA,X,variation,channel,13127.248267339879,nT
2026-03-24T17:39:00.000Z,COLA,X,variation,channel,13131.182227198957,nT
2026-03-24T17:40:00.000Z,COLA,X,variation,channel,13131.838389166942,nT
2026-03-24T17:41:00.000Z,COLA,X,variation,channel,13133.31963181271,nT
2026-03-24T17:42:00.000Z,COLA,X,variation,channel,13132.651867826007,nT
2026-03-24T17:43:00.000Z,COLA,X,variation,channel,13134.46669797224,nT
2026-03-24T17:44:00.000Z,COLA,X,variation,channel,13131.979670623348,nT
2026-03-24T17:45:00.000Z,COLA,X,variation,channel,13137.401901911508,nT
2026-03-24T17:46:00.000Z,COLA,X,variation,channel,13151.98005367015,nT
2026-03-24T17:47:00.000Z,COLA,X,variation,channel,13152.35813434495,nT
2026-03-24T17:48:00.000Z,COLA,X,variation,channel,13140.76467136639,nT
2026-03-24T17:49:00.000Z,COLA,X,variation,channel,13157.385597423896,nT
2026-03-24T17:50:00.000Z,COLA,X,variation,channel,13164.630701483462,nT
2026-03-24T17:51:00.000Z,COLA,X,variation,channel,13163.582089830714,nT
2026-03-24T17:52:00.000Z,COLA,X,variation,channel,13174.558201949503,nT
2026-03-24T17:53:00.000Z,COLA,X,variation,channel,13160.7958280512,nT
2026-03-24T17:54:00.000Z,COLA,X,variation,channel,13142.39834894889,nT
2026-03-24T17:55:00.000Z,COLA,X,variation,channel,13155.630304085069,nT
2026-03-24T17:56:00.000Z,COLA,X,variation,channel,13141.665438019889,nT
2026-03-24T17:57:00.000Z,COLA,X,variation,channel,13144.437848142103,nT
2026-03-24T17:58:00.000Z,COLA,X,variation,channel,13153.989718243705,nT
2026-03-24T17:59:00.000Z,COLA,X,variation,channel,13142.21866868844,nT
2026-03-24T18:00:00.000Z,COLA,X,variation,channel,13129.655638038344,nT
2026-03-24T18:01:00.000Z,COLA,X,variation,channel,13124.073106953727,nT
2026-03-24T18:02:00.000Z,COLA,X,variation,channel,13129.977159657068,nT
2026-03-24T18:03:00.000Z,COLA,X,variation,channel,13117.012741981298,nT
2026-03-24T18:04:00.000Z,COLA,X,variation,channel,13112.306748089552,nT
2026-03-24T18:05:00.000Z,COLA,X,variation,channel,13131.620295506305,nT
2026-03-24T18:06:00.000Z,COLA,X,variation,channel,13122.48691589776,nT
2026-03-24T18:07:00.000Z,COLA,X,variation,channel,13124.315161209637,nT
2026-03-24T18:08:00.000Z,COLA,X,variation,channel,13120.451333316194,nT
2026-03-24T18:09:00.000Z,COLA,X,variation,channel,13102.661449627076,nT
2026-03-24T18:10:00.000Z,COLA,X,variation,channel,13099.911103666303,nT
2026-03-24T18:11:00.000Z,COLA,X,variation,channel,13123.553147421067,nT
2026-03-24T18:12:00.000Z,COLA,X,variation,channel,13134.800208114963,nT
2026-03-24T18:13:00.000Z,COLA,X,variation,channel,13118.770091788716,nT
2026-03-24T18:14:00.000Z,COLA,X,variation,channel,13122.172003075222,nT
2026-03-24T18:15:00.000Z,COLA,X,variation,channel,13134.684638973406,nT
2026-03-24T18:16:00.000Z,COLA,X,variation,channel,13129.544171059299,nT
2026-03-24T18:17:00.000Z,COLA,X,variation,channel,13128.144187049935,nT
2026-03-24T18:18:00.000Z,COLA,X,variation,channel,13138.14504291056,nT
2026-03-24T18:19:00.000Z,COLA,X,variation,channel,13146.749978793048,nT
2026-03-24T18:20:00.000Z,COLA,X,variation,channel,13156.378862170823,nT
2026-03-24T18:21:00.000Z,COLA,X,variation,channel,13161.107952033692,nT
2026-03-24T18:22:00.000Z,COLA,X,variation,channel,13163.618162977335,nT
2026-03-24T18:23:00.000Z,COLA,X,variation,channel,13170.730046094515,nT
2026-03-24T18:24:00.000Z,COLA,X,variation,channel,13167.954699502803,nT
2026-03-24T18:25:00.000Z,COLA,X,variation,channel,13172.761082005303,nT
2026-03-24T18:26:00.000Z,COLA,X,variation,channel,13175.088805085345,nT
2026-03-24T18:27:00.000Z,COLA,X,variation,channel,13178.428529178598,nT
2026-03-24T18:28:00.000Z,COLA,X,variation,channel,13175.196067384808,nT
2026-03-24T18:29:00.000Z,COLA,X,variation,channel,13196.134229535492,nT
2026-03-24T18:30:00.000Z,COLA,X,variation,channel,13217.247126448716,nT
2026-03-24T18:31:00.000Z,COLA,X,variation,channel,13235.111653137723,nT
2026-03-24T18:32:00.000Z,COLA,X,variation,channel,13243.603328060502,nT
2026-03-24T18:33:00.000Z,COLA,X,variation,channel,13232.76248820484,nT
2026-03-24T18:34:00.000Z,COLA,X,variation,channel,13210.363192028237,nT
2026-03-24T18:35:00.000Z,COLA,X,variation,channel,13211.970371862186,nT
2026-03-24T18:36:00.000Z,COLA,X,variation,channel,13256.204506846292,nT
2026-03-24T18:37:00.000Z,COLA,X,variation,channel,13287.300067480244,nT
2026-03-24T18:38:00.000Z,COLA,X,variation,channel,13213.858788553036,nT
2026-03-24T18:39:00.000Z,COLA,X,variation,channel,13216.256569154239,nT
2026-03-24T18:40:00.000Z,COLA,X,variation,channel,13239.483904018563,nT
2026-03-24T18:41:00.000Z,COLA,X,variation,channel,13243.01747581059,nT
2026-03-24T18:42:00.000Z,COLA,X,variation,channel,13227.451105175465,nT
2026-03-24T18:43:00.000Z,COLA,X,variation,channel,13220.673761303773,nT
2026-03-24T18:44:00.000Z,COLA,X,variation,channel,13212.151480240926,nT
2026-03-24T18:45:00.000Z,COLA,X,variation,channel,13219.048203739403,nT
2026-03-24T18:46:00.000Z,COLA,X,variation,channel,13210.606047859077,nT
2026-03-24T18:47:00.000Z,COLA,X,variation,channel,13201.881681687944,nT
2026-03-24T18:48:00.000Z,COLA,X,variation,channel,13201.498459891856,nT
2026-03-24T18:49:00.000Z,COLA,X,variation,channel,13209.665756215889,nT
2026-03-24T18:50:00.000Z,COLA,X,variation,channel,13212.076108700056,nT
2026-03-24T18:51:00.000Z,COLA,X,variation,channel,13198.494444259308,nT
2026-03-24T18:52:00.000Z,COLA,X,variation,channel,13187.793533378972,nT
2026-03-24T18:53:00.000Z,COLA,X,variation,channel,13189.670497770312,nT
2026-03-24T18:54:00.000Z,COLA,X,variation,channel,13199.602743115427,nT
2026-03-24T18:55:00.000Z,COLA,X,variation,channel,13205.674799356508,nT
2026-03-24T18:56:00.000Z,COLA,X,variation,channel,13197.956643305904,nT
2026-03-24T18:57:00.000Z,COLA,X,variation,channel,13194.213174830884,nT
2026-03-24T18:58:00.000Z,COLA,X,variation,channel,13195.100876763428,nT
2026-03-24T18:59:00.000Z,COLA,X,variation,channel,13199.797207506885,nT
2026-03-24T19:00:00.000Z,COLA,X,variation,channel,13196.075229457894,nT
2026-03-24T19:01:00.000Z,COLA,X,variation,channel,13201.531156122606,nT
2026-03-24T19:02:00.000Z,COLA,X,variation,channel,13201.480680437779,nT
2026-03-24T19:03:00.000Z,COLA,X,variation,channel,13202.112897701067,nT
2026-03-24T19:04:00.000Z,COLA,X,variation,channel,13201.49397015888,nT
2026-03-24T19:05:00.000Z,COLA,X,variation,channel,13202.456127771111,nT
2026-03-24T19:06:00.000Z,COLA,X,variation,channel,13204.54842177647,nT
2026-03-24T19:07:00.000Z,COLA,X,variation,channel,13200.199954566498,nT
2026-03-24T19:08:00.000Z,COLA,X,variation,channel,13201.588167471384,nT
2026-03-24T19:09:00.000Z,COLA,X,variation,channel,13199.816038967325,nT
2026-03-24T19:10:00.000Z,COLA,X,variation,channel,13196.837912038587,nT
2026-03-24T19:11:00.000Z,COLA,X,variation,channel,13198.601830985905,nT
2026-03-24T19:12:00.000Z,COLA,X,variation,channel,13195.319404815637,nT
2026-03-24T19:13:00.000Z,COLA,X,variation,channel,13201.15750008389,nT
2026-03-24T19:14:00.000Z,COLA,X,variation,channel,13198.05092758366,nT
2026-03-24T19:15:00.000Z,COLA,X,variation,channel,13194.457680541775,nT
2026-03-24T19:16:00.000Z,COLA,X,variation,channel,13189.237301554811,nT
2026-03-24T19:17:00.000Z,COLA,X,variation,channel,13187.991562170908,nT
2026-03-24T19:18:00.000Z,COLA,X,variation,channel,13190.97582836332,nT
2026-03-24T19:19:00.000Z,COLA,X,variation,channel,13195.224892099246,nT
2026-03-24T19:20:00.000Z,COLA,X,variation,channel,13194.495369930117,nT
2026-03-24T19:21:00.000Z,COLA,X,variation,channel,13195.414021218014,nT
2026-03-24T19:22:00.000Z,COLA,X,variation,channel,13198.601290844881,nT
2026-03-24T19:23:00.000Z,COLA,X,variation,channel,13203.058427012713,nT
2026-03-24T19:24:00.000Z,COLA,X,variation,channel,13200.427161281234,nT
2026-03-24T19:25:00.000Z,COLA,X,variation,channel,13201.169041130972,nT
2026-03-24T19:26:00.000Z,COLA,X,variation,channel,13204.32958107627,nT
2026-03-24T19:27:00.000Z,COLA,X,variation,channel,13208.622094792494,nT
2026-03-24T19:28:00.000Z,COLA,X,variation,channel,13208.441334099969,nT
2026-03-24T19:29:00.000Z,COLA,X,variation,channel,13205.485338603754,nT
2026-03-24T19:30:00.000Z,COLA,X,variation,channel,13198.432006850224,nT
2026-03-24T19:31:00.000Z,COLA,X,variation,channel,13196.512478012264,nT
2026-03-24T19:32:00.000Z,COLA,X,variation,channel,13196.253960924836,nT
2026-03-24T19:33:00.000Z,COLA,X,variation,channel,13198.089255201034,nT
2026-03-24T19:34:00.000Z,COLA,X,variation,channel,13199.324928721218,nT
2026-03-24T19:35:00.000Z,COLA,X,variation,channel,13198.557914373338,nT
2026-03-24T19:36:00.000Z,COLA,X,variation,channel,13197.31614140734,nT
2026-03-24T19:37:00.000Z,COLA,X,variation,channel,13202.794166904498,nT
2026-03-24T19:38:00.000Z,COLA,X,variation,channel,13207.376371469914,nT
2026-03-24T19:39:00.000Z,COLA,X,variation,channel,13198.922530552165,nT
2026-03-24T19:40:00.000Z,COLA,X,variation,channel,13174.616510609032,nT
2026-03-24T19:41:00.000Z,COLA,X,variation,channel,13154.768767352181,nT
2026-03-24T19:42:00.000Z,COLA,X,variation,channel,13166.220477233457,nT
2026-03-24T19:43:00.000Z,COLA,X,variation,channel,13177.444372462049,nT
2026-03-24T19:44:00.000Z,COLA,X,variation,channel,13181.4308324496,nT
2026-03-24T19:45:00.000Z,COLA,X,variation,channel,13189.730350374357,nT
2026-03-24T19:46:00.000Z,COLA,X,variation,channel,13201.560892292031,nT
2026-03-24T19:47:00.000Z,COLA,X,variation,channel,13200.325151218922,nT
2026-03-24T19:48:00.000Z,COLA,X,variation,channel,13197.843420063808,nT
2026-03-24T19:49:00.000Z,COLA,X,variation,channel,13194.837445733167,nT
2026-03-24T19:50:00.000Z,COLA,X,variation,channel,13189.122151159527,nT
2026-03-24T19:51:00.000Z,COLA,X,variation,channel,13171.853247931866,nT
2026-03-24T19:52:00.000Z,COLA,X,variation,channel,13169.586165522698,nT
2026-03-24T19:53:00.000Z,COLA,X,variation,channel,13177.809543369925,nT
2026-03-24T19:54:00.000Z,COLA,X,variation,channel,13176.041301912835,nT
2026-03-24T19:55:00.000Z,COLA,X,variation,channel,13171.878009758688,nT
2026-03-24T19:56:00.000Z,COLA,X,variation,channel,13165.995391718878,nT
2026-03-24T19:57:00.000Z,COLA,X,variation,channel,13166.215085674907,nT
2026-03-24T19:58:00.000Z,COLA,X,variation,channel,13163.054904578225,nT
2026-03-24T19:59:00.000Z,COLA,X,variation,channel,13153.726475673255,nT
2026-03-24T20:00:00.000Z,COLA,X,variation,channel,13162.203921526252,nT
2026-03-24T20:01:00.000Z,COLA,X,variation,channel,13163.322047141746,nT
2026-03-24T20:02:00.000Z,COLA,X,variation,channel,13156.67680477769,nT
2026-03-24T20:03:00.000Z,COLA,X,variation,channel,13161.860256303029,nT
2026-03-24T20:04:00.000Z,COLA,X,variation,channel,13174.18520421464,nT
2026-03-24T20:05:00.000Z,COLA,X,variation,channel,13183.261234649926,nT
2026-03-24T20:06:00.000Z,COLA,X,variation,channel,13180.361286328136,nT
2026-03-24T20:07:00.000Z,COLA,X,variation,channel,13188.137375048036,nT
2026-03-24T20:08:00.000Z,COLA,X,variation,channel,13194.140089065715,nT
2026-03-24T20:09:00.000Z,COLA,X,variation,channel,13186.94131914094,nT
2026-03-24T20:10:00.000Z,COLA,X,variation,channel,13203.028048943235,nT
2026-03-24T20:11:00.000Z,COLA,X,variation,channel,13189.936244142133,nT
2026-03-24T20:12:00.000Z,COLA,X,variation,channel,13179.703121085575,nT
2026-03-24T20:13:00.000Z,COLA,X,variation,channel,13163.070125552931,nT
2026-03-24T20:14:00.000Z,COLA,X,variation,channel,13169.22958964398,nT
2026-03-24T20:15:00.000Z,COLA,X,variation,channel,13185.181167114628,nT
2026-03-24T20:16:00.000Z,COLA,X,variation,channel,13191.135886185468,nT
2026-03-24T20:17:00.000Z,COLA,X,variation,channel,13183.47862586878,nT
2026-03-24T20:18:00.000Z,COLA,X,variation,channel,13175.263135892348,nT
2026-03-24T20:19:00.000Z,COLA,X,variation,channel,13175.682829574704,nT
2026-03-24T20:20:00.000Z,COLA,X,variation,channel,13172.100908131622,nT
2026-03-24T20:21:00.000Z,COLA,X,variation,channel,13168.290507897658,nT
2026-03-24T20:22:00.000Z,COLA,X,variation,channel,13163.486899296851,nT
2026-03-24T20:23:00.000Z,COLA,X,variation,channel,13160.063674329796,nT
2026-03-24T20:24:00.000Z,COLA,X,variation,channel,13160.671869337428,nT
2026-03-24T20:25:00.000Z,COLA,X,variation,channel,13161.44339085284,nT
2026-03-24T20:26:00.000Z,COLA,X,variation,channel,13164.985890270073,nT
2026-03-24T20:27:00.000Z,COLA,X,variation,channel,13168.377665013068,nT
2026-03-24T20:28:00.000Z,COLA,X,variation,channel,13164.065192439231,nT
2026-03-24T20:29:00.000Z,COLA,X,variation,channel,13163.823999253584,nT
2026-03-24T20:30:00.000Z,COLA,X,variation,channel,13160.310390628494,nT
2026-03-24T20:31:00.000Z,COLA,X,variation,channel,13160.923466860146,nT
2026-03-24T20:32:00.000Z,COLA,X,variation,channel,13164.706696564836,nT
2026-03-24T20:33:00.000Z,COLA,X,variation,channel,13162.006379502227,nT
2026-03-24T20:34:00.000Z,COLA,X,variation,channel,13158.735386578315,nT
2026-03-24T20:35:00.000Z,COLA,X,variation,channel,13158.283649088822,nT
2026-03-24T20:36:00.000Z,COLA,X,variation,channel,13149.522584927461,nT
2026-03-24T20:37:00.000Z,COLA,X,variation,channel,13144.88253215966,nT
2026-03-24T20:38:00.000Z,COLA,X,variation,channel,13146.67784549386,nT
2026-03-24T20:39:00.000Z,COLA,X,variation,channel,13151.696595086045,nT
2026-03-24T20:40:00.000Z,COLA,X,variation,channel,13150.191497730062,nT
2026-03-24T20:41:00.000Z,COLA,X,variation,channel,13152.100124467363,nT
2026-03-24T20:42:00.000Z,COLA,X,variation,channel,13157.139450831171,nT
2026-03-24T20:43:00.000Z,COLA,X,variation,channel,13157.829380203055,nT
2026-03-24T20:44:00.000Z,COLA,X,variation,channel,13158.381159192953,nT
2026-03-24T20:45:00.000Z,COLA,X,variation,channel,13159.262492141996,nT
2026-03-24T20:46:00.000Z,COLA,X,variation,channel,13159.821813277502,nT
2026-03-24T20:47:00.000Z,COLA,X,variation,channel,13156.18940233191,nT
2026-03-24T20:48:00.000Z,COLA,X,variation,channel,13156.765110277565,nT
2026-03-24T20:49:00.000Z,COLA,X,variation,channel,13156.608216077431,nT
2026-03-24T20:50:00.000Z,COLA,X,variation,channel,13160.931780797257,nT
2026-03-24T20:51:00.000Z,COLA,X,variation,channel,13162.806143806902,nT
2026-03-24T20:52:00.000Z,COLA,X,variation,channel,13163.469144449851,nT
2026-03-24T20:53:00.000Z,COLA,X,variation,channel,13154.93175271925,nT
2026-03-24T20:54:00.000Z,COLA,X,variation,channel,13153.451802499805,nT
2026-03-24T20:55:00.000Z,COLA,X,variation,channel,13159.584560490403,nT
2026-03-24T20:56:00.000Z,COLA,X,variation,channel,13165.381360386205,nT
2026-03-24T20:57:00.000Z,COLA,X,variation,channel,13168.182385163374,nT
2026-03-24T20:58:00.000Z,COLA,X,variation,channel,13174.086642204242,nT
2026-03-24T20:59:00.000Z,COLA,X,variation,channel,13173.430733814863,nT
2026-03-24T21:00:00.000Z,COLA,X,variation,channel,13180.239064270636,nT
2026-03-24T21:01:00.000Z,COLA,X,variation,channel,13180.769184291124,nT
2026-03-24T21:02:00.000Z,COLA,X,variation,channel,13175.419632468955,nT
2026-03-24T21:03:00.000Z,COLA,X,variation,channel,13167.797671167998,nT
2026-03-24T21:04:00.000Z,COLA,X,variation,channel,13168.849241323926,nT
2026-03-24T21:05:00.000Z,COLA,X,variation,channel,13169.368996646826,nT
2026-03-24T21:06:00.000Z,COLA,X,variation,channel,13172.461317411771,nT
2026-03-24T21:07:00.000Z,COLA,X,variation,channel,13172.511988771621,nT
2026-03-24T21:08:00.000Z,COLA,X,variation,channel,13167.311967584941,nT
2026-03-24T21:09:00.000Z,COLA,X,variation,channel,13163.791280392476,nT
2026-03-24T21:10:00.000Z,COLA,X,variation,channel,13167.225090803775,nT
2026-03-24T21:11:00.000Z,COLA,X,variation,channel,13175.324964597843,nT
2026-03-24T21:12:00.000Z,COLA,X,variation,channel,13181.020697988273,nT
2026-03-24T21:13:00.000Z,COLA,X,variation,channel,13178.582830483034,nT
2026-03-24T21:14:00.000Z,COLA,X,variation,channel,13168.484338556449,nT
2026-03-24T21:15:00.000Z,COLA,X,variation,channel,13168.620121990029,nT
2026-03-24T21:16:00.000Z,COLA,X,variation,channel,13170.483290853317,nT
2026-03-24T21:17:00.000Z,COLA,X,variation,channel,13161.11624861463,nT
2026-03-24T21:18:00.000Z,COLA,X,variation,channel,13160.337586982008,nT
2026-03-24T21:19:00.000Z,COLA,X,variation,channel,13160.93344284412,nT
2026-03-24T21:20:00.000Z,COLA,X,variation,channel,13166.722208268824,nT
2026-03-24T21:21:00.000Z,COLA,X,variation,channel,13174.06210061471,nT
2026-03-24T21:22:00.000Z,COLA,X,variation,channel,13170.940361122899,nT
2026-03-24T21:23:00.000Z,COLA,X,variation,channel,13162.907481779646,nT
2026-03-24T21:24:00.000Z,COLA,X,variation,channel,13161.994238380137,nT
2026-03-24T21:25:00.000Z,COLA,X,variation,channel,13173.083146064697,nT
2026-03-24T21:26:00.000Z,COLA,X,variation,channel,13176.441515904678,nT
2026-03-24T21:27:00.000Z,COLA,X,variation,channel,13168.638455402393,nT
2026-03-24T21:28:00.000Z,COLA,X,variation,channel,13153.366648416557,nT
2026-03-24T21:29:00.000Z,COLA,X,variation,channel,13147.748531345973,nT
2026-03-24T21:30:00.000Z,COLA,X,variation,channel,13151.069355780131,nT
2026-03-24T21:31:00.000Z,COLA,X,variation,channel,13152.58655359377,nT
2026-03-24T21:32:00.000Z,COLA,X,variation,channel,13159.44412467838,nT
2026-03-24T21:33:00.000Z,COLA,X,variation,channel,13166.099427410543,nT
2026-03-24T21:34:00.000Z,COLA,X,variation,channel,13173.899338228464,nT
2026-03-24T21:35:00.000Z,COLA,X,variation,channel,13173.617294144693,nT
2026-03-24T21:36:00.000Z,COLA,X,variation,channel,13166.926934243751,nT
2026-03-24T21:37:00.000Z,COLA,X,variation,channel,13163.65271417829,nT
2026-03-24T21:38:00.000Z,COLA,X,variation,channel,13167.190930560844,nT
2026-03-24T21:39:00.000Z,COLA,X,variation,channel,13171.086239461829,nT
2026-03-24T21:40:00.000Z,COLA,X,variation,channel,13170.925402714553,nT
2026-03-24T21:41:00.000Z,COLA,X,variation,channel,13171.377395401381,nT
2026-03-24T21:42:00.000Z,COLA,X,variation,channel,13169.539358610456,nT
2026-03-24T21:43:00.000Z,COLA,X,variation,channel,13166.368024276904,nT
2026-03-24T21:44:00.000Z,COLA,X,variation,channel,13163.819372104079,nT
2026-03-24T21:45:00.000Z,COLA,X,variation,channel,13164.447964448533,nT
2026-03-24T21:46:00.000Z,COLA,X,variation,channel,13171.110029205285,nT
2026-03-24T21:47:00.000Z,COLA,X,variation,channel,13174.782996086231,nT
2026-03-24T21:48:00.000Z,COLA,X,variation,channel,13171.932198676466,nT
2026-03-24T21:49:00.000Z,COLA,X,variation,channel,13169.15164788119,nT
2026-03-24T21:50:00.000Z,COLA,X,variation,channel,13167.053072063996,nT
2026-03-24T21:51:00.000Z,COLA,X,variation,channel,13165.904151126031,nT
2026-03-24T21:52:00.000Z,COLA,X,variation,channel,13165.453573017023,nT
2026-03-24T21:53:00.000Z,COLA,X,variation,channel,13172.89871059951,nT
2026-03-24T21:54:00.000Z,COLA,X,variation,channel,13182.847511133825,nT
2026-03-24T21:55:00.000Z,COLA,X,variation,channel,13182.052696416511,nT
2026-03-24T21:56:00.000Z,COLA,X,variation,channel,13179.134379659836,nT
2026-03-24T21:57:00.000Z,COLA,X,variation,channel,13177.181426377005,nT
2026-03-24T21:58:00.000Z,COLA,X,variation,channel,13177.744954169415,nT
2026-03-24T21:59:00.000Z,COLA,X,variation,channel,13178.00061425038,nT
2026-03-24T22:00:00.000Z,COLA,X,variation,channel,13175.795373522009,nT
2026-03-24T22:01:00.000Z,COLA,X,variation,channel,13173.299670476597,nT
2026-03-24T22:02:00.000Z,COLA,X,variation,channel,13173.167016129104,nT
2026-03-24T22:03:00.000Z,COLA,X,variation,channel,13171.537801590099,nT
2026-03-24T22:04:00.000Z,COLA,X,variation,channel,13167.12081899993,nT
2026-03-24T22:05:00.000Z,COLA,X,variation,channel,13165.976888951787,nT
2026-03-24T22:06:00.000Z,COLA,X,variation,channel,13165.694798567803,nT
2026-03-24T22:07:00.000Z,COLA,X,variation,channel,13166.05638476186,nT
2026-03-24T22:08:00.000Z,COLA,X,variation,channel,13163.568951227075,nT
2026-03-24T22:09:00.000Z,COLA,X,variation,channel,13160.65603911944,nT
2026-03-24T22:10:00.000Z,COLA,X,variation,channel,13161.248926238459,nT
2026-03-24T22:11:00.000Z,COLA,X,variation,channel,13164.670690064113,nT
2026-03-24T22:12:00.000Z,COLA,X,variation,channel,13169.751502626877,nT
2026-03-24T22:13:00.000Z,COLA,X,variation,channel,13171.82221641804,nT
2026-03-24T22:14:00.000Z,COLA,X,variation,channel,13174.923940944896,nT
2026-03-24T22:15:00.000Z,COLA,X,variation,channel,13176.389803361537,nT
2026-03-24T22:16:00.000Z,COLA,X,variation,channel,13175.063088230794,nT
2026-03-24T22:17:00.000Z,COLA,X,variation,channel,13174.255180719336,nT
2026-03-24T22:18:00.000Z,COLA,X,variation,channel,13172.808944084854,nT
2026-03-24T22:19:00.000Z,COLA,X,variation,channel,13171.165191780448,nT
2026-03-24T22:20:00.000Z,COLA,X,variation,channel,13168.944385032662,nT
2026-03-24T22:21:00.000Z,COLA,X,variation,channel,13166.446486401072,nT
2026-03-24T22:22:00.000Z,COLA,X,variation,channel,13165.23019541618,nT
2026-03-24T22:23:00.000Z,COLA,X,variation,channel,13165.20246872655,nT
2026-03-24T22:24:00.000Z,COLA,X,variation,channel,13164.92409035246,nT
2026-03-24T22:25:00.000Z,COLA,X,variation,channel,13165.587454557382,nT
2026-03-24T22:26:00.000Z,COLA,X,variation,channel,13166.299099925673,nT
2026-03-24T22:27:00.000Z,COLA,X,variation,channel,13167.25356612887,nT
2026-03-24T22:28:00.000Z,COLA,X,variation,channel,13166.362397152658,nT
2026-03-24T22:29:00.000Z,COLA,X,variation,channel,13167.151001683695,nT
2026-03-24T22:30:00.000Z,COLA,X,variation,channel,13164.613620433083,nT
2026-03-24T22:31:00.000Z,COLA,X,variation,channel,13165.496718617007,nT
2026-03-24T22:32:00.000Z,COLA,X,variation,channel,13166.363605368246,nT
2026-03-24T22:33:00.000Z,COLA,X,variation,channel,13167.710154706634,nT
2026-03-24T22:34:00.000Z,COLA,X,variation,channel,13167.54618402856,nT
2026-03-24T22:35:00.000Z,COLA,X,variation,channel,13166.99375031516,nT
2026-03-24T22:36:00.000Z,COLA,X,variation,channel,13165.89776167832,nT
2026-03-24T22:37:00.000Z,COLA,X,variation,channel,13162.177231658881,nT
2026-03-24T22:38:00.000Z,COLA,X,variation,channel,13160.05011898057,nT
2026-03-24T22:39:00.000Z,COLA,X,variation,channel,13159.427401073472,nT
2026-03-24T22:40:00.000Z,COLA,X,variation,channel,13161.836163343822,nT
2026-03-24T22:41:00.000Z,COLA,X,variation,channel,13166.671145182567,nT
2026-03-24T22:42:00.000Z,COLA,X,variation,channel,13167.22739847623,nT
2026-03-24T22:43:00.000Z,COLA,X,variation,channel,13166.948564292152,nT
2026-03-24T22:44:00.000Z,COLA,X,variation,channel,13164.063346529723,nT
2026-03-24T22:45:00.000Z,COLA,X,variation,channel,13161.055772816748,nT
2026-03-24T22:46:00.000Z,COLA,X,variation,channel,13161.036988261354,nT
2026-03-24T22:47:00.000Z,COLA,X,variation,channel,13161.843644874614,nT
2026-03-24T22:48:00.000Z,COLA,X,variation,channel,13162.583071683304,nT
2026-03-24T22:49:00.000Z,COLA,X,variation,channel,13164.659304600036,nT
2026-03-24T22:50:00.000Z,COLA,X,variation,channel,13165.992254975085,nT
2026-03-24T22:51:00.000Z,COLA,X,variation,channel,13165.958852180825,nT
2026-03-24T22:52:00.000Z,COLA,X,variation,channel,13163.777025956022,nT
2026-03-24T22:53:00.000Z,COLA,X,variation,channel,13163.057461246828,nT
2026-03-24T22:54:00.000Z,COLA,X,variation,channel,13163.442015897397,nT
2026-03-24T22:55:00.000Z,COLA,X,variation,channel,13164.673371657867,nT
2026-03-24T22:56:00.000Z,COLA,X,variation,channel,13165.694870496336,nT
2026-03-24T22:57:00.000Z,COLA,X,variation,channel,13163.180656941917,nT
2026-03-24T22:58:00.000Z,COLA,X,variation,channel,13163.091122482845,nT
2026-03-24T22:59:00.000Z,COLA,X,variation,channel,13160.08507452879,nT
2026-03-24T23:00:00.000Z,COLA,X,variation,channel,13157.264621381873,nT
2026-03-24T23:01:00.000Z,COLA,X,variation,channel,13160.384577102443,nT
2026-03-24T23:02:00.000Z,COLA,X,variation,channel,13160.022215519619,nT
2026-03-24T23:03:00.000Z,COLA,X,variation,channel,13161.569213030898,nT
2026-03-24T23:04:00.000Z,COLA,X,variation,channel,13157.71526140818,nT
2026-03-24T23:05:00.000Z,COLA,X,variation,channel,13153.646153861971,nT
2026-03-24T23:06:00.000Z,COLA,X,variation,channel,13153.285684646147,nT
2026-03-24T23:07:00.000Z,COLA,X,variation,channel,13155.196823342398,nT
2026-03-24T23:08:00.000Z,COLA,X,variation,channel,13158.407383863023,nT
2026-03-24T23:09:00.000Z,COLA,X,variation,channel,13166.252025534483,nT
2026-03-24T23:10:00.000Z,COLA,X,variation,channel,13167.428480291743,nT
2026-03-24T23:11:00.000Z,COLA,X,variation,channel,13167.168048732885,nT
2026-03-24T23:12:00.000Z,COLA,X,variation,channel,13169.767652566856,nT
2026-03-24T23:13:00.000Z,COLA,X,variation,channel,13175.109458336165,nT
2026-03-24T23:14:00.000Z,COLA,X,variation,channel,13180.67419591369,nT
2026-03-24T23:15:00.000Z,COLA,X,variation,channel,13189.945119381238,nT
2026-03-24T23:16:00.000Z,COLA,X,variation,channel,13195.951705972933,nT
2026-03-24T23:17:00.000Z,COLA,X,variation,channel,13200.499599837396,nT
2026-03-24T23:18:00.000Z,COLA,X,variation,channel,13205.991348667989,nT
2026-03-24T23:19:00.000Z,COLA,X,variation,channel,13209.767604563775,nT
2026-03-24T23:20:00.000Z,COLA,X,variation,channel,13215.62547223902,nT
2026-03-24T23:21:00.000Z,COLA,X,variation,channel,13215.411438540226,nT
2026-03-24T23:22:00.000Z,COLA,X,variation,channel,13209.61465498902,nT
2026-03-24T23:23:00.000Z,COLA,X,variation,channel,13203.6247887017,nT
2026-03-24T23:24:00.000Z,COLA,X,variation,channel,13196.507103983127,nT
2026-03-24T23:25:00.000Z,COLA,X,variation,channel,13198.016725102942,nT
2026-03-24T23:26:00.000Z,COLA,X,variation,channel,13196.198235493486,nT
2026-03-24T23:27:00.000Z,COLA,X,variation,channel,13193.69333168172,nT
2026-03-24T23:28:00.000Z,COLA,X,variation,channel,13191.421747276901,nT
2026-03-24T23:29:00.000Z,COLA,X,variation,channel,13190.854412683924,nT
2026-03-24T23:30:00.000Z,COLA,X,variation,channel,13192.589660441488,nT
2026-03-24T23:31:00.000Z,COLA,X,variation,channel,13189.101043266113,nT
2026-03-24T23:32:00.000Z,COLA,X,variation,channel,13181.445083371374,nT
2026-03-24T23:33:00.000Z,COLA,X,variation,channel,13175.104581060315,nT
2026-03-24T23:34:00.000Z,COLA,X,variation,channel,13169.965235491773,nT
2026-03-24T23:35:00.000Z,COLA,X,variation,channel,13168.225430468985,nT
2026-03-24T23:36:00.000Z,COLA,X,variation,channel,13163.709435801038,nT
2026-03-24T23:37:00.000Z,COLA,X,variation,channel,13158.860904091194,nT
2026-03-24T23:38:00.000Z,COLA,X,variation,channel,13159.373650260677,nT
2026-03-24T23:39:00.000Z,COLA,X,variation,channel,13159.028520495924,nT
2026-03-24T23:40:00.000Z,COLA,X,variation,channel,13157.539150063103,nT
2026-03-24T23:41:00.000Z,COLA,X,variation,channel,13153.910981937977,nT
2026-03-24T23:42:00.000Z,COLA,X,variation,channel,13158.650044332135,nT
2026-03-24T23:43:00.000Z,COLA,X,variation,channel,13155.187078166968,nT
2026-03-24T23:44:00.000Z,COLA,X,variation,channel,13147.168722612927,nT
2026-03-24T23:45:00.000Z,COLA,X,variation,channel,13148.473853755575,nT
2026-03-24T23:46:00.000Z,COLA,X,variation,channel,13146.177078838045,nT
2026-03-24T23:47:00.000Z,COLA,X,variation,channel,13145.197279297943,nT
2026-03-24T23:48:00.000Z,COLA,X,variation,channel,13151.414827694543,nT
2026-03-24T23:49:00.000Z,COLA,X,variation,channel,13150.899217436792,nT
2026-03-24T23:50:00.000Z,COLA,X,variation,channel,13147.065478961917,nT
2026-03-24T23:51:00.000Z,COLA,X,variation,channel,13143.673322537894,nT
2026-03-24T23:52:00.000Z,COLA,X,variation,channel,13146.076862338914,nT
2026-03-24T23:53:00.000Z,COLA,X,variation,channel,13153.581782712195,nT
2026-03-24T23:54:00.000Z,COLA,X,variation,channel,13161.33988382189,nT
2026-03-24T23:55:00.000Z,COLA,X,variation,channel,13157.014723395585,nT
2026-03-24T23:56:00.000Z,COLA,X,variation,channel,13154.565389454263,nT
2026-03-24T23:57:00.000Z,COLA,X,variation,channel,13153.400058335988,nT
2026-03-24T23:58:00.000Z,COLA,X,variation,channel,13156.15254170687,nT
2026-03-24T23:59:00.000Z,COLA,X,variation,channel,13154.374936953123,nT
2026-03-25T00:00:00.000Z,COLA,X,variation,channel,13157.386847038828,nT
2026-03-25T00:01:00.000Z,COLA,X,variation,channel,13159.136017411278,nT
2026-03-25T00:02:00.000Z,COLA,X,variation,channel,13150.139681555986,nT
2026-03-25T00:03:00.000Z,COLA,X,variation,channel,13155.251686981206,nT
2026-03-25T00:04:00.000Z,COLA,X,variation,channel,13160.439978772876,nT
2026-03-25T00:05:00.000Z,COLA,X,variation,channel,13166.99791531032,nT
2026-03-25T00:06:00.000Z,COLA,X,variation,channel,13176.792304638151,nT
2026-03-25T00:07:00.000Z,COLA,X,variation,channel,13174.295993757558,nT
2026-03-25T00:08:00.000Z,COLA,X,variation,channel,13179.610527659093,nT
2026-03-25T00:09:00.000Z,COLA,X,variation,channel,13173.204625868977,nT
2026-03-25T00:10:00.000Z,COLA,X,variation,channel,13172.414684679123,nT
2026-03-25T00:11:00.000Z,COLA,X,variation,channel,13180.195717496958,nT
2026-03-25T00:12:00.000Z,COLA,X,variation,channel,13178.748984936099,nT
2026-03-25T00:13:00.000Z,COLA,X,variation,channel,13175.478558165552,nT
2026-03-25T00:14:00.000Z,COLA,X,variation,channel,13183.74575964626,nT
2026-03-25T00:15:00.000Z,COLA,X,variation,channel,13195.659375170935,nT
2026-03-25T00:16:00.000Z,COLA,X,variation,channel,13201.48554499786,nT
2026-03-25T00:17:00.000Z,COLA,X,variation,channel,13203.498919349242,nT
2026-03-25T00:18:00.000Z,COLA,X,variation,channel,13203.238166557792,nT
2026-03-25T00:19:00.000Z,COLA,X,variation,channel,13206.849822136926,nT
2026-03-25T00:20:00.000Z,COLA,X,variation,channel,13212.290609141255,nT
2026-03-25T00:21:00.000Z,COLA,X,variation,channel,13216.241145345923,nT
2026-03-25T00:22:00.000Z,COLA,X,variation,channel,13217.919853874939,nT
2026-03-25T00:23:00.000Z,COLA,X,variation,channel,13216.60477108362,nT
2026-03-25T00:24:00.000Z,COLA,X,variation,channel,13215.578692578527,nT
2026-03-25T00:25:00.000Z,COLA,X,variation,channel,13218.613343044599,nT
2026-03-25T00:26:00.000Z,COLA,X,variation,channel,13222.693255046694,nT
2026-03-25T00:27:00.000Z,COLA,X,variation,channel,13223.004589499576,nT
2026-03-25T00:28:00.000Z,COLA,X,variation,channel,13217.676742098385,nT
2026-03-25T00:29:00.000Z,COLA,X,variation,channel,13215.997034495855,nT
2026-03-25T00:30:00.000Z,COLA,X,variation,channel,13218.353237472751,nT
2026-03-25T00:31:00.000Z,COLA,X,variation,channel,13220.590282020596,nT
2026-03-25T00:32:00.000Z,COLA,X,variation,channel,13219.028713383017,nT
2026-03-25T00:33:00.000Z,COLA,X,variation,channel,13219.414579825541,nT
2026-03-25T00:34:00.000Z,COLA,X,variation,channel,13215.506101289695,nT
2026-03-25T00:35:00.000Z,COLA,X,variation,channel,13216.474924206961,nT
2026-03-25T00:36:00.000Z,COLA,X,variation,channel,13215.886772260234,nT
2026-03-25T00:37:00.000Z,COLA,X,variation,channel,13213.004686605727,nT
2026-03-25T00:38:00.000Z,COLA,X,variation,channel,13210.78046237878,nT
2026-03-25T00:39:00.000Z,COLA,X,variation,channel,13211.710450984012,nT
2026-03-25T00:40:00.000Z,COLA,X,variation,channel,13209.510701813751,nT
2026-03-25T00:41:00.000Z,COLA,X,variation,channel,13201.224259646344,nT
2026-03-25T00:42:00.000Z,COLA,X,variation,channel,13192.170632233705,nT
2026-03-25T00:43:00.000Z,COLA,X,variation,channel,13182.776676563637,nT
2026-03-25T00:44:00.000Z,COLA,X,variation,channel,13177.615767773857,nT
2026-03-25T00:45:00.000Z,COLA,X,variation,channel,13178.961308663658,nT
2026-03-25T00:46:00.000Z,COLA,X,variation,channel,13175.977495181243,nT
2026-03-25T00:47:00.000Z,COLA,X,variation,channel,13172.097268796955,nT
2026-03-25T00:48:00.000Z,COLA,X,variation,channel,13174.125237305136,nT
2026-03-25T00:49:00.000Z,COLA,X,variation,channel,13178.692490492076,nT
2026-03-25T00:50:00.000Z,COLA,X,variation,channel,13180.88029644211,nT
2026-03-25T00:51:00.000Z,COLA,X,variation,channel,13183.584117352795,nT
2026-03-25T00:52:00.000Z,COLA,X,variation,channel,13186.114983182742,nT
2026-03-25T00:53:00.000Z,COLA,X,variation,channel,13185.531018412246,nT
2026-03-25T00:54:00.000Z,COLA,X,variation,channel,13182.732028735474,nT
2026-03-25T00:55:00.000Z,COLA,X,variation,channel,13185.627401609094,nT
2026-03-25T00:56:00.000Z,COLA,X,variation,channel,13182.838483115425,nT
2026-03-25T00:57:00.000Z,COLA,X,variation,channel,13176.812414702978,nT
2026-03-25T00:58:00.000Z,COLA,X,variation,channel,13180.140256290022,nT
2026-03-25T00:59:00.000Z,COLA,X,variation,channel,13183.094500540185,nT
2026-03-25T01:00:00.000Z,COLA,X,variation,channel,13184.714245713929,nT
2026-03-25T01:01:00.000Z,COLA,X,variation,channel,13171.519040863957,nT
2026-03-25T01:02:00.000Z,COLA,X,variation,channel,13165.090928202682,nT
2026-03-25T01:03:00.000Z,COLA,X,variation,channel,13172.398791160134,nT
2026-03-25T01:04:00.000Z,COLA,X,variation,channel,13175.90282639588,nT
2026-03-25T01:05:00.000Z,COLA,X,variation,channel,13176.822799299413,nT
2026-03-25T01:06:00.000Z,COLA,X,variation,channel,13178.918184381288,nT
2026-03-25T01:07:00.000Z,COLA,X,variation,channel,13181.632362853214,nT
2026-03-25T01:08:00.000Z,COLA,X,variation,channel,13187.513755663016,nT
2026-03-25T01:09:00.000Z,COLA,X,variation,channel,13211.282080145944,nT
2026-03-25T01:10:00.000Z,COLA,X,variation,channel,13176.86708500039,nT
2026-03-25T01:11:00.000Z,COLA,X,variation,channel,13181.761881685947,nT
2026-03-25T01:12:00.000Z,COLA,X,variation,channel,13218.266450114306,nT
2026-03-25T01:13:00.000Z,COLA,X,variation,channel,13215.78132658035,nT
2026-03-25T01:14:00.000Z,COLA,X,variation,channel,13214.644432578929,nT
2026-03-25T01:15:00.000Z,COLA,X,variation,channel,13217.035568132986,nT
2026-03-25T01:16:00.000Z,COLA,X,variation,channel,13215.293271199818,nT
2026-03-25T01:17:00.000Z,COLA,X,variation,channel,13201.784059338259,nT
2026-03-25T01:18:00.000Z,COLA,X,variation,channel,13210.188930314438,nT
2026-03-25T01:19:00.000Z,COLA,X,variation,channel,13204.021275079891,nT
2026-03-25T01:20:00.000Z,COLA,X,variation,channel,13200.316912593762,nT
2026-03-25T01:21:00.000Z,COLA,X,variation,channel,13202.24251600575,nT
2026-03-25T01:22:00.000Z,COLA,X,variation,channel,13197.901610874758,nT
2026-03-25T01:23:00.000Z,COLA,X,variation,channel,13201.907600563043,nT
2026-03-25T01:24:00.000Z,COLA,X,variation,channel,13207.582659308695,nT
2026-03-25T01:25:00.000Z,COLA,X,variation,channel,13208.18538622723,nT
2026-03-25T01:26:00.000Z,COLA,X,variation,channel,13207.050187445397,nT
2026-03-25T01:27:00.000Z,COLA,X,variation,channel,13206.164722911366,nT
2026-03-25T01:28:00.000Z,COLA,X,variation,channel,13204.527467880152,nT
2026-03-25T01:29:00.000Z,COLA,X,variation,channel,13201.50894925395,nT
2026-03-25T01:30:00.000Z,COLA,X,variation,channel,13201.800864934163,nT
2026-03-25T01:31:00.000Z,COLA,X,variation,channel,13198.329707950557,nT
2026-03-25T01:32:00.000Z,COLA,X,variation,channel,13192.623069205094,nT
2026-03-25T01:33:00.000Z,COLA,X,variation,channel,13191.480513173232,nT
2026-03-25T01:34:00.000Z,COLA,X,variation,channel,13187.925921950957,nT
2026-03-25T01:35:00.000Z,COLA,X,variation,channel,13184.566595266568,nT
2026-03-25T01:36:00.000Z,COLA,X,variation,channel,13181.372902727508,nT
2026-03-25T01:37:00.000Z,COLA,X,variation,channel,13172.642844532707,nT
2026-03-25T01:38:00.000Z,COLA,X,variation,channel,13172.692864927512,nT
2026-03-25T01:39:00.000Z,COLA,X,variation,channel,13172.006188883615,nT
2026-03-25T01:40:00.000Z,COLA,X,variation,channel,13170.894175339785,nT
2026-03-25T01:41:00.000Z,COLA,X,variation,channel,13174.081185852412,nT
2026-03-25T01:42:00.000Z,COLA,X,variation,channel,13175.570172022792,nT
2026-03-25T01:43:00.000Z,COLA,X,variation,channel,13181.539010083834,nT
2026-03-25T01:44:00.000Z,COLA,X,variation,channel,13183.329062006113,nT
2026-03-25T01:45:00.000Z,COLA,X,variation,channel,13186.409936473678,nT
2026-03-25T01:46:00.000Z,COLA,X,variation,channel,13186.7188597648,nT
2026-03-25T01:47:00.000Z,COLA,X,variation,channel,13193.081549715194,nT
2026-03-25T01:48:00.000Z,COLA,X,variation,channel,13194.099689001581,nT
2026-03-25T01:49:00.000Z,COLA,X,variation,channel,13201.683585092229,nT
2026-03-25T01:50:00.000Z,COLA,X,variation,channel,13204.089007260382,nT
2026-03-25T01:51:00.000Z,COLA,X,variation,channel,13206.091133297154,nT
2026-03-25T01:52:00.000Z,COLA,X,variation,channel,13205.511404542818,nT
2026-03-25T01:53:00.000Z,COLA,X,variation,channel,13202.560960399247,nT
2026-03-25T01:54:00.000Z,COLA,X,variation,channel,13200.12526486107,nT
2026-03-25T01:55:00.000Z,COLA,X,variation,channel,13207.833984213165,nT
2026-03-25T01:56:00.000Z,COLA,X,variation,channel,13209.230979469148,nT
2026-03-25T01:57:00.000Z,COLA,X,variation,channel,13209.338008339662,nT
2026-03-25T01:58:00.000Z,COLA,X,variation,channel,13210.242976609183,nT
2026-03-25T01:59:00.000Z,COLA,X,variation,channel,13213.632104204447,nT
2026-03-25T02:00:00.000Z,COLA,X,variation,channel,13211.536456903406,nT
2026-03-25T02:01:00.000Z,COLA,X,variation,channel,13207.763783702883,nT
2026-03-25T02:02:00.000Z,COLA,X,variation,channel,13209.682897948525,nT
2026-03-25T02:03:00.000Z,COLA,X,variation,channel,13207.748778266923,nT
2026-03-25T02:04:00.000Z,COLA,X,variation,channel,13204.462223392164,nT
2026-03-25T02:05:00.000Z,COLA,X,variation,channel,13195.80735185548,nT
2026-03-25T02:06:00.000Z,COLA,X,variation,channel,13191.25802137495,nT
2026-03-25T02:07:00.000Z,COLA,X,variation,channel,13199.133511397033,nT
2026-03-25T02:08:00.000Z,COLA,X,variation,channel,13196.470425504234,nT
2026-03-25T02:09:00.000Z,COLA,X,variation,channel,13182.108371313685,nT
2026-03-25T02:10:00.000Z,COLA,X,variation,channel,13177.457729105523,nT
2026-03-25T02:11:00.000Z,COLA,X,variation,channel,13179.186726414844,nT
2026-03-25T02:12:00.000Z,COLA,X,variation,channel,13182.23292623531,nT
2026-03-25T02:13:00.000Z,COLA,X,variation,channel,13187.658954781089,nT
2026-03-25T02:14:00.000Z,COLA,X,variation,channel,13194.82830172868,nT
2026-03-25T02:15:00.000Z,COLA,X,variation,channel,13203.241393409544,nT
2026-03-25T02:16:00.000Z,COLA,X,variation,channel,13205.174604572996,nT
2026-03-25T02:17:00.000Z,COLA,X,variation,channel,13194.338562686899,nT
2026-03-25T02:18:00.000Z,COLA,X,variation,channel,13186.104719281142,nT
2026-03-25T02:19:00.000Z,COLA,X,variation,channel,13189.229734065135,nT
2026-03-25T02:20:00.000Z,COLA,X,variation,channel,13195.148937305261,nT
2026-03-25T02:21:00.000Z,COLA,X,variation,channel,13192.918510798387,nT
2026-03-25T02:22:00.000Z,COLA,X,variation,channel,13191.95817739825,nT
2026-03-25T02:23:00.000Z,COLA,X,variation,channel,13198.221617547399,nT
2026-03-25T02:24:00.000Z,COLA,X,variation,channel,13205.451382507079,nT
2026-03-25T02:25:00.000Z,COLA,X,variation,channel,13206.299564699118,nT
2026-03-25T02:26:00.000Z,COLA,X,variation,channel,13194.643797112843,nT
2026-03-25T02:27:00.000Z,COLA,X,variation,channel,13185.237268254843,nT
2026-03-25T02:28:00.000Z,COLA,X,variation,channel,13183.155584965856,nT
2026-03-25T02:29:00.000Z,COLA,X,variation,channel,13190.54848842106,nT
2026-03-25T02:30:00.000Z,COLA,X,variation,channel,13192.688098170796,nT
2026-03-25T02:31:00.000Z,COLA,X,variation,channel,13190.29086017591,nT
2026-03-25T02:32:00.000Z,COLA,X,variation,channel,13188.060060899244,nT
2026-03-25T02:33:00.000Z,COLA,X,variation,channel,13185.246077506881,nT
2026-03-25T02:34:00.000Z,COLA,X,variation,channel,13186.780961123886,nT
2026-03-25T02:35:00.000Z,COLA,X,variation,channel,13185.42874342333,nT
2026-03-25T02:36:00.000Z,COLA,X,variation,channel,13180.18666008745,nT
2026-03-25T02:37:00.000Z,COLA,X,variation,channel,13179.769280474304,nT
2026-03-25T02:38:00.000Z,COLA,X,variation,channel,13176.998191447212,nT
2026-03-25T02:39:00.000Z,COLA,X,variation,channel,13173.967465331189,nT
2026-03-25T02:40:00.000Z,COLA,X,variation,channel,13172.73534657735,nT
2026-03-25T02:41:00.000Z,COLA,X,variation,channel,13176.979628127723,nT
2026-03-25T02:42:00.000Z,COLA,X,variation,channel,13180.66006847234,nT
2026-03-25T02:43:00.000Z,COLA,X,variation,channel,13179.551405500986,nT
2026-03-25T02:44:00.000Z,COLA,X,variation,channel,13181.506169732991,nT
2026-03-25T02:45:00.000Z,COLA,X,variation,channel,13182.405032973333,nT
2026-03-25T02:46:00.000Z,COLA,X,variation,channel,13188.069525487257,nT
2026-03-25T02:47:00.000Z,COLA,X,variation,channel,13194.896821852259,nT
2026-03-25T02:48:00.000Z,COLA,X,variation,channel,13194.244628179287,nT
2026-03-25T02:49:00.000Z,COLA,X,variation,channel,13190.79533655397,nT
2026-03-25T02:50:00.000Z,COLA,X,variation,channel,13195.283161966858,nT
2026-03-25T02:51:00.000Z,COLA,X,variation,channel,13203.167454371229,nT
2026-03-25T02:52:00.000Z,COLA,X,variation,channel,13208.803718971192,nT
2026-03-25T02:53:00.000Z,COLA,X,variation,channel,13211.9555308129,nT
2026-03-25T02:54:00.000Z,COLA,X,variation,channel,13216.441399485853,nT
2026-03-25T02:55:00.000Z,COLA,X,variation,channel,13229.144294488855,nT
2026-03-25T02:56:00.000Z,COLA,X,variation,channel,13237.212139429019,nT
2026-03-25T02:57:00.000Z,COLA,X,variation,channel,13234.994250430334,nT
2026-03-25T02:58:00.000Z,COLA,X,variation,channel,13238.868844943734,nT
2026-03-25T02:59:00.000Z,COLA,X,variation,channel,13249.623273400965,nT
2026-03-25T03:00:00.000Z,COLA,X,variation,channel,13256.44296992701,nT
2026-03-25T03:01:00.000Z,COLA,X,variation,channel,13257.20994489098,nT
2026-03-25T03:02:00.000Z,COLA,X,variation,channel,13256.630799641722,nT
2026-03-25T03:03:00.000Z,COLA,X,variation,channel,13259.824830082152,nT
2026-03-25T03:04:00.000Z,COLA,X,variation,channel,13260.913969944775,nT
2026-03-25T03:05:00.000Z,COLA,X,variation,channel,13263.865632432575,nT
2026-03-25T03:06:00.000Z,COLA,X,variation,channel,13258.806025378764,nT
2026-03-25T03:07:00.000Z,COLA,X,variation,channel,13261.927873523904,nT
2026-03-25T03:08:00.000Z,COLA,X,variation,channel,13266.944369635914,nT
2026-03-25T03:09:00.000Z,COLA,X,variation,channel,13266.461914911404,nT
2026-03-25T03:10:00.000Z,COLA,X,variation,channel,13263.055525419668,nT
2026-03-25T03:11:00.000Z,COLA,X,variation,channel,13263.176946924843,nT
2026-03-25T03:12:00.000Z,COLA,X,variation,channel,13260.498555291373,nT
2026-03-25T03:13:00.000Z,COLA,X,variation,channel,13257.266094140121,nT
2026-03-25T03:14:00.000Z,COLA,X,variation,channel,13254.250484413544,nT
2026-03-25T03:15:00.000Z,COLA,X,variation,channel,13250.096358190676,nT
2026-03-25T03:16:00.000Z,COLA,X,variation,channel,13243.240753541288,nT
2026-03-25T03:17:00.000Z,COLA,X,variation,channel,13244.47910923318,nT
2026-03-25T03:18:00.000Z,COLA,X,variation,channel,13243.504887532266,nT
2026-03-25T03:19:00.000Z,COLA,X,variation,channel,13245.434262925644,nT
2026-03-25T03:20:00.000Z,COLA,X,variation,channel,13242.255358675273,nT
2026-03-25T03:21:00.000Z,COLA,X,variation,channel,13245.51057868073,nT
2026-03-25T03:22:00.000Z,COLA,X,variation,channel,13249.959092459847,nT
2026-03-25T03:23:00.000Z,COLA,X,variation,channel,13243.395326180473,nT
2026-03-25T03:24:00.000Z,COLA,X,variation,channel,13235.485322402265,nT
2026-03-25T03:25:00.000Z,COLA,X,variation,channel,13234.767870556723,nT
2026-03-25T03:26:00.000Z,COLA,X,variation,channel,13227.711495912119,nT
2026-03-25T03:27:00.000Z,COLA,X,variation,channel,13218.101134812532,nT
2026-03-25T03:28:00.000Z,COLA,X,variation,channel,13209.886866842606,nT
2026-03-25T03:29:00.000Z,COLA,X,variation,channel,13204.360327403128,nT
2026-03-25T03:30:00.000Z,COLA,X,variation,channel,13198.178280354574,nT
2026-03-25T03:31:00.000Z,COLA,X,variation,channel,13194.137980492356,nT
2026-03-25T03:32:00.000Z,COLA,X,variation,channel,13189.183577578391,nT
2026-03-25T03:33:00.000Z,COLA,X,variation,channel,13183.763041533784,nT
2026-03-25T03:34:00.000Z,COLA,X,variation,channel,13185.543389160232,nT
2026-03-25T03:35:00.000Z,COLA,X,variation,channel,13187.766139589026,nT
2026-03-25T03:36:00.000Z,COLA,X,variation,channel,13188.586971915473,nT
2026-03-25T03:37:00.000Z,COLA,X,variation,channel,13192.106825351382,nT
2026-03-25T03:38:00.000Z,COLA,X,variation,channel,13184.924924575478,nT
2026-03-25T03:39:00.000Z,COLA,X,variation,channel,13186.517314263327,nT
2026-03-25T03:40:00.000Z,COLA,X,variation,channel,13191.994485031793,nT
2026-03-25T03:41:00.000Z,COLA,X,variation,channel,13200.930678177367,nT
2026-03-25T03:42:00.000Z,COLA,X,variation,channel,13207.192610645603,nT
2026-03-25T03:43:00.000Z,COLA,X,variation,channel,13216.906857460875,nT
2026-03-25T03:44:00.000Z,COLA,X,variation,channel,13230.053332405878,nT
2026-03-25T03:45:00.000Z,COLA,X,variation,channel,13227.766348885936,nT
2026-03-25T03:46:00.000Z,COLA,X,variation,channel,13220.732986653144,nT
2026-03-25T03:47:00.000Z,COLA,X,variation,channel,13230.913463914745,nT
2026-03-25T03:48:00.000Z,COLA,X,variation,channel,13239.95477081471,nT
2026-03-25T03:49:00.000Z,COLA,X,variation,channel,13240.826036715105,nT
2026-03-25T03:50:00.000Z,COLA,X,variation,channel,13247.026871399594,nT
2026-03-25T03:51:00.000Z,COLA,X,variation,channel,13253.163134839455,nT
2026-03-25T03:52:00.000Z,COLA,X,variation,channel,13251.089684438279,nT
2026-03-25T03:53:00.000Z,COLA,X,variation,channel,13252.438815298445,nT
2026-03-25T03:54:00.000Z,COLA,X,variation,channel,13259.38139137847,nT
2026-03-25T03:55:00.000Z,COLA,X,variation,channel,13254.453861926731,nT
2026-03-25T03:56:00.000Z,COLA,X,variation,channel,13251.00114687809,nT
2026-03-25T03:57:00.000Z,COLA,X,variation,channel,13253.989859924908,nT
2026-03-25T03:58:00.000Z,COLA,X,variation,channel,13250.164707526445,nT
2026-03-25T03:59:00.000Z,COLA,X,variation,channel,13250.839444921687,nT
2026-03-25T04:00:00.000Z,COLA,X,variation,channel,13250.251068570962,nT
2026-03-25T04:01:00.000Z,COLA,X,variation,channel,13241.8986414515,nT
2026-03-25T04:02:00.000Z,COLA,X,variation,channel,13245.640325293156,nT
2026-03-25T04:03:00.000Z,COLA,X,variation,channel,13251.939779204624,nT
2026-03-25T04:04:00.000Z,COLA,X,variation,channel,13253.49299009598,nT
2026-03-25T04:05:00.000Z,COLA,X,variation,channel,13244.931861936593,nT
2026-03-25T04:06:00.000Z,COLA,X,variation,channel,13237.834081728955,nT
2026-03-25T04:07:00.000Z,COLA,X,variation,channel,13240.023582297188,nT
2026-03-25T04:08:00.000Z,COLA,X,variation,channel,13237.644733158435,nT
2026-03-25T04:09:00.000Z,COLA,X,variation,channel,13241.176238232203,nT
2026-03-25T04:10:00.000Z,COLA,X,variation,channel,13245.644059447297,nT
2026-03-25T04:11:00.000Z,COLA,X,variation,channel,13237.726994231289,nT
2026-03-25T04:12:00.000Z,COLA,X,variation,channel,13237.077099864726,nT
2026-03-25T04:13:00.000Z,COLA,X,variation,channel,13240.51688739482,nT
2026-03-25T04:14:00.000Z,COLA,X,variation,channel,13227.329101302961,nT
2026-03-25T04:15:00.000Z,COLA,X,variation,channel,13240.61854329658,nT
2026-03-25T04:16:00.000Z,COLA,X,variation,channel,13242.800828080444,nT
2026-03-25T04:17:00.000Z,COLA,X,variation,channel,13249.972646385864,nT
2026-03-25T04:18:00.000Z,COLA,X,variation,channel,13248.759051736348,nT
2026-03-25T04:19:00.000Z,COLA,X,variation,channel,13237.364816370426,nT
2026-03-25T04:20:00.000Z,COLA,X,variation,channel,13239.85623466413,nT
2026-03-25T04:21:00.000Z,COLA,X,variation,channel,13265.16531172829,nT
2026-03-25T04:22:00.000Z,COLA,X,variation,channel,13266.550333502659,nT
2026-03-25T04:23:00.000Z,COLA,X,variation,channel,13272.20719794806,nT
2026-03-25T04:24:00.000Z,COLA,X,variation,channel,13283.566396701319,nT
2026-03-25T04:25:00.000Z,COLA,X,variation,channel,13303.933626712309,nT
2026-03-25T04:26:00.000Z,COLA,X,variation,channel,13313.368181216305,nT
2026-03-25T04:27:00.000Z,COLA,X,variation,channel,13340.35076185852,nT
2026-03-25T04:28:00.000Z,COLA,X,variation,channel,13353.208388238585,nT
2026-03-25T04:29:00.000Z,COLA,X,variation,channel,13358.118135664132,nT
2026-03-25T04:30:00.000Z,COLA,X,variation,channel,13353.687724806026,nT
2026-03-25T04:31:00.000Z,COLA,X,variation,channel,13353.858349665064,nT
2026-03-25T04:32:00.000Z,COLA,X,variation,channel,13357.35932981187,nT
2026-03-25T04:33:00.000Z,COLA,X,variation,channel,13347.066361841155,nT
2026-03-25T04:34:00.000Z,COLA,X,variation,channel,13333.19817328113,nT
2026-03-25T04:35:00.000Z,COLA,X,variation,channel,13317.375816171674,nT
2026-03-25T04:36:00.000Z,COLA,X,variation,channel,13293.443303440981,nT
2026-03-25T04:37:00.000Z,COLA,X,variation,channel,13278.396314613585,nT
2026-03-25T04:38:00.000Z,COLA,X,variation,channel,13258.743430209108,nT
2026-03-25T04:39:00.000Z,COLA,X,variation,channel,13239.91510585221,nT
2026-03-25T04:40:00.000Z,COLA,X,variation,channel,13228.166914478528,nT
2026-03-25T04:41:00.000Z,COLA,X,variation,channel,13216.8780429151,nT
2026-03-25T04:42:00.000Z,COLA,X,variation,channel,13200.627928300895,nT
2026-03-25T04:43:00.000Z,COLA,X,variation,channel,13187.124970711597,nT
2026-03-25T04:44:00.000Z,COLA,X,variation,channel,13181.493696267578,nT
2026-03-25T04:45:00.000Z,COLA,X,variation,channel,13178.754907009401,nT
2026-03-25T04:46:00.000Z,COLA,X,variation,channel,13173.052611530376,nT
2026-03-25T04:47:00.000Z,COLA,X,variation,channel,13175.026070856875,nT
2026-03-25T04:48:00.000Z,COLA,X,variation,channel,13175.403381449967,nT
2026-03-25T04:49:00.000Z,COLA,X,variation,channel,13171.875806416212,nT
2026-03-25T04:50:00.000Z,COLA,X,variation,channel,13168.811132749244,nT
2026-03-25T04:51:00.000Z,COLA,X,variation,channel,13169.414756758448,nT
2026-03-25T04:52:00.000Z,COLA,X,variation,channel,13172.04685441189,nT
2026-03-25T04:53:00.000Z,COLA,X,variation,channel,13175.447759582228,nT
2026-03-25T04:54:00.000Z,COLA,X,variation,channel,13176.50565901136,nT
2026-03-25T04:55:00.000Z,COLA,X,variation,channel,13183.760670957841,nT
2026-03-25T04:56:00.000Z,COLA,X,variation,channel,13192.238085637415,nT
2026-03-25T04:57:00.000Z,COLA,X,variation,channel,13193.527912044547,nT
2026-03-25T04:58:00.000Z,COLA,X,variation,channel,13201.186696489049,nT
2026-03-25T04:59:00.000Z,COLA,X,variation,channel,13209.551986422695,nT
2026-03-25T05:00:00.000Z,COLA,X,variation,channel,13213.897365377728,nT
2026-03-25T05:01:00.000Z,COLA,X,variation,channel,13214.685933548377,nT
2026-03-25T05:02:00.000Z,COLA,X,variation,channel,13212.76576042474,nT
2026-03-25T05:03:00.000Z,COLA,X,variation,channel,13208.062296496848,nT
2026-03-25T05:04:00.000Z,COLA,X,variation,channel,13202.976250708025,nT
2026-03-25T05:05:00.000Z,COLA,X,variation,channel,13202.226760913642,nT
2026-03-25T05:06:00.000Z,COLA,X,variation,channel,13203.344208153141,nT
2026-03-25T05:07:00.000Z,COLA,X,variation,channel,13202.53176848181,nT
2026-03-25T05:08:00.000Z,COLA,X,variation,channel,13200.175091567182,nT
2026-03-25T05:09:00.000Z,COLA,X,variation,channel,13197.172737904051,nT
2026-03-25T05:10:00.000Z,COLA,X,variation,channel,13200.847562569428,nT
2026-03-25T05:11:00.000Z,COLA,X,variation,channel,13205.523900362901,nT
2026-03-25T05:12:00.000Z,COLA,X,variation,channel,13205.33155478953,nT
2026-03-25T05:13:00.000Z,COLA,X,variation,channel,13202.505586982801,nT
2026-03-25T05:14:00.000Z,COLA,X,variation,channel,13198.119443515745,nT
2026-03-25T05:15:00.000Z,COLA,X,variation,channel,13195.350558432534,nT
2026-03-25T05:16:00.000Z,COLA,X,variation,channel,13200.178671907152,nT
2026-03-25T05:17:00.000Z,COLA,X,variation,channel,13204.419790074782,nT
2026-03-25T05:18:00.000Z,COLA,X,variation,channel,13210.420147137687,nT
2026-03-25T05:19:00.000Z,COLA,X,variation,channel,13217.09053915867,nT
2026-03-25T05:20:00.000Z,COLA,X,variation,channel,13219.70501770795,nT
2026-03-25T05:21:00.000Z,COLA,X,variation,channel,13220.726013349506,nT
2026-03-25T05:22:00.000Z,COLA,X,variation,channel,13220.443477370385,nT
2026-03-25T05:23:00.000Z,COLA,X,variation,channel,13215.63802874648,nT
2026-03-25T05:24:00.000Z,COLA,X,variation,channel,13210.817541932764,nT
2026-03-25T05:25:00.000Z,COLA,X,variation,channel,13214.920607010812,nT
2026-03-25T05:26:00.000Z,COLA,X,variation,channel,13223.019318481736,nT
2026-03-25T05:27:00.000Z,COLA,X,variation,channel,13228.05521905813,nT
2026-03-25T05:28:00.000Z,COLA,X,variation,channel,13225.533604029479,nT
2026-03-25T05:29:00.000Z,COLA,X,variation,channel,13217.831266180237,nT
2026-03-25T05:30:00.000Z,COLA,X,variation,channel,13213.257681971363,nT
2026-03-25T05:31:00.000Z,COLA,X,variation,channel,13213.204498774161,nT
2026-03-25T05:32:00.000Z,COLA,X,variation,channel,13217.20252187062,nT
2026-03-25T05:33:00.000Z,COLA,X,variation,channel,13219.797477213231,nT
2026-03-25T05:34:00.000Z,COLA,X,variation,channel,13220.645858688096,nT
2026-03-25T05:35:00.000Z,COLA,X,variation,channel,13217.58285787146,nT
2026-03-25T05:36:00.000Z,COLA,X,variation,channel,13206.958481350559,nT
2026-03-25T05:37:00.000Z,COLA,X,variation,channel,13199.59255050242,nT
2026-03-25T05:38:00.000Z,COLA,X,variation,channel,13201.567702367185,nT
2026-03-25T05:39:00.000Z,COLA,X,variation,channel,13209.3737260577,nT
2026-03-25T05:40:00.000Z,COLA,X,variation,channel,13213.17227501301,nT
2026-03-25T05:41:00.000Z,COLA,X,variation,channel,13212.064615110277,nT
2026-03-25T05:42:00.000Z,COLA,X,variation,channel,13211.344470737893,nT
2026-03-25T05:43:00.000Z,COLA,X,variation,channel,13215.108472396616,nT
2026-03-25T05:44:00.000Z,COLA,X,variation,channel,13217.511006166143,nT
2026-03-25T05:45:00.000Z,COLA,X,variation,channel,13210.83904350178,nT
2026-03-25T05:46:00.000Z,COLA,X,variation,channel,13201.772527890402,nT
2026-03-25T05:47:00.000Z,COLA,X,variation,channel,13193.209675847127,nT
2026-03-25T05:48:00.000Z,COLA,X,variation,channel,13191.997700088968,nT
2026-03-25T05:49:00.000Z,COLA,X,variation,channel,13199.069743637827,nT
2026-03-25T05:50:00.000Z,COLA,X,variation,channel,13200.123983966028,nT
2026-03-25T05:51:00.000Z,COLA,X,variation,channel,13195.702560676205,nT
2026-03-25T05:52:00.000Z,COLA,X,variation,channel,13194.813056175735,nT
2026-03-25T05:53:00.000Z,COLA,X,variation,channel,13194.63502974855,nT
2026-03-25T05:54:00.000Z,COLA,X,variation,channel,13193.345773236339,nT
2026-03-25T05:55:00.000Z,COLA,X,variation,channel,13191.144801223918,nT
2026-03-25T05:56:00.000Z,COLA,X,variation,channel,13192.001488832826,nT
2026-03-25T05:57:00.000Z,COLA,X,variation,channel,13196.248030445568,nT
2026-03-25T05:58:00.000Z,COLA,X,variation,channel,13198.085647037642,nT
2026-03-25T05:59:00.000Z,COLA,X,variation,channel,13195.645559898121,nT
2026-03-25T06:00:00.000Z,COLA,X,variation,channel,13193.878165693584,nT
2026-03-25T06:01:00.000Z,COLA,X,variation,channel,13195.752360432023,nT
2026-03-25T06:02:00.000Z,COLA,X,variation,channel,13197.80012641865,nT
2026-03-25T06:03:00.000Z,COLA,X,variation,channel,13199.163522996518,nT
2026-03-25T06:04:00.000Z,COLA,X,variation,channel,13200.356218105959,nT
2026-03-25T06:05:00.000Z,COLA,X,variation,channel,13200.785759296225,nT
2026-03-25T06:06:00.000Z,COLA,X,variation,channel,13200.332755753241,nT
2026-03-25T06:07:00.000Z,COLA,X,variation,channel,13198.869594269194,nT
2026-03-25T06:08:00.000Z,COLA,X,variation,channel,13199.047379808837,nT
2026-03-25T06:09:00.000Z,COLA,X,variation,channel,13199.444070886948,nT
2026-03-25T06:10:00.000Z,COLA,X,variation,channel,13197.963551381432,nT
2026-03-25T06:11:00.000Z,COLA,X,variation,channel,13197.70781739418,nT
2026-03-25T06:12:00.000Z,COLA,X,variation,channel,13198.497322803183,nT
2026-03-25T06:13:00.000Z,COLA,X,variation,channel,13196.938918656413,nT
2026-03-25T06:14:00.000Z,COLA,X,variation,channel,13193.949677157238,nT
2026-03-25T06:15:00.000Z,COLA,X,variation,channel,13193.187592749764,nT
2026-03-25T06:16:00.000Z,COLA,X,variation,channel,13194.38559081227,nT
2026-03-25T06:17:00.000Z,COLA,X,variation,channel,13194.200706922473,nT
2026-03-25T06:18:00.000Z,COLA,X,variation,channel,13194.251348894672,nT
2026-03-25T06:19:00.000Z,COLA,X,variation,channel,13195.572250891531,nT
2026-03-25T06:20:00.000Z,COLA,X,variation,channel,13196.594650018504,nT
2026-03-25T06:21:00.000Z,COLA,X,variation,channel,13196.938949888638,nT
2026-03-25T06:22:00.000Z,COLA,X,variation,channel,13195.854650905378,nT
2026-03-25T06:23:00.000Z,COLA,X,variation,channel,13194.605670514416,nT
2026-03-25T06:24:00.000Z,COLA,X,variation,channel,13194.080984036185,nT
2026-03-25T06:25:00.000Z,COLA,X,variation,channel,13193.980823694466,nT
2026-03-25T06:26:00.000Z,COLA,X,variation,channel,13192.768201748768,nT
2026-03-25T06:27:00.000Z,COLA,X,variation,channel,13189.63332945168,nT
2026-03-25T06:28:00.000Z,COLA,X,variation,channel,13186.8098794633,nT
2026-03-25T06:29:00.000Z,COLA,X,variation,channel,13187.154599183017,nT
2026-03-25T06:30:00.000Z,COLA,X,variation,channel,13188.324549848354,nT
2026-03-25T06:31:00.000Z,COLA,X,variation,channel,13177.827599020899,nT
2026-03-25T06:32:00.000Z,COLA,X,variation,channel,13182.555740937962,nT
2026-03-25T06:33:00.000Z,COLA,X,variation,channel,13208.183382949532,nT
2026-03-25T06:34:00.000Z,COLA,X,variation,channel,13217.094467300012,nT
2026-03-25T06:35:00.000Z,COLA,X,variation,channel,13223.727357637292,nT
2026-03-25T06:36:00.000Z,COLA,X,variation,channel,13221.533671603145,nT
2026-03-25T06:37:00.000Z,COLA,X,variation,channel,13219.803905634175,nT
2026-03-25T06:38:00.000Z,COLA,X,variation,channel,13219.177778266818,nT
2026-03-25T06:39:00.000Z,COLA,X,variation,channel,13224.9744834081,nT
2026-03-25T06:40:00.000Z,COLA,X,variation,channel,13227.692512567,nT
2026-03-25T06:41:00.000Z,COLA,X,variation,channel,13226.107044030074,nT
2026-03-25T06:42:00.000Z,COLA,X,variation,channel,13229.399529301181,nT
2026-03-25T06:43:00.000Z,COLA,X,variation,channel,13231.000290232514,nT
2026-03-25T06:44:00.000Z,COLA,X,variation,channel,13229.71111723233,nT
2026-03-25T06:45:00.000Z,COLA,X,variation,channel,13231.20255994824,nT
2026-03-25T06:46:00.000Z,COLA,X,variation,channel,13234.663337011614,nT
2026-03-25T06:47:00.000Z,COLA,X,variation,channel,13236.705409620443,nT
2026-03-25T06:48:00.000Z,COLA,X,variation,channel,13231.54423629133,nT
2026-03-25T06:49:00.000Z,COLA,X,variation,channel,13232.014072465803,nT
2026-03-25T06:50:00.000Z,COLA,X,variation,channel,13238.79968251132,nT
2026-03-25T06:51:00.000Z,COLA,X,variation,channel,13240.291934803237,nT
2026-03-25T06:52:00.000Z,COLA,X,variation,channel,13242.568814170238,nT
2026-03-25T06:53:00.000Z,COLA,X,variation,channel,13237.315807481844,nT
2026-03-25T06:54:00.000Z,COLA,X,variation,channel,13233.244426852052,nT
2026-03-25T06:55:00.000Z,COLA,X,variation,channel,13233.92125007216,nT
2026-03-25T06:56:00.000Z,COLA,X,variation,channel,13235.032802838115,nT
2026-03-25T06:57:00.000Z,COLA,X,variation,channel,13242.703371175432,nT
2026-03-25T06:58:00.000Z,COLA,X,variation,channel,13239.55580358308,nT
2026-03-25T06:59:00.000Z,COLA,X,variation,channel,13234.44003386154,nT
2026-03-25T07:00:00.000Z,COLA,X,variation,channel,13236.459357810982,nT
2026-03-25T07:01:00.000Z,COLA,X,variation,channel,13245.218395176396,nT
2026-03-25T07:02:00.000Z,COLA,X,variation,channel,13257.592824120824,nT
2026-03-25T07:03:00.000Z,COLA,X,variation,channel,13252.953041477227,nT
2026-03-25T07:04:00.000Z,COLA,X,variation,channel,13257.409965208151,nT
2026-03-25T07:05:00.000Z,COLA,X,variation,channel,13270.564804828442,nT
2026-03-25T07:06:00.000Z,COLA,X,variation,channel,13259.878263156412,nT
2026-03-25T07:07:00.000Z,COLA,X,variation,channel,13252.327853642328,nT
2026-03-25T07:08:00.000Z,COLA,X,variation,channel,13265.782467164301,nT
2026-03-25T07:09:00.000Z,COLA,X,variation,channel,13260.78095107724,nT
2026-03-25T07:10:00.000Z,COLA,X,variation,channel,13249.48561119819,nT
2026-03-25T07:11:00.000Z,COLA,X,variation,channel,13241.61241884042,nT
2026-03-25T07:12:00.000Z,COLA,X,variation,channel,13236.912398773886,nT
2026-03-25T07:13:00.000Z,COLA,X,variation,channel,13219.027005516624,nT
2026-03-25T07:14:00.000Z,COLA,X,variation,channel,13202.838703174511,nT
2026-03-25T07:15:00.000Z,COLA,X,variation,channel,13195.417182178016,nT
2026-03-25T07:16:00.000Z,COLA,X,variation,channel,13202.251610169225,nT
2026-03-25T07:17:00.000Z,COLA,X,variation,channel,13205.02904763076,nT
2026-03-25T07:18:00.000Z,COLA,X,variation,channel,13190.648825349885,nT
2026-03-25T07:19:00.000Z,COLA,X,variation,channel,13177.674396418104,nT
2026-03-25T07:20:00.000Z,COLA,X,variation,channel,13182.768053962862,nT
2026-03-25T07:21:00.000Z,COLA,X,variation,channel,13192.024496388243,nT
2026-03-25T07:22:00.000Z,COLA,X,variation,channel,13183.867370574277,nT
2026-03-25T07:23:00.000Z,COLA,X,variation,channel,13182.900366809026,nT
2026-03-25T07:24:00.000Z,COLA,X,variation,channel,13186.641930980551,nT
2026-03-25T07:25:00.000Z,COLA,X,variation,channel,13162.816817772087,nT
2026-03-25T07:26:00.000Z,COLA,X,variation,channel,13158.518957754513,nT
2026-03-25T07:27:00.000Z,COLA,X,variation,channel,13212.552508915855,nT
2026-03-25T07:28:00.000Z,COLA,X,variation,channel,13244.849731836124,nT
2026-03-25T07:29:00.000Z,COLA,X,variation,channel,13214.450410463613,nT
2026-03-25T07:30:00.000Z,COLA,X,variation,channel,13210.37367311045,nT
2026-03-25T07:31:00.000Z,COLA,X,variation,channel,13220.1625468059,nT
2026-03-25T07:32:00.000Z,COLA,X,variation,channel,13270.532021104727,nT
2026-03-25T07:33:00.000Z,COLA,X,variation,channel,13285.451952040343,nT
2026-03-25T07:34:00.000Z,COLA,X,variation,channel,13277.358621859163,nT
2026-03-25T07:35:00.000Z,COLA,X,variation,channel,13292.053112447413,nT
2026-03-25T07:36:00.000Z,COLA,X,variation,channel,13281.996452790523,nT
2026-03-25T07:37:00.000Z,COLA,X,variation,channel,13281.336121026983,nT
2026-03-25T07:38:00.000Z,COLA,X,variation,channel,13279.963621614565,nT
2026-03-25T07:39:00.000Z,COLA,X,variation,channel,13292.000871752067,nT
2026-03-25T07:40:00.000Z,COLA,X,variation,channel,13301.314731531742,nT
2026-03-25T07:41:00.000Z,COLA,X,variation,channel,13289.485156395518,nT
2026-03-25T07:42:00.000Z,COLA,X,variation,channel,13265.704529407201,nT
2026-03-25T07:43:00.000Z,COLA,X,variation,channel,13251.302364650192,nT
2026-03-25T07:44:00.000Z,COLA,X,variation,channel,13243.37426622,nT
2026-03-25T07:45:00.000Z,COLA,X,variation,channel,13245.473413006413,nT
2026-03-25T07:46:00.000Z,COLA,X,variation,channel,13264.23732104107,nT
2026-03-25T07:47:00.000Z,COLA,X,variation,channel,13265.004661982288,nT
2026-03-25T07:48:00.000Z,COLA,X,variation,channel,13255.522046795073,nT
2026-03-25T07:49:00.000Z,COLA,X,variation,channel,13255.51978991836,nT
2026-03-25T07:50:00.000Z,COLA,X,variation,channel,13246.405840452946,nT
2026-03-25T07:51:00.000Z,COLA,X,variation,channel,13235.294349760681,nT
2026-03-25T07:52:00.000Z,COLA,X,variation,channel,13214.409033925265,nT
2026-03-25T07:53:00.000Z,COLA,X,variation,channel,13202.456090216596,nT
2026-03-25T07:54:00.000Z,COLA,X,variation,channel,13198.161628314281,nT
2026-03-25T07:55:00.000Z,COLA,X,variation,channel,13189.973775652476,nT
2026-03-25T07:56:00.000Z,COLA,X,variation,channel,13183.233606541356,nT
2026-03-25T07:57:00.000Z,COLA,X,variation,channel,13164.329127344645,nT
2026-03-25T07:58:00.000Z,COLA,X,variation,channel,13141.125089996302,nT
2026-03-25T07:59:00.000Z,COLA,X,variation,channel,13124.905360252953,nT
2026-03-25T08:00:00.000Z,COLA,X,variation,channel,13054.55351172435,nT
2026-03-25T08:01:00.000Z,COLA,X,variation,channel,12946.461956480096,nT
2026-03-25T08:02:00.000Z,COLA,X,variation,channel,13003.707033935949,nT
2026-03-25T08:03:00.000Z,COLA,X,variation,channel,13078.346008546647,nT
2026-03-25T08:04:00.000Z,COLA,X,variation,channel,13169.339237594326,nT
2026-03-25T08:05:00.000Z,COLA,X,variation,channel,13165.221357057324,nT
2026-03-25T08:06:00.000Z,COLA,X,variation,channel,13025.072121069476,nT
2026-03-25T08:07:00.000Z,COLA,X,variation,channel,12859.93745325205,nT
2026-03-25T08:08:00.000Z,COLA,X,variation,channel,12720.35561607877,nT
2026-03-25T08:09:00.000Z,COLA,X,variation,channel,12643.984264227222,nT
2026-03-25T08:10:00.000Z,COLA,X,variation,channel,12685.64229873267,nT
2026-03-25T08:11:00.000Z,COLA,X,variation,channel,12517.972255675753,nT
2026-03-25T08:12:00.000Z,COLA,X,variation,channel,12426.014555665508,nT
2026-03-25T08:13:00.000Z,COLA,X,variation,channel,12374.274166726555,nT
2026-03-25T08:14:00.000Z,COLA,X,variation,channel,12503.183503417917,nT
2026-03-25T08:15:00.000Z,COLA,X,variation,channel,12498.05714158443,nT
2026-03-25T08:16:00.000Z,COLA,X,variation,channel,12622.945466326597,nT
2026-03-25T08:17:00.000Z,COLA,X,variation,channel,12776.96465942076,nT
2026-03-25T08:18:00.000Z,COLA,X,variation,channel,12841.124779019698,nT
2026-03-25T08:19:00.000Z,COLA,X,variation,channel,12669.66640143144,nT
2026-03-25T08:20:00.000Z,COLA,X,variation,channel,12458.544879788386,nT
2026-03-25T08:21:00.000Z,COLA,X,variation,channel,12386.246837107019,nT
2026-03-25T08:22:00.000Z,COLA,X,variation,channel,12409.022142464899,nT
2026-03-25T08:23:00.000Z,COLA,X,variation,channel,12476.24123413473,nT
2026-03-25T08:24:00.000Z,COLA,X,variation,channel,12571.248239754146,nT
2026-03-25T08:25:00.000Z,COLA,X,variation,channel,12592.38908570362,nT
2026-03-25T08:26:00.000Z,COLA,X,variation,channel,12721.981914493454,nT
2026-03-25T08:27:00.000Z,COLA,X,variation,channel,12829.904947392522,nT
2026-03-25T08:28:00.000Z,COLA,X,variation,channel,12865.75823787074,nT
2026-03-25T08:29:00.000Z,COLA,X,variation,channel,12897.502489649172,nT
2026-03-25T08:30:00.000Z,COLA,X,variation,channel,12868.442936125495,nT
2026-03-25T08:31:00.000Z,COLA,X,variation,channel,12708.110032178856,nT
2026-03-25T08:32:00.000Z,COLA,X,variation,channel,12621.70351648442,nT
2026-03-25T08:33:00.000Z,COLA,X,variation,channel,12589.49135665314,nT
2026-03-25T08:34:00.000Z,COLA,X,variation,channel,12553.08655295013,nT
2026-03-25T08:35:00.000Z,COLA,X,variation,channel,12523.674450904253,nT
2026-03-25T08:36:00.000Z,COLA,X,variation,channel,12527.522039058284,nT
2026-03-25T08:37:00.000Z,COLA,X,variation,channel,12507.904280046014,nT
2026-03-25T08:38:00.000Z,COLA,X,variation,channel,12594.879222999054,nT
2026-03-25T08:39:00.000Z,COLA,X,variation,channel,12593.007692299869,nT
2026-03-25T08:40:00.000Z,COLA,X,variation,channel,12680.384868455993,nT
2026-03-25T08:41:00.000Z,COLA,X,variation,channel,12780.582621425408,nT
2026-03-25T08:42:00.000Z,COLA,X,variation,channel,12885.779198561118,nT
2026-03-25T08:43:00.000Z,COLA,X,variation,channel,12946.012865696188,nT
2026-03-25T08:44:00.000Z,COLA,X,variation,channel,13077.343578856098,nT
2026-03-25T08:45:00.000Z,COLA,X,variation,channel,13138.76363405592,nT
2026-03-25T08:46:00.000Z,COLA,X,variation,channel,13200.59928559601,nT
2026-03-25T08:47:00.000Z,COLA,X,variation,channel,13225.955338732083,nT
2026-03-25T08:48:00.000Z,COLA,X,variation,channel,13195.587106012734,nT
2026-03-25T08:49:00.000Z,COLA,X,variation,channel,13184.283811936459,nT
2026-03-25T08:50:00.000Z,COLA,X,variation,channel,13193.155837411334,nT
2026-03-25T08:51:00.000Z,COLA,X,variation,channel,13152.604125739315,nT
2026-03-25T08:52:00.000Z,COLA,X,variation,channel,13187.610677984618,nT
2026-03-25T08:53:00.000Z,COLA,X,variation,channel,13181.66765427621,nT
2026-03-25T08:54:00.000Z,COLA,X,variation,channel,13181.297885341484,nT
2026-03-25T08:55:00.000Z,COLA,X,variation,channel,13178.313001560324,nT
2026-03-25T08:56:00.000Z,COLA,X,variation,channel,13143.383271615756,nT
2026-03-25T08:57:00.000Z,COLA,X,variation,channel,13115.053747856968,nT
2026-03-25T08:58:00.000Z,COLA,X,variation,channel,13088.588753148735,nT
2026-03-25T08:59:00.000Z,COLA,X,variation,channel,13087.67743060697,nT
2026-03-25T09:00:00.000Z,COLA,X,variation,channel,13072.737921523889,nT
2026-03-25T09:01:00.000Z,COLA,X,variation,channel,13065.938284484953,nT
2026-03-25T09:02:00.000Z,COLA,X,variation,channel,13058.939449813266,nT
2026-03-25T09:03:00.000Z,COLA,X,variation,channel,13036.8381899285,nT
2026-03-25T09:04:00.000Z,COLA,X,variation,channel,13053.317006078398,nT
2026-03-25T09:05:00.000Z,COLA,X,variation,channel,13062.563651881035,nT
2026-03-25T09:06:00.000Z,COLA,X,variation,channel,13038.848451580652,nT
2026-03-25T09:07:00.000Z,COLA,X,variation,channel,13029.040466675751,nT
2026-03-25T09:08:00.000Z,COLA,X,variation,channel,13043.451820398072,nT
2026-03-25T09:09:00.000Z,COLA,X,variation,channel,13038.607953504728,nT
2026-03-25T09:10:00.000Z,COLA,X,variation,channel,13039.454570160935,nT
2026-03-25T09:11:00.000Z,COLA,X,variation,channel,13037.700245073747,nT
2026-03-25T09:12:00.000Z,COLA,X,variation,channel,13015.597975050989,nT
2026-03-25T09:13:00.000Z,COLA,X,variation,channel,13013.76015621181,nT
2026-03-25T09:14:00.000Z,COLA,X,variation,channel,13039.95169219358,nT
2026-03-25T09:15:00.000Z,COLA,X,variation,channel,13067.345271931374,nT
2026-03-25T09:16:00.000Z,COLA,X,variation,channel,13100.71385534964,nT
2026-03-25T09:17:00.000Z,COLA,X,variation,channel,13136.155563019509,nT
2026-03-25T09:18:00.000Z,COLA,X,variation,channel,13152.46422117989,nT
2026-03-25T09:19:00.000Z,COLA,X,variation,channel,13123.550224700339,nT
2026-03-25T09:20:00.000Z,COLA,X,variation,channel,13098.680486627363,nT
2026-03-25T09:21:00.000Z,COLA,X,variation,channel,13094.833455863714,nT
2026-03-25T09:22:00.000Z,COLA,X,variation,channel,13084.390625586891,nT
2026-03-25T09:23:00.000Z,COLA,X,variation,channel,13080.657040348246,nT
2026-03-25T09:24:00.000Z,COLA,X,variation,channel,13064.460304347203,nT
2026-03-25T09:25:00.000Z,COLA,X,variation,channel,13049.912347576343,nT
2026-03-25T09:26:00.000Z,COLA,X,variation,channel,13031.306421980087,nT
2026-03-25T09:27:00.000Z,COLA,X,variation,channel,13006.67207773427,nT
2026-03-25T09:28:00.000Z,COLA,X,variation,channel,12998.241488797761,nT
2026-03-25T09:29:00.000Z,COLA,X,variation,channel,13007.200448176372,nT
2026-03-25T09:30:00.000Z,COLA,X,variation,channel,13057.157029356313,nT
2026-03-25T09:31:00.000Z,COLA,X,variation,channel,13088.01222048232,nT
2026-03-25T09:32:00.000Z,COLA,X,variation,channel,13113.848752198506,nT
2026-03-25T09:33:00.000Z,COLA,X,variation,channel,13105.941694082961,nT
2026-03-25T09:34:00.000Z,COLA,X,variation,channel,13073.951053352002,nT
2026-03-25T09:35:00.000Z,COLA,X,variation,channel,13047.109882173252,nT
2026-03-25T09:36:00.000Z,COLA,X,variation,channel,13021.26060289779,nT
2026-03-25T09:37:00.000Z,COLA,X,variation,channel,13015.005948872004,nT
2026-03-25T09:38:00.000Z,COLA,X,variation,channel,13015.056333658082,nT
2026-03-25T09:39:00.000Z,COLA,X,variation,channel,13004.840424007565,nT
2026-03-25T09:40:00.000Z,COLA,X,variation,channel,12999.392941181068,nT
2026-03-25T09:41:00.000Z,COLA,X,variation,channel,12991.216509319605,nT
2026-03-25T09:42:00.000Z,COLA,X,variation,channel,12978.443153611553,nT
2026-03-25T09:43:00.000Z,COLA,X,variation,channel,12989.966728871812,nT
2026-03-25T09:44:00.000Z,COLA,X,variation,channel,13006.286255166762,nT
2026-03-25T09:45:00.000Z,COLA,X,variation,channel,13030.560318340447,nT
2026-03-25T09:46:00.000Z,COLA,X,variation,channel,13051.8183646585,nT
2026-03-25T09:47:00.000Z,COLA,X,variation,channel,13076.624630804263,nT
2026-03-25T09:48:00.000Z,COLA,X,variation,channel,13101.542106586376,nT
2026-03-25T09:49:00.000Z,COLA,X,variation,channel,13101.157629519252,nT
2026-03-25T09:50:00.000Z,COLA,X,variation,channel,13112.589529417279,nT
2026-03-25T09:51:00.000Z,COLA,X,variation,channel,13105.161724383213,nT
2026-03-25T09:52:00.000Z,COLA,X,variation,channel,13100.889767424313,nT
2026-03-25T09:53:00.000Z,COLA,X,variation,channel,13102.624754450404,nT
2026-03-25T09:54:00.000Z,COLA,X,variation,channel,13101.839211322666,nT
2026-03-25T09:55:00.000Z,COLA,X,variation,channel,13121.166354339135,nT
2026-03-25T09:56:00.000Z,COLA,X,variation,channel,13143.740646564853,nT
2026-03-25T09:57:00.000Z,COLA,X,variation,channel,13163.384347931407,nT
2026-03-25T09:58:00.000Z,COLA,X,variation,channel,13170.65790174187,nT
2026-03-25T09:59:00.000Z,COLA,X,variation,channel,13181.99312507116,nT
2026-03-25T10:00:00.000Z,COLA,X,variation,channel,13194.385853586533,nT
2026-03-25T10:01:00.000Z,COLA,X,variation,channel,13206.89589304814,nT
2026-03-25T10:02:00.000Z,COLA,X,variation,channel,13223.906096438392,nT
2026-03-25T10:03:00.000Z,COLA,X,variation,channel,13227.387566778836,nT
2026-03-25T10:04:00.000Z,COLA,X,variation,channel,13217.860067141053,nT
2026-03-25T10:05:00.000Z,COLA,X,variation,channel,13196.360793429676,nT
2026-03-25T10:06:00.000Z,COLA,X,variation,channel,13186.312100449431,nT
2026-03-25T10:07:00.000Z,COLA,X,variation,channel,13182.086205095346,nT
2026-03-25T10:08:00.000Z,COLA,X,variation,channel,13180.12350147426,nT
2026-03-25T10:09:00.000Z,COLA,X,variation,channel,13188.951117891222,nT
2026-03-25T10:10:00.000Z,COLA,X,variation,channel,13203.045092356155,nT
2026-03-25T10:11:00.000Z,COLA,X,variation,channel,13216.982288803854,nT
2026-03-25T10:12:00.000Z,COLA,X,variation,channel,13226.191785686286,nT
2026-03-25T10:13:00.000Z,COLA,X,variation,channel,13235.391151645923,nT
2026-03-25T10:14:00.000Z,COLA,X,variation,channel,13233.34943564075,nT
2026-03-25T10:15:00.000Z,COLA,X,variation,channel,13227.877602992334,nT
2026-03-25T10:16:00.000Z,COLA,X,variation,channel,13228.746906240816,nT
2026-03-25T10:17:00.000Z,COLA,X,variation,channel,13233.892294025272,nT
2026-03-25T10:18:00.000Z,COLA,X,variation,channel,13224.208470659538,nT
2026-03-25T10:19:00.000Z,COLA,X,variation,channel,13211.351457926585,nT
2026-03-25T10:20:00.000Z,COLA,X,variation,channel,13231.561181176225,nT
2026-03-25T10:21:00.000Z,COLA,X,variation,channel,13236.064449469368,nT
2026-03-25T10:22:00.000Z,COLA,X,variation,channel,13229.090934301394,nT
2026-03-25T10:23:00.000Z,COLA,X,variation,channel,13223.684517234387,nT
2026-03-25T10:24:00.000Z,COLA,X,variation,channel,13214.328807731024,nT
2026-03-25T10:25:00.000Z,COLA,X,variation,channel,13205.577527119163,nT
2026-03-25T10:26:00.000Z,COLA,X,variation,channel,13203.487728412394,nT
2026-03-25T10:27:00.000Z,COLA,X,variation,channel,13209.635929469927,nT
2026-03-25T10:28:00.000Z,COLA,X,variation,channel,13221.39365093348,nT
2026-03-25T10:29:00.000Z,COLA,X,variation,channel,13225.161943249812,nT
2026-03-25T10:30:00.000Z,COLA,X,variation,channel,13212.6053603975,nT
2026-03-25T10:31:00.000Z,COLA,X,variation,channel,13204.895665124433,nT
2026-03-25T10:32:00.000Z,COLA,X,variation,channel,13200.460816356468,nT
2026-03-25T10:33:00.000Z,COLA,X,variation,channel,13200.542332921203,nT
2026-03-25T10:34:00.000Z,COLA,X,variation,channel,13211.072737149794,nT
2026-03-25T10:35:00.000Z,COLA,X,variation,channel,13224.064033651584,nT
2026-03-25T10:36:00.000Z,COLA,X,variation,channel,13231.313542087657,nT
2026-03-25T10:37:00.000Z,COLA,X,variation,channel,13232.573799002077,nT
2026-03-25T10:38:00.000Z,COLA,X,variation,channel,13227.024205356864,nT
2026-03-25T10:39:00.000Z,COLA,X,variation,channel,13226.760443839044,nT
2026-03-25T10:40:00.000Z,COLA,X,variation,channel,13223.518039933002,nT
2026-03-25T10:41:00.000Z,COLA,X,variation,channel,13219.427087962838,nT
2026-03-25T10:42:00.000Z,COLA,X,variation,channel,13222.956298283263,nT
2026-03-25T10:43:00.000Z,COLA,X,variation,channel,13235.234084060945,nT
2026-03-25T10:44:00.000Z,COLA,X,variation,channel,13258.925468701544,nT
2026-03-25T10:45:00.000Z,COLA,X,variation,channel,13258.347458795002,nT
2026-03-25T10:46:00.000Z,COLA,X,variation,channel,13243.119596162802,nT
2026-03-25T10:47:00.000Z,COLA,X,variation,channel,13238.334199791707,nT
2026-03-25T10:48:00.000Z,COLA,X,variation,channel,13235.826386951201,nT
2026-03-25T10:49:00.000Z,COLA,X,variation,channel,13232.89643191381,nT
2026-03-25T10:50:00.000Z,COLA,X,variation,channel,13230.874470272693,nT
2026-03-25T10:51:00.000Z,COLA,X,variation,channel,13227.16891419895,nT
2026-03-25T10:52:00.000Z,COLA,X,variation,channel,13220.40576533636,nT
2026-03-25T10:53:00.000Z,COLA,X,variation,channel,13214.468308455593,nT
2026-03-25T10:54:00.000Z,COLA,X,variation,channel,13209.53104126143,nT
2026-03-25T10:55:00.000Z,COLA,X,variation,channel,13195.882724098663,nT
2026-03-25T10:56:00.000Z,COLA,X,variation,channel,13181.052933017221,nT
2026-03-25T10:57:00.000Z,COLA,X,variation,channel,13182.066546918073,nT
2026-03-25T10:58:00.000Z,COLA,X,variation,channel,13193.54773667014,nT
2026-03-25T10:59:00.000Z,COLA,X,variation,channel,13189.463050497981,nT
2026-03-25T11:00:00.000Z,COLA,X,variation,channel,13180.443213603234,nT
2026-03-25T11:01:00.000Z,COLA,X,variation,channel,13161.525782967034,nT
2026-03-25T11:02:00.000Z,COLA,X,variation,channel,13151.048922734253,nT
2026-03-25T11:03:00.000Z,COLA,X,variation,channel,13160.906067297752,nT
2026-03-25T11:04:00.000Z,COLA,X,variation,channel,13162.017464023693,nT
2026-03-25T11:05:00.000Z,COLA,X,variation,channel,13161.871393143687,nT
2026-03-25T11:06:00.000Z,COLA,X,variation,channel,13158.048652572716,nT
2026-03-25T11:07:00.000Z,COLA,X,variation,channel,13158.160106748177,nT
2026-03-25T11:08:00.000Z,COLA,X,variation,channel,13154.545690786887,nT
2026-03-25T11:09:00.000Z,COLA,X,variation,channel,13175.03817931033,nT
2026-03-25T11:10:00.000Z,COLA,X,variation,channel,13172.742818982822,nT
2026-03-25T11:11:00.000Z,COLA,X,variation,channel,13145.964149573709,nT
2026-03-25T11:12:00.000Z,COLA,X,variation,channel,13120.862960471653,nT
2026-03-25T11:13:00.000Z,COLA,X,variation,channel,13103.508527946355,nT
2026-03-25T11:14:00.000Z,COLA,X,variation,channel,13077.905889230602,nT
2026-03-25T11:15:00.000Z,COLA,X,variation,channel,13090.181823636904,nT
2026-03-25T11:16:00.000Z,COLA,X,variation,channel,13100.953354855836,nT
2026-03-25T11:17:00.000Z,COLA,X,variation,channel,13111.71078304989,nT
2026-03-25T11:18:00.000Z,COLA,X,variation,channel,13127.597974737744,nT
2026-03-25T11:19:00.000Z,COLA,X,variation,channel,13147.82918744609,nT
2026-03-25T11:20:00.000Z,COLA,X,variation,channel,13163.442291484314,nT
2026-03-25T11:21:00.000Z,COLA,X,variation,channel,13167.003429166092,nT
2026-03-25T11:22:00.000Z,COLA,X,variation,channel,13186.143760788844,nT
2026-03-25T11:23:00.000Z,COLA,X,variation,channel,13193.109925378667,nT
2026-03-25T11:24:00.000Z,COLA,X,variation,channel,13201.961935089872,nT
2026-03-25T11:25:00.000Z,COLA,X,variation,channel,13185.59483751594,nT
2026-03-25T11:26:00.000Z,COLA,X,variation,channel,13193.919565803479,nT
2026-03-25T11:27:00.000Z,COLA,X,variation,channel,13204.371683387935,nT
2026-03-25T11:28:00.000Z,COLA,X,variation,channel,13198.71275419525,nT
2026-03-25T11:29:00.000Z,COLA,X,variation,channel,13201.799040798449,nT
2026-03-25T11:30:00.000Z,COLA,X,variation,channel,13218.562596117396,nT
2026-03-25T11:31:00.000Z,COLA,X,variation,channel,13236.78191806741,nT
2026-03-25T11:32:00.000Z,COLA,X,variation,channel,13243.001873464485,nT
2026-03-25T11:33:00.000Z,COLA,X,variation,channel,13250.234267567439,nT
2026-03-25T11:34:00.000Z,COLA,X,variation,channel,13249.815329556157,nT
2026-03-25T11:35:00.000Z,COLA,X,variation,channel,13250.595678682956,nT
2026-03-25T11:36:00.000Z,COLA,X,variation,channel,13256.299193734554,nT
2026-03-25T11:37:00.000Z,COLA,X,variation,channel,13266.154792848998,nT
2026-03-25T11:38:00.000Z,COLA,X,variation,channel,13285.945506174965,nT
2026-03-25T11:39:00.000Z,COLA,X,variation,channel,13287.44346856446,nT
2026-03-25T11:40:00.000Z,COLA,X,variation,channel,13279.032082047372,nT
2026-03-25T11:41:00.000Z,COLA,X,variation,channel,13265.811368186998,nT
2026-03-25T11:42:00.000Z,COLA,X,variation,channel,13243.097405252764,nT
2026-03-25T11:43:00.000Z,COLA,X,variation,channel,13221.81435248642,nT
2026-03-25T11:44:00.000Z,COLA,X,variation,channel,13226.961398999912,nT
2026-03-25T11:45:00.000Z,COLA,X,variation,channel,13248.309523139313,nT
2026-03-25T11:46:00.000Z,COLA,X,variation,channel,13256.216507862895,nT
2026-03-25T11:47:00.000Z,COLA,X,variation,channel,13256.285470563811,nT
2026-03-25T11:48:00.000Z,COLA,X,variation,channel,13259.616921163697,nT
2026-03-25T11:49:00.000Z,COLA,X,variation,channel,13276.286694533293,nT
2026-03-25T11:50:00.000Z,COLA,X,variation,channel,13285.324214577997,nT
2026-03-25T11:51:00.000Z,COLA,X,variation,channel,13285.79271765865,nT
2026-03-25T11:52:00.000Z,COLA,X,variation,channel,13289.302036249073,nT
2026-03-25T11:53:00.000Z,COLA,X,variation,channel,13291.991186465972,nT
2026-03-25T11:54:00.000Z,COLA,X,variation,channel,13290.926075198538,nT
2026-03-25T11:55:00.000Z,COLA,X,variation,channel,13281.969618508037,nT
2026-03-25T11:56:00.000Z,COLA,X,variation,channel,13270.111347733246,nT
2026-03-25T11:57:00.000Z,COLA,X,variation,channel,13272.566046587037,nT
2026-03-25T11:58:00.000Z,COLA,X,variation,channel,13274.52261166948,nT
2026-03-25T11:59:00.000Z,COLA,X,variation,channel,13274.83176088954,nT
2026-03-25T12:00:00.000Z,COLA,X,variation,channel,13267.26165806638,nT
2026-03-25T12:01:00.000Z,COLA,X,variation,channel,13257.67107391635,nT
2026-03-25T12:02:00.000Z,COLA,X,variation,channel,13249.174108229778,nT
2026-03-25T12:03:00.000Z,COLA,X,variation,channel,13245.199228073654,nT
2026-03-25T12:04:00.000Z,COLA,X,variation,channel,13244.875551585192,nT
2026-03-25T12:05:00.000Z,COLA,X,variation,channel,13242.886048705863,nT
2026-03-25T12:06:00.000Z,COLA,X,variation,channel,13240.363832334477,nT
2026-03-25T12:07:00.000Z,COLA,X,variation,channel,13239.419614319399,nT
2026-03-25T12:08:00.000Z,COLA,X,variation,channel,13231.991647880319,nT
2026-03-25T12:09:00.000Z,COLA,X,variation,channel,13228.595320847151,nT
2026-03-25T12:10:00.000Z,COLA,X,variation,channel,13233.423868325945,nT
2026-03-25T12:11:00.000Z,COLA,X,variation,channel,13236.661730841779,nT
2026-03-25T12:12:00.000Z,COLA,X,variation,channel,13238.051205086014,nT
2026-03-25T12:13:00.000Z,COLA,X,variation,channel,13239.403286574305,nT
2026-03-25T12:14:00.000Z,COLA,X,variation,channel,13239.167841229177,nT
2026-03-25T12:15:00.000Z,COLA,X,variation,channel,13237.626919524984,nT
2026-03-25T12:16:00.000Z,COLA,X,variation,channel,13238.305520604372,nT
2026-03-25T12:17:00.000Z,COLA,X,variation,channel,13243.04127785819,nT
2026-03-25T12:18:00.000Z,COLA,X,variation,channel,13245.654421529527,nT
2026-03-25T12:19:00.000Z,COLA,X,variation,channel,13246.258188777165,nT
2026-03-25T12:20:00.000Z,COLA,X,variation,channel,13254.462261772125,nT
2026-03-25T12:21:00.000Z,COLA,X,variation,channel,13259.93120723142,nT
2026-03-25T12:22:00.000Z,COLA,X,variation,channel,13254.049456363246,nT
2026-03-25T12:23:00.000Z,COLA,X,variation,channel,13246.103337754585,nT
2026-03-25T12:24:00.000Z,COLA,X,variation,channel,13243.960819923139,nT
2026-03-25T12:25:00.000Z,COLA,X,variation,channel,13238.464767734857,nT
2026-03-25T12:26:00.000Z,COLA,X,variation,channel,13235.06100298315,nT
2026-03-25T12:27:00.000Z,COLA,X,variation,channel,13232.030707990272,nT
2026-03-25T12:28:00.000Z,COLA,X,variation,channel,13229.152501261364,nT
2026-03-25T12:29:00.000Z,COLA,X,variation,channel,13227.29143013628,nT
2026-03-25T12:30:00.000Z,COLA,X,variation,channel,13225.49637259483,nT
2026-03-25T12:31:00.000Z,COLA,X,variation,channel,13226.277083816416,nT
2026-03-25T12:32:00.000Z,COLA,X,variation,channel,13227.270346138886,nT
2026-03-25T12:33:00.000Z,COLA,X,variation,channel,13229.452026229621,nT
2026-03-25T12:34:00.000Z,COLA,X,variation,channel,13228.831881193828,nT
2026-03-25T12:35:00.000Z,COLA,X,variation,channel,13224.806538856672,nT
2026-03-25T12:36:00.000Z,COLA,X,variation,channel,13216.550051401588,nT
2026-03-25T12:37:00.000Z,COLA,X,variation,channel,13206.040350975516,nT
2026-03-25T12:38:00.000Z,COLA,X,variation,channel,13198.902104620347,nT
2026-03-25T12:39:00.000Z,COLA,X,variation,channel,13199.431675843276,nT
2026-03-25T12:40:00.000Z,COLA,X,variation,channel,13203.88976589036,nT
2026-03-25T12:41:00.000Z,COLA,X,variation,channel,13206.539923823364,nT
2026-03-25T12:42:00.000Z,COLA,X,variation,channel,13202.959016420244,nT
2026-03-25T12:43:00.000Z,COLA,X,variation,channel,13195.837714658765,nT
2026-03-25T12:44:00.000Z,COLA,X,variation,channel,13192.5995847892,nT
2026-03-25T12:45:00.000Z,COLA,X,variation,channel,13189.804225278142,nT
2026-03-25T12:46:00.000Z,COLA,X,variation,channel,13191.406508082855,nT
2026-03-25T12:47:00.000Z,COLA,X,variation,channel,13193.173404829387,nT
2026-03-25T12:48:00.000Z,COLA,X,variation,channel,13192.832332886497,nT
2026-03-25T12:49:00.000Z,COLA,X,variation,channel,13194.046835578958,nT
2026-03-25T12:50:00.000Z,COLA,X,variation,channel,13196.12580927575,nT
2026-03-25T12:51:00.000Z,COLA,X,variation,channel,13194.973352590254,nT
2026-03-25T12:52:00.000Z,COLA,X,variation,channel,13190.38039332382,nT
2026-03-25T12:53:00.000Z,COLA,X,variation,channel,13192.84945133163,nT
2026-03-25T12:54:00.000Z,COLA,X,variation,channel,13197.359072086268,nT
2026-03-25T12:55:00.000Z,COLA,X,variation,channel,13200.054197748996,nT
2026-03-25T12:56:00.000Z,COLA,X,variation,channel,13200.598820142017,nT
2026-03-25T12:57:00.000Z,COLA,X,variation,channel,13200.37223343288,nT
2026-03-25T12:58:00.000Z,COLA,X,variation,channel,13200.087543806902,nT
2026-03-25T12:59:00.000Z,COLA,X,variation,channel,13204.33408001913,nT
2026-03-25T13:00:00.000Z,COLA,X,variation,channel,13204.93816971463,nT
2026-03-25T13:01:00.000Z,COLA,X,variation,channel,13199.154838520973,nT
2026-03-25T13:02:00.000Z,COLA,X,variation,channel,13194.618296153043,nT
2026-03-25T13:03:00.000Z,COLA,X,variation,channel,13195.341765758505,nT
2026-03-25T13:04:00.000Z,COLA,X,variation,channel,13200.080214284326,nT
2026-03-25T13:05:00.000Z,COLA,X,variation,channel,13204.381844700552,nT
2026-03-25T13:06:00.000Z,COLA,X,variation,channel,13206.041503469083,nT
2026-03-25T13:07:00.000Z,COLA,X,variation,channel,13207.643358089703,nT
2026-03-25T13:08:00.000Z,COLA,X,variation,channel,13207.008859195399,nT
2026-03-25T13:09:00.000Z,COLA,X,variation,channel,13203.217936690678,nT
2026-03-25T13:10:00.000Z,COLA,X,variation,channel,13199.619730924256,nT
2026-03-25T13:11:00.000Z,COLA,X,variation,channel,13196.15976800932,nT
2026-03-25T13:12:00.000Z,COLA,X,variation,channel,13194.913953169613,nT
2026-03-25T13:13:00.000Z,COLA,X,variation,channel,13196.042866981934,nT
2026-03-25T13:14:00.000Z,COLA,X,variation,channel,13195.068031133615,nT
2026-03-25T13:15:00.000Z,COLA,X,variation,channel,13192.159085478088,nT
2026-03-25T13:16:00.000Z,COLA,X,variation,channel,13187.946014432591,nT
2026-03-25T13:17:00.000Z,COLA,X,variation,channel,13182.928670084431,nT
2026-03-25T13:18:00.000Z,COLA,X,variation,channel,13180.602254093212,nT
2026-03-25T13:19:00.000Z,COLA,X,variation,channel,13179.989508474158,nT
2026-03-25T13:20:00.000Z,COLA,X,variation,channel,13180.332691889049,nT
2026-03-25T13:21:00.000Z,COLA,X,variation,channel,13179.85801035611,nT
2026-03-25T13:22:00.000Z,COLA,X,variation,channel,13180.622046839137,nT
2026-03-25T13:23:00.000Z,COLA,X,variation,channel,13180.188470539799,nT
2026-03-25T13:24:00.000Z,COLA,X,variation,channel,13179.278436532562,nT
2026-03-25T13:25:00.000Z,COLA,X,variation,channel,13178.49197514822,nT
2026-03-25T13:26:00.000Z,COLA,X,variation,channel,13178.057095216685,nT
2026-03-25T13:27:00.000Z,COLA,X,variation,channel,13177.588362150611,nT
2026-03-25T13:28:00.000Z,COLA,X,variation,channel,13176.61040443349,nT
2026-03-25T13:29:00.000Z,COLA,X,variation,channel,13176.59787632662,nT
2026-03-25T13:30:00.000Z,COLA,X,variation,channel,13181.081755768375,nT
2026-03-25T13:31:00.000Z,COLA,X,variation,channel,13185.530212227877,nT
2026-03-25T13:32:00.000Z,COLA,X,variation,channel,13186.100589751915,nT
2026-03-25T13:33:00.000Z,COLA,X,variation,channel,13181.246917795022,nT
2026-03-25T13:34:00.000Z,COLA,X,variation,channel,13176.375698701751,nT
2026-03-25T13:35:00.000Z,COLA,X,variation,channel,13170.984309959247,nT
2026-03-25T13:36:00.000Z,COLA,X,variation,channel,13165.604417309385,nT
2026-03-25T13:37:00.000Z,COLA,X,variation,channel,13164.619436249746,nT
2026-03-25T13:38:00.000Z,COLA,X,variation,channel,13168.994610845895,nT
2026-03-25T13:39:00.000Z,COLA,X,variation,channel,13175.796367326519,nT
2026-03-25T13:40:00.000Z,COLA,X,variation,channel,13182.046869037975,nT
2026-03-25T13:41:00.000Z,COLA,X,variation,channel,13184.389164778491,nT
2026-03-25T13:42:00.000Z,COLA,X,variation,channel,13179.287218653086,nT
2026-03-25T13:43:00.000Z,COLA,X,variation,channel,13171.564141702309,nT
2026-03-25T13:44:00.000Z,COLA,X,variation,channel,13164.46784879092,nT
2026-03-25T13:45:00.000Z,COLA,X,variation,channel,13161.744881139819,nT
2026-03-25T13:46:00.000Z,COLA,X,variation,channel,13161.632104466464,nT
2026-03-25T13:47:00.000Z,COLA,X,variation,channel,13163.242963983068,nT
2026-03-25T13:48:00.000Z,COLA,X,variation,channel,13164.46494416038,nT
2026-03-25T13:49:00.000Z,COLA,X,variation,channel,13166.841158813613,nT
2026-03-25T13:50:00.000Z,COLA,X,variation,channel,13170.82066582172,nT
2026-03-25T13:51:00.000Z,COLA,X,variation,channel,13170.596721515443,nT
2026-03-25T13:52:00.000Z,COLA,X,variation,channel,13172.170381003587,nT
2026-03-25T13:53:00.000Z,COLA,X,variation,channel,13169.930692160982,nT
2026-03-25T13:54:00.000Z,COLA,X,variation,channel,13168.89578154578,nT
2026-03-25T13:55:00.000Z,COLA,X,variation,channel,13172.283595789691,nT
2026-03-25T13:56:00.000Z,COLA,X,variation,channel,13173.242092975586,nT
2026-03-25T13:57:00.000Z,COLA,X,variation,channel,13172.827245372111,nT
2026-03-25T13:58:00.000Z,COLA,X,variation,channel,13172.273264610487,nT
2026-03-25T13:59:00.000Z,COLA,X,variation,channel,13174.024693533527,nT
2026-03-25T14:00:00.000Z,COLA,X,variation,channel,13176.484993250117,nT
2026-03-25T14:01:00.000Z,COLA,X,variation,channel,13174.599563154808,nT
2026-03-25T14:02:00.000Z,COLA,X,variation,channel,13173.647675778106,nT
2026-03-25T14:03:00.000Z,COLA,X,variation,channel,13166.221684279119,nT
2026-03-25T14:04:00.000Z,COLA,X,variation,channel,13165.765799283052,nT
2026-03-25T14:05:00.000Z,COLA,X,variation,channel,13165.408805141275,nT
2026-03-25T14:06:00.000Z,COLA,X,variation,channel,13167.188992516394,nT
2026-03-25T14:07:00.000Z,COLA,X,variation,channel,13170.966577710215,nT
2026-03-25T14:08:00.000Z,COLA,X,variation,channel,13172.178625603274,nT
2026-03-25T14:09:00.000Z,COLA,X,variation,channel,13170.377575753684,nT
2026-03-25T14:10:00.000Z,COLA,X,variation,channel,13167.571123608239,nT
2026-03-25T14:11:00.000Z,COLA,X,variation,channel,13169.485012403038,nT
2026-03-25T14:12:00.000Z,COLA,X,variation,channel,13170.95353061758,nT
2026-03-25T14:13:00.000Z,COLA,X,variation,channel,13171.85566482794,nT
2026-03-25T14:14:00.000Z,COLA,X,variation,channel,13171.85387744008,nT
2026-03-25T14:15:00.000Z,COLA,X,variation,channel,13171.274733394494,nT
2026-03-25T14:16:00.000Z,COLA,X,variation,channel,13170.773983369683,nT
2026-03-25T14:17:00.000Z,COLA,X,variation,channel,13163.738724439501,nT
2026-03-25T14:18:00.000Z,COLA,X,variation,channel,13155.426111266304,nT
2026-03-25T14:19:00.000Z,COLA,X,variation,channel,13152.388159560784,nT
2026-03-25T14:20:00.000Z,COLA,X,variation,channel,13150.41749750234,nT
2026-03-25T14:21:00.000Z,COLA,X,variation,channel,13151.787251831469,nT
2026-03-25T14:22:00.000Z,COLA,X,variation,channel,13152.927749637885,nT
2026-03-25T14:23:00.000Z,COLA,X,variation,channel,13151.345023617136,nT
2026-03-25T14:24:00.000Z,COLA,X,variation,channel,13148.925002657292,nT
2026-03-25T14:25:00.000Z,COLA,X,variation,channel,13147.172231342525,nT
2026-03-25T14:26:00.000Z,COLA,X,variation,channel,13146.878524916072,nT
2026-03-25T14:27:00.000Z,COLA,X,variation,channel,13149.853266713812,nT
2026-03-25T14:28:00.000Z,COLA,X,variation,channel,13149.373969814573,nT
2026-03-25T14:29:00.000Z,COLA,X,variation,channel,13147.829906065406,nT
2026-03-25T14:30:00.000Z,COLA,X,variation,channel,13151.611430206884,nT
2026-03-25T14:31:00.000Z,COLA,X,variation,channel,13152.54753534322,nT
2026-03-25T14:32:00.000Z,COLA,X,variation,channel,13150.561857233619,nT
2026-03-25T14:33:00.000Z,COLA,X,variation,channel,13146.928012015527,nT
2026-03-25T14:34:00.000Z,COLA,X,variation,channel,13146.076962026917,nT
2026-03-25T14:35:00.000Z,COLA,X,variation,channel,13148.068832896086,nT
2026-03-25T14:36:00.000Z,COLA,X,variation,channel,13152.858091015089,nT
2026-03-25T14:37:00.000Z,COLA,X,variation,channel,13150.362172431625,nT
2026-03-25T14:38:00.000Z,COLA,X,variation,channel,13145.484096904855,nT
2026-03-25T14:39:00.000Z,COLA,X,variation,channel,13148.339527064532,nT
2026-03-25T14:40:00.000Z,COLA,X,variation,channel,13153.303484407155,nT
2026-03-25T14:41:00.000Z,COLA,X,variation,channel,13155.771744357693,nT
2026-03-25T14:42:00.000Z,COLA,X,variation,channel,13155.559666073867,nT
2026-03-25T14:43:00.000Z,COLA,X,variation,channel,13151.422204635097,nT
2026-03-25T14:44:00.000Z,COLA,X,variation,channel,13145.740745519355,nT
2026-03-25T14:45:00.000Z,COLA,X,variation,channel,13151.415387243482,nT
2026-03-25T14:46:00.000Z,COLA,X,variation,channel,13157.614751994937,nT
2026-03-25T14:47:00.000Z,COLA,X,variation,channel,13153.326768915924,nT
2026-03-25T14:48:00.000Z,COLA,X,variation,channel,13147.38448006694,nT
2026-03-25T14:49:00.000Z,COLA,X,variation,channel,13146.678846203808,nT
2026-03-25T14:50:00.000Z,COLA,X,variation,channel,13149.509603981094,nT
2026-03-25T14:51:00.000Z,COLA,X,variation,channel,13147.940583541667,nT
2026-03-25T14:52:00.000Z,COLA,X,variation,channel,13146.755758782645,nT
2026-03-25T14:53:00.000Z,COLA,X,variation,channel,13146.071119311076,nT
2026-03-25T14:54:00.000Z,COLA,X,variation,channel,13138.710895309303,nT
2026-03-25T14:55:00.000Z,COLA,X,variation,channel,13130.986335207728,nT
2026-03-25T14:56:00.000Z,COLA,X,variation,channel,13128.503091633449,nT
2026-03-25T14:57:00.000Z,COLA,X,variation,channel,13126.615915359056,nT
2026-03-25T14:58:00.000Z,COLA,X,variation,channel,13128.608613435932,nT
2026-03-25T14:59:00.000Z,COLA,X,variation,channel,13129.196105548004,nT
2026-03-25T15:00:00.000Z,COLA,X,variation,channel,13130.352394924013,nT
2026-03-25T15:01:00.000Z,COLA,X,variation,channel,13131.630539290125,nT
2026-03-25T15:02:00.000Z,COLA,X,variation,channel,13132.438474511935,nT
2026-03-25T15:03:00.000Z,COLA,X,variation,channel,13134.627947202147,nT
2026-03-25T15:04:00.000Z,COLA,X,variation,channel,13135.78937984316,nT
2026-03-25T15:05:00.000Z,COLA,X,variation,channel,13136.862552962983,nT
2026-03-25T15:06:00.000Z,COLA,X,variation,channel,13136.61134145743,nT
2026-03-25T15:07:00.000Z,COLA,X,variation,channel,13133.93643277417,nT
2026-03-25T15:08:00.000Z,COLA,X,variation,channel,13134.614840736687,nT
2026-03-25T15:09:00.000Z,COLA,X,variation,channel,13132.145045281455,nT
2026-03-25T15:10:00.000Z,COLA,X,variation,channel,13122.932927051766,nT
2026-03-25T15:11:00.000Z,COLA,X,variation,channel,13124.496588839575,nT
2026-03-25T15:12:00.000Z,COLA,X,variation,channel,13131.195915419616,nT
2026-03-25T15:13:00.000Z,COLA,X,variation,channel,13135.966365283315,nT
2026-03-25T15:14:00.000Z,COLA,X,variation,channel,13136.754246137623,nT
2026-03-25T15:15:00.000Z,COLA,X,variation,channel,13129.056005511442,nT
2026-03-25T15:16:00.000Z,COLA,X,variation,channel,13120.531589319477,nT
2026-03-25T15:17:00.000Z,COLA,X,variation,channel,13122.433067684384,nT
2026-03-25T15:18:00.000Z,COLA,X,variation,channel,13120.772966893443,nT
2026-03-25T15:19:00.000Z,COLA,X,variation,channel,13114.306836626967,nT
2026-03-25T15:20:00.000Z,COLA,X,variation,channel,13115.90301312844,nT
2026-03-25T15:21:00.000Z,COLA,X,variation,channel,13124.642017601962,nT
2026-03-25T15:22:00.000Z,COLA,X,variation,channel,13124.17272537097,nT
2026-03-25T15:23:00.000Z,COLA,X,variation,channel,13113.623602226127,nT
2026-03-25T15:24:00.000Z,COLA,X,variation,channel,13113.673318387135,nT
2026-03-25T15:25:00.000Z,COLA,X,variation,channel,13120.828829614004,nT
2026-03-25T15:26:00.000Z,COLA,X,variation,channel,13127.258909367416,nT
2026-03-25T15:27:00.000Z,COLA,X,variation,channel,13130.780955848504,nT
2026-03-25T15:28:00.000Z,COLA,X,variation,channel,13129.003113596416,nT
2026-03-25T15:29:00.000Z,COLA,X,variation,channel,13129.050438321088,nT
2026-03-25T15:30:00.000Z,COLA,X,variation,channel,13130.251086397915,nT
2026-03-25T15:31:00.000Z,COLA,X,variation,channel,13125.17423513593,nT
2026-03-25T15:32:00.000Z,COLA,X,variation,channel,13128.843468817986,nT
2026-03-25T15:33:00.000Z,COLA,X,variation,channel,13136.327624885496,nT
2026-03-25T15:34:00.000Z,COLA,X,variation,channel,13143.391931117694,nT
2026-03-25T15:35:00.000Z,COLA,X,variation,channel,13142.920787594921,nT
2026-03-25T15:36:00.000Z,COLA,X,variation,channel,13143.189461036134,nT
2026-03-25T15:37:00.000Z,COLA,X,variation,channel,13143.225204734503,nT
2026-03-25T15:38:00.000Z,COLA,X,variation,channel,13143.684190245956,nT
2026-03-25T15:39:00.000Z,COLA,X,variation,channel,13145.220790849742,nT
2026-03-25T15:40:00.000Z,COLA,X,variation,channel,13141.903070907665,nT
2026-03-25T15:41:00.000Z,COLA,X,variation,channel,13138.166755432097,nT
2026-03-25T15:42:00.000Z,COLA,X,variation,channel,13142.387257218248,nT
2026-03-25T15:43:00.000Z,COLA,X,variation,channel,13143.521065260973,nT
2026-03-25T15:44:00.000Z,COLA,X,variation,channel,13140.700911140268,nT
2026-03-25T15:45:00.000Z,COLA,X,variation,channel,13140.703463090564,nT
2026-03-25T15:46:00.000Z,COLA,X,variation,channel,13143.840655629054,nT
2026-03-25T15:47:00.000Z,COLA,X,variation,channel,13145.4838033858,nT
2026-03-25T15:48:00.000Z,COLA,X,variation,channel,13140.998179696951,nT
2026-03-25T15:49:00.000Z,COLA,X,variation,channel,13136.595721422738,nT
2026-03-25T15:50:00.000Z,COLA,X,variation,channel,13134.892555177157,nT
2026-03-25T15:51:00.000Z,COLA,X,variation,channel,13133.102241285229,nT
2026-03-25T15:52:00.000Z,COLA,X,variation,channel,13134.145520899167,nT
2026-03-25T15:53:00.000Z,COLA,X,variation,channel,13136.19817522471,nT
2026-03-25T15:54:00.000Z,COLA,X,variation,channel,13127.322895853928,nT
2026-03-25T15:55:00.000Z,COLA,X,variation,channel,13129.159225891377,nT
2026-03-25T15:56:00.000Z,COLA,X,variation,channel,13138.14084730998,nT
2026-03-25T15:57:00.000Z,COLA,X,variation,channel,13138.535946719336,nT
2026-03-25T15:58:00.000Z,COLA,X,variation,channel,13142.84855438246,nT
2026-03-25T15:59:00.000Z,COLA,X,variation,channel,13147.996215445926,nT
2026-03-25T16:00:00.000Z,COLA,X,variation,channel,13152.150993722136,nT
2026-03-25T16:01:00.000Z,COLA,X,variation,channel,13156.070646188064,nT
2026-03-25T16:02:00.000Z,COLA,X,variation,channel,13167.88260192353,nT
2026-03-25T16:03:00.000Z,COLA,X,variation,channel,13171.249790429125,nT
2026-03-25T16:04:00.000Z,COLA,X,variation,channel,13169.868323234541,nT
2026-03-25T16:05:00.000Z,COLA,X,variation,channel,13168.388151160983,nT
2026-03-25T16:06:00.000Z,COLA,X,variation,channel,13168.134468786724,nT
2026-03-25T16:07:00.000Z,COLA,X,variation,channel,13172.5205085992,nT
2026-03-25T16:08:00.000Z,COLA,X,variation,channel,13171.37359089338,nT
2026-03-25T16:09:00.000Z,COLA,X,variation,channel,13170.414073710344,nT
2026-03-25T16:10:00.000Z,COLA,X,variation,channel,13178.055792926487,nT
2026-03-25T16:11:00.000Z,COLA,X,variation,channel,13176.878079228112,nT
2026-03-25T16:12:00.000Z,COLA,X,variation,channel,13176.598324318498,nT
2026-03-25T16:13:00.000Z,COLA,X,variation,channel,13170.728612870538,nT
2026-03-25T16:14:00.000Z,COLA,X,variation,channel,13169.4531064737,nT
2026-03-25T16:15:00.000Z,COLA,X,variation,channel,13177.586627740318,nT
2026-03-25T16:16:00.000Z,COLA,X,variation,channel,13177.740823298596,nT
2026-03-25T16:17:00.000Z,COLA,X,variation,channel,13176.397842831117,nT
2026-03-25T16:18:00.000Z,COLA,X,variation,channel,13183.07715011745,nT
2026-03-25T16:19:00.000Z,COLA,X,variation,channel,13182.360053542927,nT
2026-03-25T16:20:00.000Z,COLA,X,variation,channel,13181.142386718153,nT
2026-03-25T16:21:00.000Z,COLA,X,variation,channel,13179.541635774958,nT
2026-03-25T16:22:00.000Z,COLA,X,variation,channel,13179.12786790384,nT
2026-03-25T16:23:00.000Z,COLA,X,variation,channel,13173.502699589277,nT
2026-03-25T16:24:00.000Z,COLA,X,variation,channel,13164.193981551172,nT
2026-03-25T16:25:00.000Z,COLA,X,variation,channel,13167.307718991067,nT
2026-03-25T16:26:00.000Z,COLA,X,variation,channel,13168.322608608356,nT
2026-03-25T16:27:00.000Z,COLA,X,variation,channel,13167.651940228121,nT
2026-03-25T16:28:00.000Z,COLA,X,variation,channel,13177.779518046425,nT
2026-03-25T16:29:00.000Z,COLA,X,variation,channel,13175.027974076642,nT
2026-03-25T16:30:00.000Z,COLA,X,variation,channel,13172.29805964171,nT
2026-03-25T16:31:00.000Z,COLA,X,variation,channel,13173.137606545155,nT
2026-03-25T16:32:00.000Z,COLA,X,variation,channel,13169.3973681032,nT
2026-03-25T16:33:00.000Z,COLA,X,variation,channel,13164.999780278424,nT
2026-03-25T16:34:00.000Z,COLA,X,variation,channel,13165.133097051013,nT
2026-03-25T16:35:00.000Z,COLA,X,variation,channel,13165.089530098383,nT
2026-03-25T16:36:00.000Z,COLA,X,variation,channel,13159.30483584439,nT
2026-03-25T16:37:00.000Z,COLA,X,variation,channel,13162.052219459621,nT
2026-03-25T16:38:00.000Z,COLA,X,variation,channel,13167.554742504048,nT
2026-03-25T16:39:00.000Z,COLA,X,variation,channel,13166.489969936812,nT
2026-03-25T16:40:00.000Z,COLA,X,variation,channel,13168.75559455111,nT
2026-03-25T16:41:00.000Z,COLA,X,variation,channel,13167.351042638456,nT
2026-03-25T16:42:00.000Z,COLA,X,variation,channel,13165.462765444832,nT
2026-03-25T16:43:00.000Z,COLA,X,variation,channel,13166.78241763098,nT
2026-03-25T16:44:00.000Z,COLA,X,variation,channel,13165.989364444646,nT
2026-03-25T16:45:00.000Z,COLA,X,variation,channel,13161.666064708177,nT
2026-03-25T16:46:00.000Z,COLA,X,variation,channel,13176.075130353242,nT
2026-03-25T16:47:00.000Z,COLA,X,variation,channel,13179.015670297458,nT
2026-03-25T16:48:00.000Z,COLA,X,variation,channel,13175.413444039865,nT
2026-03-25T16:49:00.000Z,COLA,X,variation,channel,13177.974342760377,nT
2026-03-25T16:50:00.000Z,COLA,X,variation,channel,13175.36141150614,nT
2026-03-25T16:51:00.000Z,COLA,X,variation,channel,13172.093033764433,nT
2026-03-25T16:52:00.000Z,COLA,X,variation,channel,13171.737857759947,nT
2026-03-25T16:53:00.000Z,COLA,X,variation,channel,13166.203538566278,nT
2026-03-25T16:54:00.000Z,COLA,X,variation,channel,13159.815887792947,nT
2026-03-25T16:55:00.000Z,COLA,X,variation,channel,13161.111037989074,nT
2026-03-25T16:56:00.000Z,COLA,X,variation,channel,13165.161131787767,nT
2026-03-25T16:57:00.000Z,COLA,X,variation,channel,13157.141145085514,nT
2026-03-25T16:58:00.000Z,COLA,X,variation,channel,13144.301740511717,nT
2026-03-25T16:59:00.000Z,COLA,X,variation,channel,13143.19180280062,nT
2026-03-25T17:00:00.000Z,COLA,X,variation,channel,13150.54375280542,nT
2026-03-25T17:01:00.000Z,COLA,X,variation,channel,13150.316080343544,nT
2026-03-25T17:02:00.000Z,COLA,X,variation,channel,13145.499404181483,nT
2026-03-25T17:03:00.000Z,COLA,X,variation,channel,13144.862595888313,nT
2026-03-25T17:04:00.000Z,COLA,X,variation,channel,13146.982358362802,nT
2026-03-25T17:05:00.000Z,COLA,X,variation,channel,13148.910214896167,nT
2026-03-25T17:06:00.000Z,COLA,X,variation,channel,13148.901523692852,nT
2026-03-25T17:07:00.000Z,COLA,X,variation,channel,13147.201063651564,nT
2026-03-25T17:08:00.000Z,COLA,X,variation,channel,13143.503913847764,nT
2026-03-25T17:09:00.000Z,COLA,X,variation,channel,13144.081336400151,nT
2026-03-25T17:10:00.000Z,COLA,X,variation,channel,13144.02967171391,nT
2026-03-25T17:11:00.000Z,COLA,X,variation,channel,13140.891826012186,nT
2026-03-25T17:12:00.000Z,COLA,X,variation,channel,13142.254726236843,nT
2026-03-25T17:13:00.000Z,COLA,X,variation,channel,13145.121413758785,nT
2026-03-25T17:14:00.000Z,COLA,X,variation,channel,13146.700582175858,nT
2026-03-25T17:15:00.000Z,COLA,X,variation,channel,13151.960154838156,nT
2026-03-25T17:16:00.000Z,COLA,X,variation,channel,13159.605946801401,nT
2026-03-25T17:17:00.000Z,COLA,X,variation,channel,13160.58839036623,nT
2026-03-25T17:18:00.000Z,COLA,X,variation,channel,13163.08150937686,nT
2026-03-25T17:19:00.000Z,COLA,X,variation,channel,13167.267438145964,nT
2026-03-25T17:20:00.000Z,COLA,X,variation,channel,13169.644078559979,nT
2026-03-25T17:21:00.000Z,COLA,X,variation,channel,13172.604214447014,nT
2026-03-25T17:22:00.000Z,COLA,X,variation,channel,13171.39834964572,nT
2026-03-25T17:23:00.000Z,COLA,X,variation,channel,13170.099828293805,nT
2026-03-25T17:24:00.000Z,COLA,X,variation,channel,13168.440663169591,nT
2026-03-25T17:25:00.000Z,COLA,X,variation,channel,13169.387993803512,nT
2026-03-25T17:26:00.000Z,COLA,X,variation,channel,13168.321791110317,nT
2026-03-25T17:27:00.000Z,COLA,X,variation,channel,13165.607835430292,nT
2026-03-25T17:28:00.000Z,COLA,X,variation,channel,13167.99710524205,nT
2026-03-25T17:29:00.000Z,COLA,X,variation,channel,13168.88040318773,nT
2026-03-25T17:30:00.000Z,COLA,X,variation,channel,13168.446463594188,nT