timestamp,station,channel,data_type,view,value,units
2026-04-08T17:30:00.000Z,KSU1,X,variation,channel,37149.1396088005,nT
2026-04-08T17:31:00.000Z,KSU1,X,variation,channel,37148.52530908647,nT
2026-04-08T17:32:00.000Z,KSU1,X,variation,channel,37149.19559880293,nT
2026-04-08T17:33:00.000Z,KSU1,X,variation,channel,37149.338437276805,nT
2026-04-08T17:34:00.000Z,KSU1,X,variation,channel,37149.57637094321,nT
2026-04-08T17:35:00.000Z,KSU1,X,variation,channel,37149.719571970076,nT
2026-04-08T17:36:00.000Z,KSU1,X,variation,channel,37149.54493772684,nT
2026-04-08T17:37:00.000Z,KSU1,X,variation,channel,37149.40670672728,nT
2026-04-08T17:38:00.000Z,KSU1,X,variation,channel,37149.329931480155,nT
2026-04-08T17:39:00.000Z,KSU1,X,variation,channel,37149.45425933508,nT
2026-04-08T17:40:00.000Z,KSU1,X,variation,channel,37149.189793415324,nT
2026-04-08T17:41:00.000Z,KSU1,X,variation,channel,37148.91264429655,nT
2026-04-08T17:42:00.000Z,KSU1,X,variation,channel,37147.94285307712,nT
2026-04-08T17:43:00.000Z,KSU1,X,variation,channel,37147.703139356,nT
2026-04-08T17:44:00.000Z,KSU1,X,variation,channel,37148.5545307018,nT
2026-04-08T17:45:00.000Z,KSU1,X,variation,channel,37148.57764095368,nT
2026-04-08T17:46:00.000Z,KSU1,X,variation,channel,37148.274168371565,nT
2026-04-08T17:47:00.000Z,KSU1,X,variation,channel,37147.94075172787,nT
2026-04-08T17:48:00.000Z,KSU1,X,variation,channel,37147.31756507672,nT
2026-04-08T17:49:00.000Z,KSU1,X,variation,channel,37147.091786332436,nT
2026-04-08T17:50:00.000Z,KSU1,X,variation,channel,37146.483047541675,nT
2026-04-08T17:51:00.000Z,KSU1,X,variation,channel,37145.732848559885,nT
2026-04-08T17:52:00.000Z,KSU1,X,variation,channel,37145.45397322834,nT
2026-04-08T17:53:00.000Z,KSU1,X,variation,channel,37145.02129872699,nT
2026-04-08T17:54:00.000Z,KSU1,X,variation,channel,37144.792292014776,nT
2026-04-08T17:55:00.000Z,KSU1,X,variation,channel,37144.55578995675,nT
2026-04-08T17:56:00.000Z,KSU1,X,variation,channel,37144.515557453036,nT
2026-04-08T17:57:00.000Z,KSU1,X,variation,channel,37144.350845648914,nT
2026-04-08T17:58:00.000Z,KSU1,X,variation,channel,37144.54846580892,nT
2026-04-08T17:59:00.000Z,KSU1,X,variation,channel,37144.80451704631,nT
2026-04-08T18:00:00.000Z,KSU1,X,variation,channel,37144.868907103155,nT
2026-04-08T18:01:00.000Z,KSU1,X,variation,channel,37144.93352832438,nT
2026-04-08T18:02:00.000Z,KSU1,X,variation,channel,37144.90291034929,nT
2026-04-08T18:03:00.000Z,KSU1,X,variation,channel,37145.081154217165,nT
2026-04-08T18:04:00.000Z,KSU1,X,variation,channel,37145.02088146469,nT
2026-04-08T18:05:00.000Z,KSU1,X,variation,channel,37145.11067434936,nT
2026-04-08T18:06:00.000Z,KSU1,X,variation,channel,37145.26335045336,nT
2026-04-08T18:07:00.000Z,KSU1,X,variation,channel,37145.50733513741,nT
2026-04-08T18:08:00.000Z,KSU1,X,variation,channel,37145.4231422494,nT
2026-04-08T18:09:00.000Z,KSU1,X,variation,channel,37145.20804125146,nT
2026-04-08T18:10:00.000Z,KSU1,X,variation,channel,37145.279729708716,nT
2026-04-08T18:11:00.000Z,KSU1,X,variation,channel,37145.2474732467,nT
2026-04-08T18:12:00.000Z,KSU1,X,variation,channel,37145.304744395544,nT
2026-04-08T18:13:00.000Z,KSU1,X,variation,channel,37145.71957695467,nT
2026-04-08T18:14:00.000Z,KSU1,X,variation,channel,37145.583994450186,nT
2026-04-08T18:15:00.000Z,KSU1,X,variation,channel,37145.27951528987,nT
2026-04-08T18:16:00.000Z,KSU1,X,variation,channel,37145.064744615534,nT
2026-04-08T18:17:00.000Z,KSU1,X,variation,channel,37145.24440177256,nT
2026-04-08T18:18:00.000Z,KSU1,X,variation,channel,37145.67242285704,nT
2026-04-08T18:19:00.000Z,KSU1,X,variation,channel,37145.73561955778,nT
2026-04-08T18:20:00.000Z,KSU1,X,variation,channel,37146.182260197194,nT
2026-04-08T18:21:00.000Z,KSU1,X,variation,channel,37146.20905765147,nT
2026-04-08T18:22:00.000Z,KSU1,X,variation,channel,37145.92955358085,nT
2026-04-08T18:23:00.000Z,KSU1,X,variation,channel,37145.57205158193,nT
2026-04-08T18:24:00.000Z,KSU1,X,variation,channel,37145.351521546545,nT
2026-04-08T18:25:00.000Z,KSU1,X,variation,channel,37145.598415556684,nT
2026-04-08T18:26:00.000Z,KSU1,X,variation,channel,37145.44329511882,nT
2026-04-08T18:27:00.000Z,KSU1,X,variation,channel,37144.88515745353,nT
2026-04-08T18:28:00.000Z,KSU1,X,variation,channel,37144.42459536918,nT
2026-04-08T18:29:00.000Z,KSU1,X,variation,channel,37144.22665517304,nT
2026-04-08T18:30:00.000Z,KSU1,X,variation,channel,37143.608531762526,nT
2026-04-08T18:31:00.000Z,KSU1,X,variation,channel,37143.31063826743,nT
2026-04-08T18:32:00.000Z,KSU1,X,variation,channel,37143.69945491467,nT
2026-04-08T18:33:00.000Z,KSU1,X,variation,channel,37142.83021010988,nT
2026-04-08T18:34:00.000Z,KSU1,X,variation,channel,37142.71916479823,nT
2026-04-08T18:35:00.000Z,KSU1,X,variation,channel,37141.72248076794,nT
2026-04-08T18:36:00.000Z,KSU1,X,variation,channel,37141.63552352841,nT
2026-04-08T18:37:00.000Z,KSU1,X,variation,channel,37141.58495563259,nT
2026-04-08T18:38:00.000Z,KSU1,X,variation,channel,37141.26546254023,nT
2026-04-08T18:39:00.000Z,KSU1,X,variation,channel,37141.42519634132,nT
2026-04-08T18:40:00.000Z,KSU1,X,variation,channel,37141.623237541564,nT
2026-04-08T18:41:00.000Z,KSU1,X,variation,channel,37141.93559238957,nT
2026-04-08T18:42:00.000Z,KSU1,X,variation,channel,37140.9020032575,nT
2026-04-08T18:43:00.000Z,KSU1,X,variation,channel,37140.70924178237,nT
2026-04-08T18:44:00.000Z,KSU1,X,variation,channel,37140.72802181913,nT
2026-04-08T18:45:00.000Z,KSU1,X,variation,channel,37140.44437824345,nT
2026-04-08T18:46:00.000Z,KSU1,X,variation,channel,37140.4046970421,nT
2026-04-08T18:47:00.000Z,KSU1,X,variation,channel,37140.3344386101,nT
2026-04-08T18:48:00.000Z,KSU1,X,variation,channel,37139.59695188351,nT
2026-04-08T18:49:00.000Z,KSU1,X,variation,channel,37138.6962310815,nT
2026-04-08T18:50:00.000Z,KSU1,X,variation,channel,37138.60969472985,nT
2026-04-08T18:51:00.000Z,KSU1,X,variation,channel,37137.651763447495,nT
2026-04-08T18:52:00.000Z,KSU1,X,variation,channel,37136.87987992818,nT
2026-04-08T18:53:00.000Z,KSU1,X,variation,channel,37137.08124233951,nT
2026-04-08T18:54:00.000Z,KSU1,X,variation,channel,37137.088536716175,nT
2026-04-08T18:55:00.000Z,KSU1,X,variation,channel,37136.86545187772,nT
2026-04-08T18:56:00.000Z,KSU1,X,variation,channel,37136.4291514521,nT
2026-04-08T18:57:00.000Z,KSU1,X,variation,channel,37136.66857272334,nT
2026-04-08T18:58:00.000Z,KSU1,X,variation,channel,37136.27544268503,nT
2026-04-08T18:59:00.000Z,KSU1,X,variation,channel,37137.1846786819,nT
2026-04-08T19:00:00.000Z,KSU1,X,variation,channel,37144.85549006167,nT
2026-04-08T19:01:00.000Z,KSU1,X,variation,channel,37144.72236587131,nT
2026-04-08T19:02:00.000Z,KSU1,X,variation,channel,37144.99223311762,nT
2026-04-08T19:03:00.000Z,KSU1,X,variation,channel,37145.30206440388,nT
2026-04-08T19:04:00.000Z,KSU1,X,variation,channel,37145.47097358756,nT
2026-04-08T19:05:00.000Z,KSU1,X,variation,channel,37145.53218404342,nT
2026-04-08T19:06:00.000Z,KSU1,X,variation,channel,37145.656864632314,nT
2026-04-08T19:07:00.000Z,KSU1,X,variation,channel,37146.49221072931,nT
2026-04-08T19:08:00.000Z,KSU1,X,variation,channel,37146.792277192144,nT
2026-04-08T19:09:00.000Z,KSU1,X,variation,channel,37147.10486031976,nT
2026-04-08T19:10:00.000Z,KSU1,X,variation,channel,37147.56860614863,nT
2026-04-08T19:11:00.000Z,KSU1,X,variation,channel,37147.72040386674,nT
2026-04-08T19:12:00.000Z,KSU1,X,variation,channel,37147.65544136811,nT
2026-04-08T19:13:00.000Z,KSU1,X,variation,channel,37148.291512849064,nT
2026-04-08T19:14:00.000Z,KSU1,X,variation,channel,37148.96632373136,nT
2026-04-08T19:15:00.000Z,KSU1,X,variation,channel,37149.265525242554,nT
2026-04-08T19:16:00.000Z,KSU1,X,variation,channel,37148.942054266925,nT
2026-04-08T19:17:00.000Z,KSU1,X,variation,channel,37149.05393227921,nT
2026-04-08T19:18:00.000Z,KSU1,X,variation,channel,37149.0278757106,nT
2026-04-08T19:19:00.000Z,KSU1,X,variation,channel,37149.09894809397,nT
2026-04-08T19:20:00.000Z,KSU1,X,variation,channel,37148.865303146784,nT
2026-04-08T19:21:00.000Z,KSU1,X,variation,channel,37148.70472544055,nT
2026-04-08T19:22:00.000Z,KSU1,X,variation,channel,37148.37593811301,nT
2026-04-08T19:23:00.000Z,KSU1,X,variation,channel,37147.707169012625,nT
2026-04-08T19:24:00.000Z,KSU1,X,variation,channel,37147.10909758626,nT
2026-04-08T19:25:00.000Z,KSU1,X,variation,channel,37146.785091984624,nT
2026-04-08T19:26:00.000Z,KSU1,X,variation,channel,37146.67514235177,nT
2026-04-08T19:27:00.000Z,KSU1,X,variation,channel,37146.48799703188,nT
2026-04-08T19:28:00.000Z,KSU1,X,variation,channel,37146.76724600438,nT
2026-04-08T19:29:00.000Z,KSU1,X,variation,channel,37146.485534672924,nT
2026-04-08T19:30:00.000Z,KSU1,X,variation,channel,37146.11460423185,nT
2026-04-08T19:31:00.000Z,KSU1,X,variation,channel,37145.80063220176,nT
2026-04-08T19:32:00.000Z,KSU1,X,variation,channel,37145.34102275137,nT
2026-04-08T19:33:00.000Z,KSU1,X,variation,channel,37145.353304700286,nT
2026-04-08T19:34:00.000Z,KSU1,X,variation,channel,37145.37374000475,nT
2026-04-08T19:35:00.000Z,KSU1,X,variation,channel,37144.99568883795,nT
2026-04-08T19:36:00.000Z,KSU1,X,variation,channel,37144.94348154858,nT
2026-04-08T19:37:00.000Z,KSU1,X,variation,channel,37145.126800357764,nT
2026-04-08T19:38:00.000Z,KSU1,X,variation,channel,37145.58528790559,nT
2026-04-08T19:39:00.000Z,KSU1,X,variation,channel,37146.16978641427,nT
2026-04-08T19:40:00.000Z,KSU1,X,variation,channel,37146.5884932017,nT
2026-04-08T19:41:00.000Z,KSU1,X,variation,channel,37146.62756439746,nT
2026-04-08T19:42:00.000Z,KSU1,X,variation,channel,37147.06777967648,nT
2026-04-08T19:43:00.000Z,KSU1,X,variation,channel,37147.35599789196,nT
2026-04-08T19:44:00.000Z,KSU1,X,variation,channel,37147.1162975508,nT
2026-04-08T19:45:00.000Z,KSU1,X,variation,channel,37146.62736412392,nT
2026-04-08T19:46:00.000Z,KSU1,X,variation,channel,37147.488937856615,nT
2026-04-08T19:47:00.000Z,KSU1,X,variation,channel,37148.15948777904,nT
2026-04-08T19:48:00.000Z,KSU1,X,variation,channel,37148.087561618304,nT
2026-04-08T19:49:00.000Z,KSU1,X,variation,channel,37148.14644887706,nT
2026-04-08T19:50:00.000Z,KSU1,X,variation,channel,37148.553549848104,nT
2026-04-08T19:51:00.000Z,KSU1,X,variation,channel,37148.88000530266,nT
2026-04-08T19:52:00.000Z,KSU1,X,variation,channel,37149.1162756317,nT
2026-04-08T19:53:00.000Z,KSU1,X,variation,channel,37149.39460729994,nT
2026-04-08T19:54:00.000Z,KSU1,X,variation,channel,37149.084249837026,nT
2026-04-08T19:55:00.000Z,KSU1,X,variation,channel,37149.154158754514,nT
2026-04-08T19:56:00.000Z,KSU1,X,variation,channel,37149.59144689691,nT
2026-04-08T19:57:00.000Z,KSU1,X,variation,channel,37149.00196624775,nT
2026-04-08T19:58:00.000Z,KSU1,X,variation,channel,37149.07222564909,nT
2026-04-08T19:59:00.000Z,KSU1,X,variation,channel,37149.88715032017,nT
2026-04-08T20:00:00.000Z,KSU1,X,variation,channel,37149.700635491026,nT
2026-04-08T20:01:00.000Z,KSU1,X,variation,channel,37149.9479549154,nT
2026-04-08T20:02:00.000Z,KSU1,X,variation,channel,37150.15866103872,nT
2026-04-08T20:03:00.000Z,KSU1,X,variation,channel,37150.68074505213,nT
2026-04-08T20:04:00.000Z,KSU1,X,variation,channel,37150.89546444494,nT
2026-04-08T20:05:00.000Z,KSU1,X,variation,channel,37151.213066888355,nT
2026-04-08T20:06:00.000Z,KSU1,X,variation,channel,37151.04897314416,nT
2026-04-08T20:07:00.000Z,KSU1,X,variation,channel,37151.382557292345,nT
2026-04-08T20:08:00.000Z,KSU1,X,variation,channel,37151.14579625934,nT
2026-04-08T20:09:00.000Z,KSU1,X,variation,channel,37151.13108896082,nT
2026-04-08T20:10:00.000Z,KSU1,X,variation,channel,37151.72160732611,nT
2026-04-08T20:11:00.000Z,KSU1,X,variation,channel,37152.28212734594,nT
2026-04-08T20:12:00.000Z,KSU1,X,variation,channel,37152.83909292245,nT
2026-04-08T20:13:00.000Z,KSU1,X,variation,channel,37152.93019573762,nT
2026-04-08T20:14:00.000Z,KSU1,X,variation,channel,37153.02185628972,nT
2026-04-08T20:15:00.000Z,KSU1,X,variation,channel,37153.349825988436,nT
2026-04-08T20:16:00.000Z,KSU1,X,variation,channel,37154.98583105778,nT
2026-04-08T20:17:00.000Z,KSU1,X,variation,channel,37154.83084232673,nT
2026-04-08T20:18:00.000Z,KSU1,X,variation,channel,37155.258969318034,nT
2026-04-08T20:19:00.000Z,KSU1,X,variation,channel,37154.65827071977,nT
2026-04-08T20:20:00.000Z,KSU1,X,variation,channel,37155.090281529425,nT
2026-04-08T20:21:00.000Z,KSU1,X,variation,channel,37155.099279723254,nT
2026-04-08T20:22:00.000Z,KSU1,X,variation,channel,37155.243137630874,nT
2026-04-08T20:23:00.000Z,KSU1,X,variation,channel,37155.46109198761,nT
2026-04-08T20:24:00.000Z,KSU1,X,variation,channel,37155.57658955093,nT
2026-04-08T20:25:00.000Z,KSU1,X,variation,channel,37156.00585105422,nT
2026-04-08T20:26:00.000Z,KSU1,X,variation,channel,37156.737484841804,nT
2026-04-08T20:27:00.000Z,KSU1,X,variation,channel,37157.15438893087,nT
2026-04-08T20:28:00.000Z,KSU1,X,variation,channel,37156.67597433082,nT
2026-04-08T20:29:00.000Z,KSU1,X,variation,channel,37157.0743955686,nT
2026-04-08T20:30:00.000Z,KSU1,X,variation,channel,37157.56247676104,nT
2026-04-08T20:31:00.000Z,KSU1,X,variation,channel,37159.030710111096,nT
2026-04-08T20:32:00.000Z,KSU1,X,variation,channel,37159.68279799055,nT
2026-04-08T20:33:00.000Z,KSU1,X,variation,channel,37158.835128540864,nT
2026-04-08T20:34:00.000Z,KSU1,X,variation,channel,37158.020520390724,nT
2026-04-08T20:35:00.000Z,KSU1,X,variation,channel,37156.96142679105,nT
2026-04-08T20:36:00.000Z,KSU1,X,variation,channel,37155.469252360286,nT
2026-04-08T20:37:00.000Z,KSU1,X,variation,channel,37154.91549353977,nT
2026-04-08T20:38:00.000Z,KSU1,X,variation,channel,37155.196164072615,nT
2026-04-08T20:39:00.000Z,KSU1,X,variation,channel,37155.303579454434,nT
2026-04-08T20:40:00.000Z,KSU1,X,variation,channel,37154.881869692894,nT
2026-04-08T20:41:00.000Z,KSU1,X,variation,channel,37154.900747364896,nT
2026-04-08T20:42:00.000Z,KSU1,X,variation,channel,37155.252558931716,nT
2026-04-08T20:43:00.000Z,KSU1,X,variation,channel,37155.35015517569,nT
2026-04-08T20:44:00.000Z,KSU1,X,variation,channel,37155.292265800395,nT
2026-04-08T20:45:00.000Z,KSU1,X,variation,channel,37155.174176270826,nT
2026-04-08T20:46:00.000Z,KSU1,X,variation,channel,37155.86360001901,nT
2026-04-08T20:47:00.000Z,KSU1,X,variation,channel,37156.78390197039,nT
2026-04-08T20:48:00.000Z,KSU1,X,variation,channel,37157.172904898725,nT
2026-04-08T20:49:00.000Z,KSU1,X,variation,channel,37157.74971154646,nT
2026-04-08T20:50:00.000Z,KSU1,X,variation,channel,37159.32281229802,nT
2026-04-08T20:51:00.000Z,KSU1,X,variation,channel,37160.29304015047,nT
2026-04-08T20:52:00.000Z,KSU1,X,variation,channel,37160.2026729265,nT
2026-04-08T20:53:00.000Z,KSU1,X,variation,channel,37160.23080334587,nT
2026-04-08T20:54:00.000Z,KSU1,X,variation,channel,37160.31470226027,nT
2026-04-08T20:55:00.000Z,KSU1,X,variation,channel,37159.81911044563,nT
2026-04-08T20:56:00.000Z,KSU1,X,variation,channel,37159.47832269397,nT
2026-04-08T20:57:00.000Z,KSU1,X,variation,channel,37159.88682110551,nT
2026-04-08T20:58:00.000Z,KSU1,X,variation,channel,37160.09407755245,nT
2026-04-08T20:59:00.000Z,KSU1,X,variation,channel,37160.069574489346,nT
2026-04-08T21:00:00.000Z,KSU1,X,variation,channel,37160.715951680504,nT
2026-04-08T21:01:00.000Z,KSU1,X,variation,channel,37160.74042579156,nT
2026-04-08T21:02:00.000Z,KSU1,X,variation,channel,37161.16887969701,nT
2026-04-08T21:03:00.000Z,KSU1,X,variation,channel,37161.8447969665,nT
2026-04-08T21:04:00.000Z,KSU1,X,variation,channel,37162.28246471822,nT
2026-04-08T21:05:00.000Z,KSU1,X,variation,channel,37162.30819059518,nT
2026-04-08T21:06:00.000Z,KSU1,X,variation,channel,37162.51887610042,nT
2026-04-08T21:07:00.000Z,KSU1,X,variation,channel,37163.04600475473,nT
2026-04-08T21:08:00.000Z,KSU1,X,variation,channel,37163.38959913212,nT
2026-04-08T21:09:00.000Z,KSU1,X,variation,channel,37163.18647488915,nT
2026-04-08T21:10:00.000Z,KSU1,X,variation,channel,37163.65202236446,nT
2026-04-08T21:11:00.000Z,KSU1,X,variation,channel,37163.92494270145,nT
2026-04-08T21:12:00.000Z,KSU1,X,variation,channel,37163.53851552629,nT
2026-04-08T21:13:00.000Z,KSU1,X,variation,channel,37163.57974547074,nT
2026-04-08T21:14:00.000Z,KSU1,X,variation,channel,37163.887390745964,nT
2026-04-08T21:15:00.000Z,KSU1,X,variation,channel,37164.289704729155,nT
2026-04-08T21:16:00.000Z,KSU1,X,variation,channel,37164.174467422956,nT
2026-04-08T21:17:00.000Z,KSU1,X,variation,channel,37164.28204878639,nT
2026-04-08T21:18:00.000Z,KSU1,X,variation,channel,37164.116183246355,nT
2026-04-08T21:19:00.000Z,KSU1,X,variation,channel,37164.179437366605,nT
2026-04-08T21:20:00.000Z,KSU1,X,variation,channel,37163.97036801388,nT
2026-04-08T21:21:00.000Z,KSU1,X,variation,channel,37164.03357256275,nT
2026-04-08T21:22:00.000Z,KSU1,X,variation,channel,37164.043391680054,nT
2026-04-08T21:23:00.000Z,KSU1,X,variation,channel,37164.2766693781,nT
2026-04-08T21:24:00.000Z,KSU1,X,variation,channel,37164.6610961772,nT
2026-04-08T21:25:00.000Z,KSU1,X,variation,channel,37164.867847831,nT
2026-04-08T21:26:00.000Z,KSU1,X,variation,channel,37165.29254884508,nT
2026-04-08T21:27:00.000Z,KSU1,X,variation,channel,37165.7267001487,nT
2026-04-08T21:28:00.000Z,KSU1,X,variation,channel,37166.3173368156,nT
2026-04-08T21:29:00.000Z,KSU1,X,variation,channel,37166.59892533386,nT
2026-04-08T21:30:00.000Z,KSU1,X,variation,channel,37166.76175703412,nT
2026-04-08T21:31:00.000Z,KSU1,X,variation,channel,37166.805444612684,nT
2026-04-08T21:32:00.000Z,KSU1,X,variation,channel,37166.4820185951,nT
2026-04-08T21:33:00.000Z,KSU1,X,variation,channel,37166.63109641179,nT
2026-04-08T21:34:00.000Z,KSU1,X,variation,channel,37166.75938045581,nT
2026-04-08T21:35:00.000Z,KSU1,X,variation,channel,37167.09025735525,nT
2026-04-08T21:36:00.000Z,KSU1,X,variation,channel,37167.60655816143,nT
2026-04-08T21:37:00.000Z,KSU1,X,variation,channel,37167.92753817613,nT
2026-04-08T21:38:00.000Z,KSU1,X,variation,channel,37168.09389527734,nT
2026-04-08T21:39:00.000Z,KSU1,X,variation,channel,37168.29254801056,nT
2026-04-08T21:40:00.000Z,KSU1,X,variation,channel,37168.594858100056,nT
2026-04-08T21:41:00.000Z,KSU1,X,variation,channel,37168.946011621105,nT
2026-04-08T21:42:00.000Z,KSU1,X,variation,channel,37168.66889899489,nT
2026-04-08T21:43:00.000Z,KSU1,X,variation,channel,37168.55606902284,nT
2026-04-08T21:44:00.000Z,KSU1,X,variation,channel,37168.47361580943,nT
2026-04-08T21:45:00.000Z,KSU1,X,variation,channel,37168.1867183446,nT
2026-04-08T21:46:00.000Z,KSU1,X,variation,channel,37168.05662492796,nT
2026-04-08T21:47:00.000Z,KSU1,X,variation,channel,37168.37972537916,nT
2026-04-08T21:48:00.000Z,KSU1,X,variation,channel,37168.7417671553,nT
2026-04-08T21:49:00.000Z,KSU1,X,variation,channel,37169.07014017413,nT
2026-04-08T21:50:00.000Z,KSU1,X,variation,channel,37168.98609610179,nT
2026-04-08T21:51:00.000Z,KSU1,X,variation,channel,37168.926073462455,nT
2026-04-08T21:52:00.000Z,KSU1,X,variation,channel,37169.37540741603,nT
2026-04-08T21:53:00.000Z,KSU1,X,variation,channel,37169.41678254913,nT
2026-04-08T21:54:00.000Z,KSU1,X,variation,channel,37169.69728653179,nT
2026-04-08T21:55:00.000Z,KSU1,X,variation,channel,37169.513021984196,nT
2026-04-08T21:56:00.000Z,KSU1,X,variation,channel,37169.60957219128,nT
2026-04-08T21:57:00.000Z,KSU1,X,variation,channel,37169.406927935284,nT
2026-04-08T21:58:00.000Z,KSU1,X,variation,channel,37169.413406675034,nT
2026-04-08T21:59:00.000Z,KSU1,X,variation,channel,37170.4386195828,nT
2026-04-08T22:00:00.000Z,KSU1,X,variation,channel,37171.02033718899,nT
2026-04-08T22:01:00.000Z,KSU1,X,variation,channel,37171.13435790944,nT
2026-04-08T22:02:00.000Z,KSU1,X,variation,channel,37171.339294416735,nT
2026-04-08T22:03:00.000Z,KSU1,X,variation,channel,37171.57390974953,nT
2026-04-08T22:04:00.000Z,KSU1,X,variation,channel,37171.34104984645,nT
2026-04-08T22:05:00.000Z,KSU1,X,variation,channel,37171.509481354115,nT
2026-04-08T22:06:00.000Z,KSU1,X,variation,channel,37171.28658442554,nT
2026-04-08T22:07:00.000Z,KSU1,X,variation,channel,37170.864058098356,nT
2026-04-08T22:08:00.000Z,KSU1,X,variation,channel,37170.59821325155,nT
2026-04-08T22:09:00.000Z,KSU1,X,variation,channel,37170.761660934164,nT
2026-04-08T22:10:00.000Z,KSU1,X,variation,channel,37170.97031673696,nT
2026-04-08T22:11:00.000Z,KSU1,X,variation,channel,37170.684613127254,nT
2026-04-08T22:12:00.000Z,KSU1,X,variation,channel,37170.82268939568,nT
2026-04-08T22:13:00.000Z,KSU1,X,variation,channel,37171.16936646133,nT
2026-04-08T22:14:00.000Z,KSU1,X,variation,channel,37171.47554975898,nT
2026-04-08T22:15:00.000Z,KSU1,X,variation,channel,37171.68270371139,nT
2026-04-08T22:16:00.000Z,KSU1,X,variation,channel,37172.009749445126,nT
2026-04-08T22:17:00.000Z,KSU1,X,variation,channel,37172.483898027895,nT
2026-04-08T22:18:00.000Z,KSU1,X,variation,channel,37172.6976068928,nT
2026-04-08T22:19:00.000Z,KSU1,X,variation,channel,37172.85534494364,nT
2026-04-08T22:20:00.000Z,KSU1,X,variation,channel,37172.709865501114,nT
2026-04-08T22:21:00.000Z,KSU1,X,variation,channel,37173.28935229935,nT
2026-04-08T22:22:00.000Z,KSU1,X,variation,channel,37173.5637125711,nT
2026-04-08T22:23:00.000Z,KSU1,X,variation,channel,37173.97344734231,nT
2026-04-08T22:24:00.000Z,KSU1,X,variation,channel,37173.92462816958,nT
2026-04-08T22:25:00.000Z,KSU1,X,variation,channel,37174.12219652217,nT
2026-04-08T22:26:00.000Z,KSU1,X,variation,channel,37174.27645691591,nT
2026-04-08T22:27:00.000Z,KSU1,X,variation,channel,37174.337346701075,nT
2026-04-08T22:28:00.000Z,KSU1,X,variation,channel,37173.86416854789,nT
2026-04-08T22:29:00.000Z,KSU1,X,variation,channel,37173.461899690374,nT
2026-04-08T22:30:00.000Z,KSU1,X,variation,channel,37173.32858693062,nT
2026-04-08T22:31:00.000Z,KSU1,X,variation,channel,37173.8827121746,nT
2026-04-08T22:32:00.000Z,KSU1,X,variation,channel,37174.28800384592,nT
2026-04-08T22:33:00.000Z,KSU1,X,variation,channel,37174.21870650854,nT
2026-04-08T22:34:00.000Z,KSU1,X,variation,channel,37174.217350750594,nT
2026-04-08T22:35:00.000Z,KSU1,X,variation,channel,37174.37946319317,nT
2026-04-08T22:36:00.000Z,KSU1,X,variation,channel,37174.579520171625,nT
2026-04-08T22:37:00.000Z,KSU1,X,variation,channel,37174.29779085784,nT
2026-04-08T22:38:00.000Z,KSU1,X,variation,channel,37174.15543409014,nT
2026-04-08T22:39:00.000Z,KSU1,X,variation,channel,37173.854059756144,nT
2026-04-08T22:40:00.000Z,KSU1,X,variation,channel,37173.50138470858,nT
2026-04-08T22:41:00.000Z,KSU1,X,variation,channel,37173.41262577282,nT
2026-04-08T22:42:00.000Z,KSU1,X,variation,channel,37173.190888097844,nT
2026-04-08T22:43:00.000Z,KSU1,X,variation,channel,37173.81163557706,nT
2026-04-08T22:44:00.000Z,KSU1,X,variation,channel,37173.70692940849,nT
2026-04-08T22:45:00.000Z,KSU1,X,variation,channel,37173.72231795957,nT
2026-04-08T22:46:00.000Z,KSU1,X,variation,channel,37173.68889324934,nT
2026-04-08T22:47:00.000Z,KSU1,X,variation,channel,37173.984929772196,nT
2026-04-08T22:48:00.000Z,KSU1,X,variation,channel,37174.41811382757,nT
2026-04-08T22:49:00.000Z,KSU1,X,variation,channel,37174.64515483803,nT
2026-04-08T22:50:00.000Z,KSU1,X,variation,channel,37175.133899172,nT
2026-04-08T22:51:00.000Z,KSU1,X,variation,channel,37175.44877650999,nT
2026-04-08T22:52:00.000Z,KSU1,X,variation,channel,37175.83850764226,nT
2026-04-08T22:53:00.000Z,KSU1,X,variation,channel,37176.18148977304,nT
2026-04-08T22:54:00.000Z,KSU1,X,variation,channel,37176.838202503815,nT
2026-04-08T22:55:00.000Z,KSU1,X,variation,channel,37176.98689048347,nT
2026-04-08T22:56:00.000Z,KSU1,X,variation,channel,37176.40248888911,nT
2026-04-08T22:57:00.000Z,KSU1,X,variation,channel,37176.281619391135,nT
2026-04-08T22:58:00.000Z,KSU1,X,variation,channel,37175.944463119435,nT
2026-04-08T22:59:00.000Z,KSU1,X,variation,channel,37175.83760438838,nT
2026-04-08T23:00:00.000Z,KSU1,X,variation,channel,37176.23576402431,nT
2026-04-08T23:01:00.000Z,KSU1,X,variation,channel,37176.529622267924,nT
2026-04-08T23:02:00.000Z,KSU1,X,variation,channel,37177.32185458866,nT
2026-04-08T23:03:00.000Z,KSU1,X,variation,channel,37177.595148428496,nT
2026-04-08T23:04:00.000Z,KSU1,X,variation,channel,37177.54270240186,nT
2026-04-08T23:05:00.000Z,KSU1,X,variation,channel,37177.9356993566,nT
2026-04-08T23:06:00.000Z,KSU1,X,variation,channel,37178.80737902741,nT
2026-04-08T23:07:00.000Z,KSU1,X,variation,channel,37178.852978239316,nT
2026-04-08T23:08:00.000Z,KSU1,X,variation,channel,37178.74022354711,nT
2026-04-08T23:09:00.000Z,KSU1,X,variation,channel,37178.46846814812,nT
2026-04-08T23:10:00.000Z,KSU1,X,variation,channel,37177.48384842038,nT
2026-04-08T23:11:00.000Z,KSU1,X,variation,channel,37177.5303123856,nT
2026-04-08T23:12:00.000Z,KSU1,X,variation,channel,37177.52174121706,nT
2026-04-08T23:13:00.000Z,KSU1,X,variation,channel,37177.28099554681,nT
2026-04-08T23:14:00.000Z,KSU1,X,variation,channel,37177.191707964106,nT
2026-04-08T23:15:00.000Z,KSU1,X,variation,channel,37177.172048703265,nT
2026-04-08T23:16:00.000Z,KSU1,X,variation,channel,37177.09305320178,nT
2026-04-08T23:17:00.000Z,KSU1,X,variation,channel,37176.91848472099,nT
2026-04-08T23:18:00.000Z,KSU1,X,variation,channel,37176.885239951305,nT
2026-04-08T23:19:00.000Z,KSU1,X,variation,channel,37176.80525873137,nT
2026-04-08T23:20:00.000Z,KSU1,X,variation,channel,37176.76011893591,nT
2026-04-08T23:21:00.000Z,KSU1,X,variation,channel,37176.66761397779,nT
2026-04-08T23:22:00.000Z,KSU1,X,variation,channel,37176.80590490516,nT
2026-04-08T23:23:00.000Z,KSU1,X,variation,channel,37177.01363928042,nT
2026-04-08T23:24:00.000Z,KSU1,X,variation,channel,37177.002403363455,nT
2026-04-08T23:25:00.000Z,KSU1,X,variation,channel,37176.85582152578,nT
2026-04-08T23:26:00.000Z,KSU1,X,variation,channel,37176.68600720072,nT
2026-04-08T23:27:00.000Z,KSU1,X,variation,channel,37176.53255835188,nT
2026-04-08T23:28:00.000Z,KSU1,X,variation,channel,37176.096682193034,nT
2026-04-08T23:29:00.000Z,KSU1,X,variation,channel,37175.86110541604,nT
2026-04-08T23:30:00.000Z,KSU1,X,variation,channel,37175.69714689438,nT
2026-04-08T23:31:00.000Z,KSU1,X,variation,channel,37175.67378179647,nT
2026-04-08T23:32:00.000Z,KSU1,X,variation,channel,37175.5388679671,nT
2026-04-08T23:33:00.000Z,KSU1,X,variation,channel,37175.24563387904,nT
2026-04-08T23:34:00.000Z,KSU1,X,variation,channel,37174.74637117624,nT
2026-04-08T23:35:00.000Z,KSU1,X,variation,channel,37174.55318543199,nT
2026-04-08T23:36:00.000Z,KSU1,X,variation,channel,37174.57015432977,nT
2026-04-08T23:37:00.000Z,KSU1,X,variation,channel,37174.42992521593,nT
2026-04-08T23:38:00.000Z,KSU1,X,variation,channel,37174.37642700148,nT
2026-04-08T23:39:00.000Z,KSU1,X,variation,channel,37174.2247229883,nT
2026-04-08T23:40:00.000Z,KSU1,X,variation,channel,37173.9325009171,nT
2026-04-08T23:41:00.000Z,KSU1,X,variation,channel,37173.63894121559,nT
2026-04-08T23:42:00.000Z,KSU1,X,variation,channel,37173.07389773576,nT
2026-04-08T23:43:00.000Z,KSU1,X,variation,channel,37172.3330426841,nT
2026-04-08T23:44:00.000Z,KSU1,X,variation,channel,37171.80882833013,nT
2026-04-08T23:45:00.000Z,KSU1,X,variation,channel,37171.46448909724,nT
2026-04-08T23:46:00.000Z,KSU1,X,variation,channel,37171.655457701825,nT
2026-04-08T23:47:00.000Z,KSU1,X,variation,channel,37170.573793565534,nT
2026-04-08T23:48:00.000Z,KSU1,X,variation,channel,37170.69553262798,nT
2026-04-08T23:49:00.000Z,KSU1,X,variation,channel,37170.494852165386,nT
2026-04-08T23:50:00.000Z,KSU1,X,variation,channel,37170.11926590032,nT
2026-04-08T23:51:00.000Z,KSU1,X,variation,channel,37169.40774982153,nT
2026-04-08T23:52:00.000Z,KSU1,X,variation,channel,37168.4913050451,nT
2026-04-08T23:53:00.000Z,KSU1,X,variation,channel,37168.09484034372,nT
2026-04-08T23:54:00.000Z,KSU1,X,variation,channel,37168.38303490966,nT
2026-04-08T23:55:00.000Z,KSU1,X,variation,channel,37168.61358543191,nT
2026-04-08T23:56:00.000Z,KSU1,X,variation,channel,37168.10440745595,nT
2026-04-08T23:57:00.000Z,KSU1,X,variation,channel,37167.70833012212,nT
2026-04-08T23:58:00.000Z,KSU1,X,variation,channel,37167.74275411693,nT
2026-04-08T23:59:00.000Z,KSU1,X,variation,channel,37167.68502244364,nT
2026-04-09T00:00:00.000Z,KSU1,X,variation,channel,37167.57652885802,nT
2026-04-09T00:01:00.000Z,KSU1,X,variation,channel,37167.41948358196,nT
2026-04-09T00:02:00.000Z,KSU1,X,variation,channel,37167.23733404243,nT
2026-04-09T00:03:00.000Z,KSU1,X,variation,channel,37167.396296351944,nT
2026-04-09T00:04:00.000Z,KSU1,X,variation,channel,37167.99045960685,nT
2026-04-09T00:05:00.000Z,KSU1,X,variation,channel,37168.563052810554,nT
2026-04-09T00:06:00.000Z,KSU1,X,variation,channel,37168.774398906244,nT
2026-04-09T00:07:00.000Z,KSU1,X,variation,channel,37169.10466299461,nT
2026-04-09T00:08:00.000Z,KSU1,X,variation,channel,37169.80485745409,nT
2026-04-09T00:09:00.000Z,KSU1,X,variation,channel,37169.981554848615,nT
2026-04-09T00:10:00.000Z,KSU1,X,variation,channel,37169.503455429236,nT
2026-04-09T00:11:00.000Z,KSU1,X,variation,channel,37169.631440200545,nT
2026-04-09T00:12:00.000Z,KSU1,X,variation,channel,37169.8808279584,nT
2026-04-09T00:13:00.000Z,KSU1,X,variation,channel,37170.21350196711,nT
2026-04-09T00:14:00.000Z,KSU1,X,variation,channel,37170.035365894764,nT
2026-04-09T00:15:00.000Z,KSU1,X,variation,channel,37169.897731013836,nT
2026-04-09T00:16:00.000Z,KSU1,X,variation,channel,37169.72923032049,nT
2026-04-09T00:17:00.000Z,KSU1,X,variation,channel,37169.57048501519,nT
2026-04-09T00:18:00.000Z,KSU1,X,variation,channel,37169.368411342744,nT
2026-04-09T00:19:00.000Z,KSU1,X,variation,channel,37169.335887243025,nT
2026-04-09T00:20:00.000Z,KSU1,X,variation,channel,37169.22681736026,nT
2026-04-09T00:21:00.000Z,KSU1,X,variation,channel,37169.08800936627,nT
2026-04-09T00:22:00.000Z,KSU1,X,variation,channel,37164.50599574505,nT
2026-04-09T00:23:00.000Z,KSU1,X,variation,channel,37162.755209486706,nT
2026-04-09T00:24:00.000Z,KSU1,X,variation,channel,37162.842130435194,nT
2026-04-09T00:25:00.000Z,KSU1,X,variation,channel,37162.93818885544,nT
2026-04-09T00:26:00.000Z,KSU1,X,variation,channel,37162.83977794693,nT
2026-04-09T00:27:00.000Z,KSU1,X,variation,channel,37162.44831504609,nT
2026-04-09T00:28:00.000Z,KSU1,X,variation,channel,37161.674139282,nT
2026-04-09T00:29:00.000Z,KSU1,X,variation,channel,37162.13227125638,nT
2026-04-09T00:30:00.000Z,KSU1,X,variation,channel,37162.33596143761,nT
2026-04-09T00:31:00.000Z,KSU1,X,variation,channel,37162.20013455124,nT
2026-04-09T00:32:00.000Z,KSU1,X,variation,channel,37162.2947702066,nT
2026-04-09T00:33:00.000Z,KSU1,X,variation,channel,37162.344551978254,nT
2026-04-09T00:34:00.000Z,KSU1,X,variation,channel,37162.50203419889,nT
2026-04-09T00:35:00.000Z,KSU1,X,variation,channel,37162.59060808915,nT
2026-04-09T00:36:00.000Z,KSU1,X,variation,channel,37162.67713874751,nT
2026-04-09T00:37:00.000Z,KSU1,X,variation,channel,37162.59938660593,nT
2026-04-09T00:38:00.000Z,KSU1,X,variation,channel,37162.6157846589,nT
2026-04-09T00:39:00.000Z,KSU1,X,variation,channel,37162.54039019253,nT
2026-04-09T00:40:00.000Z,KSU1,X,variation,channel,37162.66971594613,nT
2026-04-09T00:41:00.000Z,KSU1,X,variation,channel,37162.71592484551,nT
2026-04-09T00:42:00.000Z,KSU1,X,variation,channel,37162.57563610072,nT
2026-04-09T00:43:00.000Z,KSU1,X,variation,channel,37162.57848173347,nT
2026-04-09T00:44:00.000Z,KSU1,X,variation,channel,37162.73439793909,nT
2026-04-09T00:45:00.000Z,KSU1,X,variation,channel,37162.4874756326,nT
2026-04-09T00:46:00.000Z,KSU1,X,variation,channel,37162.652414361546,nT
2026-04-09T00:47:00.000Z,KSU1,X,variation,channel,37162.96942421033,nT
2026-04-09T00:48:00.000Z,KSU1,X,variation,channel,37163.45735984972,nT
2026-04-09T00:49:00.000Z,KSU1,X,variation,channel,37163.399152249774,nT
2026-04-09T00:50:00.000Z,KSU1,X,variation,channel,37163.582829005994,nT
2026-04-09T00:51:00.000Z,KSU1,X,variation,channel,37163.87357242331,nT
2026-04-09T00:52:00.000Z,KSU1,X,variation,channel,37163.94314918306,nT
2026-04-09T00:53:00.000Z,KSU1,X,variation,channel,37163.914639355135,nT
2026-04-09T00:54:00.000Z,KSU1,X,variation,channel,37163.63358497999,nT
2026-04-09T00:55:00.000Z,KSU1,X,variation,channel,37163.654028459656,nT
2026-04-09T00:56:00.000Z,KSU1,X,variation,channel,37163.68500302831,nT
2026-04-09T00:57:00.000Z,KSU1,X,variation,channel,37163.64356829967,nT
2026-04-09T00:58:00.000Z,KSU1,X,variation,channel,37163.74103813037,nT
2026-04-09T00:59:00.000Z,KSU1,X,variation,channel,37163.508409080845,nT
2026-04-09T01:00:00.000Z,KSU1,X,variation,channel,37163.1175356638,nT
2026-04-09T01:01:00.000Z,KSU1,X,variation,channel,37162.892179814786,nT
2026-04-09T01:02:00.000Z,KSU1,X,variation,channel,37162.84396207348,nT
2026-04-09T01:03:00.000Z,KSU1,X,variation,channel,37162.603150209805,nT
2026-04-09T01:04:00.000Z,KSU1,X,variation,channel,37162.45404187476,nT
2026-04-09T01:05:00.000Z,KSU1,X,variation,channel,37162.23793444187,nT
2026-04-09T01:06:00.000Z,KSU1,X,variation,channel,37162.040471102046,nT
2026-04-09T01:07:00.000Z,KSU1,X,variation,channel,37161.836151226446,nT
2026-04-09T01:08:00.000Z,KSU1,X,variation,channel,37161.76578885516,nT
2026-04-09T01:09:00.000Z,KSU1,X,variation,channel,37161.885501457284,nT
2026-04-09T01:10:00.000Z,KSU1,X,variation,channel,37162.28561455702,nT
2026-04-09T01:11:00.000Z,KSU1,X,variation,channel,37162.6227778088,nT
2026-04-09T01:12:00.000Z,KSU1,X,variation,channel,37162.66996252671,nT
2026-04-09T01:13:00.000Z,KSU1,X,variation,channel,37162.40036394026,nT
2026-04-09T01:14:00.000Z,KSU1,X,variation,channel,37162.304160893975,nT
2026-04-09T01:15:00.000Z,KSU1,X,variation,channel,37162.22271836334,nT
2026-04-09T01:16:00.000Z,KSU1,X,variation,channel,37162.24158896523,nT
2026-04-09T01:17:00.000Z,KSU1,X,variation,channel,37162.286024970745,nT
2026-04-09T01:18:00.000Z,KSU1,X,variation,channel,37162.42067023596,nT
2026-04-09T01:19:00.000Z,KSU1,X,variation,channel,37162.52592116618,nT
2026-04-09T01:20:00.000Z,KSU1,X,variation,channel,37162.63776165036,nT
2026-04-09T01:21:00.000Z,KSU1,X,variation,channel,37162.59940835461,nT
2026-04-09T01:22:00.000Z,KSU1,X,variation,channel,37162.50628927761,nT
2026-04-09T01:23:00.000Z,KSU1,X,variation,channel,37162.35027199784,nT
2026-04-09T01:24:00.000Z,KSU1,X,variation,channel,37162.564222312474,nT
2026-04-09T01:25:00.000Z,KSU1,X,variation,channel,37162.74408932181,nT
2026-04-09T01:26:00.000Z,KSU1,X,variation,channel,37162.88026670235,nT
2026-04-09T01:27:00.000Z,KSU1,X,variation,channel,37162.98206221642,nT
2026-04-09T01:28:00.000Z,KSU1,X,variation,channel,37162.951498058996,nT
2026-04-09T01:29:00.000Z,KSU1,X,variation,channel,37163.04177636433,nT
2026-04-09T01:30:00.000Z,KSU1,X,variation,channel,37163.104601164196,nT
2026-04-09T01:31:00.000Z,KSU1,X,variation,channel,37163.04059865805,nT
2026-04-09T01:32:00.000Z,KSU1,X,variation,channel,37163.111215343364,nT
2026-04-09T01:33:00.000Z,KSU1,X,variation,channel,37163.13444244585,nT
2026-04-09T01:34:00.000Z,KSU1,X,variation,channel,37163.073672578146,nT
2026-04-09T01:35:00.000Z,KSU1,X,variation,channel,37162.74351030343,nT
2026-04-09T01:36:00.000Z,KSU1,X,variation,channel,37162.94473598265,nT
2026-04-09T01:37:00.000Z,KSU1,X,variation,channel,37162.94411108706,nT
2026-04-09T01:38:00.000Z,KSU1,X,variation,channel,37162.97777944968,nT
2026-04-09T01:39:00.000Z,KSU1,X,variation,channel,37162.92786760091,nT
2026-04-09T01:40:00.000Z,KSU1,X,variation,channel,37162.72168100924,nT
2026-04-09T01:41:00.000Z,KSU1,X,variation,channel,37162.56706589748,nT
2026-04-09T01:42:00.000Z,KSU1,X,variation,channel,37162.68127351374,nT
2026-04-09T01:43:00.000Z,KSU1,X,variation,channel,37162.821527598266,nT
2026-04-09T01:44:00.000Z,KSU1,X,variation,channel,37162.69337377028,nT
2026-04-09T01:45:00.000Z,KSU1,X,variation,channel,37162.474977749385,nT
2026-04-09T01:46:00.000Z,KSU1,X,variation,channel,37162.571833568276,nT
2026-04-09T01:47:00.000Z,KSU1,X,variation,channel,37162.55810923291,nT
2026-04-09T01:48:00.000Z,KSU1,X,variation,channel,37162.533294733075,nT
2026-04-09T01:49:00.000Z,KSU1,X,variation,channel,37162.42559111352,nT
2026-04-09T01:50:00.000Z,KSU1,X,variation,channel,37162.45494943744,nT
2026-04-09T01:51:00.000Z,KSU1,X,variation,channel,37161.40770049837,nT
2026-04-09T01:52:00.000Z,KSU1,X,variation,channel,37161.79982569621,nT
2026-04-09T01:53:00.000Z,KSU1,X,variation,channel,37162.507465791605,nT
2026-04-09T01:54:00.000Z,KSU1,X,variation,channel,37162.417211706685,nT
2026-04-09T01:55:00.000Z,KSU1,X,variation,channel,37162.554879281044,nT
2026-04-09T01:56:00.000Z,KSU1,X,variation,channel,37162.42025946957,nT
2026-04-09T01:57:00.000Z,KSU1,X,variation,channel,37162.45674529537,nT
2026-04-09T01:58:00.000Z,KSU1,X,variation,channel,37162.49707908252,nT
2026-04-09T01:59:00.000Z,KSU1,X,variation,channel,37162.578520716306,nT
2026-04-09T02:00:00.000Z,KSU1,X,variation,channel,37162.6751593309,nT
2026-04-09T02:01:00.000Z,KSU1,X,variation,channel,37162.81632582698,nT
2026-04-09T02:02:00.000Z,KSU1,X,variation,channel,37162.79445444784,nT
2026-04-09T02:03:00.000Z,KSU1,X,variation,channel,37162.8242945795,nT
2026-04-09T02:04:00.000Z,KSU1,X,variation,channel,37162.83870694216,nT
2026-04-09T02:05:00.000Z,KSU1,X,variation,channel,37162.81159367452,nT
2026-04-09T02:06:00.000Z,KSU1,X,variation,channel,37162.87151279577,nT
2026-04-09T02:07:00.000Z,KSU1,X,variation,channel,37162.84802770155,nT
2026-04-09T02:08:00.000Z,KSU1,X,variation,channel,37162.74780034367,nT
2026-04-09T02:09:00.000Z,KSU1,X,variation,channel,37162.69072862393,nT
2026-04-09T02:10:00.000Z,KSU1,X,variation,channel,37162.771456675364,nT
2026-04-09T02:11:00.000Z,KSU1,X,variation,channel,37162.93971957447,nT
2026-04-09T02:12:00.000Z,KSU1,X,variation,channel,37162.94114584372,nT
2026-04-09T02:13:00.000Z,KSU1,X,variation,channel,37163.03395165613,nT
2026-04-09T02:14:00.000Z,KSU1,X,variation,channel,37162.96361347581,nT
2026-04-09T02:15:00.000Z,KSU1,X,variation,channel,37163.04860526344,nT
2026-04-09T02:16:00.000Z,KSU1,X,variation,channel,37163.01606206358,nT
2026-04-09T02:17:00.000Z,KSU1,X,variation,channel,37162.98994107314,nT
2026-04-09T02:18:00.000Z,KSU1,X,variation,channel,37162.99774989254,nT
2026-04-09T02:19:00.000Z,KSU1,X,variation,channel,37163.175303187716,nT
2026-04-09T02:20:00.000Z,KSU1,X,variation,channel,37163.17253256548,nT
2026-04-09T02:21:00.000Z,KSU1,X,variation,channel,37163.06854592344,nT
2026-04-09T02:22:00.000Z,KSU1,X,variation,channel,37162.91319997031,nT
2026-04-09T02:23:00.000Z,KSU1,X,variation,channel,37163.02714020996,nT
2026-04-09T02:24:00.000Z,KSU1,X,variation,channel,37163.12518597688,nT
2026-04-09T02:25:00.000Z,KSU1,X,variation,channel,37163.04291745809,nT
2026-04-09T02:26:00.000Z,KSU1,X,variation,channel,37163.201849011944,nT
2026-04-09T02:27:00.000Z,KSU1,X,variation,channel,37163.30315618145,nT
2026-04-09T02:28:00.000Z,KSU1,X,variation,channel,37163.35701772183,nT
2026-04-09T02:29:00.000Z,KSU1,X,variation,channel,37163.323214156415,nT
2026-04-09T02:30:00.000Z,KSU1,X,variation,channel,37163.16600284752,nT
2026-04-09T02:31:00.000Z,KSU1,X,variation,channel,37163.014659728084,nT
2026-04-09T02:32:00.000Z,KSU1,X,variation,channel,37162.94779413583,nT
2026-04-09T02:33:00.000Z,KSU1,X,variation,channel,37162.716682820326,nT
2026-04-09T02:34:00.000Z,KSU1,X,variation,channel,37162.534466313766,nT
2026-04-09T02:35:00.000Z,KSU1,X,variation,channel,37162.507121247036,nT
2026-04-09T02:36:00.000Z,KSU1,X,variation,channel,37162.393962290094,nT
2026-04-09T02:37:00.000Z,KSU1,X,variation,channel,37162.19672647092,nT
2026-04-09T02:38:00.000Z,KSU1,X,variation,channel,37162.12507355373,nT
2026-04-09T02:39:00.000Z,KSU1,X,variation,channel,37162.213424973925,nT
2026-04-09T02:40:00.000Z,KSU1,X,variation,channel,37162.248456768684,nT
2026-04-09T02:41:00.000Z,KSU1,X,variation,channel,37162.13786078387,nT
2026-04-09T02:42:00.000Z,KSU1,X,variation,channel,37162.00368533281,nT
2026-04-09T02:43:00.000Z,KSU1,X,variation,channel,37161.831896705575,nT
2026-04-09T02:44:00.000Z,KSU1,X,variation,channel,37161.70753616567,nT
2026-04-09T02:45:00.000Z,KSU1,X,variation,channel,37161.17058737325,nT
2026-04-09T02:46:00.000Z,KSU1,X,variation,channel,37161.16671381291,nT
2026-04-09T02:47:00.000Z,KSU1,X,variation,channel,37161.23475975919,nT
2026-04-09T02:48:00.000Z,KSU1,X,variation,channel,37161.1606333115,nT
2026-04-09T02:49:00.000Z,KSU1,X,variation,channel,37161.04337565294,nT
2026-04-09T02:50:00.000Z,KSU1,X,variation,channel,37161.182355843055,nT
2026-04-09T02:51:00.000Z,KSU1,X,variation,channel,37161.46967288519,nT
2026-04-09T02:52:00.000Z,KSU1,X,variation,channel,37161.493240873475,nT
2026-04-09T02:53:00.000Z,KSU1,X,variation,channel,37161.36814264405,nT
2026-04-09T02:54:00.000Z,KSU1,X,variation,channel,37161.56915293901,nT
2026-04-09T02:55:00.000Z,KSU1,X,variation,channel,37161.72826352341,nT
2026-04-09T02:56:00.000Z,KSU1,X,variation,channel,37161.41717244252,nT
2026-04-09T02:57:00.000Z,KSU1,X,variation,channel,37161.25872255419,nT
2026-04-09T02:58:00.000Z,KSU1,X,variation,channel,37161.1836228506,nT
2026-04-09T02:59:00.000Z,KSU1,X,variation,channel,37161.10829569744,nT
2026-04-09T03:00:00.000Z,KSU1,X,variation,channel,37160.83268675915,nT
2026-04-09T03:01:00.000Z,KSU1,X,variation,channel,37160.72077698651,nT
2026-04-09T03:02:00.000Z,KSU1,X,variation,channel,37160.61198963762,nT
2026-04-09T03:03:00.000Z,KSU1,X,variation,channel,37160.686215677204,nT
2026-04-09T03:04:00.000Z,KSU1,X,variation,channel,37160.69825849942,nT
2026-04-09T03:05:00.000Z,KSU1,X,variation,channel,37160.55695869007,nT
2026-04-09T03:06:00.000Z,KSU1,X,variation,channel,37160.62469550882,nT
2026-04-09T03:07:00.000Z,KSU1,X,variation,channel,37160.68895178119,nT
2026-04-09T03:08:00.000Z,KSU1,X,variation,channel,37160.398113779585,nT
2026-04-09T03:09:00.000Z,KSU1,X,variation,channel,37160.39132233883,nT
2026-04-09T03:10:00.000Z,KSU1,X,variation,channel,37160.40501302373,nT
2026-04-09T03:11:00.000Z,KSU1,X,variation,channel,37160.515889188006,nT
2026-04-09T03:12:00.000Z,KSU1,X,variation,channel,37160.64383293416,nT
2026-04-09T03:13:00.000Z,KSU1,X,variation,channel,37160.63871266411,nT
2026-04-09T03:14:00.000Z,KSU1,X,variation,channel,37160.7179592389,nT
2026-04-09T03:15:00.000Z,KSU1,X,variation,channel,37160.61335416081,nT
2026-04-09T03:16:00.000Z,KSU1,X,variation,channel,37160.33859069056,nT
2026-04-09T03:17:00.000Z,KSU1,X,variation,channel,37160.29724543716,nT
2026-04-09T03:18:00.000Z,KSU1,X,variation,channel,37159.31053963577,nT
2026-04-09T03:19:00.000Z,KSU1,X,variation,channel,37159.4610780072,nT
2026-04-09T03:20:00.000Z,KSU1,X,variation,channel,37160.17682721742,nT
2026-04-09T03:21:00.000Z,KSU1,X,variation,channel,37160.19080469488,nT
2026-04-09T03:22:00.000Z,KSU1,X,variation,channel,37160.12852723733,nT
2026-04-09T03:23:00.000Z,KSU1,X,variation,channel,37160.22511362574,nT
2026-04-09T03:24:00.000Z,KSU1,X,variation,channel,37160.071355444576,nT
2026-04-09T03:25:00.000Z,KSU1,X,variation,channel,37159.9595801622,nT
2026-04-09T03:26:00.000Z,KSU1,X,variation,channel,37159.86395057061,nT
2026-04-09T03:27:00.000Z,KSU1,X,variation,channel,37159.852316453784,nT
2026-04-09T03:28:00.000Z,KSU1,X,variation,channel,37159.907320466475,nT
2026-04-09T03:29:00.000Z,KSU1,X,variation,channel,37160.038899206214,nT
2026-04-09T03:30:00.000Z,KSU1,X,variation,channel,37160.05221480725,nT
2026-04-09T03:31:00.000Z,KSU1,X,variation,channel,37160.04801572182,nT
2026-04-09T03:32:00.000Z,KSU1,X,variation,channel,37160.22326369332,nT
2026-04-09T03:33:00.000Z,KSU1,X,variation,channel,37160.23134987503,nT
2026-04-09T03:34:00.000Z,KSU1,X,variation,channel,37160.23266163833,nT
2026-04-09T03:35:00.000Z,KSU1,X,variation,channel,37160.30618948437,nT
2026-04-09T03:36:00.000Z,KSU1,X,variation,channel,37160.59832294105,nT
2026-04-09T03:37:00.000Z,KSU1,X,variation,channel,37160.91378870661,nT
2026-04-09T03:38:00.000Z,KSU1,X,variation,channel,37161.221945993064,nT
2026-04-09T03:39:00.000Z,KSU1,X,variation,channel,37161.24538872948,nT
2026-04-09T03:40:00.000Z,KSU1,X,variation,channel,37161.39896413772,nT
2026-04-09T03:41:00.000Z,KSU1,X,variation,channel,37161.58144450809,nT
2026-04-09T03:42:00.000Z,KSU1,X,variation,channel,37161.51284706354,nT
2026-04-09T03:43:00.000Z,KSU1,X,variation,channel,37161.63589366097,nT
2026-04-09T03:44:00.000Z,KSU1,X,variation,channel,37161.98933014238,nT
2026-04-09T03:45:00.000Z,KSU1,X,variation,channel,37161.988685323726,nT
2026-04-09T03:46:00.000Z,KSU1,X,variation,channel,37162.13704219005,nT
2026-04-09T03:47:00.000Z,KSU1,X,variation,channel,37162.0958762633,nT
2026-04-09T03:48:00.000Z,KSU1,X,variation,channel,37162.16555350262,nT
2026-04-09T03:49:00.000Z,KSU1,X,variation,channel,37162.13049993661,nT
2026-04-09T03:50:00.000Z,KSU1,X,variation,channel,37162.376449965646,nT
2026-04-09T03:51:00.000Z,KSU1,X,variation,channel,37162.20525295985,nT
2026-04-09T03:52:00.000Z,KSU1,X,variation,channel,37162.22117902712,nT
2026-04-09T03:53:00.000Z,KSU1,X,variation,channel,37162.26068365769,nT
2026-04-09T03:54:00.000Z,KSU1,X,variation,channel,37162.31420157388,nT
2026-04-09T03:55:00.000Z,KSU1,X,variation,channel,37162.223537645696,nT
2026-04-09T03:56:00.000Z,KSU1,X,variation,channel,37162.16709638935,nT
2026-04-09T03:57:00.000Z,KSU1,X,variation,channel,37162.344954894914,nT
2026-04-09T03:58:00.000Z,KSU1,X,variation,channel,37162.43634968544,nT
2026-04-09T03:59:00.000Z,KSU1,X,variation,channel,37162.336828406755,nT
2026-04-09T04:00:00.000Z,KSU1,X,variation,channel,37162.22458891949,nT
2026-04-09T04:01:00.000Z,KSU1,X,variation,channel,37162.221301575795,nT
2026-04-09T04:02:00.000Z,KSU1,X,variation,channel,37161.904529084124,nT
2026-04-09T04:03:00.000Z,KSU1,X,variation,channel,37161.97430451283,nT
2026-04-09T04:04:00.000Z,KSU1,X,variation,channel,37161.949178196075,nT
2026-04-09T04:05:00.000Z,KSU1,X,variation,channel,37161.93162207409,nT
2026-04-09T04:06:00.000Z,KSU1,X,variation,channel,37161.95418214322,nT
2026-04-09T04:07:00.000Z,KSU1,X,variation,channel,37161.98452168609,nT
2026-04-09T04:08:00.000Z,KSU1,X,variation,channel,37161.87859837901,nT
2026-04-09T04:09:00.000Z,KSU1,X,variation,channel,37161.949419621924,nT
2026-04-09T04:10:00.000Z,KSU1,X,variation,channel,37162.006922470646,nT
2026-04-09T04:11:00.000Z,KSU1,X,variation,channel,37162.10284836591,nT
2026-04-09T04:12:00.000Z,KSU1,X,variation,channel,37162.021469260304,nT
2026-04-09T04:13:00.000Z,KSU1,X,variation,channel,37161.83333713291,nT
2026-04-09T04:14:00.000Z,KSU1,X,variation,channel,37161.62241298905,nT
2026-04-09T04:15:00.000Z,KSU1,X,variation,channel,37161.500731402084,nT
2026-04-09T04:16:00.000Z,KSU1,X,variation,channel,37161.46160153112,nT
2026-04-09T04:17:00.000Z,KSU1,X,variation,channel,37161.43711726538,nT
2026-04-09T04:18:00.000Z,KSU1,X,variation,channel,37161.294203820165,nT
2026-04-09T04:19:00.000Z,KSU1,X,variation,channel,37160.973718697125,nT
2026-04-09T04:20:00.000Z,KSU1,X,variation,channel,37160.95500164565,nT
2026-04-09T04:21:00.000Z,KSU1,X,variation,channel,37160.92062061974,nT
2026-04-09T04:22:00.000Z,KSU1,X,variation,channel,37160.623349903755,nT
2026-04-09T04:23:00.000Z,KSU1,X,variation,channel,37160.466090276284,nT
2026-04-09T04:24:00.000Z,KSU1,X,variation,channel,37160.18063014475,nT
2026-04-09T04:25:00.000Z,KSU1,X,variation,channel,37159.82560246143,nT
2026-04-09T04:26:00.000Z,KSU1,X,variation,channel,37159.703387833564,nT
2026-04-09T04:27:00.000Z,KSU1,X,variation,channel,37159.50697140269,nT
2026-04-09T04:28:00.000Z,KSU1,X,variation,channel,37159.404259625415,nT
2026-04-09T04:29:00.000Z,KSU1,X,variation,channel,37159.354889733695,nT
2026-04-09T04:30:00.000Z,KSU1,X,variation,channel,37159.49422706583,nT
2026-04-09T04:31:00.000Z,KSU1,X,variation,channel,37159.619560396626,nT
2026-04-09T04:32:00.000Z,KSU1,X,variation,channel,37159.96099692191,nT
2026-04-09T04:33:00.000Z,KSU1,X,variation,channel,37160.11944067379,nT
2026-04-09T04:34:00.000Z,KSU1,X,variation,channel,37160.078876664666,nT
2026-04-09T04:35:00.000Z,KSU1,X,variation,channel,37160.26717057283,nT
2026-04-09T04:36:00.000Z,KSU1,X,variation,channel,37160.50578754017,nT
2026-04-09T04:37:00.000Z,KSU1,X,variation,channel,37160.5780175639,nT
2026-04-09T04:38:00.000Z,KSU1,X,variation,channel,37160.56996148855,nT
2026-04-09T04:39:00.000Z,KSU1,X,variation,channel,37160.75614494965,nT
2026-04-09T04:40:00.000Z,KSU1,X,variation,channel,37160.85542109699,nT
2026-04-09T04:41:00.000Z,KSU1,X,variation,channel,37160.828970764225,nT
2026-04-09T04:42:00.000Z,KSU1,X,variation,channel,37160.636313137424,nT
2026-04-09T04:43:00.000Z,KSU1,X,variation,channel,37160.67155489783,nT
2026-04-09T04:44:00.000Z,KSU1,X,variation,channel,37160.71972619064,nT
2026-04-09T04:45:00.000Z,KSU1,X,variation,channel,37160.3072710434,nT
2026-04-09T04:46:00.000Z,KSU1,X,variation,channel,37159.122002587916,nT
2026-04-09T04:47:00.000Z,KSU1,X,variation,channel,37159.572652164046,nT
2026-04-09T04:48:00.000Z,KSU1,X,variation,channel,37159.80305984284,nT
2026-04-09T04:49:00.000Z,KSU1,X,variation,channel,37159.63525861417,nT
2026-04-09T04:50:00.000Z,KSU1,X,variation,channel,37159.24774380706,nT
2026-04-09T04:51:00.000Z,KSU1,X,variation,channel,37159.025834895896,nT
2026-04-09T04:52:00.000Z,KSU1,X,variation,channel,37159.000401421246,nT
2026-04-09T04:53:00.000Z,KSU1,X,variation,channel,37158.55681440567,nT
2026-04-09T04:54:00.000Z,KSU1,X,variation,channel,37158.6780028019,nT
2026-04-09T04:55:00.000Z,KSU1,X,variation,channel,37158.61598472172,nT
2026-04-09T04:56:00.000Z,KSU1,X,variation,channel,37158.405981241776,nT
2026-04-09T04:57:00.000Z,KSU1,X,variation,channel,37158.28043856695,nT
2026-04-09T04:58:00.000Z,KSU1,X,variation,channel,37158.05299626149,nT
2026-04-09T04:59:00.000Z,KSU1,X,variation,channel,37158.085942093894,nT
2026-04-09T05:00:00.000Z,KSU1,X,variation,channel,37158.16534489584,nT
2026-04-09T05:01:00.000Z,KSU1,X,variation,channel,37158.0785974682,nT
2026-04-09T05:02:00.000Z,KSU1,X,variation,channel,37157.951401097955,nT
2026-04-09T05:03:00.000Z,KSU1,X,variation,channel,37157.981253541686,nT
2026-04-09T05:04:00.000Z,KSU1,X,variation,channel,37157.88347632265,nT
2026-04-09T05:05:00.000Z,KSU1,X,variation,channel,37157.80344170764,nT
2026-04-09T05:06:00.000Z,KSU1,X,variation,channel,37158.01660107829,nT
2026-04-09T05:07:00.000Z,KSU1,X,variation,channel,37158.24058759305,nT
2026-04-09T05:08:00.000Z,KSU1,X,variation,channel,37158.06471405741,nT
2026-04-09T05:09:00.000Z,KSU1,X,variation,channel,37159.06091660431,nT
2026-04-09T05:10:00.000Z,KSU1,X,variation,channel,37158.213676819345,nT
2026-04-09T05:11:00.000Z,KSU1,X,variation,channel,37159.242847514004,nT
2026-04-09T05:12:00.000Z,KSU1,X,variation,channel,37159.173672114666,nT
2026-04-09T05:13:00.000Z,KSU1,X,variation,channel,37159.45200259748,nT
2026-04-09T05:14:00.000Z,KSU1,X,variation,channel,37159.8500798898,nT
2026-04-09T05:15:00.000Z,KSU1,X,variation,channel,37159.78058639041,nT
2026-04-09T05:16:00.000Z,KSU1,X,variation,channel,37159.5743414012,nT
2026-04-09T05:17:00.000Z,KSU1,X,variation,channel,37160.07533460258,nT
2026-04-09T05:18:00.000Z,KSU1,X,variation,channel,37159.6596277756,nT
2026-04-09T05:19:00.000Z,KSU1,X,variation,channel,37159.971286380205,nT
2026-04-09T05:20:00.000Z,KSU1,X,variation,channel,37160.04129671751,nT
2026-04-09T05:21:00.000Z,KSU1,X,variation,channel,37160.179335962115,nT
2026-04-09T05:22:00.000Z,KSU1,X,variation,channel,37160.26461592748,nT
2026-04-09T05:23:00.000Z,KSU1,X,variation,channel,37160.18894655871,nT
2026-04-09T05:24:00.000Z,KSU1,X,variation,channel,37160.246460677474,nT
2026-04-09T05:25:00.000Z,KSU1,X,variation,channel,37160.25196835282,nT
2026-04-09T05:26:00.000Z,KSU1,X,variation,channel,37160.4591137465,nT
2026-04-09T05:27:00.000Z,KSU1,X,variation,channel,37160.425344912626,nT
2026-04-09T05:28:00.000Z,KSU1,X,variation,channel,37160.59619744791,nT
2026-04-09T05:29:00.000Z,KSU1,X,variation,channel,37160.72821294937,nT
2026-04-09T05:30:00.000Z,KSU1,X,variation,channel,37160.8402859601,nT
2026-04-09T05:31:00.000Z,KSU1,X,variation,channel,37161.02713883903,nT
2026-04-09T05:32:00.000Z,KSU1,X,variation,channel,37161.011991535306,nT
2026-04-09T05:33:00.000Z,KSU1,X,variation,channel,37160.57442653726,nT
2026-04-09T05:34:00.000Z,KSU1,X,variation,channel,37161.026998039815,nT
2026-04-09T05:35:00.000Z,KSU1,X,variation,channel,37160.36937061098,nT
2026-04-09T05:36:00.000Z,KSU1,X,variation,channel,37160.220041056484,nT
2026-04-09T05:37:00.000Z,KSU1,X,variation,channel,37160.06114722235,nT
2026-04-09T05:38:00.000Z,KSU1,X,variation,channel,37160.236599093274,nT
2026-04-09T05:39:00.000Z,KSU1,X,variation,channel,37160.18579913361,nT
2026-04-09T05:40:00.000Z,KSU1,X,variation,channel,37160.20016040377,nT
2026-04-09T05:41:00.000Z,KSU1,X,variation,channel,37160.03593737169,nT
2026-04-09T05:42:00.000Z,KSU1,X,variation,channel,37159.810280495534,nT
2026-04-09T05:43:00.000Z,KSU1,X,variation,channel,37159.71044669486,nT
2026-04-09T05:44:00.000Z,KSU1,X,variation,channel,37159.115410826045,nT
2026-04-09T05:45:00.000Z,KSU1,X,variation,channel,37158.90746026153,nT
2026-04-09T05:46:00.000Z,KSU1,X,variation,channel,37158.89337253409,nT
2026-04-09T05:47:00.000Z,KSU1,X,variation,channel,37158.67865000007,nT
2026-04-09T05:48:00.000Z,KSU1,X,variation,channel,37158.46777632794,nT
2026-04-09T05:49:00.000Z,KSU1,X,variation,channel,37158.43791209036,nT
2026-04-09T05:50:00.000Z,KSU1,X,variation,channel,37158.24063577475,nT
2026-04-09T05:51:00.000Z,KSU1,X,variation,channel,37157.86416978853,nT
2026-04-09T05:52:00.000Z,KSU1,X,variation,channel,37157.568744701326,nT
2026-04-09T05:53:00.000Z,KSU1,X,variation,channel,37157.552166330206,nT
2026-04-09T05:54:00.000Z,KSU1,X,variation,channel,37157.27935707955,nT
2026-04-09T05:55:00.000Z,KSU1,X,variation,channel,37156.851535071604,nT
2026-04-09T05:56:00.000Z,KSU1,X,variation,channel,37156.418607388645,nT
2026-04-09T05:57:00.000Z,KSU1,X,variation,channel,37156.02574556522,nT
2026-04-09T05:58:00.000Z,KSU1,X,variation,channel,37155.85142830611,nT
2026-04-09T05:59:00.000Z,KSU1,X,variation,channel,37156.26177616112,nT
2026-04-09T06:00:00.000Z,KSU1,X,variation,channel,37154.755290428475,nT
2026-04-09T06:01:00.000Z,KSU1,X,variation,channel,37155.771862224545,nT
2026-04-09T06:02:00.000Z,KSU1,X,variation,channel,37155.96153764639,nT
2026-04-09T06:03:00.000Z,KSU1,X,variation,channel,37156.75505802487,nT
2026-04-09T06:04:00.000Z,KSU1,X,variation,channel,37157.85644257864,nT
2026-04-09T06:05:00.000Z,KSU1,X,variation,channel,37159.97971451435,nT
2026-04-09T06:06:00.000Z,KSU1,X,variation,channel,37161.16946253398,nT
2026-04-09T06:07:00.000Z,KSU1,X,variation,channel,37162.98436983945,nT
2026-04-09T06:08:00.000Z,KSU1,X,variation,channel,37164.97133515611,nT
2026-04-09T06:09:00.000Z,KSU1,X,variation,channel,37165.65291463135,nT
2026-04-09T06:10:00.000Z,KSU1,X,variation,channel,37166.32059943623,nT
2026-04-09T06:11:00.000Z,KSU1,X,variation,channel,37166.78203617764,nT
2026-04-09T06:12:00.000Z,KSU1,X,variation,channel,37167.38075551556,nT
2026-04-09T06:13:00.000Z,KSU1,X,variation,channel,37167.56520338636,nT
2026-04-09T06:14:00.000Z,KSU1,X,variation,channel,37166.46201174922,nT
2026-04-09T06:15:00.000Z,KSU1,X,variation,channel,37168.286789044876,nT
2026-04-09T06:16:00.000Z,KSU1,X,variation,channel,37167.32770056343,nT
2026-04-09T06:17:00.000Z,KSU1,X,variation,channel,37167.413055390745,nT
2026-04-09T06:18:00.000Z,KSU1,X,variation,channel,37167.04306679718,nT
2026-04-09T06:19:00.000Z,KSU1,X,variation,channel,37166.413281308945,nT
2026-04-09T06:20:00.000Z,KSU1,X,variation,channel,37165.70566775784,nT
2026-04-09T06:21:00.000Z,KSU1,X,variation,channel,37164.85160975947,nT
2026-04-09T06:22:00.000Z,KSU1,X,variation,channel,37164.1207522649,nT
2026-04-09T06:23:00.000Z,KSU1,X,variation,channel,37163.26632337958,nT
2026-04-09T06:24:00.000Z,KSU1,X,variation,channel,37162.649015196264,nT
2026-04-09T06:25:00.000Z,KSU1,X,variation,channel,37161.70327755864,nT
2026-04-09T06:26:00.000Z,KSU1,X,variation,channel,37160.73527984141,nT
2026-04-09T06:27:00.000Z,KSU1,X,variation,channel,37159.750784258424,nT
2026-04-09T06:28:00.000Z,KSU1,X,variation,channel,37159.0306173875,nT
2026-04-09T06:29:00.000Z,KSU1,X,variation,channel,37158.2226862769,nT
2026-04-09T06:30:00.000Z,KSU1,X,variation,channel,37157.40956344983,nT
2026-04-09T06:31:00.000Z,KSU1,X,variation,channel,37156.77743504334,nT
2026-04-09T06:32:00.000Z,KSU1,X,variation,channel,37156.287515873715,nT
2026-04-09T06:33:00.000Z,KSU1,X,variation,channel,37155.75197362243,nT
2026-04-09T06:34:00.000Z,KSU1,X,variation,channel,37155.640463451455,nT
2026-04-09T06:35:00.000Z,KSU1,X,variation,channel,37154.8986287679,nT
2026-04-09T06:36:00.000Z,KSU1,X,variation,channel,37154.14456009921,nT
2026-04-09T06:37:00.000Z,KSU1,X,variation,channel,37152.91877838434,nT
2026-04-09T06:38:00.000Z,KSU1,X,variation,channel,37151.94040871675,nT
2026-04-09T06:39:00.000Z,KSU1,X,variation,channel,37151.13042223963,nT
2026-04-09T06:40:00.000Z,KSU1,X,variation,channel,37150.18516035226,nT
2026-04-09T06:41:00.000Z,KSU1,X,variation,channel,37149.598909833,nT
2026-04-09T06:42:00.000Z,KSU1,X,variation,channel,37149.21749160634,nT
2026-04-09T06:43:00.000Z,KSU1,X,variation,channel,37148.92476281109,nT
2026-04-09T06:44:00.000Z,KSU1,X,variation,channel,37148.426849322146,nT
2026-04-09T06:45:00.000Z,KSU1,X,variation,channel,37148.09725092006,nT
2026-04-09T06:46:00.000Z,KSU1,X,variation,channel,37147.728951020705,nT
2026-04-09T06:47:00.000Z,KSU1,X,variation,channel,37147.636808234754,nT
2026-04-09T06:48:00.000Z,KSU1,X,variation,channel,37147.460707605824,nT
2026-04-09T06:49:00.000Z,KSU1,X,variation,channel,37147.385472499904,nT
2026-04-09T06:50:00.000Z,KSU1,X,variation,channel,37147.44466525484,nT
2026-04-09T06:51:00.000Z,KSU1,X,variation,channel,37147.39746850198,nT
2026-04-09T06:52:00.000Z,KSU1,X,variation,channel,37147.34297050221,nT
2026-04-09T06:53:00.000Z,KSU1,X,variation,channel,37147.15282037233,nT
2026-04-09T06:54:00.000Z,KSU1,X,variation,channel,37146.98250037548,nT
2026-04-09T06:55:00.000Z,KSU1,X,variation,channel,37146.86299735582,nT
2026-04-09T06:56:00.000Z,KSU1,X,variation,channel,37146.77961638292,nT
2026-04-09T06:57:00.000Z,KSU1,X,variation,channel,37146.86354092984,nT
2026-04-09T06:58:00.000Z,KSU1,X,variation,channel,37146.63914163754,nT
2026-04-09T06:59:00.000Z,KSU1,X,variation,channel,37146.48082051296,nT
2026-04-09T07:00:00.000Z,KSU1,X,variation,channel,37146.08565255322,nT
2026-04-09T07:01:00.000Z,KSU1,X,variation,channel,37146.047603368635,nT
2026-04-09T07:02:00.000Z,KSU1,X,variation,channel,37146.161131614674,nT
2026-04-09T07:03:00.000Z,KSU1,X,variation,channel,37146.263680699565,nT
2026-04-09T07:04:00.000Z,KSU1,X,variation,channel,37146.49374151736,nT
2026-04-09T07:05:00.000Z,KSU1,X,variation,channel,37146.621532721365,nT
2026-04-09T07:06:00.000Z,KSU1,X,variation,channel,37146.760695518475,nT
2026-04-09T07:07:00.000Z,KSU1,X,variation,channel,37146.87680972294,nT
2026-04-09T07:08:00.000Z,KSU1,X,variation,channel,37146.88829337981,nT
2026-04-09T07:09:00.000Z,KSU1,X,variation,channel,37147.16590559743,nT
2026-04-09T07:10:00.000Z,KSU1,X,variation,channel,37147.39953415795,nT
2026-04-09T07:11:00.000Z,KSU1,X,variation,channel,37147.64566149954,nT
2026-04-09T07:12:00.000Z,KSU1,X,variation,channel,37147.94409922909,nT
2026-04-09T07:13:00.000Z,KSU1,X,variation,channel,37148.24180189463,nT
2026-04-09T07:14:00.000Z,KSU1,X,variation,channel,37148.365924577054,nT
2026-04-09T07:15:00.000Z,KSU1,X,variation,channel,37148.33181794035,nT
2026-04-09T07:16:00.000Z,KSU1,X,variation,channel,37148.395741031156,nT
2026-04-09T07:17:00.000Z,KSU1,X,variation,channel,37148.47119706833,nT
2026-04-09T07:18:00.000Z,KSU1,X,variation,channel,37148.43455362465,nT
2026-04-09T07:19:00.000Z,KSU1,X,variation,channel,37148.140043160194,nT
2026-04-09T07:20:00.000Z,KSU1,X,variation,channel,37147.85811817645,nT
2026-04-09T07:21:00.000Z,KSU1,X,variation,channel,37148.0100157679,nT
2026-04-09T07:22:00.000Z,KSU1,X,variation,channel,37147.978964687725,nT
2026-04-09T07:23:00.000Z,KSU1,X,variation,channel,37148.09081704083,nT
2026-04-09T07:24:00.000Z,KSU1,X,variation,channel,37148.11446484207,nT
2026-04-09T07:25:00.000Z,KSU1,X,variation,channel,37147.95218801971,nT
2026-04-09T07:26:00.000Z,KSU1,X,variation,channel,37148.20351480031,nT
2026-04-09T07:27:00.000Z,KSU1,X,variation,channel,37148.50522535419,nT
2026-04-09T07:28:00.000Z,KSU1,X,variation,channel,37148.89487867566,nT
2026-04-09T07:29:00.000Z,KSU1,X,variation,channel,37148.88216147622,nT
2026-04-09T07:30:00.000Z,KSU1,X,variation,channel,37148.822902236425,nT
2026-04-09T07:31:00.000Z,KSU1,X,variation,channel,37148.970195262904,nT
2026-04-09T07:32:00.000Z,KSU1,X,variation,channel,37149.323693689876,nT
2026-04-09T07:33:00.000Z,KSU1,X,variation,channel,37149.60904931717,nT
2026-04-09T07:34:00.000Z,KSU1,X,variation,channel,37149.825415670886,nT
2026-04-09T07:35:00.000Z,KSU1,X,variation,channel,37149.97994018959,nT
2026-04-09T07:36:00.000Z,KSU1,X,variation,channel,37149.891001928045,nT
2026-04-09T07:37:00.000Z,KSU1,X,variation,channel,37150.043597555465,nT
2026-04-09T07:38:00.000Z,KSU1,X,variation,channel,37150.10934313768,nT
2026-04-09T07:39:00.000Z,KSU1,X,variation,channel,37149.89749948636,nT
2026-04-09T07:40:00.000Z,KSU1,X,variation,channel,37149.765336034514,nT
2026-04-09T07:41:00.000Z,KSU1,X,variation,channel,37148.984614350265,nT
2026-04-09T07:42:00.000Z,KSU1,X,variation,channel,37149.003500856976,nT
2026-04-09T07:43:00.000Z,KSU1,X,variation,channel,37149.517105589985,nT
2026-04-09T07:44:00.000Z,KSU1,X,variation,channel,37149.68192755214,nT
2026-04-09T07:45:00.000Z,KSU1,X,variation,channel,37149.27686241427,nT
2026-04-09T07:46:00.000Z,KSU1,X,variation,channel,37149.02131877668,nT
2026-04-09T07:47:00.000Z,KSU1,X,variation,channel,37148.791481991095,nT
2026-04-09T07:48:00.000Z,KSU1,X,variation,channel,37148.48174445766,nT
2026-04-09T07:49:00.000Z,KSU1,X,variation,channel,37148.23710106188,nT
2026-04-09T07:50:00.000Z,KSU1,X,variation,channel,37147.96620921494,nT
2026-04-09T07:51:00.000Z,KSU1,X,variation,channel,37147.8616896214,nT
2026-04-09T07:52:00.000Z,KSU1,X,variation,channel,37147.69359819664,nT
2026-04-09T07:53:00.000Z,KSU1,X,variation,channel,37147.73878350992,nT
2026-04-09T07:54:00.000Z,KSU1,X,variation,channel,37147.85818550043,nT
2026-04-09T07:55:00.000Z,KSU1,X,variation,channel,37147.94845323861,nT
2026-04-09T07:56:00.000Z,KSU1,X,variation,channel,37148.27718644773,nT
2026-04-09T07:57:00.000Z,KSU1,X,variation,channel,37148.89053084257,nT
2026-04-09T07:58:00.000Z,KSU1,X,variation,channel,37149.34713414988,nT
2026-04-09T07:59:00.000Z,KSU1,X,variation,channel,37149.63295056619,nT
2026-04-09T08:00:00.000Z,KSU1,X,variation,channel,37151.31769742265,nT
2026-04-09T08:01:00.000Z,KSU1,X,variation,channel,37152.441793971215,nT
2026-04-09T08:02:00.000Z,KSU1,X,variation,channel,37153.26651726101,nT
2026-04-09T08:03:00.000Z,KSU1,X,variation,channel,37154.53529765674,nT
2026-04-09T08:04:00.000Z,KSU1,X,variation,channel,37155.5573967615,nT
2026-04-09T08:05:00.000Z,KSU1,X,variation,channel,37156.246154051674,nT
2026-04-09T08:06:00.000Z,KSU1,X,variation,channel,37157.20675593588,nT
2026-04-09T08:07:00.000Z,KSU1,X,variation,channel,37157.30607321432,nT
2026-04-09T08:08:00.000Z,KSU1,X,variation,channel,37157.661508982776,nT
2026-04-09T08:09:00.000Z,KSU1,X,variation,channel,37158.01673132741,nT
2026-04-09T08:10:00.000Z,KSU1,X,variation,channel,37157.91841469562,nT
2026-04-09T08:11:00.000Z,KSU1,X,variation,channel,37158.32460018323,nT
2026-04-09T08:12:00.000Z,KSU1,X,variation,channel,37158.39568716492,nT
2026-04-09T08:13:00.000Z,KSU1,X,variation,channel,37158.27164231044,nT
2026-04-09T08:14:00.000Z,KSU1,X,variation,channel,37158.065202037,nT
2026-04-09T08:15:00.000Z,KSU1,X,variation,channel,37158.19725916925,nT
2026-04-09T08:16:00.000Z,KSU1,X,variation,channel,37157.901463154936,nT
2026-04-09T08:17:00.000Z,KSU1,X,variation,channel,37157.74085268698,nT
2026-04-09T08:18:00.000Z,KSU1,X,variation,channel,37157.36233013887,nT
2026-04-09T08:19:00.000Z,KSU1,X,variation,channel,37157.38957131295,nT
2026-04-09T08:20:00.000Z,KSU1,X,variation,channel,37156.87710252793,nT
2026-04-09T08:21:00.000Z,KSU1,X,variation,channel,37156.50029105657,nT
2026-04-09T08:22:00.000Z,KSU1,X,variation,channel,37156.63616847508,nT
2026-04-09T08:23:00.000Z,KSU1,X,variation,channel,37156.04896130453,nT
2026-04-09T08:24:00.000Z,KSU1,X,variation,channel,37155.788384077154,nT
2026-04-09T08:25:00.000Z,KSU1,X,variation,channel,37155.7403894019,nT
2026-04-09T08:26:00.000Z,KSU1,X,variation,channel,37155.511450111306,nT
2026-04-09T08:27:00.000Z,KSU1,X,variation,channel,37155.23033001953,nT
2026-04-09T08:28:00.000Z,KSU1,X,variation,channel,37155.25973105915,nT
2026-04-09T08:29:00.000Z,KSU1,X,variation,channel,37155.06670471298,nT
2026-04-09T08:30:00.000Z,KSU1,X,variation,channel,37154.88008248283,nT
2026-04-09T08:31:00.000Z,KSU1,X,variation,channel,37154.65885509099,nT
2026-04-09T08:32:00.000Z,KSU1,X,variation,channel,37154.41549322643,nT
2026-04-09T08:33:00.000Z,KSU1,X,variation,channel,37154.04094047323,nT
2026-04-09T08:34:00.000Z,KSU1,X,variation,channel,37153.768511422546,nT
2026-04-09T08:35:00.000Z,KSU1,X,variation,channel,37153.36776003043,nT
2026-04-09T08:36:00.000Z,KSU1,X,variation,channel,37153.258204078236,nT
2026-04-09T08:37:00.000Z,KSU1,X,variation,channel,37153.088835565024,nT
2026-04-09T08:38:00.000Z,KSU1,X,variation,channel,37152.90731175926,nT
2026-04-09T08:39:00.000Z,KSU1,X,variation,channel,37152.796260634386,nT
2026-04-09T08:40:00.000Z,KSU1,X,variation,channel,37152.8247696208,nT
2026-04-09T08:41:00.000Z,KSU1,X,variation,channel,37152.70698485085,nT
2026-04-09T08:42:00.000Z,KSU1,X,variation,channel,37152.42811163849,nT
2026-04-09T08:43:00.000Z,KSU1,X,variation,channel,37151.87759842694,nT
2026-04-09T08:44:00.000Z,KSU1,X,variation,channel,37151.3657186149,nT
2026-04-09T08:45:00.000Z,KSU1,X,variation,channel,37150.73262330158,nT
2026-04-09T08:46:00.000Z,KSU1,X,variation,channel,37150.307593385936,nT
2026-04-09T08:47:00.000Z,KSU1,X,variation,channel,37150.10228488313,nT
2026-04-09T08:48:00.000Z,KSU1,X,variation,channel,37149.81249361897,nT
2026-04-09T08:49:00.000Z,KSU1,X,variation,channel,37149.73575847454,nT
2026-04-09T08:50:00.000Z,KSU1,X,variation,channel,37149.81523799258,nT
2026-04-09T08:51:00.000Z,KSU1,X,variation,channel,37149.64545476873,nT
2026-04-09T08:52:00.000Z,KSU1,X,variation,channel,37149.57682638368,nT
2026-04-09T08:53:00.000Z,KSU1,X,variation,channel,37149.192867327445,nT
2026-04-09T08:54:00.000Z,KSU1,X,variation,channel,37148.956358147545,nT
2026-04-09T08:55:00.000Z,KSU1,X,variation,channel,37148.74937353688,nT
2026-04-09T08:56:00.000Z,KSU1,X,variation,channel,37148.53176602013,nT
2026-04-09T08:57:00.000Z,KSU1,X,variation,channel,37148.465941806964,nT
2026-04-09T08:58:00.000Z,KSU1,X,variation,channel,37148.320502970884,nT
2026-04-09T08:59:00.000Z,KSU1,X,variation,channel,37148.13649874452,nT
2026-04-09T09:00:00.000Z,KSU1,X,variation,channel,37148.24377138477,nT
2026-04-09T09:01:00.000Z,KSU1,X,variation,channel,37148.24622771604,nT
2026-04-09T09:02:00.000Z,KSU1,X,variation,channel,37148.580238183604,nT
2026-04-09T09:03:00.000Z,KSU1,X,variation,channel,37148.84230974244,nT
2026-04-09T09:04:00.000Z,KSU1,X,variation,channel,37149.18583829237,nT
2026-04-09T09:05:00.000Z,KSU1,X,variation,channel,37149.33149415446,nT
2026-04-09T09:06:00.000Z,KSU1,X,variation,channel,37149.52948150618,nT
2026-04-09T09:07:00.000Z,KSU1,X,variation,channel,37149.92609591909,nT
2026-04-09T09:08:00.000Z,KSU1,X,variation,channel,37150.03477240568,nT
2026-04-09T09:09:00.000Z,KSU1,X,variation,channel,37149.31420160757,nT
2026-04-09T09:10:00.000Z,KSU1,X,variation,channel,37149.55850591752,nT
2026-04-09T09:11:00.000Z,KSU1,X,variation,channel,37150.29962018377,nT
2026-04-09T09:12:00.000Z,KSU1,X,variation,channel,37150.35894703669,nT
2026-04-09T09:13:00.000Z,KSU1,X,variation,channel,37150.29921464927,nT
2026-04-09T09:14:00.000Z,KSU1,X,variation,channel,37150.22353078845,nT
2026-04-09T09:15:00.000Z,KSU1,X,variation,channel,37150.051653340684,nT
2026-04-09T09:16:00.000Z,KSU1,X,variation,channel,37149.65239965481,nT
2026-04-09T09:17:00.000Z,KSU1,X,variation,channel,37149.31939635589,nT
2026-04-09T09:18:00.000Z,KSU1,X,variation,channel,37149.06898670663,nT
2026-04-09T09:19:00.000Z,KSU1,X,variation,channel,37149.02280535534,nT
2026-04-09T09:20:00.000Z,KSU1,X,variation,channel,37149.16512327879,nT
2026-04-09T09:21:00.000Z,KSU1,X,variation,channel,37149.18192749042,nT
2026-04-09T09:22:00.000Z,KSU1,X,variation,channel,37149.33115935108,nT
2026-04-09T09:23:00.000Z,KSU1,X,variation,channel,37149.5192762994,nT
2026-04-09T09:24:00.000Z,KSU1,X,variation,channel,37149.652431209346,nT
2026-04-09T09:25:00.000Z,KSU1,X,variation,channel,37149.82736903963,nT
2026-04-09T09:26:00.000Z,KSU1,X,variation,channel,37149.91008680428,nT
2026-04-09T09:27:00.000Z,KSU1,X,variation,channel,37150.00396307255,nT
2026-04-09T09:28:00.000Z,KSU1,X,variation,channel,37150.192195756026,nT
2026-04-09T09:29:00.000Z,KSU1,X,variation,channel,37150.46836263968,nT
2026-04-09T09:30:00.000Z,KSU1,X,variation,channel,37150.76234703638,nT
2026-04-09T09:31:00.000Z,KSU1,X,variation,channel,37151.11168451554,nT
2026-04-09T09:32:00.000Z,KSU1,X,variation,channel,37151.418549989576,nT
2026-04-09T09:33:00.000Z,KSU1,X,variation,channel,37151.61095783725,nT
2026-04-09T09:34:00.000Z,KSU1,X,variation,channel,37151.82065533923,nT
2026-04-09T09:35:00.000Z,KSU1,X,variation,channel,37151.98058690183,nT
2026-04-09T09:36:00.000Z,KSU1,X,variation,channel,37152.127092083225,nT
2026-04-09T09:37:00.000Z,KSU1,X,variation,channel,37152.08284908787,nT
2026-04-09T09:38:00.000Z,KSU1,X,variation,channel,37151.952777155515,nT
2026-04-09T09:39:00.000Z,KSU1,X,variation,channel,37152.01665157022,nT
2026-04-09T09:40:00.000Z,KSU1,X,variation,channel,37152.18830043511,nT
2026-04-09T09:41:00.000Z,KSU1,X,variation,channel,37152.15163185448,nT
2026-04-09T09:42:00.000Z,KSU1,X,variation,channel,37152.00933834331,nT
2026-04-09T09:43:00.000Z,KSU1,X,variation,channel,37152.09475496312,nT
2026-04-09T09:44:00.000Z,KSU1,X,variation,channel,37152.199459485964,nT
2026-04-09T09:45:00.000Z,KSU1,X,variation,channel,37152.15235455041,nT
2026-04-09T09:46:00.000Z,KSU1,X,variation,channel,37152.12573939203,nT
2026-04-09T09:47:00.000Z,KSU1,X,variation,channel,37152.14060756484,nT
2026-04-09T09:48:00.000Z,KSU1,X,variation,channel,37152.154153770665,nT
2026-04-09T09:49:00.000Z,KSU1,X,variation,channel,37152.15766278986,nT
2026-04-09T09:50:00.000Z,KSU1,X,variation,channel,37152.14489579041,nT
2026-04-09T09:51:00.000Z,KSU1,X,variation,channel,37152.01584795961,nT
2026-04-09T09:52:00.000Z,KSU1,X,variation,channel,37152.05799009593,nT
2026-04-09T09:53:00.000Z,KSU1,X,variation,channel,37152.236012149595,nT
2026-04-09T09:54:00.000Z,KSU1,X,variation,channel,37152.20466102063,nT
2026-04-09T09:55:00.000Z,KSU1,X,variation,channel,37152.28666603629,nT
2026-04-09T09:56:00.000Z,KSU1,X,variation,channel,37152.31306708321,nT
2026-04-09T09:57:00.000Z,KSU1,X,variation,channel,37152.301235126324,nT
2026-04-09T09:58:00.000Z,KSU1,X,variation,channel,37152.24845881632,nT
2026-04-09T09:59:00.000Z,KSU1,X,variation,channel,37152.17434758217,nT
2026-04-09T10:00:00.000Z,KSU1,X,variation,channel,37152.2349102105,nT
2026-04-09T10:01:00.000Z,KSU1,X,variation,channel,37152.408570539395,nT
2026-04-09T10:02:00.000Z,KSU1,X,variation,channel,37152.57473764569,nT
2026-04-09T10:03:00.000Z,KSU1,X,variation,channel,37152.72767731888,nT
2026-04-09T10:04:00.000Z,KSU1,X,variation,channel,37152.9031052525,nT
2026-04-09T10:05:00.000Z,KSU1,X,variation,channel,37152.82854680825,nT
2026-04-09T10:06:00.000Z,KSU1,X,variation,channel,37152.770055012414,nT
2026-04-09T10:07:00.000Z,KSU1,X,variation,channel,37152.877718596785,nT
2026-04-09T10:08:00.000Z,KSU1,X,variation,channel,37152.802748054564,nT
2026-04-09T10:09:00.000Z,KSU1,X,variation,channel,37152.72802078466,nT
2026-04-09T10:10:00.000Z,KSU1,X,variation,channel,37152.711842563775,nT
2026-04-09T10:11:00.000Z,KSU1,X,variation,channel,37152.78150987238,nT
2026-04-09T10:12:00.000Z,KSU1,X,variation,channel,37152.80283614578,nT
2026-04-09T10:13:00.000Z,KSU1,X,variation,channel,37152.95835758492,nT
2026-04-09T10:14:00.000Z,KSU1,X,variation,channel,37153.047526000664,nT
2026-04-09T10:15:00.000Z,KSU1,X,variation,channel,37153.11356742907,nT
2026-04-09T10:16:00.000Z,KSU1,X,variation,channel,37153.15184108946,nT
2026-04-09T10:17:00.000Z,KSU1,X,variation,channel,37153.19257131408,nT
2026-04-09T10:18:00.000Z,KSU1,X,variation,channel,37153.13618653018,nT
2026-04-09T10:19:00.000Z,KSU1,X,variation,channel,37152.98166619025,nT
2026-04-09T10:20:00.000Z,KSU1,X,variation,channel,37153.1098733982,nT
2026-04-09T10:21:00.000Z,KSU1,X,variation,channel,37153.19814887709,nT
2026-04-09T10:22:00.000Z,KSU1,X,variation,channel,37153.250645551714,nT
2026-04-09T10:23:00.000Z,KSU1,X,variation,channel,37153.20934532025,nT
2026-04-09T10:24:00.000Z,KSU1,X,variation,channel,37153.16343509853,nT
2026-04-09T10:25:00.000Z,KSU1,X,variation,channel,37153.23164954952,nT
2026-04-09T10:26:00.000Z,KSU1,X,variation,channel,37153.18161558578,nT
2026-04-09T10:27:00.000Z,KSU1,X,variation,channel,37153.13762211768,nT
2026-04-09T10:28:00.000Z,KSU1,X,variation,channel,37153.11674535279,nT
2026-04-09T10:29:00.000Z,KSU1,X,variation,channel,37153.104768225836,nT
2026-04-09T10:30:00.000Z,KSU1,X,variation,channel,37153.14042997796,nT
2026-04-09T10:31:00.000Z,KSU1,X,variation,channel,37153.21170293695,nT
2026-04-09T10:32:00.000Z,KSU1,X,variation,channel,37153.184205928024,nT
2026-04-09T10:33:00.000Z,KSU1,X,variation,channel,37153.24357389051,nT
2026-04-09T10:34:00.000Z,KSU1,X,variation,channel,37153.198612287066,nT
2026-04-09T10:35:00.000Z,KSU1,X,variation,channel,37153.20579556326,nT
2026-04-09T10:36:00.000Z,KSU1,X,variation,channel,37153.12401421353,nT
2026-04-09T10:37:00.000Z,KSU1,X,variation,channel,37153.16041127496,nT
2026-04-09T10:38:00.000Z,KSU1,X,variation,channel,37152.255455517974,nT
2026-04-09T10:39:00.000Z,KSU1,X,variation,channel,37152.64452482261,nT
2026-04-09T10:40:00.000Z,KSU1,X,variation,channel,37153.18291335728,nT
2026-04-09T10:41:00.000Z,KSU1,X,variation,channel,37153.13776548904,nT
2026-04-09T10:42:00.000Z,KSU1,X,variation,channel,37152.976840997326,nT
2026-04-09T10:43:00.000Z,KSU1,X,variation,channel,37152.96712681867,nT
2026-04-09T10:44:00.000Z,KSU1,X,variation,channel,37153.006990918366,nT
2026-04-09T10:45:00.000Z,KSU1,X,variation,channel,37152.887373931786,nT
2026-04-09T10:46:00.000Z,KSU1,X,variation,channel,37152.94427493568,nT
2026-04-09T10:47:00.000Z,KSU1,X,variation,channel,37152.96760987007,nT
2026-04-09T10:48:00.000Z,KSU1,X,variation,channel,37153.16147950774,nT
2026-04-09T10:49:00.000Z,KSU1,X,variation,channel,37153.21867742218,nT
2026-04-09T10:50:00.000Z,KSU1,X,variation,channel,37153.73506076717,nT
2026-04-09T10:51:00.000Z,KSU1,X,variation,channel,37153.596720809226,nT
2026-04-09T10:52:00.000Z,KSU1,X,variation,channel,37153.6265634768,nT
2026-04-09T10:53:00.000Z,KSU1,X,variation,channel,37153.628409284356,nT
2026-04-09T10:54:00.000Z,KSU1,X,variation,channel,37153.504477372066,nT
2026-04-09T10:55:00.000Z,KSU1,X,variation,channel,37153.59912960284,nT
2026-04-09T10:56:00.000Z,KSU1,X,variation,channel,37153.64593857815,nT
2026-04-09T10:57:00.000Z,KSU1,X,variation,channel,37153.5475376117,nT
2026-04-09T10:58:00.000Z,KSU1,X,variation,channel,37153.728347549186,nT
2026-04-09T10:59:00.000Z,KSU1,X,variation,channel,37153.85156038285,nT
2026-04-09T11:00:00.000Z,KSU1,X,variation,channel,37153.85664631126,nT
2026-04-09T11:01:00.000Z,KSU1,X,variation,channel,37153.69051776315,nT
2026-04-09T11:02:00.000Z,KSU1,X,variation,channel,37153.66768269527,nT
2026-04-09T11:03:00.000Z,KSU1,X,variation,channel,37153.69390022647,nT
2026-04-09T11:04:00.000Z,KSU1,X,variation,channel,37153.68597154554,nT
2026-04-09T11:05:00.000Z,KSU1,X,variation,channel,37153.68554051576,nT
2026-04-09T11:06:00.000Z,KSU1,X,variation,channel,37153.865710813116,nT
2026-04-09T11:07:00.000Z,KSU1,X,variation,channel,37153.89167806429,nT
2026-04-09T11:08:00.000Z,KSU1,X,variation,channel,37154.155403236706,nT
2026-04-09T11:09:00.000Z,KSU1,X,variation,channel,37154.13687197146,nT
2026-04-09T11:10:00.000Z,KSU1,X,variation,channel,37153.989860985785,nT
2026-04-09T11:11:00.000Z,KSU1,X,variation,channel,37153.77672461094,nT
2026-04-09T11:12:00.000Z,KSU1,X,variation,channel,37153.741958565304,nT
2026-04-09T11:13:00.000Z,KSU1,X,variation,channel,37153.88371632753,nT
2026-04-09T11:14:00.000Z,KSU1,X,variation,channel,37153.72730713994,nT
2026-04-09T11:15:00.000Z,KSU1,X,variation,channel,37153.99138226821,nT
2026-04-09T11:16:00.000Z,KSU1,X,variation,channel,37154.412187129325,nT
2026-04-09T11:17:00.000Z,KSU1,X,variation,channel,37154.67336445397,nT
2026-04-09T11:18:00.000Z,KSU1,X,variation,channel,37154.668548288784,nT
2026-04-09T11:19:00.000Z,KSU1,X,variation,channel,37154.702197364415,nT
2026-04-09T11:20:00.000Z,KSU1,X,variation,channel,37154.611073662396,nT
2026-04-09T11:21:00.000Z,KSU1,X,variation,channel,37154.638252056335,nT
2026-04-09T11:22:00.000Z,KSU1,X,variation,channel,37154.04336462353,nT
2026-04-09T11:23:00.000Z,KSU1,X,variation,channel,37153.76511517994,nT
2026-04-09T11:24:00.000Z,KSU1,X,variation,channel,37153.87976638582,nT
2026-04-09T11:25:00.000Z,KSU1,X,variation,channel,37154.08363165764,nT
2026-04-09T11:26:00.000Z,KSU1,X,variation,channel,37154.29104563778,nT
2026-04-09T11:27:00.000Z,KSU1,X,variation,channel,37154.35859827148,nT
2026-04-09T11:28:00.000Z,KSU1,X,variation,channel,37154.53892029312,nT
2026-04-09T11:29:00.000Z,KSU1,X,variation,channel,37155.130282560654,nT
2026-04-09T11:30:00.000Z,KSU1,X,variation,channel,37155.624227233355,nT
2026-04-09T11:31:00.000Z,KSU1,X,variation,channel,37155.78566128135,nT
2026-04-09T11:32:00.000Z,KSU1,X,variation,channel,37155.9181166098,nT
2026-04-09T11:33:00.000Z,KSU1,X,variation,channel,37155.89806247449,nT
2026-04-09T11:34:00.000Z,KSU1,X,variation,channel,37155.75630027218,nT
2026-04-09T11:35:00.000Z,KSU1,X,variation,channel,37155.444236828,nT
2026-04-09T11:36:00.000Z,KSU1,X,variation,channel,37155.20490800665,nT
2026-04-09T11:37:00.000Z,KSU1,X,variation,channel,37154.896333259516,nT
2026-04-09T11:38:00.000Z,KSU1,X,variation,channel,37154.45161711823,nT
2026-04-09T11:39:00.000Z,KSU1,X,variation,channel,37154.18871499357,nT
2026-04-09T11:40:00.000Z,KSU1,X,variation,channel,37153.997868422164,nT
2026-04-09T11:41:00.000Z,KSU1,X,variation,channel,37154.05771976188,nT
2026-04-09T11:42:00.000Z,KSU1,X,variation,channel,37154.08162075163,nT
2026-04-09T11:43:00.000Z,KSU1,X,variation,channel,37154.17916557511,nT
2026-04-09T11:44:00.000Z,KSU1,X,variation,channel,37154.634442926385,nT
2026-04-09T11:45:00.000Z,KSU1,X,variation,channel,37155.06040775598,nT
2026-04-09T11:46:00.000Z,KSU1,X,variation,channel,37155.273523263975,nT
2026-04-09T11:47:00.000Z,KSU1,X,variation,channel,37155.476217754076,nT
2026-04-09T11:48:00.000Z,KSU1,X,variation,channel,37155.65902787785,nT
2026-04-09T11:49:00.000Z,KSU1,X,variation,channel,37155.90768485777,nT
2026-04-09T11:50:00.000Z,KSU1,X,variation,channel,37155.921325898984,nT
2026-04-09T11:51:00.000Z,KSU1,X,variation,channel,37155.576547550314,nT
2026-04-09T11:52:00.000Z,KSU1,X,variation,channel,37155.05025440913,nT
2026-04-09T11:53:00.000Z,KSU1,X,variation,channel,37154.70602883969,nT
2026-04-09T11:54:00.000Z,KSU1,X,variation,channel,37154.57912669915,nT
2026-04-09T11:55:00.000Z,KSU1,X,variation,channel,37154.43130242991,nT
2026-04-09T11:56:00.000Z,KSU1,X,variation,channel,37154.17531813387,nT
2026-04-09T11:57:00.000Z,KSU1,X,variation,channel,37154.06669390384,nT
2026-04-09T11:58:00.000Z,KSU1,X,variation,channel,37154.11660710482,nT
2026-04-09T11:59:00.000Z,KSU1,X,variation,channel,37154.58011371529,nT
2026-04-09T12:00:00.000Z,KSU1,X,variation,channel,37154.963754565855,nT
2026-04-09T12:01:00.000Z,KSU1,X,variation,channel,37154.849808423285,nT
2026-04-09T12:02:00.000Z,KSU1,X,variation,channel,37154.90525055243,nT
2026-04-09T12:03:00.000Z,KSU1,X,variation,channel,37154.88344552671,nT
2026-04-09T12:04:00.000Z,KSU1,X,variation,channel,37154.74841609739,nT
2026-04-09T12:05:00.000Z,KSU1,X,variation,channel,37153.40984216065,nT
2026-04-09T12:06:00.000Z,KSU1,X,variation,channel,37152.673984412715,nT
2026-04-09T12:07:00.000Z,KSU1,X,variation,channel,37153.04636371969,nT
2026-04-09T12:08:00.000Z,KSU1,X,variation,channel,37152.68980058732,nT
2026-04-09T12:09:00.000Z,KSU1,X,variation,channel,37152.41454067151,nT
2026-04-09T12:10:00.000Z,KSU1,X,variation,channel,37152.2091424256,nT
2026-04-09T12:11:00.000Z,KSU1,X,variation,channel,37152.57487508874,nT
2026-04-09T12:12:00.000Z,KSU1,X,variation,channel,37152.72528715613,nT
2026-04-09T12:13:00.000Z,KSU1,X,variation,channel,37152.949654984004,nT
2026-04-09T12:14:00.000Z,KSU1,X,variation,channel,37152.87244975597,nT
2026-04-09T12:15:00.000Z,KSU1,X,variation,channel,37152.63702898963,nT
2026-04-09T12:16:00.000Z,KSU1,X,variation,channel,37153.524137587185,nT
2026-04-09T12:17:00.000Z,KSU1,X,variation,channel,37154.435910361455,nT
2026-04-09T12:18:00.000Z,KSU1,X,variation,channel,37154.866078422114,nT
2026-04-09T12:19:00.000Z,KSU1,X,variation,channel,37155.04036883957,nT
2026-04-09T12:20:00.000Z,KSU1,X,variation,channel,37154.94644787666,nT
2026-04-09T12:21:00.000Z,KSU1,X,variation,channel,37154.84609550113,nT
2026-04-09T12:22:00.000Z,KSU1,X,variation,channel,37154.487423946455,nT
2026-04-09T12:23:00.000Z,KSU1,X,variation,channel,37154.20689516801,nT
2026-04-09T12:24:00.000Z,KSU1,X,variation,channel,37154.166704675685,nT
2026-04-09T12:25:00.000Z,KSU1,X,variation,channel,37154.03447489545,nT
2026-04-09T12:26:00.000Z,KSU1,X,variation,channel,37154.16546616505,nT
2026-04-09T12:27:00.000Z,KSU1,X,variation,channel,37154.221314601695,nT
2026-04-09T12:28:00.000Z,KSU1,X,variation,channel,37154.525262204064,nT
2026-04-09T12:29:00.000Z,KSU1,X,variation,channel,37154.839630862596,nT
2026-04-09T12:30:00.000Z,KSU1,X,variation,channel,37155.14643341346,nT
2026-04-09T12:31:00.000Z,KSU1,X,variation,channel,37155.161845317765,nT
2026-04-09T12:32:00.000Z,KSU1,X,variation,channel,37155.09321729713,nT
2026-04-09T12:33:00.000Z,KSU1,X,variation,channel,37155.31544694545,nT
2026-04-09T12:34:00.000Z,KSU1,X,variation,channel,37155.572944954474,nT
2026-04-09T12:35:00.000Z,KSU1,X,variation,channel,37155.46358985031,nT
2026-04-09T12:36:00.000Z,KSU1,X,variation,channel,37155.37575522568,nT
2026-04-09T12:37:00.000Z,KSU1,X,variation,channel,37155.48209379419,nT
2026-04-09T12:38:00.000Z,KSU1,X,variation,channel,37155.79237766625,nT
2026-04-09T12:39:00.000Z,KSU1,X,variation,channel,37155.92714393426,nT
2026-04-09T12:40:00.000Z,KSU1,X,variation,channel,37155.90003887842,nT
2026-04-09T12:41:00.000Z,KSU1,X,variation,channel,37155.87880993551,nT
2026-04-09T12:42:00.000Z,KSU1,X,variation,channel,37155.868194992334,nT
2026-04-09T12:43:00.000Z,KSU1,X,variation,channel,37155.84377393528,nT
2026-04-09T12:44:00.000Z,KSU1,X,variation,channel,37155.540104746135,nT
2026-04-09T12:45:00.000Z,KSU1,X,variation,channel,37155.367143149306,nT
2026-04-09T12:46:00.000Z,KSU1,X,variation,channel,37155.181735920676,nT
2026-04-09T12:47:00.000Z,KSU1,X,variation,channel,37154.670705975965,nT
2026-04-09T12:48:00.000Z,KSU1,X,variation,channel,37154.79943176668,nT
2026-04-09T12:49:00.000Z,KSU1,X,variation,channel,37154.99077974616,nT
2026-04-09T12:50:00.000Z,KSU1,X,variation,channel,37155.138362232115,nT
2026-04-09T12:51:00.000Z,KSU1,X,variation,channel,37155.00264708785,nT
2026-04-09T12:52:00.000Z,KSU1,X,variation,channel,37154.70157398013,nT
2026-04-09T12:53:00.000Z,KSU1,X,variation,channel,37154.42238375527,nT
2026-04-09T12:54:00.000Z,KSU1,X,variation,channel,37154.265339551865,nT
2026-04-09T12:55:00.000Z,KSU1,X,variation,channel,37153.89961771901,nT
2026-04-09T12:56:00.000Z,KSU1,X,variation,channel,37153.64450481038,nT
2026-04-09T12:57:00.000Z,KSU1,X,variation,channel,37153.76136605421,nT
2026-04-09T12:58:00.000Z,KSU1,X,variation,channel,37153.59522454705,nT
2026-04-09T12:59:00.000Z,KSU1,X,variation,channel,37153.33528742171,nT
2026-04-09T13:00:00.000Z,KSU1,X,variation,channel,37152.93017722285,nT
2026-04-09T13:01:00.000Z,KSU1,X,variation,channel,37152.49787718001,nT
2026-04-09T13:02:00.000Z,KSU1,X,variation,channel,37151.5281654724,nT
2026-04-09T13:03:00.000Z,KSU1,X,variation,channel,37150.8609979053,nT
2026-04-09T13:04:00.000Z,KSU1,X,variation,channel,37150.352886258785,nT
2026-04-09T13:05:00.000Z,KSU1,X,variation,channel,37149.87354423921,nT
2026-04-09T13:06:00.000Z,KSU1,X,variation,channel,37149.37684326435,nT
2026-04-09T13:07:00.000Z,KSU1,X,variation,channel,37148.971293579445,nT
2026-04-09T13:08:00.000Z,KSU1,X,variation,channel,37148.55161884103,nT
2026-04-09T13:09:00.000Z,KSU1,X,variation,channel,37148.6462856248,nT
2026-04-09T13:10:00.000Z,KSU1,X,variation,channel,37148.54245912349,nT
2026-04-09T13:11:00.000Z,KSU1,X,variation,channel,37148.4029278508,nT
2026-04-09T13:12:00.000Z,KSU1,X,variation,channel,37148.08812043156,nT
2026-04-09T13:13:00.000Z,KSU1,X,variation,channel,37147.74087393065,nT
2026-04-09T13:14:00.000Z,KSU1,X,variation,channel,37147.56498673965,nT
2026-04-09T13:15:00.000Z,KSU1,X,variation,channel,37147.50394283587,nT
2026-04-09T13:16:00.000Z,KSU1,X,variation,channel,37147.35866509242,nT
2026-04-09T13:17:00.000Z,KSU1,X,variation,channel,37147.25702463625,nT
2026-04-09T13:18:00.000Z,KSU1,X,variation,channel,37147.26016420997,nT
2026-04-09T13:19:00.000Z,KSU1,X,variation,channel,37146.886573997675,nT
2026-04-09T13:20:00.000Z,KSU1,X,variation,channel,37146.57357331707,nT
2026-04-09T13:21:00.000Z,KSU1,X,variation,channel,37145.95333886787,nT
2026-04-09T13:22:00.000Z,KSU1,X,variation,channel,37145.489414690186,nT
2026-04-09T13:23:00.000Z,KSU1,X,variation,channel,37144.890865902176,nT
2026-04-09T13:24:00.000Z,KSU1,X,variation,channel,37144.219113222534,nT
2026-04-09T13:25:00.000Z,KSU1,X,variation,channel,37142.9909144269,nT
2026-04-09T13:26:00.000Z,KSU1,X,variation,channel,37142.28884803418,nT
2026-04-09T13:27:00.000Z,KSU1,X,variation,channel,37141.44772800299,nT
2026-04-09T13:28:00.000Z,KSU1,X,variation,channel,37140.27101043538,nT
2026-04-09T13:29:00.000Z,KSU1,X,variation,channel,37139.51458794605,nT
2026-04-09T13:30:00.000Z,KSU1,X,variation,channel,37139.05206054265,nT
2026-04-09T13:31:00.000Z,KSU1,X,variation,channel,37138.30477098626,nT
2026-04-09T13:32:00.000Z,KSU1,X,variation,channel,37137.45906731504,nT
2026-04-09T13:33:00.000Z,KSU1,X,variation,channel,37136.858124797,nT
2026-04-09T13:34:00.000Z,KSU1,X,variation,channel,37136.33395059415,nT
2026-04-09T13:35:00.000Z,KSU1,X,variation,channel,37135.9390551818,nT
2026-04-09T13:36:00.000Z,KSU1,X,variation,channel,37135.6776120133,nT
2026-04-09T13:37:00.000Z,KSU1,X,variation,channel,37135.225357569245,nT
2026-04-09T13:38:00.000Z,KSU1,X,variation,channel,37135.114334516285,nT
2026-04-09T13:39:00.000Z,KSU1,X,variation,channel,37134.70889496527,nT
2026-04-09T13:40:00.000Z,KSU1,X,variation,channel,37134.277703125364,nT
2026-04-09T13:41:00.000Z,KSU1,X,variation,channel,37133.99818728902,nT
2026-04-09T13:42:00.000Z,KSU1,X,variation,channel,37133.799370392306,nT
2026-04-09T13:43:00.000Z,KSU1,X,variation,channel,37133.70539088372,nT
2026-04-09T13:44:00.000Z,KSU1,X,variation,channel,37133.377017721905,nT
2026-04-09T13:45:00.000Z,KSU1,X,variation,channel,37133.17727285145,nT
2026-04-09T13:46:00.000Z,KSU1,X,variation,channel,37133.09798694685,nT
2026-04-09T13:47:00.000Z,KSU1,X,variation,channel,37132.80742613235,nT
2026-04-09T13:48:00.000Z,KSU1,X,variation,channel,37132.714244211165,nT
2026-04-09T13:49:00.000Z,KSU1,X,variation,channel,37132.52654391608,nT
2026-04-09T13:50:00.000Z,KSU1,X,variation,channel,37132.66763977544,nT
2026-04-09T13:51:00.000Z,KSU1,X,variation,channel,37132.41691856626,nT
2026-04-09T13:52:00.000Z,KSU1,X,variation,channel,37132.39925020529,nT
2026-04-09T13:53:00.000Z,KSU1,X,variation,channel,37132.60590723828,nT
2026-04-09T13:54:00.000Z,KSU1,X,variation,channel,37132.56330193748,nT
2026-04-09T13:55:00.000Z,KSU1,X,variation,channel,37131.94046640919,nT
2026-04-09T13:56:00.000Z,KSU1,X,variation,channel,37132.192505936735,nT
2026-04-09T13:57:00.000Z,KSU1,X,variation,channel,37132.39022182474,nT
2026-04-09T13:58:00.000Z,KSU1,X,variation,channel,37132.59653646939,nT
2026-04-09T13:59:00.000Z,KSU1,X,variation,channel,37132.54121955865,nT
2026-04-09T14:00:00.000Z,KSU1,X,variation,channel,37133.29221037294,nT
2026-04-09T14:01:00.000Z,KSU1,X,variation,channel,37133.61792886308,nT
2026-04-09T14:02:00.000Z,KSU1,X,variation,channel,37133.15986576819,nT
2026-04-09T14:03:00.000Z,KSU1,X,variation,channel,37132.27386238557,nT
2026-04-09T14:04:00.000Z,KSU1,X,variation,channel,37131.77163909892,nT
2026-04-09T14:05:00.000Z,KSU1,X,variation,channel,37130.974797320996,nT
2026-04-09T14:06:00.000Z,KSU1,X,variation,channel,37131.019346977846,nT
2026-04-09T14:07:00.000Z,KSU1,X,variation,channel,37131.3330654778,nT
2026-04-09T14:08:00.000Z,KSU1,X,variation,channel,37131.48617072523,nT
2026-04-09T14:09:00.000Z,KSU1,X,variation,channel,37131.76689527529,nT
2026-04-09T14:10:00.000Z,KSU1,X,variation,channel,37132.37104662942,nT
2026-04-09T14:11:00.000Z,KSU1,X,variation,channel,37132.69277913052,nT
2026-04-09T14:12:00.000Z,KSU1,X,variation,channel,37133.0958597728,nT
2026-04-09T14:13:00.000Z,KSU1,X,variation,channel,37132.97509360181,nT
2026-04-09T14:14:00.000Z,KSU1,X,variation,channel,37133.03537988715,nT
2026-04-09T14:15:00.000Z,KSU1,X,variation,channel,37133.336832781424,nT
2026-04-09T14:16:00.000Z,KSU1,X,variation,channel,37133.87685052978,nT
2026-04-09T14:17:00.000Z,KSU1,X,variation,channel,37134.05133368894,nT
2026-04-09T14:18:00.000Z,KSU1,X,variation,channel,37134.41676149247,nT
2026-04-09T14:19:00.000Z,KSU1,X,variation,channel,37134.60479908044,nT
2026-04-09T14:20:00.000Z,KSU1,X,variation,channel,37134.68029166425,nT
2026-04-09T14:21:00.000Z,KSU1,X,variation,channel,37135.02814670139,nT
2026-04-09T14:22:00.000Z,KSU1,X,variation,channel,37135.35406321539,nT
2026-04-09T14:23:00.000Z,KSU1,X,variation,channel,37135.41928951246,nT
2026-04-09T14:24:00.000Z,KSU1,X,variation,channel,37135.44389275231,nT
2026-04-09T14:25:00.000Z,KSU1,X,variation,channel,37135.59116181261,nT
2026-04-09T14:26:00.000Z,KSU1,X,variation,channel,37136.10131763081,nT
2026-04-09T14:27:00.000Z,KSU1,X,variation,channel,37137.26743385993,nT
2026-04-09T14:28:00.000Z,KSU1,X,variation,channel,37135.688469098175,nT
2026-04-09T14:29:00.000Z,KSU1,X,variation,channel,37135.89783592945,nT
2026-04-09T14:30:00.000Z,KSU1,X,variation,channel,37135.81173292614,nT
2026-04-09T14:31:00.000Z,KSU1,X,variation,channel,37135.94542907201,nT
2026-04-09T14:32:00.000Z,KSU1,X,variation,channel,37136.13644640826,nT
2026-04-09T14:33:00.000Z,KSU1,X,variation,channel,37136.088906873905,nT
2026-04-09T14:34:00.000Z,KSU1,X,variation,channel,37136.028826532376,nT
2026-04-09T14:35:00.000Z,KSU1,X,variation,channel,37135.67071342017,nT
2026-04-09T14:36:00.000Z,KSU1,X,variation,channel,37135.314283391686,nT
2026-04-09T14:37:00.000Z,KSU1,X,variation,channel,37134.93326383728,nT
2026-04-09T14:38:00.000Z,KSU1,X,variation,channel,37133.51110931566,nT
2026-04-09T14:39:00.000Z,KSU1,X,variation,channel,37133.26864639106,nT
2026-04-09T14:40:00.000Z,KSU1,X,variation,channel,37133.51142800229,nT
2026-04-09T14:41:00.000Z,KSU1,X,variation,channel,37132.90463728821,nT
2026-04-09T14:42:00.000Z,KSU1,X,variation,channel,37132.32962475582,nT
2026-04-09T14:43:00.000Z,KSU1,X,variation,channel,37131.399921506716,nT
2026-04-09T14:44:00.000Z,KSU1,X,variation,channel,37130.79841768298,nT
2026-04-09T14:45:00.000Z,KSU1,X,variation,channel,37130.38458945359,nT
2026-04-09T14:46:00.000Z,KSU1,X,variation,channel,37130.08598758387,nT
2026-04-09T14:47:00.000Z,KSU1,X,variation,channel,37129.98053310768,nT
2026-04-09T14:48:00.000Z,KSU1,X,variation,channel,37129.809886162606,nT
2026-04-09T14:49:00.000Z,KSU1,X,variation,channel,37129.94915799153,nT
2026-04-09T14:50:00.000Z,KSU1,X,variation,channel,37129.94586396914,nT
2026-04-09T14:51:00.000Z,KSU1,X,variation,channel,37130.3408252331,nT
2026-04-09T14:52:00.000Z,KSU1,X,variation,channel,37130.16716876237,nT
2026-04-09T14:53:00.000Z,KSU1,X,variation,channel,37130.21742078648,nT
2026-04-09T14:54:00.000Z,KSU1,X,variation,channel,37129.88462045598,nT
2026-04-09T14:55:00.000Z,KSU1,X,variation,channel,37129.3432748933,nT
2026-04-09T14:56:00.000Z,KSU1,X,variation,channel,37129.297068224456,nT
2026-04-09T14:57:00.000Z,KSU1,X,variation,channel,37129.03901740718,nT
2026-04-09T14:58:00.000Z,KSU1,X,variation,channel,37129.50182332837,nT
2026-04-09T14:59:00.000Z,KSU1,X,variation,channel,37129.27868130079,nT
2026-04-09T15:00:00.000Z,KSU1,X,variation,channel,37129.03485873744,nT
2026-04-09T15:01:00.000Z,KSU1,X,variation,channel,37128.89274017265,nT
2026-04-09T15:02:00.000Z,KSU1,X,variation,channel,37128.630590827954,nT
2026-04-09T15:03:00.000Z,KSU1,X,variation,channel,37128.39628652424,nT
2026-04-09T15:04:00.000Z,KSU1,X,variation,channel,37128.097876209365,nT
2026-04-09T15:05:00.000Z,KSU1,X,variation,channel,37127.74611277469,nT
2026-04-09T15:06:00.000Z,KSU1,X,variation,channel,37127.76980898356,nT
2026-04-09T15:07:00.000Z,KSU1,X,variation,channel,37127.91083164272,nT
2026-04-09T15:08:00.000Z,KSU1,X,variation,channel,37127.8395158794,nT
2026-04-09T15:09:00.000Z,KSU1,X,variation,channel,37127.92902988113,nT
2026-04-09T15:10:00.000Z,KSU1,X,variation,channel,37127.70013964494,nT
2026-04-09T15:11:00.000Z,KSU1,X,variation,channel,37127.218789099075,nT
2026-04-09T15:12:00.000Z,KSU1,X,variation,channel,37127.09489151897,nT
2026-04-09T15:13:00.000Z,KSU1,X,variation,channel,37126.70644987632,nT
2026-04-09T15:14:00.000Z,KSU1,X,variation,channel,37126.7289319667,nT
2026-04-09T15:15:00.000Z,KSU1,X,variation,channel,37126.85144679533,nT
2026-04-09T15:16:00.000Z,KSU1,X,variation,channel,37126.74261893694,nT
2026-04-09T15:17:00.000Z,KSU1,X,variation,channel,37126.41583825544,nT
2026-04-09T15:18:00.000Z,KSU1,X,variation,channel,37126.31540298048,nT
2026-04-09T15:19:00.000Z,KSU1,X,variation,channel,37126.55874963187,nT
2026-04-09T15:20:00.000Z,KSU1,X,variation,channel,37128.07870976707,nT
2026-04-09T15:21:00.000Z,KSU1,X,variation,channel,37124.83321414432,nT
2026-04-09T15:22:00.000Z,KSU1,X,variation,channel,37125.76056094714,nT
2026-04-09T15:23:00.000Z,KSU1,X,variation,channel,37126.210924240666,nT
2026-04-09T15:24:00.000Z,KSU1,X,variation,channel,37126.49448106253,nT
2026-04-09T15:25:00.000Z,KSU1,X,variation,channel,37125.93157988977,nT
2026-04-09T15:26:00.000Z,KSU1,X,variation,channel,37126.156796445146,nT
2026-04-09T15:27:00.000Z,KSU1,X,variation,channel,37125.966007619536,nT
2026-04-09T15:28:00.000Z,KSU1,X,variation,channel,37126.56041456336,nT
2026-04-09T15:29:00.000Z,KSU1,X,variation,channel,37125.81313987741,nT
2026-04-09T15:30:00.000Z,KSU1,X,variation,channel,37125.26086923119,nT
2026-04-09T15:31:00.000Z,KSU1,X,variation,channel,37124.58657734279,nT
2026-04-09T15:32:00.000Z,KSU1,X,variation,channel,37124.62692446504,nT
2026-04-09T15:33:00.000Z,KSU1,X,variation,channel,37123.82457020375,nT
2026-04-09T15:34:00.000Z,KSU1,X,variation,channel,37123.364826550474,nT
2026-04-09T15:35:00.000Z,KSU1,X,variation,channel,37122.68092962405,nT
2026-04-09T15:36:00.000Z,KSU1,X,variation,channel,37122.42986700771,nT
2026-04-09T15:37:00.000Z,KSU1,X,variation,channel,37122.540821330505,nT
2026-04-09T15:38:00.000Z,KSU1,X,variation,channel,37122.34180131025,nT
2026-04-09T15:39:00.000Z,KSU1,X,variation,channel,37122.507239755796,nT
2026-04-09T15:40:00.000Z,KSU1,X,variation,channel,37122.116616310734,nT
2026-04-09T15:41:00.000Z,KSU1,X,variation,channel,37122.075883622776,nT
2026-04-09T15:42:00.000Z,KSU1,X,variation,channel,37122.123631326634,nT
2026-04-09T15:43:00.000Z,KSU1,X,variation,channel,37122.27038430782,nT
2026-04-09T15:44:00.000Z,KSU1,X,variation,channel,37122.314749416204,nT
2026-04-09T15:45:00.000Z,KSU1,X,variation,channel,37122.720935894235,nT
2026-04-09T15:46:00.000Z,KSU1,X,variation,channel,37122.869381003686,nT
2026-04-09T15:47:00.000Z,KSU1,X,variation,channel,37122.9686793314,nT
2026-04-09T15:48:00.000Z,KSU1,X,variation,channel,37122.68306654294,nT
2026-04-09T15:49:00.000Z,KSU1,X,variation,channel,37122.39732381292,nT
2026-04-09T15:50:00.000Z,KSU1,X,variation,channel,37123.090107380885,nT
2026-04-09T15:51:00.000Z,KSU1,X,variation,channel,37123.64588105193,nT
2026-04-09T15:52:00.000Z,KSU1,X,variation,channel,37123.899843179504,nT
2026-04-09T15:53:00.000Z,KSU1,X,variation,channel,37124.320769211074,nT
2026-04-09T15:54:00.000Z,KSU1,X,variation,channel,37124.31190739631,nT
2026-04-09T15:55:00.000Z,KSU1,X,variation,channel,37123.999256955765,nT
2026-04-09T15:56:00.000Z,KSU1,X,variation,channel,37124.10607198758,nT
2026-04-09T15:57:00.000Z,KSU1,X,variation,channel,37123.70891181407,nT
2026-04-09T15:58:00.000Z,KSU1,X,variation,channel,37123.467891509405,nT
2026-04-09T15:59:00.000Z,KSU1,X,variation,channel,37123.60594454913,nT
2026-04-09T16:00:00.000Z,KSU1,X,variation,channel,37123.32043632737,nT
2026-04-09T16:01:00.000Z,KSU1,X,variation,channel,37123.190195806,nT
2026-04-09T16:02:00.000Z,KSU1,X,variation,channel,37122.63977818117,nT
2026-04-09T16:03:00.000Z,KSU1,X,variation,channel,37122.07528482606,nT
2026-04-09T16:04:00.000Z,KSU1,X,variation,channel,37121.81881659851,nT
2026-04-09T16:05:00.000Z,KSU1,X,variation,channel,37121.186986420485,nT
2026-04-09T16:06:00.000Z,KSU1,X,variation,channel,37121.30892236746,nT
2026-04-09T16:07:00.000Z,KSU1,X,variation,channel,37121.205251170184,nT
2026-04-09T16:08:00.000Z,KSU1,X,variation,channel,37120.56122213775,nT
2026-04-09T16:09:00.000Z,KSU1,X,variation,channel,37120.15063261775,nT
2026-04-09T16:10:00.000Z,KSU1,X,variation,channel,37119.6327279627,nT
2026-04-09T16:11:00.000Z,KSU1,X,variation,channel,37118.42870828521,nT
2026-04-09T16:12:00.000Z,KSU1,X,variation,channel,37118.12564559441,nT
2026-04-09T16:13:00.000Z,KSU1,X,variation,channel,37118.266181428684,nT
2026-04-09T16:14:00.000Z,KSU1,X,variation,channel,37118.06264839933,nT
2026-04-09T16:15:00.000Z,KSU1,X,variation,channel,37118.186436570664,nT
2026-04-09T16:16:00.000Z,KSU1,X,variation,channel,37118.81383239883,nT
2026-04-09T16:17:00.000Z,KSU1,X,variation,channel,37119.09580486575,nT
2026-04-09T16:18:00.000Z,KSU1,X,variation,channel,37119.764620563794,nT
2026-04-09T16:19:00.000Z,KSU1,X,variation,channel,37119.88265201539,nT
2026-04-09T16:20:00.000Z,KSU1,X,variation,channel,37120.13797479612,nT
2026-04-09T16:21:00.000Z,KSU1,X,variation,channel,37119.934024674374,nT
2026-04-09T16:22:00.000Z,KSU1,X,variation,channel,37119.17213976653,nT
2026-04-09T16:23:00.000Z,KSU1,X,variation,channel,37118.630257831086,nT
2026-04-09T16:24:00.000Z,KSU1,X,variation,channel,37118.00262650109,nT
2026-04-09T16:25:00.000Z,KSU1,X,variation,channel,37118.02265075119,nT
2026-04-09T16:26:00.000Z,KSU1,X,variation,channel,37117.78509703215,nT
2026-04-09T16:27:00.000Z,KSU1,X,variation,channel,37117.689319610145,nT
2026-04-09T16:28:00.000Z,KSU1,X,variation,channel,37117.35551890731,nT
2026-04-09T16:29:00.000Z,KSU1,X,variation,channel,37116.78120523998,nT
2026-04-09T16:30:00.000Z,KSU1,X,variation,channel,37116.27324331888,nT
2026-04-09T16:31:00.000Z,KSU1,X,variation,channel,37116.091059522194,nT
2026-04-09T16:32:00.000Z,KSU1,X,variation,channel,37115.665701887316,nT
2026-04-09T16:33:00.000Z,KSU1,X,variation,channel,37115.81811358812,nT
2026-04-09T16:34:00.000Z,KSU1,X,variation,channel,37114.416740392764,nT
2026-04-09T16:35:00.000Z,KSU1,X,variation,channel,37113.20247185213,nT
2026-04-09T16:36:00.000Z,KSU1,X,variation,channel,37112.328461657904,nT
2026-04-09T16:37:00.000Z,KSU1,X,variation,channel,37111.63237499827,nT
2026-04-09T16:38:00.000Z,KSU1,X,variation,channel,37111.815599602414,nT
2026-04-09T16:39:00.000Z,KSU1,X,variation,channel,37111.93927252255,nT
2026-04-09T16:40:00.000Z,KSU1,X,variation,channel,37112.11415908213,nT
2026-04-09T16:41:00.000Z,KSU1,X,variation,channel,37112.55570259842,nT
2026-04-09T16:42:00.000Z,KSU1,X,variation,channel,37113.16011102918,nT
2026-04-09T16:43:00.000Z,KSU1,X,variation,channel,37113.68125719442,nT
2026-04-09T16:44:00.000Z,KSU1,X,variation,channel,37114.10587212202,nT
2026-04-09T16:45:00.000Z,KSU1,X,variation,channel,37114.52804509646,nT
2026-04-09T16:46:00.000Z,KSU1,X,variation,channel,37114.658102658184,nT
2026-04-09T16:47:00.000Z,KSU1,X,variation,channel,37115.28491869186,nT
2026-04-09T16:48:00.000Z,KSU1,X,variation,channel,37115.66474990191,nT
2026-04-09T16:49:00.000Z,KSU1,X,variation,channel,37115.74012720722,nT
2026-04-09T16:50:00.000Z,KSU1,X,variation,channel,37115.581725039076,nT
2026-04-09T16:51:00.000Z,KSU1,X,variation,channel,37115.38909814903,nT
2026-04-09T16:52:00.000Z,KSU1,X,variation,channel,37115.52175414426,nT
2026-04-09T16:53:00.000Z,KSU1,X,variation,channel,37115.62631512042,nT
2026-04-09T16:54:00.000Z,KSU1,X,variation,channel,37116.58061659851,nT
2026-04-09T16:55:00.000Z,KSU1,X,variation,channel,37117.91160898826,nT
2026-04-09T16:56:00.000Z,KSU1,X,variation,channel,37118.58715280898,nT
2026-04-09T16:57:00.000Z,KSU1,X,variation,channel,37118.7031328341,nT
2026-04-09T16:58:00.000Z,KSU1,X,variation,channel,37118.371320911014,nT
2026-04-09T16:59:00.000Z,KSU1,X,variation,channel,37118.06835155442,nT
2026-04-09T17:00:00.000Z,KSU1,X,variation,channel,37117.73312633204,nT
2026-04-09T17:01:00.000Z,KSU1,X,variation,channel,37116.8080056196,nT
2026-04-09T17:02:00.000Z,KSU1,X,variation,channel,37116.36289643988,nT
2026-04-09T17:03:00.000Z,KSU1,X,variation,channel,37115.93382033934,nT
2026-04-09T17:04:00.000Z,KSU1,X,variation,channel,37116.3990411133,nT
2026-04-09T17:05:00.000Z,KSU1,X,variation,channel,37116.748549515854,nT
2026-04-09T17:06:00.000Z,KSU1,X,variation,channel,37115.984401149886,nT
2026-04-09T17:07:00.000Z,KSU1,X,variation,channel,37116.88779358644,nT
2026-04-09T17:08:00.000Z,KSU1,X,variation,channel,37118.01491822471,nT
2026-04-09T17:09:00.000Z,KSU1,X,variation,channel,37118.46727742102,nT
2026-04-09T17:10:00.000Z,KSU1,X,variation,channel,37118.847921245964,nT
2026-04-09T17:11:00.000Z,KSU1,X,variation,channel,37119.434734023176,nT
2026-04-09T17:12:00.000Z,KSU1,X,variation,channel,37119.57731858529,nT
2026-04-09T17:13:00.000Z,KSU1,X,variation,channel,37119.61832940836,nT
2026-04-09T17:14:00.000Z,KSU1,X,variation,channel,37119.43234171991,nT
2026-04-09T17:15:00.000Z,KSU1,X,variation,channel,37119.09013867283,nT
2026-04-09T17:16:00.000Z,KSU1,X,variation,channel,37119.13883965834,nT
2026-04-09T17:17:00.000Z,KSU1,X,variation,channel,37119.34279729379,nT
2026-04-09T17:18:00.000Z,KSU1,X,variation,channel,37119.912991448844,nT
2026-04-09T17:19:00.000Z,KSU1,X,variation,channel,37119.75930545588,nT
2026-04-09T17:20:00.000Z,KSU1,X,variation,channel,37119.378196638056,nT
2026-04-09T17:21:00.000Z,KSU1,X,variation,channel,37119.07158287997,nT
2026-04-09T17:22:00.000Z,KSU1,X,variation,channel,37118.91046207004,nT
2026-04-09T17:23:00.000Z,KSU1,X,variation,channel,37118.74229215194,nT
2026-04-09T17:24:00.000Z,KSU1,X,variation,channel,37118.78400639019,nT
2026-04-09T17:25:00.000Z,KSU1,X,variation,channel,37118.70630455021,nT
2026-04-09T17:26:00.000Z,KSU1,X,variation,channel,37118.78154121961,nT
2026-04-09T17:27:00.000Z,KSU1,X,variation,channel,37119.3135180186,nT
2026-04-09T17:28:00.000Z,KSU1,X,variation,channel,37119.22468179595,nT
2026-04-09T17:29:00.000Z,KSU1,X,variation,channel,37119.25058068134,nT
2026-04-09T17:30:00.000Z,KSU1,X,variation,channel,37119.157139165945,nT
2026-04-09T17:31:00.000Z,KSU1,X,variation,channel,37119.6783950084,nT
2026-04-09T17:32:00.000Z,KSU1,X,variation,channel,37119.48326785505,nT
2026-04-09T17:33:00.000Z,KSU1,X,variation,channel,37120.06958667595,nT
2026-04-09T17:34:00.000Z,KSU1,X,variation,channel,37120.354569548916,nT
2026-04-09T17:35:00.000Z,KSU1,X,variation,channel,37120.55913901465,nT
2026-04-09T17:36:00.000Z,KSU1,X,variation,channel,37120.31393033371,nT
2026-04-09T17:37:00.000Z,KSU1,X,variation,channel,37120.63071922122,nT
2026-04-09T17:38:00.000Z,KSU1,X,variation,channel,37120.582327106546,nT
2026-04-09T17:39:00.000Z,KSU1,X,variation,channel,37120.56658551392,nT
2026-04-09T17:40:00.000Z,KSU1,X,variation,channel,37120.22547300878,nT
2026-04-09T17:41:00.000Z,KSU1,X,variation,channel,37120.34580140985,nT
2026-04-09T17:42:00.000Z,KSU1,X,variation,channel,37120.46012351525,nT
2026-04-09T17:43:00.000Z,KSU1,X,variation,channel,37120.45320070939,nT
2026-04-09T17:44:00.000Z,KSU1,X,variation,channel,37120.68257561641,nT
2026-04-09T17:45:00.000Z,KSU1,X,variation,channel,37120.48469873076,nT
2026-04-09T17:46:00.000Z,KSU1,X,variation,channel,37120.422253630466,nT
2026-04-09T17:47:00.000Z,KSU1,X,variation,channel,37120.49466292134,nT
2026-04-09T17:48:00.000Z,KSU1,X,variation,channel,37120.76788979016,nT
2026-04-09T17:49:00.000Z,KSU1,X,variation,channel,37120.380129917656,nT
2026-04-09T17:50:00.000Z,KSU1,X,variation,channel,37120.11617071993,nT
2026-04-09T17:51:00.000Z,KSU1,X,variation,channel,37120.30446300671,nT
2026-04-09T17:52:00.000Z,KSU1,X,variation,channel,37119.573993307065,nT
2026-04-09T17:53:00.000Z,KSU1,X,variation,channel,37118.87929260207,nT
2026-04-09T17:54:00.000Z,KSU1,X,variation,channel,37118.15375832668,nT
2026-04-09T17:55:00.000Z,KSU1,X,variation,channel,37117.81905614281,nT
2026-04-09T17:56:00.000Z,KSU1,X,variation,channel,37117.58658218882,nT
2026-04-09T17:57:00.000Z,KSU1,X,variation,channel,37117.411130864224,nT
2026-04-09T17:58:00.000Z,KSU1,X,variation,channel,37116.52987680798,nT
2026-04-09T17:59:00.000Z,KSU1,X,variation,channel,37116.49369963454,nT
2026-04-09T18:00:00.000Z,KSU1,X,variation,channel,37116.18732205129,nT
2026-04-09T18:01:00.000Z,KSU1,X,variation,channel,37115.47571348827,nT
2026-04-09T18:02:00.000Z,KSU1,X,variation,channel,37115.62798826687,nT
2026-04-09T18:03:00.000Z,KSU1,X,variation,channel,37115.34870934557,nT
2026-04-09T18:04:00.000Z,KSU1,X,variation,channel,37115.63352376923,nT
2026-04-09T18:05:00.000Z,KSU1,X,variation,channel,37116.00460981823,nT
2026-04-09T18:06:00.000Z,KSU1,X,variation,channel,37116.11329021342,nT
2026-04-09T18:07:00.000Z,KSU1,X,variation,channel,37115.916100083414,nT
2026-04-09T18:08:00.000Z,KSU1,X,variation,channel,37115.66279605321,nT
2026-04-09T18:09:00.000Z,KSU1,X,variation,channel,37115.79513029652,nT
2026-04-09T18:10:00.000Z,KSU1,X,variation,channel,37115.78295714836,nT
2026-04-09T18:11:00.000Z,KSU1,X,variation,channel,37115.89511114417,nT
2026-04-09T18:12:00.000Z,KSU1,X,variation,channel,37115.426159043585,nT
2026-04-09T18:13:00.000Z,KSU1,X,variation,channel,37114.8489402723,nT
2026-04-09T18:14:00.000Z,KSU1,X,variation,channel,37115.35089481378,nT
2026-04-09T18:15:00.000Z,KSU1,X,variation,channel,37115.83116793614,nT
2026-04-09T18:16:00.000Z,KSU1,X,variation,channel,37116.177524375074,nT
2026-04-09T18:17:00.000Z,KSU1,X,variation,channel,37116.78487624482,nT
2026-04-09T18:18:00.000Z,KSU1,X,variation,channel,37117.467123188835,nT
2026-04-09T18:19:00.000Z,KSU1,X,variation,channel,37117.45761084099,nT
2026-04-09T18:20:00.000Z,KSU1,X,variation,channel,37117.99388424472,nT
2026-04-09T18:21:00.000Z,KSU1,X,variation,channel,37118.70507999569,nT
2026-04-09T18:22:00.000Z,KSU1,X,variation,channel,37119.695456127294,nT
2026-04-09T18:23:00.000Z,KSU1,X,variation,channel,37120.36300038505,nT
2026-04-09T18:24:00.000Z,KSU1,X,variation,channel,37120.48093471747,nT
2026-04-09T18:25:00.000Z,KSU1,X,variation,channel,37120.35359414595,nT
2026-04-09T18:26:00.000Z,KSU1,X,variation,channel,37120.350311653194,nT
2026-04-09T18:27:00.000Z,KSU1,X,variation,channel,37120.08904723655,nT
2026-04-09T18:28:00.000Z,KSU1,X,variation,channel,37120.69359572056,nT
2026-04-09T18:29:00.000Z,KSU1,X,variation,channel,37121.64594694022,nT
2026-04-09T18:30:00.000Z,KSU1,X,variation,channel,37120.62564827305,nT
2026-04-09T18:31:00.000Z,KSU1,X,variation,channel,37121.445455025445,nT
2026-04-09T18:32:00.000Z,KSU1,X,variation,channel,37122.49477688944,nT
2026-04-09T18:33:00.000Z,KSU1,X,variation,channel,37123.53039661625,nT
2026-04-09T18:34:00.000Z,KSU1,X,variation,channel,37124.19631866615,nT
2026-04-09T18:35:00.000Z,KSU1,X,variation,channel,37124.12899875218,nT
2026-04-09T18:36:00.000Z,KSU1,X,variation,channel,37124.520271854046,nT
2026-04-09T18:37:00.000Z,KSU1,X,variation,channel,37125.091122406506,nT
2026-04-09T18:38:00.000Z,KSU1,X,variation,channel,37125.26425494061,nT
2026-04-09T18:39:00.000Z,KSU1,X,variation,channel,37125.09064551171,nT
2026-04-09T18:40:00.000Z,KSU1,X,variation,channel,37125.08999746412,nT
2026-04-09T18:41:00.000Z,KSU1,X,variation,channel,37124.77615993511,nT
2026-04-09T18:42:00.000Z,KSU1,X,variation,channel,37124.93875000626,nT
2026-04-09T18:43:00.000Z,KSU1,X,variation,channel,37125.2074772863,nT
2026-04-09T18:44:00.000Z,KSU1,X,variation,channel,37125.76864692364,nT
2026-04-09T18:45:00.000Z,KSU1,X,variation,channel,37126.16185756519,nT
2026-04-09T18:46:00.000Z,KSU1,X,variation,channel,37126.206463275084,nT
2026-04-09T18:47:00.000Z,KSU1,X,variation,channel,37126.184068968614,nT
2026-04-09T18:48:00.000Z,KSU1,X,variation,channel,37126.651585518055,nT
2026-04-09T18:49:00.000Z,KSU1,X,variation,channel,37126.2031877021,nT
2026-04-09T18:50:00.000Z,KSU1,X,variation,channel,37125.91178633464,nT
2026-04-09T18:51:00.000Z,KSU1,X,variation,channel,37125.4968029672,nT
2026-04-09T18:52:00.000Z,KSU1,X,variation,channel,37125.40145555271,nT
2026-04-09T18:53:00.000Z,KSU1,X,variation,channel,37125.986052444605,nT
2026-04-09T18:54:00.000Z,KSU1,X,variation,channel,37126.38656099371,nT
2026-04-09T18:55:00.000Z,KSU1,X,variation,channel,37126.30089658542,nT
2026-04-09T18:56:00.000Z,KSU1,X,variation,channel,37126.55502818512,nT
2026-04-09T18:57:00.000Z,KSU1,X,variation,channel,37126.97121060233,nT
2026-04-09T18:58:00.000Z,KSU1,X,variation,channel,37127.18583609887,nT
2026-04-09T18:59:00.000Z,KSU1,X,variation,channel,37126.99606382437,nT
2026-04-09T19:00:00.000Z,KSU1,X,variation,channel,37127.31900509676,nT
2026-04-09T19:01:00.000Z,KSU1,X,variation,channel,37127.709296184374,nT
2026-04-09T19:02:00.000Z,KSU1,X,variation,channel,37128.49798084398,nT
2026-04-09T19:03:00.000Z,KSU1,X,variation,channel,37128.5307270307,nT
2026-04-09T19:04:00.000Z,KSU1,X,variation,channel,37128.494024074615,nT
2026-04-09T19:05:00.000Z,KSU1,X,variation,channel,37129.09864247771,nT
2026-04-09T19:06:00.000Z,KSU1,X,variation,channel,37129.169788292726,nT
2026-04-09T19:07:00.000Z,KSU1,X,variation,channel,37128.64698937726,nT
2026-04-09T19:08:00.000Z,KSU1,X,variation,channel,37127.773172688496,nT
2026-04-09T19:09:00.000Z,KSU1,X,variation,channel,37127.470962769294,nT
2026-04-09T19:10:00.000Z,KSU1,X,variation,channel,37126.633177282376,nT
2026-04-09T19:11:00.000Z,KSU1,X,variation,channel,37125.96696312531,nT
2026-04-09T19:12:00.000Z,KSU1,X,variation,channel,37125.566838270606,nT
2026-04-09T19:13:00.000Z,KSU1,X,variation,channel,37125.39242819877,nT
2026-04-09T19:14:00.000Z,KSU1,X,variation,channel,37125.49647704761,nT
2026-04-09T19:15:00.000Z,KSU1,X,variation,channel,37125.26293768425,nT
2026-04-09T19:16:00.000Z,KSU1,X,variation,channel,37124.933630040905,nT
2026-04-09T19:17:00.000Z,KSU1,X,variation,channel,37125.020548822955,nT
2026-04-09T19:18:00.000Z,KSU1,X,variation,channel,37125.034595874284,nT
2026-04-09T19:19:00.000Z,KSU1,X,variation,channel,37124.72205366377,nT
2026-04-09T19:20:00.000Z,KSU1,X,variation,channel,37124.43497297059,nT
2026-04-09T19:21:00.000Z,KSU1,X,variation,channel,37124.13450687473,nT
2026-04-09T19:22:00.000Z,KSU1,X,variation,channel,37124.779590417806,nT
2026-04-09T19:23:00.000Z,KSU1,X,variation,channel,37124.844198023915,nT
2026-04-09T19:24:00.000Z,KSU1,X,variation,channel,37124.333960098666,nT
2026-04-09T19:25:00.000Z,KSU1,X,variation,channel,37123.81904339363,nT
2026-04-09T19:26:00.000Z,KSU1,X,variation,channel,37123.80532046574,nT
2026-04-09T19:27:00.000Z,KSU1,X,variation,channel,37123.39677530442,nT
2026-04-09T19:28:00.000Z,KSU1,X,variation,channel,37123.37970392998,nT
2026-04-09T19:29:00.000Z,KSU1,X,variation,channel,37123.99899714156,nT
2026-04-09T19:30:00.000Z,KSU1,X,variation,channel,37124.85334672494,nT
2026-04-09T19:31:00.000Z,KSU1,X,variation,channel,37124.74608482533,nT
2026-04-09T19:32:00.000Z,KSU1,X,variation,channel,37124.07812680519,nT
2026-04-09T19:33:00.000Z,KSU1,X,variation,channel,37123.798671250544,nT
2026-04-09T19:34:00.000Z,KSU1,X,variation,channel,37124.28904778345,nT
2026-04-09T19:35:00.000Z,KSU1,X,variation,channel,37124.7016437753,nT
2026-04-09T19:36:00.000Z,KSU1,X,variation,channel,37124.727577673075,nT
2026-04-09T19:37:00.000Z,KSU1,X,variation,channel,37124.47722034871,nT
2026-04-09T19:38:00.000Z,KSU1,X,variation,channel,37124.4856523933,nT
2026-04-09T19:39:00.000Z,KSU1,X,variation,channel,37123.912038431954,nT
2026-04-09T19:40:00.000Z,KSU1,X,variation,channel,37123.538497980866,nT
2026-04-09T19:41:00.000Z,KSU1,X,variation,channel,37122.74869570875,nT
2026-04-09T19:42:00.000Z,KSU1,X,variation,channel,37122.563307798526,nT
2026-04-09T19:43:00.000Z,KSU1,X,variation,channel,37122.9268313741,nT
2026-04-09T19:44:00.000Z,KSU1,X,variation,channel,37123.13555731197,nT
2026-04-09T19:45:00.000Z,KSU1,X,variation,channel,37122.99470625636,nT
2026-04-09T19:46:00.000Z,KSU1,X,variation,channel,37122.75559294611,nT
2026-04-09T19:47:00.000Z,KSU1,X,variation,channel,37121.86377578849,nT
2026-04-09T19:48:00.000Z,KSU1,X,variation,channel,37121.32294206428,nT
2026-04-09T19:49:00.000Z,KSU1,X,variation,channel,37120.45084358481,nT
2026-04-09T19:50:00.000Z,KSU1,X,variation,channel,37120.006280403584,nT
2026-04-09T19:51:00.000Z,KSU1,X,variation,channel,37121.26688319066,nT
2026-04-09T19:52:00.000Z,KSU1,X,variation,channel,37121.9561088979,nT
2026-04-09T19:53:00.000Z,KSU1,X,variation,channel,37121.61000461823,nT
2026-04-09T19:54:00.000Z,KSU1,X,variation,channel,37121.90094340911,nT
2026-04-09T19:55:00.000Z,KSU1,X,variation,channel,37121.69813938474,nT
2026-04-09T19:56:00.000Z,KSU1,X,variation,channel,37121.209780575875,nT
2026-04-09T19:57:00.000Z,KSU1,X,variation,channel,37120.606878680104,nT
2026-04-09T19:58:00.000Z,KSU1,X,variation,channel,37120.765487454,nT
2026-04-09T19:59:00.000Z,KSU1,X,variation,channel,37121.48553471338,nT
2026-04-09T20:00:00.000Z,KSU1,X,variation,channel,37121.88455125961,nT
2026-04-09T20:01:00.000Z,KSU1,X,variation,channel,37122.475499944456,nT
2026-04-09T20:02:00.000Z,KSU1,X,variation,channel,37122.97455776725,nT
2026-04-09T20:03:00.000Z,KSU1,X,variation,channel,37123.136290650335,nT
2026-04-09T20:04:00.000Z,KSU1,X,variation,channel,37123.26857834922,nT
2026-04-09T20:05:00.000Z,KSU1,X,variation,channel,37123.47939465839,nT
2026-04-09T20:06:00.000Z,KSU1,X,variation,channel,37124.41520716183,nT
2026-04-09T20:07:00.000Z,KSU1,X,variation,channel,37124.99292869095,nT
2026-04-09T20:08:00.000Z,KSU1,X,variation,channel,37125.58279816335,nT
2026-04-09T20:09:00.000Z,KSU1,X,variation,channel,37126.254315395556,nT
2026-04-09T20:10:00.000Z,KSU1,X,variation,channel,37127.05565730278,nT
2026-04-09T20:11:00.000Z,KSU1,X,variation,channel,37126.71568464652,nT
2026-04-09T20:12:00.000Z,KSU1,X,variation,channel,37127.50000147227,nT
2026-04-09T20:13:00.000Z,KSU1,X,variation,channel,37127.81384632403,nT
2026-04-09T20:14:00.000Z,KSU1,X,variation,channel,37127.92061967735,nT
2026-04-09T20:15:00.000Z,KSU1,X,variation,channel,37128.193874218174,nT
2026-04-09T20:16:00.000Z,KSU1,X,variation,channel,37128.054600221665,nT
2026-04-09T20:17:00.000Z,KSU1,X,variation,channel,37127.2746523191,nT
2026-04-09T20:18:00.000Z,KSU1,X,variation,channel,37126.88788762893,nT
2026-04-09T20:19:00.000Z,KSU1,X,variation,channel,37126.79326814365,nT
2026-04-09T20:20:00.000Z,KSU1,X,variation,channel,37126.2951750323,nT
2026-04-09T20:21:00.000Z,KSU1,X,variation,channel,37125.924190648104,nT
2026-04-09T20:22:00.000Z,KSU1,X,variation,channel,37125.692519237724,nT
2026-04-09T20:23:00.000Z,KSU1,X,variation,channel,37132.536319994295,nT
2026-04-09T20:24:00.000Z,KSU1,X,variation,channel,37133.74627920264,nT
2026-04-09T20:25:00.000Z,KSU1,X,variation,channel,37133.57934056545,nT
2026-04-09T20:26:00.000Z,KSU1,X,variation,channel,37133.80770935452,nT
2026-04-09T20:27:00.000Z,KSU1,X,variation,channel,37132.847713463736,nT
2026-04-09T20:28:00.000Z,KSU1,X,variation,channel,37132.24061485876,nT
2026-04-09T20:29:00.000Z,KSU1,X,variation,channel,37131.57409217434,nT
2026-04-09T20:30:00.000Z,KSU1,X,variation,channel,37131.50310951069,nT
2026-04-09T20:31:00.000Z,KSU1,X,variation,channel,37131.726330609294,nT
2026-04-09T20:32:00.000Z,KSU1,X,variation,channel,37131.94564345293,nT
2026-04-09T20:33:00.000Z,KSU1,X,variation,channel,37132.38178383164,nT
2026-04-09T20:34:00.000Z,KSU1,X,variation,channel,37132.9606515599,nT
2026-04-09T20:35:00.000Z,KSU1,X,variation,channel,37133.127605057074,nT
2026-04-09T20:36:00.000Z,KSU1,X,variation,channel,37133.233827635166,nT
2026-04-09T20:37:00.000Z,KSU1,X,variation,channel,37133.217332941516,nT
2026-04-09T20:38:00.000Z,KSU1,X,variation,channel,37133.52251201,nT
2026-04-09T20:39:00.000Z,KSU1,X,variation,channel,37134.3998031222,nT
2026-04-09T20:40:00.000Z,KSU1,X,variation,channel,37135.046708437825,nT
2026-04-09T20:41:00.000Z,KSU1,X,variation,channel,37135.528436983084,nT
2026-04-09T20:42:00.000Z,KSU1,X,variation,channel,37135.60115866447,nT
2026-04-09T20:43:00.000Z,KSU1,X,variation,channel,37136.440781510624,nT
2026-04-09T20:44:00.000Z,KSU1,X,variation,channel,37136.292756422175,nT
2026-04-09T20:45:00.000Z,KSU1,X,variation,channel,37136.52417419424,nT
2026-04-09T20:46:00.000Z,KSU1,X,variation,channel,37136.964285689406,nT
2026-04-09T20:47:00.000Z,KSU1,X,variation,channel,37136.7057093376,nT
2026-04-09T20:48:00.000Z,KSU1,X,variation,channel,37136.979587517664,nT
2026-04-09T20:49:00.000Z,KSU1,X,variation,channel,37136.80541461558,nT
2026-04-09T20:50:00.000Z,KSU1,X,variation,channel,37131.87622345087,nT
2026-04-09T20:51:00.000Z,KSU1,X,variation,channel,37130.9848271019,nT
2026-04-09T20:52:00.000Z,KSU1,X,variation,channel,37131.72763338174,nT
2026-04-09T20:53:00.000Z,KSU1,X,variation,channel,37132.66132388952,nT
2026-04-09T20:54:00.000Z,KSU1,X,variation,channel,37132.847954053286,nT
2026-04-09T20:55:00.000Z,KSU1,X,variation,channel,37133.134841936364,nT
2026-04-09T20:56:00.000Z,KSU1,X,variation,channel,37132.776459076405,nT
2026-04-09T20:57:00.000Z,KSU1,X,variation,channel,37132.62884458384,nT
2026-04-09T20:58:00.000Z,KSU1,X,variation,channel,37132.84029700383,nT
2026-04-09T20:59:00.000Z,KSU1,X,variation,channel,37133.42006933638,nT
2026-04-09T21:00:00.000Z,KSU1,X,variation,channel,37134.64856745511,nT
2026-04-09T21:01:00.000Z,KSU1,X,variation,channel,37136.378596822695,nT
2026-04-09T21:02:00.000Z,KSU1,X,variation,channel,37137.10069169907,nT
2026-04-09T21:03:00.000Z,KSU1,X,variation,channel,37137.349686909234,nT
2026-04-09T21:04:00.000Z,KSU1,X,variation,channel,37137.661348314905,nT
2026-04-09T21:05:00.000Z,KSU1,X,variation,channel,37137.00665616907,nT
2026-04-09T21:06:00.000Z,KSU1,X,variation,channel,37137.99895133222,nT
2026-04-09T21:07:00.000Z,KSU1,X,variation,channel,37139.038328683695,nT
2026-04-09T21:08:00.000Z,KSU1,X,variation,channel,37138.696208865804,nT
2026-04-09T21:09:00.000Z,KSU1,X,variation,channel,37138.906388101364,nT
2026-04-09T21:10:00.000Z,KSU1,X,variation,channel,37138.4046146342,nT
2026-04-09T21:11:00.000Z,KSU1,X,variation,channel,37138.741128083406,nT
2026-04-09T21:12:00.000Z,KSU1,X,variation,channel,37138.97385882657,nT
2026-04-09T21:13:00.000Z,KSU1,X,variation,channel,37139.1054645419,nT
2026-04-09T21:14:00.000Z,KSU1,X,variation,channel,37138.54246045194,nT
2026-04-09T21:15:00.000Z,KSU1,X,variation,channel,37138.70183612111,nT
2026-04-09T21:16:00.000Z,KSU1,X,variation,channel,37138.7229356329,nT
2026-04-09T21:17:00.000Z,KSU1,X,variation,channel,37138.563905751515,nT
2026-04-09T21:18:00.000Z,KSU1,X,variation,channel,37138.95165906511,nT
2026-04-09T21:19:00.000Z,KSU1,X,variation,channel,37138.93833490275,nT
2026-04-09T21:20:00.000Z,KSU1,X,variation,channel,37138.55182796905,nT
2026-04-09T21:21:00.000Z,KSU1,X,variation,channel,37138.71308996406,nT
2026-04-09T21:22:00.000Z,KSU1,X,variation,channel,37138.50726069262,nT
2026-04-09T21:23:00.000Z,KSU1,X,variation,channel,37138.918551684146,nT
2026-04-09T21:24:00.000Z,KSU1,X,variation,channel,37138.59334463139,nT
2026-04-09T21:25:00.000Z,KSU1,X,variation,channel,37138.15604668484,nT
2026-04-09T21:26:00.000Z,KSU1,X,variation,channel,37138.0331442811,nT
2026-04-09T21:27:00.000Z,KSU1,X,variation,channel,37137.37904322704,nT
2026-04-09T21:28:00.000Z,KSU1,X,variation,channel,37136.727639818324,nT
2026-04-09T21:29:00.000Z,KSU1,X,variation,channel,37136.135722988605,nT
2026-04-09T21:30:00.000Z,KSU1,X,variation,channel,37135.71557145054,nT
2026-04-09T21:31:00.000Z,KSU1,X,variation,channel,37135.65142434902,nT
2026-04-09T21:32:00.000Z,KSU1,X,variation,channel,37135.795444372,nT
2026-04-09T21:33:00.000Z,KSU1,X,variation,channel,37136.06441812849,nT
2026-04-09T21:34:00.000Z,KSU1,X,variation,channel,37136.008775615344,nT
2026-04-09T21:35:00.000Z,KSU1,X,variation,channel,37135.83677940551,nT
2026-04-09T21:36:00.000Z,KSU1,X,variation,channel,37135.23574405388,nT
2026-04-09T21:37:00.000Z,KSU1,X,variation,channel,37134.949122921185,nT
2026-04-09T21:38:00.000Z,KSU1,X,variation,channel,37135.076423497216,nT
2026-04-09T21:39:00.000Z,KSU1,X,variation,channel,37135.266006376136,nT
2026-04-09T21:40:00.000Z,KSU1,X,variation,channel,37135.18679065336,nT
2026-04-09T21:41:00.000Z,KSU1,X,variation,channel,37134.89354539532,nT
2026-04-09T21:42:00.000Z,KSU1,X,variation,channel,37134.333292624695,nT
2026-04-09T21:43:00.000Z,KSU1,X,variation,channel,37133.83335543779,nT
2026-04-09T21:44:00.000Z,KSU1,X,variation,channel,37133.91620471817,nT
2026-04-09T21:45:00.000Z,KSU1,X,variation,channel,37134.06094033841,nT
2026-04-09T21:46:00.000Z,KSU1,X,variation,channel,37133.7118826385,nT
2026-04-09T21:47:00.000Z,KSU1,X,variation,channel,37133.387222204736,nT
2026-04-09T21:48:00.000Z,KSU1,X,variation,channel,37133.67731279428,nT
2026-04-09T21:49:00.000Z,KSU1,X,variation,channel,37134.165345607544,nT
2026-04-09T21:50:00.000Z,KSU1,X,variation,channel,37134.834167338246,nT
2026-04-09T21:51:00.000Z,KSU1,X,variation,channel,37135.21158265347,nT
2026-04-09T21:52:00.000Z,KSU1,X,variation,channel,37135.40428063302,nT
2026-04-09T21:53:00.000Z,KSU1,X,variation,channel,37135.51981501314,nT
2026-04-09T21:54:00.000Z,KSU1,X,variation,channel,37135.98091012238,nT
2026-04-09T21:55:00.000Z,KSU1,X,variation,channel,37136.97288065987,nT
2026-04-09T21:56:00.000Z,KSU1,X,variation,channel,37137.16924649984,nT
2026-04-09T21:57:00.000Z,KSU1,X,variation,channel,37137.26186598458,nT
2026-04-09T21:58:00.000Z,KSU1,X,variation,channel,37137.56788271793,nT
2026-04-09T21:59:00.000Z,KSU1,X,variation,channel,37138.31250458339,nT
2026-04-09T22:00:00.000Z,KSU1,X,variation,channel,37138.94736799252,nT
2026-04-09T22:01:00.000Z,KSU1,X,variation,channel,37140.0338796551,nT
2026-04-09T22:02:00.000Z,KSU1,X,variation,channel,37141.20445222336,nT
2026-04-09T22:03:00.000Z,KSU1,X,variation,channel,37142.122825239014,nT
2026-04-09T22:04:00.000Z,KSU1,X,variation,channel,37142.64102838245,nT
2026-04-09T22:05:00.000Z,KSU1,X,variation,channel,37143.27403918014,nT
2026-04-09T22:06:00.000Z,KSU1,X,variation,channel,37143.66049628203,nT
2026-04-09T22:07:00.000Z,KSU1,X,variation,channel,37144.72645480675,nT
2026-04-09T22:08:00.000Z,KSU1,X,variation,channel,37145.89973372804,nT
2026-04-09T22:09:00.000Z,KSU1,X,variation,channel,37146.92874174989,nT
2026-04-09T22:10:00.000Z,KSU1,X,variation,channel,37147.95769100455,nT
2026-04-09T22:11:00.000Z,KSU1,X,variation,channel,37147.56786885464,nT
2026-04-09T22:12:00.000Z,KSU1,X,variation,channel,37146.93662730675,nT
2026-04-09T22:13:00.000Z,KSU1,X,variation,channel,37146.346674583045,nT
2026-04-09T22:14:00.000Z,KSU1,X,variation,channel,37145.77037290743,nT
2026-04-09T22:15:00.000Z,KSU1,X,variation,channel,37145.00290594709,nT
2026-04-09T22:16:00.000Z,KSU1,X,variation,channel,37144.45451442261,nT
2026-04-09T22:17:00.000Z,KSU1,X,variation,channel,37143.54667767597,nT
2026-04-09T22:18:00.000Z,KSU1,X,variation,channel,37144.23066655529,nT
2026-04-09T22:19:00.000Z,KSU1,X,variation,channel,37145.03398143516,nT
2026-04-09T22:20:00.000Z,KSU1,X,variation,channel,37145.51523215991,nT
2026-04-09T22:21:00.000Z,KSU1,X,variation,channel,37145.423210526315,nT
2026-04-09T22:22:00.000Z,KSU1,X,variation,channel,37145.363653033804,nT
2026-04-09T22:23:00.000Z,KSU1,X,variation,channel,37145.29606357293,nT
2026-04-09T22:24:00.000Z,KSU1,X,variation,channel,37145.44661500988,nT
2026-04-09T22:25:00.000Z,KSU1,X,variation,channel,37146.13481919371,nT
2026-04-09T22:26:00.000Z,KSU1,X,variation,channel,37146.43812747786,nT
2026-04-09T22:27:00.000Z,KSU1,X,variation,channel,37145.3719199123,nT
2026-04-09T22:28:00.000Z,KSU1,X,variation,channel,37144.842617385155,nT
2026-04-09T22:29:00.000Z,KSU1,X,variation,channel,37145.215741656226,nT
2026-04-09T22:30:00.000Z,KSU1,X,variation,channel,37145.71677867387,nT
2026-04-09T22:31:00.000Z,KSU1,X,variation,channel,37146.59974449555,nT
2026-04-09T22:32:00.000Z,KSU1,X,variation,channel,37147.13483162176,nT
2026-04-09T22:33:00.000Z,KSU1,X,variation,channel,37147.79313089985,nT
2026-04-09T22:34:00.000Z,KSU1,X,variation,channel,37147.124953685496,nT
2026-04-09T22:35:00.000Z,KSU1,X,variation,channel,37147.52655154582,nT
2026-04-09T22:36:00.000Z,KSU1,X,variation,channel,37147.65512817716,nT
2026-04-09T22:37:00.000Z,KSU1,X,variation,channel,37148.12298977843,nT
2026-04-09T22:38:00.000Z,KSU1,X,variation,channel,37148.1170399905,nT
2026-04-09T22:39:00.000Z,KSU1,X,variation,channel,37148.40274756248,nT
2026-04-09T22:40:00.000Z,KSU1,X,variation,channel,37148.725723207775,nT
2026-04-09T22:41:00.000Z,KSU1,X,variation,channel,37148.81459783634,nT
2026-04-09T22:42:00.000Z,KSU1,X,variation,channel,37148.588624974815,nT
2026-04-09T22:43:00.000Z,KSU1,X,variation,channel,37149.04859358459,nT
2026-04-09T22:44:00.000Z,KSU1,X,variation,channel,37148.78058437397,nT
2026-04-09T22:45:00.000Z,KSU1,X,variation,channel,37149.185457542146,nT
2026-04-09T22:46:00.000Z,KSU1,X,variation,channel,37148.959493636095,nT
2026-04-09T22:47:00.000Z,KSU1,X,variation,channel,37149.641510364265,nT
2026-04-09T22:48:00.000Z,KSU1,X,variation,channel,37149.29631286354,nT
2026-04-09T22:49:00.000Z,KSU1,X,variation,channel,37149.72192173484,nT
2026-04-09T22:50:00.000Z,KSU1,X,variation,channel,37149.052329449245,nT
2026-04-09T22:51:00.000Z,KSU1,X,variation,channel,37148.86533778723,nT
2026-04-09T22:52:00.000Z,KSU1,X,variation,channel,37148.15629676932,nT
2026-04-09T22:53:00.000Z,KSU1,X,variation,channel,37148.47637452038,nT
2026-04-09T22:54:00.000Z,KSU1,X,variation,channel,37148.62338404467,nT
2026-04-09T22:55:00.000Z,KSU1,X,variation,channel,37148.40804259255,nT
2026-04-09T22:56:00.000Z,KSU1,X,variation,channel,37148.709279418086,nT
2026-04-09T22:57:00.000Z,KSU1,X,variation,channel,37148.93607958724,nT
2026-04-09T22:58:00.000Z,KSU1,X,variation,channel,37149.45325079554,nT
2026-04-09T22:59:00.000Z,KSU1,X,variation,channel,37150.040039376916,nT
2026-04-09T23:00:00.000Z,KSU1,X,variation,channel,37150.247203066836,nT
2026-04-09T23:01:00.000Z,KSU1,X,variation,channel,37150.370055672494,nT
2026-04-09T23:02:00.000Z,KSU1,X,variation,channel,37150.09044292067,nT
2026-04-09T23:03:00.000Z,KSU1,X,variation,channel,37149.57348103736,nT
2026-04-09T23:04:00.000Z,KSU1,X,variation,channel,37149.06368568168,nT
2026-04-09T23:05:00.000Z,KSU1,X,variation,channel,37147.2980222995,nT
2026-04-09T23:06:00.000Z,KSU1,X,variation,channel,37145.866867589044,nT
2026-04-09T23:07:00.000Z,KSU1,X,variation,channel,37145.152700401995,nT
2026-04-09T23:08:00.000Z,KSU1,X,variation,channel,37144.98596105357,nT
2026-04-09T23:09:00.000Z,KSU1,X,variation,channel,37145.503625115416,nT
2026-04-09T23:10:00.000Z,KSU1,X,variation,channel,37145.52095383198,nT
2026-04-09T23:11:00.000Z,KSU1,X,variation,channel,37144.45816381817,nT
2026-04-09T23:12:00.000Z,KSU1,X,variation,channel,37143.94006225374,nT
2026-04-09T23:13:00.000Z,KSU1,X,variation,channel,37143.50417817001,nT
2026-04-09T23:14:00.000Z,KSU1,X,variation,channel,37142.805863663474,nT
2026-04-09T23:15:00.000Z,KSU1,X,variation,channel,37141.68819558726,nT
2026-04-09T23:16:00.000Z,KSU1,X,variation,channel,37141.41752824992,nT
2026-04-09T23:17:00.000Z,KSU1,X,variation,channel,37141.56888351232,nT
2026-04-09T23:18:00.000Z,KSU1,X,variation,channel,37142.02418120345,nT
2026-04-09T23:19:00.000Z,KSU1,X,variation,channel,37141.902046447074,nT
2026-04-09T23:20:00.000Z,KSU1,X,variation,channel,37141.41306258366,nT
2026-04-09T23:21:00.000Z,KSU1,X,variation,channel,37140.71727501597,nT
2026-04-09T23:22:00.000Z,KSU1,X,variation,channel,37139.60383524827,nT
2026-04-09T23:23:00.000Z,KSU1,X,variation,channel,37138.02825473102,nT
2026-04-09T23:24:00.000Z,KSU1,X,variation,channel,37137.18795066587,nT
2026-04-09T23:25:00.000Z,KSU1,X,variation,channel,37135.3970040426,nT
2026-04-09T23:26:00.000Z,KSU1,X,variation,channel,37134.73916620355,nT
2026-04-09T23:27:00.000Z,KSU1,X,variation,channel,37135.213988816715,nT
2026-04-09T23:28:00.000Z,KSU1,X,variation,channel,37135.00563995656,nT
2026-04-09T23:29:00.000Z,KSU1,X,variation,channel,37133.9113095805,nT
2026-04-09T23:30:00.000Z,KSU1,X,variation,channel,37133.38626614317,nT
2026-04-09T23:31:00.000Z,KSU1,X,variation,channel,37133.035537693184,nT
2026-04-09T23:32:00.000Z,KSU1,X,variation,channel,37133.62108510934,nT
2026-04-09T23:33:00.000Z,KSU1,X,variation,channel,37133.896112617265,nT
2026-04-09T23:34:00.000Z,KSU1,X,variation,channel,37134.18001804919,nT
2026-04-09T23:35:00.000Z,KSU1,X,variation,channel,37134.67373433185,nT
2026-04-09T23:36:00.000Z,KSU1,X,variation,channel,37134.87939691397,nT
2026-04-09T23:37:00.000Z,KSU1,X,variation,channel,37134.84353463468,nT
2026-04-09T23:38:00.000Z,KSU1,X,variation,channel,37135.019860751985,nT
2026-04-09T23:39:00.000Z,KSU1,X,variation,channel,37135.182089655544,nT
2026-04-09T23:40:00.000Z,KSU1,X,variation,channel,37134.80525558455,nT
2026-04-09T23:41:00.000Z,KSU1,X,variation,channel,37135.25250090038,nT
2026-04-09T23:42:00.000Z,KSU1,X,variation,channel,37135.959141663865,nT
2026-04-09T23:43:00.000Z,KSU1,X,variation,channel,37136.36053514773,nT
2026-04-09T23:44:00.000Z,KSU1,X,variation,channel,37137.5822596723,nT
2026-04-09T23:45:00.000Z,KSU1,X,variation,channel,37138.74406725248,nT
2026-04-09T23:46:00.000Z,KSU1,X,variation,channel,37139.78015892116,nT
2026-04-09T23:47:00.000Z,KSU1,X,variation,channel,37140.507951461266,nT
2026-04-09T23:48:00.000Z,KSU1,X,variation,channel,37140.944945698415,nT
2026-04-09T23:49:00.000Z,KSU1,X,variation,channel,37141.35889474939,nT
2026-04-09T23:50:00.000Z,KSU1,X,variation,channel,37141.92022417853,nT
2026-04-09T23:51:00.000Z,KSU1,X,variation,channel,37142.522571484464,nT
2026-04-09T23:52:00.000Z,KSU1,X,variation,channel,37142.6092927248,nT
2026-04-09T23:53:00.000Z,KSU1,X,variation,channel,37143.0947311504,nT
2026-04-09T23:54:00.000Z,KSU1,X,variation,channel,37143.15284090469,nT
2026-04-09T23:55:00.000Z,KSU1,X,variation,channel,37143.02945699712,nT
2026-04-09T23:56:00.000Z,KSU1,X,variation,channel,37142.858371345246,nT
2026-04-09T23:57:00.000Z,KSU1,X,variation,channel,37142.09318477625,nT
2026-04-09T23:58:00.000Z,KSU1,X,variation,channel,37141.29591088084,nT
2026-04-09T23:59:00.000Z,KSU1,X,variation,channel,37140.91777506927,nT
2026-04-10T00:00:00.000Z,KSU1,X,variation,channel,37140.52583126892,nT
2026-04-10T00:01:00.000Z,KSU1,X,variation,channel,37140.1398074349,nT
2026-04-10T00:02:00.000Z,KSU1,X,variation,channel,37139.989417761455,nT
2026-04-10T00:03:00.000Z,KSU1,X,variation,channel,37140.01327520414,nT
2026-04-10T00:04:00.000Z,KSU1,X,variation,channel,37140.133812937136,nT
2026-04-10T00:05:00.000Z,KSU1,X,variation,channel,37140.626347391684,nT
2026-04-10T00:06:00.000Z,KSU1,X,variation,channel,37141.04094317745,nT
2026-04-10T00:07:00.000Z,KSU1,X,variation,channel,37141.29322772205,nT
2026-04-10T00:08:00.000Z,KSU1,X,variation,channel,37141.79981988856,nT
2026-04-10T00:09:00.000Z,KSU1,X,variation,channel,37142.42550307611,nT
2026-04-10T00:10:00.000Z,KSU1,X,variation,channel,37142.99917303684,nT
2026-04-10T00:11:00.000Z,KSU1,X,variation,channel,37143.232979077344,nT
2026-04-10T00:12:00.000Z,KSU1,X,variation,channel,37143.82237794627,nT
2026-04-10T00:13:00.000Z,KSU1,X,variation,channel,37143.93196016505,nT
2026-04-10T00:14:00.000Z,KSU1,X,variation,channel,37144.17461932886,nT
2026-04-10T00:15:00.000Z,KSU1,X,variation,channel,37144.419088437484,nT
2026-04-10T00:16:00.000Z,KSU1,X,variation,channel,37144.72921814872,nT
2026-04-10T00:17:00.000Z,KSU1,X,variation,channel,37144.93661426071,nT
2026-04-10T00:18:00.000Z,KSU1,X,variation,channel,37145.24156792184,nT
2026-04-10T00:19:00.000Z,KSU1,X,variation,channel,37145.20064519838,nT
2026-04-10T00:20:00.000Z,KSU1,X,variation,channel,37145.211870421015,nT
2026-04-10T00:21:00.000Z,KSU1,X,variation,channel,37144.54312808937,nT
2026-04-10T00:22:00.000Z,KSU1,X,variation,channel,37144.356669307206,nT
2026-04-10T00:23:00.000Z,KSU1,X,variation,channel,37144.354097134004,nT
2026-04-10T00:24:00.000Z,KSU1,X,variation,channel,37143.87145098988,nT
2026-04-10T00:25:00.000Z,KSU1,X,variation,channel,37143.65613973831,nT
2026-04-10T00:26:00.000Z,KSU1,X,variation,channel,37142.97328610619,nT
2026-04-10T00:27:00.000Z,KSU1,X,variation,channel,37142.52681485846,nT
2026-04-10T00:28:00.000Z,KSU1,X,variation,channel,37141.88401985209,nT
2026-04-10T00:29:00.000Z,KSU1,X,variation,channel,37140.68264696187,nT
2026-04-10T00:30:00.000Z,KSU1,X,variation,channel,37139.86430289885,nT
2026-04-10T00:31:00.000Z,KSU1,X,variation,channel,37139.60908484102,nT
2026-04-10T00:32:00.000Z,KSU1,X,variation,channel,37139.78040097418,nT
2026-04-10T00:33:00.000Z,KSU1,X,variation,channel,37139.41594606998,nT
2026-04-10T00:34:00.000Z,KSU1,X,variation,channel,37139.028418823895,nT
2026-04-10T00:35:00.000Z,KSU1,X,variation,channel,37138.62485028618,nT
2026-04-10T00:36:00.000Z,KSU1,X,variation,channel,37137.866260024886,nT
2026-04-10T00:37:00.000Z,KSU1,X,variation,channel,37138.09729862086,nT
2026-04-10T00:38:00.000Z,KSU1,X,variation,channel,37138.40818748831,nT
2026-04-10T00:39:00.000Z,KSU1,X,variation,channel,37138.33858180077,nT
2026-04-10T00:40:00.000Z,KSU1,X,variation,channel,37138.19672616546,nT
2026-04-10T00:41:00.000Z,KSU1,X,variation,channel,37138.355552438166,nT
2026-04-10T00:42:00.000Z,KSU1,X,variation,channel,37138.257344856436,nT
2026-04-10T00:43:00.000Z,KSU1,X,variation,channel,37138.0270477336,nT
2026-04-10T00:44:00.000Z,KSU1,X,variation,channel,37137.82077228448,nT
2026-04-10T00:45:00.000Z,KSU1,X,variation,channel,37137.076912178825,nT
2026-04-10T00:46:00.000Z,KSU1,X,variation,channel,37137.1505218764,nT
2026-04-10T00:47:00.000Z,KSU1,X,variation,channel,37137.33588118616,nT
2026-04-10T00:48:00.000Z,KSU1,X,variation,channel,37138.07495076334,nT
2026-04-10T00:49:00.000Z,KSU1,X,variation,channel,37138.95752285178,nT
2026-04-10T00:50:00.000Z,KSU1,X,variation,channel,37139.87965505048,nT
2026-04-10T00:51:00.000Z,KSU1,X,variation,channel,37140.26765765755,nT
2026-04-10T00:52:00.000Z,KSU1,X,variation,channel,37140.00621297199,nT
2026-04-10T00:53:00.000Z,KSU1,X,variation,channel,37140.412474712684,nT
2026-04-10T00:54:00.000Z,KSU1,X,variation,channel,37140.575542492654,nT
2026-04-10T00:55:00.000Z,KSU1,X,variation,channel,37140.84928566545,nT
2026-04-10T00:56:00.000Z,KSU1,X,variation,channel,37141.4085413777,nT
2026-04-10T00:57:00.000Z,KSU1,X,variation,channel,37141.742822559565,nT
2026-04-10T00:58:00.000Z,KSU1,X,variation,channel,37141.96450086772,nT
2026-04-10T00:59:00.000Z,KSU1,X,variation,channel,37142.72472324007,nT
2026-04-10T01:00:00.000Z,KSU1,X,variation,channel,37142.86290523871,nT
2026-04-10T01:01:00.000Z,KSU1,X,variation,channel,37142.84793057945,nT
2026-04-10T01:02:00.000Z,KSU1,X,variation,channel,37143.371810146455,nT
2026-04-10T01:03:00.000Z,KSU1,X,variation,channel,37143.752961810234,nT
2026-04-10T01:04:00.000Z,KSU1,X,variation,channel,37143.643171580974,nT
2026-04-10T01:05:00.000Z,KSU1,X,variation,channel,37144.215352582585,nT
2026-04-10T01:06:00.000Z,KSU1,X,variation,channel,37144.94482390537,nT
2026-04-10T01:07:00.000Z,KSU1,X,variation,channel,37146.00102568906,nT
2026-04-10T01:08:00.000Z,KSU1,X,variation,channel,37146.834704617526,nT
2026-04-10T01:09:00.000Z,KSU1,X,variation,channel,37148.18861217186,nT
2026-04-10T01:10:00.000Z,KSU1,X,variation,channel,37149.06385818714,nT
2026-04-10T01:11:00.000Z,KSU1,X,variation,channel,37149.86361125136,nT
2026-04-10T01:12:00.000Z,KSU1,X,variation,channel,37150.50355314602,nT
2026-04-10T01:13:00.000Z,KSU1,X,variation,channel,37150.85856140489,nT
2026-04-10T01:14:00.000Z,KSU1,X,variation,channel,37150.07054291276,nT
2026-04-10T01:15:00.000Z,KSU1,X,variation,channel,37149.859182862616,nT
2026-04-10T01:16:00.000Z,KSU1,X,variation,channel,37149.955297647226,nT
2026-04-10T01:17:00.000Z,KSU1,X,variation,channel,37148.57439180581,nT
2026-04-10T01:18:00.000Z,KSU1,X,variation,channel,37148.48276650845,nT
2026-04-10T01:19:00.000Z,KSU1,X,variation,channel,37147.85927483503,nT
2026-04-10T01:20:00.000Z,KSU1,X,variation,channel,37147.692071000856,nT
2026-04-10T01:21:00.000Z,KSU1,X,variation,channel,37146.4694016251,nT
2026-04-10T01:22:00.000Z,KSU1,X,variation,channel,37145.56165405901,nT
2026-04-10T01:23:00.000Z,KSU1,X,variation,channel,37144.912092494335,nT
2026-04-10T01:24:00.000Z,KSU1,X,variation,channel,37144.26931691476,nT
2026-04-10T01:25:00.000Z,KSU1,X,variation,channel,37143.724994775395,nT
2026-04-10T01:26:00.000Z,KSU1,X,variation,channel,37144.21143944282,nT
2026-04-10T01:27:00.000Z,KSU1,X,variation,channel,37143.407417029055,nT
2026-04-10T01:28:00.000Z,KSU1,X,variation,channel,37142.98826068675,nT
2026-04-10T01:29:00.000Z,KSU1,X,variation,channel,37142.58273959046,nT
2026-04-10T01:30:00.000Z,KSU1,X,variation,channel,37141.712932629394,nT
2026-04-10T01:31:00.000Z,KSU1,X,variation,channel,37141.493797592884,nT
2026-04-10T01:32:00.000Z,KSU1,X,variation,channel,37141.61631614868,nT
2026-04-10T01:33:00.000Z,KSU1,X,variation,channel,37141.451065172536,nT
2026-04-10T01:34:00.000Z,KSU1,X,variation,channel,37141.04742074881,nT
2026-04-10T01:35:00.000Z,KSU1,X,variation,channel,37140.523522755386,nT
2026-04-10T01:36:00.000Z,KSU1,X,variation,channel,37139.620704276145,nT
2026-04-10T01:37:00.000Z,KSU1,X,variation,channel,37139.54278559223,nT
2026-04-10T01:38:00.000Z,KSU1,X,variation,channel,37138.04008578016,nT
2026-04-10T01:39:00.000Z,KSU1,X,variation,channel,37137.95532840036,nT
2026-04-10T01:40:00.000Z,KSU1,X,variation,channel,37136.958359270604,nT
2026-04-10T01:41:00.000Z,KSU1,X,variation,channel,37136.2413654732,nT
2026-04-10T01:42:00.000Z,KSU1,X,variation,channel,37133.91858099818,nT
2026-04-10T01:43:00.000Z,KSU1,X,variation,channel,37131.64816872493,nT
2026-04-10T01:44:00.000Z,KSU1,X,variation,channel,37129.25381738982,nT
2026-04-10T01:45:00.000Z,KSU1,X,variation,channel,37127.60205654508,nT
2026-04-10T01:46:00.000Z,KSU1,X,variation,channel,37124.8757745084,nT
2026-04-10T01:47:00.000Z,KSU1,X,variation,channel,37123.29218781986,nT
2026-04-10T01:48:00.000Z,KSU1,X,variation,channel,37122.520040196556,nT
2026-04-10T01:49:00.000Z,KSU1,X,variation,channel,37121.70238355778,nT
2026-04-10T01:50:00.000Z,KSU1,X,variation,channel,37121.12139396121,nT
2026-04-10T01:51:00.000Z,KSU1,X,variation,channel,37121.52969357688,nT
2026-04-10T01:52:00.000Z,KSU1,X,variation,channel,37122.09186382244,nT
2026-04-10T01:53:00.000Z,KSU1,X,variation,channel,37122.26789293389,nT
2026-04-10T01:54:00.000Z,KSU1,X,variation,channel,37122.80096415425,nT
2026-04-10T01:55:00.000Z,KSU1,X,variation,channel,37124.84147435285,nT
2026-04-10T01:56:00.000Z,KSU1,X,variation,channel,37125.85547702647,nT
2026-04-10T01:57:00.000Z,KSU1,X,variation,channel,37127.23336540604,nT
2026-04-10T01:58:00.000Z,KSU1,X,variation,channel,37128.92988847996,nT
2026-04-10T01:59:00.000Z,KSU1,X,variation,channel,37129.66493159315,nT
2026-04-10T02:00:00.000Z,KSU1,X,variation,channel,37130.87033694863,nT
2026-04-10T02:01:00.000Z,KSU1,X,variation,channel,37131.35425265501,nT
2026-04-10T02:02:00.000Z,KSU1,X,variation,channel,37131.771869644435,nT
2026-04-10T02:03:00.000Z,KSU1,X,variation,channel,37132.060225467816,nT
2026-04-10T02:04:00.000Z,KSU1,X,variation,channel,37131.68756947594,nT
2026-04-10T02:05:00.000Z,KSU1,X,variation,channel,37130.717492552976,nT
2026-04-10T02:06:00.000Z,KSU1,X,variation,channel,37130.7265495366,nT
2026-04-10T02:07:00.000Z,KSU1,X,variation,channel,37130.65205847656,nT
2026-04-10T02:08:00.000Z,KSU1,X,variation,channel,37130.12130846246,nT
2026-04-10T02:09:00.000Z,KSU1,X,variation,channel,37130.72042212198,nT
2026-04-10T02:10:00.000Z,KSU1,X,variation,channel,37130.72213463428,nT
2026-04-10T02:11:00.000Z,KSU1,X,variation,channel,37130.74008574214,nT
2026-04-10T02:12:00.000Z,KSU1,X,variation,channel,37131.44605819608,nT
2026-04-10T02:13:00.000Z,KSU1,X,variation,channel,37131.48600873571,nT
2026-04-10T02:14:00.000Z,KSU1,X,variation,channel,37131.58115893009,nT
2026-04-10T02:15:00.000Z,KSU1,X,variation,channel,37131.75877293317,nT
2026-04-10T02:16:00.000Z,KSU1,X,variation,channel,37132.540464821854,nT
2026-04-10T02:17:00.000Z,KSU1,X,variation,channel,37133.906650928664,nT
2026-04-10T02:18:00.000Z,KSU1,X,variation,channel,37134.263527541785,nT
2026-04-10T02:19:00.000Z,KSU1,X,variation,channel,37135.124646911994,nT
2026-04-10T02:20:00.000Z,KSU1,X,variation,channel,37136.08500735205,nT
2026-04-10T02:21:00.000Z,KSU1,X,variation,channel,37136.7419091887,nT
2026-04-10T02:22:00.000Z,KSU1,X,variation,channel,37136.99499520326,nT
2026-04-10T02:23:00.000Z,KSU1,X,variation,channel,37136.97263500508,nT
2026-04-10T02:24:00.000Z,KSU1,X,variation,channel,37137.09197166463,nT
2026-04-10T02:25:00.000Z,KSU1,X,variation,channel,37136.898514873064,nT
2026-04-10T02:26:00.000Z,KSU1,X,variation,channel,37137.355082511895,nT
2026-04-10T02:27:00.000Z,KSU1,X,variation,channel,37137.38566576949,nT
2026-04-10T02:28:00.000Z,KSU1,X,variation,channel,37136.729704727586,nT
2026-04-10T02:29:00.000Z,KSU1,X,variation,channel,37136.480581492586,nT
2026-04-10T02:30:00.000Z,KSU1,X,variation,channel,37135.93998265329,nT
2026-04-10T02:31:00.000Z,KSU1,X,variation,channel,37135.944661349764,nT
2026-04-10T02:32:00.000Z,KSU1,X,variation,channel,37135.95477346833,nT
2026-04-10T02:33:00.000Z,KSU1,X,variation,channel,37135.84527987787,nT
2026-04-10T02:34:00.000Z,KSU1,X,variation,channel,37135.36633224549,nT
2026-04-10T02:35:00.000Z,KSU1,X,variation,channel,37135.25622441081,nT
2026-04-10T02:36:00.000Z,KSU1,X,variation,channel,37134.59588710139,nT
2026-04-10T02:37:00.000Z,KSU1,X,variation,channel,37133.64855386659,nT
2026-04-10T02:38:00.000Z,KSU1,X,variation,channel,37133.180213995816,nT
2026-04-10T02:39:00.000Z,KSU1,X,variation,channel,37132.528960173266,nT
2026-04-10T02:40:00.000Z,KSU1,X,variation,channel,37132.18131141769,nT
2026-04-10T02:41:00.000Z,KSU1,X,variation,channel,37132.012769231806,nT
2026-04-10T02:42:00.000Z,KSU1,X,variation,channel,37131.304448643365,nT
2026-04-10T02:43:00.000Z,KSU1,X,variation,channel,37130.4363855292,nT
2026-04-10T02:44:00.000Z,KSU1,X,variation,channel,37129.971051593806,nT
2026-04-10T02:45:00.000Z,KSU1,X,variation,channel,37129.83170629028,nT
2026-04-10T02:46:00.000Z,KSU1,X,variation,channel,37129.656569080056,nT
2026-04-10T02:47:00.000Z,KSU1,X,variation,channel,37129.394398152224,nT
2026-04-10T02:48:00.000Z,KSU1,X,variation,channel,37129.262897241315,nT
2026-04-10T02:49:00.000Z,KSU1,X,variation,channel,37128.846818568316,nT
2026-04-10T02:50:00.000Z,KSU1,X,variation,channel,37128.33183767314,nT
2026-04-10T02:51:00.000Z,KSU1,X,variation,channel,37128.09359383321,nT
2026-04-10T02:52:00.000Z,KSU1,X,variation,channel,37128.24107669755,nT
2026-04-10T02:53:00.000Z,KSU1,X,variation,channel,37127.40697373518,nT
2026-04-10T02:54:00.000Z,KSU1,X,variation,channel,37126.64785225586,nT
2026-04-10T02:55:00.000Z,KSU1,X,variation,channel,37125.89587252451,nT
2026-04-10T02:56:00.000Z,KSU1,X,variation,channel,37125.81148748846,nT
2026-04-10T02:57:00.000Z,KSU1,X,variation,channel,37125.811480690405,nT
2026-04-10T02:58:00.000Z,KSU1,X,variation,channel,37125.54834314222,nT
2026-04-10T02:59:00.000Z,KSU1,X,variation,channel,37125.56117264998,nT
2026-04-10T03:00:00.000Z,KSU1,X,variation,channel,37125.9010153629,nT
2026-04-10T03:01:00.000Z,KSU1,X,variation,channel,37126.109041947326,nT
2026-04-10T03:02:00.000Z,KSU1,X,variation,channel,37125.10194811893,nT
2026-04-10T03:03:00.000Z,KSU1,X,variation,channel,37125.410141756605,nT
2026-04-10T03:04:00.000Z,KSU1,X,variation,channel,37126.37863548695,nT
2026-04-10T03:05:00.000Z,KSU1,X,variation,channel,37125.93991578875,nT
2026-04-10T03:06:00.000Z,KSU1,X,variation,channel,37125.31746141375,nT
2026-04-10T03:07:00.000Z,KSU1,X,variation,channel,37125.44396642874,nT
2026-04-10T03:08:00.000Z,KSU1,X,variation,channel,37125.43507918474,nT
2026-04-10T03:09:00.000Z,KSU1,X,variation,channel,37125.54995940648,nT
2026-04-10T03:10:00.000Z,KSU1,X,variation,channel,37125.69376798626,nT
2026-04-10T03:11:00.000Z,KSU1,X,variation,channel,37125.479263756686,nT
2026-04-10T03:12:00.000Z,KSU1,X,variation,channel,37125.68884661554,nT
2026-04-10T03:13:00.000Z,KSU1,X,variation,channel,37125.67020696249,nT
2026-04-10T03:14:00.000Z,KSU1,X,variation,channel,37126.35526694881,nT
2026-04-10T03:15:00.000Z,KSU1,X,variation,channel,37127.220323803005,nT
2026-04-10T03:16:00.000Z,KSU1,X,variation,channel,37127.80640380239,nT
2026-04-10T03:17:00.000Z,KSU1,X,variation,channel,37128.21152055853,nT
2026-04-10T03:18:00.000Z,KSU1,X,variation,channel,37128.35378518278,nT
2026-04-10T03:19:00.000Z,KSU1,X,variation,channel,37128.62625231636,nT
2026-04-10T03:20:00.000Z,KSU1,X,variation,channel,37129.41908675898,nT
2026-04-10T03:21:00.000Z,KSU1,X,variation,channel,37129.93957094206,nT
2026-04-10T03:22:00.000Z,KSU1,X,variation,channel,37130.089593244214,nT
2026-04-10T03:23:00.000Z,KSU1,X,variation,channel,37130.49044524758,nT
2026-04-10T03:24:00.000Z,KSU1,X,variation,channel,37130.94554298989,nT
2026-04-10T03:25:00.000Z,KSU1,X,variation,channel,37130.992619692806,nT
2026-04-10T03:26:00.000Z,KSU1,X,variation,channel,37132.033545376755,nT
2026-04-10T03:27:00.000Z,KSU1,X,variation,channel,37132.526445919044,nT
2026-04-10T03:28:00.000Z,KSU1,X,variation,channel,37133.40897138631,nT
2026-04-10T03:29:00.000Z,KSU1,X,variation,channel,37134.332864696175,nT
2026-04-10T03:30:00.000Z,KSU1,X,variation,channel,37135.67214572354,nT
2026-04-10T03:31:00.000Z,KSU1,X,variation,channel,37137.02504973799,nT
2026-04-10T03:32:00.000Z,KSU1,X,variation,channel,37137.783404738235,nT
2026-04-10T03:33:00.000Z,KSU1,X,variation,channel,37138.700938470254,nT
2026-04-10T03:34:00.000Z,KSU1,X,variation,channel,37138.98557265937,nT
2026-04-10T03:35:00.000Z,KSU1,X,variation,channel,37138.83434664675,nT
2026-04-10T03:36:00.000Z,KSU1,X,variation,channel,37138.13319340666,nT
2026-04-10T03:37:00.000Z,KSU1,X,variation,channel,37137.71540528736,nT
2026-04-10T03:38:00.000Z,KSU1,X,variation,channel,37137.23789984067,nT
2026-04-10T03:39:00.000Z,KSU1,X,variation,channel,37137.101663759015,nT
2026-04-10T03:40:00.000Z,KSU1,X,variation,channel,37137.05290357666,nT
2026-04-10T03:41:00.000Z,KSU1,X,variation,channel,37137.47276461435,nT
2026-04-10T03:42:00.000Z,KSU1,X,variation,channel,37138.089500806665,nT
2026-04-10T03:43:00.000Z,KSU1,X,variation,channel,37138.80974389198,nT
2026-04-10T03:44:00.000Z,KSU1,X,variation,channel,37139.04296504225,nT
2026-04-10T03:45:00.000Z,KSU1,X,variation,channel,37138.40002546606,nT
2026-04-10T03:46:00.000Z,KSU1,X,variation,channel,37137.54338881988,nT
2026-04-10T03:47:00.000Z,KSU1,X,variation,channel,37137.050695064536,nT
2026-04-10T03:48:00.000Z,KSU1,X,variation,channel,37136.49484739324,nT
2026-04-10T03:49:00.000Z,KSU1,X,variation,channel,37135.788462289194,nT
2026-04-10T03:50:00.000Z,KSU1,X,variation,channel,37134.731155789494,nT
2026-04-10T03:51:00.000Z,KSU1,X,variation,channel,37133.95661940499,nT
2026-04-10T03:52:00.000Z,KSU1,X,variation,channel,37133.621155177025,nT
2026-04-10T03:53:00.000Z,KSU1,X,variation,channel,37132.680022085326,nT
2026-04-10T03:54:00.000Z,KSU1,X,variation,channel,37132.198786957066,nT
2026-04-10T03:55:00.000Z,KSU1,X,variation,channel,37132.13378693695,nT
2026-04-10T03:56:00.000Z,KSU1,X,variation,channel,37131.63674455826,nT
2026-04-10T03:57:00.000Z,KSU1,X,variation,channel,37131.771725001934,nT
2026-04-10T03:58:00.000Z,KSU1,X,variation,channel,37133.76814234836,nT
2026-04-10T03:59:00.000Z,KSU1,X,variation,channel,37134.65333536924,nT
2026-04-10T04:00:00.000Z,KSU1,X,variation,channel,37136.083680770214,nT
2026-04-10T04:01:00.000Z,KSU1,X,variation,channel,37136.581665533355,nT
2026-04-10T04:02:00.000Z,KSU1,X,variation,channel,37137.078230776766,nT
2026-04-10T04:03:00.000Z,KSU1,X,variation,channel,37136.95779747732,nT
2026-04-10T04:04:00.000Z,KSU1,X,variation,channel,37136.72808500937,nT
2026-04-10T04:05:00.000Z,KSU1,X,variation,channel,37136.10186807502,nT
2026-04-10T04:06:00.000Z,KSU1,X,variation,channel,37135.490954675246,nT
2026-04-10T04:07:00.000Z,KSU1,X,variation,channel,37134.94396841262,nT
2026-04-10T04:08:00.000Z,KSU1,X,variation,channel,37134.685893133006,nT
2026-04-10T04:09:00.000Z,KSU1,X,variation,channel,37134.388521176756,nT
2026-04-10T04:10:00.000Z,KSU1,X,variation,channel,37134.22866286737,nT
2026-04-10T04:11:00.000Z,KSU1,X,variation,channel,37133.67717311912,nT
2026-04-10T04:12:00.000Z,KSU1,X,variation,channel,37133.349404358065,nT
2026-04-10T04:13:00.000Z,KSU1,X,variation,channel,37132.63394030213,nT
2026-04-10T04:14:00.000Z,KSU1,X,variation,channel,37132.17675484022,nT
2026-04-10T04:15:00.000Z,KSU1,X,variation,channel,37132.11356289253,nT
2026-04-10T04:16:00.000Z,KSU1,X,variation,channel,37131.92144233515,nT
2026-04-10T04:17:00.000Z,KSU1,X,variation,channel,37131.72897816657,nT
2026-04-10T04:18:00.000Z,KSU1,X,variation,channel,37132.18180255909,nT
2026-04-10T04:19:00.000Z,KSU1,X,variation,channel,37132.237527710386,nT
2026-04-10T04:20:00.000Z,KSU1,X,variation,channel,37131.481337006895,nT
2026-04-10T04:21:00.000Z,KSU1,X,variation,channel,37132.10113611041,nT
2026-04-10T04:22:00.000Z,KSU1,X,variation,channel,37132.55954053873,nT
2026-04-10T04:23:00.000Z,KSU1,X,variation,channel,37132.74450364399,nT
2026-04-10T04:24:00.000Z,KSU1,X,variation,channel,37132.999001009906,nT
2026-04-10T04:25:00.000Z,KSU1,X,variation,channel,37133.60486315396,nT
2026-04-10T04:26:00.000Z,KSU1,X,variation,channel,37133.610782885036,nT
2026-04-10T04:27:00.000Z,KSU1,X,variation,channel,37133.61736610583,nT
2026-04-10T04:28:00.000Z,KSU1,X,variation,channel,37133.80769622425,nT
2026-04-10T04:29:00.000Z,KSU1,X,variation,channel,37134.11279785231,nT
2026-04-10T04:30:00.000Z,KSU1,X,variation,channel,37134.16249883727,nT
2026-04-10T04:31:00.000Z,KSU1,X,variation,channel,37135.164988215765,nT
2026-04-10T04:32:00.000Z,KSU1,X,variation,channel,37135.877013824625,nT
2026-04-10T04:33:00.000Z,KSU1,X,variation,channel,37136.76488068532,nT
2026-04-10T04:34:00.000Z,KSU1,X,variation,channel,37137.621892553994,nT
2026-04-10T04:35:00.000Z,KSU1,X,variation,channel,37138.029340131834,nT
2026-04-10T04:36:00.000Z,KSU1,X,variation,channel,37138.29746279534,nT
2026-04-10T04:37:00.000Z,KSU1,X,variation,channel,37138.384955022215,nT
2026-04-10T04:38:00.000Z,KSU1,X,variation,channel,37138.5389950252,nT
2026-04-10T04:39:00.000Z,KSU1,X,variation,channel,37138.38579519682,nT
2026-04-10T04:40:00.000Z,KSU1,X,variation,channel,37138.38108214041,nT
2026-04-10T04:41:00.000Z,KSU1,X,variation,channel,37138.74783786341,nT
2026-04-10T04:42:00.000Z,KSU1,X,variation,channel,37139.694847701976,nT
2026-04-10T04:43:00.000Z,KSU1,X,variation,channel,37141.45446371157,nT
2026-04-10T04:44:00.000Z,KSU1,X,variation,channel,37142.6658743092,nT
2026-04-10T04:45:00.000Z,KSU1,X,variation,channel,37143.756333914265,nT
2026-04-10T04:46:00.000Z,KSU1,X,variation,channel,37145.08813504887,nT
2026-04-10T04:47:00.000Z,KSU1,X,variation,channel,37145.454316254596,nT
2026-04-10T04:48:00.000Z,KSU1,X,variation,channel,37145.7252912658,nT
2026-04-10T04:49:00.000Z,KSU1,X,variation,channel,37145.637101149085,nT
2026-04-10T04:50:00.000Z,KSU1,X,variation,channel,37145.23546467661,nT
2026-04-10T04:51:00.000Z,KSU1,X,variation,channel,37144.23883946511,nT
2026-04-10T04:52:00.000Z,KSU1,X,variation,channel,37143.07316128588,nT
2026-04-10T04:53:00.000Z,KSU1,X,variation,channel,37141.962264648944,nT
2026-04-10T04:54:00.000Z,KSU1,X,variation,channel,37140.84901829723,nT
2026-04-10T04:55:00.000Z,KSU1,X,variation,channel,37140.665400831116,nT
2026-04-10T04:56:00.000Z,KSU1,X,variation,channel,37141.11287673514,nT
2026-04-10T04:57:00.000Z,KSU1,X,variation,channel,37141.9521642082,nT
2026-04-10T04:58:00.000Z,KSU1,X,variation,channel,37142.6891952215,nT
2026-04-10T04:59:00.000Z,KSU1,X,variation,channel,37143.64225746967,nT
2026-04-10T05:00:00.000Z,KSU1,X,variation,channel,37143.83742275975,nT
2026-04-10T05:01:00.000Z,KSU1,X,variation,channel,37143.547450863625,nT
2026-04-10T05:02:00.000Z,KSU1,X,variation,channel,37143.266506000604,nT
2026-04-10T05:03:00.000Z,KSU1,X,variation,channel,37142.852370898334,nT
2026-04-10T05:04:00.000Z,KSU1,X,variation,channel,37142.515065032196,nT
2026-04-10T05:05:00.000Z,KSU1,X,variation,channel,37142.12440541591,nT
2026-04-10T05:06:00.000Z,KSU1,X,variation,channel,37142.44808544523,nT
2026-04-10T05:07:00.000Z,KSU1,X,variation,channel,37142.68456273371,nT
2026-04-10T05:08:00.000Z,KSU1,X,variation,channel,37143.33619209321,nT
2026-04-10T05:09:00.000Z,KSU1,X,variation,channel,37144.027820333205,nT
2026-04-10T05:10:00.000Z,KSU1,X,variation,channel,37144.618793261114,nT
2026-04-10T05:11:00.000Z,KSU1,X,variation,channel,37145.68234839085,nT
2026-04-10T05:12:00.000Z,KSU1,X,variation,channel,37146.754769623476,nT
2026-04-10T05:13:00.000Z,KSU1,X,variation,channel,37147.321527759246,nT
2026-04-10T05:14:00.000Z,KSU1,X,variation,channel,37147.46487623325,nT
2026-04-10T05:15:00.000Z,KSU1,X,variation,channel,37147.21096702342,nT
2026-04-10T05:16:00.000Z,KSU1,X,variation,channel,37146.65379852592,nT
2026-04-10T05:17:00.000Z,KSU1,X,variation,channel,37146.01094445199,nT
2026-04-10T05:18:00.000Z,KSU1,X,variation,channel,37145.43441871438,nT
2026-04-10T05:19:00.000Z,KSU1,X,variation,channel,37145.19262770616,nT
2026-04-10T05:20:00.000Z,KSU1,X,variation,channel,37145.189901649836,nT
2026-04-10T05:21:00.000Z,KSU1,X,variation,channel,37145.77533520665,nT
2026-04-10T05:22:00.000Z,KSU1,X,variation,channel,37146.246899208185,nT
2026-04-10T05:23:00.000Z,KSU1,X,variation,channel,37146.28436778292,nT
2026-04-10T05:24:00.000Z,KSU1,X,variation,channel,37146.285463143744,nT
2026-04-10T05:25:00.000Z,KSU1,X,variation,channel,37146.70676199008,nT
2026-04-10T05:26:00.000Z,KSU1,X,variation,channel,37146.493182595215,nT
2026-04-10T05:27:00.000Z,KSU1,X,variation,channel,37145.90481680234,nT
2026-04-10T05:28:00.000Z,KSU1,X,variation,channel,37145.604027067806,nT
2026-04-10T05:29:00.000Z,KSU1,X,variation,channel,37145.39635579159,nT
2026-04-10T05:30:00.000Z,KSU1,X,variation,channel,37145.40840147946,nT
2026-04-10T05:31:00.000Z,KSU1,X,variation,channel,37144.83504763762,nT
2026-04-10T05:32:00.000Z,KSU1,X,variation,channel,37144.499269192165,nT
2026-04-10T05:33:00.000Z,KSU1,X,variation,channel,37144.54874591622,nT
2026-04-10T05:34:00.000Z,KSU1,X,variation,channel,37144.833406751975,nT
2026-04-10T05:35:00.000Z,KSU1,X,variation,channel,37145.03706348558,nT
2026-04-10T05:36:00.000Z,KSU1,X,variation,channel,37145.51745008025,nT
2026-04-10T05:37:00.000Z,KSU1,X,variation,channel,37146.42141544626,nT
2026-04-10T05:38:00.000Z,KSU1,X,variation,channel,37146.901357853254,nT
2026-04-10T05:39:00.000Z,KSU1,X,variation,channel,37147.00144971538,nT
2026-04-10T05:40:00.000Z,KSU1,X,variation,channel,37146.650316965526,nT
2026-04-10T05:41:00.000Z,KSU1,X,variation,channel,37146.69414025833,nT
2026-04-10T05:42:00.000Z,KSU1,X,variation,channel,37146.53356812431,nT
2026-04-10T05:43:00.000Z,KSU1,X,variation,channel,37146.12672477394,nT
2026-04-10T05:44:00.000Z,KSU1,X,variation,channel,37146.24569488125,nT
2026-04-10T05:45:00.000Z,KSU1,X,variation,channel,37145.90028089036,nT
2026-04-10T05:46:00.000Z,KSU1,X,variation,channel,37145.78395506953,nT
2026-04-10T05:47:00.000Z,KSU1,X,variation,channel,37146.576563968534,nT
2026-04-10T05:48:00.000Z,KSU1,X,variation,channel,37146.508926567825,nT
2026-04-10T05:49:00.000Z,KSU1,X,variation,channel,37145.90420934018,nT
2026-04-10T05:50:00.000Z,KSU1,X,variation,channel,37145.9711047205,nT
2026-04-10T05:51:00.000Z,KSU1,X,variation,channel,37145.731944481784,nT
2026-04-10T05:52:00.000Z,KSU1,X,variation,channel,37146.097675123245,nT
2026-04-10T05:53:00.000Z,KSU1,X,variation,channel,37146.09324869968,nT
2026-04-10T05:54:00.000Z,KSU1,X,variation,channel,37145.65880591098,nT
2026-04-10T05:55:00.000Z,KSU1,X,variation,channel,37145.75094831126,nT
2026-04-10T05:56:00.000Z,KSU1,X,variation,channel,37145.94972840569,nT
2026-04-10T05:57:00.000Z,KSU1,X,variation,channel,37145.297401221156,nT
2026-04-10T05:58:00.000Z,KSU1,X,variation,channel,37144.574036284226,nT
2026-04-10T05:59:00.000Z,KSU1,X,variation,channel,37144.21589938512,nT
2026-04-10T06:00:00.000Z,KSU1,X,variation,channel,37144.013239943684,nT
2026-04-10T06:01:00.000Z,KSU1,X,variation,channel,37144.08489717933,nT
2026-04-10T06:02:00.000Z,KSU1,X,variation,channel,37143.928716173934,nT
2026-04-10T06:03:00.000Z,KSU1,X,variation,channel,37144.08646605578,nT
2026-04-10T06:04:00.000Z,KSU1,X,variation,channel,37144.273484048,nT
2026-04-10T06:05:00.000Z,KSU1,X,variation,channel,37144.66402810315,nT
2026-04-10T06:06:00.000Z,KSU1,X,variation,channel,37145.112588699856,nT
2026-04-10T06:07:00.000Z,KSU1,X,variation,channel,37145.9461989005,nT
2026-04-10T06:08:00.000Z,KSU1,X,variation,channel,37146.916446021445,nT
2026-04-10T06:09:00.000Z,KSU1,X,variation,channel,37147.681290711655,nT
2026-04-10T06:10:00.000Z,KSU1,X,variation,channel,37147.98679282255,nT
2026-04-10T06:11:00.000Z,KSU1,X,variation,channel,37149.53272686271,nT
2026-04-10T06:12:00.000Z,KSU1,X,variation,channel,37151.589085648826,nT
2026-04-10T06:13:00.000Z,KSU1,X,variation,channel,37151.78168390683,nT
2026-04-10T06:14:00.000Z,KSU1,X,variation,channel,37151.7422786411,nT
2026-04-10T06:15:00.000Z,KSU1,X,variation,channel,37151.57561085662,nT
2026-04-10T06:16:00.000Z,KSU1,X,variation,channel,37151.49507874984,nT
2026-04-10T06:17:00.000Z,KSU1,X,variation,channel,37151.828338990534,nT
2026-04-10T06:18:00.000Z,KSU1,X,variation,channel,37152.99110832293,nT
2026-04-10T06:19:00.000Z,KSU1,X,variation,channel,37153.8198359004,nT
2026-04-10T06:20:00.000Z,KSU1,X,variation,channel,37153.83356931966,nT
2026-04-10T06:21:00.000Z,KSU1,X,variation,channel,37153.43842432226,nT
2026-04-10T06:22:00.000Z,KSU1,X,variation,channel,37152.74226607735,nT
2026-04-10T06:23:00.000Z,KSU1,X,variation,channel,37152.22871598731,nT
2026-04-10T06:24:00.000Z,KSU1,X,variation,channel,37151.58792612072,nT
2026-04-10T06:25:00.000Z,KSU1,X,variation,channel,37151.04375556672,nT
2026-04-10T06:26:00.000Z,KSU1,X,variation,channel,37150.47769426902,nT
2026-04-10T06:27:00.000Z,KSU1,X,variation,channel,37150.13772229728,nT
2026-04-10T06:28:00.000Z,KSU1,X,variation,channel,37150.47543305309,nT
2026-04-10T06:29:00.000Z,KSU1,X,variation,channel,37150.8518849855,nT
2026-04-10T06:30:00.000Z,KSU1,X,variation,channel,37151.12918404585,nT
2026-04-10T06:31:00.000Z,KSU1,X,variation,channel,37151.22870794402,nT
2026-04-10T06:32:00.000Z,KSU1,X,variation,channel,37151.34747012478,nT
2026-04-10T06:33:00.000Z,KSU1,X,variation,channel,37151.46286938965,nT
2026-04-10T06:34:00.000Z,KSU1,X,variation,channel,37150.88712743202,nT
2026-04-10T06:35:00.000Z,KSU1,X,variation,channel,37149.75484940347,nT
2026-04-10T06:36:00.000Z,KSU1,X,variation,channel,37148.63192166918,nT
2026-04-10T06:37:00.000Z,KSU1,X,variation,channel,37148.3733777376,nT
2026-04-10T06:38:00.000Z,KSU1,X,variation,channel,37148.50989624512,nT
2026-04-10T06:39:00.000Z,KSU1,X,variation,channel,37148.488529269096,nT
2026-04-10T06:40:00.000Z,KSU1,X,variation,channel,37147.96750517578,nT
2026-04-10T06:41:00.000Z,KSU1,X,variation,channel,37147.355082831964,nT
2026-04-10T06:42:00.000Z,KSU1,X,variation,channel,37145.651484380614,nT
2026-04-10T06:43:00.000Z,KSU1,X,variation,channel,37143.229258437466,nT
2026-04-10T06:44:00.000Z,KSU1,X,variation,channel,37140.87000620376,nT
2026-04-10T06:45:00.000Z,KSU1,X,variation,channel,37139.88812164362,nT
2026-04-10T06:46:00.000Z,KSU1,X,variation,channel,37138.63139833716,nT
2026-04-10T06:47:00.000Z,KSU1,X,variation,channel,37141.53697974404,nT
2026-04-10T06:48:00.000Z,KSU1,X,variation,channel,37143.214228414006,nT
2026-04-10T06:49:00.000Z,KSU1,X,variation,channel,37143.7416766524,nT
2026-04-10T06:50:00.000Z,KSU1,X,variation,channel,37144.54003298246,nT
2026-04-10T06:51:00.000Z,KSU1,X,variation,channel,37146.06702783331,nT
2026-04-10T06:52:00.000Z,KSU1,X,variation,channel,37147.6196264074,nT
2026-04-10T06:53:00.000Z,KSU1,X,variation,channel,37147.89044533747,nT
2026-04-10T06:54:00.000Z,KSU1,X,variation,channel,37147.54607347013,nT
2026-04-10T06:55:00.000Z,KSU1,X,variation,channel,37148.86763616105,nT
2026-04-10T06:56:00.000Z,KSU1,X,variation,channel,37148.04925538545,nT
2026-04-10T06:57:00.000Z,KSU1,X,variation,channel,37146.787237838405,nT
2026-04-10T06:58:00.000Z,KSU1,X,variation,channel,37147.61920515878,nT
2026-04-10T06:59:00.000Z,KSU1,X,variation,channel,37148.309141240614,nT
2026-04-10T07:00:00.000Z,KSU1,X,variation,channel,37148.74029135673,nT
2026-04-10T07:01:00.000Z,KSU1,X,variation,channel,37148.3389658694,nT
2026-04-10T07:02:00.000Z,KSU1,X,variation,channel,37148.27854052741,nT
2026-04-10T07:03:00.000Z,KSU1,X,variation,channel,37148.117216542676,nT
2026-04-10T07:04:00.000Z,KSU1,X,variation,channel,37147.8862597487,nT
2026-04-10T07:05:00.000Z,KSU1,X,variation,channel,37147.7289632292,nT
2026-04-10T07:06:00.000Z,KSU1,X,variation,channel,37147.91028854027,nT
2026-04-10T07:07:00.000Z,KSU1,X,variation,channel,37148.30764982719,nT
2026-04-10T07:08:00.000Z,KSU1,X,variation,channel,37149.42056069515,nT
2026-04-10T07:09:00.000Z,KSU1,X,variation,channel,37152.59768018448,nT
2026-04-10T07:10:00.000Z,KSU1,X,variation,channel,37155.862298513035,nT
2026-04-10T07:11:00.000Z,KSU1,X,variation,channel,37160.23467157127,nT
2026-04-10T07:12:00.000Z,KSU1,X,variation,channel,37163.11823261469,nT
2026-04-10T07:13:00.000Z,KSU1,X,variation,channel,37164.180962936516,nT
2026-04-10T07:14:00.000Z,KSU1,X,variation,channel,37164.27963728915,nT
2026-04-10T07:15:00.000Z,KSU1,X,variation,channel,37163.99103196111,nT
2026-04-10T07:16:00.000Z,KSU1,X,variation,channel,37162.92926957515,nT
2026-04-10T07:17:00.000Z,KSU1,X,variation,channel,37162.34414652862,nT
2026-04-10T07:18:00.000Z,KSU1,X,variation,channel,37162.41060614053,nT
2026-04-10T07:19:00.000Z,KSU1,X,variation,channel,37162.27620964201,nT
2026-04-10T07:20:00.000Z,KSU1,X,variation,channel,37161.272031816436,nT
2026-04-10T07:21:00.000Z,KSU1,X,variation,channel,37159.21002818146,nT
2026-04-10T07:22:00.000Z,KSU1,X,variation,channel,37156.90357760178,nT
2026-04-10T07:23:00.000Z,KSU1,X,variation,channel,37154.38175369845,nT
2026-04-10T07:24:00.000Z,KSU1,X,variation,channel,37152.08216520322,nT
2026-04-10T07:25:00.000Z,KSU1,X,variation,channel,37150.32717018602,nT
2026-04-10T07:26:00.000Z,KSU1,X,variation,channel,37147.72520482659,nT
2026-04-10T07:27:00.000Z,KSU1,X,variation,channel,37143.47077662943,nT
2026-04-10T07:28:00.000Z,KSU1,X,variation,channel,37140.096112518346,nT
2026-04-10T07:29:00.000Z,KSU1,X,variation,channel,37138.930453657355,nT
2026-04-10T07:30:00.000Z,KSU1,X,variation,channel,37139.53877985582,nT
2026-04-10T07:31:00.000Z,KSU1,X,variation,channel,37140.74157241773,nT
2026-04-10T07:32:00.000Z,KSU1,X,variation,channel,37142.51716063723,nT
2026-04-10T07:33:00.000Z,KSU1,X,variation,channel,37144.170272321884,nT
2026-04-10T07:34:00.000Z,KSU1,X,variation,channel,37145.49614731991,nT
2026-04-10T07:35:00.000Z,KSU1,X,variation,channel,37146.859841597194,nT
2026-04-10T07:36:00.000Z,KSU1,X,variation,channel,37147.863126331766,nT
2026-04-10T07:37:00.000Z,KSU1,X,variation,channel,37148.22479828477,nT
2026-04-10T07:38:00.000Z,KSU1,X,variation,channel,37148.05635153162,nT
2026-04-10T07:39:00.000Z,KSU1,X,variation,channel,37147.83029199538,nT
2026-04-10T07:40:00.000Z,KSU1,X,variation,channel,37147.39126110473,nT
2026-04-10T07:41:00.000Z,KSU1,X,variation,channel,37146.253035089,nT
2026-04-10T07:42:00.000Z,KSU1,X,variation,channel,37144.74584381038,nT
2026-04-10T07:43:00.000Z,KSU1,X,variation,channel,37143.50576647628,nT
2026-04-10T07:44:00.000Z,KSU1,X,variation,channel,37143.373098365104,nT
2026-04-10T07:45:00.000Z,KSU1,X,variation,channel,37144.047508354575,nT
2026-04-10T07:46:00.000Z,KSU1,X,variation,channel,37145.17391315759,nT
2026-04-10T07:47:00.000Z,KSU1,X,variation,channel,37146.192399332846,nT
2026-04-10T07:48:00.000Z,KSU1,X,variation,channel,37147.02495649099,nT
2026-04-10T07:49:00.000Z,KSU1,X,variation,channel,37148.34892417486,nT
2026-04-10T07:50:00.000Z,KSU1,X,variation,channel,37147.490252415366,nT
2026-04-10T07:51:00.000Z,KSU1,X,variation,channel,37145.98192759736,nT
2026-04-10T07:52:00.000Z,KSU1,X,variation,channel,37146.18808912519,nT
2026-04-10T07:53:00.000Z,KSU1,X,variation,channel,37146.11131845427,nT
2026-04-10T07:54:00.000Z,KSU1,X,variation,channel,37145.29972327539,nT
2026-04-10T07:55:00.000Z,KSU1,X,variation,channel,37144.445106374056,nT
2026-04-10T07:56:00.000Z,KSU1,X,variation,channel,37144.584026301025,nT
2026-04-10T07:57:00.000Z,KSU1,X,variation,channel,37145.18810848987,nT
2026-04-10T07:58:00.000Z,KSU1,X,variation,channel,37145.861071643,nT
2026-04-10T07:59:00.000Z,KSU1,X,variation,channel,37147.45384628744,nT
2026-04-10T08:00:00.000Z,KSU1,X,variation,channel,37149.21718523881,nT
2026-04-10T08:01:00.000Z,KSU1,X,variation,channel,37150.36641688855,nT
2026-04-10T08:02:00.000Z,KSU1,X,variation,channel,37151.4880485192,nT
2026-04-10T08:03:00.000Z,KSU1,X,variation,channel,37152.298028948666,nT
2026-04-10T08:04:00.000Z,KSU1,X,variation,channel,37152.75475196392,nT
2026-04-10T08:05:00.000Z,KSU1,X,variation,channel,37152.921211709676,nT
2026-04-10T08:06:00.000Z,KSU1,X,variation,channel,37152.872429972944,nT
2026-04-10T08:07:00.000Z,KSU1,X,variation,channel,37152.94031844887,nT
2026-04-10T08:08:00.000Z,KSU1,X,variation,channel,37153.257318980366,nT
2026-04-10T08:09:00.000Z,KSU1,X,variation,channel,37153.51714070274,nT
2026-04-10T08:10:00.000Z,KSU1,X,variation,channel,37153.27629820916,nT
2026-04-10T08:11:00.000Z,KSU1,X,variation,channel,37152.9645713834,nT
2026-04-10T08:12:00.000Z,KSU1,X,variation,channel,37153.22755914913,nT
2026-04-10T08:13:00.000Z,KSU1,X,variation,channel,37153.14497369604,nT
2026-04-10T08:14:00.000Z,KSU1,X,variation,channel,37152.872849640204,nT
2026-04-10T08:15:00.000Z,KSU1,X,variation,channel,37152.09078081667,nT
2026-04-10T08:16:00.000Z,KSU1,X,variation,channel,37151.3149618272,nT
2026-04-10T08:17:00.000Z,KSU1,X,variation,channel,37150.838767668945,nT
2026-04-10T08:18:00.000Z,KSU1,X,variation,channel,37150.07530774172,nT
2026-04-10T08:19:00.000Z,KSU1,X,variation,channel,37148.32436074543,nT
2026-04-10T08:20:00.000Z,KSU1,X,variation,channel,37146.740033955895,nT
2026-04-10T08:21:00.000Z,KSU1,X,variation,channel,37146.00715284179,nT
2026-04-10T08:22:00.000Z,KSU1,X,variation,channel,37145.80788745192,nT
2026-04-10T08:23:00.000Z,KSU1,X,variation,channel,37147.20419561609,nT
2026-04-10T08:24:00.000Z,KSU1,X,variation,channel,37150.5607307966,nT
2026-04-10T08:25:00.000Z,KSU1,X,variation,channel,37154.125428763546,nT
2026-04-10T08:26:00.000Z,KSU1,X,variation,channel,37156.73176733754,nT
2026-04-10T08:27:00.000Z,KSU1,X,variation,channel,37157.85461872925,nT
2026-04-10T08:28:00.000Z,KSU1,X,variation,channel,37158.3687695128,nT
2026-04-10T08:29:00.000Z,KSU1,X,variation,channel,37157.65884905425,nT
2026-04-10T08:30:00.000Z,KSU1,X,variation,channel,37156.232420449785,nT
2026-04-10T08:31:00.000Z,KSU1,X,variation,channel,37154.206991451814,nT
2026-04-10T08:32:00.000Z,KSU1,X,variation,channel,37153.9350297835,nT
2026-04-10T08:33:00.000Z,KSU1,X,variation,channel,37154.26590244994,nT
2026-04-10T08:34:00.000Z,KSU1,X,variation,channel,37154.12854610036,nT
2026-04-10T08:35:00.000Z,KSU1,X,variation,channel,37154.42139764499,nT
2026-04-10T08:36:00.000Z,KSU1,X,variation,channel,37154.815343735754,nT
2026-04-10T08:37:00.000Z,KSU1,X,variation,channel,37155.00627221242,nT
2026-04-10T08:38:00.000Z,KSU1,X,variation,channel,37155.58457092924,nT
2026-04-10T08:39:00.000Z,KSU1,X,variation,channel,37156.06213697709,nT
2026-04-10T08:40:00.000Z,KSU1,X,variation,channel,37156.54031586601,nT
2026-04-10T08:41:00.000Z,KSU1,X,variation,channel,37156.547059060686,nT
2026-04-10T08:42:00.000Z,KSU1,X,variation,channel,37155.53615115986,nT
2026-04-10T08:43:00.000Z,KSU1,X,variation,channel,37154.32801916596,nT
2026-04-10T08:44:00.000Z,KSU1,X,variation,channel,37153.68525513295,nT
2026-04-10T08:45:00.000Z,KSU1,X,variation,channel,37153.16298965457,nT
2026-04-10T08:46:00.000Z,KSU1,X,variation,channel,37153.46454103185,nT
2026-04-10T08:47:00.000Z,KSU1,X,variation,channel,37154.47141412248,nT
2026-04-10T08:48:00.000Z,KSU1,X,variation,channel,37156.216059088016,nT
2026-04-10T08:49:00.000Z,KSU1,X,variation,channel,37157.645920297655,nT
2026-04-10T08:50:00.000Z,KSU1,X,variation,channel,37158.7427338635,nT
2026-04-10T08:51:00.000Z,KSU1,X,variation,channel,37159.27588713348,nT
2026-04-10T08:52:00.000Z,KSU1,X,variation,channel,37159.5540838661,nT
2026-04-10T08:53:00.000Z,KSU1,X,variation,channel,37159.65170399603,nT
2026-04-10T08:54:00.000Z,KSU1,X,variation,channel,37159.645169973344,nT
2026-04-10T08:55:00.000Z,KSU1,X,variation,channel,37159.92592706651,nT
2026-04-10T08:56:00.000Z,KSU1,X,variation,channel,37160.347456163465,nT
2026-04-10T08:57:00.000Z,KSU1,X,variation,channel,37160.53853506118,nT
2026-04-10T08:58:00.000Z,KSU1,X,variation,channel,37160.91264201649,nT
2026-04-10T08:59:00.000Z,KSU1,X,variation,channel,37160.82274763749,nT
2026-04-10T09:00:00.000Z,KSU1,X,variation,channel,37160.137350784215,nT
2026-04-10T09:01:00.000Z,KSU1,X,variation,channel,37159.57116568715,nT
2026-04-10T09:02:00.000Z,KSU1,X,variation,channel,37159.46294945326,nT
2026-04-10T09:03:00.000Z,KSU1,X,variation,channel,37160.033144108296,nT
2026-04-10T09:04:00.000Z,KSU1,X,variation,channel,37160.1687605265,nT
2026-04-10T09:05:00.000Z,KSU1,X,variation,channel,37160.42347741932,nT
2026-04-10T09:06:00.000Z,KSU1,X,variation,channel,37160.65608089228,nT
2026-04-10T09:07:00.000Z,KSU1,X,variation,channel,37160.71412383923,nT
2026-04-10T09:08:00.000Z,KSU1,X,variation,channel,37160.89640895671,nT
2026-04-10T09:09:00.000Z,KSU1,X,variation,channel,37160.69459094742,nT
2026-04-10T09:10:00.000Z,KSU1,X,variation,channel,37160.395617991504,nT
2026-04-10T09:11:00.000Z,KSU1,X,variation,channel,37160.239316206345,nT
2026-04-10T09:12:00.000Z,KSU1,X,variation,channel,37160.31430989233,nT
2026-04-10T09:13:00.000Z,KSU1,X,variation,channel,37160.169600844536,nT
2026-04-10T09:14:00.000Z,KSU1,X,variation,channel,37160.00164830944,nT
2026-04-10T09:15:00.000Z,KSU1,X,variation,channel,37160.02289460201,nT
2026-04-10T09:16:00.000Z,KSU1,X,variation,channel,37159.70993299492,nT
2026-04-10T09:17:00.000Z,KSU1,X,variation,channel,37159.55792460291,nT
2026-04-10T09:18:00.000Z,KSU1,X,variation,channel,37159.38289191999,nT
2026-04-10T09:19:00.000Z,KSU1,X,variation,channel,37159.26213520389,nT
2026-04-10T09:20:00.000Z,KSU1,X,variation,channel,37159.01014213562,nT
2026-04-10T09:21:00.000Z,KSU1,X,variation,channel,37158.87049589539,nT
2026-04-10T09:22:00.000Z,KSU1,X,variation,channel,37158.682891700766,nT
2026-04-10T09:23:00.000Z,KSU1,X,variation,channel,37158.53313090508,nT
2026-04-10T09:24:00.000Z,KSU1,X,variation,channel,37158.44422518705,nT
2026-04-10T09:25:00.000Z,KSU1,X,variation,channel,37158.40657325747,nT
2026-04-10T09:26:00.000Z,KSU1,X,variation,channel,37158.39176525622,nT
2026-04-10T09:27:00.000Z,KSU1,X,variation,channel,37158.69129183909,nT
2026-04-10T09:28:00.000Z,KSU1,X,variation,channel,37158.76350941557,nT
2026-04-10T09:29:00.000Z,KSU1,X,variation,channel,37158.862957315396,nT
2026-04-10T09:30:00.000Z,KSU1,X,variation,channel,37158.41583996502,nT
2026-04-10T09:31:00.000Z,KSU1,X,variation,channel,37158.20112243493,nT
2026-04-10T09:32:00.000Z,KSU1,X,variation,channel,37158.26150337754,nT
2026-04-10T09:33:00.000Z,KSU1,X,variation,channel,37158.179305312995,nT
2026-04-10T09:34:00.000Z,KSU1,X,variation,channel,37158.31540260122,nT
2026-04-10T09:35:00.000Z,KSU1,X,variation,channel,37158.14154769791,nT
2026-04-10T09:36:00.000Z,KSU1,X,variation,channel,37158.03606619385,nT
2026-04-10T09:37:00.000Z,KSU1,X,variation,channel,37158.005286535525,nT
2026-04-10T09:38:00.000Z,KSU1,X,variation,channel,37158.14467082541,nT
2026-04-10T09:39:00.000Z,KSU1,X,variation,channel,37157.952057477225,nT
2026-04-10T09:40:00.000Z,KSU1,X,variation,channel,37157.805659076046,nT
2026-04-10T09:41:00.000Z,KSU1,X,variation,channel,37156.86867303674,nT
2026-04-10T09:42:00.000Z,KSU1,X,variation,channel,37156.16165596739,nT
2026-04-10T09:43:00.000Z,KSU1,X,variation,channel,37156.05136724314,nT
2026-04-10T09:44:00.000Z,KSU1,X,variation,channel,37155.95625722363,nT
2026-04-10T09:45:00.000Z,KSU1,X,variation,channel,37155.421138051846,nT
2026-04-10T09:46:00.000Z,KSU1,X,variation,channel,37154.97602531469,nT
2026-04-10T09:47:00.000Z,KSU1,X,variation,channel,37155.3471069209,nT
2026-04-10T09:48:00.000Z,KSU1,X,variation,channel,37155.73057550477,nT
2026-04-10T09:49:00.000Z,KSU1,X,variation,channel,37155.81117941625,nT
2026-04-10T09:50:00.000Z,KSU1,X,variation,channel,37155.793651985114,nT
2026-04-10T09:51:00.000Z,KSU1,X,variation,channel,37155.796930653596,nT
2026-04-10T09:52:00.000Z,KSU1,X,variation,channel,37155.87946448186,nT
2026-04-10T09:53:00.000Z,KSU1,X,variation,channel,37155.8121871237,nT
2026-04-10T09:54:00.000Z,KSU1,X,variation,channel,37156.056741218745,nT
2026-04-10T09:55:00.000Z,KSU1,X,variation,channel,37156.03955591548,nT
2026-04-10T09:56:00.000Z,KSU1,X,variation,channel,37155.04847569467,nT
2026-04-10T09:57:00.000Z,KSU1,X,variation,channel,37154.656559587565,nT
2026-04-10T09:58:00.000Z,KSU1,X,variation,channel,37153.61387109702,nT
2026-04-10T09:59:00.000Z,KSU1,X,variation,channel,37152.58853509604,nT
2026-04-10T10:00:00.000Z,KSU1,X,variation,channel,37151.79856582285,nT
2026-04-10T10:01:00.000Z,KSU1,X,variation,channel,37151.01809127765,nT
2026-04-10T10:02:00.000Z,KSU1,X,variation,channel,37150.398629276766,nT
2026-04-10T10:03:00.000Z,KSU1,X,variation,channel,37150.208348104345,nT
2026-04-10T10:04:00.000Z,KSU1,X,variation,channel,37150.64291791421,nT
2026-04-10T10:05:00.000Z,KSU1,X,variation,channel,37150.13418388666,nT
2026-04-10T10:06:00.000Z,KSU1,X,variation,channel,37149.4763600506,nT
2026-04-10T10:07:00.000Z,KSU1,X,variation,channel,37149.442179366044,nT
2026-04-10T10:08:00.000Z,KSU1,X,variation,channel,37149.80850047084,nT
2026-04-10T10:09:00.000Z,KSU1,X,variation,channel,37149.9809434586,nT
2026-04-10T10:10:00.000Z,KSU1,X,variation,channel,37150.11699296118,nT
2026-04-10T10:11:00.000Z,KSU1,X,variation,channel,37149.93880848693,nT
2026-04-10T10:12:00.000Z,KSU1,X,variation,channel,37150.0528633008,nT
2026-04-10T10:13:00.000Z,KSU1,X,variation,channel,37150.423459507736,nT
2026-04-10T10:14:00.000Z,KSU1,X,variation,channel,37150.796393076795,nT
2026-04-10T10:15:00.000Z,KSU1,X,variation,channel,37150.75640533369,nT
2026-04-10T10:16:00.000Z,KSU1,X,variation,channel,37150.843732481284,nT
2026-04-10T10:17:00.000Z,KSU1,X,variation,channel,37151.32254861515,nT
2026-04-10T10:18:00.000Z,KSU1,X,variation,channel,37152.58898458364,nT
2026-04-10T10:19:00.000Z,KSU1,X,variation,channel,37153.90927802267,nT
2026-04-10T10:20:00.000Z,KSU1,X,variation,channel,37154.70867478902,nT
2026-04-10T10:21:00.000Z,KSU1,X,variation,channel,37155.208817252256,nT
2026-04-10T10:22:00.000Z,KSU1,X,variation,channel,37155.58478287876,nT
2026-04-10T10:23:00.000Z,KSU1,X,variation,channel,37155.9020248723,nT
2026-04-10T10:24:00.000Z,KSU1,X,variation,channel,37155.75140741085,nT
2026-04-10T10:25:00.000Z,KSU1,X,variation,channel,37155.11470878808,nT
2026-04-10T10:26:00.000Z,KSU1,X,variation,channel,37154.961905214055,nT
2026-04-10T10:27:00.000Z,KSU1,X,variation,channel,37155.1845911196,nT
2026-04-10T10:28:00.000Z,KSU1,X,variation,channel,37155.12219839802,nT
2026-04-10T10:29:00.000Z,KSU1,X,variation,channel,37154.69859442381,nT
2026-04-10T10:30:00.000Z,KSU1,X,variation,channel,37154.32567404974,nT
2026-04-10T10:31:00.000Z,KSU1,X,variation,channel,37153.730956041625,nT
2026-04-10T10:32:00.000Z,KSU1,X,variation,channel,37153.6973654037,nT
2026-04-10T10:33:00.000Z,KSU1,X,variation,channel,37153.33944688948,nT
2026-04-10T10:34:00.000Z,KSU1,X,variation,channel,37153.0634216544,nT
2026-04-10T10:35:00.000Z,KSU1,X,variation,channel,37152.943046821056,nT
2026-04-10T10:36:00.000Z,KSU1,X,variation,channel,37152.295747406606,nT
2026-04-10T10:37:00.000Z,KSU1,X,variation,channel,37151.4527726561,nT
2026-04-10T10:38:00.000Z,KSU1,X,variation,channel,37150.51067239607,nT
2026-04-10T10:39:00.000Z,KSU1,X,variation,channel,37149.73528087326,nT
2026-04-10T10:40:00.000Z,KSU1,X,variation,channel,37149.394332312615,nT
2026-04-10T10:41:00.000Z,KSU1,X,variation,channel,37149.17210132257,nT
2026-04-10T10:42:00.000Z,KSU1,X,variation,channel,37148.92752679357,nT
2026-04-10T10:43:00.000Z,KSU1,X,variation,channel,37148.72584756106,nT
2026-04-10T10:44:00.000Z,KSU1,X,variation,channel,37149.06230858841,nT
2026-04-10T10:45:00.000Z,KSU1,X,variation,channel,37149.47259607848,nT
2026-04-10T10:46:00.000Z,KSU1,X,variation,channel,37150.05154226134,nT
2026-04-10T10:47:00.000Z,KSU1,X,variation,channel,37151.33667775374,nT
2026-04-10T10:48:00.000Z,KSU1,X,variation,channel,37152.892463883414,nT
2026-04-10T10:49:00.000Z,KSU1,X,variation,channel,37153.56348342319,nT
2026-04-10T10:50:00.000Z,KSU1,X,variation,channel,37153.16519756138,nT
2026-04-10T10:51:00.000Z,KSU1,X,variation,channel,37151.62925691282,nT
2026-04-10T10:52:00.000Z,KSU1,X,variation,channel,37151.04376780392,nT
2026-04-10T10:53:00.000Z,KSU1,X,variation,channel,37150.718210492494,nT
2026-04-10T10:54:00.000Z,KSU1,X,variation,channel,37150.987777567265,nT
2026-04-10T10:55:00.000Z,KSU1,X,variation,channel,37151.512282708885,nT
2026-04-10T10:56:00.000Z,KSU1,X,variation,channel,37151.923764942534,nT
2026-04-10T10:57:00.000Z,KSU1,X,variation,channel,37151.98946652052,nT
2026-04-10T10:58:00.000Z,KSU1,X,variation,channel,37151.87734526059,nT
2026-04-10T10:59:00.000Z,KSU1,X,variation,channel,37152.598003396815,nT
2026-04-10T11:00:00.000Z,KSU1,X,variation,channel,37153.70739944236,nT
2026-04-10T11:01:00.000Z,KSU1,X,variation,channel,37154.66267366199,nT
2026-04-10T11:02:00.000Z,KSU1,X,variation,channel,37155.25650472899,nT
2026-04-10T11:03:00.000Z,KSU1,X,variation,channel,37154.973160767906,nT
2026-04-10T11:04:00.000Z,KSU1,X,variation,channel,37153.42413871828,nT
2026-04-10T11:05:00.000Z,KSU1,X,variation,channel,37152.3436370369,nT
2026-04-10T11:06:00.000Z,KSU1,X,variation,channel,37152.09165276792,nT
2026-04-10T11:07:00.000Z,KSU1,X,variation,channel,37152.379332439516,nT
2026-04-10T11:08:00.000Z,KSU1,X,variation,channel,37152.337143270306,nT
2026-04-10T11:09:00.000Z,KSU1,X,variation,channel,37152.32610503415,nT
2026-04-10T11:10:00.000Z,KSU1,X,variation,channel,37152.30884116224,nT
2026-04-10T11:11:00.000Z,KSU1,X,variation,channel,37151.64819785343,nT
2026-04-10T11:12:00.000Z,KSU1,X,variation,channel,37151.45955211783,nT
2026-04-10T11:13:00.000Z,KSU1,X,variation,channel,37151.949462578166,nT
2026-04-10T11:14:00.000Z,KSU1,X,variation,channel,37152.310464458154,nT
2026-04-10T11:15:00.000Z,KSU1,X,variation,channel,37152.4727047148,nT
2026-04-10T11:16:00.000Z,KSU1,X,variation,channel,37152.59926458184,nT
2026-04-10T11:17:00.000Z,KSU1,X,variation,channel,37152.92041925394,nT
2026-04-10T11:18:00.000Z,KSU1,X,variation,channel,37152.90862939215,nT
2026-04-10T11:19:00.000Z,KSU1,X,variation,channel,37152.596340469485,nT
2026-04-10T11:20:00.000Z,KSU1,X,variation,channel,37152.11699271883,nT
2026-04-10T11:21:00.000Z,KSU1,X,variation,channel,37151.91655675609,nT
2026-04-10T11:22:00.000Z,KSU1,X,variation,channel,37150.77835679546,nT
2026-04-10T11:23:00.000Z,KSU1,X,variation,channel,37150.96416782545,nT
2026-04-10T11:24:00.000Z,KSU1,X,variation,channel,37151.61912738068,nT
2026-04-10T11:25:00.000Z,KSU1,X,variation,channel,37151.30590207675,nT
2026-04-10T11:26:00.000Z,KSU1,X,variation,channel,37151.19886570868,nT
2026-04-10T11:27:00.000Z,KSU1,X,variation,channel,37151.44437201441,nT
2026-04-10T11:28:00.000Z,KSU1,X,variation,channel,37151.993621895286,nT
2026-04-10T11:29:00.000Z,KSU1,X,variation,channel,37151.77218790847,nT
2026-04-10T11:30:00.000Z,KSU1,X,variation,channel,37151.930921201965,nT
2026-04-10T11:31:00.000Z,KSU1,X,variation,channel,37151.92879369157,nT
2026-04-10T11:32:00.000Z,KSU1,X,variation,channel,37152.09832530631,nT
2026-04-10T11:33:00.000Z,KSU1,X,variation,channel,37152.07780348515,nT
2026-04-10T11:34:00.000Z,KSU1,X,variation,channel,37152.530869534115,nT
2026-04-10T11:35:00.000Z,KSU1,X,variation,channel,37153.138018138336,nT
2026-04-10T11:36:00.000Z,KSU1,X,variation,channel,37154.344806060995,nT
2026-04-10T11:37:00.000Z,KSU1,X,variation,channel,37155.00363966564,nT
2026-04-10T11:38:00.000Z,KSU1,X,variation,channel,37154.576934606885,nT
2026-04-10T11:39:00.000Z,KSU1,X,variation,channel,37154.61679952485,nT
2026-04-10T11:40:00.000Z,KSU1,X,variation,channel,37155.01236802394,nT
2026-04-10T11:41:00.000Z,KSU1,X,variation,channel,37154.71528316965,nT
2026-04-10T11:42:00.000Z,KSU1,X,variation,channel,37154.93159388315,nT
2026-04-10T11:43:00.000Z,KSU1,X,variation,channel,37155.51289460511,nT
2026-04-10T11:44:00.000Z,KSU1,X,variation,channel,37155.14665355747,nT
2026-04-10T11:45:00.000Z,KSU1,X,variation,channel,37155.00400948671,nT
2026-04-10T11:46:00.000Z,KSU1,X,variation,channel,37155.207426271605,nT
2026-04-10T11:47:00.000Z,KSU1,X,variation,channel,37155.76952676898,nT
2026-04-10T11:48:00.000Z,KSU1,X,variation,channel,37155.59545423315,nT
2026-04-10T11:49:00.000Z,KSU1,X,variation,channel,37154.98034672596,nT
2026-04-10T11:50:00.000Z,KSU1,X,variation,channel,37154.2857937883,nT
2026-04-10T11:51:00.000Z,KSU1,X,variation,channel,37153.888327457236,nT
2026-04-10T11:52:00.000Z,KSU1,X,variation,channel,37153.56259751577,nT
2026-04-10T11:53:00.000Z,KSU1,X,variation,channel,37153.67562587389,nT
2026-04-10T11:54:00.000Z,KSU1,X,variation,channel,37153.80705517651,nT
2026-04-10T11:55:00.000Z,KSU1,X,variation,channel,37154.11527033785,nT
2026-04-10T11:56:00.000Z,KSU1,X,variation,channel,37154.091026341965,nT
2026-04-10T11:57:00.000Z,KSU1,X,variation,channel,37153.66805346801,nT
2026-04-10T11:58:00.000Z,KSU1,X,variation,channel,37153.425773573435,nT
2026-04-10T11:59:00.000Z,KSU1,X,variation,channel,37153.16137162701,nT
2026-04-10T12:00:00.000Z,KSU1,X,variation,channel,37152.89498875754,nT
2026-04-10T12:01:00.000Z,KSU1,X,variation,channel,37153.078852256716,nT
2026-04-10T12:02:00.000Z,KSU1,X,variation,channel,37153.47603843794,nT
2026-04-10T12:03:00.000Z,KSU1,X,variation,channel,37153.96436449656,nT
2026-04-10T12:04:00.000Z,KSU1,X,variation,channel,37153.856277960294,nT
2026-04-10T12:05:00.000Z,KSU1,X,variation,channel,37153.97366109683,nT
2026-04-10T12:06:00.000Z,KSU1,X,variation,channel,37154.22819405763,nT
2026-04-10T12:07:00.000Z,KSU1,X,variation,channel,37154.114120714825,nT
2026-04-10T12:08:00.000Z,KSU1,X,variation,channel,37153.65315988509,nT
2026-04-10T12:09:00.000Z,KSU1,X,variation,channel,37153.34670050974,nT
2026-04-10T12:10:00.000Z,KSU1,X,variation,channel,37153.241711678034,nT
2026-04-10T12:11:00.000Z,KSU1,X,variation,channel,37153.00993764148,nT
2026-04-10T12:12:00.000Z,KSU1,X,variation,channel,37152.73664583931,nT
2026-04-10T12:13:00.000Z,KSU1,X,variation,channel,37152.836790630514,nT
2026-04-10T12:14:00.000Z,KSU1,X,variation,channel,37152.80552453221,nT
2026-04-10T12:15:00.000Z,KSU1,X,variation,channel,37152.814704646786,nT
2026-04-10T12:16:00.000Z,KSU1,X,variation,channel,37152.23443966324,nT
2026-04-10T12:17:00.000Z,KSU1,X,variation,channel,37151.85098151947,nT
2026-04-10T12:18:00.000Z,KSU1,X,variation,channel,37151.550082815374,nT
2026-04-10T12:19:00.000Z,KSU1,X,variation,channel,37151.39685645974,nT
2026-04-10T12:20:00.000Z,KSU1,X,variation,channel,37150.82683694905,nT
2026-04-10T12:21:00.000Z,KSU1,X,variation,channel,37150.59316192881,nT
2026-04-10T12:22:00.000Z,KSU1,X,variation,channel,37150.608779817405,nT
2026-04-10T12:23:00.000Z,KSU1,X,variation,channel,37150.35000661374,nT
2026-04-10T12:24:00.000Z,KSU1,X,variation,channel,37149.64514237731,nT
2026-04-10T12:25:00.000Z,KSU1,X,variation,channel,37149.31365733783,nT
2026-04-10T12:26:00.000Z,KSU1,X,variation,channel,37148.88481935443,nT
2026-04-10T12:27:00.000Z,KSU1,X,variation,channel,37148.949572897494,nT
2026-04-10T12:28:00.000Z,KSU1,X,variation,channel,37149.30074200939,nT
2026-04-10T12:29:00.000Z,KSU1,X,variation,channel,37149.36883438942,nT
2026-04-10T12:30:00.000Z,KSU1,X,variation,channel,37148.91603705757,nT
2026-04-10T12:31:00.000Z,KSU1,X,variation,channel,37148.20970304715,nT
2026-04-10T12:32:00.000Z,KSU1,X,variation,channel,37147.6992383063,nT
2026-04-10T12:33:00.000Z,KSU1,X,variation,channel,37147.44377184894,nT
2026-04-10T12:34:00.000Z,KSU1,X,variation,channel,37147.64421428775,nT
2026-04-10T12:35:00.000Z,KSU1,X,variation,channel,37147.745232848945,nT
2026-04-10T12:36:00.000Z,KSU1,X,variation,channel,37147.463522447935,nT
2026-04-10T12:37:00.000Z,KSU1,X,variation,channel,37147.66682647929,nT
2026-04-10T12:38:00.000Z,KSU1,X,variation,channel,37147.63233622145,nT
2026-04-10T12:39:00.000Z,KSU1,X,variation,channel,37147.37064353997,nT
2026-04-10T12:40:00.000Z,KSU1,X,variation,channel,37147.02666279629,nT
2026-04-10T12:41:00.000Z,KSU1,X,variation,channel,37145.974483585785,nT
2026-04-10T12:42:00.000Z,KSU1,X,variation,channel,37145.65421763153,nT
2026-04-10T12:43:00.000Z,KSU1,X,variation,channel,37145.287758904335,nT
2026-04-10T12:44:00.000Z,KSU1,X,variation,channel,37145.092366426245,nT
2026-04-10T12:45:00.000Z,KSU1,X,variation,channel,37144.456165858515,nT
2026-04-10T12:46:00.000Z,KSU1,X,variation,channel,37144.22094946409,nT
2026-04-10T12:47:00.000Z,KSU1,X,variation,channel,37143.51998826101,nT
2026-04-10T12:48:00.000Z,KSU1,X,variation,channel,37142.12419628869,nT
2026-04-10T12:49:00.000Z,KSU1,X,variation,channel,37142.69623471454,nT
2026-04-10T12:50:00.000Z,KSU1,X,variation,channel,37143.25381320154,nT
2026-04-10T12:51:00.000Z,KSU1,X,variation,channel,37142.57239303619,nT
2026-04-10T12:52:00.000Z,KSU1,X,variation,channel,37141.82620672401,nT
2026-04-10T12:53:00.000Z,KSU1,X,variation,channel,37141.555026860246,nT
2026-04-10T12:54:00.000Z,KSU1,X,variation,channel,37141.44284571757,nT
2026-04-10T12:55:00.000Z,KSU1,X,variation,channel,37141.49135725855,nT
2026-04-10T12:56:00.000Z,KSU1,X,variation,channel,37141.10511925722,nT
2026-04-10T12:57:00.000Z,KSU1,X,variation,channel,37141.759301289305,nT
2026-04-10T12:58:00.000Z,KSU1,X,variation,channel,37142.0557841786,nT
2026-04-10T12:59:00.000Z,KSU1,X,variation,channel,37142.20520994602,nT
2026-04-10T13:00:00.000Z,KSU1,X,variation,channel,37142.18938007615,nT
2026-04-10T13:01:00.000Z,KSU1,X,variation,channel,37142.50613245031,nT
2026-04-10T13:02:00.000Z,KSU1,X,variation,channel,37143.2956873114,nT
2026-04-10T13:03:00.000Z,KSU1,X,variation,channel,37144.33454106315,nT
2026-04-10T13:04:00.000Z,KSU1,X,variation,channel,37145.00133884188,nT
2026-04-10T13:05:00.000Z,KSU1,X,variation,channel,37144.550545075916,nT
2026-04-10T13:06:00.000Z,KSU1,X,variation,channel,37143.48036995516,nT
2026-04-10T13:07:00.000Z,KSU1,X,variation,channel,37143.46848382558,nT
2026-04-10T13:08:00.000Z,KSU1,X,variation,channel,37144.616946046895,nT
2026-04-10T13:09:00.000Z,KSU1,X,variation,channel,37146.43906349786,nT
2026-04-10T13:10:00.000Z,KSU1,X,variation,channel,37147.80771757281,nT
2026-04-10T13:11:00.000Z,KSU1,X,variation,channel,37147.34934043937,nT
2026-04-10T13:12:00.000Z,KSU1,X,variation,channel,37144.87294789257,nT
2026-04-10T13:13:00.000Z,KSU1,X,variation,channel,37142.45831261253,nT
2026-04-10T13:14:00.000Z,KSU1,X,variation,channel,37141.74590486879,nT
2026-04-10T13:15:00.000Z,KSU1,X,variation,channel,37141.63144562786,nT
2026-04-10T13:16:00.000Z,KSU1,X,variation,channel,37141.26670991043,nT
2026-04-10T13:17:00.000Z,KSU1,X,variation,channel,37139.33566431649,nT
2026-04-10T13:18:00.000Z,KSU1,X,variation,channel,37137.343357205275,nT
2026-04-10T13:19:00.000Z,KSU1,X,variation,channel,37135.859300249416,nT
2026-04-10T13:20:00.000Z,KSU1,X,variation,channel,37135.02363146413,nT
2026-04-10T13:21:00.000Z,KSU1,X,variation,channel,37134.54880934311,nT
2026-04-10T13:22:00.000Z,KSU1,X,variation,channel,37134.436444602135,nT
2026-04-10T13:23:00.000Z,KSU1,X,variation,channel,37133.448275843606,nT
2026-04-10T13:24:00.000Z,KSU1,X,variation,channel,37131.573671507846,nT
2026-04-10T13:25:00.000Z,KSU1,X,variation,channel,37128.59592309737,nT
2026-04-10T13:26:00.000Z,KSU1,X,variation,channel,37127.01984604363,nT
2026-04-10T13:27:00.000Z,KSU1,X,variation,channel,37125.51105322585,nT
2026-04-10T13:28:00.000Z,KSU1,X,variation,channel,37123.127580289794,nT
2026-04-10T13:29:00.000Z,KSU1,X,variation,channel,37122.09609594092,nT
2026-04-10T13:30:00.000Z,KSU1,X,variation,channel,37121.333642412865,nT
2026-04-10T13:31:00.000Z,KSU1,X,variation,channel,37120.49128723442,nT
2026-04-10T13:32:00.000Z,KSU1,X,variation,channel,37119.37912065629,nT
2026-04-10T13:33:00.000Z,KSU1,X,variation,channel,37119.21903377999,nT
2026-04-10T13:34:00.000Z,KSU1,X,variation,channel,37117.63685915067,nT
2026-04-10T13:35:00.000Z,KSU1,X,variation,channel,37116.25064695815,nT
2026-04-10T13:36:00.000Z,KSU1,X,variation,channel,37115.54508944987,nT
2026-04-10T13:37:00.000Z,KSU1,X,variation,channel,37115.149101066185,nT
2026-04-10T13:38:00.000Z,KSU1,X,variation,channel,37114.64176509905,nT
2026-04-10T13:39:00.000Z,KSU1,X,variation,channel,37114.110952580886,nT
2026-04-10T13:40:00.000Z,KSU1,X,variation,channel,37114.01193408166,nT
2026-04-10T13:41:00.000Z,KSU1,X,variation,channel,37112.92985572875,nT
2026-04-10T13:42:00.000Z,KSU1,X,variation,channel,37111.3800424905,nT
2026-04-10T13:43:00.000Z,KSU1,X,variation,channel,37108.8227370087,nT
2026-04-10T13:44:00.000Z,KSU1,X,variation,channel,37107.288901135726,nT
2026-04-10T13:45:00.000Z,KSU1,X,variation,channel,37106.61066970942,nT
2026-04-10T13:46:00.000Z,KSU1,X,variation,channel,37106.238384050084,nT
2026-04-10T13:47:00.000Z,KSU1,X,variation,channel,37107.845539682334,nT
2026-04-10T13:48:00.000Z,KSU1,X,variation,channel,37113.27711439792,nT
2026-04-10T13:49:00.000Z,KSU1,X,variation,channel,37116.471816112775,nT
2026-04-10T13:50:00.000Z,KSU1,X,variation,channel,37118.95682445646,nT
2026-04-10T13:51:00.000Z,KSU1,X,variation,channel,37121.68419819665,nT
2026-04-10T13:52:00.000Z,KSU1,X,variation,channel,37121.25714854591,nT
2026-04-10T13:53:00.000Z,KSU1,X,variation,channel,37119.19943307672,nT
2026-04-10T13:54:00.000Z,KSU1,X,variation,channel,37119.47901183459,nT
2026-04-10T13:55:00.000Z,KSU1,X,variation,channel,37120.05598796135,nT
2026-04-10T13:56:00.000Z,KSU1,X,variation,channel,37120.1668036567,nT
2026-04-10T13:57:00.000Z,KSU1,X,variation,channel,37119.599045993295,nT
2026-04-10T13:58:00.000Z,KSU1,X,variation,channel,37119.59251458929,nT
2026-04-10T13:59:00.000Z,KSU1,X,variation,channel,37119.39450918778,nT
2026-04-10T14:00:00.000Z,KSU1,X,variation,channel,37119.08066416537,nT
2026-04-10T14:01:00.000Z,KSU1,X,variation,channel,37118.84105159602,nT
2026-04-10T14:02:00.000Z,KSU1,X,variation,channel,37116.66140114992,nT
2026-04-10T14:03:00.000Z,KSU1,X,variation,channel,37115.151991957944,nT
2026-04-10T14:04:00.000Z,KSU1,X,variation,channel,37113.614008485376,nT
2026-04-10T14:05:00.000Z,KSU1,X,variation,channel,37112.79612245503,nT
2026-04-10T14:06:00.000Z,KSU1,X,variation,channel,37112.3138372299,nT
2026-04-10T14:07:00.000Z,KSU1,X,variation,channel,37111.014042251656,nT
2026-04-10T14:08:00.000Z,KSU1,X,variation,channel,37111.053503229276,nT
2026-04-10T14:09:00.000Z,KSU1,X,variation,channel,37111.43287719072,nT
2026-04-10T14:10:00.000Z,KSU1,X,variation,channel,37109.94723095145,nT
2026-04-10T14:11:00.000Z,KSU1,X,variation,channel,37108.21471792837,nT
2026-04-10T14:12:00.000Z,KSU1,X,variation,channel,37109.75092719324,nT
2026-04-10T14:13:00.000Z,KSU1,X,variation,channel,37111.7606591881,nT
2026-04-10T14:14:00.000Z,KSU1,X,variation,channel,37111.90999668766,nT
2026-04-10T14:15:00.000Z,KSU1,X,variation,channel,37113.14555542662,nT
2026-04-10T14:16:00.000Z,KSU1,X,variation,channel,37114.95542062993,nT
2026-04-10T14:17:00.000Z,KSU1,X,variation,channel,37116.368894670726,nT
2026-04-10T14:18:00.000Z,KSU1,X,variation,channel,37117.64318587602,nT
2026-04-10T14:19:00.000Z,KSU1,X,variation,channel,37119.53303395434,nT
2026-04-10T14:20:00.000Z,KSU1,X,variation,channel,37122.089575867,nT
2026-04-10T14:21:00.000Z,KSU1,X,variation,channel,37124.80264989308,nT
2026-04-10T14:22:00.000Z,KSU1,X,variation,channel,37127.46387025381,nT
2026-04-10T14:23:00.000Z,KSU1,X,variation,channel,37130.128094355314,nT
2026-04-10T14:24:00.000Z,KSU1,X,variation,channel,37132.63203483918,nT
2026-04-10T14:25:00.000Z,KSU1,X,variation,channel,37135.55948476316,nT
2026-04-10T14:26:00.000Z,KSU1,X,variation,channel,37137.67007166038,nT
2026-04-10T14:27:00.000Z,KSU1,X,variation,channel,37139.70376545165,nT
2026-04-10T14:28:00.000Z,KSU1,X,variation,channel,37141.159665161154,nT
2026-04-10T14:29:00.000Z,KSU1,X,variation,channel,37142.816643136524,nT
2026-04-10T14:30:00.000Z,KSU1,X,variation,channel,37144.99397089803,nT
2026-04-10T14:31:00.000Z,KSU1,X,variation,channel,37146.91005752564,nT
2026-04-10T14:32:00.000Z,KSU1,X,variation,channel,37147.81665988514,nT
2026-04-10T14:33:00.000Z,KSU1,X,variation,channel,37148.196731240714,nT
2026-04-10T14:34:00.000Z,KSU1,X,variation,channel,37150.2786508792,nT
2026-04-10T14:35:00.000Z,KSU1,X,variation,channel,37151.643951518636,nT
2026-04-10T14:36:00.000Z,KSU1,X,variation,channel,37152.660388323035,nT
2026-04-10T14:37:00.000Z,KSU1,X,variation,channel,37154.351099633815,nT
2026-04-10T14:38:00.000Z,KSU1,X,variation,channel,37154.72801193737,nT
2026-04-10T14:39:00.000Z,KSU1,X,variation,channel,37155.39995491595,nT
2026-04-10T14:40:00.000Z,KSU1,X,variation,channel,37156.902618167456,nT
2026-04-10T14:41:00.000Z,KSU1,X,variation,channel,37158.22606589529,nT
2026-04-10T14:42:00.000Z,KSU1,X,variation,channel,37159.464387083055,nT
2026-04-10T14:43:00.000Z,KSU1,X,variation,channel,37160.747641167036,nT
2026-04-10T14:44:00.000Z,KSU1,X,variation,channel,37161.999606222606,nT
2026-04-10T14:45:00.000Z,KSU1,X,variation,channel,37162.51398418317,nT
2026-04-10T14:46:00.000Z,KSU1,X,variation,channel,37162.707153798656,nT
2026-04-10T14:47:00.000Z,KSU1,X,variation,channel,37162.58584124069,nT
2026-04-10T14:48:00.000Z,KSU1,X,variation,channel,37162.62974098414,nT
2026-04-10T14:49:00.000Z,KSU1,X,variation,channel,37163.68982774502,nT
2026-04-10T14:50:00.000Z,KSU1,X,variation,channel,37163.81370351499,nT
2026-04-10T14:51:00.000Z,KSU1,X,variation,channel,37164.32411186158,nT
2026-04-10T14:52:00.000Z,KSU1,X,variation,channel,37165.548472518116,nT
2026-04-10T14:53:00.000Z,KSU1,X,variation,channel,37164.87181831434,nT
2026-04-10T14:54:00.000Z,KSU1,X,variation,channel,37166.077591820096,nT
2026-04-10T14:55:00.000Z,KSU1,X,variation,channel,37167.58929855881,nT
2026-04-10T14:56:00.000Z,KSU1,X,variation,channel,37168.811835124696,nT
2026-04-10T14:57:00.000Z,KSU1,X,variation,channel,37169.43748401463,nT
2026-04-10T14:58:00.000Z,KSU1,X,variation,channel,37166.89817207732,nT
2026-04-10T14:59:00.000Z,KSU1,X,variation,channel,37168.18338577175,nT
2026-04-10T15:00:00.000Z,KSU1,X,variation,channel,37170.089446936916,nT
2026-04-10T15:01:00.000Z,KSU1,X,variation,channel,37168.858538929664,nT
2026-04-10T15:02:00.000Z,KSU1,X,variation,channel,37163.944762237494,nT
2026-04-10T15:03:00.000Z,KSU1,X,variation,channel,37160.55145344326,nT
2026-04-10T15:04:00.000Z,KSU1,X,variation,channel,37152.427416829865,nT
2026-04-10T15:05:00.000Z,KSU1,X,variation,channel,37150.70926033062,nT
2026-04-10T15:06:00.000Z,KSU1,X,variation,channel,37158.485857063555,nT
2026-04-10T15:07:00.000Z,KSU1,X,variation,channel,37163.19922501929,nT
2026-04-10T15:08:00.000Z,KSU1,X,variation,channel,37159.31831982138,nT
2026-04-10T15:09:00.000Z,KSU1,X,variation,channel,37154.94463314896,nT
2026-04-10T15:10:00.000Z,KSU1,X,variation,channel,37153.31607107951,nT
2026-04-10T15:11:00.000Z,KSU1,X,variation,channel,37152.41851963222,nT
2026-04-10T15:12:00.000Z,KSU1,X,variation,channel,37151.4374468716,nT
2026-04-10T15:13:00.000Z,KSU1,X,variation,channel,37152.022018652344,nT
2026-04-10T15:14:00.000Z,KSU1,X,variation,channel,37152.173152341085,nT
2026-04-10T15:15:00.000Z,KSU1,X,variation,channel,37151.45443821929,nT
2026-04-10T15:16:00.000Z,KSU1,X,variation,channel,37151.22246863682,nT
2026-04-10T15:17:00.000Z,KSU1,X,variation,channel,37151.89717956824,nT
2026-04-10T15:18:00.000Z,KSU1,X,variation,channel,37151.94362296558,nT
2026-04-10T15:19:00.000Z,KSU1,X,variation,channel,37150.41534488241,nT
2026-04-10T15:20:00.000Z,KSU1,X,variation,channel,37150.077388599595,nT
2026-04-10T15:21:00.000Z,KSU1,X,variation,channel,37150.18447352021,nT
2026-04-10T15:22:00.000Z,KSU1,X,variation,channel,37150.80874610687,nT
2026-04-10T15:23:00.000Z,KSU1,X,variation,channel,37152.116265055105,nT
2026-04-10T15:24:00.000Z,KSU1,X,variation,channel,37152.69151300399,nT
2026-04-10T15:25:00.000Z,KSU1,X,variation,channel,37153.881824506636,nT
2026-04-10T15:26:00.000Z,KSU1,X,variation,channel,37154.243769401866,nT
2026-04-10T15:27:00.000Z,KSU1,X,variation,channel,37154.532700560136,nT
2026-04-10T15:28:00.000Z,KSU1,X,variation,channel,37155.676748723505,nT
2026-04-10T15:29:00.000Z,KSU1,X,variation,channel,37156.70616979208,nT
2026-04-10T15:30:00.000Z,KSU1,X,variation,channel,37156.3802379005,nT
2026-04-10T15:31:00.000Z,KSU1,X,variation,channel,37155.29400688718,nT
2026-04-10T15:32:00.000Z,KSU1,X,variation,channel,37156.0743657224,nT
2026-04-10T15:33:00.000Z,KSU1,X,variation,channel,37157.14322716444,nT
2026-04-10T15:34:00.000Z,KSU1,X,variation,channel,37156.62942539637,nT
2026-04-10T15:35:00.000Z,KSU1,X,variation,channel,37156.47124316106,nT
2026-04-10T15:36:00.000Z,KSU1,X,variation,channel,37156.77966687819,nT
2026-04-10T15:37:00.000Z,KSU1,X,variation,channel,37157.89957987863,nT
2026-04-10T15:38:00.000Z,KSU1,X,variation,channel,37158.17256973448,nT
2026-04-10T15:39:00.000Z,KSU1,X,variation,channel,37158.88063373009,nT
2026-04-10T15:40:00.000Z,KSU1,X,variation,channel,37158.4672119385,nT
2026-04-10T15:41:00.000Z,KSU1,X,variation,channel,37157.178823129216,nT
2026-04-10T15:42:00.000Z,KSU1,X,variation,channel,37156.717301617115,nT
2026-04-10T15:43:00.000Z,KSU1,X,variation,channel,37157.2048770111,nT
2026-04-10T15:44:00.000Z,KSU1,X,variation,channel,37157.595335813574,nT
2026-04-10T15:45:00.000Z,KSU1,X,variation,channel,37158.626375502776,nT
2026-04-10T15:46:00.000Z,KSU1,X,variation,channel,37159.6298733435,nT
2026-04-10T15:47:00.000Z,KSU1,X,variation,channel,37159.73598902218,nT
2026-04-10T15:48:00.000Z,KSU1,X,variation,channel,37159.927404132024,nT
2026-04-10T15:49:00.000Z,KSU1,X,variation,channel,37160.453703656625,nT
2026-04-10T15:50:00.000Z,KSU1,X,variation,channel,37161.21843763352,nT
2026-04-10T15:51:00.000Z,KSU1,X,variation,channel,37161.413229465696,nT
2026-04-10T15:52:00.000Z,KSU1,X,variation,channel,37160.315674007354,nT
2026-04-10T15:53:00.000Z,KSU1,X,variation,channel,37159.58505218736,nT
2026-04-10T15:54:00.000Z,KSU1,X,variation,channel,37159.523454298745,nT
2026-04-10T15:55:00.000Z,KSU1,X,variation,channel,37159.2791205171,nT
2026-04-10T15:56:00.000Z,KSU1,X,variation,channel,37159.62718968026,nT
2026-04-10T15:57:00.000Z,KSU1,X,variation,channel,37159.48922207268,nT
2026-04-10T15:58:00.000Z,KSU1,X,variation,channel,37161.718630385716,nT
2026-04-10T15:59:00.000Z,KSU1,X,variation,channel,37163.09862414483,nT
2026-04-10T16:00:00.000Z,KSU1,X,variation,channel,37161.85732564566,nT
2026-04-10T16:01:00.000Z,KSU1,X,variation,channel,37160.49854577398,nT
2026-04-10T16:02:00.000Z,KSU1,X,variation,channel,37159.63423366268,nT
2026-04-10T16:03:00.000Z,KSU1,X,variation,channel,37160.69009843998,nT
2026-04-10T16:04:00.000Z,KSU1,X,variation,channel,37159.97900105977,nT
2026-04-10T16:05:00.000Z,KSU1,X,variation,channel,37161.03030075275,nT
2026-04-10T16:06:00.000Z,KSU1,X,variation,channel,37162.34398351962,nT
2026-04-10T16:07:00.000Z,KSU1,X,variation,channel,37163.52828589521,nT
2026-04-10T16:08:00.000Z,KSU1,X,variation,channel,37160.598428623955,nT
2026-04-10T16:09:00.000Z,KSU1,X,variation,channel,37159.45288967056,nT
2026-04-10T16:10:00.000Z,KSU1,X,variation,channel,37158.379323589084,nT
2026-04-10T16:11:00.000Z,KSU1,X,variation,channel,37161.10584737534,nT
2026-04-10T16:12:00.000Z,KSU1,X,variation,channel,37161.35400921708,nT
2026-04-10T16:13:00.000Z,KSU1,X,variation,channel,37160.723671021166,nT
2026-04-10T16:14:00.000Z,KSU1,X,variation,channel,37159.451311383884,nT
2026-04-10T16:15:00.000Z,KSU1,X,variation,channel,37160.400753844486,nT
2026-04-10T16:16:00.000Z,KSU1,X,variation,channel,37160.71026035808,nT
2026-04-10T16:17:00.000Z,KSU1,X,variation,channel,37160.49854887127,nT
2026-04-10T16:18:00.000Z,KSU1,X,variation,channel,37160.98519008825,nT
2026-04-10T16:19:00.000Z,KSU1,X,variation,channel,37163.01198875835,nT
2026-04-10T16:20:00.000Z,KSU1,X,variation,channel,37164.92759569731,nT
2026-04-10T16:21:00.000Z,KSU1,X,variation,channel,37164.76137826918,nT
2026-04-10T16:22:00.000Z,KSU1,X,variation,channel,37161.78787115765,nT
2026-04-10T16:23:00.000Z,KSU1,X,variation,channel,37163.13201817633,nT
2026-04-10T16:24:00.000Z,KSU1,X,variation,channel,37165.23985106601,nT
2026-04-10T16:25:00.000Z,KSU1,X,variation,channel,37164.521537787296,nT
2026-04-10T16:26:00.000Z,KSU1,X,variation,channel,37160.70638327861,nT
2026-04-10T16:27:00.000Z,KSU1,X,variation,channel,37161.701290891004,nT
2026-04-10T16:28:00.000Z,KSU1,X,variation,channel,37160.251893490495,nT
2026-04-10T16:29:00.000Z,KSU1,X,variation,channel,37160.96844700343,nT
2026-04-10T16:30:00.000Z,KSU1,X,variation,channel,37162.93497460428,nT
2026-04-10T16:31:00.000Z,KSU1,X,variation,channel,37162.40827584349,nT
2026-04-10T16:32:00.000Z,KSU1,X,variation,channel,37161.57015395296,nT
2026-04-10T16:33:00.000Z,KSU1,X,variation,channel,37160.47691171752,nT
2026-04-10T16:34:00.000Z,KSU1,X,variation,channel,37159.913246131095,nT
2026-04-10T16:35:00.000Z,KSU1,X,variation,channel,37159.783607803736,nT
2026-04-10T16:36:00.000Z,KSU1,X,variation,channel,37159.97648352545,nT
2026-04-10T16:37:00.000Z,KSU1,X,variation,channel,37159.32253175698,nT
2026-04-10T16:38:00.000Z,KSU1,X,variation,channel,37158.69397050593,nT
2026-04-10T16:39:00.000Z,KSU1,X,variation,channel,37159.19086266248,nT
2026-04-10T16:40:00.000Z,KSU1,X,variation,channel,37159.401439677786,nT
2026-04-10T16:41:00.000Z,KSU1,X,variation,channel,37158.57544577127,nT
2026-04-10T16:42:00.000Z,KSU1,X,variation,channel,37156.13119679107,nT
2026-04-10T16:43:00.000Z,KSU1,X,variation,channel,37155.549297757134,nT
2026-04-10T16:44:00.000Z,KSU1,X,variation,channel,37154.85285812911,nT
2026-04-10T16:45:00.000Z,KSU1,X,variation,channel,37155.78707920073,nT
2026-04-10T16:46:00.000Z,KSU1,X,variation,channel,37162.937064006626,nT
2026-04-10T16:47:00.000Z,KSU1,X,variation,channel,37153.88184881092,nT
2026-04-10T16:48:00.000Z,KSU1,X,variation,channel,37153.81794007126,nT
2026-04-10T16:49:00.000Z,KSU1,X,variation,channel,37155.34100657535,nT
2026-04-10T16:50:00.000Z,KSU1,X,variation,channel,37155.95149371244,nT
2026-04-10T16:51:00.000Z,KSU1,X,variation,channel,37153.3255971031,nT
2026-04-10T16:52:00.000Z,KSU1,X,variation,channel,37151.91467756246,nT
2026-04-10T16:53:00.000Z,KSU1,X,variation,channel,37153.22393130401,nT
2026-04-10T16:54:00.000Z,KSU1,X,variation,channel,37153.313734240925,nT
2026-04-10T16:55:00.000Z,KSU1,X,variation,channel,37154.05599935027,nT
2026-04-10T16:56:00.000Z,KSU1,X,variation,channel,37154.55737689487,nT
2026-04-10T16:57:00.000Z,KSU1,X,variation,channel,37155.69086974574,nT
2026-04-10T16:58:00.000Z,KSU1,X,variation,channel,37154.12411616483,nT
2026-04-10T16:59:00.000Z,KSU1,X,variation,channel,37153.34075641412,nT
2026-04-10T17:00:00.000Z,KSU1,X,variation,channel,37153.59993294615,nT
2026-04-10T17:01:00.000Z,KSU1,X,variation,channel,37152.05065340391,nT
2026-04-10T17:02:00.000Z,KSU1,X,variation,channel,37153.20863306865,nT
2026-04-10T17:03:00.000Z,KSU1,X,variation,channel,37152.29492739624,nT
2026-04-10T17:04:00.000Z,KSU1,X,variation,channel,37153.29206198749,nT
2026-04-10T17:05:00.000Z,KSU1,X,variation,channel,37153.704039373115,nT
2026-04-10T17:06:00.000Z,KSU1,X,variation,channel,37152.59768906282,nT
2026-04-10T17:07:00.000Z,KSU1,X,variation,channel,37151.57482456534,nT
2026-04-10T17:08:00.000Z,KSU1,X,variation,channel,37151.65229901053,nT
2026-04-10T17:09:00.000Z,KSU1,X,variation,channel,37152.33128053733,nT
2026-04-10T17:10:00.000Z,KSU1,X,variation,channel,37153.10700282935,nT
2026-04-10T17:11:00.000Z,KSU1,X,variation,channel,37153.34467138572,nT
2026-04-10T17:12:00.000Z,KSU1,X,variation,channel,37153.44764244412,nT
2026-04-10T17:13:00.000Z,KSU1,X,variation,channel,37153.32241056228,nT
2026-04-10T17:14:00.000Z,KSU1,X,variation,channel,37151.39754619628,nT
2026-04-10T17:15:00.000Z,KSU1,X,variation,channel,37151.26150345486,nT
2026-04-10T17:16:00.000Z,KSU1,X,variation,channel,37152.785446970775,nT
2026-04-10T17:17:00.000Z,KSU1,X,variation,channel,37155.44979673977,nT
2026-04-10T17:18:00.000Z,KSU1,X,variation,channel,37156.63623873339,nT
2026-04-10T17:19:00.000Z,KSU1,X,variation,channel,37155.38603087451,nT
2026-04-10T17:20:00.000Z,KSU1,X,variation,channel,37152.89428106079,nT
2026-04-10T17:21:00.000Z,KSU1,X,variation,channel,37152.11776809942,nT
2026-04-10T17:22:00.000Z,KSU1,X,variation,channel,37152.08652183347,nT
2026-04-10T17:23:00.000Z,KSU1,X,variation,channel,37150.4225606663,nT
2026-04-10T17:24:00.000Z,KSU1,X,variation,channel,37150.40053969426,nT
2026-04-10T17:25:00.000Z,KSU1,X,variation,channel,37151.17376762478,nT
2026-04-10T17:26:00.000Z,KSU1,X,variation,channel,37150.310475833045,nT
2026-04-10T17:27:00.000Z,KSU1,X,variation,channel,37149.59717497593,nT
2026-04-10T17:28:00.000Z,KSU1,X,variation,channel,37149.76826257691,nT
2026-04-10T17:29:00.000Z,KSU1,X,variation,channel,37147.89824478845,nT
2026-04-10T17:30:00.000Z,KSU1,X,variation,channel,37145.27176832343,nT
2026-04-10T17:31:00.000Z,KSU1,X,variation,channel,37143.37546438487,nT
2026-04-10T17:32:00.000Z,KSU1,X,variation,channel,37143.27345370618,nT
2026-04-10T17:33:00.000Z,KSU1,X,variation,channel,37149.310004807274,nT
2026-04-10T17:34:00.000Z,KSU1,X,variation,channel,37150.213711734345,nT
2026-04-10T17:35:00.000Z,KSU1,X,variation,channel,37149.525165285384,nT
2026-04-10T17:36:00.000Z,KSU1,X,variation,channel,37147.044059587584,nT
2026-04-10T17:37:00.000Z,KSU1,X,variation,channel,37146.23872358791,nT
2026-04-10T17:38:00.000Z,KSU1,X,variation,channel,37146.81726190673,nT
2026-04-10T17:39:00.000Z,KSU1,X,variation,channel,37146.51827905844,nT
2026-04-10T17:40:00.000Z,KSU1,X,variation,channel,37145.71055403542,nT
2026-04-10T17:41:00.000Z,KSU1,X,variation,channel,37145.039933032815,nT
2026-04-10T17:42:00.000Z,KSU1,X,variation,channel,37144.65950952604,nT
2026-04-10T17:43:00.000Z,KSU1,X,variation,channel,37142.20590328914,nT
2026-04-10T17:44:00.000Z,KSU1,X,variation,channel,37139.40836435317,nT
2026-04-10T17:45:00.000Z,KSU1,X,variation,channel,37142.2605878114,nT
2026-04-10T17:46:00.000Z,KSU1,X,variation,channel,37145.269277443644,nT
2026-04-10T17:47:00.000Z,KSU1,X,variation,channel,37147.715200282066,nT
2026-04-10T17:48:00.000Z,KSU1,X,variation,channel,37146.803025636895,nT
2026-04-10T17:49:00.000Z,KSU1,X,variation,channel,37142.007572066264,nT
2026-04-10T17:50:00.000Z,KSU1,X,variation,channel,37143.805040219406,nT
2026-04-10T17:51:00.000Z,KSU1,X,variation,channel,37144.881236131165,nT
2026-04-10T17:52:00.000Z,KSU1,X,variation,channel,37143.13523910385,nT
2026-04-10T17:53:00.000Z,KSU1,X,variation,channel,37141.871782906455,nT
2026-04-10T17:54:00.000Z,KSU1,X,variation,channel,37139.806552033166,nT
2026-04-10T17:55:00.000Z,KSU1,X,variation,channel,37138.26708099823,nT
2026-04-10T17:56:00.000Z,KSU1,X,variation,channel,37136.7431942586,nT
2026-04-10T17:57:00.000Z,KSU1,X,variation,channel,37136.52515185776,nT
2026-04-10T17:58:00.000Z,KSU1,X,variation,channel,37135.530768871664,nT
2026-04-10T17:59:00.000Z,KSU1,X,variation,channel,37134.68358794867,nT
2026-04-10T18:00:00.000Z,KSU1,X,variation,channel,37133.29638697712,nT
2026-04-10T18:01:00.000Z,KSU1,X,variation,channel,37132.13843978531,nT
2026-04-10T18:02:00.000Z,KSU1,X,variation,channel,37132.18506460854,nT
2026-04-10T18:03:00.000Z,KSU1,X,variation,channel,37131.88647189962,nT
2026-04-10T18:04:00.000Z,KSU1,X,variation,channel,37131.07992898851,nT
2026-04-10T18:05:00.000Z,KSU1,X,variation,channel,37130.62130954419,nT
2026-04-10T18:06:00.000Z,KSU1,X,variation,channel,37131.362465288,nT
2026-04-10T18:07:00.000Z,KSU1,X,variation,channel,37131.29109005579,nT
2026-04-10T18:08:00.000Z,KSU1,X,variation,channel,37128.751224297965,nT
2026-04-10T18:09:00.000Z,KSU1,X,variation,channel,37128.0296062687,nT
2026-04-10T18:10:00.000Z,KSU1,X,variation,channel,37127.451243073476,nT
2026-04-10T18:11:00.000Z,KSU1,X,variation,channel,37126.873261490786,nT
2026-04-10T18:12:00.000Z,KSU1,X,variation,channel,37128.670982343785,nT
2026-04-10T18:13:00.000Z,KSU1,X,variation,channel,37127.79711277508,nT
2026-04-10T18:14:00.000Z,KSU1,X,variation,channel,37127.51967217745,nT
2026-04-10T18:15:00.000Z,KSU1,X,variation,channel,37128.32508039375,nT
2026-04-10T18:16:00.000Z,KSU1,X,variation,channel,37128.7071100008,nT
2026-04-10T18:17:00.000Z,KSU1,X,variation,channel,37128.86437784571,nT
2026-04-10T18:18:00.000Z,KSU1,X,variation,channel,37127.679893822555,nT
2026-04-10T18:19:00.000Z,KSU1,X,variation,channel,37127.764770462825,nT
2026-04-10T18:20:00.000Z,KSU1,X,variation,channel,37128.19389054679,nT
2026-04-10T18:21:00.000Z,KSU1,X,variation,channel,37126.8132559492,nT
2026-04-10T18:22:00.000Z,KSU1,X,variation,channel,37128.14462490206,nT
2026-04-10T18:23:00.000Z,KSU1,X,variation,channel,37128.51022318639,nT
2026-04-10T18:24:00.000Z,KSU1,X,variation,channel,37127.800864188335,nT
2026-04-10T18:25:00.000Z,KSU1,X,variation,channel,37127.6425191806,nT
2026-04-10T18:26:00.000Z,KSU1,X,variation,channel,37127.85395023976,nT
2026-04-10T18:27:00.000Z,KSU1,X,variation,channel,37127.90396209545,nT
2026-04-10T18:28:00.000Z,KSU1,X,variation,channel,37129.41468020259,nT
2026-04-10T18:29:00.000Z,KSU1,X,variation,channel,37129.88113488017,nT
2026-04-10T18:30:00.000Z,KSU1,X,variation,channel,37129.681031623026,nT
2026-04-10T18:31:00.000Z,KSU1,X,variation,channel,37129.34346888726,nT
2026-04-10T18:32:00.000Z,KSU1,X,variation,channel,37131.528328965425,nT
2026-04-10T18:33:00.000Z,KSU1,X,variation,channel,37130.22485290048,nT
2026-04-10T18:34:00.000Z,KSU1,X,variation,channel,37130.201983808765,nT
2026-04-10T18:35:00.000Z,KSU1,X,variation,channel,37129.50675042154,nT
2026-04-10T18:36:00.000Z,KSU1,X,variation,channel,37128.725020327794,nT
2026-04-10T18:37:00.000Z,KSU1,X,variation,channel,37129.13356988911,nT
2026-04-10T18:38:00.000Z,KSU1,X,variation,channel,37129.75366157447,nT
2026-04-10T18:39:00.000Z,KSU1,X,variation,channel,37129.570750476334,nT
2026-04-10T18:40:00.000Z,KSU1,X,variation,channel,37128.598952044325,nT
2026-04-10T18:41:00.000Z,KSU1,X,variation,channel,37128.88771936758,nT
2026-04-10T18:42:00.000Z,KSU1,X,variation,channel,37127.205221443735,nT
2026-04-10T18:43:00.000Z,KSU1,X,variation,channel,37126.28666288119,nT
2026-04-10T18:44:00.000Z,KSU1,X,variation,channel,37125.89813080714,nT
2026-04-10T18:45:00.000Z,KSU1,X,variation,channel,37125.57391681986,nT
2026-04-10T18:46:00.000Z,KSU1,X,variation,channel,37127.07679465326,nT
2026-04-10T18:47:00.000Z,KSU1,X,variation,channel,37125.78151825249,nT
2026-04-10T18:48:00.000Z,KSU1,X,variation,channel,37124.61437691184,nT
2026-04-10T18:49:00.000Z,KSU1,X,variation,channel,37124.29421114754,nT
2026-04-10T18:50:00.000Z,KSU1,X,variation,channel,37124.32068112849,nT
2026-04-10T18:51:00.000Z,KSU1,X,variation,channel,37123.398454756134,nT
2026-04-10T18:52:00.000Z,KSU1,X,variation,channel,37122.55776319632,nT
2026-04-10T18:53:00.000Z,KSU1,X,variation,channel,37121.383585922704,nT
2026-04-10T18:54:00.000Z,KSU1,X,variation,channel,37120.3779246528,nT
2026-04-10T18:55:00.000Z,KSU1,X,variation,channel,37120.64045353871,nT
2026-04-10T18:56:00.000Z,KSU1,X,variation,channel,37120.48050959639,nT
2026-04-10T18:57:00.000Z,KSU1,X,variation,channel,37120.59938826136,nT
2026-04-10T18:58:00.000Z,KSU1,X,variation,channel,37121.346405485194,nT
2026-04-10T18:59:00.000Z,KSU1,X,variation,channel,37121.08760948299,nT
2026-04-10T19:00:00.000Z,KSU1,X,variation,channel,37117.9175104619,nT
2026-04-10T19:01:00.000Z,KSU1,X,variation,channel,37118.52924730082,nT
2026-04-10T19:02:00.000Z,KSU1,X,variation,channel,37119.26541823479,nT
2026-04-10T19:03:00.000Z,KSU1,X,variation,channel,37117.40950662029,nT
2026-04-10T19:04:00.000Z,KSU1,X,variation,channel,37118.180540392714,nT
2026-04-10T19:05:00.000Z,KSU1,X,variation,channel,37117.35384464724,nT
2026-04-10T19:06:00.000Z,KSU1,X,variation,channel,37116.710381866855,nT
2026-04-10T19:07:00.000Z,KSU1,X,variation,channel,37116.04415195315,nT
2026-04-10T19:08:00.000Z,KSU1,X,variation,channel,37117.85231276652,nT
2026-04-10T19:09:00.000Z,KSU1,X,variation,channel,37121.214783001116,nT
2026-04-10T19:10:00.000Z,KSU1,X,variation,channel,37121.8755557494,nT
2026-04-10T19:11:00.000Z,KSU1,X,variation,channel,37121.325123603914,nT
2026-04-10T19:12:00.000Z,KSU1,X,variation,channel,37121.01132518594,nT
2026-04-10T19:13:00.000Z,KSU1,X,variation,channel,37121.32906269762,nT
2026-04-10T19:14:00.000Z,KSU1,X,variation,channel,37122.644879696876,nT
2026-04-10T19:15:00.000Z,KSU1,X,variation,channel,37123.44871205106,nT
2026-04-10T19:16:00.000Z,KSU1,X,variation,channel,37122.63175609483,nT
2026-04-10T19:17:00.000Z,KSU1,X,variation,channel,37122.73906143353,nT
2026-04-10T19:18:00.000Z,KSU1,X,variation,channel,37123.73267760746,nT
2026-04-10T19:19:00.000Z,KSU1,X,variation,channel,37124.08271412054,nT
2026-04-10T19:20:00.000Z,KSU1,X,variation,channel,37124.637147614834,nT
2026-04-10T19:21:00.000Z,KSU1,X,variation,channel,37125.14597633826,nT
2026-04-10T19:22:00.000Z,KSU1,X,variation,channel,37124.96650819844,nT
2026-04-10T19:23:00.000Z,KSU1,X,variation,channel,37124.854898901234,nT
2026-04-10T19:24:00.000Z,KSU1,X,variation,channel,37125.11119404362,nT
2026-04-10T19:25:00.000Z,KSU1,X,variation,channel,37125.69106792967,nT
2026-04-10T19:26:00.000Z,KSU1,X,variation,channel,37125.95923246263,nT
2026-04-10T19:27:00.000Z,KSU1,X,variation,channel,37125.811360642256,nT
2026-04-10T19:28:00.000Z,KSU1,X,variation,channel,37126.59249055683,nT
2026-04-10T19:29:00.000Z,KSU1,X,variation,channel,37127.70079726982,nT
2026-04-10T19:30:00.000Z,KSU1,X,variation,channel,37128.67369432147,nT
2026-04-10T19:31:00.000Z,KSU1,X,variation,channel,37129.444728260816,nT
2026-04-10T19:32:00.000Z,KSU1,X,variation,channel,37130.488139711546,nT
2026-04-10T19:33:00.000Z,KSU1,X,variation,channel,37130.30980801697,nT
2026-04-10T19:34:00.000Z,KSU1,X,variation,channel,37130.456821583706,nT
2026-04-10T19:35:00.000Z,KSU1,X,variation,channel,37131.284415127106,nT
2026-04-10T19:36:00.000Z,KSU1,X,variation,channel,37131.22517265606,nT
2026-04-10T19:37:00.000Z,KSU1,X,variation,channel,37130.48278402856,nT
2026-04-10T19:38:00.000Z,KSU1,X,variation,channel,37131.09842548345,nT
2026-04-10T19:39:00.000Z,KSU1,X,variation,channel,37130.51785630902,nT
2026-04-10T19:40:00.000Z,KSU1,X,variation,channel,37130.11459862227,nT
2026-04-10T19:41:00.000Z,KSU1,X,variation,channel,37129.89834392031,nT
2026-04-10T19:42:00.000Z,KSU1,X,variation,channel,37129.51242016166,nT
2026-04-10T19:43:00.000Z,KSU1,X,variation,channel,37131.04608213011,nT
2026-04-10T19:44:00.000Z,KSU1,X,variation,channel,37131.51648510027,nT
2026-04-10T19:45:00.000Z,KSU1,X,variation,channel,37132.79532830124,nT
2026-04-10T19:46:00.000Z,KSU1,X,variation,channel,37133.213452225515,nT
2026-04-10T19:47:00.000Z,KSU1,X,variation,channel,37132.93504047654,nT
2026-04-10T19:48:00.000Z,KSU1,X,variation,channel,37132.09942866763,nT
2026-04-10T19:49:00.000Z,KSU1,X,variation,channel,37131.83297877726,nT
2026-04-10T19:50:00.000Z,KSU1,X,variation,channel,37131.420724257994,nT
2026-04-10T19:51:00.000Z,KSU1,X,variation,channel,37128.18456825204,nT
2026-04-10T19:52:00.000Z,KSU1,X,variation,channel,37128.840472795884,nT
2026-04-10T19:53:00.000Z,KSU1,X,variation,channel,37132.56154382836,nT
2026-04-10T19:54:00.000Z,KSU1,X,variation,channel,37133.81859258349,nT
2026-04-10T19:55:00.000Z,KSU1,X,variation,channel,37132.06408575256,nT
2026-04-10T19:56:00.000Z,KSU1,X,variation,channel,37130.672045411586,nT
2026-04-10T19:57:00.000Z,KSU1,X,variation,channel,37128.61199065613,nT
2026-04-10T19:58:00.000Z,KSU1,X,variation,channel,37128.464184010474,nT
2026-04-10T19:59:00.000Z,KSU1,X,variation,channel,37131.51486351413,nT
2026-04-10T20:00:00.000Z,KSU1,X,variation,channel,37134.60843394421,nT
2026-04-10T20:01:00.000Z,KSU1,X,variation,channel,37136.37366561278,nT
2026-04-10T20:02:00.000Z,KSU1,X,variation,channel,37136.55851260372,nT
2026-04-10T20:03:00.000Z,KSU1,X,variation,channel,37135.89770081695,nT
2026-04-10T20:04:00.000Z,KSU1,X,variation,channel,37134.23216775864,nT
2026-04-10T20:05:00.000Z,KSU1,X,variation,channel,37133.13244743626,nT
2026-04-10T20:06:00.000Z,KSU1,X,variation,channel,37133.363919692136,nT
2026-04-10T20:07:00.000Z,KSU1,X,variation,channel,37134.45748889035,nT
2026-04-10T20:08:00.000Z,KSU1,X,variation,channel,37135.71167859938,nT
2026-04-10T20:09:00.000Z,KSU1,X,variation,channel,37136.42250105872,nT
2026-04-10T20:10:00.000Z,KSU1,X,variation,channel,37137.54619999006,nT
2026-04-10T20:11:00.000Z,KSU1,X,variation,channel,37137.59648356533,nT
2026-04-10T20:12:00.000Z,KSU1,X,variation,channel,37137.18020723228,nT
2026-04-10T20:13:00.000Z,KSU1,X,variation,channel,37136.336181221464,nT
2026-04-10T20:14:00.000Z,KSU1,X,variation,channel,37136.38850859899,nT
2026-04-10T20:15:00.000Z,KSU1,X,variation,channel,37137.97445954558,nT
2026-04-10T20:16:00.000Z,KSU1,X,variation,channel,37139.4177231765,nT
2026-04-10T20:17:00.000Z,KSU1,X,variation,channel,37140.16164699475,nT
2026-04-10T20:18:00.000Z,KSU1,X,variation,channel,37139.183355332716,nT
2026-04-10T20:19:00.000Z,KSU1,X,variation,channel,37140.93672015341,nT
2026-04-10T20:20:00.000Z,KSU1,X,variation,channel,37142.84288359754,nT
2026-04-10T20:21:00.000Z,KSU1,X,variation,channel,37140.80533583294,nT
2026-04-10T20:22:00.000Z,KSU1,X,variation,channel,37137.811087489594,nT
2026-04-10T20:23:00.000Z,KSU1,X,variation,channel,37137.69601233472,nT
2026-04-10T20:24:00.000Z,KSU1,X,variation,channel,37139.17167537299,nT
2026-04-10T20:25:00.000Z,KSU1,X,variation,channel,37140.694747320136,nT
2026-04-10T20:26:00.000Z,KSU1,X,variation,channel,37142.17432941785,nT
2026-04-10T20:27:00.000Z,KSU1,X,variation,channel,37142.18611512689,nT
2026-04-10T20:28:00.000Z,KSU1,X,variation,channel,37141.1365905034,nT
2026-04-10T20:29:00.000Z,KSU1,X,variation,channel,37140.55864036663,nT
2026-04-10T20:30:00.000Z,KSU1,X,variation,channel,37140.48593030888,nT
2026-04-10T20:31:00.000Z,KSU1,X,variation,channel,37139.65681447144,nT
2026-04-10T20:32:00.000Z,KSU1,X,variation,channel,37138.3970511366,nT
2026-04-10T20:33:00.000Z,KSU1,X,variation,channel,37137.01365486374,nT
2026-04-10T20:34:00.000Z,KSU1,X,variation,channel,37137.602226494404,nT
2026-04-10T20:35:00.000Z,KSU1,X,variation,channel,37138.2366210086,nT
2026-04-10T20:36:00.000Z,KSU1,X,variation,channel,37138.02307875606,nT
2026-04-10T20:37:00.000Z,KSU1,X,variation,channel,37136.67791935975,nT
2026-04-10T20:38:00.000Z,KSU1,X,variation,channel,37135.280804957314,nT
2026-04-10T20:39:00.000Z,KSU1,X,variation,channel,37135.217833796814,nT
2026-04-10T20:40:00.000Z,KSU1,X,variation,channel,37134.749259254466,nT
2026-04-10T20:41:00.000Z,KSU1,X,variation,channel,37134.37431883344,nT
2026-04-10T20:42:00.000Z,KSU1,X,variation,channel,37135.64154461715,nT
2026-04-10T20:43:00.000Z,KSU1,X,variation,channel,37135.94368547664,nT
2026-04-10T20:44:00.000Z,KSU1,X,variation,channel,37135.87828409085,nT
2026-04-10T20:45:00.000Z,KSU1,X,variation,channel,37136.10308722199,nT
2026-04-10T20:46:00.000Z,KSU1,X,variation,channel,37136.64579720621,nT
2026-04-10T20:47:00.000Z,KSU1,X,variation,channel,37135.55226110158,nT
2026-04-10T20:48:00.000Z,KSU1,X,variation,channel,37135.25818119796,nT
2026-04-10T20:49:00.000Z,KSU1,X,variation,channel,37136.11820978461,nT
2026-04-10T20:50:00.000Z,KSU1,X,variation,channel,37135.91280274955,nT
2026-04-10T20:51:00.000Z,KSU1,X,variation,channel,37136.02806291431,nT
2026-04-10T20:52:00.000Z,KSU1,X,variation,channel,37135.929340752846,nT
2026-04-10T20:53:00.000Z,KSU1,X,variation,channel,37137.04798501775,nT
2026-04-10T20:54:00.000Z,KSU1,X,variation,channel,37136.63685090916,nT
2026-04-10T20:55:00.000Z,KSU1,X,variation,channel,37136.1161437593,nT
2026-04-10T20:56:00.000Z,KSU1,X,variation,channel,37137.48876819872,nT
2026-04-10T20:57:00.000Z,KSU1,X,variation,channel,37137.99087086167,nT
2026-04-10T20:58:00.000Z,KSU1,X,variation,channel,37136.62302123663,nT
2026-04-10T20:59:00.000Z,KSU1,X,variation,channel,37137.708098074465,nT
2026-04-10T21:00:00.000Z,KSU1,X,variation,channel,37137.733329008304,nT
2026-04-10T21:01:00.000Z,KSU1,X,variation,channel,37137.14948237567,nT
2026-04-10T21:02:00.000Z,KSU1,X,variation,channel,37136.349372811004,nT
2026-04-10T21:03:00.000Z,KSU1,X,variation,channel,37135.85986231572,nT
2026-04-10T21:04:00.000Z,KSU1,X,variation,channel,37136.60657128983,nT
2026-04-10T21:05:00.000Z,KSU1,X,variation,channel,37136.9325155128,nT
2026-04-10T21:06:00.000Z,KSU1,X,variation,channel,37138.56401323038,nT
2026-04-10T21:07:00.000Z,KSU1,X,variation,channel,37138.74805946091,nT
2026-04-10T21:08:00.000Z,KSU1,X,variation,channel,37136.58905121597,nT
2026-04-10T21:09:00.000Z,KSU1,X,variation,channel,37135.627709581415,nT
2026-04-10T21:10:00.000Z,KSU1,X,variation,channel,37134.57664618062,nT
2026-04-10T21:11:00.000Z,KSU1,X,variation,channel,37134.69845605397,nT
2026-04-10T21:12:00.000Z,KSU1,X,variation,channel,37134.70815552975,nT
2026-04-10T21:13:00.000Z,KSU1,X,variation,channel,37134.05986493603,nT
2026-04-10T21:14:00.000Z,KSU1,X,variation,channel,37134.12457041999,nT
2026-04-10T21:15:00.000Z,KSU1,X,variation,channel,37134.81386588786,nT
2026-04-10T21:16:00.000Z,KSU1,X,variation,channel,37135.69793109008,nT
2026-04-10T21:17:00.000Z,KSU1,X,variation,channel,37136.12645454404,nT
2026-04-10T21:18:00.000Z,KSU1,X,variation,channel,37136.57229276643,nT
2026-04-10T21:19:00.000Z,KSU1,X,variation,channel,37137.1412489437,nT
2026-04-10T21:20:00.000Z,KSU1,X,variation,channel,37138.72004580015,nT
2026-04-10T21:21:00.000Z,KSU1,X,variation,channel,37138.76416859375,nT
2026-04-10T21:22:00.000Z,KSU1,X,variation,channel,37140.19956056695,nT
2026-04-10T21:23:00.000Z,KSU1,X,variation,channel,37139.605985334405,nT
2026-04-10T21:24:00.000Z,KSU1,X,variation,channel,37139.58907385118,nT
2026-04-10T21:25:00.000Z,KSU1,X,variation,channel,37140.023540957605,nT
2026-04-10T21:26:00.000Z,KSU1,X,variation,channel,37140.44325132494,nT
2026-04-10T21:27:00.000Z,KSU1,X,variation,channel,37140.442821477234,nT
2026-04-10T21:28:00.000Z,KSU1,X,variation,channel,37139.65813402264,nT
2026-04-10T21:29:00.000Z,KSU1,X,variation,channel,37137.78378799743,nT
2026-04-10T21:30:00.000Z,KSU1,X,variation,channel,37137.009402025,nT
2026-04-10T21:31:00.000Z,KSU1,X,variation,channel,37138.06381724446,nT
2026-04-10T21:32:00.000Z,KSU1,X,variation,channel,37139.407749135615,nT
2026-04-10T21:33:00.000Z,KSU1,X,variation,channel,37139.4428432338,nT
2026-04-10T21:34:00.000Z,KSU1,X,variation,channel,37138.76480220362,nT
2026-04-10T21:35:00.000Z,KSU1,X,variation,channel,37139.374986989606,nT
2026-04-10T21:36:00.000Z,KSU1,X,variation,channel,37140.86398181167,nT
2026-04-10T21:37:00.000Z,KSU1,X,variation,channel,37142.75910356974,nT
2026-04-10T21:38:00.000Z,KSU1,X,variation,channel,37144.15462223221,nT
2026-04-10T21:39:00.000Z,KSU1,X,variation,channel,37142.66249518302,nT
2026-04-10T21:40:00.000Z,KSU1,X,variation,channel,37140.433068414815,nT
2026-04-10T21:41:00.000Z,KSU1,X,variation,channel,37139.641881383395,nT
2026-04-10T21:42:00.000Z,KSU1,X,variation,channel,37139.06712505,nT
2026-04-10T21:43:00.000Z,KSU1,X,variation,channel,37138.62419663618,nT
2026-04-10T21:44:00.000Z,KSU1,X,variation,channel,37137.98268951707,nT
2026-04-10T21:45:00.000Z,KSU1,X,variation,channel,37138.34946545077,nT
2026-04-10T21:46:00.000Z,KSU1,X,variation,channel,37139.02110854329,nT
2026-04-10T21:47:00.000Z,KSU1,X,variation,channel,37139.80863654894,nT
2026-04-10T21:48:00.000Z,KSU1,X,variation,channel,37140.26814701702,nT
2026-04-10T21:49:00.000Z,KSU1,X,variation,channel,37140.02740537654,nT
2026-04-10T21:50:00.000Z,KSU1,X,variation,channel,37140.684562588525,nT
2026-04-10T21:51:00.000Z,KSU1,X,variation,channel,37140.26656470285,nT
2026-04-10T21:52:00.000Z,KSU1,X,variation,channel,37140.20705149206,nT
2026-04-10T21:53:00.000Z,KSU1,X,variation,channel,37141.052316317866,nT
2026-04-10T21:54:00.000Z,KSU1,X,variation,channel,37141.578414217016,nT
2026-04-10T21:55:00.000Z,KSU1,X,variation,channel,37141.82317131802,nT
2026-04-10T21:56:00.000Z,KSU1,X,variation,channel,37141.99046127932,nT
2026-04-10T21:57:00.000Z,KSU1,X,variation,channel,37141.44860799482,nT
2026-04-10T21:58:00.000Z,KSU1,X,variation,channel,37141.156714724275,nT
2026-04-10T21:59:00.000Z,KSU1,X,variation,channel,37139.63300632665,nT
2026-04-10T22:00:00.000Z,KSU1,X,variation,channel,37139.033508332155,nT
2026-04-10T22:01:00.000Z,KSU1,X,variation,channel,37139.16264689741,nT
2026-04-10T22:02:00.000Z,KSU1,X,variation,channel,37139.517598220715,nT
2026-04-10T22:03:00.000Z,KSU1,X,variation,channel,37139.998064650674,nT
2026-04-10T22:04:00.000Z,KSU1,X,variation,channel,37141.255142059745,nT
2026-04-10T22:05:00.000Z,KSU1,X,variation,channel,37141.9455971068,nT
2026-04-10T22:06:00.000Z,KSU1,X,variation,channel,37141.834388822266,nT
2026-04-10T22:07:00.000Z,KSU1,X,variation,channel,37142.10940254276,nT
2026-04-10T22:08:00.000Z,KSU1,X,variation,channel,37141.849851673236,nT
2026-04-10T22:09:00.000Z,KSU1,X,variation,channel,37141.92687913589,nT
2026-04-10T22:10:00.000Z,KSU1,X,variation,channel,37142.14443866577,nT
2026-04-10T22:11:00.000Z,KSU1,X,variation,channel,37142.11306864297,nT
2026-04-10T22:12:00.000Z,KSU1,X,variation,channel,37142.133522915734,nT
2026-04-10T22:13:00.000Z,KSU1,X,variation,channel,37142.702943406715,nT
2026-04-10T22:14:00.000Z,KSU1,X,variation,channel,37143.17902910628,nT
2026-04-10T22:15:00.000Z,KSU1,X,variation,channel,37143.423522842,nT
2026-04-10T22:16:00.000Z,KSU1,X,variation,channel,37142.659938116136,nT
2026-04-10T22:17:00.000Z,KSU1,X,variation,channel,37142.32613608656,nT
2026-04-10T22:18:00.000Z,KSU1,X,variation,channel,37142.35628700727,nT
2026-04-10T22:19:00.000Z,KSU1,X,variation,channel,37142.92077277476,nT
2026-04-10T22:20:00.000Z,KSU1,X,variation,channel,37143.59706063762,nT
2026-04-10T22:21:00.000Z,KSU1,X,variation,channel,37143.60712262542,nT
2026-04-10T22:22:00.000Z,KSU1,X,variation,channel,37143.747766467306,nT
2026-04-10T22:23:00.000Z,KSU1,X,variation,channel,37145.015113139605,nT
2026-04-10T22:24:00.000Z,KSU1,X,variation,channel,37145.98315863802,nT
2026-04-10T22:25:00.000Z,KSU1,X,variation,channel,37146.92439443364,nT
2026-04-10T22:26:00.000Z,KSU1,X,variation,channel,37146.284179224356,nT
2026-04-10T22:27:00.000Z,KSU1,X,variation,channel,37146.39030427422,nT
2026-04-10T22:28:00.000Z,KSU1,X,variation,channel,37147.977974921756,nT
2026-04-10T22:29:00.000Z,KSU1,X,variation,channel,37148.75879432027,nT
2026-04-10T22:30:00.000Z,KSU1,X,variation,channel,37149.24799801213,nT
2026-04-10T22:31:00.000Z,KSU1,X,variation,channel,37150.07114274542,nT
2026-04-10T22:32:00.000Z,KSU1,X,variation,channel,37150.96317133925,nT
2026-04-10T22:33:00.000Z,KSU1,X,variation,channel,37150.60956458993,nT
2026-04-10T22:34:00.000Z,KSU1,X,variation,channel,37150.6542101494,nT
2026-04-10T22:35:00.000Z,KSU1,X,variation,channel,37149.684046638,nT
2026-04-10T22:36:00.000Z,KSU1,X,variation,channel,37149.950121303686,nT
2026-04-10T22:37:00.000Z,KSU1,X,variation,channel,37150.44108589967,nT
2026-04-10T22:38:00.000Z,KSU1,X,variation,channel,37151.037465795474,nT
2026-04-10T22:39:00.000Z,KSU1,X,variation,channel,37152.01942132433,nT
2026-04-10T22:40:00.000Z,KSU1,X,variation,channel,37152.14058192218,nT
2026-04-10T22:41:00.000Z,KSU1,X,variation,channel,37154.31785548134,nT
2026-04-10T22:42:00.000Z,KSU1,X,variation,channel,37153.482681611225,nT
2026-04-10T22:43:00.000Z,KSU1,X,variation,channel,37151.41745323568,nT
2026-04-10T22:44:00.000Z,KSU1,X,variation,channel,37150.72861913932,nT
2026-04-10T22:45:00.000Z,KSU1,X,variation,channel,37151.388189103345,nT
2026-04-10T22:46:00.000Z,KSU1,X,variation,channel,37151.95907698073,nT
2026-04-10T22:47:00.000Z,KSU1,X,variation,channel,37151.98519984455,nT
2026-04-10T22:48:00.000Z,KSU1,X,variation,channel,37151.05828126793,nT
2026-04-10T22:49:00.000Z,KSU1,X,variation,channel,37151.19722693113,nT
2026-04-10T22:50:00.000Z,KSU1,X,variation,channel,37151.066718232665,nT
2026-04-10T22:51:00.000Z,KSU1,X,variation,channel,37150.82121508938,nT
2026-04-10T22:52:00.000Z,KSU1,X,variation,channel,37150.88818796821,nT
2026-04-10T22:53:00.000Z,KSU1,X,variation,channel,37151.12994232604,nT
2026-04-10T22:54:00.000Z,KSU1,X,variation,channel,37150.965214951895,nT
2026-04-10T22:55:00.000Z,KSU1,X,variation,channel,37151.798514195885,nT
2026-04-10T22:56:00.000Z,KSU1,X,variation,channel,37151.851802231846,nT
2026-04-10T22:57:00.000Z,KSU1,X,variation,channel,37151.94854149832,nT
2026-04-10T22:58:00.000Z,KSU1,X,variation,channel,37151.90283977122,nT
2026-04-10T22:59:00.000Z,KSU1,X,variation,channel,37152.41844661416,nT
2026-04-10T23:00:00.000Z,KSU1,X,variation,channel,37152.90471366139,nT
2026-04-10T23:01:00.000Z,KSU1,X,variation,channel,37153.20262305964,nT
2026-04-10T23:02:00.000Z,KSU1,X,variation,channel,37152.989135980366,nT
2026-04-10T23:03:00.000Z,KSU1,X,variation,channel,37153.15152843399,nT
2026-04-10T23:04:00.000Z,KSU1,X,variation,channel,37153.48768720955,nT
2026-04-10T23:05:00.000Z,KSU1,X,variation,channel,37153.918656979506,nT
2026-04-10T23:06:00.000Z,KSU1,X,variation,channel,37153.66345254952,nT
2026-04-10T23:07:00.000Z,KSU1,X,variation,channel,37153.98293198001,nT
2026-04-10T23:08:00.000Z,KSU1,X,variation,channel,37153.889725862224,nT
2026-04-10T23:09:00.000Z,KSU1,X,variation,channel,37154.042301355286,nT
2026-04-10T23:10:00.000Z,KSU1,X,variation,channel,37154.50611687595,nT
2026-04-10T23:11:00.000Z,KSU1,X,variation,channel,37154.736184050955,nT
2026-04-10T23:12:00.000Z,KSU1,X,variation,channel,37155.3026373331,nT
2026-04-10T23:13:00.000Z,KSU1,X,variation,channel,37155.17216175237,nT
2026-04-10T23:14:00.000Z,KSU1,X,variation,channel,37155.19042688166,nT
2026-04-10T23:15:00.000Z,KSU1,X,variation,channel,37155.201643235494,nT
2026-04-10T23:16:00.000Z,KSU1,X,variation,channel,37155.565042895454,nT
2026-04-10T23:17:00.000Z,KSU1,X,variation,channel,37155.803860109954,nT
2026-04-10T23:18:00.000Z,KSU1,X,variation,channel,37156.26729788268,nT
2026-04-10T23:19:00.000Z,KSU1,X,variation,channel,37157.85576087774,nT
2026-04-10T23:20:00.000Z,KSU1,X,variation,channel,37158.533736946636,nT
2026-04-10T23:21:00.000Z,KSU1,X,variation,channel,37158.26007479321,nT
2026-04-10T23:22:00.000Z,KSU1,X,variation,channel,37158.04406598336,nT
2026-04-10T23:23:00.000Z,KSU1,X,variation,channel,37158.57987905314,nT
2026-04-10T23:24:00.000Z,KSU1,X,variation,channel,37159.55525288916,nT
2026-04-10T23:25:00.000Z,KSU1,X,variation,channel,37161.345060010106,nT
2026-04-10T23:26:00.000Z,KSU1,X,variation,channel,37162.75263825421,nT
2026-04-10T23:27:00.000Z,KSU1,X,variation,channel,37162.83632874177,nT
2026-04-10T23:28:00.000Z,KSU1,X,variation,channel,37163.01193077169,nT
2026-04-10T23:29:00.000Z,KSU1,X,variation,channel,37162.63795146405,nT
2026-04-10T23:30:00.000Z,KSU1,X,variation,channel,37161.97335398858,nT
2026-04-10T23:31:00.000Z,KSU1,X,variation,channel,37162.01869583116,nT
2026-04-10T23:32:00.000Z,KSU1,X,variation,channel,37162.03274700116,nT
2026-04-10T23:33:00.000Z,KSU1,X,variation,channel,37162.107466658934,nT
2026-04-10T23:34:00.000Z,KSU1,X,variation,channel,37162.452442537826,nT
2026-04-10T23:35:00.000Z,KSU1,X,variation,channel,37163.23006204176,nT
2026-04-10T23:36:00.000Z,KSU1,X,variation,channel,37164.15406344857,nT
2026-04-10T23:37:00.000Z,KSU1,X,variation,channel,37164.85054710395,nT
2026-04-10T23:38:00.000Z,KSU1,X,variation,channel,37165.68823623934,nT
2026-04-10T23:39:00.000Z,KSU1,X,variation,channel,37165.950409255674,nT
2026-04-10T23:40:00.000Z,KSU1,X,variation,channel,37165.49467611078,nT
2026-04-10T23:41:00.000Z,KSU1,X,variation,channel,37164.285935683634,nT
2026-04-10T23:42:00.000Z,KSU1,X,variation,channel,37164.358648188485,nT
2026-04-10T23:43:00.000Z,KSU1,X,variation,channel,37164.61210132745,nT
2026-04-10T23:44:00.000Z,KSU1,X,variation,channel,37164.162298551084,nT
2026-04-10T23:45:00.000Z,KSU1,X,variation,channel,37163.906246890314,nT
2026-04-10T23:46:00.000Z,KSU1,X,variation,channel,37163.715106004456,nT
2026-04-10T23:47:00.000Z,KSU1,X,variation,channel,37163.69493181256,nT
2026-04-10T23:48:00.000Z,KSU1,X,variation,channel,37163.81967251054,nT
2026-04-10T23:49:00.000Z,KSU1,X,variation,channel,37164.29361018613,nT
2026-04-10T23:50:00.000Z,KSU1,X,variation,channel,37164.007078366776,nT
2026-04-10T23:51:00.000Z,KSU1,X,variation,channel,37164.467418203334,nT
2026-04-10T23:52:00.000Z,KSU1,X,variation,channel,37165.474097279,nT
2026-04-10T23:53:00.000Z,KSU1,X,variation,channel,37165.4110068926,nT
2026-04-10T23:54:00.000Z,KSU1,X,variation,channel,37165.32364088236,nT
2026-04-10T23:55:00.000Z,KSU1,X,variation,channel,37165.2559310341,nT
2026-04-10T23:56:00.000Z,KSU1,X,variation,channel,37164.90110640465,nT
2026-04-10T23:57:00.000Z,KSU1,X,variation,channel,37164.50890357256,nT
2026-04-10T23:58:00.000Z,KSU1,X,variation,channel,37163.936194285096,nT
2026-04-10T23:59:00.000Z,KSU1,X,variation,channel,37163.6276791217,nT
2026-04-11T00:00:00.000Z,KSU1,X,variation,channel,37162.79731784301,nT
2026-04-11T00:01:00.000Z,KSU1,X,variation,channel,37162.39711457895,nT
2026-04-11T00:02:00.000Z,KSU1,X,variation,channel,37162.53355830667,nT
2026-04-11T00:03:00.000Z,KSU1,X,variation,channel,37161.53530623184,nT
2026-04-11T00:04:00.000Z,KSU1,X,variation,channel,37160.43323155092,nT
2026-04-11T00:05:00.000Z,KSU1,X,variation,channel,37159.916312546826,nT
2026-04-11T00:06:00.000Z,KSU1,X,variation,channel,37160.06730669576,nT
2026-04-11T00:07:00.000Z,KSU1,X,variation,channel,37159.98704428922,nT
2026-04-11T00:08:00.000Z,KSU1,X,variation,channel,37159.96020510688,nT
2026-04-11T00:09:00.000Z,KSU1,X,variation,channel,37159.797714043816,nT
2026-04-11T00:10:00.000Z,KSU1,X,variation,channel,37159.869886779714,nT
2026-04-11T00:11:00.000Z,KSU1,X,variation,channel,37160.499573055014,nT
2026-04-11T00:12:00.000Z,KSU1,X,variation,channel,37160.78797338339,nT
2026-04-11T00:13:00.000Z,KSU1,X,variation,channel,37161.766302578566,nT
2026-04-11T00:14:00.000Z,KSU1,X,variation,channel,37162.668118862166,nT
2026-04-11T00:15:00.000Z,KSU1,X,variation,channel,37164.07186406561,nT
2026-04-11T00:16:00.000Z,KSU1,X,variation,channel,37166.023108725145,nT
2026-04-11T00:17:00.000Z,KSU1,X,variation,channel,37166.50158439518,nT
2026-04-11T00:18:00.000Z,KSU1,X,variation,channel,37165.94067727973,nT
2026-04-11T00:19:00.000Z,KSU1,X,variation,channel,37165.7612219996,nT
2026-04-11T00:20:00.000Z,KSU1,X,variation,channel,37165.08053193041,nT
2026-04-11T00:21:00.000Z,KSU1,X,variation,channel,37164.987802407544,nT
2026-04-11T00:22:00.000Z,KSU1,X,variation,channel,37165.36761261012,nT
2026-04-11T00:23:00.000Z,KSU1,X,variation,channel,37165.181999846114,nT
2026-04-11T00:24:00.000Z,KSU1,X,variation,channel,37164.78218606134,nT
2026-04-11T00:25:00.000Z,KSU1,X,variation,channel,37164.79564744044,nT
2026-04-11T00:26:00.000Z,KSU1,X,variation,channel,37164.48564674558,nT
2026-04-11T00:27:00.000Z,KSU1,X,variation,channel,37164.62495472167,nT
2026-04-11T00:28:00.000Z,KSU1,X,variation,channel,37165.170176985004,nT
2026-04-11T00:29:00.000Z,KSU1,X,variation,channel,37165.0040133687,nT
2026-04-11T00:30:00.000Z,KSU1,X,variation,channel,37165.19943951309,nT
2026-04-11T00:31:00.000Z,KSU1,X,variation,channel,37165.595721043326,nT
2026-04-11T00:32:00.000Z,KSU1,X,variation,channel,37165.738054849324,nT
2026-04-11T00:33:00.000Z,KSU1,X,variation,channel,37165.83782764127,nT
2026-04-11T00:34:00.000Z,KSU1,X,variation,channel,37165.87856661981,nT
2026-04-11T00:35:00.000Z,KSU1,X,variation,channel,37166.61610819675,nT
2026-04-11T00:36:00.000Z,KSU1,X,variation,channel,37166.17215858238,nT
2026-04-11T00:37:00.000Z,KSU1,X,variation,channel,37165.731937706565,nT
2026-04-11T00:38:00.000Z,KSU1,X,variation,channel,37166.06738904354,nT
2026-04-11T00:39:00.000Z,KSU1,X,variation,channel,37166.05082796403,nT
2026-04-11T00:40:00.000Z,KSU1,X,variation,channel,37166.175566575694,nT
2026-04-11T00:41:00.000Z,KSU1,X,variation,channel,37166.37934031863,nT
2026-04-11T00:42:00.000Z,KSU1,X,variation,channel,37166.73740282932,nT
2026-04-11T00:43:00.000Z,KSU1,X,variation,channel,37166.76970462389,nT
2026-04-11T00:44:00.000Z,KSU1,X,variation,channel,37167.054455806174,nT
2026-04-11T00:45:00.000Z,KSU1,X,variation,channel,37166.89803845481,nT
2026-04-11T00:46:00.000Z,KSU1,X,variation,channel,37166.03969788547,nT
2026-04-11T00:47:00.000Z,KSU1,X,variation,channel,37165.73196232194,nT
2026-04-11T00:48:00.000Z,KSU1,X,variation,channel,37165.52759201252,nT
2026-04-11T00:49:00.000Z,KSU1,X,variation,channel,37165.64557257378,nT
2026-04-11T00:50:00.000Z,KSU1,X,variation,channel,37165.62002332708,nT
2026-04-11T00:51:00.000Z,KSU1,X,variation,channel,37165.73923816799,nT
2026-04-11T00:52:00.000Z,KSU1,X,variation,channel,37166.19082903684,nT
2026-04-11T00:53:00.000Z,KSU1,X,variation,channel,37166.32614454578,nT
2026-04-11T00:54:00.000Z,KSU1,X,variation,channel,37166.64402702135,nT
2026-04-11T00:55:00.000Z,KSU1,X,variation,channel,37166.50478812487,nT
2026-04-11T00:56:00.000Z,KSU1,X,variation,channel,37166.11750217369,nT
2026-04-11T00:57:00.000Z,KSU1,X,variation,channel,37165.42350577285,nT
2026-04-11T00:58:00.000Z,KSU1,X,variation,channel,37164.90099144126,nT
2026-04-11T00:59:00.000Z,KSU1,X,variation,channel,37164.9178044921,nT
2026-04-11T01:00:00.000Z,KSU1,X,variation,channel,37165.547697523834,nT
2026-04-11T01:01:00.000Z,KSU1,X,variation,channel,37165.07786949565,nT
2026-04-11T01:02:00.000Z,KSU1,X,variation,channel,37165.56131588223,nT
2026-04-11T01:03:00.000Z,KSU1,X,variation,channel,37166.12761326164,nT
2026-04-11T01:04:00.000Z,KSU1,X,variation,channel,37166.45743504746,nT
2026-04-11T01:05:00.000Z,KSU1,X,variation,channel,37166.20420570089,nT
2026-04-11T01:06:00.000Z,KSU1,X,variation,channel,37166.214490651,nT
2026-04-11T01:07:00.000Z,KSU1,X,variation,channel,37166.614699094906,nT
2026-04-11T01:08:00.000Z,KSU1,X,variation,channel,37166.50752078958,nT
2026-04-11T01:09:00.000Z,KSU1,X,variation,channel,37167.099152418086,nT
2026-04-11T01:10:00.000Z,KSU1,X,variation,channel,37167.60539986776,nT
2026-04-11T01:11:00.000Z,KSU1,X,variation,channel,37168.01944818126,nT
2026-04-11T01:12:00.000Z,KSU1,X,variation,channel,37167.922105396974,nT
2026-04-11T01:13:00.000Z,KSU1,X,variation,channel,37167.41186303322,nT
2026-04-11T01:14:00.000Z,KSU1,X,variation,channel,37166.979528786826,nT
2026-04-11T01:15:00.000Z,KSU1,X,variation,channel,37166.75922952336,nT
2026-04-11T01:16:00.000Z,KSU1,X,variation,channel,37166.453128141664,nT
2026-04-11T01:17:00.000Z,KSU1,X,variation,channel,37167.16053397336,nT
2026-04-11T01:18:00.000Z,KSU1,X,variation,channel,37166.74875538506,nT
2026-04-11T01:19:00.000Z,KSU1,X,variation,channel,37168.30905384335,nT
2026-04-11T01:20:00.000Z,KSU1,X,variation,channel,37169.38220652586,nT
2026-04-11T01:21:00.000Z,KSU1,X,variation,channel,37170.18846206053,nT
2026-04-11T01:22:00.000Z,KSU1,X,variation,channel,37170.077422133094,nT
2026-04-11T01:23:00.000Z,KSU1,X,variation,channel,37169.32797745116,nT
2026-04-11T01:24:00.000Z,KSU1,X,variation,channel,37168.853144497756,nT
2026-04-11T01:25:00.000Z,KSU1,X,variation,channel,37167.91034565477,nT
2026-04-11T01:26:00.000Z,KSU1,X,variation,channel,37168.48291662655,nT
2026-04-11T01:27:00.000Z,KSU1,X,variation,channel,37170.00160491767,nT
2026-04-11T01:28:00.000Z,KSU1,X,variation,channel,37171.26987516901,nT
2026-04-11T01:29:00.000Z,KSU1,X,variation,channel,37170.96593518141,nT
2026-04-11T01:30:00.000Z,KSU1,X,variation,channel,37170.37099100755,nT
2026-04-11T01:31:00.000Z,KSU1,X,variation,channel,37169.57641309915,nT
2026-04-11T01:32:00.000Z,KSU1,X,variation,channel,37168.54113864245,nT
2026-04-11T01:33:00.000Z,KSU1,X,variation,channel,37168.44919806795,nT
2026-04-11T01:34:00.000Z,KSU1,X,variation,channel,37169.524140664995,nT
2026-04-11T01:35:00.000Z,KSU1,X,variation,channel,37171.47216338776,nT
2026-04-11T01:36:00.000Z,KSU1,X,variation,channel,37173.49105692587,nT
2026-04-11T01:37:00.000Z,KSU1,X,variation,channel,37174.31864838699,nT
2026-04-11T01:38:00.000Z,KSU1,X,variation,channel,37174.10912113468,nT
2026-04-11T01:39:00.000Z,KSU1,X,variation,channel,37173.55271806017,nT
2026-04-11T01:40:00.000Z,KSU1,X,variation,channel,37173.0495861729,nT
2026-04-11T01:41:00.000Z,KSU1,X,variation,channel,37171.788517847446,nT
2026-04-11T01:42:00.000Z,KSU1,X,variation,channel,37169.70689137109,nT
2026-04-11T01:43:00.000Z,KSU1,X,variation,channel,37169.310216014776,nT
2026-04-11T01:44:00.000Z,KSU1,X,variation,channel,37169.27356842935,nT
2026-04-11T01:45:00.000Z,KSU1,X,variation,channel,37169.329142188544,nT
2026-04-11T01:46:00.000Z,KSU1,X,variation,channel,37169.39019307065,nT
2026-04-11T01:47:00.000Z,KSU1,X,variation,channel,37169.77739174861,nT
2026-04-11T01:48:00.000Z,KSU1,X,variation,channel,37169.83512496141,nT
2026-04-11T01:49:00.000Z,KSU1,X,variation,channel,37169.465933956104,nT
2026-04-11T01:50:00.000Z,KSU1,X,variation,channel,37168.58215127961,nT
2026-04-11T01:51:00.000Z,KSU1,X,variation,channel,37168.58295145568,nT
2026-04-11T01:52:00.000Z,KSU1,X,variation,channel,37167.76245957335,nT
2026-04-11T01:53:00.000Z,KSU1,X,variation,channel,37168.368509767584,nT
2026-04-11T01:54:00.000Z,KSU1,X,variation,channel,37169.0756346734,nT
2026-04-11T01:55:00.000Z,KSU1,X,variation,channel,37169.32058560861,nT
2026-04-11T01:56:00.000Z,KSU1,X,variation,channel,37169.233365347915,nT
2026-04-11T01:57:00.000Z,KSU1,X,variation,channel,37168.73430509681,nT
2026-04-11T01:58:00.000Z,KSU1,X,variation,channel,37168.68395287906,nT
2026-04-11T01:59:00.000Z,KSU1,X,variation,channel,37168.32076631652,nT
2026-04-11T02:00:00.000Z,KSU1,X,variation,channel,37167.95117724615,nT
2026-04-11T02:01:00.000Z,KSU1,X,variation,channel,37167.8454536479,nT
2026-04-11T02:02:00.000Z,KSU1,X,variation,channel,37167.87282106103,nT
2026-04-11T02:03:00.000Z,KSU1,X,variation,channel,37167.67943865871,nT
2026-04-11T02:04:00.000Z,KSU1,X,variation,channel,37167.3969037705,nT
2026-04-11T02:05:00.000Z,KSU1,X,variation,channel,37167.37974305445,nT
2026-04-11T02:06:00.000Z,KSU1,X,variation,channel,37167.42120373767,nT
2026-04-11T02:07:00.000Z,KSU1,X,variation,channel,37167.63736280654,nT
2026-04-11T02:08:00.000Z,KSU1,X,variation,channel,37168.08414066704,nT
2026-04-11T02:09:00.000Z,KSU1,X,variation,channel,37168.937977249596,nT
2026-04-11T02:10:00.000Z,KSU1,X,variation,channel,37169.21333650401,nT
2026-04-11T02:11:00.000Z,KSU1,X,variation,channel,37169.02778909999,nT
2026-04-11T02:12:00.000Z,KSU1,X,variation,channel,37168.93372683185,nT
2026-04-11T02:13:00.000Z,KSU1,X,variation,channel,37168.98817977009,nT
2026-04-11T02:14:00.000Z,KSU1,X,variation,channel,37168.920879732796,nT
2026-04-11T02:15:00.000Z,KSU1,X,variation,channel,37169.071643983574,nT
2026-04-11T02:16:00.000Z,KSU1,X,variation,channel,37169.13496666014,nT
2026-04-11T02:17:00.000Z,KSU1,X,variation,channel,37168.736673002044,nT
2026-04-11T02:18:00.000Z,KSU1,X,variation,channel,37168.04947389165,nT
2026-04-11T02:19:00.000Z,KSU1,X,variation,channel,37167.7774663507,nT
2026-04-11T02:20:00.000Z,KSU1,X,variation,channel,37167.74483359033,nT
2026-04-11T02:21:00.000Z,KSU1,X,variation,channel,37167.58409558337,nT
2026-04-11T02:22:00.000Z,KSU1,X,variation,channel,37167.26457589146,nT
2026-04-11T02:23:00.000Z,KSU1,X,variation,channel,37167.802438631355,nT
2026-04-11T02:24:00.000Z,KSU1,X,variation,channel,37167.919395103025,nT
2026-04-11T02:25:00.000Z,KSU1,X,variation,channel,37167.54372805638,nT
2026-04-11T02:26:00.000Z,KSU1,X,variation,channel,37168.61833785694,nT
2026-04-11T02:27:00.000Z,KSU1,X,variation,channel,37168.944348795085,nT
2026-04-11T02:28:00.000Z,KSU1,X,variation,channel,37168.67383610079,nT
2026-04-11T02:29:00.000Z,KSU1,X,variation,channel,37168.57922792028,nT
2026-04-11T02:30:00.000Z,KSU1,X,variation,channel,37168.36548701677,nT
2026-04-11T02:31:00.000Z,KSU1,X,variation,channel,37168.19549475256,nT
2026-04-11T02:32:00.000Z,KSU1,X,variation,channel,37168.80013568129,nT
2026-04-11T02:33:00.000Z,KSU1,X,variation,channel,37169.60628080439,nT
2026-04-11T02:34:00.000Z,KSU1,X,variation,channel,37170.06482286616,nT
2026-04-11T02:35:00.000Z,KSU1,X,variation,channel,37169.30630499128,nT
2026-04-11T02:36:00.000Z,KSU1,X,variation,channel,37168.880604316975,nT
2026-04-11T02:37:00.000Z,KSU1,X,variation,channel,37167.82837568375,nT
2026-04-11T02:38:00.000Z,KSU1,X,variation,channel,37167.380762897985,nT
2026-04-11T02:39:00.000Z,KSU1,X,variation,channel,37167.457853444765,nT
2026-04-11T02:40:00.000Z,KSU1,X,variation,channel,37168.0294318243,nT
2026-04-11T02:41:00.000Z,KSU1,X,variation,channel,37168.191447145924,nT
2026-04-11T02:42:00.000Z,KSU1,X,variation,channel,37168.96657591599,nT
2026-04-11T02:43:00.000Z,KSU1,X,variation,channel,37168.65537547959,nT
2026-04-11T02:44:00.000Z,KSU1,X,variation,channel,37168.99424695108,nT
2026-04-11T02:45:00.000Z,KSU1,X,variation,channel,37168.19665390785,nT
2026-04-11T02:46:00.000Z,KSU1,X,variation,channel,37168.6710544839,nT
2026-04-11T02:47:00.000Z,KSU1,X,variation,channel,37169.98565644906,nT
2026-04-11T02:48:00.000Z,KSU1,X,variation,channel,37170.78092925996,nT
2026-04-11T02:49:00.000Z,KSU1,X,variation,channel,37170.94530216255,nT
2026-04-11T02:50:00.000Z,KSU1,X,variation,channel,37171.57270647218,nT
2026-04-11T02:51:00.000Z,KSU1,X,variation,channel,37171.60660448655,nT
2026-04-11T02:52:00.000Z,KSU1,X,variation,channel,37171.51186855219,nT
2026-04-11T02:53:00.000Z,KSU1,X,variation,channel,37170.884201508685,nT
2026-04-11T02:54:00.000Z,KSU1,X,variation,channel,37170.14339970345,nT
2026-04-11T02:55:00.000Z,KSU1,X,variation,channel,37169.35723600627,nT
2026-04-11T02:56:00.000Z,KSU1,X,variation,channel,37168.30597000787,nT
2026-04-11T02:57:00.000Z,KSU1,X,variation,channel,37166.65154246754,nT
2026-04-11T02:58:00.000Z,KSU1,X,variation,channel,37164.793829248156,nT
2026-04-11T02:59:00.000Z,KSU1,X,variation,channel,37165.23047854326,nT
2026-04-11T03:00:00.000Z,KSU1,X,variation,channel,37165.994644908846,nT
2026-04-11T03:01:00.000Z,KSU1,X,variation,channel,37166.596633630004,nT
2026-04-11T03:02:00.000Z,KSU1,X,variation,channel,37167.08905687797,nT
2026-04-11T03:03:00.000Z,KSU1,X,variation,channel,37166.78820895358,nT
2026-04-11T03:04:00.000Z,KSU1,X,variation,channel,37166.55928393793,nT
2026-04-11T03:05:00.000Z,KSU1,X,variation,channel,37165.769319207015,nT
2026-04-11T03:06:00.000Z,KSU1,X,variation,channel,37164.05099653361,nT
2026-04-11T03:07:00.000Z,KSU1,X,variation,channel,37162.93396832686,nT
2026-04-11T03:08:00.000Z,KSU1,X,variation,channel,37162.41878265426,nT
2026-04-11T03:09:00.000Z,KSU1,X,variation,channel,37161.79947838831,nT
2026-04-11T03:10:00.000Z,KSU1,X,variation,channel,37161.37150806593,nT
2026-04-11T03:11:00.000Z,KSU1,X,variation,channel,37161.38928848413,nT
2026-04-11T03:12:00.000Z,KSU1,X,variation,channel,37161.6304532453,nT
2026-04-11T03:13:00.000Z,KSU1,X,variation,channel,37161.662776421086,nT
2026-04-11T03:14:00.000Z,KSU1,X,variation,channel,37161.19477785958,nT
2026-04-11T03:15:00.000Z,KSU1,X,variation,channel,37161.280952369154,nT
2026-04-11T03:16:00.000Z,KSU1,X,variation,channel,37161.080843189186,nT
2026-04-11T03:17:00.000Z,KSU1,X,variation,channel,37160.409502142895,nT
2026-04-11T03:18:00.000Z,KSU1,X,variation,channel,37159.7573495695,nT
2026-04-11T03:19:00.000Z,KSU1,X,variation,channel,37159.53723817792,nT
2026-04-11T03:20:00.000Z,KSU1,X,variation,channel,37158.415385079425,nT
2026-04-11T03:21:00.000Z,KSU1,X,variation,channel,37158.12403379636,nT
2026-04-11T03:22:00.000Z,KSU1,X,variation,channel,37158.26525199015,nT
2026-04-11T03:23:00.000Z,KSU1,X,variation,channel,37158.68225182049,nT
2026-04-11T03:24:00.000Z,KSU1,X,variation,channel,37158.72651967147,nT
2026-04-11T03:25:00.000Z,KSU1,X,variation,channel,37159.157050665606,nT
2026-04-11T03:26:00.000Z,KSU1,X,variation,channel,37159.60125187951,nT
2026-04-11T03:27:00.000Z,KSU1,X,variation,channel,37160.03714058703,nT
2026-04-11T03:28:00.000Z,KSU1,X,variation,channel,37159.8168263461,nT
2026-04-11T03:29:00.000Z,KSU1,X,variation,channel,37160.12463945847,nT
2026-04-11T03:30:00.000Z,KSU1,X,variation,channel,37160.67874318025,nT
2026-04-11T03:31:00.000Z,KSU1,X,variation,channel,37161.11969662133,nT
2026-04-11T03:32:00.000Z,KSU1,X,variation,channel,37161.04481125434,nT
2026-04-11T03:33:00.000Z,KSU1,X,variation,channel,37161.30945794077,nT
2026-04-11T03:34:00.000Z,KSU1,X,variation,channel,37161.53498248954,nT
2026-04-11T03:35:00.000Z,KSU1,X,variation,channel,37161.12498972623,nT
2026-04-11T03:36:00.000Z,KSU1,X,variation,channel,37160.28391367289,nT
2026-04-11T03:37:00.000Z,KSU1,X,variation,channel,37159.770814459545,nT
2026-04-11T03:38:00.000Z,KSU1,X,variation,channel,37158.83966172033,nT
2026-04-11T03:39:00.000Z,KSU1,X,variation,channel,37158.55992375508,nT
2026-04-11T03:40:00.000Z,KSU1,X,variation,channel,37158.10391958283,nT
2026-04-11T03:41:00.000Z,KSU1,X,variation,channel,37158.70294723021,nT
2026-04-11T03:42:00.000Z,KSU1,X,variation,channel,37157.94059516924,nT
2026-04-11T03:43:00.000Z,KSU1,X,variation,channel,37158.72548589581,nT
2026-04-11T03:44:00.000Z,KSU1,X,variation,channel,37158.69945599154,nT
2026-04-11T03:45:00.000Z,KSU1,X,variation,channel,37158.20286586774,nT
2026-04-11T03:46:00.000Z,KSU1,X,variation,channel,37157.4133702101,nT
2026-04-11T03:47:00.000Z,KSU1,X,variation,channel,37156.72395992168,nT
2026-04-11T03:48:00.000Z,KSU1,X,variation,channel,37156.642596275975,nT
2026-04-11T03:49:00.000Z,KSU1,X,variation,channel,37156.97448668804,nT
2026-04-11T03:50:00.000Z,KSU1,X,variation,channel,37157.45319508102,nT
2026-04-11T03:51:00.000Z,KSU1,X,variation,channel,37157.965045985875,nT
2026-04-11T03:52:00.000Z,KSU1,X,variation,channel,37158.32394544667,nT
2026-04-11T03:53:00.000Z,KSU1,X,variation,channel,37158.686045238435,nT
2026-04-11T03:54:00.000Z,KSU1,X,variation,channel,37159.30622746651,nT
2026-04-11T03:55:00.000Z,KSU1,X,variation,channel,37159.64557961171,nT
2026-04-11T03:56:00.000Z,KSU1,X,variation,channel,37159.4058258858,nT
2026-04-11T03:57:00.000Z,KSU1,X,variation,channel,37159.278512210374,nT
2026-04-11T03:58:00.000Z,KSU1,X,variation,channel,37159.49670301717,nT
2026-04-11T03:59:00.000Z,KSU1,X,variation,channel,37158.412117807966,nT
2026-04-11T04:00:00.000Z,KSU1,X,variation,channel,37157.502562315014,nT
2026-04-11T04:01:00.000Z,KSU1,X,variation,channel,37157.07460582656,nT
2026-04-11T04:02:00.000Z,KSU1,X,variation,channel,37157.07339625338,nT
2026-04-11T04:03:00.000Z,KSU1,X,variation,channel,37157.644430718654,nT
2026-04-11T04:04:00.000Z,KSU1,X,variation,channel,37158.747011592386,nT
2026-04-11T04:05:00.000Z,KSU1,X,variation,channel,37159.66902936433,nT
2026-04-11T04:06:00.000Z,KSU1,X,variation,channel,37160.34098083383,nT
2026-04-11T04:07:00.000Z,KSU1,X,variation,channel,37160.21697899266,nT
2026-04-11T04:08:00.000Z,KSU1,X,variation,channel,37160.151065052494,nT
2026-04-11T04:09:00.000Z,KSU1,X,variation,channel,37160.54984397155,nT
2026-04-11T04:10:00.000Z,KSU1,X,variation,channel,37160.462817839616,nT
2026-04-11T04:11:00.000Z,KSU1,X,variation,channel,37158.19488524761,nT
2026-04-11T04:12:00.000Z,KSU1,X,variation,channel,37156.06532190994,nT
2026-04-11T04:13:00.000Z,KSU1,X,variation,channel,37154.60583329238,nT
2026-04-11T04:14:00.000Z,KSU1,X,variation,channel,37153.843515019376,nT
2026-04-11T04:15:00.000Z,KSU1,X,variation,channel,37153.756842419745,nT
2026-04-11T04:16:00.000Z,KSU1,X,variation,channel,37154.6406679109,nT
2026-04-11T04:17:00.000Z,KSU1,X,variation,channel,37155.310646916674,nT
2026-04-11T04:18:00.000Z,KSU1,X,variation,channel,37155.61501355492,nT
2026-04-11T04:19:00.000Z,KSU1,X,variation,channel,37155.46267888454,nT
2026-04-11T04:20:00.000Z,KSU1,X,variation,channel,37154.79750092775,nT
2026-04-11T04:21:00.000Z,KSU1,X,variation,channel,37154.29773451854,nT
2026-04-11T04:22:00.000Z,KSU1,X,variation,channel,37154.56598330337,nT
2026-04-11T04:23:00.000Z,KSU1,X,variation,channel,37155.13194890199,nT
2026-04-11T04:24:00.000Z,KSU1,X,variation,channel,37156.14114988229,nT
2026-04-11T04:25:00.000Z,KSU1,X,variation,channel,37157.985699625075,nT
2026-04-11T04:26:00.000Z,KSU1,X,variation,channel,37158.45714812481,nT
2026-04-11T04:27:00.000Z,KSU1,X,variation,channel,37158.344774354446,nT
2026-04-11T04:28:00.000Z,KSU1,X,variation,channel,37158.855029480415,nT
2026-04-11T04:29:00.000Z,KSU1,X,variation,channel,37159.17466368219,nT
2026-04-11T04:30:00.000Z,KSU1,X,variation,channel,37159.93650994092,nT
2026-04-11T04:31:00.000Z,KSU1,X,variation,channel,37160.228216047064,nT
2026-04-11T04:32:00.000Z,KSU1,X,variation,channel,37159.98047303745,nT
2026-04-11T04:33:00.000Z,KSU1,X,variation,channel,37160.15550615408,nT
2026-04-11T04:34:00.000Z,KSU1,X,variation,channel,37160.33833166083,nT
2026-04-11T04:35:00.000Z,KSU1,X,variation,channel,37161.19537669341,nT
2026-04-11T04:36:00.000Z,KSU1,X,variation,channel,37161.97538116389,nT
2026-04-11T04:37:00.000Z,KSU1,X,variation,channel,37161.94054444628,nT
2026-04-11T04:38:00.000Z,KSU1,X,variation,channel,37161.77160540751,nT
2026-04-11T04:39:00.000Z,KSU1,X,variation,channel,37162.20596861681,nT
2026-04-11T04:40:00.000Z,KSU1,X,variation,channel,37163.28835673097,nT
2026-04-11T04:41:00.000Z,KSU1,X,variation,channel,37165.16546228996,nT
2026-04-11T04:42:00.000Z,KSU1,X,variation,channel,37167.48465390454,nT
2026-04-11T04:43:00.000Z,KSU1,X,variation,channel,37166.11432595345,nT
2026-04-11T04:44:00.000Z,KSU1,X,variation,channel,37167.344915102076,nT
2026-04-11T04:45:00.000Z,KSU1,X,variation,channel,37167.763755295,nT
2026-04-11T04:46:00.000Z,KSU1,X,variation,channel,37169.082825945305,nT
2026-04-11T04:47:00.000Z,KSU1,X,variation,channel,37170.814544798865,nT
2026-04-11T04:48:00.000Z,KSU1,X,variation,channel,37170.49970652297,nT
2026-04-11T04:49:00.000Z,KSU1,X,variation,channel,37172.1378617825,nT
2026-04-11T04:50:00.000Z,KSU1,X,variation,channel,37174.18841497187,nT
2026-04-11T04:51:00.000Z,KSU1,X,variation,channel,37173.27915164206,nT
2026-04-11T04:52:00.000Z,KSU1,X,variation,channel,37175.14036904378,nT
2026-04-11T04:53:00.000Z,KSU1,X,variation,channel,37174.697170597414,nT
2026-04-11T04:54:00.000Z,KSU1,X,variation,channel,37175.04229553409,nT
2026-04-11T04:55:00.000Z,KSU1,X,variation,channel,37172.97271050736,nT
2026-04-11T04:56:00.000Z,KSU1,X,variation,channel,37174.150500686774,nT
2026-04-11T04:57:00.000Z,KSU1,X,variation,channel,37172.81723184266,nT
2026-04-11T04:58:00.000Z,KSU1,X,variation,channel,37172.08613231528,nT
2026-04-11T04:59:00.000Z,KSU1,X,variation,channel,37170.05816936171,nT
2026-04-11T05:00:00.000Z,KSU1,X,variation,channel,37169.50603052803,nT
2026-04-11T05:01:00.000Z,KSU1,X,variation,channel,37169.308582702506,nT
2026-04-11T05:02:00.000Z,KSU1,X,variation,channel,37169.16882261407,nT
2026-04-11T05:03:00.000Z,KSU1,X,variation,channel,37168.99667919165,nT
2026-04-11T05:04:00.000Z,KSU1,X,variation,channel,37169.19908404662,nT
2026-04-11T05:05:00.000Z,KSU1,X,variation,channel,37170.254235692795,nT
2026-04-11T05:06:00.000Z,KSU1,X,variation,channel,37170.85122640737,nT
2026-04-11T05:07:00.000Z,KSU1,X,variation,channel,37172.17698613652,nT
2026-04-11T05:08:00.000Z,KSU1,X,variation,channel,37173.581091244596,nT
2026-04-11T05:09:00.000Z,KSU1,X,variation,channel,37173.21485673698,nT
2026-04-11T05:10:00.000Z,KSU1,X,variation,channel,37173.378812145755,nT
2026-04-11T05:11:00.000Z,KSU1,X,variation,channel,37173.15084653048,nT
2026-04-11T05:12:00.000Z,KSU1,X,variation,channel,37173.43476477437,nT
2026-04-11T05:13:00.000Z,KSU1,X,variation,channel,37174.10610335446,nT
2026-04-11T05:14:00.000Z,KSU1,X,variation,channel,37173.514679149004,nT
2026-04-11T05:15:00.000Z,KSU1,X,variation,channel,37173.36837734922,nT
2026-04-11T05:16:00.000Z,KSU1,X,variation,channel,37172.749016941234,nT
2026-04-11T05:17:00.000Z,KSU1,X,variation,channel,37174.19982513527,nT
2026-04-11T05:18:00.000Z,KSU1,X,variation,channel,37175.36550368813,nT
2026-04-11T05:19:00.000Z,KSU1,X,variation,channel,37175.63859106851,nT
2026-04-11T05:20:00.000Z,KSU1,X,variation,channel,37175.59099940828,nT
2026-04-11T05:21:00.000Z,KSU1,X,variation,channel,37173.865313794195,nT
2026-04-11T05:22:00.000Z,KSU1,X,variation,channel,37171.03621508705,nT
2026-04-11T05:23:00.000Z,KSU1,X,variation,channel,37167.446909403254,nT
2026-04-11T05:24:00.000Z,KSU1,X,variation,channel,37164.23673959222,nT
2026-04-11T05:25:00.000Z,KSU1,X,variation,channel,37162.224904706374,nT
2026-04-11T05:26:00.000Z,KSU1,X,variation,channel,37159.95589909154,nT
2026-04-11T05:27:00.000Z,KSU1,X,variation,channel,37158.946082911745,nT
2026-04-11T05:28:00.000Z,KSU1,X,variation,channel,37158.52252900324,nT
2026-04-11T05:29:00.000Z,KSU1,X,variation,channel,37158.511287583286,nT
2026-04-11T05:30:00.000Z,KSU1,X,variation,channel,37157.53437996339,nT
2026-04-11T05:31:00.000Z,KSU1,X,variation,channel,37156.70403639867,nT
2026-04-11T05:32:00.000Z,KSU1,X,variation,channel,37155.75215286333,nT
2026-04-11T05:33:00.000Z,KSU1,X,variation,channel,37155.481845338174,nT
2026-04-11T05:34:00.000Z,KSU1,X,variation,channel,37155.27261123408,nT
2026-04-11T05:35:00.000Z,KSU1,X,variation,channel,37156.45625713879,nT
2026-04-11T05:36:00.000Z,KSU1,X,variation,channel,37158.34492257404,nT
2026-04-11T05:37:00.000Z,KSU1,X,variation,channel,37159.25601199506,nT
2026-04-11T05:38:00.000Z,KSU1,X,variation,channel,37161.81114828862,nT
2026-04-11T05:39:00.000Z,KSU1,X,variation,channel,37163.68674789631,nT
2026-04-11T05:40:00.000Z,KSU1,X,variation,channel,37165.818411101434,nT
2026-04-11T05:41:00.000Z,KSU1,X,variation,channel,37168.21224039141,nT
2026-04-11T05:42:00.000Z,KSU1,X,variation,channel,37170.25976342254,nT
2026-04-11T05:43:00.000Z,KSU1,X,variation,channel,37171.710162369185,nT
2026-04-11T05:44:00.000Z,KSU1,X,variation,channel,37173.18580078538,nT
2026-04-11T05:45:00.000Z,KSU1,X,variation,channel,37173.8791181897,nT
2026-04-11T05:46:00.000Z,KSU1,X,variation,channel,37175.6598116152,nT
2026-04-11T05:47:00.000Z,KSU1,X,variation,channel,37177.04252677614,nT
2026-04-11T05:48:00.000Z,KSU1,X,variation,channel,37177.80566779258,nT
2026-04-11T05:49:00.000Z,KSU1,X,variation,channel,37178.00856765271,nT
2026-04-11T05:50:00.000Z,KSU1,X,variation,channel,37177.68576498965,nT
2026-04-11T05:51:00.000Z,KSU1,X,variation,channel,37177.69429695535,nT
2026-04-11T05:52:00.000Z,KSU1,X,variation,channel,37177.899226227986,nT
2026-04-11T05:53:00.000Z,KSU1,X,variation,channel,37177.88293893479,nT
2026-04-11T05:54:00.000Z,KSU1,X,variation,channel,37177.31211176959,nT
2026-04-11T05:55:00.000Z,KSU1,X,variation,channel,37176.89952029217,nT
2026-04-11T05:56:00.000Z,KSU1,X,variation,channel,37176.11865684066,nT
2026-04-11T05:57:00.000Z,KSU1,X,variation,channel,37176.52302458662,nT
2026-04-11T05:58:00.000Z,KSU1,X,variation,channel,37175.83735604995,nT
2026-04-11T05:59:00.000Z,KSU1,X,variation,channel,37175.978985378875,nT
2026-04-11T06:00:00.000Z,KSU1,X,variation,channel,37175.63645096266,nT
2026-04-11T06:01:00.000Z,KSU1,X,variation,channel,37175.2761640899,nT
2026-04-11T06:02:00.000Z,KSU1,X,variation,channel,37174.64472571523,nT
2026-04-11T06:03:00.000Z,KSU1,X,variation,channel,37173.45618354382,nT
2026-04-11T06:04:00.000Z,KSU1,X,variation,channel,37174.08062604195,nT
2026-04-11T06:05:00.000Z,KSU1,X,variation,channel,37174.23396074294,nT
2026-04-11T06:06:00.000Z,KSU1,X,variation,channel,37174.69752156644,nT
2026-04-11T06:07:00.000Z,KSU1,X,variation,channel,37174.51802899556,nT
2026-04-11T06:08:00.000Z,KSU1,X,variation,channel,37174.32081149008,nT
2026-04-11T06:09:00.000Z,KSU1,X,variation,channel,37173.93226535396,nT
2026-04-11T06:10:00.000Z,KSU1,X,variation,channel,37173.6949604366,nT
2026-04-11T06:11:00.000Z,KSU1,X,variation,channel,37173.714649153706,nT
2026-04-11T06:12:00.000Z,KSU1,X,variation,channel,37173.14376828015,nT
2026-04-11T06:13:00.000Z,KSU1,X,variation,channel,37172.779279465474,nT
2026-04-11T06:14:00.000Z,KSU1,X,variation,channel,37172.29548465214,nT
2026-04-11T06:15:00.000Z,KSU1,X,variation,channel,37171.916203190995,nT
2026-04-11T06:16:00.000Z,KSU1,X,variation,channel,37171.82623288762,nT
2026-04-11T06:17:00.000Z,KSU1,X,variation,channel,37172.22455513965,nT
2026-04-11T06:18:00.000Z,KSU1,X,variation,channel,37171.85369340971,nT
2026-04-11T06:19:00.000Z,KSU1,X,variation,channel,37170.78386793337,nT
2026-04-11T06:20:00.000Z,KSU1,X,variation,channel,37170.40516790124,nT
2026-04-11T06:21:00.000Z,KSU1,X,variation,channel,37169.85478999881,nT
2026-04-11T06:22:00.000Z,KSU1,X,variation,channel,37170.64183586515,nT
2026-04-11T06:23:00.000Z,KSU1,X,variation,channel,37170.32447432762,nT
2026-04-11T06:24:00.000Z,KSU1,X,variation,channel,37170.23343584602,nT
2026-04-11T06:25:00.000Z,KSU1,X,variation,channel,37169.93852915034,nT
2026-04-11T06:26:00.000Z,KSU1,X,variation,channel,37169.37509418551,nT
2026-04-11T06:27:00.000Z,KSU1,X,variation,channel,37168.560883914346,nT
2026-04-11T06:28:00.000Z,KSU1,X,variation,channel,37168.105033666994,nT
2026-04-11T06:29:00.000Z,KSU1,X,variation,channel,37167.293211327116,nT
2026-04-11T06:30:00.000Z,KSU1,X,variation,channel,37167.356467476966,nT
2026-04-11T06:31:00.000Z,KSU1,X,variation,channel,37167.26281712607,nT
2026-04-11T06:32:00.000Z,KSU1,X,variation,channel,37167.44406794515,nT
2026-04-11T06:33:00.000Z,KSU1,X,variation,channel,37167.04908120108,nT
2026-04-11T06:34:00.000Z,KSU1,X,variation,channel,37167.04510418029,nT
2026-04-11T06:35:00.000Z,KSU1,X,variation,channel,37166.905721749245,nT
2026-04-11T06:36:00.000Z,KSU1,X,variation,channel,37166.633203988364,nT
2026-04-11T06:37:00.000Z,KSU1,X,variation,channel,37165.99505742388,nT
2026-04-11T06:38:00.000Z,KSU1,X,variation,channel,37164.79961176128,nT
2026-04-11T06:39:00.000Z,KSU1,X,variation,channel,37164.13415914694,nT
2026-04-11T06:40:00.000Z,KSU1,X,variation,channel,37163.05887752815,nT
2026-04-11T06:41:00.000Z,KSU1,X,variation,channel,37162.06186808217,nT
2026-04-11T06:42:00.000Z,KSU1,X,variation,channel,37161.215782838626,nT
2026-04-11T06:43:00.000Z,KSU1,X,variation,channel,37160.15073511077,nT
2026-04-11T06:44:00.000Z,KSU1,X,variation,channel,37159.1549194235,nT
2026-04-11T06:45:00.000Z,KSU1,X,variation,channel,37158.01464953654,nT
2026-04-11T06:46:00.000Z,KSU1,X,variation,channel,37157.67293582435,nT
2026-04-11T06:47:00.000Z,KSU1,X,variation,channel,37157.51079466632,nT
2026-04-11T06:48:00.000Z,KSU1,X,variation,channel,37158.43537548978,nT
2026-04-11T06:49:00.000Z,KSU1,X,variation,channel,37159.06386901237,nT
2026-04-11T06:50:00.000Z,KSU1,X,variation,channel,37158.81782842237,nT
2026-04-11T06:51:00.000Z,KSU1,X,variation,channel,37157.80913775809,nT
2026-04-11T06:52:00.000Z,KSU1,X,variation,channel,37157.02639008703,nT
2026-04-11T06:53:00.000Z,KSU1,X,variation,channel,37156.702739582506,nT
2026-04-11T06:54:00.000Z,KSU1,X,variation,channel,37155.870093033554,nT
2026-04-11T06:55:00.000Z,KSU1,X,variation,channel,37155.791227671725,nT
2026-04-11T06:56:00.000Z,KSU1,X,variation,channel,37156.634244345834,nT
2026-04-11T06:57:00.000Z,KSU1,X,variation,channel,37157.299916459524,nT
2026-04-11T06:58:00.000Z,KSU1,X,variation,channel,37158.402520462136,nT
2026-04-11T06:59:00.000Z,KSU1,X,variation,channel,37159.642805912656,nT
2026-04-11T07:00:00.000Z,KSU1,X,variation,channel,37160.35861959036,nT
2026-04-11T07:01:00.000Z,KSU1,X,variation,channel,37160.787846392064,nT
2026-04-11T07:02:00.000Z,KSU1,X,variation,channel,37160.616836694964,nT
2026-04-11T07:03:00.000Z,KSU1,X,variation,channel,37160.31837561191,nT
2026-04-11T07:04:00.000Z,KSU1,X,variation,channel,37160.4902066182,nT
2026-04-11T07:05:00.000Z,KSU1,X,variation,channel,37160.00120923283,nT
2026-04-11T07:06:00.000Z,KSU1,X,variation,channel,37158.94036189641,nT
2026-04-11T07:07:00.000Z,KSU1,X,variation,channel,37157.964177834234,nT
2026-04-11T07:08:00.000Z,KSU1,X,variation,channel,37157.665300436965,nT
2026-04-11T07:09:00.000Z,KSU1,X,variation,channel,37158.43328379993,nT
2026-04-11T07:10:00.000Z,KSU1,X,variation,channel,37158.32757409757,nT
2026-04-11T07:11:00.000Z,KSU1,X,variation,channel,37158.17526584665,nT
2026-04-11T07:12:00.000Z,KSU1,X,variation,channel,37157.96349471768,nT
2026-04-11T07:13:00.000Z,KSU1,X,variation,channel,37157.55756381602,nT
2026-04-11T07:14:00.000Z,KSU1,X,variation,channel,37157.77453862462,nT
2026-04-11T07:15:00.000Z,KSU1,X,variation,channel,37157.72378980362,nT
2026-04-11T07:16:00.000Z,KSU1,X,variation,channel,37157.730299696384,nT
2026-04-11T07:17:00.000Z,KSU1,X,variation,channel,37157.142500779206,nT
2026-04-11T07:18:00.000Z,KSU1,X,variation,channel,37156.133582834256,nT
2026-04-11T07:19:00.000Z,KSU1,X,variation,channel,37155.482492794894,nT
2026-04-11T07:20:00.000Z,KSU1,X,variation,channel,37155.81531235598,nT
2026-04-11T07:21:00.000Z,KSU1,X,variation,channel,37155.461643245806,nT
2026-04-11T07:22:00.000Z,KSU1,X,variation,channel,37155.41606785293,nT
2026-04-11T07:23:00.000Z,KSU1,X,variation,channel,37155.17598500876,nT
2026-04-11T07:24:00.000Z,KSU1,X,variation,channel,37155.60869293409,nT
2026-04-11T07:25:00.000Z,KSU1,X,variation,channel,37156.03945286932,nT
2026-04-11T07:26:00.000Z,KSU1,X,variation,channel,37156.30999933857,nT
2026-04-11T07:27:00.000Z,KSU1,X,variation,channel,37156.558568833425,nT
2026-04-11T07:28:00.000Z,KSU1,X,variation,channel,37157.14130118869,nT
2026-04-11T07:29:00.000Z,KSU1,X,variation,channel,37157.26804815994,nT
2026-04-11T07:30:00.000Z,KSU1,X,variation,channel,37156.960020299084,nT
2026-04-11T07:31:00.000Z,KSU1,X,variation,channel,37157.068320890794,nT
2026-04-11T07:32:00.000Z,KSU1,X,variation,channel,37157.55247016381,nT
2026-04-11T07:33:00.000Z,KSU1,X,variation,channel,37158.14660878604,nT
2026-04-11T07:34:00.000Z,KSU1,X,variation,channel,37158.89986529717,nT
2026-04-11T07:35:00.000Z,KSU1,X,variation,channel,37159.40936401776,nT
2026-04-11T07:36:00.000Z,KSU1,X,variation,channel,37159.71814644062,nT
2026-04-11T07:37:00.000Z,KSU1,X,variation,channel,37159.93710812245,nT
2026-04-11T07:38:00.000Z,KSU1,X,variation,channel,37160.12229272899,nT
2026-04-11T07:39:00.000Z,KSU1,X,variation,channel,37160.35295462739,nT
2026-04-11T07:40:00.000Z,KSU1,X,variation,channel,37161.14365841136,nT
2026-04-11T07:41:00.000Z,KSU1,X,variation,channel,37161.57693511057,nT
2026-04-11T07:42:00.000Z,KSU1,X,variation,channel,37162.31503982384,nT
2026-04-11T07:43:00.000Z,KSU1,X,variation,channel,37162.72895357627,nT
2026-04-11T07:44:00.000Z,KSU1,X,variation,channel,37163.039903548815,nT
2026-04-11T07:45:00.000Z,KSU1,X,variation,channel,37163.57248119151,nT
2026-04-11T07:46:00.000Z,KSU1,X,variation,channel,37164.127511876795,nT
2026-04-11T07:47:00.000Z,KSU1,X,variation,channel,37166.05351264012,nT
2026-04-11T07:48:00.000Z,KSU1,X,variation,channel,37168.21684664009,nT
2026-04-11T07:49:00.000Z,KSU1,X,variation,channel,37169.584279681236,nT
2026-04-11T07:50:00.000Z,KSU1,X,variation,channel,37170.13447426578,nT
2026-04-11T07:51:00.000Z,KSU1,X,variation,channel,37169.78817679006,nT
2026-04-11T07:52:00.000Z,KSU1,X,variation,channel,37168.899193613484,nT
2026-04-11T07:53:00.000Z,KSU1,X,variation,channel,37167.88435848741,nT
2026-04-11T07:54:00.000Z,KSU1,X,variation,channel,37166.6373611228,nT
2026-04-11T07:55:00.000Z,KSU1,X,variation,channel,37164.77737529311,nT
2026-04-11T07:56:00.000Z,KSU1,X,variation,channel,37163.86928627151,nT
2026-04-11T07:57:00.000Z,KSU1,X,variation,channel,37163.25146961467,nT
2026-04-11T07:58:00.000Z,KSU1,X,variation,channel,37162.41395418622,nT
2026-04-11T07:59:00.000Z,KSU1,X,variation,channel,37162.521989756046,nT
2026-04-11T08:00:00.000Z,KSU1,X,variation,channel,37162.53884617674,nT
2026-04-11T08:01:00.000Z,KSU1,X,variation,channel,37162.39297682502,nT
2026-04-11T08:02:00.000Z,KSU1,X,variation,channel,37162.33780523852,nT
2026-04-11T08:03:00.000Z,KSU1,X,variation,channel,37161.84699752927,nT
2026-04-11T08:04:00.000Z,KSU1,X,variation,channel,37162.477987195954,nT
2026-04-11T08:05:00.000Z,KSU1,X,variation,channel,37163.023512883614,nT
2026-04-11T08:06:00.000Z,KSU1,X,variation,channel,37163.82389417389,nT
2026-04-11T08:07:00.000Z,KSU1,X,variation,channel,37164.32125389559,nT
2026-04-11T08:08:00.000Z,KSU1,X,variation,channel,37164.75606094187,nT
2026-04-11T08:09:00.000Z,KSU1,X,variation,channel,37165.282916226926,nT
2026-04-11T08:10:00.000Z,KSU1,X,variation,channel,37165.34779626933,nT
2026-04-11T08:11:00.000Z,KSU1,X,variation,channel,37165.253648580394,nT
2026-04-11T08:12:00.000Z,KSU1,X,variation,channel,37165.40013102429,nT
2026-04-11T08:13:00.000Z,KSU1,X,variation,channel,37165.1566345655,nT
2026-04-11T08:14:00.000Z,KSU1,X,variation,channel,37164.63911836926,nT
2026-04-11T08:15:00.000Z,KSU1,X,variation,channel,37164.3555868128,nT
2026-04-11T08:16:00.000Z,KSU1,X,variation,channel,37163.87906050509,nT
2026-04-11T08:17:00.000Z,KSU1,X,variation,channel,37163.78906226716,nT
2026-04-11T08:18:00.000Z,KSU1,X,variation,channel,37163.792712971306,nT
2026-04-11T08:19:00.000Z,KSU1,X,variation,channel,37164.55609851864,nT
2026-04-11T08:20:00.000Z,KSU1,X,variation,channel,37164.622984201036,nT
2026-04-11T08:21:00.000Z,KSU1,X,variation,channel,37164.364435176685,nT
2026-04-11T08:22:00.000Z,KSU1,X,variation,channel,37164.89325732128,nT
2026-04-11T08:23:00.000Z,KSU1,X,variation,channel,37165.19843023904,nT
2026-04-11T08:24:00.000Z,KSU1,X,variation,channel,37165.300405686656,nT
2026-04-11T08:25:00.000Z,KSU1,X,variation,channel,37165.03126266707,nT
2026-04-11T08:26:00.000Z,KSU1,X,variation,channel,37165.170381902724,nT
2026-04-11T08:27:00.000Z,KSU1,X,variation,channel,37165.643014205976,nT
2026-04-11T08:28:00.000Z,KSU1,X,variation,channel,37165.87140366445,nT
2026-04-11T08:29:00.000Z,KSU1,X,variation,channel,37165.63258104526,nT
2026-04-11T08:30:00.000Z,KSU1,X,variation,channel,37165.291254921205,nT
2026-04-11T08:31:00.000Z,KSU1,X,variation,channel,37164.85429111971,nT
2026-04-11T08:32:00.000Z,KSU1,X,variation,channel,37165.40605057128,nT
2026-04-11T08:33:00.000Z,KSU1,X,variation,channel,37167.18782847917,nT
2026-04-11T08:34:00.000Z,KSU1,X,variation,channel,37170.28521869157,nT
2026-04-11T08:35:00.000Z,KSU1,X,variation,channel,37171.23081088089,nT
2026-04-11T08:36:00.000Z,KSU1,X,variation,channel,37169.567067975026,nT
2026-04-11T08:37:00.000Z,KSU1,X,variation,channel,37167.094638428236,nT
2026-04-11T08:38:00.000Z,KSU1,X,variation,channel,37165.7909410218,nT
2026-04-11T08:39:00.000Z,KSU1,X,variation,channel,37166.08449024716,nT
2026-04-11T08:40:00.000Z,KSU1,X,variation,channel,37167.08202641713,nT
2026-04-11T08:41:00.000Z,KSU1,X,variation,channel,37167.30362222104,nT
2026-04-11T08:42:00.000Z,KSU1,X,variation,channel,37167.0676140983,nT
2026-04-11T08:43:00.000Z,KSU1,X,variation,channel,37167.062781617395,nT
2026-04-11T08:44:00.000Z,KSU1,X,variation,channel,37167.40401828288,nT
2026-04-11T08:45:00.000Z,KSU1,X,variation,channel,37167.465186231835,nT
2026-04-11T08:46:00.000Z,KSU1,X,variation,channel,37167.149965309145,nT
2026-04-11T08:47:00.000Z,KSU1,X,variation,channel,37166.8544124933,nT
2026-04-11T08:48:00.000Z,KSU1,X,variation,channel,37166.47732898564,nT
2026-04-11T08:49:00.000Z,KSU1,X,variation,channel,37166.37008818399,nT
2026-04-11T08:50:00.000Z,KSU1,X,variation,channel,37166.55898254611,nT
2026-04-11T08:51:00.000Z,KSU1,X,variation,channel,37166.65003043112,nT
2026-04-11T08:52:00.000Z,KSU1,X,variation,channel,37167.01447101238,nT
2026-04-11T08:53:00.000Z,KSU1,X,variation,channel,37167.06085339765,nT
2026-04-11T08:54:00.000Z,KSU1,X,variation,channel,37167.18148523553,nT
2026-04-11T08:55:00.000Z,KSU1,X,variation,channel,37167.11362588856,nT
2026-04-11T08:56:00.000Z,KSU1,X,variation,channel,37166.96438427158,nT
2026-04-11T08:57:00.000Z,KSU1,X,variation,channel,37166.5752141168,nT
2026-04-11T08:58:00.000Z,KSU1,X,variation,channel,37166.401092843684,nT
2026-04-11T08:59:00.000Z,KSU1,X,variation,channel,37166.63517521556,nT
2026-04-11T09:00:00.000Z,KSU1,X,variation,channel,37166.197407074644,nT
2026-04-11T09:01:00.000Z,KSU1,X,variation,channel,37165.82539331972,nT
2026-04-11T09:02:00.000Z,KSU1,X,variation,channel,37165.64612668952,nT
2026-04-11T09:03:00.000Z,KSU1,X,variation,channel,37164.82253466483,nT
2026-04-11T09:04:00.000Z,KSU1,X,variation,channel,37164.2644379942,nT
2026-04-11T09:05:00.000Z,KSU1,X,variation,channel,37163.74533727902,nT
2026-04-11T09:06:00.000Z,KSU1,X,variation,channel,37164.053874745245,nT
2026-04-11T09:07:00.000Z,KSU1,X,variation,channel,37164.49122733106,nT
2026-04-11T09:08:00.000Z,KSU1,X,variation,channel,37165.45706472167,nT
2026-04-11T09:09:00.000Z,KSU1,X,variation,channel,37166.7079685127,nT
2026-04-11T09:10:00.000Z,KSU1,X,variation,channel,37168.986611842316,nT
2026-04-11T09:11:00.000Z,KSU1,X,variation,channel,37171.599632200014,nT
2026-04-11T09:12:00.000Z,KSU1,X,variation,channel,37171.465859361124,nT
2026-04-11T09:13:00.000Z,KSU1,X,variation,channel,37168.59103229686,nT
2026-04-11T09:14:00.000Z,KSU1,X,variation,channel,37167.339614603836,nT
2026-04-11T09:15:00.000Z,KSU1,X,variation,channel,37168.19426902638,nT
2026-04-11T09:16:00.000Z,KSU1,X,variation,channel,37170.250670606176,nT
2026-04-11T09:17:00.000Z,KSU1,X,variation,channel,37170.69522573894,nT
2026-04-11T09:18:00.000Z,KSU1,X,variation,channel,37170.02720775032,nT
2026-04-11T09:19:00.000Z,KSU1,X,variation,channel,37169.250191349645,nT
2026-04-11T09:20:00.000Z,KSU1,X,variation,channel,37168.02718683165,nT
2026-04-11T09:21:00.000Z,KSU1,X,variation,channel,37167.25703334467,nT
2026-04-11T09:22:00.000Z,KSU1,X,variation,channel,37167.65479600085,nT
2026-04-11T09:23:00.000Z,KSU1,X,variation,channel,37167.95497986487,nT
2026-04-11T09:24:00.000Z,KSU1,X,variation,channel,37168.15777229979,nT
2026-04-11T09:25:00.000Z,KSU1,X,variation,channel,37168.435458791086,nT
2026-04-11T09:26:00.000Z,KSU1,X,variation,channel,37168.971499622414,nT
2026-04-11T09:27:00.000Z,KSU1,X,variation,channel,37169.32054676354,nT
2026-04-11T09:28:00.000Z,KSU1,X,variation,channel,37169.496788431396,nT
2026-04-11T09:29:00.000Z,KSU1,X,variation,channel,37168.83252445078,nT
2026-04-11T09:30:00.000Z,KSU1,X,variation,channel,37168.452581927,nT
2026-04-11T09:31:00.000Z,KSU1,X,variation,channel,37168.434337247796,nT
2026-04-11T09:32:00.000Z,KSU1,X,variation,channel,37168.7459809331,nT
2026-04-11T09:33:00.000Z,KSU1,X,variation,channel,37169.763673647394,nT
2026-04-11T09:34:00.000Z,KSU1,X,variation,channel,37170.13742894709,nT
2026-04-11T09:35:00.000Z,KSU1,X,variation,channel,37169.70022279062,nT
2026-04-11T09:36:00.000Z,KSU1,X,variation,channel,37169.70395190486,nT
2026-04-11T09:37:00.000Z,KSU1,X,variation,channel,37169.75360994346,nT
2026-04-11T09:38:00.000Z,KSU1,X,variation,channel,37168.68802069212,nT
2026-04-11T09:39:00.000Z,KSU1,X,variation,channel,37168.16844893799,nT
2026-04-11T09:40:00.000Z,KSU1,X,variation,channel,37168.616417729456,nT
2026-04-11T09:41:00.000Z,KSU1,X,variation,channel,37168.70402370883,nT
2026-04-11T09:42:00.000Z,KSU1,X,variation,channel,37168.08343827048,nT
2026-04-11T09:43:00.000Z,KSU1,X,variation,channel,37167.52590548149,nT
2026-04-11T09:44:00.000Z,KSU1,X,variation,channel,37167.039530325026,nT
2026-04-11T09:45:00.000Z,KSU1,X,variation,channel,37166.21272699621,nT
2026-04-11T09:46:00.000Z,KSU1,X,variation,channel,37165.19132774004,nT
2026-04-11T09:47:00.000Z,KSU1,X,variation,channel,37164.632591954745,nT
2026-04-11T09:48:00.000Z,KSU1,X,variation,channel,37164.92288765267,nT
2026-04-11T09:49:00.000Z,KSU1,X,variation,channel,37165.0816771576,nT
2026-04-11T09:50:00.000Z,KSU1,X,variation,channel,37164.574555246916,nT
2026-04-11T09:51:00.000Z,KSU1,X,variation,channel,37164.19735686418,nT
2026-04-11T09:52:00.000Z,KSU1,X,variation,channel,37164.19489046574,nT
2026-04-11T09:53:00.000Z,KSU1,X,variation,channel,37163.64541054904,nT
2026-04-11T09:54:00.000Z,KSU1,X,variation,channel,37161.84467811393,nT
2026-04-11T09:55:00.000Z,KSU1,X,variation,channel,37160.537038559654,nT
2026-04-11T09:56:00.000Z,KSU1,X,variation,channel,37160.47940096851,nT
2026-04-11T09:57:00.000Z,KSU1,X,variation,channel,37161.68856115807,nT
2026-04-11T09:58:00.000Z,KSU1,X,variation,channel,37163.238842251965,nT
2026-04-11T09:59:00.000Z,KSU1,X,variation,channel,37164.73153720993,nT
2026-04-11T10:00:00.000Z,KSU1,X,variation,channel,37165.43948346223,nT
2026-04-11T10:01:00.000Z,KSU1,X,variation,channel,37163.69600222517,nT
2026-04-11T10:02:00.000Z,KSU1,X,variation,channel,37161.093278943175,nT
2026-04-11T10:03:00.000Z,KSU1,X,variation,channel,37159.537648196696,nT
2026-04-11T10:04:00.000Z,KSU1,X,variation,channel,37158.783749958435,nT
2026-04-11T10:05:00.000Z,KSU1,X,variation,channel,37159.82703157578,nT
2026-04-11T10:06:00.000Z,KSU1,X,variation,channel,37161.32800252484,nT
2026-04-11T10:07:00.000Z,KSU1,X,variation,channel,37161.83854612934,nT
2026-04-11T10:08:00.000Z,KSU1,X,variation,channel,37161.82676119139,nT
2026-04-11T10:09:00.000Z,KSU1,X,variation,channel,37161.505071660395,nT
2026-04-11T10:10:00.000Z,KSU1,X,variation,channel,37161.61742576207,nT
2026-04-11T10:11:00.000Z,KSU1,X,variation,channel,37161.99224840164,nT
2026-04-11T10:12:00.000Z,KSU1,X,variation,channel,37162.70217672429,nT
2026-04-11T10:13:00.000Z,KSU1,X,variation,channel,37163.626891791544,nT
2026-04-11T10:14:00.000Z,KSU1,X,variation,channel,37163.83357588326,nT
2026-04-11T10:15:00.000Z,KSU1,X,variation,channel,37164.346052455425,nT
2026-04-11T10:16:00.000Z,KSU1,X,variation,channel,37164.876186552785,nT
2026-04-11T10:17:00.000Z,KSU1,X,variation,channel,37165.56268728878,nT
2026-04-11T10:18:00.000Z,KSU1,X,variation,channel,37165.85977683417,nT
2026-04-11T10:19:00.000Z,KSU1,X,variation,channel,37166.38689927542,nT
2026-04-11T10:20:00.000Z,KSU1,X,variation,channel,37166.72644175703,nT
2026-04-11T10:21:00.000Z,KSU1,X,variation,channel,37167.71348476192,nT
2026-04-11T10:22:00.000Z,KSU1,X,variation,channel,37168.68410438644,nT
2026-04-11T10:23:00.000Z,KSU1,X,variation,channel,37168.876484120774,nT
2026-04-11T10:24:00.000Z,KSU1,X,variation,channel,37168.71117102685,nT
2026-04-11T10:25:00.000Z,KSU1,X,variation,channel,37168.36190178883,nT
2026-04-11T10:26:00.000Z,KSU1,X,variation,channel,37167.450852341164,nT
2026-04-11T10:27:00.000Z,KSU1,X,variation,channel,37168.11190754974,nT
2026-04-11T10:28:00.000Z,KSU1,X,variation,channel,37169.61324397833,nT
2026-04-11T10:29:00.000Z,KSU1,X,variation,channel,37170.300834233705,nT
2026-04-11T10:30:00.000Z,KSU1,X,variation,channel,37171.27247332285,nT
2026-04-11T10:31:00.000Z,KSU1,X,variation,channel,37172.171716462406,nT
2026-04-11T10:32:00.000Z,KSU1,X,variation,channel,37172.215117128115,nT
2026-04-11T10:33:00.000Z,KSU1,X,variation,channel,37171.79055868379,nT
2026-04-11T10:34:00.000Z,KSU1,X,variation,channel,37171.86579888681,nT
2026-04-11T10:35:00.000Z,KSU1,X,variation,channel,37171.733991508154,nT
2026-04-11T10:36:00.000Z,KSU1,X,variation,channel,37171.51106215283,nT
2026-04-11T10:37:00.000Z,KSU1,X,variation,channel,37171.11516763763,nT
2026-04-11T10:38:00.000Z,KSU1,X,variation,channel,37171.291171742196,nT
2026-04-11T10:39:00.000Z,KSU1,X,variation,channel,37171.16420530936,nT
2026-04-11T10:40:00.000Z,KSU1,X,variation,channel,37171.29291539787,nT
2026-04-11T10:41:00.000Z,KSU1,X,variation,channel,37171.56905758339,nT
2026-04-11T10:42:00.000Z,KSU1,X,variation,channel,37171.5793262562,nT
2026-04-11T10:43:00.000Z,KSU1,X,variation,channel,37171.07239418165,nT
2026-04-11T10:44:00.000Z,KSU1,X,variation,channel,37170.61211339284,nT
2026-04-11T10:45:00.000Z,KSU1,X,variation,channel,37170.62305301038,nT
2026-04-11T10:46:00.000Z,KSU1,X,variation,channel,37171.085715014655,nT
2026-04-11T10:47:00.000Z,KSU1,X,variation,channel,37170.60939477906,nT
2026-04-11T10:48:00.000Z,KSU1,X,variation,channel,37170.38952862905,nT
2026-04-11T10:49:00.000Z,KSU1,X,variation,channel,37170.45006585243,nT
2026-04-11T10:50:00.000Z,KSU1,X,variation,channel,37171.00853657873,nT
2026-04-11T10:51:00.000Z,KSU1,X,variation,channel,37171.4242814611,nT
2026-04-11T10:52:00.000Z,KSU1,X,variation,channel,37172.50576178729,nT
2026-04-11T10:53:00.000Z,KSU1,X,variation,channel,37173.080096388614,nT
2026-04-11T10:54:00.000Z,KSU1,X,variation,channel,37172.98054617385,nT
2026-04-11T10:55:00.000Z,KSU1,X,variation,channel,37172.367592787865,nT
2026-04-11T10:56:00.000Z,KSU1,X,variation,channel,37172.18263620067,nT
2026-04-11T10:57:00.000Z,KSU1,X,variation,channel,37172.364307792974,nT
2026-04-11T10:58:00.000Z,KSU1,X,variation,channel,37172.63578589957,nT
2026-04-11T10:59:00.000Z,KSU1,X,variation,channel,37172.87432676583,nT
2026-04-11T11:00:00.000Z,KSU1,X,variation,channel,37173.10322915077,nT
2026-04-11T11:01:00.000Z,KSU1,X,variation,channel,37173.23256645124,nT
2026-04-11T11:02:00.000Z,KSU1,X,variation,channel,37172.833162800285,nT
2026-04-11T11:03:00.000Z,KSU1,X,variation,channel,37172.26531599221,nT
2026-04-11T11:04:00.000Z,KSU1,X,variation,channel,37172.18664501123,nT
2026-04-11T11:05:00.000Z,KSU1,X,variation,channel,37172.10886773784,nT
2026-04-11T11:06:00.000Z,KSU1,X,variation,channel,37171.896642686144,nT
2026-04-11T11:07:00.000Z,KSU1,X,variation,channel,37172.70202088195,nT
2026-04-11T11:08:00.000Z,KSU1,X,variation,channel,37173.35889863633,nT
2026-04-11T11:09:00.000Z,KSU1,X,variation,channel,37173.49324419096,nT
2026-04-11T11:10:00.000Z,KSU1,X,variation,channel,37173.7478976866,nT
2026-04-11T11:11:00.000Z,KSU1,X,variation,channel,37174.74579375117,nT
2026-04-11T11:12:00.000Z,KSU1,X,variation,channel,37175.72775386432,nT
2026-04-11T11:13:00.000Z,KSU1,X,variation,channel,37175.59325945852,nT
2026-04-11T11:14:00.000Z,KSU1,X,variation,channel,37174.84692810924,nT
2026-04-11T11:15:00.000Z,KSU1,X,variation,channel,37174.761330331006,nT
2026-04-11T11:16:00.000Z,KSU1,X,variation,channel,37175.24828009216,nT
2026-04-11T11:17:00.000Z,KSU1,X,variation,channel,37175.26612047491,nT
2026-04-11T11:18:00.000Z,KSU1,X,variation,channel,37175.34503931133,nT
2026-04-11T11:19:00.000Z,KSU1,X,variation,channel,37175.78950551564,nT
2026-04-11T11:20:00.000Z,KSU1,X,variation,channel,37175.88115965931,nT
2026-04-11T11:21:00.000Z,KSU1,X,variation,channel,37175.33274593318,nT
2026-04-11T11:22:00.000Z,KSU1,X,variation,channel,37174.9871531807,nT
2026-04-11T11:23:00.000Z,KSU1,X,variation,channel,37174.47610819048,nT
2026-04-11T11:24:00.000Z,KSU1,X,variation,channel,37174.36607772063,nT
2026-04-11T11:25:00.000Z,KSU1,X,variation,channel,37173.99584768835,nT
2026-04-11T11:26:00.000Z,KSU1,X,variation,channel,37174.216835874584,nT
2026-04-11T11:27:00.000Z,KSU1,X,variation,channel,37174.12413322457,nT
2026-04-11T11:28:00.000Z,KSU1,X,variation,channel,37174.748336183635,nT
2026-04-11T11:29:00.000Z,KSU1,X,variation,channel,37174.098459277055,nT
2026-04-11T11:30:00.000Z,KSU1,X,variation,channel,37174.378812077935,nT
2026-04-11T11:31:00.000Z,KSU1,X,variation,channel,37173.6771895589,nT
2026-04-11T11:32:00.000Z,KSU1,X,variation,channel,37172.9523065063,nT
2026-04-11T11:33:00.000Z,KSU1,X,variation,channel,37173.491781685065,nT
2026-04-11T11:34:00.000Z,KSU1,X,variation,channel,37173.528434337626,nT
2026-04-11T11:35:00.000Z,KSU1,X,variation,channel,37173.38832623327,nT
2026-04-11T11:36:00.000Z,KSU1,X,variation,channel,37173.27473768822,nT
2026-04-11T11:37:00.000Z,KSU1,X,variation,channel,37173.39289865639,nT
2026-04-11T11:38:00.000Z,KSU1,X,variation,channel,37173.5466502257,nT
2026-04-11T11:39:00.000Z,KSU1,X,variation,channel,37173.20706233625,nT
2026-04-11T11:40:00.000Z,KSU1,X,variation,channel,37173.109986950556,nT
2026-04-11T11:41:00.000Z,KSU1,X,variation,channel,37173.97259181341,nT
2026-04-11T11:42:00.000Z,KSU1,X,variation,channel,37174.51482074338,nT
2026-04-11T11:43:00.000Z,KSU1,X,variation,channel,37174.2720364223,nT
2026-04-11T11:44:00.000Z,KSU1,X,variation,channel,37174.45890365081,nT
2026-04-11T11:45:00.000Z,KSU1,X,variation,channel,37174.60791654209,nT
2026-04-11T11:46:00.000Z,KSU1,X,variation,channel,37173.943726678626,nT
2026-04-11T11:47:00.000Z,KSU1,X,variation,channel,37174.98061506036,nT
2026-04-11T11:48:00.000Z,KSU1,X,variation,channel,37175.882762794245,nT
2026-04-11T11:49:00.000Z,KSU1,X,variation,channel,37175.3095979367,nT
2026-04-11T11:50:00.000Z,KSU1,X,variation,channel,37175.551611238734,nT
2026-04-11T11:51:00.000Z,KSU1,X,variation,channel,37175.473728287514,nT
2026-04-11T11:52:00.000Z,KSU1,X,variation,channel,37174.52266471129,nT
2026-04-11T11:53:00.000Z,KSU1,X,variation,channel,37174.51135465491,nT
2026-04-11T11:54:00.000Z,KSU1,X,variation,channel,37174.23800173087,nT
2026-04-11T11:55:00.000Z,KSU1,X,variation,channel,37174.16459021824,nT
2026-04-11T11:56:00.000Z,KSU1,X,variation,channel,37174.24955612687,nT
2026-04-11T11:57:00.000Z,KSU1,X,variation,channel,37174.30340719458,nT
2026-04-11T11:58:00.000Z,KSU1,X,variation,channel,37173.96716199465,nT
2026-04-11T11:59:00.000Z,KSU1,X,variation,channel,37173.226081862216,nT
2026-04-11T12:00:00.000Z,KSU1,X,variation,channel,37173.27018997515,nT
2026-04-11T12:01:00.000Z,KSU1,X,variation,channel,37173.36135213255,nT
2026-04-11T12:02:00.000Z,KSU1,X,variation,channel,37173.97218120083,nT
2026-04-11T12:03:00.000Z,KSU1,X,variation,channel,37174.27497667091,nT
2026-04-11T12:04:00.000Z,KSU1,X,variation,channel,37174.343590518365,nT
2026-04-11T12:05:00.000Z,KSU1,X,variation,channel,37174.211869746614,nT
2026-04-11T12:06:00.000Z,KSU1,X,variation,channel,37173.79318100558,nT
2026-04-11T12:07:00.000Z,KSU1,X,variation,channel,37173.17201475143,nT
2026-04-11T12:08:00.000Z,KSU1,X,variation,channel,37172.748871418335,nT
2026-04-11T12:09:00.000Z,KSU1,X,variation,channel,37172.44908507295,nT
2026-04-11T12:10:00.000Z,KSU1,X,variation,channel,37172.340112302554,nT
2026-04-11T12:11:00.000Z,KSU1,X,variation,channel,37172.18823949444,nT
2026-04-11T12:12:00.000Z,KSU1,X,variation,channel,37172.232813671384,nT
2026-04-11T12:13:00.000Z,KSU1,X,variation,channel,37172.55019168769,nT
2026-04-11T12:14:00.000Z,KSU1,X,variation,channel,37172.341759747105,nT
2026-04-11T12:15:00.000Z,KSU1,X,variation,channel,37172.126593693254,nT
2026-04-11T12:16:00.000Z,KSU1,X,variation,channel,37171.91954472776,nT
2026-04-11T12:17:00.000Z,KSU1,X,variation,channel,37171.51790659132,nT
2026-04-11T12:18:00.000Z,KSU1,X,variation,channel,37171.167736167816,nT
2026-04-11T12:19:00.000Z,KSU1,X,variation,channel,37170.445348968635,nT
2026-04-11T12:20:00.000Z,KSU1,X,variation,channel,37170.011820522086,nT
2026-04-11T12:21:00.000Z,KSU1,X,variation,channel,37169.441060426994,nT
2026-04-11T12:22:00.000Z,KSU1,X,variation,channel,37168.83270905081,nT
2026-04-11T12:23:00.000Z,KSU1,X,variation,channel,37168.51656280557,nT
2026-04-11T12:24:00.000Z,KSU1,X,variation,channel,37168.74707990976,nT
2026-04-11T12:25:00.000Z,KSU1,X,variation,channel,37168.692506758984,nT
2026-04-11T12:26:00.000Z,KSU1,X,variation,channel,37168.18426751926,nT
2026-04-11T12:27:00.000Z,KSU1,X,variation,channel,37167.70458307289,nT
2026-04-11T12:28:00.000Z,KSU1,X,variation,channel,37167.1194490365,nT
2026-04-11T12:29:00.000Z,KSU1,X,variation,channel,37167.06565632668,nT
2026-04-11T12:30:00.000Z,KSU1,X,variation,channel,37167.415527580175,nT
2026-04-11T12:31:00.000Z,KSU1,X,variation,channel,37167.56023849238,nT
2026-04-11T12:32:00.000Z,KSU1,X,variation,channel,37167.95222649394,nT
2026-04-11T12:33:00.000Z,KSU1,X,variation,channel,37167.94896184323,nT
2026-04-11T12:34:00.000Z,KSU1,X,variation,channel,37168.0998306596,nT
2026-04-11T12:35:00.000Z,KSU1,X,variation,channel,37167.95068941909,nT
2026-04-11T12:36:00.000Z,KSU1,X,variation,channel,37167.591089442845,nT
2026-04-11T12:37:00.000Z,KSU1,X,variation,channel,37167.76779999882,nT
2026-04-11T12:38:00.000Z,KSU1,X,variation,channel,37168.39490444387,nT
2026-04-11T12:39:00.000Z,KSU1,X,variation,channel,37168.06464892863,nT
2026-04-11T12:40:00.000Z,KSU1,X,variation,channel,37168.068151062915,nT
2026-04-11T12:41:00.000Z,KSU1,X,variation,channel,37168.915299007094,nT
2026-04-11T12:42:00.000Z,KSU1,X,variation,channel,37169.101636653875,nT
2026-04-11T12:43:00.000Z,KSU1,X,variation,channel,37168.85578197627,nT
2026-04-11T12:44:00.000Z,KSU1,X,variation,channel,37168.72938481125,nT
2026-04-11T12:45:00.000Z,KSU1,X,variation,channel,37169.327585534724,nT
2026-04-11T12:46:00.000Z,KSU1,X,variation,channel,37169.55070328214,nT
2026-04-11T12:47:00.000Z,KSU1,X,variation,channel,37169.51488129165,nT
2026-04-11T12:48:00.000Z,KSU1,X,variation,channel,37169.73111099091,nT
2026-04-11T12:49:00.000Z,KSU1,X,variation,channel,37169.91030563708,nT
2026-04-11T12:50:00.000Z,KSU1,X,variation,channel,37169.716564660186,nT
2026-04-11T12:51:00.000Z,KSU1,X,variation,channel,37169.10672437173,nT
2026-04-11T12:52:00.000Z,KSU1,X,variation,channel,37169.11295459051,nT
2026-04-11T12:53:00.000Z,KSU1,X,variation,channel,37169.19828505062,nT
2026-04-11T12:54:00.000Z,KSU1,X,variation,channel,37169.364209273816,nT
2026-04-11T12:55:00.000Z,KSU1,X,variation,channel,37169.64727157435,nT
2026-04-11T12:56:00.000Z,KSU1,X,variation,channel,37169.65261154334,nT
2026-04-11T12:57:00.000Z,KSU1,X,variation,channel,37170.08788962315,nT
2026-04-11T12:58:00.000Z,KSU1,X,variation,channel,37169.27078223428,nT
2026-04-11T12:59:00.000Z,KSU1,X,variation,channel,37168.62543285974,nT
2026-04-11T13:00:00.000Z,KSU1,X,variation,channel,37169.00201414319,nT
2026-04-11T13:01:00.000Z,KSU1,X,variation,channel,37168.066926514446,nT
2026-04-11T13:02:00.000Z,KSU1,X,variation,channel,37167.06134293813,nT
2026-04-11T13:03:00.000Z,KSU1,X,variation,channel,37167.836709209725,nT
2026-04-11T13:04:00.000Z,KSU1,X,variation,channel,37167.899764204245,nT
2026-04-11T13:05:00.000Z,KSU1,X,variation,channel,37167.614617438085,nT
2026-04-11T13:06:00.000Z,KSU1,X,variation,channel,37166.72341876957,nT
2026-04-11T13:07:00.000Z,KSU1,X,variation,channel,37165.79253660264,nT
2026-04-11T13:08:00.000Z,KSU1,X,variation,channel,37165.46085523496,nT
2026-04-11T13:09:00.000Z,KSU1,X,variation,channel,37165.45867474287,nT
2026-04-11T13:10:00.000Z,KSU1,X,variation,channel,37165.46392882979,nT
2026-04-11T13:11:00.000Z,KSU1,X,variation,channel,37165.25360696139,nT
2026-04-11T13:12:00.000Z,KSU1,X,variation,channel,37164.84834559525,nT
2026-04-11T13:13:00.000Z,KSU1,X,variation,channel,37164.79710263784,nT
2026-04-11T13:14:00.000Z,KSU1,X,variation,channel,37164.58615295353,nT
2026-04-11T13:15:00.000Z,KSU1,X,variation,channel,37164.11684658826,nT
2026-04-11T13:16:00.000Z,KSU1,X,variation,channel,37162.91220885623,nT
2026-04-11T13:17:00.000Z,KSU1,X,variation,channel,37162.55725651216,nT
2026-04-11T13:18:00.000Z,KSU1,X,variation,channel,37162.25137633814,nT
2026-04-11T13:19:00.000Z,KSU1,X,variation,channel,37163.07605716801,nT
2026-04-11T13:20:00.000Z,KSU1,X,variation,channel,37162.944787970395,nT
2026-04-11T13:21:00.000Z,KSU1,X,variation,channel,37162.139829491316,nT
2026-04-11T13:22:00.000Z,KSU1,X,variation,channel,37162.49934314537,nT
2026-04-11T13:23:00.000Z,KSU1,X,variation,channel,37162.841048311224,nT
2026-04-11T13:24:00.000Z,KSU1,X,variation,channel,37162.94142033669,nT
2026-04-11T13:25:00.000Z,KSU1,X,variation,channel,37163.98359896081,nT
2026-04-11T13:26:00.000Z,KSU1,X,variation,channel,37164.90478648245,nT
2026-04-11T13:27:00.000Z,KSU1,X,variation,channel,37165.37750479461,nT
2026-04-11T13:28:00.000Z,KSU1,X,variation,channel,37164.22125695724,nT
2026-04-11T13:29:00.000Z,KSU1,X,variation,channel,37163.89033954114,nT
2026-04-11T13:30:00.000Z,KSU1,X,variation,channel,37163.62033323231,nT
2026-04-11T13:31:00.000Z,KSU1,X,variation,channel,37164.35394416908,nT
2026-04-11T13:32:00.000Z,KSU1,X,variation,channel,37165.925036877015,nT
2026-04-11T13:33:00.000Z,KSU1,X,variation,channel,37166.34082125833,nT
2026-04-11T13:34:00.000Z,KSU1,X,variation,channel,37166.39136048878,nT
2026-04-11T13:35:00.000Z,KSU1,X,variation,channel,37165.54569333792,nT
2026-04-11T13:36:00.000Z,KSU1,X,variation,channel,37165.76011168901,nT
2026-04-11T13:37:00.000Z,KSU1,X,variation,channel,37165.09713984319,nT
2026-04-11T13:38:00.000Z,KSU1,X,variation,channel,37164.20972822426,nT
2026-04-11T13:39:00.000Z,KSU1,X,variation,channel,37164.09721383232,nT
2026-04-11T13:40:00.000Z,KSU1,X,variation,channel,37163.968186133745,nT
2026-04-11T13:41:00.000Z,KSU1,X,variation,channel,37163.634449194105,nT
2026-04-11T13:42:00.000Z,KSU1,X,variation,channel,37163.55138250788,nT
2026-04-11T13:43:00.000Z,KSU1,X,variation,channel,37163.86121519853,nT
2026-04-11T13:44:00.000Z,KSU1,X,variation,channel,37163.62016381561,nT
2026-04-11T13:45:00.000Z,KSU1,X,variation,channel,37163.05355479234,nT
2026-04-11T13:46:00.000Z,KSU1,X,variation,channel,37162.3627316312,nT
2026-04-11T13:47:00.000Z,KSU1,X,variation,channel,37161.77293188662,nT
2026-04-11T13:48:00.000Z,KSU1,X,variation,channel,37161.39080881035,nT
2026-04-11T13:49:00.000Z,KSU1,X,variation,channel,37161.11525847829,nT
2026-04-11T13:50:00.000Z,KSU1,X,variation,channel,37160.65457043471,nT
2026-04-11T13:51:00.000Z,KSU1,X,variation,channel,37160.725913184404,nT
2026-04-11T13:52:00.000Z,KSU1,X,variation,channel,37160.30940235875,nT
2026-04-11T13:53:00.000Z,KSU1,X,variation,channel,37160.41563580673,nT
2026-04-11T13:54:00.000Z,KSU1,X,variation,channel,37159.90286021425,nT
2026-04-11T13:55:00.000Z,KSU1,X,variation,channel,37159.79464486124,nT
2026-04-11T13:56:00.000Z,KSU1,X,variation,channel,37159.66094416501,nT
2026-04-11T13:57:00.000Z,KSU1,X,variation,channel,37159.68590825055,nT
2026-04-11T13:58:00.000Z,KSU1,X,variation,channel,37159.4092564673,nT
2026-04-11T13:59:00.000Z,KSU1,X,variation,channel,37158.91119957697,nT
2026-04-11T14:00:00.000Z,KSU1,X,variation,channel,37158.06431126788,nT
2026-04-11T14:01:00.000Z,KSU1,X,variation,channel,37158.17308583619,nT
2026-04-11T14:02:00.000Z,KSU1,X,variation,channel,37157.88203794957,nT
2026-04-11T14:03:00.000Z,KSU1,X,variation,channel,37158.029297700356,nT
2026-04-11T14:04:00.000Z,KSU1,X,variation,channel,37157.73432023593,nT
2026-04-11T14:05:00.000Z,KSU1,X,variation,channel,37157.79167833586,nT
2026-04-11T14:06:00.000Z,KSU1,X,variation,channel,37157.126598694136,nT
2026-04-11T14:07:00.000Z,KSU1,X,variation,channel,37156.66026633909,nT
2026-04-11T14:08:00.000Z,KSU1,X,variation,channel,37155.993186086685,nT
2026-04-11T14:09:00.000Z,KSU1,X,variation,channel,37155.47312267909,nT
2026-04-11T14:10:00.000Z,KSU1,X,variation,channel,37155.81266307071,nT
2026-04-11T14:11:00.000Z,KSU1,X,variation,channel,37155.76889209148,nT
2026-04-11T14:12:00.000Z,KSU1,X,variation,channel,37155.97829836108,nT
2026-04-11T14:13:00.000Z,KSU1,X,variation,channel,37155.68168366521,nT
2026-04-11T14:14:00.000Z,KSU1,X,variation,channel,37155.35255922615,nT
2026-04-11T14:15:00.000Z,KSU1,X,variation,channel,37155.03975792032,nT
2026-04-11T14:16:00.000Z,KSU1,X,variation,channel,37155.16343465196,nT
2026-04-11T14:17:00.000Z,KSU1,X,variation,channel,37154.68189031663,nT
2026-04-11T14:18:00.000Z,KSU1,X,variation,channel,37154.36896702283,nT
2026-04-11T14:19:00.000Z,KSU1,X,variation,channel,37154.68529745975,nT
2026-04-11T14:20:00.000Z,KSU1,X,variation,channel,37154.23693385698,nT
2026-04-11T14:21:00.000Z,KSU1,X,variation,channel,37154.00540191182,nT
2026-04-11T14:22:00.000Z,KSU1,X,variation,channel,37154.00438251928,nT
2026-04-11T14:23:00.000Z,KSU1,X,variation,channel,37153.58929361886,nT
2026-04-11T14:24:00.000Z,KSU1,X,variation,channel,37153.35185457479,nT
2026-04-11T14:25:00.000Z,KSU1,X,variation,channel,37152.57952257161,nT
2026-04-11T14:26:00.000Z,KSU1,X,variation,channel,37151.83328941164,nT
2026-04-11T14:27:00.000Z,KSU1,X,variation,channel,37151.22669869933,nT
2026-04-11T14:28:00.000Z,KSU1,X,variation,channel,37150.289475557314,nT
2026-04-11T14:29:00.000Z,KSU1,X,variation,channel,37150.21850753979,nT
2026-04-11T14:30:00.000Z,KSU1,X,variation,channel,37149.67236165316,nT
2026-04-11T14:31:00.000Z,KSU1,X,variation,channel,37149.66754350956,nT
2026-04-11T14:32:00.000Z,KSU1,X,variation,channel,37149.26032169973,nT
2026-04-11T14:33:00.000Z,KSU1,X,variation,channel,37148.57049254817,nT
2026-04-11T14:34:00.000Z,KSU1,X,variation,channel,37149.06659347645,nT
2026-04-11T14:35:00.000Z,KSU1,X,variation,channel,37148.964662812185,nT
2026-04-11T14:36:00.000Z,KSU1,X,variation,channel,37148.06341760932,nT
2026-04-11T14:37:00.000Z,KSU1,X,variation,channel,37148.95766873464,nT
2026-04-11T14:38:00.000Z,KSU1,X,variation,channel,37148.79714427084,nT
2026-04-11T14:39:00.000Z,KSU1,X,variation,channel,37149.00256085497,nT
2026-04-11T14:40:00.000Z,KSU1,X,variation,channel,37146.62677330482,nT
2026-04-11T14:41:00.000Z,KSU1,X,variation,channel,37143.390268327435,nT
2026-04-11T14:42:00.000Z,KSU1,X,variation,channel,37145.17485153769,nT
2026-04-11T14:43:00.000Z,KSU1,X,variation,channel,37145.667709940804,nT
2026-04-11T14:44:00.000Z,KSU1,X,variation,channel,37145.5498286053,nT
2026-04-11T14:45:00.000Z,KSU1,X,variation,channel,37147.352484521245,nT
2026-04-11T14:46:00.000Z,KSU1,X,variation,channel,37148.09007897427,nT
2026-04-11T14:47:00.000Z,KSU1,X,variation,channel,37147.820494665895,nT
2026-04-11T14:48:00.000Z,KSU1,X,variation,channel,37146.685361488235,nT
2026-04-11T14:49:00.000Z,KSU1,X,variation,channel,37145.99492286628,nT
2026-04-11T14:50:00.000Z,KSU1,X,variation,channel,37147.60299542125,nT
2026-04-11T14:51:00.000Z,KSU1,X,variation,channel,37148.13096228574,nT
2026-04-11T14:52:00.000Z,KSU1,X,variation,channel,37146.17030721451,nT
2026-04-11T14:53:00.000Z,KSU1,X,variation,channel,37145.170005234984,nT
2026-04-11T14:54:00.000Z,KSU1,X,variation,channel,37146.28290411556,nT
2026-04-11T14:55:00.000Z,KSU1,X,variation,channel,37146.64852870475,nT
2026-04-11T14:56:00.000Z,KSU1,X,variation,channel,37147.45907508787,nT
2026-04-11T14:57:00.000Z,KSU1,X,variation,channel,37147.33321375505,nT
2026-04-11T14:58:00.000Z,KSU1,X,variation,channel,37147.451805251876,nT
2026-04-11T14:59:00.000Z,KSU1,X,variation,channel,37147.68589816071,nT
2026-04-11T15:00:00.000Z,KSU1,X,variation,channel,37148.30342961973,nT
2026-04-11T15:01:00.000Z,KSU1,X,variation,channel,37149.78500154454,nT
2026-04-11T15:02:00.000Z,KSU1,X,variation,channel,37146.877813463674,nT
2026-04-11T15:03:00.000Z,KSU1,X,variation,channel,37146.76885476567,nT
2026-04-11T15:04:00.000Z,KSU1,X,variation,channel,37147.22655620009,nT
2026-04-11T15:05:00.000Z,KSU1,X,variation,channel,37147.879531520564,nT
2026-04-11T15:06:00.000Z,KSU1,X,variation,channel,37147.141419908985,nT
2026-04-11T15:07:00.000Z,KSU1,X,variation,channel,37146.921660491644,nT
2026-04-11T15:08:00.000Z,KSU1,X,variation,channel,37146.31507879792,nT
2026-04-11T15:09:00.000Z,KSU1,X,variation,channel,37146.365525867994,nT
2026-04-11T15:10:00.000Z,KSU1,X,variation,channel,37146.26993787487,nT
2026-04-11T15:11:00.000Z,KSU1,X,variation,channel,37147.008122785075,nT
2026-04-11T15:12:00.000Z,KSU1,X,variation,channel,37146.455457656404,nT
2026-04-11T15:13:00.000Z,KSU1,X,variation,channel,37147.15544649207,nT
2026-04-11T15:14:00.000Z,KSU1,X,variation,channel,37146.69102284488,nT
2026-04-11T15:15:00.000Z,KSU1,X,variation,channel,37146.94240478135,nT
2026-04-11T15:16:00.000Z,KSU1,X,variation,channel,37146.972308379736,nT
2026-04-11T15:17:00.000Z,KSU1,X,variation,channel,37146.871126916354,nT
2026-04-11T15:18:00.000Z,KSU1,X,variation,channel,37146.6320730633,nT
2026-04-11T15:19:00.000Z,KSU1,X,variation,channel,37147.050066102536,nT
2026-04-11T15:20:00.000Z,KSU1,X,variation,channel,37148.06616886057,nT
2026-04-11T15:21:00.000Z,KSU1,X,variation,channel,37148.298223352285,nT
2026-04-11T15:22:00.000Z,KSU1,X,variation,channel,37147.63995314068,nT
2026-04-11T15:23:00.000Z,KSU1,X,variation,channel,37146.708302585605,nT
2026-04-11T15:24:00.000Z,KSU1,X,variation,channel,37146.97044965071,nT
2026-04-11T15:25:00.000Z,KSU1,X,variation,channel,37147.4169340611,nT
2026-04-11T15:26:00.000Z,KSU1,X,variation,channel,37145.78895009856,nT
2026-04-11T15:27:00.000Z,KSU1,X,variation,channel,37145.34915177064,nT
2026-04-11T15:28:00.000Z,KSU1,X,variation,channel,37144.60801117224,nT
2026-04-11T15:29:00.000Z,KSU1,X,variation,channel,37144.53661286723,nT
2026-04-11T15:30:00.000Z,KSU1,X,variation,channel,37144.14881764888,nT
2026-04-11T15:31:00.000Z,KSU1,X,variation,channel,37146.484054630935,nT
2026-04-11T15:32:00.000Z,KSU1,X,variation,channel,37145.50062082081,nT
2026-04-11T15:33:00.000Z,KSU1,X,variation,channel,37146.73818378182,nT
2026-04-11T15:34:00.000Z,KSU1,X,variation,channel,37145.664414773346,nT
2026-04-11T15:35:00.000Z,KSU1,X,variation,channel,37145.5717826851,nT
2026-04-11T15:36:00.000Z,KSU1,X,variation,channel,37142.45951934388,nT
2026-04-11T15:37:00.000Z,KSU1,X,variation,channel,37143.71590760351,nT
2026-04-11T15:38:00.000Z,KSU1,X,variation,channel,37143.66806371826,nT
2026-04-11T15:39:00.000Z,KSU1,X,variation,channel,37144.59460277109,nT
2026-04-11T15:40:00.000Z,KSU1,X,variation,channel,37144.84017073227,nT
2026-04-11T15:41:00.000Z,KSU1,X,variation,channel,37143.70672170423,nT
2026-04-11T15:42:00.000Z,KSU1,X,variation,channel,37142.724719348014,nT
2026-04-11T15:43:00.000Z,KSU1,X,variation,channel,37142.117198680295,nT
2026-04-11T15:44:00.000Z,KSU1,X,variation,channel,37143.06520565462,nT
2026-04-11T15:45:00.000Z,KSU1,X,variation,channel,37143.28848058425,nT
2026-04-11T15:46:00.000Z,KSU1,X,variation,channel,37143.19583657363,nT
2026-04-11T15:47:00.000Z,KSU1,X,variation,channel,37142.10287220725,nT
2026-04-11T15:48:00.000Z,KSU1,X,variation,channel,37141.443896847086,nT
2026-04-11T15:49:00.000Z,KSU1,X,variation,channel,37140.1918071965,nT
2026-04-11T15:50:00.000Z,KSU1,X,variation,channel,37139.966821074195,nT
2026-04-11T15:51:00.000Z,KSU1,X,variation,channel,37140.166892002584,nT
2026-04-11T15:52:00.000Z,KSU1,X,variation,channel,37139.95789357628,nT
2026-04-11T15:53:00.000Z,KSU1,X,variation,channel,37140.25801373054,nT
2026-04-11T15:54:00.000Z,KSU1,X,variation,channel,37138.675381576795,nT
2026-04-11T15:55:00.000Z,KSU1,X,variation,channel,37138.42126388004,nT
2026-04-11T15:56:00.000Z,KSU1,X,variation,channel,37139.407428152765,nT
2026-04-11T15:57:00.000Z,KSU1,X,variation,channel,37140.11638742285,nT
2026-04-11T15:58:00.000Z,KSU1,X,variation,channel,37140.4747444651,nT
2026-04-11T15:59:00.000Z,KSU1,X,variation,channel,37140.76394965201,nT
2026-04-11T16:00:00.000Z,KSU1,X,variation,channel,37140.169824786404,nT
2026-04-11T16:01:00.000Z,KSU1,X,variation,channel,37139.25543244736,nT
2026-04-11T16:02:00.000Z,KSU1,X,variation,channel,37139.521333782104,nT
2026-04-11T16:03:00.000Z,KSU1,X,variation,channel,37139.28129811753,nT
2026-04-11T16:04:00.000Z,KSU1,X,variation,channel,37140.36462912553,nT
2026-04-11T16:05:00.000Z,KSU1,X,variation,channel,37140.614121637016,nT
2026-04-11T16:06:00.000Z,KSU1,X,variation,channel,37140.946987210824,nT
2026-04-11T16:07:00.000Z,KSU1,X,variation,channel,37140.51410215339,nT
2026-04-11T16:08:00.000Z,KSU1,X,variation,channel,37140.11857526617,nT
2026-04-11T16:09:00.000Z,KSU1,X,variation,channel,37139.66170791477,nT
2026-04-11T16:10:00.000Z,KSU1,X,variation,channel,37140.44397376506,nT
2026-04-11T16:11:00.000Z,KSU1,X,variation,channel,37141.265898826234,nT
2026-04-11T16:12:00.000Z,KSU1,X,variation,channel,37141.06100058263,nT
2026-04-11T16:13:00.000Z,KSU1,X,variation,channel,37141.311462858095,nT
2026-04-11T16:14:00.000Z,KSU1,X,variation,channel,37141.25957311712,nT
2026-04-11T16:15:00.000Z,KSU1,X,variation,channel,37141.34369898086,nT
2026-04-11T16:16:00.000Z,KSU1,X,variation,channel,37141.44897859858,nT
2026-04-11T16:17:00.000Z,KSU1,X,variation,channel,37141.454135674336,nT
2026-04-11T16:18:00.000Z,KSU1,X,variation,channel,37140.93180595399,nT
2026-04-11T16:19:00.000Z,KSU1,X,variation,channel,37140.03530804896,nT
2026-04-11T16:20:00.000Z,KSU1,X,variation,channel,37140.135072448684,nT
2026-04-11T16:21:00.000Z,KSU1,X,variation,channel,37139.62461845669,nT
2026-04-11T16:22:00.000Z,KSU1,X,variation,channel,37140.090664246956,nT
2026-04-11T16:23:00.000Z,KSU1,X,variation,channel,37140.22475483742,nT
2026-04-11T16:24:00.000Z,KSU1,X,variation,channel,37140.11146325548,nT
2026-04-11T16:25:00.000Z,KSU1,X,variation,channel,37141.51923647337,nT
2026-04-11T16:26:00.000Z,KSU1,X,variation,channel,37141.70808865128,nT
2026-04-11T16:27:00.000Z,KSU1,X,variation,channel,37142.1583995213,nT
2026-04-11T16:28:00.000Z,KSU1,X,variation,channel,37141.23536719725,nT
2026-04-11T16:29:00.000Z,KSU1,X,variation,channel,37141.15681684528,nT
2026-04-11T16:30:00.000Z,KSU1,X,variation,channel,37141.592096939974,nT
2026-04-11T16:31:00.000Z,KSU1,X,variation,channel,37141.99502946423,nT
2026-04-11T16:32:00.000Z,KSU1,X,variation,channel,37141.83328212066,nT
2026-04-11T16:33:00.000Z,KSU1,X,variation,channel,37142.27145019058,nT
2026-04-11T16:34:00.000Z,KSU1,X,variation,channel,37142.45464655326,nT
2026-04-11T16:35:00.000Z,KSU1,X,variation,channel,37141.44076269399,nT
2026-04-11T16:36:00.000Z,KSU1,X,variation,channel,37142.55379092315,nT
2026-04-11T16:37:00.000Z,KSU1,X,variation,channel,37143.64834619349,nT
2026-04-11T16:38:00.000Z,KSU1,X,variation,channel,37143.918450460915,nT
2026-04-11T16:39:00.000Z,KSU1,X,variation,channel,37143.19430053278,nT
2026-04-11T16:40:00.000Z,KSU1,X,variation,channel,37143.935388510894,nT
2026-04-11T16:41:00.000Z,KSU1,X,variation,channel,37144.725458319284,nT
2026-04-11T16:42:00.000Z,KSU1,X,variation,channel,37144.76680725828,nT
2026-04-11T16:43:00.000Z,KSU1,X,variation,channel,37144.39842405279,nT
2026-04-11T16:44:00.000Z,KSU1,X,variation,channel,37144.34650800689,nT
2026-04-11T16:45:00.000Z,KSU1,X,variation,channel,37144.76481068062,nT
2026-04-11T16:46:00.000Z,KSU1,X,variation,channel,37145.47937470211,nT
2026-04-11T16:47:00.000Z,KSU1,X,variation,channel,37145.98759454668,nT
2026-04-11T16:48:00.000Z,KSU1,X,variation,channel,37146.15140169023,nT
2026-04-11T16:49:00.000Z,KSU1,X,variation,channel,37146.201793153465,nT
2026-04-11T16:50:00.000Z,KSU1,X,variation,channel,37146.03056104934,nT
2026-04-11T16:51:00.000Z,KSU1,X,variation,channel,37146.160894993205,nT
2026-04-11T16:52:00.000Z,KSU1,X,variation,channel,37146.327576077885,nT
2026-04-11T16:53:00.000Z,KSU1,X,variation,channel,37146.23573088887,nT
2026-04-11T16:54:00.000Z,KSU1,X,variation,channel,37146.12067522652,nT
2026-04-11T16:55:00.000Z,KSU1,X,variation,channel,37145.102660996694,nT
2026-04-11T16:56:00.000Z,KSU1,X,variation,channel,37144.96187011429,nT
2026-04-11T16:57:00.000Z,KSU1,X,variation,channel,37145.48597347343,nT
2026-04-11T16:58:00.000Z,KSU1,X,variation,channel,37145.041694863714,nT
2026-04-11T16:59:00.000Z,KSU1,X,variation,channel,37146.41290264532,nT
2026-04-11T17:00:00.000Z,KSU1,X,variation,channel,37146.114434572526,nT
2026-04-11T17:01:00.000Z,KSU1,X,variation,channel,37145.821541742946,nT
2026-04-11T17:02:00.000Z,KSU1,X,variation,channel,37145.86929806257,nT
2026-04-11T17:03:00.000Z,KSU1,X,variation,channel,37146.04651273929,nT
2026-04-11T17:04:00.000Z,KSU1,X,variation,channel,37146.3369453618,nT
2026-04-11T17:05:00.000Z,KSU1,X,variation,channel,37147.20705040694,nT
2026-04-11T17:06:00.000Z,KSU1,X,variation,channel,37146.95513141078,nT
2026-04-11T17:07:00.000Z,KSU1,X,variation,channel,37146.63397678969,nT
2026-04-11T17:08:00.000Z,KSU1,X,variation,channel,37146.619848238995,nT
2026-04-11T17:09:00.000Z,KSU1,X,variation,channel,37146.66138124401,nT
2026-04-11T17:10:00.000Z,KSU1,X,variation,channel,37147.11917713071,nT
2026-04-11T17:11:00.000Z,KSU1,X,variation,channel,37147.45833713638,nT
2026-04-11T17:12:00.000Z,KSU1,X,variation,channel,37147.233221496026,nT
2026-04-11T17:13:00.000Z,KSU1,X,variation,channel,37146.939571656476,nT
2026-04-11T17:14:00.000Z,KSU1,X,variation,channel,37146.1370503118,nT
2026-04-11T17:15:00.000Z,KSU1,X,variation,channel,37146.219633503766,nT
2026-04-11T17:16:00.000Z,KSU1,X,variation,channel,37146.07809981911,nT
2026-04-11T17:17:00.000Z,KSU1,X,variation,channel,37145.70412866486,nT
2026-04-11T17:18:00.000Z,KSU1,X,variation,channel,37145.72820348429,nT
2026-04-11T17:19:00.000Z,KSU1,X,variation,channel,37145.90027174352,nT
2026-04-11T17:20:00.000Z,KSU1,X,variation,channel,37145.03199739503,nT
2026-04-11T17:21:00.000Z,KSU1,X,variation,channel,37145.24193227658,nT
2026-04-11T17:22:00.000Z,KSU1,X,variation,channel,37145.5104075962,nT
2026-04-11T17:23:00.000Z,KSU1,X,variation,channel,37146.16654141901,nT
2026-04-11T17:24:00.000Z,KSU1,X,variation,channel,37147.37663659686,nT
2026-04-11T17:25:00.000Z,KSU1,X,variation,channel,37147.212906917746,nT
2026-04-11T17:26:00.000Z,KSU1,X,variation,channel,37146.9445379194,nT
2026-04-11T17:27:00.000Z,KSU1,X,variation,channel,37147.495784422565,nT
2026-04-11T17:28:00.000Z,KSU1,X,variation,channel,37148.46020424537,nT
2026-04-11T17:29:00.000Z,KSU1,X,variation,channel,37148.92299652178,nT
2026-04-11T17:30:00.000Z,KSU1,X,variation,channel,37148.302045923425,nT
2026-04-11T17:31:00.000Z,KSU1,X,variation,channel,37148.25518789178,nT
2026-04-11T17:32:00.000Z,KSU1,X,variation,channel,37147.728848861094,nT
2026-04-11T17:33:00.000Z,KSU1,X,variation,channel,37147.60115864275,nT
2026-04-11T17:34:00.000Z,KSU1,X,variation,channel,37147.277452705806,nT
2026-04-11T17:35:00.000Z,KSU1,X,variation,channel,37147.008058390034,nT
2026-04-11T17:36:00.000Z,KSU1,X,variation,channel,37147.12473373936,nT
2026-04-11T17:37:00.000Z,KSU1,X,variation,channel,37146.90229097114,nT
2026-04-11T17:38:00.000Z,KSU1,X,variation,channel,37147.3796980629,nT
2026-04-11T17:39:00.000Z,KSU1,X,variation,channel,37147.05284459317,nT
2026-04-11T17:40:00.000Z,KSU1,X,variation,channel,37146.71724551764,nT
2026-04-11T17:41:00.000Z,KSU1,X,variation,channel,37146.418601219135,nT
2026-04-11T17:42:00.000Z,KSU1,X,variation,channel,37146.80088479371,nT
2026-04-11T17:43:00.000Z,KSU1,X,variation,channel,37147.4638159495,nT
2026-04-11T17:44:00.000Z,KSU1,X,variation,channel,37147.9233659046,nT
2026-04-11T17:45:00.000Z,KSU1,X,variation,channel,37148.25818394907,nT
2026-04-11T17:46:00.000Z,KSU1,X,variation,channel,37147.32674030659,nT
2026-04-11T17:47:00.000Z,KSU1,X,variation,channel,37147.50192041181,nT
2026-04-11T17:48:00.000Z,KSU1,X,variation,channel,37147.362587089,nT
2026-04-11T17:49:00.000Z,KSU1,X,variation,channel,37148.79805038115,nT
2026-04-11T17:50:00.000Z,KSU1,X,variation,channel,37148.90470763721,nT
2026-04-11T17:51:00.000Z,KSU1,X,variation,channel,37148.89943644729,nT
2026-04-11T17:52:00.000Z,KSU1,X,variation,channel,37149.59964211537,nT
2026-04-11T17:53:00.000Z,KSU1,X,variation,channel,37149.5109729568,nT
2026-04-11T17:54:00.000Z,KSU1,X,variation,channel,37148.56293715269,nT
2026-04-11T17:55:00.000Z,KSU1,X,variation,channel,37148.32807310213,nT
2026-04-11T17:56:00.000Z,KSU1,X,variation,channel,37148.031272711756,nT
2026-04-11T17:57:00.000Z,KSU1,X,variation,channel,37148.82675502506,nT
2026-04-11T17:58:00.000Z,KSU1,X,variation,channel,37149.6062527401,nT
2026-04-11T17:59:00.000Z,KSU1,X,variation,channel,37149.26567558812,nT
2026-04-11T18:00:00.000Z,KSU1,X,variation,channel,37149.09004389221,nT
2026-04-11T18:01:00.000Z,KSU1,X,variation,channel,37149.25901768254,nT
2026-04-11T18:02:00.000Z,KSU1,X,variation,channel,37149.63483754661,nT
2026-04-11T18:03:00.000Z,KSU1,X,variation,channel,37149.70401466311,nT
2026-04-11T18:04:00.000Z,KSU1,X,variation,channel,37149.99151176269,nT
2026-04-11T18:05:00.000Z,KSU1,X,variation,channel,37149.527332660284,nT
2026-04-11T18:06:00.000Z,KSU1,X,variation,channel,37149.55493657482,nT
2026-04-11T18:07:00.000Z,KSU1,X,variation,channel,37149.72978415983,nT
2026-04-11T18:08:00.000Z,KSU1,X,variation,channel,37149.749263101985,nT
2026-04-11T18:09:00.000Z,KSU1,X,variation,channel,37149.64055170076,nT
2026-04-11T18:10:00.000Z,KSU1,X,variation,channel,37149.17552155569,nT
2026-04-11T18:11:00.000Z,KSU1,X,variation,channel,37148.064969372135,nT
2026-04-11T18:12:00.000Z,KSU1,X,variation,channel,37148.082565523,nT
2026-04-11T18:13:00.000Z,KSU1,X,variation,channel,37148.132908579086,nT
2026-04-11T18:14:00.000Z,KSU1,X,variation,channel,37147.86677591723,nT
2026-04-11T18:15:00.000Z,KSU1,X,variation,channel,37147.502813210405,nT
2026-04-11T18:16:00.000Z,KSU1,X,variation,channel,37147.70695704138,nT
2026-04-11T18:17:00.000Z,KSU1,X,variation,channel,37148.04620340676,nT
2026-04-11T18:18:00.000Z,KSU1,X,variation,channel,37148.059264184085,nT
2026-04-11T18:19:00.000Z,KSU1,X,variation,channel,37148.20013642408,nT
2026-04-11T18:20:00.000Z,KSU1,X,variation,channel,37148.73737111808,nT
2026-04-11T18:21:00.000Z,KSU1,X,variation,channel,37148.855407761155,nT
2026-04-11T18:22:00.000Z,KSU1,X,variation,channel,37149.3455353049,nT
2026-04-11T18:23:00.000Z,KSU1,X,variation,channel,37149.665591586,nT
2026-04-11T18:24:00.000Z,KSU1,X,variation,channel,37149.69510695279,nT
2026-04-11T18:25:00.000Z,KSU1,X,variation,channel,37149.2478704769,nT
2026-04-11T18:26:00.000Z,KSU1,X,variation,channel,37149.5722547661,nT
2026-04-11T18:27:00.000Z,KSU1,X,variation,channel,37150.083132239895,nT
2026-04-11T18:28:00.000Z,KSU1,X,variation,channel,37150.143105930656,nT
2026-04-11T18:29:00.000Z,KSU1,X,variation,channel,37150.89010345878,nT
2026-04-11T18:30:00.000Z,KSU1,X,variation,channel,37151.279199230754,nT
2026-04-11T18:31:00.000Z,KSU1,X,variation,channel,37150.90597313611,nT
2026-04-11T18:32:00.000Z,KSU1,X,variation,channel,37151.18929085404,nT
2026-04-11T18:33:00.000Z,KSU1,X,variation,channel,37151.302166626585,nT
2026-04-11T18:34:00.000Z,KSU1,X,variation,channel,37151.80454727454,nT
2026-04-11T18:35:00.000Z,KSU1,X,variation,channel,37152.047084961436,nT
2026-04-11T18:36:00.000Z,KSU1,X,variation,channel,37152.073443954265,nT
2026-04-11T18:37:00.000Z,KSU1,X,variation,channel,37151.54481678696,nT
2026-04-11T18:38:00.000Z,KSU1,X,variation,channel,37150.458329464615,nT
2026-04-11T18:39:00.000Z,KSU1,X,variation,channel,37149.58161347418,nT
2026-04-11T18:40:00.000Z,KSU1,X,variation,channel,37149.008325625575,nT
2026-04-11T18:41:00.000Z,KSU1,X,variation,channel,37148.56569070239,nT
2026-04-11T18:42:00.000Z,KSU1,X,variation,channel,37148.3922294384,nT
2026-04-11T18:43:00.000Z,KSU1,X,variation,channel,37148.317577628026,nT
2026-04-11T18:44:00.000Z,KSU1,X,variation,channel,37149.97478640189,nT
2026-04-11T18:45:00.000Z,KSU1,X,variation,channel,37150.915263503375,nT
2026-04-11T18:46:00.000Z,KSU1,X,variation,channel,37150.543842162566,nT
2026-04-11T18:47:00.000Z,KSU1,X,variation,channel,37150.29280643475,nT
2026-04-11T18:48:00.000Z,KSU1,X,variation,channel,37150.6199178479,nT
2026-04-11T18:49:00.000Z,KSU1,X,variation,channel,37149.74416538933,nT
2026-04-11T18:50:00.000Z,KSU1,X,variation,channel,37149.016474600976,nT
2026-04-11T18:51:00.000Z,KSU1,X,variation,channel,37148.43656134048,nT
2026-04-11T18:52:00.000Z,KSU1,X,variation,channel,37148.39548793794,nT
2026-04-11T18:53:00.000Z,KSU1,X,variation,channel,37148.28919919715,nT
2026-04-11T18:54:00.000Z,KSU1,X,variation,channel,37148.36755655603,nT
2026-04-11T18:55:00.000Z,KSU1,X,variation,channel,37147.533097980435,nT
2026-04-11T18:56:00.000Z,KSU1,X,variation,channel,37147.92611583162,nT
2026-04-11T18:57:00.000Z,KSU1,X,variation,channel,37147.61418543711,nT
2026-04-11T18:58:00.000Z,KSU1,X,variation,channel,37148.05215140206,nT
2026-04-11T18:59:00.000Z,KSU1,X,variation,channel,37148.05011246884,nT
2026-04-11T19:00:00.000Z,KSU1,X,variation,channel,37147.504023913374,nT
2026-04-11T19:01:00.000Z,KSU1,X,variation,channel,37146.79399337582,nT
2026-04-11T19:02:00.000Z,KSU1,X,variation,channel,37146.216908020775,nT
2026-04-11T19:03:00.000Z,KSU1,X,variation,channel,37146.48054706686,nT
2026-04-11T19:04:00.000Z,KSU1,X,variation,channel,37146.86745620442,nT
2026-04-11T19:05:00.000Z,KSU1,X,variation,channel,37147.53974837211,nT
2026-04-11T19:06:00.000Z,KSU1,X,variation,channel,37146.9051063901,nT
2026-04-11T19:07:00.000Z,KSU1,X,variation,channel,37146.938910909535,nT
2026-04-11T19:08:00.000Z,KSU1,X,variation,channel,37146.324655740646,nT
2026-04-11T19:09:00.000Z,KSU1,X,variation,channel,37145.11780174497,nT
2026-04-11T19:10:00.000Z,KSU1,X,variation,channel,37144.398625959315,nT
2026-04-11T19:11:00.000Z,KSU1,X,variation,channel,37144.4094614134,nT
2026-04-11T19:12:00.000Z,KSU1,X,variation,channel,37144.79874143512,nT
2026-04-11T19:13:00.000Z,KSU1,X,variation,channel,37144.21563153118,nT
2026-04-11T19:14:00.000Z,KSU1,X,variation,channel,37143.79268821036,nT
2026-04-11T19:15:00.000Z,KSU1,X,variation,channel,37143.220954791024,nT
2026-04-11T19:16:00.000Z,KSU1,X,variation,channel,37143.349357794425,nT
2026-04-11T19:17:00.000Z,KSU1,X,variation,channel,37144.03789736867,nT
2026-04-11T19:18:00.000Z,KSU1,X,variation,channel,37145.06137025883,nT
2026-04-11T19:19:00.000Z,KSU1,X,variation,channel,37144.168810498755,nT
2026-04-11T19:20:00.000Z,KSU1,X,variation,channel,37143.887559285424,nT
2026-04-11T19:21:00.000Z,KSU1,X,variation,channel,37143.20762563692,nT
2026-04-11T19:22:00.000Z,KSU1,X,variation,channel,37142.80052402461,nT
2026-04-11T19:23:00.000Z,KSU1,X,variation,channel,37142.14820902484,nT
2026-04-11T19:24:00.000Z,KSU1,X,variation,channel,37142.11376822691,nT
2026-04-11T19:25:00.000Z,KSU1,X,variation,channel,37141.76733694227,nT
2026-04-11T19:26:00.000Z,KSU1,X,variation,channel,37142.23039281199,nT
2026-04-11T19:27:00.000Z,KSU1,X,variation,channel,37142.65812133219,nT
2026-04-11T19:28:00.000Z,KSU1,X,variation,channel,37141.50131462379,nT
2026-04-11T19:29:00.000Z,KSU1,X,variation,channel,37140.69412236337,nT
2026-04-11T19:30:00.000Z,KSU1,X,variation,channel,37140.93225775687,nT
2026-04-11T19:31:00.000Z,KSU1,X,variation,channel,37150.0921554822,nT
2026-04-11T19:32:00.000Z,KSU1,X,variation,channel,37150.06330297224,nT
2026-04-11T19:33:00.000Z,KSU1,X,variation,channel,37149.92653190499,nT
2026-04-11T19:34:00.000Z,KSU1,X,variation,channel,37150.122085372685,nT
2026-04-11T19:35:00.000Z,KSU1,X,variation,channel,37150.200137533284,nT
2026-04-11T19:36:00.000Z,KSU1,X,variation,channel,37150.13261495036,nT
2026-04-11T19:37:00.000Z,KSU1,X,variation,channel,37149.88270152581,nT
2026-04-11T19:38:00.000Z,KSU1,X,variation,channel,37149.34453653648,nT
2026-04-11T19:39:00.000Z,KSU1,X,variation,channel,37149.5260194353,nT
2026-04-11T19:40:00.000Z,KSU1,X,variation,channel,37150.22960194748,nT
2026-04-11T19:41:00.000Z,KSU1,X,variation,channel,37150.942787927444,nT
2026-04-11T19:42:00.000Z,KSU1,X,variation,channel,37150.7952689608,nT
2026-04-11T19:43:00.000Z,KSU1,X,variation,channel,37150.961193328025,nT
2026-04-11T19:44:00.000Z,KSU1,X,variation,channel,37151.501595361,nT
2026-04-11T19:45:00.000Z,KSU1,X,variation,channel,37151.59558247552,nT
2026-04-11T19:46:00.000Z,KSU1,X,variation,channel,37151.64433910799,nT
2026-04-11T19:47:00.000Z,KSU1,X,variation,channel,37151.83963732449,nT
2026-04-11T19:48:00.000Z,KSU1,X,variation,channel,37152.22898790292,nT
2026-04-11T19:49:00.000Z,KSU1,X,variation,channel,37152.795872514,nT
2026-04-11T19:50:00.000Z,KSU1,X,variation,channel,37152.841012077246,nT
2026-04-11T19:51:00.000Z,KSU1,X,variation,channel,37153.005481214495,nT
2026-04-11T19:52:00.000Z,KSU1,X,variation,channel,37152.80690960177,nT
2026-04-11T19:53:00.000Z,KSU1,X,variation,channel,37153.10466647065,nT
2026-04-11T19:54:00.000Z,KSU1,X,variation,channel,37153.197970700894,nT
2026-04-11T19:55:00.000Z,KSU1,X,variation,channel,37152.86581784238,nT
2026-04-11T19:56:00.000Z,KSU1,X,variation,channel,37153.35532624516,nT
2026-04-11T19:57:00.000Z,KSU1,X,variation,channel,37153.09991203265,nT
2026-04-11T19:58:00.000Z,KSU1,X,variation,channel,37153.24544276163,nT
2026-04-11T19:59:00.000Z,KSU1,X,variation,channel,37153.44155526991,nT
2026-04-11T20:00:00.000Z,KSU1,X,variation,channel,37153.35590431382,nT
2026-04-11T20:01:00.000Z,KSU1,X,variation,channel,37153.78556837583,nT
2026-04-11T20:02:00.000Z,KSU1,X,variation,channel,37154.16440959152,nT
2026-04-11T20:03:00.000Z,KSU1,X,variation,channel,37153.903489027805,nT
2026-04-11T20:04:00.000Z,KSU1,X,variation,channel,37153.69544057677,nT
2026-04-11T20:05:00.000Z,KSU1,X,variation,channel,37152.27110101715,nT
2026-04-11T20:06:00.000Z,KSU1,X,variation,channel,37152.74363901101,nT
2026-04-11T20:07:00.000Z,KSU1,X,variation,channel,37154.07333913968,nT
2026-04-11T20:08:00.000Z,KSU1,X,variation,channel,37153.95021309214,nT
2026-04-11T20:09:00.000Z,KSU1,X,variation,channel,37154.125208621896,nT
2026-04-11T20:10:00.000Z,KSU1,X,variation,channel,37154.24829565796,nT
2026-04-11T20:11:00.000Z,KSU1,X,variation,channel,37154.992222906614,nT
2026-04-11T20:12:00.000Z,KSU1,X,variation,channel,37154.82377084275,nT
2026-04-11T20:13:00.000Z,KSU1,X,variation,channel,37154.422796861385,nT
2026-04-11T20:14:00.000Z,KSU1,X,variation,channel,37154.46150389599,nT
2026-04-11T20:15:00.000Z,KSU1,X,variation,channel,37155.50180226683,nT
2026-04-11T20:16:00.000Z,KSU1,X,variation,channel,37156.468167005594,nT
2026-04-11T20:17:00.000Z,KSU1,X,variation,channel,37156.77482357498,nT
2026-04-11T20:18:00.000Z,KSU1,X,variation,channel,37156.927858653726,nT
2026-04-11T20:19:00.000Z,KSU1,X,variation,channel,37156.53239990556,nT
2026-04-11T20:20:00.000Z,KSU1,X,variation,channel,37156.460063928615,nT
2026-04-11T20:21:00.000Z,KSU1,X,variation,channel,37155.62164951503,nT
2026-04-11T20:22:00.000Z,KSU1,X,variation,channel,37154.243240784184,nT
2026-04-11T20:23:00.000Z,KSU1,X,variation,channel,37152.78926217999,nT
2026-04-11T20:24:00.000Z,KSU1,X,variation,channel,37152.457074675105,nT
2026-04-11T20:25:00.000Z,KSU1,X,variation,channel,37152.96975108101,nT
2026-04-11T20:26:00.000Z,KSU1,X,variation,channel,37153.62616426677,nT
2026-04-11T20:27:00.000Z,KSU1,X,variation,channel,37154.027237173636,nT
2026-04-11T20:28:00.000Z,KSU1,X,variation,channel,37153.86951216303,nT
2026-04-11T20:29:00.000Z,KSU1,X,variation,channel,37153.58219227531,nT
2026-04-11T20:30:00.000Z,KSU1,X,variation,channel,37153.97358533208,nT
2026-04-11T20:31:00.000Z,KSU1,X,variation,channel,37154.218954774005,nT
2026-04-11T20:32:00.000Z,KSU1,X,variation,channel,37154.56327803978,nT
2026-04-11T20:33:00.000Z,KSU1,X,variation,channel,37154.5187055523,nT
2026-04-11T20:34:00.000Z,KSU1,X,variation,channel,37155.12125765078,nT
2026-04-11T20:35:00.000Z,KSU1,X,variation,channel,37155.36447496576,nT
2026-04-11T20:36:00.000Z,KSU1,X,variation,channel,37156.12384815577,nT
2026-04-11T20:37:00.000Z,KSU1,X,variation,channel,37156.559552665836,nT
2026-04-11T20:38:00.000Z,KSU1,X,variation,channel,37156.02774539725,nT
2026-04-11T20:39:00.000Z,KSU1,X,variation,channel,37155.8442068367,nT
2026-04-11T20:40:00.000Z,KSU1,X,variation,channel,37155.60116950785,nT
2026-04-11T20:41:00.000Z,KSU1,X,variation,channel,37155.6159134522,nT
2026-04-11T20:42:00.000Z,KSU1,X,variation,channel,37155.97827342906,nT
2026-04-11T20:43:00.000Z,KSU1,X,variation,channel,37155.984170508054,nT
2026-04-11T20:44:00.000Z,KSU1,X,variation,channel,37155.75070196521,nT
2026-04-11T20:45:00.000Z,KSU1,X,variation,channel,37155.81591975623,nT
2026-04-11T20:46:00.000Z,KSU1,X,variation,channel,37156.125536718,nT
2026-04-11T20:47:00.000Z,KSU1,X,variation,channel,37156.797252347686,nT
2026-04-11T20:48:00.000Z,KSU1,X,variation,channel,37157.464129818094,nT
2026-04-11T20:49:00.000Z,KSU1,X,variation,channel,37158.10156464215,nT
2026-04-11T20:50:00.000Z,KSU1,X,variation,channel,37159.42578803882,nT
2026-04-11T20:51:00.000Z,KSU1,X,variation,channel,37160.01293500877,nT
2026-04-11T20:52:00.000Z,KSU1,X,variation,channel,37160.33564404829,nT
2026-04-11T20:53:00.000Z,KSU1,X,variation,channel,37160.39448988406,nT
2026-04-11T20:54:00.000Z,KSU1,X,variation,channel,37160.8393724767,nT
2026-04-11T20:55:00.000Z,KSU1,X,variation,channel,37161.71415031219,nT
2026-04-11T20:56:00.000Z,KSU1,X,variation,channel,37162.55326342262,nT
2026-04-11T20:57:00.000Z,KSU1,X,variation,channel,37163.37401005333,nT
2026-04-11T20:58:00.000Z,KSU1,X,variation,channel,37164.448342456555,nT
2026-04-11T20:59:00.000Z,KSU1,X,variation,channel,37165.801812982856,nT
2026-04-11T21:00:00.000Z,KSU1,X,variation,channel,37166.02664888083,nT
2026-04-11T21:01:00.000Z,KSU1,X,variation,channel,37165.36992529739,nT
2026-04-11T21:02:00.000Z,KSU1,X,variation,channel,37164.36853195085,nT
2026-04-11T21:03:00.000Z,KSU1,X,variation,channel,37162.80983071185,nT
2026-04-11T21:04:00.000Z,KSU1,X,variation,channel,37162.84010258882,nT
2026-04-11T21:05:00.000Z,KSU1,X,variation,channel,37162.90124808929,nT
2026-04-11T21:06:00.000Z,KSU1,X,variation,channel,37163.991784387035,nT
2026-04-11T21:07:00.000Z,KSU1,X,variation,channel,37165.87461834947,nT
2026-04-11T21:08:00.000Z,KSU1,X,variation,channel,37166.763770720456,nT
2026-04-11T21:09:00.000Z,KSU1,X,variation,channel,37166.57847800101,nT
2026-04-11T21:10:00.000Z,KSU1,X,variation,channel,37166.36505003604,nT
2026-04-11T21:11:00.000Z,KSU1,X,variation,channel,37165.75064330161,nT
2026-04-11T21:12:00.000Z,KSU1,X,variation,channel,37166.34784294942,nT
2026-04-11T21:13:00.000Z,KSU1,X,variation,channel,37166.682342387336,nT
2026-04-11T21:14:00.000Z,KSU1,X,variation,channel,37166.87840397611,nT
2026-04-11T21:15:00.000Z,KSU1,X,variation,channel,37166.972753877024,nT
2026-04-11T21:16:00.000Z,KSU1,X,variation,channel,37166.53680388389,nT
2026-04-11T21:17:00.000Z,KSU1,X,variation,channel,37167.64815469994,nT
2026-04-11T21:18:00.000Z,KSU1,X,variation,channel,37168.97381168255,nT
2026-04-11T21:19:00.000Z,KSU1,X,variation,channel,37169.88965949861,nT
2026-04-11T21:20:00.000Z,KSU1,X,variation,channel,37170.00989908743,nT
2026-04-11T21:21:00.000Z,KSU1,X,variation,channel,37169.80547953704,nT
2026-04-11T21:22:00.000Z,KSU1,X,variation,channel,37169.74999009,nT
2026-04-11T21:23:00.000Z,KSU1,X,variation,channel,37169.6378929994,nT
2026-04-11T21:24:00.000Z,KSU1,X,variation,channel,37169.762557725175,nT
2026-04-11T21:25:00.000Z,KSU1,X,variation,channel,37169.7527234765,nT
2026-04-11T21:26:00.000Z,KSU1,X,variation,channel,37169.75647697409,nT
2026-04-11T21:27:00.000Z,KSU1,X,variation,channel,37169.516470020106,nT
2026-04-11T21:28:00.000Z,KSU1,X,variation,channel,37169.362602818735,nT
2026-04-11T21:29:00.000Z,KSU1,X,variation,channel,37170.22099653343,nT
2026-04-11T21:30:00.000Z,KSU1,X,variation,channel,37170.58415296154,nT
2026-04-11T21:31:00.000Z,KSU1,X,variation,channel,37170.37263191792,nT
2026-04-11T21:32:00.000Z,KSU1,X,variation,channel,37170.87805564835,nT
2026-04-11T21:33:00.000Z,KSU1,X,variation,channel,37171.06292159525,nT
2026-04-11T21:34:00.000Z,KSU1,X,variation,channel,37171.64763535927,nT
2026-04-11T21:35:00.000Z,KSU1,X,variation,channel,37172.19241571735,nT
2026-04-11T21:36:00.000Z,KSU1,X,variation,channel,37172.88058265689,nT
2026-04-11T21:37:00.000Z,KSU1,X,variation,channel,37172.97069146895,nT
2026-04-11T21:38:00.000Z,KSU1,X,variation,channel,37172.59637512891,nT
2026-04-11T21:39:00.000Z,KSU1,X,variation,channel,37172.02144302118,nT
2026-04-11T21:40:00.000Z,KSU1,X,variation,channel,37171.64325505223,nT
2026-04-11T21:41:00.000Z,KSU1,X,variation,channel,37171.778404925826,nT
2026-04-11T21:42:00.000Z,KSU1,X,variation,channel,37172.28120871589,nT
2026-04-11T21:43:00.000Z,KSU1,X,variation,channel,37172.53516377488,nT
2026-04-11T21:44:00.000Z,KSU1,X,variation,channel,37172.588918590576,nT
2026-04-11T21:45:00.000Z,KSU1,X,variation,channel,37172.66016922215,nT
2026-04-11T21:46:00.000Z,KSU1,X,variation,channel,37172.54219482797,nT
2026-04-11T21:47:00.000Z,KSU1,X,variation,channel,37172.102432721374,nT
2026-04-11T21:48:00.000Z,KSU1,X,variation,channel,37172.24289912288,nT
2026-04-11T21:49:00.000Z,KSU1,X,variation,channel,37172.19397298227,nT
2026-04-11T21:50:00.000Z,KSU1,X,variation,channel,37172.857600209325,nT
2026-04-11T21:51:00.000Z,KSU1,X,variation,channel,37173.20182872147,nT
2026-04-11T21:52:00.000Z,KSU1,X,variation,channel,37173.375108819004,nT
2026-04-11T21:53:00.000Z,KSU1,X,variation,channel,37173.211272538065,nT
2026-04-11T21:54:00.000Z,KSU1,X,variation,channel,37173.802898565045,nT
2026-04-11T21:55:00.000Z,KSU1,X,variation,channel,37173.84910356984,nT
2026-04-11T21:56:00.000Z,KSU1,X,variation,channel,37173.92861492533,nT
2026-04-11T21:57:00.000Z,KSU1,X,variation,channel,37173.715732898825,nT
2026-04-11T21:58:00.000Z,KSU1,X,variation,channel,37173.99579675317,nT
2026-04-11T21:59:00.000Z,KSU1,X,variation,channel,37174.27820091873,nT
2026-04-11T22:00:00.000Z,KSU1,X,variation,channel,37174.65782585756,nT
2026-04-11T22:01:00.000Z,KSU1,X,variation,channel,37174.81815114598,nT
2026-04-11T22:02:00.000Z,KSU1,X,variation,channel,37174.80108124538,nT
2026-04-11T22:03:00.000Z,KSU1,X,variation,channel,37175.12516755521,nT
2026-04-11T22:04:00.000Z,KSU1,X,variation,channel,37175.527669448995,nT
2026-04-11T22:05:00.000Z,KSU1,X,variation,channel,37176.04696109579,nT
2026-04-11T22:06:00.000Z,KSU1,X,variation,channel,37176.16662799878,nT
2026-04-11T22:07:00.000Z,KSU1,X,variation,channel,37175.53847225069,nT
2026-04-11T22:08:00.000Z,KSU1,X,variation,channel,37175.852358745695,nT
2026-04-11T22:09:00.000Z,KSU1,X,variation,channel,37175.66003730903,nT
2026-04-11T22:10:00.000Z,KSU1,X,variation,channel,37175.92567571315,nT
2026-04-11T22:11:00.000Z,KSU1,X,variation,channel,37175.94968895639,nT
2026-04-11T22:12:00.000Z,KSU1,X,variation,channel,37175.990338801465,nT
2026-04-11T22:13:00.000Z,KSU1,X,variation,channel,37175.97540610015,nT
2026-04-11T22:14:00.000Z,KSU1,X,variation,channel,37175.714866891045,nT
2026-04-11T22:15:00.000Z,KSU1,X,variation,channel,37175.239541427625,nT
2026-04-11T22:16:00.000Z,KSU1,X,variation,channel,37175.73550679395,nT
2026-04-11T22:17:00.000Z,KSU1,X,variation,channel,37176.29702150286,nT
2026-04-11T22:18:00.000Z,KSU1,X,variation,channel,37178.11533403361,nT
2026-04-11T22:19:00.000Z,KSU1,X,variation,channel,37179.00656368452,nT
2026-04-11T22:20:00.000Z,KSU1,X,variation,channel,37178.37483502413,nT
2026-04-11T22:21:00.000Z,KSU1,X,variation,channel,37176.25095364661,nT
2026-04-11T22:22:00.000Z,KSU1,X,variation,channel,37176.26910793995,nT
2026-04-11T22:23:00.000Z,KSU1,X,variation,channel,37177.40475701939,nT
2026-04-11T22:24:00.000Z,KSU1,X,variation,channel,37178.08212139964,nT
2026-04-11T22:25:00.000Z,KSU1,X,variation,channel,37177.871142763855,nT
2026-04-11T22:26:00.000Z,KSU1,X,variation,channel,37177.368699671315,nT
2026-04-11T22:27:00.000Z,KSU1,X,variation,channel,37178.30678498058,nT
2026-04-11T22:28:00.000Z,KSU1,X,variation,channel,37178.46506807571,nT
2026-04-11T22:29:00.000Z,KSU1,X,variation,channel,37178.27136731927,nT
2026-04-11T22:30:00.000Z,KSU1,X,variation,channel,37177.49431998807,nT
2026-04-11T22:31:00.000Z,KSU1,X,variation,channel,37177.03359008264,nT
2026-04-11T22:32:00.000Z,KSU1,X,variation,channel,37177.558630218846,nT
2026-04-11T22:33:00.000Z,KSU1,X,variation,channel,37177.796649918644,nT
2026-04-11T22:34:00.000Z,KSU1,X,variation,channel,37178.18044753379,nT
2026-04-11T22:35:00.000Z,KSU1,X,variation,channel,37178.786673411174,nT
2026-04-11T22:36:00.000Z,KSU1,X,variation,channel,37178.013877707206,nT
2026-04-11T22:37:00.000Z,KSU1,X,variation,channel,37176.449616163736,nT
2026-04-11T22:38:00.000Z,KSU1,X,variation,channel,37175.353088963086,nT
2026-04-11T22:39:00.000Z,KSU1,X,variation,channel,37176.97435900728,nT
2026-04-11T22:40:00.000Z,KSU1,X,variation,channel,37178.559270290265,nT
2026-04-11T22:41:00.000Z,KSU1,X,variation,channel,37177.334132585675,nT
2026-04-11T22:42:00.000Z,KSU1,X,variation,channel,37177.11187458995,nT
2026-04-11T22:43:00.000Z,KSU1,X,variation,channel,37178.192037994035,nT
2026-04-11T22:44:00.000Z,KSU1,X,variation,channel,37179.63154879425,nT
2026-04-11T22:45:00.000Z,KSU1,X,variation,channel,37179.19715653522,nT
2026-04-11T22:46:00.000Z,KSU1,X,variation,channel,37176.91972232795,nT
2026-04-11T22:47:00.000Z,KSU1,X,variation,channel,37175.58968611046,nT
2026-04-11T22:48:00.000Z,KSU1,X,variation,channel,37176.08669239558,nT
2026-04-11T22:49:00.000Z,KSU1,X,variation,channel,37176.768641598086,nT
2026-04-11T22:50:00.000Z,KSU1,X,variation,channel,37177.323469063325,nT
2026-04-11T22:51:00.000Z,KSU1,X,variation,channel,37177.33498571163,nT
2026-04-11T22:52:00.000Z,KSU1,X,variation,channel,37177.30251602488,nT
2026-04-11T22:53:00.000Z,KSU1,X,variation,channel,37177.81025003986,nT
2026-04-11T22:54:00.000Z,KSU1,X,variation,channel,37177.4848163691,nT
2026-04-11T22:55:00.000Z,KSU1,X,variation,channel,37176.28373613289,nT
2026-04-11T22:56:00.000Z,KSU1,X,variation,channel,37175.47830471132,nT
2026-04-11T22:57:00.000Z,KSU1,X,variation,channel,37176.6306103442,nT
2026-04-11T22:58:00.000Z,KSU1,X,variation,channel,37177.340469185336,nT
2026-04-11T22:59:00.000Z,KSU1,X,variation,channel,37178.358699390075,nT
2026-04-11T23:00:00.000Z,KSU1,X,variation,channel,37176.885049497316,nT
2026-04-11T23:01:00.000Z,KSU1,X,variation,channel,37175.43682892916,nT
2026-04-11T23:02:00.000Z,KSU1,X,variation,channel,37174.88574484985,nT
2026-04-11T23:03:00.000Z,KSU1,X,variation,channel,37174.865014698196,nT
2026-04-11T23:04:00.000Z,KSU1,X,variation,channel,37174.667037427535,nT
2026-04-11T23:05:00.000Z,KSU1,X,variation,channel,37175.664434826096,nT
2026-04-11T23:06:00.000Z,KSU1,X,variation,channel,37176.564260162486,nT
2026-04-11T23:07:00.000Z,KSU1,X,variation,channel,37176.826835058346,nT
2026-04-11T23:08:00.000Z,KSU1,X,variation,channel,37176.40599166838,nT
2026-04-11T23:09:00.000Z,KSU1,X,variation,channel,37176.08255888983,nT
2026-04-11T23:10:00.000Z,KSU1,X,variation,channel,37176.10134113737,nT
2026-04-11T23:11:00.000Z,KSU1,X,variation,channel,37175.80959823344,nT
2026-04-11T23:12:00.000Z,KSU1,X,variation,channel,37175.09192615475,nT
2026-04-11T23:13:00.000Z,KSU1,X,variation,channel,37175.120158355734,nT
2026-04-11T23:14:00.000Z,KSU1,X,variation,channel,37175.0673506861,nT
2026-04-11T23:15:00.000Z,KSU1,X,variation,channel,37174.94480087906,nT
2026-04-11T23:16:00.000Z,KSU1,X,variation,channel,37174.98755986646,nT
2026-04-11T23:17:00.000Z,KSU1,X,variation,channel,37175.27200336301,nT
2026-04-11T23:18:00.000Z,KSU1,X,variation,channel,37175.38873490098,nT
2026-04-11T23:19:00.000Z,KSU1,X,variation,channel,37175.315747122695,nT
2026-04-11T23:20:00.000Z,KSU1,X,variation,channel,37174.33013465908,nT
2026-04-11T23:21:00.000Z,KSU1,X,variation,channel,37173.836508017535,nT
2026-04-11T23:22:00.000Z,KSU1,X,variation,channel,37174.07832320741,nT
2026-04-11T23:23:00.000Z,KSU1,X,variation,channel,37174.16010181385,nT
2026-04-11T23:24:00.000Z,KSU1,X,variation,channel,37173.79940665604,nT
2026-04-11T23:25:00.000Z,KSU1,X,variation,channel,37173.52129881789,nT
2026-04-11T23:26:00.000Z,KSU1,X,variation,channel,37173.04396228193,nT
2026-04-11T23:27:00.000Z,KSU1,X,variation,channel,37172.41725644942,nT
2026-04-11T23:28:00.000Z,KSU1,X,variation,channel,37172.34688485226,nT
2026-04-11T23:29:00.000Z,KSU1,X,variation,channel,37172.96692187336,nT
2026-04-11T23:30:00.000Z,KSU1,X,variation,channel,37172.99228121286,nT
2026-04-11T23:31:00.000Z,KSU1,X,variation,channel,37172.94554053568,nT
2026-04-11T23:32:00.000Z,KSU1,X,variation,channel,37172.74671750019,nT
2026-04-11T23:33:00.000Z,KSU1,X,variation,channel,37171.33955930246,nT
2026-04-11T23:34:00.000Z,KSU1,X,variation,channel,37171.232102887545,nT
2026-04-11T23:35:00.000Z,KSU1,X,variation,channel,37171.16328667765,nT
2026-04-11T23:36:00.000Z,KSU1,X,variation,channel,37172.37159980601,nT
2026-04-11T23:37:00.000Z,KSU1,X,variation,channel,37173.86922928564,nT
2026-04-11T23:38:00.000Z,KSU1,X,variation,channel,37173.33372700814,nT
2026-04-11T23:39:00.000Z,KSU1,X,variation,channel,37173.604537668885,nT
2026-04-11T23:40:00.000Z,KSU1,X,variation,channel,37173.67599501867,nT
2026-04-11T23:41:00.000Z,KSU1,X,variation,channel,37173.67158691718,nT
2026-04-11T23:42:00.000Z,KSU1,X,variation,channel,37173.64762254632,nT
2026-04-11T23:43:00.000Z,KSU1,X,variation,channel,37173.109086898905,nT
2026-04-11T23:44:00.000Z,KSU1,X,variation,channel,37173.140395929695,nT
2026-04-11T23:45:00.000Z,KSU1,X,variation,channel,37176.0111465836,nT
2026-04-11T23:46:00.000Z,KSU1,X,variation,channel,37179.2197997074,nT
2026-04-11T23:47:00.000Z,KSU1,X,variation,channel,37181.900658906656,nT
2026-04-11T23:48:00.000Z,KSU1,X,variation,channel,37180.633849631195,nT
2026-04-11T23:49:00.000Z,KSU1,X,variation,channel,37176.61530668972,nT
2026-04-11T23:50:00.000Z,KSU1,X,variation,channel,37174.73383233655,nT
2026-04-11T23:51:00.000Z,KSU1,X,variation,channel,37175.61882444506,nT
2026-04-11T23:52:00.000Z,KSU1,X,variation,channel,37177.85650875197,nT
2026-04-11T23:53:00.000Z,KSU1,X,variation,channel,37178.13804167257,nT
2026-04-11T23:54:00.000Z,KSU1,X,variation,channel,37177.84780205358,nT
2026-04-11T23:55:00.000Z,KSU1,X,variation,channel,37176.85062791734,nT
2026-04-11T23:56:00.000Z,KSU1,X,variation,channel,37177.3312095415,nT
2026-04-11T23:57:00.000Z,KSU1,X,variation,channel,37177.97501879677,nT
2026-04-11T23:58:00.000Z,KSU1,X,variation,channel,37176.89034389936,nT
2026-04-11T23:59:00.000Z,KSU1,X,variation,channel,37176.39748580978,nT
2026-04-12T00:00:00.000Z,KSU1,X,variation,channel,37176.41343512996,nT
2026-04-12T00:01:00.000Z,KSU1,X,variation,channel,37176.905637725926,nT
2026-04-12T00:02:00.000Z,KSU1,X,variation,channel,37176.94492124006,nT
2026-04-12T00:03:00.000Z,KSU1,X,variation,channel,37176.33489546253,nT
2026-04-12T00:04:00.000Z,KSU1,X,variation,channel,37176.27996146155,nT
2026-04-12T00:05:00.000Z,KSU1,X,variation,channel,37177.02106264193,nT
2026-04-12T00:06:00.000Z,KSU1,X,variation,channel,37176.92316784542,nT
2026-04-12T00:07:00.000Z,KSU1,X,variation,channel,37176.00916352379,nT
2026-04-12T00:08:00.000Z,KSU1,X,variation,channel,37175.81350683066,nT
2026-04-12T00:09:00.000Z,KSU1,X,variation,channel,37176.556668923884,nT
2026-04-12T00:10:00.000Z,KSU1,X,variation,channel,37176.28835305339,nT
2026-04-12T00:11:00.000Z,KSU1,X,variation,channel,37175.82918085387,nT
2026-04-12T00:12:00.000Z,KSU1,X,variation,channel,37175.25994154458,nT
2026-04-12T00:13:00.000Z,KSU1,X,variation,channel,37174.735623879176,nT
2026-04-12T00:14:00.000Z,KSU1,X,variation,channel,37174.67316950826,nT
2026-04-12T00:15:00.000Z,KSU1,X,variation,channel,37174.60130994846,nT
2026-04-12T00:16:00.000Z,KSU1,X,variation,channel,37174.99538799532,nT
2026-04-12T00:17:00.000Z,KSU1,X,variation,channel,37175.608063734515,nT
2026-04-12T00:18:00.000Z,KSU1,X,variation,channel,37175.915397600394,nT
2026-04-12T00:19:00.000Z,KSU1,X,variation,channel,37176.59305908569,nT
2026-04-12T00:20:00.000Z,KSU1,X,variation,channel,37176.87729580031,nT
2026-04-12T00:21:00.000Z,KSU1,X,variation,channel,37176.32358031817,nT
2026-04-12T00:22:00.000Z,KSU1,X,variation,channel,37175.86219420308,nT
2026-04-12T00:23:00.000Z,KSU1,X,variation,channel,37175.06281872701,nT
2026-04-12T00:24:00.000Z,KSU1,X,variation,channel,37174.84218593831,nT
2026-04-12T00:25:00.000Z,KSU1,X,variation,channel,37175.105928029,nT
2026-04-12T00:26:00.000Z,KSU1,X,variation,channel,37175.50019741662,nT
2026-04-12T00:27:00.000Z,KSU1,X,variation,channel,37175.37506880619,nT
2026-04-12T00:28:00.000Z,KSU1,X,variation,channel,37175.93356223072,nT
2026-04-12T00:29:00.000Z,KSU1,X,variation,channel,37175.991581153154,nT
2026-04-12T00:30:00.000Z,KSU1,X,variation,channel,37175.42212428807,nT
2026-04-12T00:31:00.000Z,KSU1,X,variation,channel,37175.27447891406,nT
2026-04-12T00:32:00.000Z,KSU1,X,variation,channel,37176.24764379452,nT
2026-04-12T00:33:00.000Z,KSU1,X,variation,channel,37176.31285904307,nT
2026-04-12T00:34:00.000Z,KSU1,X,variation,channel,37176.04342320155,nT
2026-04-12T00:35:00.000Z,KSU1,X,variation,channel,37174.9794221864,nT
2026-04-12T00:36:00.000Z,KSU1,X,variation,channel,37174.417890480996,nT
2026-04-12T00:37:00.000Z,KSU1,X,variation,channel,37174.83939834148,nT
2026-04-12T00:38:00.000Z,KSU1,X,variation,channel,37176.25372065868,nT
2026-04-12T00:39:00.000Z,KSU1,X,variation,channel,37177.15481442811,nT
2026-04-12T00:40:00.000Z,KSU1,X,variation,channel,37176.813875486776,nT
2026-04-12T00:41:00.000Z,KSU1,X,variation,channel,37175.53399422884,nT
2026-04-12T00:42:00.000Z,KSU1,X,variation,channel,37175.12169962254,nT
2026-04-12T00:43:00.000Z,KSU1,X,variation,channel,37175.69132843615,nT
2026-04-12T00:44:00.000Z,KSU1,X,variation,channel,37176.08103559731,nT
2026-04-12T00:45:00.000Z,KSU1,X,variation,channel,37175.78910938186,nT
2026-04-12T00:46:00.000Z,KSU1,X,variation,channel,37175.7170701037,nT
2026-04-12T00:47:00.000Z,KSU1,X,variation,channel,37175.13260887002,nT
2026-04-12T00:48:00.000Z,KSU1,X,variation,channel,37174.905565295034,nT
2026-04-12T00:49:00.000Z,KSU1,X,variation,channel,37175.289751885226,nT
2026-04-12T00:50:00.000Z,KSU1,X,variation,channel,37175.028336691306,nT
2026-04-12T00:51:00.000Z,KSU1,X,variation,channel,37174.86679917474,nT
2026-04-12T00:52:00.000Z,KSU1,X,variation,channel,37174.00238991082,nT
2026-04-12T00:53:00.000Z,KSU1,X,variation,channel,37174.247197546196,nT
2026-04-12T00:54:00.000Z,KSU1,X,variation,channel,37175.261965525235,nT
2026-04-12T00:55:00.000Z,KSU1,X,variation,channel,37175.212285788344,nT
2026-04-12T00:56:00.000Z,KSU1,X,variation,channel,37173.972363540495,nT
2026-04-12T00:57:00.000Z,KSU1,X,variation,channel,37173.67822505124,nT
2026-04-12T00:58:00.000Z,KSU1,X,variation,channel,37173.62483622689,nT
2026-04-12T00:59:00.000Z,KSU1,X,variation,channel,37173.4169483473,nT
2026-04-12T01:00:00.000Z,KSU1,X,variation,channel,37173.154146815476,nT
2026-04-12T01:01:00.000Z,KSU1,X,variation,channel,37172.840073022795,nT
2026-04-12T01:02:00.000Z,KSU1,X,variation,channel,37172.600155942804,nT
2026-04-12T01:03:00.000Z,KSU1,X,variation,channel,37173.416822474566,nT
2026-04-12T01:04:00.000Z,KSU1,X,variation,channel,37174.1340308344,nT
2026-04-12T01:05:00.000Z,KSU1,X,variation,channel,37173.72775733823,nT
2026-04-12T01:06:00.000Z,KSU1,X,variation,channel,37172.705510502645,nT
2026-04-12T01:07:00.000Z,KSU1,X,variation,channel,37172.33539062104,nT
2026-04-12T01:08:00.000Z,KSU1,X,variation,channel,37172.56433975193,nT
2026-04-12T01:09:00.000Z,KSU1,X,variation,channel,37172.39284398305,nT
2026-04-12T01:10:00.000Z,KSU1,X,variation,channel,37172.111598282965,nT
2026-04-12T01:11:00.000Z,KSU1,X,variation,channel,37171.64438770576,nT
2026-04-12T01:12:00.000Z,KSU1,X,variation,channel,37171.36751738886,nT
2026-04-12T01:13:00.000Z,KSU1,X,variation,channel,37171.265679706215,nT
2026-04-12T01:14:00.000Z,KSU1,X,variation,channel,37171.64149697965,nT
2026-04-12T01:15:00.000Z,KSU1,X,variation,channel,37171.144475437075,nT
2026-04-12T01:16:00.000Z,KSU1,X,variation,channel,37170.07992806274,nT
2026-04-12T01:17:00.000Z,KSU1,X,variation,channel,37170.07760587293,nT
2026-04-12T01:18:00.000Z,KSU1,X,variation,channel,37170.13670875559,nT
2026-04-12T01:19:00.000Z,KSU1,X,variation,channel,37169.58046711355,nT
2026-04-12T01:20:00.000Z,KSU1,X,variation,channel,37169.878278520686,nT
2026-04-12T01:21:00.000Z,KSU1,X,variation,channel,37170.335010553594,nT
2026-04-12T01:22:00.000Z,KSU1,X,variation,channel,37170.524772305645,nT
2026-04-12T01:23:00.000Z,KSU1,X,variation,channel,37170.89076868557,nT
2026-04-12T01:24:00.000Z,KSU1,X,variation,channel,37171.14337656475,nT
2026-04-12T01:25:00.000Z,KSU1,X,variation,channel,37171.44757942166,nT
2026-04-12T01:26:00.000Z,KSU1,X,variation,channel,37171.79829440096,nT
2026-04-12T01:27:00.000Z,KSU1,X,variation,channel,37170.958612838534,nT
2026-04-12T01:28:00.000Z,KSU1,X,variation,channel,37170.2848230878,nT
2026-04-12T01:29:00.000Z,KSU1,X,variation,channel,37170.63297593748,nT
2026-04-12T01:30:00.000Z,KSU1,X,variation,channel,37171.397116114415,nT
2026-04-12T01:31:00.000Z,KSU1,X,variation,channel,37171.47938951955,nT
2026-04-12T01:32:00.000Z,KSU1,X,variation,channel,37171.01300867406,nT
2026-04-12T01:33:00.000Z,KSU1,X,variation,channel,37170.771918774495,nT
2026-04-12T01:34:00.000Z,KSU1,X,variation,channel,37170.90206600767,nT
2026-04-12T01:35:00.000Z,KSU1,X,variation,channel,37170.81037499078,nT
2026-04-12T01:36:00.000Z,KSU1,X,variation,channel,37170.354858398736,nT
2026-04-12T01:37:00.000Z,KSU1,X,variation,channel,37170.62379687867,nT
2026-04-12T01:38:00.000Z,KSU1,X,variation,channel,37170.27818435551,nT
2026-04-12T01:39:00.000Z,KSU1,X,variation,channel,37169.58248535951,nT
2026-04-12T01:40:00.000Z,KSU1,X,variation,channel,37168.963146385744,nT
2026-04-12T01:41:00.000Z,KSU1,X,variation,channel,37169.08410727947,nT
2026-04-12T01:42:00.000Z,KSU1,X,variation,channel,37168.9199325004,nT
2026-04-12T01:43:00.000Z,KSU1,X,variation,channel,37168.60929200417,nT
2026-04-12T01:44:00.000Z,KSU1,X,variation,channel,37168.318984924976,nT
2026-04-12T01:45:00.000Z,KSU1,X,variation,channel,37168.00285043711,nT
2026-04-12T01:46:00.000Z,KSU1,X,variation,channel,37167.79191382988,nT
2026-04-12T01:47:00.000Z,KSU1,X,variation,channel,37167.51880821529,nT
2026-04-12T01:48:00.000Z,KSU1,X,variation,channel,37166.858259332555,nT
2026-04-12T01:49:00.000Z,KSU1,X,variation,channel,37166.57713468236,nT
2026-04-12T01:50:00.000Z,KSU1,X,variation,channel,37166.73666153267,nT
2026-04-12T01:51:00.000Z,KSU1,X,variation,channel,37166.991614143946,nT
2026-04-12T01:52:00.000Z,KSU1,X,variation,channel,37167.03873607356,nT
2026-04-12T01:53:00.000Z,KSU1,X,variation,channel,37166.784334749005,nT
2026-04-12T01:54:00.000Z,KSU1,X,variation,channel,37166.09276876827,nT
2026-04-12T01:55:00.000Z,KSU1,X,variation,channel,37165.8011002095,nT
2026-04-12T01:56:00.000Z,KSU1,X,variation,channel,37165.7648032353,nT
2026-04-12T01:57:00.000Z,KSU1,X,variation,channel,37166.13993194522,nT
2026-04-12T01:58:00.000Z,KSU1,X,variation,channel,37165.8393748522,nT
2026-04-12T01:59:00.000Z,KSU1,X,variation,channel,37165.873665939595,nT
2026-04-12T02:00:00.000Z,KSU1,X,variation,channel,37165.753023220306,nT
2026-04-12T02:01:00.000Z,KSU1,X,variation,channel,37165.91497255526,nT
2026-04-12T02:02:00.000Z,KSU1,X,variation,channel,37166.409025745736,nT
2026-04-12T02:03:00.000Z,KSU1,X,variation,channel,37166.63482850106,nT
2026-04-12T02:04:00.000Z,KSU1,X,variation,channel,37166.61362637279,nT
2026-04-12T02:05:00.000Z,KSU1,X,variation,channel,37166.94509104907,nT
2026-04-12T02:06:00.000Z,KSU1,X,variation,channel,37166.957814973146,nT
2026-04-12T02:07:00.000Z,KSU1,X,variation,channel,37167.219201920765,nT
2026-04-12T02:08:00.000Z,KSU1,X,variation,channel,37167.55257864226,nT
2026-04-12T02:09:00.000Z,KSU1,X,variation,channel,37168.70863403509,nT
2026-04-12T02:10:00.000Z,KSU1,X,variation,channel,37170.0689501053,nT
2026-04-12T02:11:00.000Z,KSU1,X,variation,channel,37165.66625085126,nT
2026-04-12T02:12:00.000Z,KSU1,X,variation,channel,37165.678381202415,nT
2026-04-12T02:13:00.000Z,KSU1,X,variation,channel,37165.862204603865,nT
2026-04-12T02:14:00.000Z,KSU1,X,variation,channel,37165.750506053926,nT
2026-04-12T02:15:00.000Z,KSU1,X,variation,channel,37166.7160336982,nT
2026-04-12T02:16:00.000Z,KSU1,X,variation,channel,37165.976088588795,nT
2026-04-12T02:17:00.000Z,KSU1,X,variation,channel,37167.118875936525,nT
2026-04-12T02:18:00.000Z,KSU1,X,variation,channel,37168.50750135062,nT
2026-04-12T02:19:00.000Z,KSU1,X,variation,channel,37168.12588890045,nT
2026-04-12T02:20:00.000Z,KSU1,X,variation,channel,37167.43742372577,nT
2026-04-12T02:21:00.000Z,KSU1,X,variation,channel,37167.27082633946,nT
2026-04-12T02:22:00.000Z,KSU1,X,variation,channel,37167.59212951395,nT
2026-04-12T02:23:00.000Z,KSU1,X,variation,channel,37168.909468266414,nT
2026-04-12T02:24:00.000Z,KSU1,X,variation,channel,37168.623500993264,nT
2026-04-12T02:25:00.000Z,KSU1,X,variation,channel,37166.415847388256,nT
2026-04-12T02:26:00.000Z,KSU1,X,variation,channel,37163.91392272709,nT
2026-04-12T02:27:00.000Z,KSU1,X,variation,channel,37162.72389036398,nT
2026-04-12T02:28:00.000Z,KSU1,X,variation,channel,37161.94509706472,nT
2026-04-12T02:29:00.000Z,KSU1,X,variation,channel,37162.20358803179,nT
2026-04-12T02:30:00.000Z,KSU1,X,variation,channel,37161.57474228734,nT
2026-04-12T02:31:00.000Z,KSU1,X,variation,channel,37161.32762483992,nT
2026-04-12T02:32:00.000Z,KSU1,X,variation,channel,37161.33384562956,nT
2026-04-12T02:33:00.000Z,KSU1,X,variation,channel,37160.258593432016,nT
2026-04-12T02:34:00.000Z,KSU1,X,variation,channel,37158.55802953375,nT
2026-04-12T02:35:00.000Z,KSU1,X,variation,channel,37157.831817161794,nT
2026-04-12T02:36:00.000Z,KSU1,X,variation,channel,37156.63262899872,nT
2026-04-12T02:37:00.000Z,KSU1,X,variation,channel,37156.97842960989,nT
2026-04-12T02:38:00.000Z,KSU1,X,variation,channel,37156.044950261086,nT
2026-04-12T02:39:00.000Z,KSU1,X,variation,channel,37156.627558116525,nT
2026-04-12T02:40:00.000Z,KSU1,X,variation,channel,37157.334679975036,nT
2026-04-12T02:41:00.000Z,KSU1,X,variation,channel,37156.81566048683,nT
2026-04-12T02:42:00.000Z,KSU1,X,variation,channel,37156.85590575461,nT
2026-04-12T02:43:00.000Z,KSU1,X,variation,channel,37157.14645720482,nT
2026-04-12T02:44:00.000Z,KSU1,X,variation,channel,37157.76692178918,nT
2026-04-12T02:45:00.000Z,KSU1,X,variation,channel,37158.27341925008,nT
2026-04-12T02:46:00.000Z,KSU1,X,variation,channel,37158.169180665784,nT
2026-04-12T02:47:00.000Z,KSU1,X,variation,channel,37158.45712014849,nT
2026-04-12T02:48:00.000Z,KSU1,X,variation,channel,37158.446764576336,nT
2026-04-12T02:49:00.000Z,KSU1,X,variation,channel,37159.1585927248,nT
2026-04-12T02:50:00.000Z,KSU1,X,variation,channel,37159.93588011785,nT
2026-04-12T02:51:00.000Z,KSU1,X,variation,channel,37159.45599587567,nT
2026-04-12T02:52:00.000Z,KSU1,X,variation,channel,37160.66583027939,nT
2026-04-12T02:53:00.000Z,KSU1,X,variation,channel,37160.00014683701,nT
2026-04-12T02:54:00.000Z,KSU1,X,variation,channel,37160.99639906585,nT
2026-04-12T02:55:00.000Z,KSU1,X,variation,channel,37161.166762901405,nT
2026-04-12T02:56:00.000Z,KSU1,X,variation,channel,37160.65267754417,nT
2026-04-12T02:57:00.000Z,KSU1,X,variation,channel,37160.90042824764,nT
2026-04-12T02:58:00.000Z,KSU1,X,variation,channel,37160.90222238379,nT
2026-04-12T02:59:00.000Z,KSU1,X,variation,channel,37160.398648331764,nT
2026-04-12T03:00:00.000Z,KSU1,X,variation,channel,37160.523227878024,nT
2026-04-12T03:01:00.000Z,KSU1,X,variation,channel,37160.577662167925,nT
2026-04-12T03:02:00.000Z,KSU1,X,variation,channel,37159.54196467352,nT
2026-04-12T03:03:00.000Z,KSU1,X,variation,channel,37159.37343389624,nT
2026-04-12T03:04:00.000Z,KSU1,X,variation,channel,37159.53137215661,nT
2026-04-12T03:05:00.000Z,KSU1,X,variation,channel,37159.03419433411,nT
2026-04-12T03:06:00.000Z,KSU1,X,variation,channel,37158.94202755642,nT
2026-04-12T03:07:00.000Z,KSU1,X,variation,channel,37158.60922357159,nT
2026-04-12T03:08:00.000Z,KSU1,X,variation,channel,37159.04653253529,nT
2026-04-12T03:09:00.000Z,KSU1,X,variation,channel,37159.11056203014,nT
2026-04-12T03:10:00.000Z,KSU1,X,variation,channel,37158.00562735706,nT
2026-04-12T03:11:00.000Z,KSU1,X,variation,channel,37156.39214969026,nT
2026-04-12T03:12:00.000Z,KSU1,X,variation,channel,37157.50807804124,nT
2026-04-12T03:13:00.000Z,KSU1,X,variation,channel,37157.42642551153,nT
2026-04-12T03:14:00.000Z,KSU1,X,variation,channel,37157.830266741694,nT
2026-04-12T03:15:00.000Z,KSU1,X,variation,channel,37157.559641621694,nT
2026-04-12T03:16:00.000Z,KSU1,X,variation,channel,37157.28986926041,nT
2026-04-12T03:17:00.000Z,KSU1,X,variation,channel,37158.238370372055,nT
2026-04-12T03:18:00.000Z,KSU1,X,variation,channel,37158.170273804324,nT
2026-04-12T03:19:00.000Z,KSU1,X,variation,channel,37158.693421274984,nT
2026-04-12T03:20:00.000Z,KSU1,X,variation,channel,37159.35948916351,nT
2026-04-12T03:21:00.000Z,KSU1,X,variation,channel,37159.0916307179,nT
2026-04-12T03:22:00.000Z,KSU1,X,variation,channel,37158.954720637084,nT
2026-04-12T03:23:00.000Z,KSU1,X,variation,channel,37158.787245757885,nT
2026-04-12T03:24:00.000Z,KSU1,X,variation,channel,37159.03260421584,nT
2026-04-12T03:25:00.000Z,KSU1,X,variation,channel,37159.63571812606,nT
2026-04-12T03:26:00.000Z,KSU1,X,variation,channel,37160.472833561784,nT
2026-04-12T03:27:00.000Z,KSU1,X,variation,channel,37160.01991446796,nT
2026-04-12T03:28:00.000Z,KSU1,X,variation,channel,37160.10032546584,nT
2026-04-12T03:29:00.000Z,KSU1,X,variation,channel,37159.80171499287,nT
2026-04-12T03:30:00.000Z,KSU1,X,variation,channel,37159.63215637737,nT
2026-04-12T03:31:00.000Z,KSU1,X,variation,channel,37160.3717242397,nT
2026-04-12T03:32:00.000Z,KSU1,X,variation,channel,37154.69525446548,nT
2026-04-12T03:33:00.000Z,KSU1,X,variation,channel,37156.47041300671,nT
2026-04-12T03:34:00.000Z,KSU1,X,variation,channel,37158.33971212507,nT
2026-04-12T03:35:00.000Z,KSU1,X,variation,channel,37159.121074909664,nT
2026-04-12T03:36:00.000Z,KSU1,X,variation,channel,37159.45374894364,nT
2026-04-12T03:37:00.000Z,KSU1,X,variation,channel,37159.419066404764,nT
2026-04-12T03:38:00.000Z,KSU1,X,variation,channel,37159.062449829304,nT
2026-04-12T03:39:00.000Z,KSU1,X,variation,channel,37159.14201308573,nT
2026-04-12T03:40:00.000Z,KSU1,X,variation,channel,37159.34573376937,nT
2026-04-12T03:41:00.000Z,KSU1,X,variation,channel,37160.060361815405,nT
2026-04-12T03:42:00.000Z,KSU1,X,variation,channel,37160.46925312266,nT
2026-04-12T03:43:00.000Z,KSU1,X,variation,channel,37160.49498151773,nT
2026-04-12T03:44:00.000Z,KSU1,X,variation,channel,37161.377623695334,nT
2026-04-12T03:45:00.000Z,KSU1,X,variation,channel,37161.763358595425,nT
2026-04-12T03:46:00.000Z,KSU1,X,variation,channel,37161.593161430086,nT
2026-04-12T03:47:00.000Z,KSU1,X,variation,channel,37161.51243946818,nT
2026-04-12T03:48:00.000Z,KSU1,X,variation,channel,37161.465304411446,nT
2026-04-12T03:49:00.000Z,KSU1,X,variation,channel,37161.54895551513,nT
2026-04-12T03:50:00.000Z,KSU1,X,variation,channel,37161.99251338559,nT
2026-04-12T03:51:00.000Z,KSU1,X,variation,channel,37161.90219281129,nT
2026-04-12T03:52:00.000Z,KSU1,X,variation,channel,37162.618175680924,nT
2026-04-12T03:53:00.000Z,KSU1,X,variation,channel,37163.36920339153,nT
2026-04-12T03:54:00.000Z,KSU1,X,variation,channel,37163.26849065803,nT
2026-04-12T03:55:00.000Z,KSU1,X,variation,channel,37162.89014156919,nT
2026-04-12T03:56:00.000Z,KSU1,X,variation,channel,37162.64171254247,nT
2026-04-12T03:57:00.000Z,KSU1,X,variation,channel,37162.391482555184,nT
2026-04-12T03:58:00.000Z,KSU1,X,variation,channel,37162.41689019415,nT
2026-04-12T03:59:00.000Z,KSU1,X,variation,channel,37162.35288823695,nT
2026-04-12T04:00:00.000Z,KSU1,X,variation,channel,37162.227773492945,nT
2026-04-12T04:01:00.000Z,KSU1,X,variation,channel,37162.23384795694,nT
2026-04-12T04:02:00.000Z,KSU1,X,variation,channel,37162.05269727308,nT
2026-04-12T04:03:00.000Z,KSU1,X,variation,channel,37161.98476427214,nT
2026-04-12T04:04:00.000Z,KSU1,X,variation,channel,37161.791912405904,nT
2026-04-12T04:05:00.000Z,KSU1,X,variation,channel,37161.53962490036,nT
2026-04-12T04:06:00.000Z,KSU1,X,variation,channel,37161.54518668651,nT
2026-04-12T04:07:00.000Z,KSU1,X,variation,channel,37161.810203446694,nT
2026-04-12T04:08:00.000Z,KSU1,X,variation,channel,37162.021825420416,nT
2026-04-12T04:09:00.000Z,KSU1,X,variation,channel,37162.150096611964,nT
2026-04-12T04:10:00.000Z,KSU1,X,variation,channel,37162.165124366955,nT
2026-04-12T04:11:00.000Z,KSU1,X,variation,channel,37162.262324359384,nT
2026-04-12T04:12:00.000Z,KSU1,X,variation,channel,37162.52570056174,nT
2026-04-12T04:13:00.000Z,KSU1,X,variation,channel,37162.77344732455,nT
2026-04-12T04:14:00.000Z,KSU1,X,variation,channel,37162.774166407966,nT
2026-04-12T04:15:00.000Z,KSU1,X,variation,channel,37162.621241757195,nT
2026-04-12T04:16:00.000Z,KSU1,X,variation,channel,37162.4298432853,nT
2026-04-12T04:17:00.000Z,KSU1,X,variation,channel,37162.42731386246,nT
2026-04-12T04:18:00.000Z,KSU1,X,variation,channel,37162.24626597198,nT
2026-04-12T04:19:00.000Z,KSU1,X,variation,channel,37162.191772246275,nT
2026-04-12T04:20:00.000Z,KSU1,X,variation,channel,37161.97040132835,nT
2026-04-12T04:21:00.000Z,KSU1,X,variation,channel,37162.018311326014,nT
2026-04-12T04:22:00.000Z,KSU1,X,variation,channel,37161.83618292098,nT
2026-04-12T04:23:00.000Z,KSU1,X,variation,channel,37161.10975788781,nT
2026-04-12T04:24:00.000Z,KSU1,X,variation,channel,37160.76770973597,nT
2026-04-12T04:25:00.000Z,KSU1,X,variation,channel,37160.90728405399,nT
2026-04-12T04:26:00.000Z,KSU1,X,variation,channel,37161.030006058165,nT
2026-04-12T04:27:00.000Z,KSU1,X,variation,channel,37161.51099389981,nT
2026-04-12T04:28:00.000Z,KSU1,X,variation,channel,37161.82312673791,nT
2026-04-12T04:29:00.000Z,KSU1,X,variation,channel,37162.38608814519,nT
2026-04-12T04:30:00.000Z,KSU1,X,variation,channel,37163.01365979823,nT
2026-04-12T04:31:00.000Z,KSU1,X,variation,channel,37163.16279330145,nT
2026-04-12T04:32:00.000Z,KSU1,X,variation,channel,37163.47492934435,nT
2026-04-12T04:33:00.000Z,KSU1,X,variation,channel,37163.56426284228,nT
2026-04-12T04:34:00.000Z,KSU1,X,variation,channel,37163.53316228619,nT
2026-04-12T04:35:00.000Z,KSU1,X,variation,channel,37163.40674314434,nT
2026-04-12T04:36:00.000Z,KSU1,X,variation,channel,37163.32664192478,nT
2026-04-12T04:37:00.000Z,KSU1,X,variation,channel,37163.17395588843,nT
2026-04-12T04:38:00.000Z,KSU1,X,variation,channel,37162.85703725598,nT
2026-04-12T04:39:00.000Z,KSU1,X,variation,channel,37162.78840624073,nT
2026-04-12T04:40:00.000Z,KSU1,X,variation,channel,37162.39809278977,nT
2026-04-12T04:41:00.000Z,KSU1,X,variation,channel,37162.24414053242,nT
2026-04-12T04:42:00.000Z,KSU1,X,variation,channel,37162.309577831045,nT
2026-04-12T04:43:00.000Z,KSU1,X,variation,channel,37163.10092114934,nT
2026-04-12T04:44:00.000Z,KSU1,X,variation,channel,37163.55662381442,nT
2026-04-12T04:45:00.000Z,KSU1,X,variation,channel,37163.944799749595,nT
2026-04-12T04:46:00.000Z,KSU1,X,variation,channel,37164.45665554296,nT
2026-04-12T04:47:00.000Z,KSU1,X,variation,channel,37163.69325109421,nT
2026-04-12T04:48:00.000Z,KSU1,X,variation,channel,37163.14255782414,nT
2026-04-12T04:49:00.000Z,KSU1,X,variation,channel,37163.294565479395,nT
2026-04-12T04:50:00.000Z,KSU1,X,variation,channel,37163.41741302177,nT
2026-04-12T04:51:00.000Z,KSU1,X,variation,channel,37163.43245102295,nT
2026-04-12T04:52:00.000Z,KSU1,X,variation,channel,37163.149729020086,nT
2026-04-12T04:53:00.000Z,KSU1,X,variation,channel,37162.919407140726,nT
2026-04-12T04:54:00.000Z,KSU1,X,variation,channel,37162.5513205819,nT
2026-04-12T04:55:00.000Z,KSU1,X,variation,channel,37161.90138210322,nT
2026-04-12T04:56:00.000Z,KSU1,X,variation,channel,37161.69056422367,nT
2026-04-12T04:57:00.000Z,KSU1,X,variation,channel,37161.673684051006,nT
2026-04-12T04:58:00.000Z,KSU1,X,variation,channel,37161.647011343375,nT
2026-04-12T04:59:00.000Z,KSU1,X,variation,channel,37161.81665171793,nT
2026-04-12T05:00:00.000Z,KSU1,X,variation,channel,37162.326675756325,nT
2026-04-12T05:01:00.000Z,KSU1,X,variation,channel,37162.56319490898,nT
2026-04-12T05:02:00.000Z,KSU1,X,variation,channel,37162.63753810189,nT
2026-04-12T05:03:00.000Z,KSU1,X,variation,channel,37162.91398599209,nT
2026-04-12T05:04:00.000Z,KSU1,X,variation,channel,37162.65468892774,nT
2026-04-12T05:05:00.000Z,KSU1,X,variation,channel,37162.3479862777,nT
2026-04-12T05:06:00.000Z,KSU1,X,variation,channel,37162.376111651865,nT
2026-04-12T05:07:00.000Z,KSU1,X,variation,channel,37162.3257047789,nT
2026-04-12T05:08:00.000Z,KSU1,X,variation,channel,37162.363076412235,nT
2026-04-12T05:09:00.000Z,KSU1,X,variation,channel,37162.25328306328,nT
2026-04-12T05:10:00.000Z,KSU1,X,variation,channel,37161.78243986589,nT
2026-04-12T05:11:00.000Z,KSU1,X,variation,channel,37160.99445419485,nT
2026-04-12T05:12:00.000Z,KSU1,X,variation,channel,37160.522307436506,nT
2026-04-12T05:13:00.000Z,KSU1,X,variation,channel,37160.74237343948,nT
2026-04-12T05:14:00.000Z,KSU1,X,variation,channel,37161.113358081064,nT
2026-04-12T05:15:00.000Z,KSU1,X,variation,channel,37161.797729342965,nT
2026-04-12T05:16:00.000Z,KSU1,X,variation,channel,37161.87978649729,nT
2026-04-12T05:17:00.000Z,KSU1,X,variation,channel,37161.64947897353,nT
2026-04-12T05:18:00.000Z,KSU1,X,variation,channel,37161.79859087375,nT
2026-04-12T05:19:00.000Z,KSU1,X,variation,channel,37162.1115938526,nT
2026-04-12T05:20:00.000Z,KSU1,X,variation,channel,37162.38261267938,nT
2026-04-12T05:21:00.000Z,KSU1,X,variation,channel,37162.51295203432,nT
2026-04-12T05:22:00.000Z,KSU1,X,variation,channel,37162.61192799262,nT
2026-04-12T05:23:00.000Z,KSU1,X,variation,channel,37162.48749725447,nT
2026-04-12T05:24:00.000Z,KSU1,X,variation,channel,37162.004269437115,nT
2026-04-12T05:25:00.000Z,KSU1,X,variation,channel,37161.404924952614,nT
2026-04-12T05:26:00.000Z,KSU1,X,variation,channel,37161.06408547935,nT
2026-04-12T05:27:00.000Z,KSU1,X,variation,channel,37161.34704177382,nT
2026-04-12T05:28:00.000Z,KSU1,X,variation,channel,37161.90973242384,nT
2026-04-12T05:29:00.000Z,KSU1,X,variation,channel,37162.03736146841,nT
2026-04-12T05:30:00.000Z,KSU1,X,variation,channel,37161.97592987508,nT
2026-04-12T05:31:00.000Z,KSU1,X,variation,channel,37161.377032406075,nT
2026-04-12T05:32:00.000Z,KSU1,X,variation,channel,37160.87532150911,nT
2026-04-12T05:33:00.000Z,KSU1,X,variation,channel,37160.199797402085,nT
2026-04-12T05:34:00.000Z,KSU1,X,variation,channel,37159.823968314064,nT
2026-04-12T05:35:00.000Z,KSU1,X,variation,channel,37159.92298754534,nT
2026-04-12T05:36:00.000Z,KSU1,X,variation,channel,37159.594695940425,nT
2026-04-12T05:37:00.000Z,KSU1,X,variation,channel,37159.78706747482,nT
2026-04-12T05:38:00.000Z,KSU1,X,variation,channel,37159.70450095162,nT
2026-04-12T05:39:00.000Z,KSU1,X,variation,channel,37159.7097403451,nT
2026-04-12T05:40:00.000Z,KSU1,X,variation,channel,37159.83742236791,nT
2026-04-12T05:41:00.000Z,KSU1,X,variation,channel,37160.322995374,nT
2026-04-12T05:42:00.000Z,KSU1,X,variation,channel,37160.84272196885,nT
2026-04-12T05:43:00.000Z,KSU1,X,variation,channel,37161.48040836627,nT
2026-04-12T05:44:00.000Z,KSU1,X,variation,channel,37161.68764465083,nT
2026-04-12T05:45:00.000Z,KSU1,X,variation,channel,37162.210081629026,nT
2026-04-12T05:46:00.000Z,KSU1,X,variation,channel,37161.385360405555,nT
2026-04-12T05:47:00.000Z,KSU1,X,variation,channel,37161.155639128956,nT
2026-04-12T05:48:00.000Z,KSU1,X,variation,channel,37161.23354295335,nT
2026-04-12T05:49:00.000Z,KSU1,X,variation,channel,37161.465732812554,nT
2026-04-12T05:50:00.000Z,KSU1,X,variation,channel,37160.59408174667,nT
2026-04-12T05:51:00.000Z,KSU1,X,variation,channel,37160.0951416017,nT
2026-04-12T05:52:00.000Z,KSU1,X,variation,channel,37160.471956619134,nT
2026-04-12T05:53:00.000Z,KSU1,X,variation,channel,37159.710433382825,nT
2026-04-12T05:54:00.000Z,KSU1,X,variation,channel,37160.6254923428,nT
2026-04-12T05:55:00.000Z,KSU1,X,variation,channel,37161.95594275136,nT
2026-04-12T05:56:00.000Z,KSU1,X,variation,channel,37163.594865218845,nT
2026-04-12T05:57:00.000Z,KSU1,X,variation,channel,37164.472911547025,nT
2026-04-12T05:58:00.000Z,KSU1,X,variation,channel,37164.18720704968,nT
2026-04-12T05:59:00.000Z,KSU1,X,variation,channel,37164.29627025791,nT
2026-04-12T06:00:00.000Z,KSU1,X,variation,channel,37164.51470527957,nT
2026-04-12T06:01:00.000Z,KSU1,X,variation,channel,37164.49246471653,nT
2026-04-12T06:02:00.000Z,KSU1,X,variation,channel,37166.37735374531,nT
2026-04-12T06:03:00.000Z,KSU1,X,variation,channel,37168.38474678763,nT
2026-04-12T06:04:00.000Z,KSU1,X,variation,channel,37168.652629669734,nT
2026-04-12T06:05:00.000Z,KSU1,X,variation,channel,37169.11410170661,nT
2026-04-12T06:06:00.000Z,KSU1,X,variation,channel,37169.77124212486,nT
2026-04-12T06:07:00.000Z,KSU1,X,variation,channel,37169.26217432811,nT
2026-04-12T06:08:00.000Z,KSU1,X,variation,channel,37169.03195664853,nT
2026-04-12T06:09:00.000Z,KSU1,X,variation,channel,37168.66982436087,nT
2026-04-12T06:10:00.000Z,KSU1,X,variation,channel,37169.13011380608,nT
2026-04-12T06:11:00.000Z,KSU1,X,variation,channel,37168.496856912396,nT
2026-04-12T06:12:00.000Z,KSU1,X,variation,channel,37168.87347998811,nT
2026-04-12T06:13:00.000Z,KSU1,X,variation,channel,37169.49030635012,nT
2026-04-12T06:14:00.000Z,KSU1,X,variation,channel,37170.631345426256,nT
2026-04-12T06:15:00.000Z,KSU1,X,variation,channel,37170.685130432365,nT
2026-04-12T06:16:00.000Z,KSU1,X,variation,channel,37170.254703971514,nT
2026-04-12T06:17:00.000Z,KSU1,X,variation,channel,37169.44996711628,nT
2026-04-12T06:18:00.000Z,KSU1,X,variation,channel,37168.816822678746,nT
2026-04-12T06:19:00.000Z,KSU1,X,variation,channel,37168.49068975387,nT
2026-04-12T06:20:00.000Z,KSU1,X,variation,channel,37168.82848702201,nT
2026-04-12T06:21:00.000Z,KSU1,X,variation,channel,37169.10374523653,nT
2026-04-12T06:22:00.000Z,KSU1,X,variation,channel,37169.06975782739,nT
2026-04-12T06:23:00.000Z,KSU1,X,variation,channel,37168.74864055768,nT
2026-04-12T06:24:00.000Z,KSU1,X,variation,channel,37168.23538665851,nT
2026-04-12T06:25:00.000Z,KSU1,X,variation,channel,37167.59852588332,nT
2026-04-12T06:26:00.000Z,KSU1,X,variation,channel,37166.93476010956,nT
2026-04-12T06:27:00.000Z,KSU1,X,variation,channel,37166.439234866,nT
2026-04-12T06:28:00.000Z,KSU1,X,variation,channel,37166.11447138376,nT
2026-04-12T06:29:00.000Z,KSU1,X,variation,channel,37165.54003156369,nT
2026-04-12T06:30:00.000Z,KSU1,X,variation,channel,37164.83992468299,nT
2026-04-12T06:31:00.000Z,KSU1,X,variation,channel,37164.564171291284,nT
2026-04-12T06:32:00.000Z,KSU1,X,variation,channel,37164.2784609742,nT
2026-04-12T06:33:00.000Z,KSU1,X,variation,channel,37164.10131756402,nT
2026-04-12T06:34:00.000Z,KSU1,X,variation,channel,37163.53190849563,nT
2026-04-12T06:35:00.000Z,KSU1,X,variation,channel,37162.8926731537,nT
2026-04-12T06:36:00.000Z,KSU1,X,variation,channel,37162.63627749878,nT
2026-04-12T06:37:00.000Z,KSU1,X,variation,channel,37162.474331891615,nT
2026-04-12T06:38:00.000Z,KSU1,X,variation,channel,37162.410134502876,nT
2026-04-12T06:39:00.000Z,KSU1,X,variation,channel,37162.328519732146,nT
2026-04-12T06:40:00.000Z,KSU1,X,variation,channel,37161.98397833954,nT
2026-04-12T06:41:00.000Z,KSU1,X,variation,channel,37161.58540441937,nT
2026-04-12T06:42:00.000Z,KSU1,X,variation,channel,37161.210563264685,nT
2026-04-12T06:43:00.000Z,KSU1,X,variation,channel,37160.839905381305,nT
2026-04-12T06:44:00.000Z,KSU1,X,variation,channel,37160.357508517496,nT
2026-04-12T06:45:00.000Z,KSU1,X,variation,channel,37160.03421221098,nT
2026-04-12T06:46:00.000Z,KSU1,X,variation,channel,37159.68362530786,nT
2026-04-12T06:47:00.000Z,KSU1,X,variation,channel,37159.29219778626,nT
2026-04-12T06:48:00.000Z,KSU1,X,variation,channel,37158.69022273034,nT
2026-04-12T06:49:00.000Z,KSU1,X,variation,channel,37158.25580127065,nT
2026-04-12T06:50:00.000Z,KSU1,X,variation,channel,37157.87996806274,nT
2026-04-12T06:51:00.000Z,KSU1,X,variation,channel,37157.31890870706,nT
2026-04-12T06:52:00.000Z,KSU1,X,variation,channel,37156.74548920899,nT
2026-04-12T06:53:00.000Z,KSU1,X,variation,channel,37156.25806307885,nT
2026-04-12T06:54:00.000Z,KSU1,X,variation,channel,37155.72906996786,nT
2026-04-12T06:55:00.000Z,KSU1,X,variation,channel,37155.19373394607,nT
2026-04-12T06:56:00.000Z,KSU1,X,variation,channel,37154.68201526193,nT
2026-04-12T06:57:00.000Z,KSU1,X,variation,channel,37154.494715855224,nT
2026-04-12T06:58:00.000Z,KSU1,X,variation,channel,37153.97815263586,nT
2026-04-12T06:59:00.000Z,KSU1,X,variation,channel,37153.45726741612,nT
2026-04-12T07:00:00.000Z,KSU1,X,variation,channel,37153.57987066526,nT
2026-04-12T07:01:00.000Z,KSU1,X,variation,channel,37153.815912459286,nT
2026-04-12T07:02:00.000Z,KSU1,X,variation,channel,37154.08100292382,nT
2026-04-12T07:03:00.000Z,KSU1,X,variation,channel,37154.07184727902,nT
2026-04-12T07:04:00.000Z,KSU1,X,variation,channel,37154.03599396209,nT
2026-04-12T07:05:00.000Z,KSU1,X,variation,channel,37154.02557827702,nT
2026-04-12T07:06:00.000Z,KSU1,X,variation,channel,37154.140184579875,nT
2026-04-12T07:07:00.000Z,KSU1,X,variation,channel,37154.17301768699,nT
2026-04-12T07:08:00.000Z,KSU1,X,variation,channel,37154.265614754964,nT
2026-04-12T07:09:00.000Z,KSU1,X,variation,channel,37154.11963444896,nT
2026-04-12T07:10:00.000Z,KSU1,X,variation,channel,37154.26398767254,nT
2026-04-12T07:11:00.000Z,KSU1,X,variation,channel,37154.453802563716,nT
2026-04-12T07:12:00.000Z,KSU1,X,variation,channel,37155.60889178056,nT
2026-04-12T07:13:00.000Z,KSU1,X,variation,channel,37155.39400746014,nT
2026-04-12T07:14:00.000Z,KSU1,X,variation,channel,37157.06747827178,nT
2026-04-12T07:15:00.000Z,KSU1,X,variation,channel,37158.141333201704,nT
2026-04-12T07:16:00.000Z,KSU1,X,variation,channel,37158.27385183833,nT
2026-04-12T07:17:00.000Z,KSU1,X,variation,channel,37160.66598810133,nT
2026-04-12T07:18:00.000Z,KSU1,X,variation,channel,37160.24633838056,nT
2026-04-12T07:19:00.000Z,KSU1,X,variation,channel,37160.90206584683,nT
2026-04-12T07:20:00.000Z,KSU1,X,variation,channel,37161.325741871085,nT
2026-04-12T07:21:00.000Z,KSU1,X,variation,channel,37160.51006139302,nT
2026-04-12T07:22:00.000Z,KSU1,X,variation,channel,37161.3341754855,nT
2026-04-12T07:23:00.000Z,KSU1,X,variation,channel,37162.14125677247,nT
2026-04-12T07:24:00.000Z,KSU1,X,variation,channel,37162.9608809669,nT
2026-04-12T07:25:00.000Z,KSU1,X,variation,channel,37164.40359693459,nT
2026-04-12T07:26:00.000Z,KSU1,X,variation,channel,37164.66688621283,nT
2026-04-12T07:27:00.000Z,KSU1,X,variation,channel,37165.54256052032,nT
2026-04-12T07:28:00.000Z,KSU1,X,variation,channel,37165.54654483585,nT
2026-04-12T07:29:00.000Z,KSU1,X,variation,channel,37165.93014693039,nT
2026-04-12T07:30:00.000Z,KSU1,X,variation,channel,37166.58332865537,nT
2026-04-12T07:31:00.000Z,KSU1,X,variation,channel,37166.86587503191,nT
2026-04-12T07:32:00.000Z,KSU1,X,variation,channel,37166.8405711899,nT
2026-04-12T07:33:00.000Z,KSU1,X,variation,channel,37166.80834686132,nT
2026-04-12T07:34:00.000Z,KSU1,X,variation,channel,37166.53969317719,nT
2026-04-12T07:35:00.000Z,KSU1,X,variation,channel,37166.107912183565,nT
2026-04-12T07:36:00.000Z,KSU1,X,variation,channel,37165.88871689983,nT
2026-04-12T07:37:00.000Z,KSU1,X,variation,channel,37165.741061432374,nT
2026-04-12T07:38:00.000Z,KSU1,X,variation,channel,37165.849499071584,nT
2026-04-12T07:39:00.000Z,KSU1,X,variation,channel,37165.27354174915,nT
2026-04-12T07:40:00.000Z,KSU1,X,variation,channel,37164.65546203533,nT
2026-04-12T07:41:00.000Z,KSU1,X,variation,channel,37163.85910998148,nT
2026-04-12T07:42:00.000Z,KSU1,X,variation,channel,37163.1319014853,nT
2026-04-12T07:43:00.000Z,KSU1,X,variation,channel,37162.45870534777,nT
2026-04-12T07:44:00.000Z,KSU1,X,variation,channel,37161.84670134356,nT
2026-04-12T07:45:00.000Z,KSU1,X,variation,channel,37161.40519598835,nT
2026-04-12T07:46:00.000Z,KSU1,X,variation,channel,37160.46349042564,nT
2026-04-12T07:47:00.000Z,KSU1,X,variation,channel,37160.33940143193,nT
2026-04-12T07:48:00.000Z,KSU1,X,variation,channel,37159.73760876854,nT
2026-04-12T07:49:00.000Z,KSU1,X,variation,channel,37159.01387550299,nT
2026-04-12T07:50:00.000Z,KSU1,X,variation,channel,37159.06133536144,nT
2026-04-12T07:51:00.000Z,KSU1,X,variation,channel,37160.27293663039,nT
2026-04-12T07:52:00.000Z,KSU1,X,variation,channel,37161.0534159307,nT
2026-04-12T07:53:00.000Z,KSU1,X,variation,channel,37161.0850244858,nT
2026-04-12T07:54:00.000Z,KSU1,X,variation,channel,37161.08271376895,nT
2026-04-12T07:55:00.000Z,KSU1,X,variation,channel,37161.826200283715,nT
2026-04-12T07:56:00.000Z,KSU1,X,variation,channel,37161.43279517764,nT
2026-04-12T07:57:00.000Z,KSU1,X,variation,channel,37161.16266833471,nT
2026-04-12T07:58:00.000Z,KSU1,X,variation,channel,37161.28591823318,nT
2026-04-12T07:59:00.000Z,KSU1,X,variation,channel,37161.888207643795,nT
2026-04-12T08:00:00.000Z,KSU1,X,variation,channel,37161.7701341975,nT
2026-04-12T08:01:00.000Z,KSU1,X,variation,channel,37161.47518750039,nT
2026-04-12T08:02:00.000Z,KSU1,X,variation,channel,37160.38005222039,nT
2026-04-12T08:03:00.000Z,KSU1,X,variation,channel,37159.93511560298,nT
2026-04-12T08:04:00.000Z,KSU1,X,variation,channel,37159.750488837264,nT
2026-04-12T08:05:00.000Z,KSU1,X,variation,channel,37160.069988551164,nT
2026-04-12T08:06:00.000Z,KSU1,X,variation,channel,37160.63550576629,nT
2026-04-12T08:07:00.000Z,KSU1,X,variation,channel,37161.23757395871,nT
2026-04-12T08:08:00.000Z,KSU1,X,variation,channel,37163.096497207676,nT
2026-04-12T08:09:00.000Z,KSU1,X,variation,channel,37163.31554740495,nT
2026-04-12T08:10:00.000Z,KSU1,X,variation,channel,37163.82515369368,nT
2026-04-12T08:11:00.000Z,KSU1,X,variation,channel,37164.47708392103,nT
2026-04-12T08:12:00.000Z,KSU1,X,variation,channel,37164.90538420112,nT
2026-04-12T08:13:00.000Z,KSU1,X,variation,channel,37165.648916053404,nT
2026-04-12T08:14:00.000Z,KSU1,X,variation,channel,37165.62358662353,nT
2026-04-12T08:15:00.000Z,KSU1,X,variation,channel,37166.39025152921,nT
2026-04-12T08:16:00.000Z,KSU1,X,variation,channel,37166.58473973428,nT
2026-04-12T08:17:00.000Z,KSU1,X,variation,channel,37167.26084594674,nT
2026-04-12T08:18:00.000Z,KSU1,X,variation,channel,37167.44534252447,nT
2026-04-12T08:19:00.000Z,KSU1,X,variation,channel,37167.799277463266,nT
2026-04-12T08:20:00.000Z,KSU1,X,variation,channel,37168.20596810316,nT
2026-04-12T08:21:00.000Z,KSU1,X,variation,channel,37168.43757454553,nT
2026-04-12T08:22:00.000Z,KSU1,X,variation,channel,37168.654783649596,nT
2026-04-12T08:23:00.000Z,KSU1,X,variation,channel,37168.95163488729,nT
2026-04-12T08:24:00.000Z,KSU1,X,variation,channel,37168.92131243715,nT
2026-04-12T08:25:00.000Z,KSU1,X,variation,channel,37168.14283394695,nT
2026-04-12T08:26:00.000Z,KSU1,X,variation,channel,37168.08384877822,nT
2026-04-12T08:27:00.000Z,KSU1,X,variation,channel,37167.91803648027,nT
2026-04-12T08:28:00.000Z,KSU1,X,variation,channel,37167.52897412391,nT
2026-04-12T08:29:00.000Z,KSU1,X,variation,channel,37166.91408719072,nT
2026-04-12T08:30:00.000Z,KSU1,X,variation,channel,37166.45211928159,nT
2026-04-12T08:31:00.000Z,KSU1,X,variation,channel,37165.62469664568,nT
2026-04-12T08:32:00.000Z,KSU1,X,variation,channel,37165.31635389268,nT
2026-04-12T08:33:00.000Z,KSU1,X,variation,channel,37165.35583037494,nT
2026-04-12T08:34:00.000Z,KSU1,X,variation,channel,37164.52902976331,nT
2026-04-12T08:35:00.000Z,KSU1,X,variation,channel,37164.06964105261,nT
2026-04-12T08:36:00.000Z,KSU1,X,variation,channel,37163.16951656083,nT
2026-04-12T08:37:00.000Z,KSU1,X,variation,channel,37162.294434001866,nT
2026-04-12T08:38:00.000Z,KSU1,X,variation,channel,37160.998654119845,nT
2026-04-12T08:39:00.000Z,KSU1,X,variation,channel,37160.55965556589,nT
2026-04-12T08:40:00.000Z,KSU1,X,variation,channel,37159.82795527755,nT
2026-04-12T08:41:00.000Z,KSU1,X,variation,channel,37159.315691850294,nT
2026-04-12T08:42:00.000Z,KSU1,X,variation,channel,37158.52539226837,nT
2026-04-12T08:43:00.000Z,KSU1,X,variation,channel,37158.30367961934,nT
2026-04-12T08:44:00.000Z,KSU1,X,variation,channel,37157.91793481155,nT
2026-04-12T08:45:00.000Z,KSU1,X,variation,channel,37156.94004878838,nT
2026-04-12T08:46:00.000Z,KSU1,X,variation,channel,37156.35686046697,nT
2026-04-12T08:47:00.000Z,KSU1,X,variation,channel,37156.0165560741,nT
2026-04-12T08:48:00.000Z,KSU1,X,variation,channel,37155.7440863414,nT
2026-04-12T08:49:00.000Z,KSU1,X,variation,channel,37155.98376311815,nT
2026-04-12T08:50:00.000Z,KSU1,X,variation,channel,37156.382521235246,nT
2026-04-12T08:51:00.000Z,KSU1,X,variation,channel,37156.86138376169,nT
2026-04-12T08:52:00.000Z,KSU1,X,variation,channel,37157.449768245024,nT
2026-04-12T08:53:00.000Z,KSU1,X,variation,channel,37157.3372602555,nT
2026-04-12T08:54:00.000Z,KSU1,X,variation,channel,37157.88426140083,nT
2026-04-12T08:55:00.000Z,KSU1,X,variation,channel,37158.746421004485,nT
2026-04-12T08:56:00.000Z,KSU1,X,variation,channel,37159.200435485465,nT
2026-04-12T08:57:00.000Z,KSU1,X,variation,channel,37159.32420216511,nT
2026-04-12T08:58:00.000Z,KSU1,X,variation,channel,37159.77362374016,nT
2026-04-12T08:59:00.000Z,KSU1,X,variation,channel,37159.671435405086,nT
2026-04-12T09:00:00.000Z,KSU1,X,variation,channel,37159.34851088414,nT
2026-04-12T09:01:00.000Z,KSU1,X,variation,channel,37159.09043017558,nT
2026-04-12T09:02:00.000Z,KSU1,X,variation,channel,37158.94423070078,nT
2026-04-12T09:03:00.000Z,KSU1,X,variation,channel,37159.48567084132,nT
2026-04-12T09:04:00.000Z,KSU1,X,variation,channel,37159.83863206594,nT
2026-04-12T09:05:00.000Z,KSU1,X,variation,channel,37160.26220829961,nT
2026-04-12T09:06:00.000Z,KSU1,X,variation,channel,37160.25284548936,nT
2026-04-12T09:07:00.000Z,KSU1,X,variation,channel,37160.36510434494,nT
2026-04-12T09:08:00.000Z,KSU1,X,variation,channel,37160.5850652559,nT
2026-04-12T09:09:00.000Z,KSU1,X,variation,channel,37160.727070471614,nT
2026-04-12T09:10:00.000Z,KSU1,X,variation,channel,37160.60864492413,nT
2026-04-12T09:11:00.000Z,KSU1,X,variation,channel,37160.427817798096,nT
2026-04-12T09:12:00.000Z,KSU1,X,variation,channel,37160.131161274265,nT
2026-04-12T09:13:00.000Z,KSU1,X,variation,channel,37159.83291937336,nT
2026-04-12T09:14:00.000Z,KSU1,X,variation,channel,37159.972815233756,nT
2026-04-12T09:15:00.000Z,KSU1,X,variation,channel,37159.90650715457,nT
2026-04-12T09:16:00.000Z,KSU1,X,variation,channel,37159.78244590848,nT
2026-04-12T09:17:00.000Z,KSU1,X,variation,channel,37159.51532123716,nT
2026-04-12T09:18:00.000Z,KSU1,X,variation,channel,37159.85171508617,nT
2026-04-12T09:19:00.000Z,KSU1,X,variation,channel,37160.01180392258,nT
2026-04-12T09:20:00.000Z,KSU1,X,variation,channel,37160.07701423815,nT
2026-04-12T09:21:00.000Z,KSU1,X,variation,channel,37160.31008463268,nT
2026-04-12T09:22:00.000Z,KSU1,X,variation,channel,37160.42366493855,nT
2026-04-12T09:23:00.000Z,KSU1,X,variation,channel,37160.46491386553,nT
2026-04-12T09:24:00.000Z,KSU1,X,variation,channel,37160.24901681411,nT
2026-04-12T09:25:00.000Z,KSU1,X,variation,channel,37160.24320075816,nT
2026-04-12T09:26:00.000Z,KSU1,X,variation,channel,37160.403462506925,nT
2026-04-12T09:27:00.000Z,KSU1,X,variation,channel,37160.34892251967,nT
2026-04-12T09:28:00.000Z,KSU1,X,variation,channel,37160.24021834691,nT
2026-04-12T09:29:00.000Z,KSU1,X,variation,channel,37160.62189665845,nT
2026-04-12T09:30:00.000Z,KSU1,X,variation,channel,37160.911264550494,nT
2026-04-12T09:31:00.000Z,KSU1,X,variation,channel,37160.75189779185,nT
2026-04-12T09:32:00.000Z,KSU1,X,variation,channel,37161.0084879874,nT
2026-04-12T09:33:00.000Z,KSU1,X,variation,channel,37161.46157460423,nT
2026-04-12T09:34:00.000Z,KSU1,X,variation,channel,37161.68817088056,nT
2026-04-12T09:35:00.000Z,KSU1,X,variation,channel,37162.092098328256,nT
2026-04-12T09:36:00.000Z,KSU1,X,variation,channel,37162.57116661251,nT
2026-04-12T09:37:00.000Z,KSU1,X,variation,channel,37162.50867123125,nT
2026-04-12T09:38:00.000Z,KSU1,X,variation,channel,37162.47622837279,nT
2026-04-12T09:39:00.000Z,KSU1,X,variation,channel,37162.642604379485,nT
2026-04-12T09:40:00.000Z,KSU1,X,variation,channel,37162.49939493487,nT
2026-04-12T09:41:00.000Z,KSU1,X,variation,channel,37163.148074039564,nT
2026-04-12T09:42:00.000Z,KSU1,X,variation,channel,37163.87893269471,nT
2026-04-12T09:43:00.000Z,KSU1,X,variation,channel,37164.23262286194,nT
2026-04-12T09:44:00.000Z,KSU1,X,variation,channel,37164.32112926944,nT
2026-04-12T09:45:00.000Z,KSU1,X,variation,channel,37164.79146522166,nT
2026-04-12T09:46:00.000Z,KSU1,X,variation,channel,37165.44249834706,nT
2026-04-12T09:47:00.000Z,KSU1,X,variation,channel,37166.80061535141,nT
2026-04-12T09:48:00.000Z,KSU1,X,variation,channel,37166.92685449296,nT
2026-04-12T09:49:00.000Z,KSU1,X,variation,channel,37166.20287117104,nT
2026-04-12T09:50:00.000Z,KSU1,X,variation,channel,37165.29434808328,nT
2026-04-12T09:51:00.000Z,KSU1,X,variation,channel,37164.909685155646,nT
2026-04-12T09:52:00.000Z,KSU1,X,variation,channel,37164.38478194146,nT
2026-04-12T09:53:00.000Z,KSU1,X,variation,channel,37164.11738986713,nT
2026-04-12T09:54:00.000Z,KSU1,X,variation,channel,37163.31147785058,nT
2026-04-12T09:55:00.000Z,KSU1,X,variation,channel,37162.55663215309,nT
2026-04-12T09:56:00.000Z,KSU1,X,variation,channel,37162.03711525344,nT
2026-04-12T09:57:00.000Z,KSU1,X,variation,channel,37161.86965733877,nT
2026-04-12T09:58:00.000Z,KSU1,X,variation,channel,37161.269628677146,nT
2026-04-12T09:59:00.000Z,KSU1,X,variation,channel,37161.040849069315,nT
2026-04-12T10:00:00.000Z,KSU1,X,variation,channel,37160.88221000665,nT
2026-04-12T10:01:00.000Z,KSU1,X,variation,channel,37161.073161948385,nT
2026-04-12T10:02:00.000Z,KSU1,X,variation,channel,37161.22489945889,nT
2026-04-12T10:03:00.000Z,KSU1,X,variation,channel,37160.93485163567,nT
2026-04-12T10:04:00.000Z,KSU1,X,variation,channel,37160.8987825905,nT
2026-04-12T10:05:00.000Z,KSU1,X,variation,channel,37160.48712913322,nT
2026-04-12T10:06:00.000Z,KSU1,X,variation,channel,37160.4101282981,nT
2026-04-12T10:07:00.000Z,KSU1,X,variation,channel,37160.44869699501,nT
2026-04-12T10:08:00.000Z,KSU1,X,variation,channel,37160.33833136801,nT
2026-04-12T10:09:00.000Z,KSU1,X,variation,channel,37160.07236288302,nT
2026-04-12T10:10:00.000Z,KSU1,X,variation,channel,37160.260569341655,nT
2026-04-12T10:11:00.000Z,KSU1,X,variation,channel,37159.938254822635,nT
2026-04-12T10:12:00.000Z,KSU1,X,variation,channel,37159.908654619314,nT
2026-04-12T10:13:00.000Z,KSU1,X,variation,channel,37159.61696202197,nT
2026-04-12T10:14:00.000Z,KSU1,X,variation,channel,37159.77768998441,nT
2026-04-12T10:15:00.000Z,KSU1,X,variation,channel,37159.897152303405,nT
2026-04-12T10:16:00.000Z,KSU1,X,variation,channel,37160.0556634474,nT
2026-04-12T10:17:00.000Z,KSU1,X,variation,channel,37160.05545021973,nT
2026-04-12T10:18:00.000Z,KSU1,X,variation,channel,37159.85315664637,nT
2026-04-12T10:19:00.000Z,KSU1,X,variation,channel,37159.712187931575,nT
2026-04-12T10:20:00.000Z,KSU1,X,variation,channel,37159.65299476248,nT
2026-04-12T10:21:00.000Z,KSU1,X,variation,channel,37159.41423882069,nT
2026-04-12T10:22:00.000Z,KSU1,X,variation,channel,37159.44574449325,nT
2026-04-12T10:23:00.000Z,KSU1,X,variation,channel,37159.568084338774,nT
2026-04-12T10:24:00.000Z,KSU1,X,variation,channel,37159.491595794396,nT
2026-04-12T10:25:00.000Z,KSU1,X,variation,channel,37159.48228534645,nT
2026-04-12T10:26:00.000Z,KSU1,X,variation,channel,37159.29231785545,nT
2026-04-12T10:27:00.000Z,KSU1,X,variation,channel,37159.40031798968,nT
2026-04-12T10:28:00.000Z,KSU1,X,variation,channel,37159.91381956967,nT
2026-04-12T10:29:00.000Z,KSU1,X,variation,channel,37159.977770957725,nT
2026-04-12T10:30:00.000Z,KSU1,X,variation,channel,37159.60216324334,nT
2026-04-12T10:31:00.000Z,KSU1,X,variation,channel,37159.519071642106,nT
2026-04-12T10:32:00.000Z,KSU1,X,variation,channel,37159.3605187122,nT
2026-04-12T10:33:00.000Z,KSU1,X,variation,channel,37159.05753153035,nT
2026-04-12T10:34:00.000Z,KSU1,X,variation,channel,37158.842649300714,nT
2026-04-12T10:35:00.000Z,KSU1,X,variation,channel,37158.689404288096,nT
2026-04-12T10:36:00.000Z,KSU1,X,variation,channel,37158.5988059663,nT
2026-04-12T10:37:00.000Z,KSU1,X,variation,channel,37158.31991979283,nT
2026-04-12T10:38:00.000Z,KSU1,X,variation,channel,37157.832668927724,nT
2026-04-12T10:39:00.000Z,KSU1,X,variation,channel,37157.61229931465,nT
2026-04-12T10:40:00.000Z,KSU1,X,variation,channel,37157.674134158464,nT
2026-04-12T10:41:00.000Z,KSU1,X,variation,channel,37157.55590390869,nT
2026-04-12T10:42:00.000Z,KSU1,X,variation,channel,37158.15688171671,nT
2026-04-12T10:43:00.000Z,KSU1,X,variation,channel,37158.42365071504,nT
2026-04-12T10:44:00.000Z,KSU1,X,variation,channel,37158.26487877005,nT
2026-04-12T10:45:00.000Z,KSU1,X,variation,channel,37158.12522176859,nT
2026-04-12T10:46:00.000Z,KSU1,X,variation,channel,37158.25270475292,nT
2026-04-12T10:47:00.000Z,KSU1,X,variation,channel,37158.201286360374,nT
2026-04-12T10:48:00.000Z,KSU1,X,variation,channel,37157.71616403574,nT
2026-04-12T10:49:00.000Z,KSU1,X,variation,channel,37157.862106761015,nT
2026-04-12T10:50:00.000Z,KSU1,X,variation,channel,37157.82395692118,nT
2026-04-12T10:51:00.000Z,KSU1,X,variation,channel,37157.52558106031,nT
2026-04-12T10:52:00.000Z,KSU1,X,variation,channel,37157.70301312216,nT
2026-04-12T10:53:00.000Z,KSU1,X,variation,channel,37157.545881673155,nT
2026-04-12T10:54:00.000Z,KSU1,X,variation,channel,37157.165452460875,nT
2026-04-12T10:55:00.000Z,KSU1,X,variation,channel,37156.7905282751,nT
2026-04-12T10:56:00.000Z,KSU1,X,variation,channel,37156.89744523168,nT
2026-04-12T10:57:00.000Z,KSU1,X,variation,channel,37157.1607991407,nT
2026-04-12T10:58:00.000Z,KSU1,X,variation,channel,37157.1085889787,nT
2026-04-12T10:59:00.000Z,KSU1,X,variation,channel,37156.44319067679,nT
2026-04-12T11:00:00.000Z,KSU1,X,variation,channel,37156.61528381759,nT
2026-04-12T11:01:00.000Z,KSU1,X,variation,channel,37156.75151379836,nT
2026-04-12T11:02:00.000Z,KSU1,X,variation,channel,37156.692971339544,nT
2026-04-12T11:03:00.000Z,KSU1,X,variation,channel,37156.739911503464,nT
2026-04-12T11:04:00.000Z,KSU1,X,variation,channel,37156.714674211624,nT
2026-04-12T11:05:00.000Z,KSU1,X,variation,channel,37156.58761341599,nT
2026-04-12T11:06:00.000Z,KSU1,X,variation,channel,37156.26527536686,nT
2026-04-12T11:07:00.000Z,KSU1,X,variation,channel,37155.97149317372,nT
2026-04-12T11:08:00.000Z,KSU1,X,variation,channel,37155.48539591753,nT
2026-04-12T11:09:00.000Z,KSU1,X,variation,channel,37155.02855507265,nT
2026-04-12T11:10:00.000Z,KSU1,X,variation,channel,37154.6002321697,nT
2026-04-12T11:11:00.000Z,KSU1,X,variation,channel,37154.13694917236,nT
2026-04-12T11:12:00.000Z,KSU1,X,variation,channel,37153.4976267429,nT
2026-04-12T11:13:00.000Z,KSU1,X,variation,channel,37153.157358132885,nT
2026-04-12T11:14:00.000Z,KSU1,X,variation,channel,37152.728477224424,nT
2026-04-12T11:15:00.000Z,KSU1,X,variation,channel,37152.07107288411,nT
2026-04-12T11:16:00.000Z,KSU1,X,variation,channel,37151.87904991808,nT
2026-04-12T11:17:00.000Z,KSU1,X,variation,channel,37150.98729069997,nT
2026-04-12T11:18:00.000Z,KSU1,X,variation,channel,37150.82176694345,nT
2026-04-12T11:19:00.000Z,KSU1,X,variation,channel,37149.94133594544,nT
2026-04-12T11:20:00.000Z,KSU1,X,variation,channel,37148.830656293925,nT
2026-04-12T11:21:00.000Z,KSU1,X,variation,channel,37148.41401350009,nT
2026-04-12T11:22:00.000Z,KSU1,X,variation,channel,37148.00974787478,nT
2026-04-12T11:23:00.000Z,KSU1,X,variation,channel,37147.87291314607,nT
2026-04-12T11:24:00.000Z,KSU1,X,variation,channel,37148.1372611763,nT
2026-04-12T11:25:00.000Z,KSU1,X,variation,channel,37148.64003460057,nT
2026-04-12T11:26:00.000Z,KSU1,X,variation,channel,37148.489517389375,nT
2026-04-12T11:27:00.000Z,KSU1,X,variation,channel,37148.267221707596,nT
2026-04-12T11:28:00.000Z,KSU1,X,variation,channel,37148.04279694644,nT
2026-04-12T11:29:00.000Z,KSU1,X,variation,channel,37148.162747651026,nT
2026-04-12T11:30:00.000Z,KSU1,X,variation,channel,37148.26894253981,nT
2026-04-12T11:31:00.000Z,KSU1,X,variation,channel,37148.92131966849,nT
2026-04-12T11:32:00.000Z,KSU1,X,variation,channel,37149.66614731243,nT
2026-04-12T11:33:00.000Z,KSU1,X,variation,channel,37150.26091379106,nT
2026-04-12T11:34:00.000Z,KSU1,X,variation,channel,37150.73480858314,nT
2026-04-12T11:35:00.000Z,KSU1,X,variation,channel,37151.268765477835,nT
2026-04-12T11:36:00.000Z,KSU1,X,variation,channel,37151.711515109324,nT
2026-04-12T11:37:00.000Z,KSU1,X,variation,channel,37151.87818857262,nT
2026-04-12T11:38:00.000Z,KSU1,X,variation,channel,37152.13287728564,nT
2026-04-12T11:39:00.000Z,KSU1,X,variation,channel,37152.14034261867,nT
2026-04-12T11:40:00.000Z,KSU1,X,variation,channel,37152.20912571813,nT
2026-04-12T11:41:00.000Z,KSU1,X,variation,channel,37152.363062386044,nT
2026-04-12T11:42:00.000Z,KSU1,X,variation,channel,37152.04911192519,nT
2026-04-12T11:43:00.000Z,KSU1,X,variation,channel,37152.089591348245,nT
2026-04-12T11:44:00.000Z,KSU1,X,variation,channel,37152.04189531248,nT
2026-04-12T11:45:00.000Z,KSU1,X,variation,channel,37152.36466823772,nT
2026-04-12T11:46:00.000Z,KSU1,X,variation,channel,37152.81978919467,nT
2026-04-12T11:47:00.000Z,KSU1,X,variation,channel,37153.176964712504,nT
2026-04-12T11:48:00.000Z,KSU1,X,variation,channel,37152.89693521808,nT
2026-04-12T11:49:00.000Z,KSU1,X,variation,channel,37152.368774545175,nT
2026-04-12T11:50:00.000Z,KSU1,X,variation,channel,37151.74862526366,nT
2026-04-12T11:51:00.000Z,KSU1,X,variation,channel,37151.07595120639,nT
2026-04-12T11:52:00.000Z,KSU1,X,variation,channel,37150.969785026886,nT
2026-04-12T11:53:00.000Z,KSU1,X,variation,channel,37150.96889811828,nT
2026-04-12T11:54:00.000Z,KSU1,X,variation,channel,37151.20180894569,nT
2026-04-12T11:55:00.000Z,KSU1,X,variation,channel,37151.52725629503,nT
2026-04-12T11:56:00.000Z,KSU1,X,variation,channel,37151.259418383386,nT
2026-04-12T11:57:00.000Z,KSU1,X,variation,channel,37150.88613098235,nT
2026-04-12T11:58:00.000Z,KSU1,X,variation,channel,37150.647967125224,nT
2026-04-12T11:59:00.000Z,KSU1,X,variation,channel,37150.61465250504,nT
2026-04-12T12:00:00.000Z,KSU1,X,variation,channel,37150.46091653489,nT
2026-04-12T12:01:00.000Z,KSU1,X,variation,channel,37150.09163763175,nT
2026-04-12T12:02:00.000Z,KSU1,X,variation,channel,37149.556309694395,nT
2026-04-12T12:03:00.000Z,KSU1,X,variation,channel,37149.45823721222,nT
2026-04-12T12:04:00.000Z,KSU1,X,variation,channel,37149.635379008905,nT
2026-04-12T12:05:00.000Z,KSU1,X,variation,channel,37149.44555200237,nT
2026-04-12T12:06:00.000Z,KSU1,X,variation,channel,37149.705125537614,nT
2026-04-12T12:07:00.000Z,KSU1,X,variation,channel,37150.3006517854,nT
2026-04-12T12:08:00.000Z,KSU1,X,variation,channel,37150.149575291405,nT
2026-04-12T12:09:00.000Z,KSU1,X,variation,channel,37149.99740110644,nT
2026-04-12T12:10:00.000Z,KSU1,X,variation,channel,37149.397700011286,nT
2026-04-12T12:11:00.000Z,KSU1,X,variation,channel,37148.8329088662,nT
2026-04-12T12:12:00.000Z,KSU1,X,variation,channel,37149.611933976244,nT
2026-04-12T12:13:00.000Z,KSU1,X,variation,channel,37150.573447511444,nT
2026-04-12T12:14:00.000Z,KSU1,X,variation,channel,37151.17726222916,nT
2026-04-12T12:15:00.000Z,KSU1,X,variation,channel,37151.11769289016,nT
2026-04-12T12:16:00.000Z,KSU1,X,variation,channel,37150.84438174745,nT
2026-04-12T12:17:00.000Z,KSU1,X,variation,channel,37150.36338675743,nT
2026-04-12T12:18:00.000Z,KSU1,X,variation,channel,37150.37416795273,nT
2026-04-12T12:19:00.000Z,KSU1,X,variation,channel,37150.56496017103,nT
2026-04-12T12:20:00.000Z,KSU1,X,variation,channel,37150.67759498726,nT
2026-04-12T12:21:00.000Z,KSU1,X,variation,channel,37151.22333322144,nT
2026-04-12T12:22:00.000Z,KSU1,X,variation,channel,37151.38145516161,nT
2026-04-12T12:23:00.000Z,KSU1,X,variation,channel,37151.34702267583,nT
2026-04-12T12:24:00.000Z,KSU1,X,variation,channel,37151.27676812932,nT
2026-04-12T12:25:00.000Z,KSU1,X,variation,channel,37151.070398789176,nT
2026-04-12T12:26:00.000Z,KSU1,X,variation,channel,37151.04693472274,nT
2026-04-12T12:27:00.000Z,KSU1,X,variation,channel,37151.474274479515,nT
2026-04-12T12:28:00.000Z,KSU1,X,variation,channel,37151.615464936505,nT
2026-04-12T12:29:00.000Z,KSU1,X,variation,channel,37151.27655140473,nT
2026-04-12T12:30:00.000Z,KSU1,X,variation,channel,37151.03854461392,nT
2026-04-12T12:31:00.000Z,KSU1,X,variation,channel,37150.93588737512,nT
2026-04-12T12:32:00.000Z,KSU1,X,variation,channel,37150.87882792289,nT
2026-04-12T12:33:00.000Z,KSU1,X,variation,channel,37151.18799795388,nT
2026-04-12T12:34:00.000Z,KSU1,X,variation,channel,37151.66023541058,nT
2026-04-12T12:35:00.000Z,KSU1,X,variation,channel,37151.972783063575,nT
2026-04-12T12:36:00.000Z,KSU1,X,variation,channel,37152.27069727119,nT
2026-04-12T12:37:00.000Z,KSU1,X,variation,channel,37152.20528500857,nT
2026-04-12T12:38:00.000Z,KSU1,X,variation,channel,37151.76098822891,nT
2026-04-12T12:39:00.000Z,KSU1,X,variation,channel,37151.37655809409,nT
2026-04-12T12:40:00.000Z,KSU1,X,variation,channel,37151.43421571395,nT
2026-04-12T12:41:00.000Z,KSU1,X,variation,channel,37151.42397330979,nT
2026-04-12T12:42:00.000Z,KSU1,X,variation,channel,37151.44953509924,nT
2026-04-12T12:43:00.000Z,KSU1,X,variation,channel,37151.8916294891,nT
2026-04-12T12:44:00.000Z,KSU1,X,variation,channel,37151.780249068404,nT
2026-04-12T12:45:00.000Z,KSU1,X,variation,channel,37151.83584505997,nT
2026-04-12T12:46:00.000Z,KSU1,X,variation,channel,37151.83583085264,nT
2026-04-12T12:47:00.000Z,KSU1,X,variation,channel,37151.93256708676,nT
2026-04-12T12:48:00.000Z,KSU1,X,variation,channel,37151.6472305633,nT
2026-04-12T12:49:00.000Z,KSU1,X,variation,channel,37151.686008295386,nT
2026-04-12T12:50:00.000Z,KSU1,X,variation,channel,37151.90955078454,nT
2026-04-12T12:51:00.000Z,KSU1,X,variation,channel,37152.11543777675,nT
2026-04-12T12:52:00.000Z,KSU1,X,variation,channel,37152.331217841005,nT
2026-04-12T12:53:00.000Z,KSU1,X,variation,channel,37152.40806275551,nT
2026-04-12T12:54:00.000Z,KSU1,X,variation,channel,37151.97566988598,nT
2026-04-12T12:55:00.000Z,KSU1,X,variation,channel,37152.21421717737,nT
2026-04-12T12:56:00.000Z,KSU1,X,variation,channel,37152.40298632664,nT
2026-04-12T12:57:00.000Z,KSU1,X,variation,channel,37152.50671255309,nT
2026-04-12T12:58:00.000Z,KSU1,X,variation,channel,37152.201669537004,nT
2026-04-12T12:59:00.000Z,KSU1,X,variation,channel,37152.025893537095,nT
2026-04-12T13:00:00.000Z,KSU1,X,variation,channel,37151.711211936585,nT
2026-04-12T13:01:00.000Z,KSU1,X,variation,channel,37151.8783640514,nT
2026-04-12T13:02:00.000Z,KSU1,X,variation,channel,37151.514121367465,nT
2026-04-12T13:03:00.000Z,KSU1,X,variation,channel,37151.64103677922,nT
2026-04-12T13:04:00.000Z,KSU1,X,variation,channel,37152.09461928689,nT
2026-04-12T13:05:00.000Z,KSU1,X,variation,channel,37152.500346429086,nT
2026-04-12T13:06:00.000Z,KSU1,X,variation,channel,37151.87375119015,nT
2026-04-12T13:07:00.000Z,KSU1,X,variation,channel,37151.6016832084,nT
2026-04-12T13:08:00.000Z,KSU1,X,variation,channel,37151.25520319206,nT
2026-04-12T13:09:00.000Z,KSU1,X,variation,channel,37150.809462089266,nT
2026-04-12T13:10:00.000Z,KSU1,X,variation,channel,37150.60906108017,nT
2026-04-12T13:11:00.000Z,KSU1,X,variation,channel,37150.391097752086,nT
2026-04-12T13:12:00.000Z,KSU1,X,variation,channel,37149.78433685613,nT
2026-04-12T13:13:00.000Z,KSU1,X,variation,channel,37148.84929557168,nT
2026-04-12T13:14:00.000Z,KSU1,X,variation,channel,37148.35819936822,nT
2026-04-12T13:15:00.000Z,KSU1,X,variation,channel,37147.873833143974,nT
2026-04-12T13:16:00.000Z,KSU1,X,variation,channel,37146.425572531756,nT
2026-04-12T13:17:00.000Z,KSU1,X,variation,channel,37145.538518452195,nT
2026-04-12T13:18:00.000Z,KSU1,X,variation,channel,37145.29659416246,nT
2026-04-12T13:19:00.000Z,KSU1,X,variation,channel,37145.031850506624,nT
2026-04-12T13:20:00.000Z,KSU1,X,variation,channel,37144.223260059625,nT
2026-04-12T13:21:00.000Z,KSU1,X,variation,channel,37143.27979316916,nT
2026-04-12T13:22:00.000Z,KSU1,X,variation,channel,37142.0450890743,nT
2026-04-12T13:23:00.000Z,KSU1,X,variation,channel,37141.904850314684,nT
2026-04-12T13:24:00.000Z,KSU1,X,variation,channel,37142.18904443839,nT
2026-04-12T13:25:00.000Z,KSU1,X,variation,channel,37141.53913633857,nT
2026-04-12T13:26:00.000Z,KSU1,X,variation,channel,37141.11126359025,nT
2026-04-12T13:27:00.000Z,KSU1,X,variation,channel,37141.34176940034,nT
2026-04-12T13:28:00.000Z,KSU1,X,variation,channel,37141.26327473704,nT
2026-04-12T13:29:00.000Z,KSU1,X,variation,channel,37141.42638420102,nT
2026-04-12T13:30:00.000Z,KSU1,X,variation,channel,37141.521648211885,nT
2026-04-12T13:31:00.000Z,KSU1,X,variation,channel,37140.42252981379,nT
2026-04-12T13:32:00.000Z,KSU1,X,variation,channel,37138.42051582982,nT
2026-04-12T13:33:00.000Z,KSU1,X,variation,channel,37138.20764078988,nT
2026-04-12T13:34:00.000Z,KSU1,X,variation,channel,37138.48826669907,nT
2026-04-12T13:35:00.000Z,KSU1,X,variation,channel,37138.194231682166,nT
2026-04-12T13:36:00.000Z,KSU1,X,variation,channel,37138.16433119475,nT
2026-04-12T13:37:00.000Z,KSU1,X,variation,channel,37137.95801755359,nT
2026-04-12T13:38:00.000Z,KSU1,X,variation,channel,37137.524426392905,nT
2026-04-12T13:39:00.000Z,KSU1,X,variation,channel,37137.51292881701,nT
2026-04-12T13:40:00.000Z,KSU1,X,variation,channel,37136.33161602024,nT
2026-04-12T13:41:00.000Z,KSU1,X,variation,channel,37135.87628859152,nT
2026-04-12T13:42:00.000Z,KSU1,X,variation,channel,37135.9820215177,nT
2026-04-12T13:43:00.000Z,KSU1,X,variation,channel,37136.71072610633,nT
2026-04-12T13:44:00.000Z,KSU1,X,variation,channel,37137.309055235375,nT
2026-04-12T13:45:00.000Z,KSU1,X,variation,channel,37138.23671332841,nT
2026-04-12T13:46:00.000Z,KSU1,X,variation,channel,37138.856361993145,nT
2026-04-12T13:47:00.000Z,KSU1,X,variation,channel,37138.516466544184,nT
2026-04-12T13:48:00.000Z,KSU1,X,variation,channel,37138.89566120054,nT
2026-04-12T13:49:00.000Z,KSU1,X,variation,channel,37138.38947581454,nT
2026-04-12T13:50:00.000Z,KSU1,X,variation,channel,37138.64528606661,nT
2026-04-12T13:51:00.000Z,KSU1,X,variation,channel,37139.154824559315,nT
2026-04-12T13:52:00.000Z,KSU1,X,variation,channel,37139.277034664454,nT
2026-04-12T13:53:00.000Z,KSU1,X,variation,channel,37139.532906050634,nT
2026-04-12T13:54:00.000Z,KSU1,X,variation,channel,37140.33496701259,nT
2026-04-12T13:55:00.000Z,KSU1,X,variation,channel,37140.56371369999,nT
2026-04-12T13:56:00.000Z,KSU1,X,variation,channel,37140.851604675576,nT
2026-04-12T13:57:00.000Z,KSU1,X,variation,channel,37140.93399016939,nT
2026-04-12T13:58:00.000Z,KSU1,X,variation,channel,37140.40476150413,nT
2026-04-12T13:59:00.000Z,KSU1,X,variation,channel,37139.93819453432,nT
2026-04-12T14:00:00.000Z,KSU1,X,variation,channel,37139.011094158435,nT
2026-04-12T14:01:00.000Z,KSU1,X,variation,channel,37139.21376291927,nT
2026-04-12T14:02:00.000Z,KSU1,X,variation,channel,37138.47265712553,nT
2026-04-12T14:03:00.000Z,KSU1,X,variation,channel,37138.14315818122,nT
2026-04-12T14:04:00.000Z,KSU1,X,variation,channel,37137.66731301292,nT
2026-04-12T14:05:00.000Z,KSU1,X,variation,channel,37138.305689538254,nT
2026-04-12T14:06:00.000Z,KSU1,X,variation,channel,37137.36784950154,nT
2026-04-12T14:07:00.000Z,KSU1,X,variation,channel,37137.18579439302,nT
2026-04-12T14:08:00.000Z,KSU1,X,variation,channel,37137.43631894864,nT
2026-04-12T14:09:00.000Z,KSU1,X,variation,channel,37138.151885465064,nT
2026-04-12T14:10:00.000Z,KSU1,X,variation,channel,37137.13704185558,nT
2026-04-12T14:11:00.000Z,KSU1,X,variation,channel,37136.632344814636,nT
2026-04-12T14:12:00.000Z,KSU1,X,variation,channel,37135.91180428304,nT
2026-04-12T14:13:00.000Z,KSU1,X,variation,channel,37135.39099858311,nT
2026-04-12T14:14:00.000Z,KSU1,X,variation,channel,37134.956184008755,nT
2026-04-12T14:15:00.000Z,KSU1,X,variation,channel,37135.16088971823,nT
2026-04-12T14:16:00.000Z,KSU1,X,variation,channel,37134.93497293018,nT
2026-04-12T14:17:00.000Z,KSU1,X,variation,channel,37135.221928906074,nT
2026-04-12T14:18:00.000Z,KSU1,X,variation,channel,37134.03000219388,nT
2026-04-12T14:19:00.000Z,KSU1,X,variation,channel,37133.95515305472,nT
2026-04-12T14:20:00.000Z,KSU1,X,variation,channel,37132.81556847262,nT
2026-04-12T14:21:00.000Z,KSU1,X,variation,channel,37133.39806464356,nT
2026-04-12T14:22:00.000Z,KSU1,X,variation,channel,37133.07818912622,nT
2026-04-12T14:23:00.000Z,KSU1,X,variation,channel,37132.12782766459,nT
2026-04-12T14:24:00.000Z,KSU1,X,variation,channel,37131.73832304017,nT
2026-04-12T14:25:00.000Z,KSU1,X,variation,channel,37130.785434825324,nT
2026-04-12T14:26:00.000Z,KSU1,X,variation,channel,37132.07957963241,nT
2026-04-12T14:27:00.000Z,KSU1,X,variation,channel,37132.47980694544,nT
2026-04-12T14:28:00.000Z,KSU1,X,variation,channel,37132.298080111235,nT
2026-04-12T14:29:00.000Z,KSU1,X,variation,channel,37131.54301904714,nT
2026-04-12T14:30:00.000Z,KSU1,X,variation,channel,37131.07529645376,nT
2026-04-12T14:31:00.000Z,KSU1,X,variation,channel,37130.365730737736,nT
2026-04-12T14:32:00.000Z,KSU1,X,variation,channel,37130.16680388404,nT
2026-04-12T14:33:00.000Z,KSU1,X,variation,channel,37130.19672737369,nT
2026-04-12T14:34:00.000Z,KSU1,X,variation,channel,37130.745100023516,nT
2026-04-12T14:35:00.000Z,KSU1,X,variation,channel,37130.12288891531,nT
2026-04-12T14:36:00.000Z,KSU1,X,variation,channel,37128.81115930876,nT
2026-04-12T14:37:00.000Z,KSU1,X,variation,channel,37127.77286362519,nT
2026-04-12T14:38:00.000Z,KSU1,X,variation,channel,37128.095227803344,nT
2026-04-12T14:39:00.000Z,KSU1,X,variation,channel,37127.62137239722,nT
2026-04-12T14:40:00.000Z,KSU1,X,variation,channel,37126.606629550595,nT
2026-04-12T14:41:00.000Z,KSU1,X,variation,channel,37126.75761082379,nT
2026-04-12T14:42:00.000Z,KSU1,X,variation,channel,37128.528938980045,nT
2026-04-12T14:43:00.000Z,KSU1,X,variation,channel,37129.162401896145,nT
2026-04-12T14:44:00.000Z,KSU1,X,variation,channel,37128.346568476816,nT
2026-04-12T14:45:00.000Z,KSU1,X,variation,channel,37127.913626950525,nT
2026-04-12T14:46:00.000Z,KSU1,X,variation,channel,37126.018464157845,nT
2026-04-12T14:47:00.000Z,KSU1,X,variation,channel,37125.039417487016,nT
2026-04-12T14:48:00.000Z,KSU1,X,variation,channel,37124.60716532693,nT
2026-04-12T14:49:00.000Z,KSU1,X,variation,channel,37125.359194253295,nT
2026-04-12T14:50:00.000Z,KSU1,X,variation,channel,37125.94688742586,nT
2026-04-12T14:51:00.000Z,KSU1,X,variation,channel,37126.962389477565,nT
2026-04-12T14:52:00.000Z,KSU1,X,variation,channel,37127.765010938274,nT
2026-04-12T14:53:00.000Z,KSU1,X,variation,channel,37128.26465187965,nT
2026-04-12T14:54:00.000Z,KSU1,X,variation,channel,37128.66793564493,nT
2026-04-12T14:55:00.000Z,KSU1,X,variation,channel,37128.77149486053,nT
2026-04-12T14:56:00.000Z,KSU1,X,variation,channel,37129.12703469852,nT
2026-04-12T14:57:00.000Z,KSU1,X,variation,channel,37129.88371531498,nT
2026-04-12T14:58:00.000Z,KSU1,X,variation,channel,37130.652492395886,nT
2026-04-12T14:59:00.000Z,KSU1,X,variation,channel,37130.75785101873,nT
2026-04-12T15:00:00.000Z,KSU1,X,variation,channel,37130.92566054072,nT
2026-04-12T15:01:00.000Z,KSU1,X,variation,channel,37130.70404077977,nT
2026-04-12T15:02:00.000Z,KSU1,X,variation,channel,37130.79100908758,nT
2026-04-12T15:03:00.000Z,KSU1,X,variation,channel,37130.49874743183,nT
2026-04-12T15:04:00.000Z,KSU1,X,variation,channel,37130.278732665414,nT
2026-04-12T15:05:00.000Z,KSU1,X,variation,channel,37130.09619694196,nT
2026-04-12T15:06:00.000Z,KSU1,X,variation,channel,37129.70056124255,nT
2026-04-12T15:07:00.000Z,KSU1,X,variation,channel,37129.62659480268,nT
2026-04-12T15:08:00.000Z,KSU1,X,variation,channel,37128.31458628153,nT
2026-04-12T15:09:00.000Z,KSU1,X,variation,channel,37128.650958101716,nT
2026-04-12T15:10:00.000Z,KSU1,X,variation,channel,37129.24240248703,nT
2026-04-12T15:11:00.000Z,KSU1,X,variation,channel,37129.01495223661,nT
2026-04-12T15:12:00.000Z,KSU1,X,variation,channel,37129.24272504,nT
2026-04-12T15:13:00.000Z,KSU1,X,variation,channel,37129.36952154591,nT
2026-04-12T15:14:00.000Z,KSU1,X,variation,channel,37129.06612973511,nT
2026-04-12T15:15:00.000Z,KSU1,X,variation,channel,37129.019623610126,nT
2026-04-12T15:16:00.000Z,KSU1,X,variation,channel,37129.11022110885,nT
2026-04-12T15:17:00.000Z,KSU1,X,variation,channel,37130.08838592426,nT
2026-04-12T15:18:00.000Z,KSU1,X,variation,channel,37130.436663042354,nT
2026-04-12T15:19:00.000Z,KSU1,X,variation,channel,37130.32549147109,nT
2026-04-12T15:20:00.000Z,KSU1,X,variation,channel,37129.58157597018,nT
2026-04-12T15:21:00.000Z,KSU1,X,variation,channel,37127.83973782174,nT
2026-04-12T15:22:00.000Z,KSU1,X,variation,channel,37126.29335044243,nT
2026-04-12T15:23:00.000Z,KSU1,X,variation,channel,37124.72816871977,nT
2026-04-12T15:24:00.000Z,KSU1,X,variation,channel,37123.94768392215,nT
2026-04-12T15:25:00.000Z,KSU1,X,variation,channel,37125.20783514799,nT
2026-04-12T15:26:00.000Z,KSU1,X,variation,channel,37126.480020001254,nT
2026-04-12T15:27:00.000Z,KSU1,X,variation,channel,37126.60669635267,nT
2026-04-12T15:28:00.000Z,KSU1,X,variation,channel,37126.31429187261,nT
2026-04-12T15:29:00.000Z,KSU1,X,variation,channel,37125.861821384875,nT
2026-04-12T15:30:00.000Z,KSU1,X,variation,channel,37125.89089131469,nT
2026-04-12T15:31:00.000Z,KSU1,X,variation,channel,37126.9347871613,nT
2026-04-12T15:32:00.000Z,KSU1,X,variation,channel,37127.04135983536,nT
2026-04-12T15:33:00.000Z,KSU1,X,variation,channel,37126.224512338355,nT
2026-04-12T15:34:00.000Z,KSU1,X,variation,channel,37126.837471895975,nT
2026-04-12T15:35:00.000Z,KSU1,X,variation,channel,37126.70086100805,nT
2026-04-12T15:36:00.000Z,KSU1,X,variation,channel,37126.09583673643,nT
2026-04-12T15:37:00.000Z,KSU1,X,variation,channel,37126.35069881961,nT
2026-04-12T15:38:00.000Z,KSU1,X,variation,channel,37126.862776162576,nT
2026-04-12T15:39:00.000Z,KSU1,X,variation,channel,37126.44025504912,nT
2026-04-12T15:40:00.000Z,KSU1,X,variation,channel,37125.934613165424,nT
2026-04-12T15:41:00.000Z,KSU1,X,variation,channel,37125.75670066338,nT
2026-04-12T15:42:00.000Z,KSU1,X,variation,channel,37125.6911985964,nT
2026-04-12T15:43:00.000Z,KSU1,X,variation,channel,37125.42860360654,nT
2026-04-12T15:44:00.000Z,KSU1,X,variation,channel,37124.87757669486,nT
2026-04-12T15:45:00.000Z,KSU1,X,variation,channel,37123.678891600015,nT
2026-04-12T15:46:00.000Z,KSU1,X,variation,channel,37122.89960955091,nT
2026-04-12T15:47:00.000Z,KSU1,X,variation,channel,37122.08452219848,nT
2026-04-12T15:48:00.000Z,KSU1,X,variation,channel,37122.33217221047,nT
2026-04-12T15:49:00.000Z,KSU1,X,variation,channel,37122.951398792444,nT
2026-04-12T15:50:00.000Z,KSU1,X,variation,channel,37123.208863002874,nT
2026-04-12T15:51:00.000Z,KSU1,X,variation,channel,37122.71873850291,nT
2026-04-12T15:52:00.000Z,KSU1,X,variation,channel,37121.90080349913,nT
2026-04-12T15:53:00.000Z,KSU1,X,variation,channel,37121.61384924796,nT
2026-04-12T15:54:00.000Z,KSU1,X,variation,channel,37121.75375875325,nT
2026-04-12T15:55:00.000Z,KSU1,X,variation,channel,37122.302270742905,nT
2026-04-12T15:56:00.000Z,KSU1,X,variation,channel,37121.937166097625,nT
2026-04-12T15:57:00.000Z,KSU1,X,variation,channel,37121.503072808664,nT
2026-04-12T15:58:00.000Z,KSU1,X,variation,channel,37121.71157816821,nT
2026-04-12T15:59:00.000Z,KSU1,X,variation,channel,37121.651257595455,nT
2026-04-12T16:00:00.000Z,KSU1,X,variation,channel,37122.16992938765,nT
2026-04-12T16:01:00.000Z,KSU1,X,variation,channel,37122.09912593421,nT
2026-04-12T16:02:00.000Z,KSU1,X,variation,channel,37122.65548729853,nT
2026-04-12T16:03:00.000Z,KSU1,X,variation,channel,37122.74654693228,nT
2026-04-12T16:04:00.000Z,KSU1,X,variation,channel,37122.588142063294,nT
2026-04-12T16:05:00.000Z,KSU1,X,variation,channel,37122.54193002783,nT
2026-04-12T16:06:00.000Z,KSU1,X,variation,channel,37122.58033929378,nT
2026-04-12T16:07:00.000Z,KSU1,X,variation,channel,37121.162709581135,nT
2026-04-12T16:08:00.000Z,KSU1,X,variation,channel,37120.97586535504,nT
2026-04-12T16:09:00.000Z,KSU1,X,variation,channel,37121.410353395506,nT
2026-04-12T16:10:00.000Z,KSU1,X,variation,channel,37121.784815667386,nT
2026-04-12T16:11:00.000Z,KSU1,X,variation,channel,37122.23541198022,nT
2026-04-12T16:12:00.000Z,KSU1,X,variation,channel,37122.733867592746,nT
2026-04-12T16:13:00.000Z,KSU1,X,variation,channel,37123.5070476997,nT
2026-04-12T16:14:00.000Z,KSU1,X,variation,channel,37123.971436829,nT
2026-04-12T16:15:00.000Z,KSU1,X,variation,channel,37124.184884112496,nT
2026-04-12T16:16:00.000Z,KSU1,X,variation,channel,37124.337935065545,nT
2026-04-12T16:17:00.000Z,KSU1,X,variation,channel,37123.911845809635,nT
2026-04-12T16:18:00.000Z,KSU1,X,variation,channel,37123.93867224788,nT
2026-04-12T16:19:00.000Z,KSU1,X,variation,channel,37123.82291179696,nT
2026-04-12T16:20:00.000Z,KSU1,X,variation,channel,37124.15968920658,nT
2026-04-12T16:21:00.000Z,KSU1,X,variation,channel,37124.69327193334,nT
2026-04-12T16:22:00.000Z,KSU1,X,variation,channel,37123.99558512355,nT
2026-04-12T16:23:00.000Z,KSU1,X,variation,channel,37124.43919420628,nT
2026-04-12T16:24:00.000Z,KSU1,X,variation,channel,37123.99550919696,nT
2026-04-12T16:25:00.000Z,KSU1,X,variation,channel,37123.657375426206,nT
2026-04-12T16:26:00.000Z,KSU1,X,variation,channel,37123.00014979718,nT
2026-04-12T16:27:00.000Z,KSU1,X,variation,channel,37122.6394862477,nT
2026-04-12T16:28:00.000Z,KSU1,X,variation,channel,37121.883252685584,nT
2026-04-12T16:29:00.000Z,KSU1,X,variation,channel,37121.34962928954,nT
2026-04-12T16:30:00.000Z,KSU1,X,variation,channel,37121.13613166176,nT
2026-04-12T16:31:00.000Z,KSU1,X,variation,channel,37121.48422427815,nT
2026-04-12T16:32:00.000Z,KSU1,X,variation,channel,37121.747369130244,nT
2026-04-12T16:33:00.000Z,KSU1,X,variation,channel,37121.51255533905,nT
2026-04-12T16:34:00.000Z,KSU1,X,variation,channel,37121.83996127364,nT
2026-04-12T16:35:00.000Z,KSU1,X,variation,channel,37122.16870957757,nT
2026-04-12T16:36:00.000Z,KSU1,X,variation,channel,37122.71286867443,nT
2026-04-12T16:37:00.000Z,KSU1,X,variation,channel,37122.726276576985,nT
2026-04-12T16:38:00.000Z,KSU1,X,variation,channel,37122.513632668335,nT
2026-04-12T16:39:00.000Z,KSU1,X,variation,channel,37122.690893862076,nT
2026-04-12T16:40:00.000Z,KSU1,X,variation,channel,37122.85768781714,nT
2026-04-12T16:41:00.000Z,KSU1,X,variation,channel,37123.76953956767,nT
2026-04-12T16:42:00.000Z,KSU1,X,variation,channel,37124.47802861829,nT
2026-04-12T16:43:00.000Z,KSU1,X,variation,channel,37124.02701777353,nT
2026-04-12T16:44:00.000Z,KSU1,X,variation,channel,37123.652906851414,nT
2026-04-12T16:45:00.000Z,KSU1,X,variation,channel,37123.42831418469,nT
2026-04-12T16:46:00.000Z,KSU1,X,variation,channel,37123.04738908549,nT
2026-04-12T16:47:00.000Z,KSU1,X,variation,channel,37122.74469291851,nT
2026-04-12T16:48:00.000Z,KSU1,X,variation,channel,37122.71808353946,nT
2026-04-12T16:49:00.000Z,KSU1,X,variation,channel,37122.25451358019,nT
2026-04-12T16:50:00.000Z,KSU1,X,variation,channel,37121.831074375106,nT
2026-04-12T16:51:00.000Z,KSU1,X,variation,channel,37121.92870331898,nT
2026-04-12T16:52:00.000Z,KSU1,X,variation,channel,37122.09659020849,nT
2026-04-12T16:53:00.000Z,KSU1,X,variation,channel,37122.379576970205,nT
2026-04-12T16:54:00.000Z,KSU1,X,variation,channel,37122.53660217209,nT
2026-04-12T16:55:00.000Z,KSU1,X,variation,channel,37122.603971142795,nT
2026-04-12T16:56:00.000Z,KSU1,X,variation,channel,37122.76822785001,nT
2026-04-12T16:57:00.000Z,KSU1,X,variation,channel,37122.83021066211,nT
2026-04-12T16:58:00.000Z,KSU1,X,variation,channel,37123.0728707543,nT
2026-04-12T16:59:00.000Z,KSU1,X,variation,channel,37123.542801089396,nT
2026-04-12T17:00:00.000Z,KSU1,X,variation,channel,37123.6218348469,nT
2026-04-12T17:01:00.000Z,KSU1,X,variation,channel,37124.51098337818,nT
2026-04-12T17:02:00.000Z,KSU1,X,variation,channel,37124.2348503031,nT
2026-04-12T17:03:00.000Z,KSU1,X,variation,channel,37125.50881846538,nT
2026-04-12T17:04:00.000Z,KSU1,X,variation,channel,37126.562539720086,nT
2026-04-12T17:05:00.000Z,KSU1,X,variation,channel,37126.93460145415,nT
2026-04-12T17:06:00.000Z,KSU1,X,variation,channel,37126.788418993565,nT
2026-04-12T17:07:00.000Z,KSU1,X,variation,channel,37126.149612306544,nT
2026-04-12T17:08:00.000Z,KSU1,X,variation,channel,37125.962349620895,nT
2026-04-12T17:09:00.000Z,KSU1,X,variation,channel,37125.80923116479,nT
2026-04-12T17:10:00.000Z,KSU1,X,variation,channel,37125.81464569543,nT
2026-04-12T17:11:00.000Z,KSU1,X,variation,channel,37126.04794764926,nT
2026-04-12T17:12:00.000Z,KSU1,X,variation,channel,37126.69050336978,nT
2026-04-12T17:13:00.000Z,KSU1,X,variation,channel,37126.68499352893,nT
2026-04-12T17:14:00.000Z,KSU1,X,variation,channel,37126.55527004636,nT
2026-04-12T17:15:00.000Z,KSU1,X,variation,channel,37126.393485375615,nT
2026-04-12T17:16:00.000Z,KSU1,X,variation,channel,37126.35748843674,nT
2026-04-12T17:17:00.000Z,KSU1,X,variation,channel,37126.01451359374,nT
2026-04-12T17:18:00.000Z,KSU1,X,variation,channel,37125.58072758996,nT
2026-04-12T17:19:00.000Z,KSU1,X,variation,channel,37125.41549811053,nT
2026-04-12T17:20:00.000Z,KSU1,X,variation,channel,37125.53523182811,nT
2026-04-12T17:21:00.000Z,KSU1,X,variation,channel,37125.70794263086,nT
2026-04-12T17:22:00.000Z,KSU1,X,variation,channel,37126.185761303415,nT
2026-04-12T17:23:00.000Z,KSU1,X,variation,channel,37126.556051302905,nT
2026-04-12T17:24:00.000Z,KSU1,X,variation,channel,37126.5783524708,nT
2026-04-12T17:25:00.000Z,KSU1,X,variation,channel,37126.78075525716,nT
2026-04-12T17:26:00.000Z,KSU1,X,variation,channel,37126.76269726375,nT
2026-04-12T17:27:00.000Z,KSU1,X,variation,channel,37126.805822865725,nT
2026-04-12T17:28:00.000Z,KSU1,X,variation,channel,37126.23243396299,nT
2026-04-12T17:29:00.000Z,KSU1,X,variation,channel,37126.88251698992,nT
2026-04-12T17:30:00.000Z,KSU1,X,variation,channel,37127.527485747356,nT
2026-04-12T17:31:00.000Z,KSU1,X,variation,channel,37127.08311800122,nT
2026-04-12T17:32:00.000Z,KSU1,X,variation,channel,37126.80792002981,nT
2026-04-12T17:33:00.000Z,KSU1,X,variation,channel,37126.66392596063,nT
2026-04-12T17:34:00.000Z,KSU1,X,variation,channel,37127.35510572174,nT
2026-04-12T17:35:00.000Z,KSU1,X,variation,channel,37128.02137510136,nT
2026-04-12T17:36:00.000Z,KSU1,X,variation,channel,37128.41454479755,nT
2026-04-12T17:37:00.000Z,KSU1,X,variation,channel,37128.30857271959,nT
2026-04-12T17:38:00.000Z,KSU1,X,variation,channel,37128.51402638349,nT
2026-04-12T17:39:00.000Z,KSU1,X,variation,channel,37128.788597374914,nT
2026-04-12T17:40:00.000Z,KSU1,X,variation,channel,37129.090158151244,nT
2026-04-12T17:41:00.000Z,KSU1,X,variation,channel,37129.32946239315,nT
2026-04-12T17:42:00.000Z,KSU1,X,variation,channel,37129.55550074039,nT
2026-04-12T17:43:00.000Z,KSU1,X,variation,channel,37129.547544050074,nT
2026-04-12T17:44:00.000Z,KSU1,X,variation,channel,37129.63169638397,nT
2026-04-12T17:45:00.000Z,KSU1,X,variation,channel,37129.39336114975,nT
2026-04-12T17:46:00.000Z,KSU1,X,variation,channel,37129.429616661844,nT
2026-04-12T17:47:00.000Z,KSU1,X,variation,channel,37129.699877706174,nT
2026-04-12T17:48:00.000Z,KSU1,X,variation,channel,37129.5719079782,nT
2026-04-12T17:49:00.000Z,KSU1,X,variation,channel,37129.63808580884,nT
2026-04-12T17:50:00.000Z,KSU1,X,variation,channel,37129.310067762235,nT
2026-04-12T17:51:00.000Z,KSU1,X,variation,channel,37128.94316805786,nT
2026-04-12T17:52:00.000Z,KSU1,X,variation,channel,37128.66931600152,nT
2026-04-12T17:53:00.000Z,KSU1,X,variation,channel,37128.42949796822,nT
2026-04-12T17:54:00.000Z,KSU1,X,variation,channel,37128.17815996558,nT
2026-04-12T17:55:00.000Z,KSU1,X,variation,channel,37128.09521107959,nT
2026-04-12T17:56:00.000Z,KSU1,X,variation,channel,37128.44566680821,nT
2026-04-12T17:57:00.000Z,KSU1,X,variation,channel,37128.23637785928,nT
2026-04-12T17:58:00.000Z,KSU1,X,variation,channel,37128.08113377808,nT
2026-04-12T17:59:00.000Z,KSU1,X,variation,channel,37128.046245516285,nT
2026-04-12T18:00:00.000Z,KSU1,X,variation,channel,37127.90924822341,nT
2026-04-12T18:01:00.000Z,KSU1,X,variation,channel,37127.98444928746,nT
2026-04-12T18:02:00.000Z,KSU1,X,variation,channel,37128.52846528374,nT
2026-04-12T18:03:00.000Z,KSU1,X,variation,channel,37128.589107845,nT
2026-04-12T18:04:00.000Z,KSU1,X,variation,channel,37128.763312790536,nT
2026-04-12T18:05:00.000Z,KSU1,X,variation,channel,37129.13075503752,nT
2026-04-12T18:06:00.000Z,KSU1,X,variation,channel,37129.32856473762,nT
2026-04-12T18:07:00.000Z,KSU1,X,variation,channel,37129.47699383466,nT
2026-04-12T18:08:00.000Z,KSU1,X,variation,channel,37129.47822948935,nT
2026-04-12T18:09:00.000Z,KSU1,X,variation,channel,37129.26078370472,nT
2026-04-12T18:10:00.000Z,KSU1,X,variation,channel,37129.09935670819,nT
2026-04-12T18:11:00.000Z,KSU1,X,variation,channel,37129.12141539883,nT
2026-04-12T18:12:00.000Z,KSU1,X,variation,channel,37129.71135788485,nT
2026-04-12T18:13:00.000Z,KSU1,X,variation,channel,37130.69518977305,nT
2026-04-12T18:14:00.000Z,KSU1,X,variation,channel,37131.14116995584,nT
2026-04-12T18:15:00.000Z,KSU1,X,variation,channel,37131.20984389882,nT
2026-04-12T18:16:00.000Z,KSU1,X,variation,channel,37131.45793972053,nT
2026-04-12T18:17:00.000Z,KSU1,X,variation,channel,37131.781888870144,nT
2026-04-12T18:18:00.000Z,KSU1,X,variation,channel,37131.4557176913,nT
2026-04-12T18:19:00.000Z,KSU1,X,variation,channel,37131.29966016088,nT
2026-04-12T18:20:00.000Z,KSU1,X,variation,channel,37130.96212405797,nT
2026-04-12T18:21:00.000Z,KSU1,X,variation,channel,37130.200621650074,nT
2026-04-12T18:22:00.000Z,KSU1,X,variation,channel,37129.0673470872,nT
2026-04-12T18:23:00.000Z,KSU1,X,variation,channel,37129.02080138249,nT
2026-04-12T18:24:00.000Z,KSU1,X,variation,channel,37129.23994365442,nT
2026-04-12T18:25:00.000Z,KSU1,X,variation,channel,37129.38048134681,nT
2026-04-12T18:26:00.000Z,KSU1,X,variation,channel,37129.25643225058,nT
2026-04-12T18:27:00.000Z,KSU1,X,variation,channel,37129.384127571895,nT
2026-04-12T18:28:00.000Z,KSU1,X,variation,channel,37129.24311912674,nT
2026-04-12T18:29:00.000Z,KSU1,X,variation,channel,37128.916994785905,nT
2026-04-12T18:30:00.000Z,KSU1,X,variation,channel,37128.63513821273,nT
2026-04-12T18:31:00.000Z,KSU1,X,variation,channel,37127.791618887066,nT
2026-04-12T18:32:00.000Z,KSU1,X,variation,channel,37126.8520318987,nT
2026-04-12T18:33:00.000Z,KSU1,X,variation,channel,37127.1110933988,nT
2026-04-12T18:34:00.000Z,KSU1,X,variation,channel,37127.6718639909,nT
2026-04-12T18:35:00.000Z,KSU1,X,variation,channel,37127.57615901536,nT
2026-04-12T18:36:00.000Z,KSU1,X,variation,channel,37126.89746808193,nT
2026-04-12T18:37:00.000Z,KSU1,X,variation,channel,37127.46124978722,nT
2026-04-12T18:38:00.000Z,KSU1,X,variation,channel,37127.274654762856,nT
2026-04-12T18:39:00.000Z,KSU1,X,variation,channel,37127.29937051622,nT
2026-04-12T18:40:00.000Z,KSU1,X,variation,channel,37127.29253570726,nT
2026-04-12T18:41:00.000Z,KSU1,X,variation,channel,37126.678969266904,nT
2026-04-12T18:42:00.000Z,KSU1,X,variation,channel,37125.175011062245,nT
2026-04-12T18:43:00.000Z,KSU1,X,variation,channel,37125.653451649116,nT
2026-04-12T18:44:00.000Z,KSU1,X,variation,channel,37126.92633128048,nT
2026-04-12T18:45:00.000Z,KSU1,X,variation,channel,37127.99183346914,nT
2026-04-12T18:46:00.000Z,KSU1,X,variation,channel,37129.197378700555,nT
2026-04-12T18:47:00.000Z,KSU1,X,variation,channel,37129.56387489652,nT
2026-04-12T18:48:00.000Z,KSU1,X,variation,channel,37129.11894044917,nT
2026-04-12T18:49:00.000Z,KSU1,X,variation,channel,37128.225015840646,nT
2026-04-12T18:50:00.000Z,KSU1,X,variation,channel,37127.509489507334,nT
2026-04-12T18:51:00.000Z,KSU1,X,variation,channel,37127.54276733716,nT
2026-04-12T18:52:00.000Z,KSU1,X,variation,channel,37127.632323363876,nT
2026-04-12T18:53:00.000Z,KSU1,X,variation,channel,37127.87427085629,nT
2026-04-12T18:54:00.000Z,KSU1,X,variation,channel,37128.001473349796,nT
2026-04-12T18:55:00.000Z,KSU1,X,variation,channel,37128.38076406025,nT
2026-04-12T18:56:00.000Z,KSU1,X,variation,channel,37128.42172612619,nT
2026-04-12T18:57:00.000Z,KSU1,X,variation,channel,37128.64197272991,nT
2026-04-12T18:58:00.000Z,KSU1,X,variation,channel,37128.61616546547,nT
2026-04-12T18:59:00.000Z,KSU1,X,variation,channel,37128.21560713812,nT
2026-04-12T19:00:00.000Z,KSU1,X,variation,channel,37128.371038395,nT
2026-04-12T19:01:00.000Z,KSU1,X,variation,channel,37127.67051108864,nT
2026-04-12T19:02:00.000Z,KSU1,X,variation,channel,37127.35194206293,nT
2026-04-12T19:03:00.000Z,KSU1,X,variation,channel,37127.33735273199,nT
2026-04-12T19:04:00.000Z,KSU1,X,variation,channel,37128.16786304129,nT
2026-04-12T19:05:00.000Z,KSU1,X,variation,channel,37128.3221369619,nT
2026-04-12T19:06:00.000Z,KSU1,X,variation,channel,37128.45040161569,nT
2026-04-12T19:07:00.000Z,KSU1,X,variation,channel,37129.01298644705,nT
2026-04-12T19:08:00.000Z,KSU1,X,variation,channel,37128.85088931738,nT
2026-04-12T19:09:00.000Z,KSU1,X,variation,channel,37128.21455071361,nT
2026-04-12T19:10:00.000Z,KSU1,X,variation,channel,37128.037746378606,nT
2026-04-12T19:11:00.000Z,KSU1,X,variation,channel,37127.87388499251,nT
2026-04-12T19:12:00.000Z,KSU1,X,variation,channel,37127.12262943581,nT
2026-04-12T19:13:00.000Z,KSU1,X,variation,channel,37127.41959516447,nT
2026-04-12T19:14:00.000Z,KSU1,X,variation,channel,37127.03195571851,nT
2026-04-12T19:15:00.000Z,KSU1,X,variation,channel,37127.619777810425,nT
2026-04-12T19:16:00.000Z,KSU1,X,variation,channel,37127.377676123164,nT
2026-04-12T19:17:00.000Z,KSU1,X,variation,channel,37127.172486457384,nT
2026-04-12T19:18:00.000Z,KSU1,X,variation,channel,37126.328732187474,nT
2026-04-12T19:19:00.000Z,KSU1,X,variation,channel,37125.6484313453,nT
2026-04-12T19:20:00.000Z,KSU1,X,variation,channel,37125.98840008375,nT
2026-04-12T19:21:00.000Z,KSU1,X,variation,channel,37126.23083535777,nT
2026-04-12T19:22:00.000Z,KSU1,X,variation,channel,37125.29086209195,nT
2026-04-12T19:23:00.000Z,KSU1,X,variation,channel,37124.82018452407,nT
2026-04-12T19:24:00.000Z,KSU1,X,variation,channel,37125.012046850876,nT
2026-04-12T19:25:00.000Z,KSU1,X,variation,channel,37125.77599663918,nT
2026-04-12T19:26:00.000Z,KSU1,X,variation,channel,37125.958448996746,nT
2026-04-12T19:27:00.000Z,KSU1,X,variation,channel,37125.874219597645,nT
2026-04-12T19:28:00.000Z,KSU1,X,variation,channel,37125.95522722171,nT
2026-04-12T19:29:00.000Z,KSU1,X,variation,channel,37125.93682274017,nT
2026-04-12T19:30:00.000Z,KSU1,X,variation,channel,37125.98326217915,nT
2026-04-12T19:31:00.000Z,KSU1,X,variation,channel,37125.85557752071,nT
2026-04-12T19:32:00.000Z,KSU1,X,variation,channel,37125.76038691347,nT
2026-04-12T19:33:00.000Z,KSU1,X,variation,channel,37125.92897922488,nT
2026-04-12T19:34:00.000Z,KSU1,X,variation,channel,37126.21296904331,nT
2026-04-12T19:35:00.000Z,KSU1,X,variation,channel,37126.50275271487,nT
2026-04-12T19:36:00.000Z,KSU1,X,variation,channel,37126.98895866612,nT
2026-04-12T19:37:00.000Z,KSU1,X,variation,channel,37126.842664962074,nT
2026-04-12T19:38:00.000Z,KSU1,X,variation,channel,37127.19287604839,nT
2026-04-12T19:39:00.000Z,KSU1,X,variation,channel,37127.011795447914,nT
2026-04-12T19:40:00.000Z,KSU1,X,variation,channel,37127.09930074112,nT
2026-04-12T19:41:00.000Z,KSU1,X,variation,channel,37127.63094220464,nT
2026-04-12T19:42:00.000Z,KSU1,X,variation,channel,37127.803876391336,nT
2026-04-12T19:43:00.000Z,KSU1,X,variation,channel,37128.19824372438,nT
2026-04-12T19:44:00.000Z,KSU1,X,variation,channel,37128.47886542583,nT
2026-04-12T19:45:00.000Z,KSU1,X,variation,channel,37128.62156276788,nT
2026-04-12T19:46:00.000Z,KSU1,X,variation,channel,37128.72341701342,nT
2026-04-12T19:47:00.000Z,KSU1,X,variation,channel,37128.96793169245,nT
2026-04-12T19:48:00.000Z,KSU1,X,variation,channel,37129.11439065702,nT
2026-04-12T19:49:00.000Z,KSU1,X,variation,channel,37129.80583504097,nT
2026-04-12T19:50:00.000Z,KSU1,X,variation,channel,37130.21585853688,nT
2026-04-12T19:51:00.000Z,KSU1,X,variation,channel,37130.74805167969,nT
2026-04-12T19:52:00.000Z,KSU1,X,variation,channel,37130.53276173738,nT
2026-04-12T19:53:00.000Z,KSU1,X,variation,channel,37130.420982066935,nT
2026-04-12T19:54:00.000Z,KSU1,X,variation,channel,37129.9998982901,nT
2026-04-12T19:55:00.000Z,KSU1,X,variation,channel,37129.283845511236,nT
2026-04-12T19:56:00.000Z,KSU1,X,variation,channel,37128.97436519276,nT
2026-04-12T19:57:00.000Z,KSU1,X,variation,channel,37127.84354919225,nT
2026-04-12T19:58:00.000Z,KSU1,X,variation,channel,37127.928246884825,nT
2026-04-12T19:59:00.000Z,KSU1,X,variation,channel,37128.532763759664,nT
2026-04-12T20:00:00.000Z,KSU1,X,variation,channel,37128.462199786096,nT
2026-04-12T20:01:00.000Z,KSU1,X,variation,channel,37127.89462504713,nT
2026-04-12T20:02:00.000Z,KSU1,X,variation,channel,37127.563769015374,nT
2026-04-12T20:03:00.000Z,KSU1,X,variation,channel,37127.482029316176,nT
2026-04-12T20:04:00.000Z,KSU1,X,variation,channel,37127.09619095712,nT
2026-04-12T20:05:00.000Z,KSU1,X,variation,channel,37126.99904492297,nT
2026-04-12T20:06:00.000Z,KSU1,X,variation,channel,37126.91760035225,nT
2026-04-12T20:07:00.000Z,KSU1,X,variation,channel,37126.9669436914,nT
2026-04-12T20:08:00.000Z,KSU1,X,variation,channel,37127.05747450693,nT
2026-04-12T20:09:00.000Z,KSU1,X,variation,channel,37127.424761939685,nT
2026-04-12T20:10:00.000Z,KSU1,X,variation,channel,37127.12505399774,nT
2026-04-12T20:11:00.000Z,KSU1,X,variation,channel,37126.23068554866,nT
2026-04-12T20:12:00.000Z,KSU1,X,variation,channel,37125.92602567672,nT
2026-04-12T20:13:00.000Z,KSU1,X,variation,channel,37126.70033596472,nT
2026-04-12T20:14:00.000Z,KSU1,X,variation,channel,37126.93388645934,nT
2026-04-12T20:15:00.000Z,KSU1,X,variation,channel,37126.38953572531,nT
2026-04-12T20:16:00.000Z,KSU1,X,variation,channel,37126.587926097,nT
2026-04-12T20:17:00.000Z,KSU1,X,variation,channel,37126.66955828391,nT
2026-04-12T20:18:00.000Z,KSU1,X,variation,channel,37126.952638960356,nT
2026-04-12T20:19:00.000Z,KSU1,X,variation,channel,37127.18760472655,nT
2026-04-12T20:20:00.000Z,KSU1,X,variation,channel,37127.771155585164,nT
2026-04-12T20:21:00.000Z,KSU1,X,variation,channel,37128.48251254305,nT
2026-04-12T20:22:00.000Z,KSU1,X,variation,channel,37128.52207414797,nT
2026-04-12T20:23:00.000Z,KSU1,X,variation,channel,37128.85603934153,nT
2026-04-12T20:24:00.000Z,KSU1,X,variation,channel,37128.82874265368,nT
2026-04-12T20:25:00.000Z,KSU1,X,variation,channel,37128.853271594926,nT
2026-04-12T20:26:00.000Z,KSU1,X,variation,channel,37128.42574804005,nT
2026-04-12T20:27:00.000Z,KSU1,X,variation,channel,37128.78214435215,nT
2026-04-12T20:28:00.000Z,KSU1,X,variation,channel,37129.14854813504,nT
2026-04-12T20:29:00.000Z,KSU1,X,variation,channel,37129.507989619015,nT
2026-04-12T20:30:00.000Z,KSU1,X,variation,channel,37130.04892986775,nT
2026-04-12T20:31:00.000Z,KSU1,X,variation,channel,37130.70461689162,nT
2026-04-12T20:32:00.000Z,KSU1,X,variation,channel,37131.06849886585,nT
2026-04-12T20:33:00.000Z,KSU1,X,variation,channel,37134.91935662603,nT
2026-04-12T20:34:00.000Z,KSU1,X,variation,channel,37140.08463220031,nT
2026-04-12T20:35:00.000Z,KSU1,X,variation,channel,37140.41373408916,nT
2026-04-12T20:36:00.000Z,KSU1,X,variation,channel,37141.07962149505,nT
2026-04-12T20:37:00.000Z,KSU1,X,variation,channel,37141.64140825141,nT
2026-04-12T20:38:00.000Z,KSU1,X,variation,channel,37142.12445431935,nT
2026-04-12T20:39:00.000Z,KSU1,X,variation,channel,37142.034097763106,nT
2026-04-12T20:40:00.000Z,KSU1,X,variation,channel,37142.47209252966,nT
2026-04-12T20:41:00.000Z,KSU1,X,variation,channel,37141.75731463971,nT
2026-04-12T20:42:00.000Z,KSU1,X,variation,channel,37141.10574579867,nT
2026-04-12T20:43:00.000Z,KSU1,X,variation,channel,37141.952854784766,nT
2026-04-12T20:44:00.000Z,KSU1,X,variation,channel,37142.694801279176,nT
2026-04-12T20:45:00.000Z,KSU1,X,variation,channel,37143.27148767611,nT
2026-04-12T20:46:00.000Z,KSU1,X,variation,channel,37144.143537658325,nT
2026-04-12T20:47:00.000Z,KSU1,X,variation,channel,37144.82993054912,nT
2026-04-12T20:48:00.000Z,KSU1,X,variation,channel,37144.80931752039,nT
2026-04-12T20:49:00.000Z,KSU1,X,variation,channel,37144.644675138275,nT
2026-04-12T20:50:00.000Z,KSU1,X,variation,channel,37144.71180679344,nT
2026-04-12T20:51:00.000Z,KSU1,X,variation,channel,37144.60895532453,nT
2026-04-12T20:52:00.000Z,KSU1,X,variation,channel,37144.57237034545,nT
2026-04-12T20:53:00.000Z,KSU1,X,variation,channel,37144.67783872784,nT
2026-04-12T20:54:00.000Z,KSU1,X,variation,channel,37144.888912647664,nT
2026-04-12T20:55:00.000Z,KSU1,X,variation,channel,37144.97995252406,nT
2026-04-12T20:56:00.000Z,KSU1,X,variation,channel,37145.136535236,nT
2026-04-12T20:57:00.000Z,KSU1,X,variation,channel,37145.47890596122,nT
2026-04-12T20:58:00.000Z,KSU1,X,variation,channel,37146.362239077025,nT
2026-04-12T20:59:00.000Z,KSU1,X,variation,channel,37146.57612645246,nT
2026-04-12T21:00:00.000Z,KSU1,X,variation,channel,37146.22447044036,nT
2026-04-12T21:01:00.000Z,KSU1,X,variation,channel,37145.49683922789,nT
2026-04-12T21:02:00.000Z,KSU1,X,variation,channel,37145.47105430315,nT
2026-04-12T21:03:00.000Z,KSU1,X,variation,channel,37145.336057565495,nT
2026-04-12T21:04:00.000Z,KSU1,X,variation,channel,37145.045354510585,nT
2026-04-12T21:05:00.000Z,KSU1,X,variation,channel,37145.047770101024,nT
2026-04-12T21:06:00.000Z,KSU1,X,variation,channel,37144.80334810834,nT
2026-04-12T21:07:00.000Z,KSU1,X,variation,channel,37145.0089554753,nT
2026-04-12T21:08:00.000Z,KSU1,X,variation,channel,37145.28713901208,nT
2026-04-12T21:09:00.000Z,KSU1,X,variation,channel,37145.432595718754,nT
2026-04-12T21:10:00.000Z,KSU1,X,variation,channel,37145.58989456337,nT
2026-04-12T21:11:00.000Z,KSU1,X,variation,channel,37145.79748323553,nT
2026-04-12T21:12:00.000Z,KSU1,X,variation,channel,37145.796828057166,nT
2026-04-12T21:13:00.000Z,KSU1,X,variation,channel,37146.353329757054,nT
2026-04-12T21:14:00.000Z,KSU1,X,variation,channel,37145.422239556916,nT
2026-04-12T21:15:00.000Z,KSU1,X,variation,channel,37145.46328348232,nT
2026-04-12T21:16:00.000Z,KSU1,X,variation,channel,37146.64487445853,nT
2026-04-12T21:17:00.000Z,KSU1,X,variation,channel,37146.88360997109,nT
2026-04-12T21:18:00.000Z,KSU1,X,variation,channel,37146.828210822016,nT
2026-04-12T21:19:00.000Z,KSU1,X,variation,channel,37146.999152828124,nT
2026-04-12T21:20:00.000Z,KSU1,X,variation,channel,37146.571001887736,nT
2026-04-12T21:21:00.000Z,KSU1,X,variation,channel,37145.79656267345,nT
2026-04-12T21:22:00.000Z,KSU1,X,variation,channel,37146.18521224237,nT
2026-04-12T21:23:00.000Z,KSU1,X,variation,channel,37145.0343360661,nT
2026-04-12T21:24:00.000Z,KSU1,X,variation,channel,37145.91322109379,nT
2026-04-12T21:25:00.000Z,KSU1,X,variation,channel,37145.92435424865,nT
2026-04-12T21:26:00.000Z,KSU1,X,variation,channel,37146.5022548205,nT
2026-04-12T21:27:00.000Z,KSU1,X,variation,channel,37146.55284097439,nT
2026-04-12T21:28:00.000Z,KSU1,X,variation,channel,37146.828591413745,nT
2026-04-12T21:29:00.000Z,KSU1,X,variation,channel,37146.97526102294,nT
2026-04-12T21:30:00.000Z,KSU1,X,variation,channel,37147.20061862941,nT
2026-04-12T21:31:00.000Z,KSU1,X,variation,channel,37147.26377769622,nT
2026-04-12T21:32:00.000Z,KSU1,X,variation,channel,37147.27884054121,nT
2026-04-12T21:33:00.000Z,KSU1,X,variation,channel,37147.281647628784,nT
2026-04-12T21:34:00.000Z,KSU1,X,variation,channel,37147.17985917153,nT
2026-04-12T21:35:00.000Z,KSU1,X,variation,channel,37146.58280202777,nT
2026-04-12T21:36:00.000Z,KSU1,X,variation,channel,37146.37238136325,nT
2026-04-12T21:37:00.000Z,KSU1,X,variation,channel,37146.14870532275,nT
2026-04-12T21:38:00.000Z,KSU1,X,variation,channel,37146.56669850764,nT
2026-04-12T21:39:00.000Z,KSU1,X,variation,channel,37146.474571257015,nT
2026-04-12T21:40:00.000Z,KSU1,X,variation,channel,37146.073956557455,nT
2026-04-12T21:41:00.000Z,KSU1,X,variation,channel,37146.08092034859,nT
2026-04-12T21:42:00.000Z,KSU1,X,variation,channel,37146.16899154511,nT
2026-04-12T21:43:00.000Z,KSU1,X,variation,channel,37146.70500087561,nT
2026-04-12T21:44:00.000Z,KSU1,X,variation,channel,37146.47603998415,nT
2026-04-12T21:45:00.000Z,KSU1,X,variation,channel,37146.63863078182,nT
2026-04-12T21:46:00.000Z,KSU1,X,variation,channel,37146.58559003489,nT
2026-04-12T21:47:00.000Z,KSU1,X,variation,channel,37146.916188226176,nT
2026-04-12T21:48:00.000Z,KSU1,X,variation,channel,37146.73932980321,nT
2026-04-12T21:49:00.000Z,KSU1,X,variation,channel,37146.12985169898,nT
2026-04-12T21:50:00.000Z,KSU1,X,variation,channel,37145.4371682708,nT
2026-04-12T21:51:00.000Z,KSU1,X,variation,channel,37145.60324537451,nT
2026-04-12T21:52:00.000Z,KSU1,X,variation,channel,37146.5557361984,nT
2026-04-12T21:53:00.000Z,KSU1,X,variation,channel,37147.89335689433,nT
2026-04-12T21:54:00.000Z,KSU1,X,variation,channel,37148.066529416705,nT
2026-04-12T21:55:00.000Z,KSU1,X,variation,channel,37147.951427552856,nT
2026-04-12T21:56:00.000Z,KSU1,X,variation,channel,37148.68937499127,nT
2026-04-12T21:57:00.000Z,KSU1,X,variation,channel,37148.21356131141,nT
2026-04-12T21:58:00.000Z,KSU1,X,variation,channel,37149.62878901532,nT
2026-04-12T21:59:00.000Z,KSU1,X,variation,channel,37150.1215205265,nT
2026-04-12T22:00:00.000Z,KSU1,X,variation,channel,37150.898922840206,nT
2026-04-12T22:01:00.000Z,KSU1,X,variation,channel,37151.3295561701,nT
2026-04-12T22:02:00.000Z,KSU1,X,variation,channel,37152.300746457135,nT
2026-04-12T22:03:00.000Z,KSU1,X,variation,channel,37154.35351706896,nT
2026-04-12T22:04:00.000Z,KSU1,X,variation,channel,37156.49216154721,nT
2026-04-12T22:05:00.000Z,KSU1,X,variation,channel,37158.18733274902,nT
2026-04-12T22:06:00.000Z,KSU1,X,variation,channel,37159.215552587964,nT
2026-04-12T22:07:00.000Z,KSU1,X,variation,channel,37159.62918347135,nT
2026-04-12T22:08:00.000Z,KSU1,X,variation,channel,37160.345675175304,nT
2026-04-12T22:09:00.000Z,KSU1,X,variation,channel,37161.25839822689,nT
2026-04-12T22:10:00.000Z,KSU1,X,variation,channel,37161.58037763573,nT
2026-04-12T22:11:00.000Z,KSU1,X,variation,channel,37161.84530034716,nT
2026-04-12T22:12:00.000Z,KSU1,X,variation,channel,37160.25204872284,nT
2026-04-12T22:13:00.000Z,KSU1,X,variation,channel,37157.791681079405,nT
2026-04-12T22:14:00.000Z,KSU1,X,variation,channel,37156.55477822073,nT
2026-04-12T22:15:00.000Z,KSU1,X,variation,channel,37156.25520276129,nT
2026-04-12T22:16:00.000Z,KSU1,X,variation,channel,37155.33582343343,nT
2026-04-12T22:17:00.000Z,KSU1,X,variation,channel,37154.03239302008,nT
2026-04-12T22:18:00.000Z,KSU1,X,variation,channel,37153.60483523422,nT
2026-04-12T22:19:00.000Z,KSU1,X,variation,channel,37153.16970178969,nT
2026-04-12T22:20:00.000Z,KSU1,X,variation,channel,37153.09069363121,nT
2026-04-12T22:21:00.000Z,KSU1,X,variation,channel,37152.83223300012,nT
2026-04-12T22:22:00.000Z,KSU1,X,variation,channel,37153.67157736965,nT
2026-04-12T22:23:00.000Z,KSU1,X,variation,channel,37154.91391252328,nT
2026-04-12T22:24:00.000Z,KSU1,X,variation,channel,37155.418559720565,nT
2026-04-12T22:25:00.000Z,KSU1,X,variation,channel,37155.83147296371,nT
2026-04-12T22:26:00.000Z,KSU1,X,variation,channel,37155.67422292603,nT
2026-04-12T22:27:00.000Z,KSU1,X,variation,channel,37155.70122999143,nT
2026-04-12T22:28:00.000Z,KSU1,X,variation,channel,37155.70165739129,nT
2026-04-12T22:29:00.000Z,KSU1,X,variation,channel,37156.24552310831,nT
2026-04-12T22:30:00.000Z,KSU1,X,variation,channel,37156.08355855493,nT
2026-04-12T22:31:00.000Z,KSU1,X,variation,channel,37157.234549750676,nT
2026-04-12T22:32:00.000Z,KSU1,X,variation,channel,37157.66815000727,nT
2026-04-12T22:33:00.000Z,KSU1,X,variation,channel,37156.83227392786,nT
2026-04-12T22:34:00.000Z,KSU1,X,variation,channel,37155.55993722061,nT
2026-04-12T22:35:00.000Z,KSU1,X,variation,channel,37155.5452446296,nT
2026-04-12T22:36:00.000Z,KSU1,X,variation,channel,37155.71360967664,nT
2026-04-12T22:37:00.000Z,KSU1,X,variation,channel,37155.71138290816,nT
2026-04-12T22:38:00.000Z,KSU1,X,variation,channel,37155.92484160069,nT
2026-04-12T22:39:00.000Z,KSU1,X,variation,channel,37156.03374149,nT
2026-04-12T22:40:00.000Z,KSU1,X,variation,channel,37155.311640957945,nT
2026-04-12T22:41:00.000Z,KSU1,X,variation,channel,37154.89668474172,nT
2026-04-12T22:42:00.000Z,KSU1,X,variation,channel,37155.80750258477,nT
2026-04-12T22:43:00.000Z,KSU1,X,variation,channel,37156.66560591641,nT
2026-04-12T22:44:00.000Z,KSU1,X,variation,channel,37156.8623580767,nT
2026-04-12T22:45:00.000Z,KSU1,X,variation,channel,37156.594442446876,nT
2026-04-12T22:46:00.000Z,KSU1,X,variation,channel,37156.5232370851,nT
2026-04-12T22:47:00.000Z,KSU1,X,variation,channel,37156.172743147734,nT
2026-04-12T22:48:00.000Z,KSU1,X,variation,channel,37156.82275734823,nT
2026-04-12T22:49:00.000Z,KSU1,X,variation,channel,37157.155198834946,nT
2026-04-12T22:50:00.000Z,KSU1,X,variation,channel,37157.20816306257,nT
2026-04-12T22:51:00.000Z,KSU1,X,variation,channel,37157.55336383656,nT
2026-04-12T22:52:00.000Z,KSU1,X,variation,channel,37157.46061583759,nT
2026-04-12T22:53:00.000Z,KSU1,X,variation,channel,37157.2594402704,nT
2026-04-12T22:54:00.000Z,KSU1,X,variation,channel,37157.45779595824,nT
2026-04-12T22:55:00.000Z,KSU1,X,variation,channel,37157.18631431103,nT
2026-04-12T22:56:00.000Z,KSU1,X,variation,channel,37157.004383693624,nT
2026-04-12T22:57:00.000Z,KSU1,X,variation,channel,37156.91171881465,nT
2026-04-12T22:58:00.000Z,KSU1,X,variation,channel,37156.36965500573,nT
2026-04-12T22:59:00.000Z,KSU1,X,variation,channel,37156.55339007616,nT
2026-04-12T23:00:00.000Z,KSU1,X,variation,channel,37156.56100703751,nT
2026-04-12T23:01:00.000Z,KSU1,X,variation,channel,37157.4749027442,nT
2026-04-12T23:02:00.000Z,KSU1,X,variation,channel,37157.94368653851,nT
2026-04-12T23:03:00.000Z,KSU1,X,variation,channel,37157.9773406116,nT
2026-04-12T23:04:00.000Z,KSU1,X,variation,channel,37158.22037192772,nT
2026-04-12T23:05:00.000Z,KSU1,X,variation,channel,37158.70180463687,nT
2026-04-12T23:06:00.000Z,KSU1,X,variation,channel,37158.63342797219,nT
2026-04-12T23:07:00.000Z,KSU1,X,variation,channel,37158.85866129502,nT
2026-04-12T23:08:00.000Z,KSU1,X,variation,channel,37159.008042498834,nT
2026-04-12T23:09:00.000Z,KSU1,X,variation,channel,37158.99943614623,nT
2026-04-12T23:10:00.000Z,KSU1,X,variation,channel,37159.31648417202,nT
2026-04-12T23:11:00.000Z,KSU1,X,variation,channel,37159.46680085152,nT
2026-04-12T23:12:00.000Z,KSU1,X,variation,channel,37159.53060645234,nT
2026-04-12T23:13:00.000Z,KSU1,X,variation,channel,37159.55152379627,nT
2026-04-12T23:14:00.000Z,KSU1,X,variation,channel,37159.095291418154,nT
2026-04-12T23:15:00.000Z,KSU1,X,variation,channel,37158.94270579068,nT
2026-04-12T23:16:00.000Z,KSU1,X,variation,channel,37159.41284759448,nT
2026-04-12T23:17:00.000Z,KSU1,X,variation,channel,37160.13280969429,nT
2026-04-12T23:18:00.000Z,KSU1,X,variation,channel,37160.942570703264,nT
2026-04-12T23:19:00.000Z,KSU1,X,variation,channel,37161.468652022995,nT
2026-04-12T23:20:00.000Z,KSU1,X,variation,channel,37161.90491299232,nT
2026-04-12T23:21:00.000Z,KSU1,X,variation,channel,37162.09637957189,nT
2026-04-12T23:22:00.000Z,KSU1,X,variation,channel,37162.18125836507,nT
2026-04-12T23:23:00.000Z,KSU1,X,variation,channel,37162.36061789193,nT
2026-04-12T23:24:00.000Z,KSU1,X,variation,channel,37162.12921182414,nT
2026-04-12T23:25:00.000Z,KSU1,X,variation,channel,37162.072355025506,nT
2026-04-12T23:26:00.000Z,KSU1,X,variation,channel,37162.30299765671,nT
2026-04-12T23:27:00.000Z,KSU1,X,variation,channel,37161.899076229434,nT
2026-04-12T23:28:00.000Z,KSU1,X,variation,channel,37162.07962232025,nT
2026-04-12T23:29:00.000Z,KSU1,X,variation,channel,37162.208330574904,nT
2026-04-12T23:30:00.000Z,KSU1,X,variation,channel,37162.2442794269,nT
2026-04-12T23:31:00.000Z,KSU1,X,variation,channel,37162.34827956394,nT
2026-04-12T23:32:00.000Z,KSU1,X,variation,channel,37162.39436511818,nT
2026-04-12T23:33:00.000Z,KSU1,X,variation,channel,37162.66362718205,nT
2026-04-12T23:34:00.000Z,KSU1,X,variation,channel,37162.573133740676,nT
2026-04-12T23:35:00.000Z,KSU1,X,variation,channel,37162.772326553495,nT
2026-04-12T23:36:00.000Z,KSU1,X,variation,channel,37163.19218710065,nT
2026-04-12T23:37:00.000Z,KSU1,X,variation,channel,37163.66403280629,nT
2026-04-12T23:38:00.000Z,KSU1,X,variation,channel,37164.321237838376,nT
2026-04-12T23:39:00.000Z,KSU1,X,variation,channel,37164.79856300617,nT
2026-04-12T23:40:00.000Z,KSU1,X,variation,channel,37164.53581271406,nT
2026-04-12T23:41:00.000Z,KSU1,X,variation,channel,37164.326721992904,nT
2026-04-12T23:42:00.000Z,KSU1,X,variation,channel,37164.281799418815,nT
2026-04-12T23:43:00.000Z,KSU1,X,variation,channel,37164.485265613956,nT
2026-04-12T23:44:00.000Z,KSU1,X,variation,channel,37164.49901001506,nT
2026-04-12T23:45:00.000Z,KSU1,X,variation,channel,37164.73289395232,nT
2026-04-12T23:46:00.000Z,KSU1,X,variation,channel,37164.63363214252,nT
2026-04-12T23:47:00.000Z,KSU1,X,variation,channel,37164.897633607376,nT
2026-04-12T23:48:00.000Z,KSU1,X,variation,channel,37164.5674986938,nT
2026-04-12T23:49:00.000Z,KSU1,X,variation,channel,37164.112510537314,nT
2026-04-12T23:50:00.000Z,KSU1,X,variation,channel,37164.351560949115,nT
2026-04-12T23:51:00.000Z,KSU1,X,variation,channel,37164.87410480193,nT
2026-04-12T23:52:00.000Z,KSU1,X,variation,channel,37165.02759465682,nT
2026-04-12T23:53:00.000Z,KSU1,X,variation,channel,37164.64428759032,nT
2026-04-12T23:54:00.000Z,KSU1,X,variation,channel,37164.60162082824,nT
2026-04-12T23:55:00.000Z,KSU1,X,variation,channel,37164.81255470346,nT
2026-04-12T23:56:00.000Z,KSU1,X,variation,channel,37164.65021419243,nT
2026-04-12T23:57:00.000Z,KSU1,X,variation,channel,37164.63516404273,nT
2026-04-12T23:58:00.000Z,KSU1,X,variation,channel,37164.417120896884,nT
2026-04-12T23:59:00.000Z,KSU1,X,variation,channel,37164.42099069986,nT
2026-04-13T00:00:00.000Z,KSU1,X,variation,channel,37163.84938164882,nT
2026-04-13T00:01:00.000Z,KSU1,X,variation,channel,37163.99161407135,nT
2026-04-13T00:02:00.000Z,KSU1,X,variation,channel,37163.98698402693,nT
2026-04-13T00:03:00.000Z,KSU1,X,variation,channel,37163.92062575354,nT
2026-04-13T00:04:00.000Z,KSU1,X,variation,channel,37163.72916827594,nT
2026-04-13T00:05:00.000Z,KSU1,X,variation,channel,37163.62118511655,nT
2026-04-13T00:06:00.000Z,KSU1,X,variation,channel,37163.52752939676,nT
2026-04-13T00:07:00.000Z,KSU1,X,variation,channel,37163.38050972605,nT
2026-04-13T00:08:00.000Z,KSU1,X,variation,channel,37163.61448563771,nT
2026-04-13T00:09:00.000Z,KSU1,X,variation,channel,37163.71130115693,nT
2026-04-13T00:10:00.000Z,KSU1,X,variation,channel,37163.742852940995,nT
2026-04-13T00:11:00.000Z,KSU1,X,variation,channel,37163.52007894145,nT
2026-04-13T00:12:00.000Z,KSU1,X,variation,channel,37163.25342695229,nT
2026-04-13T00:13:00.000Z,KSU1,X,variation,channel,37162.86704058185,nT
2026-04-13T00:14:00.000Z,KSU1,X,variation,channel,37162.73246280359,nT
2026-04-13T00:15:00.000Z,KSU1,X,variation,channel,37162.734157568986,nT
2026-04-13T00:16:00.000Z,KSU1,X,variation,channel,37162.48810039072,nT
2026-04-13T00:17:00.000Z,KSU1,X,variation,channel,37162.44990481455,nT
2026-04-13T00:18:00.000Z,KSU1,X,variation,channel,37162.740541141706,nT
2026-04-13T00:19:00.000Z,KSU1,X,variation,channel,37162.77233289349,nT
2026-04-13T00:20:00.000Z,KSU1,X,variation,channel,37162.729801331145,nT
2026-04-13T00:21:00.000Z,KSU1,X,variation,channel,37162.830665444824,nT
2026-04-13T00:22:00.000Z,KSU1,X,variation,channel,37162.33614066047,nT
2026-04-13T00:23:00.000Z,KSU1,X,variation,channel,37162.26361901484,nT
2026-04-13T00:24:00.000Z,KSU1,X,variation,channel,37162.450367011865,nT
2026-04-13T00:25:00.000Z,KSU1,X,variation,channel,37162.33468482325,nT
2026-04-13T00:26:00.000Z,KSU1,X,variation,channel,37162.125381697326,nT
2026-04-13T00:27:00.000Z,KSU1,X,variation,channel,37162.30201151134,nT
2026-04-13T00:28:00.000Z,KSU1,X,variation,channel,37162.053747546604,nT
2026-04-13T00:29:00.000Z,KSU1,X,variation,channel,37161.68668476295,nT
2026-04-13T00:30:00.000Z,KSU1,X,variation,channel,37161.71481462193,nT
2026-04-13T00:31:00.000Z,KSU1,X,variation,channel,37161.749452838114,nT
2026-04-13T00:32:00.000Z,KSU1,X,variation,channel,37161.8762747106,nT
2026-04-13T00:33:00.000Z,KSU1,X,variation,channel,37162.18771474446,nT
2026-04-13T00:34:00.000Z,KSU1,X,variation,channel,37162.042685429944,nT
2026-04-13T00:35:00.000Z,KSU1,X,variation,channel,37161.37829991445,nT
2026-04-13T00:36:00.000Z,KSU1,X,variation,channel,37160.87137047473,nT
2026-04-13T00:37:00.000Z,KSU1,X,variation,channel,37160.742160007605,nT
2026-04-13T00:38:00.000Z,KSU1,X,variation,channel,37160.66196908398,nT
2026-04-13T00:39:00.000Z,KSU1,X,variation,channel,37160.518376284315,nT
2026-04-13T00:40:00.000Z,KSU1,X,variation,channel,37160.41558615661,nT
2026-04-13T00:41:00.000Z,KSU1,X,variation,channel,37160.41507563297,nT
2026-04-13T00:42:00.000Z,KSU1,X,variation,channel,37160.588340057635,nT
2026-04-13T00:43:00.000Z,KSU1,X,variation,channel,37161.16779059712,nT
2026-04-13T00:44:00.000Z,KSU1,X,variation,channel,37162.023569887904,nT
2026-04-13T00:45:00.000Z,KSU1,X,variation,channel,37162.205913492784,nT
2026-04-13T00:46:00.000Z,KSU1,X,variation,channel,37162.03972135887,nT
2026-04-13T00:47:00.000Z,KSU1,X,variation,channel,37162.28612200183,nT
2026-04-13T00:48:00.000Z,KSU1,X,variation,channel,37161.9607352235,nT
2026-04-13T00:49:00.000Z,KSU1,X,variation,channel,37161.4313287366,nT
2026-04-13T00:50:00.000Z,KSU1,X,variation,channel,37161.02428498152,nT
2026-04-13T00:51:00.000Z,KSU1,X,variation,channel,37160.54822447483,nT
2026-04-13T00:52:00.000Z,KSU1,X,variation,channel,37160.49349616817,nT
2026-04-13T00:53:00.000Z,KSU1,X,variation,channel,37160.555542118294,nT
2026-04-13T00:54:00.000Z,KSU1,X,variation,channel,37160.7996326517,nT
2026-04-13T00:55:00.000Z,KSU1,X,variation,channel,37161.08975557253,nT
2026-04-13T00:56:00.000Z,KSU1,X,variation,channel,37160.96200293389,nT
2026-04-13T00:57:00.000Z,KSU1,X,variation,channel,37160.67544256394,nT
2026-04-13T00:58:00.000Z,KSU1,X,variation,channel,37160.41462990599,nT
2026-04-13T00:59:00.000Z,KSU1,X,variation,channel,37160.24695544192,nT
2026-04-13T01:00:00.000Z,KSU1,X,variation,channel,37159.93296823483,nT
2026-04-13T01:01:00.000Z,KSU1,X,variation,channel,37159.59162301304,nT
2026-04-13T01:02:00.000Z,KSU1,X,variation,channel,37159.86541600404,nT
2026-04-13T01:03:00.000Z,KSU1,X,variation,channel,37160.15990501676,nT
2026-04-13T01:04:00.000Z,KSU1,X,variation,channel,37160.663045438836,nT
2026-04-13T01:05:00.000Z,KSU1,X,variation,channel,37161.14542135347,nT
2026-04-13T01:06:00.000Z,KSU1,X,variation,channel,37161.7318392738,nT
2026-04-13T01:07:00.000Z,KSU1,X,variation,channel,37162.6410771607,nT
2026-04-13T01:08:00.000Z,KSU1,X,variation,channel,37163.30300653641,nT
2026-04-13T01:09:00.000Z,KSU1,X,variation,channel,37163.510064224174,nT
2026-04-13T01:10:00.000Z,KSU1,X,variation,channel,37163.14123367789,nT
2026-04-13T01:11:00.000Z,KSU1,X,variation,channel,37162.64557176699,nT
2026-04-13T01:12:00.000Z,KSU1,X,variation,channel,37161.78240790179,nT
2026-04-13T01:13:00.000Z,KSU1,X,variation,channel,37161.00622899599,nT
2026-04-13T01:14:00.000Z,KSU1,X,variation,channel,37160.589080047626,nT
2026-04-13T01:15:00.000Z,KSU1,X,variation,channel,37159.62539118361,nT
2026-04-13T01:16:00.000Z,KSU1,X,variation,channel,37159.55541084129,nT
2026-04-13T01:17:00.000Z,KSU1,X,variation,channel,37160.5135890887,nT
2026-04-13T01:18:00.000Z,KSU1,X,variation,channel,37160.53302368395,nT
2026-04-13T01:19:00.000Z,KSU1,X,variation,channel,37160.79562597689,nT
2026-04-13T01:20:00.000Z,KSU1,X,variation,channel,37161.17504607398,nT
2026-04-13T01:21:00.000Z,KSU1,X,variation,channel,37160.979483300885,nT
2026-04-13T01:22:00.000Z,KSU1,X,variation,channel,37160.89321343746,nT
2026-04-13T01:23:00.000Z,KSU1,X,variation,channel,37160.87375000939,nT
2026-04-13T01:24:00.000Z,KSU1,X,variation,channel,37160.9323169073,nT
2026-04-13T01:25:00.000Z,KSU1,X,variation,channel,37160.94306974423,nT
2026-04-13T01:26:00.000Z,KSU1,X,variation,channel,37160.50021093109,nT
2026-04-13T01:27:00.000Z,KSU1,X,variation,channel,37160.25787154636,nT
2026-04-13T01:28:00.000Z,KSU1,X,variation,channel,37160.361729166354,nT
2026-04-13T01:29:00.000Z,KSU1,X,variation,channel,37160.48921465312,nT
2026-04-13T01:30:00.000Z,KSU1,X,variation,channel,37160.51168814114,nT
2026-04-13T01:31:00.000Z,KSU1,X,variation,channel,37160.140821690526,nT
2026-04-13T01:32:00.000Z,KSU1,X,variation,channel,37159.81226492251,nT
2026-04-13T01:33:00.000Z,KSU1,X,variation,channel,37159.22785933164,nT
2026-04-13T01:34:00.000Z,KSU1,X,variation,channel,37158.90728783368,nT
2026-04-13T01:35:00.000Z,KSU1,X,variation,channel,37159.12136690345,nT
2026-04-13T01:36:00.000Z,KSU1,X,variation,channel,37158.94368690022,nT
2026-04-13T01:37:00.000Z,KSU1,X,variation,channel,37158.763890268776,nT
2026-04-13T01:38:00.000Z,KSU1,X,variation,channel,37158.37529655036,nT
2026-04-13T01:39:00.000Z,KSU1,X,variation,channel,37158.63300433857,nT
2026-04-13T01:40:00.000Z,KSU1,X,variation,channel,37158.35659103458,nT
2026-04-13T01:41:00.000Z,KSU1,X,variation,channel,37158.258064360765,nT
2026-04-13T01:42:00.000Z,KSU1,X,variation,channel,37158.03542296347,nT
2026-04-13T01:43:00.000Z,KSU1,X,variation,channel,37158.19803390794,nT
2026-04-13T01:44:00.000Z,KSU1,X,variation,channel,37158.14569208505,nT
2026-04-13T01:45:00.000Z,KSU1,X,variation,channel,37158.41279255334,nT
2026-04-13T01:46:00.000Z,KSU1,X,variation,channel,37158.640198695335,nT
2026-04-13T01:47:00.000Z,KSU1,X,variation,channel,37158.72773713725,nT
2026-04-13T01:48:00.000Z,KSU1,X,variation,channel,37158.801848642186,nT
2026-04-13T01:49:00.000Z,KSU1,X,variation,channel,37158.93357153017,nT
2026-04-13T01:50:00.000Z,KSU1,X,variation,channel,37158.58705419548,nT
2026-04-13T01:51:00.000Z,KSU1,X,variation,channel,37158.57902662304,nT
2026-04-13T01:52:00.000Z,KSU1,X,variation,channel,37158.55141002613,nT
2026-04-13T01:53:00.000Z,KSU1,X,variation,channel,37158.22175094528,nT
2026-04-13T01:54:00.000Z,KSU1,X,variation,channel,37158.07606435188,nT
2026-04-13T01:55:00.000Z,KSU1,X,variation,channel,37157.50469206754,nT
2026-04-13T01:56:00.000Z,KSU1,X,variation,channel,37157.56270773398,nT
2026-04-13T01:57:00.000Z,KSU1,X,variation,channel,37157.930383727784,nT
2026-04-13T01:58:00.000Z,KSU1,X,variation,channel,37157.73505026433,nT
2026-04-13T01:59:00.000Z,KSU1,X,variation,channel,37157.69197698588,nT
2026-04-13T02:00:00.000Z,KSU1,X,variation,channel,37157.58963058406,nT
2026-04-13T02:01:00.000Z,KSU1,X,variation,channel,37157.21306744514,nT
2026-04-13T02:02:00.000Z,KSU1,X,variation,channel,37157.1632491943,nT
2026-04-13T02:03:00.000Z,KSU1,X,variation,channel,37157.05565678777,nT
2026-04-13T02:04:00.000Z,KSU1,X,variation,channel,37156.33419883723,nT
2026-04-13T02:05:00.000Z,KSU1,X,variation,channel,37156.26514061525,nT
2026-04-13T02:06:00.000Z,KSU1,X,variation,channel,37156.47574911145,nT
2026-04-13T02:07:00.000Z,KSU1,X,variation,channel,37156.787925338365,nT
2026-04-13T02:08:00.000Z,KSU1,X,variation,channel,37157.50717391268,nT
2026-04-13T02:09:00.000Z,KSU1,X,variation,channel,37157.766848402534,nT
2026-04-13T02:10:00.000Z,KSU1,X,variation,channel,37157.97979070519,nT
2026-04-13T02:11:00.000Z,KSU1,X,variation,channel,37158.02558670354,nT
2026-04-13T02:12:00.000Z,KSU1,X,variation,channel,37158.030818082254,nT
2026-04-13T02:13:00.000Z,KSU1,X,variation,channel,37158.366093997814,nT
2026-04-13T02:14:00.000Z,KSU1,X,variation,channel,37158.710540063395,nT
2026-04-13T02:15:00.000Z,KSU1,X,variation,channel,37158.98497998957,nT
2026-04-13T02:16:00.000Z,KSU1,X,variation,channel,37158.98688827111,nT
2026-04-13T02:17:00.000Z,KSU1,X,variation,channel,37158.93521728121,nT
2026-04-13T02:18:00.000Z,KSU1,X,variation,channel,37159.09014183594,nT
2026-04-13T02:19:00.000Z,KSU1,X,variation,channel,37158.93365560939,nT
2026-04-13T02:20:00.000Z,KSU1,X,variation,channel,37159.0511869146,nT
2026-04-13T02:21:00.000Z,KSU1,X,variation,channel,37159.14062645804,nT
2026-04-13T02:22:00.000Z,KSU1,X,variation,channel,37159.4832701211,nT
2026-04-13T02:23:00.000Z,KSU1,X,variation,channel,37159.11809932865,nT
2026-04-13T02:24:00.000Z,KSU1,X,variation,channel,37158.882858143304,nT
2026-04-13T02:25:00.000Z,KSU1,X,variation,channel,37158.73089075814,nT
2026-04-13T02:26:00.000Z,KSU1,X,variation,channel,37158.47006172951,nT
2026-04-13T02:27:00.000Z,KSU1,X,variation,channel,37158.440704383174,nT
2026-04-13T02:28:00.000Z,KSU1,X,variation,channel,37158.72452429114,nT
2026-04-13T02:29:00.000Z,KSU1,X,variation,channel,37158.742112820546,nT
2026-04-13T02:30:00.000Z,KSU1,X,variation,channel,37158.585388347296,nT
2026-04-13T02:31:00.000Z,KSU1,X,variation,channel,37158.35114102308,nT
2026-04-13T02:32:00.000Z,KSU1,X,variation,channel,37158.13365609029,nT
2026-04-13T02:33:00.000Z,KSU1,X,variation,channel,37157.422555738325,nT
2026-04-13T02:34:00.000Z,KSU1,X,variation,channel,37157.28207330952,nT
2026-04-13T02:35:00.000Z,KSU1,X,variation,channel,37157.21833573486,nT
2026-04-13T02:36:00.000Z,KSU1,X,variation,channel,37156.99068340993,nT
2026-04-13T02:37:00.000Z,KSU1,X,variation,channel,37156.555055364246,nT
2026-04-13T02:38:00.000Z,KSU1,X,variation,channel,37156.27341179003,nT
2026-04-13T02:39:00.000Z,KSU1,X,variation,channel,37156.03505343572,nT
2026-04-13T02:40:00.000Z,KSU1,X,variation,channel,37155.81270834839,nT
2026-04-13T02:41:00.000Z,KSU1,X,variation,channel,37155.856141900236,nT
2026-04-13T02:42:00.000Z,KSU1,X,variation,channel,37156.12921763653,nT
2026-04-13T02:43:00.000Z,KSU1,X,variation,channel,37155.48206248799,nT
2026-04-13T02:44:00.000Z,KSU1,X,variation,channel,37156.025715794174,nT
2026-04-13T02:45:00.000Z,KSU1,X,variation,channel,37156.49560636459,nT
2026-04-13T02:46:00.000Z,KSU1,X,variation,channel,37156.768305683145,nT
2026-04-13T02:47:00.000Z,KSU1,X,variation,channel,37156.84058993137,nT
2026-04-13T02:48:00.000Z,KSU1,X,variation,channel,37156.96302089768,nT
2026-04-13T02:49:00.000Z,KSU1,X,variation,channel,37157.29835166488,nT
2026-04-13T02:50:00.000Z,KSU1,X,variation,channel,37157.104535101476,nT
2026-04-13T02:51:00.000Z,KSU1,X,variation,channel,37157.190635461586,nT
2026-04-13T02:52:00.000Z,KSU1,X,variation,channel,37157.10552305505,nT
2026-04-13T02:53:00.000Z,KSU1,X,variation,channel,37157.092844215265,nT
2026-04-13T02:54:00.000Z,KSU1,X,variation,channel,37157.0239902808,nT
2026-04-13T02:55:00.000Z,KSU1,X,variation,channel,37157.16914826468,nT
2026-04-13T02:56:00.000Z,KSU1,X,variation,channel,37157.219996680426,nT
2026-04-13T02:57:00.000Z,KSU1,X,variation,channel,37157.48269413032,nT
2026-04-13T02:58:00.000Z,KSU1,X,variation,channel,37157.37210632544,nT
2026-04-13T02:59:00.000Z,KSU1,X,variation,channel,37157.252432095665,nT
2026-04-13T03:00:00.000Z,KSU1,X,variation,channel,37157.2351446189,nT
2026-04-13T03:01:00.000Z,KSU1,X,variation,channel,37157.091320024454,nT
2026-04-13T03:02:00.000Z,KSU1,X,variation,channel,37157.10525556227,nT
2026-04-13T03:03:00.000Z,KSU1,X,variation,channel,37157.48558790567,nT
2026-04-13T03:04:00.000Z,KSU1,X,variation,channel,37157.25581638629,nT
2026-04-13T03:05:00.000Z,KSU1,X,variation,channel,37156.79686495188,nT
2026-04-13T03:06:00.000Z,KSU1,X,variation,channel,37156.48477642709,nT
2026-04-13T03:07:00.000Z,KSU1,X,variation,channel,37155.94842297442,nT
2026-04-13T03:08:00.000Z,KSU1,X,variation,channel,37155.6810198694,nT
2026-04-13T03:09:00.000Z,KSU1,X,variation,channel,37155.44772901351,nT
2026-04-13T03:10:00.000Z,KSU1,X,variation,channel,37155.18809046646,nT
2026-04-13T03:11:00.000Z,KSU1,X,variation,channel,37154.81522672753,nT
2026-04-13T03:12:00.000Z,KSU1,X,variation,channel,37154.839036236015,nT
2026-04-13T03:13:00.000Z,KSU1,X,variation,channel,37154.6195936441,nT
2026-04-13T03:14:00.000Z,KSU1,X,variation,channel,37154.38056437176,nT
2026-04-13T03:15:00.000Z,KSU1,X,variation,channel,37154.38742445184,nT
2026-04-13T03:16:00.000Z,KSU1,X,variation,channel,37154.03987762742,nT
2026-04-13T03:17:00.000Z,KSU1,X,variation,channel,37154.0865296449,nT
2026-04-13T03:18:00.000Z,KSU1,X,variation,channel,37154.04519915799,nT
2026-04-13T03:19:00.000Z,KSU1,X,variation,channel,37153.91799783508,nT
2026-04-13T03:20:00.000Z,KSU1,X,variation,channel,37153.85878420405,nT
2026-04-13T03:21:00.000Z,KSU1,X,variation,channel,37153.554626516285,nT
2026-04-13T03:22:00.000Z,KSU1,X,variation,channel,37153.47527054816,nT
2026-04-13T03:23:00.000Z,KSU1,X,variation,channel,37153.26186786208,nT
2026-04-13T03:24:00.000Z,KSU1,X,variation,channel,37153.019360811304,nT
2026-04-13T03:25:00.000Z,KSU1,X,variation,channel,37152.924830049524,nT
2026-04-13T03:26:00.000Z,KSU1,X,variation,channel,37152.94518958697,nT
2026-04-13T03:27:00.000Z,KSU1,X,variation,channel,37153.07125918679,nT
2026-04-13T03:28:00.000Z,KSU1,X,variation,channel,37153.15939394808,nT
2026-04-13T03:29:00.000Z,KSU1,X,variation,channel,37153.19490732816,nT
2026-04-13T03:30:00.000Z,KSU1,X,variation,channel,37153.35449811162,nT
2026-04-13T03:31:00.000Z,KSU1,X,variation,channel,37153.23338810419,nT
2026-04-13T03:32:00.000Z,KSU1,X,variation,channel,37153.36510485217,nT
2026-04-13T03:33:00.000Z,KSU1,X,variation,channel,37153.53637846931,nT
2026-04-13T03:34:00.000Z,KSU1,X,variation,channel,37153.59042142145,nT
2026-04-13T03:35:00.000Z,KSU1,X,variation,channel,37154.03560624923,nT
2026-04-13T03:36:00.000Z,KSU1,X,variation,channel,37153.5800042067,nT
2026-04-13T03:37:00.000Z,KSU1,X,variation,channel,37153.4786871505,nT
2026-04-13T03:38:00.000Z,KSU1,X,variation,channel,37154.400954455356,nT
2026-04-13T03:39:00.000Z,KSU1,X,variation,channel,37154.54886213295,nT
2026-04-13T03:40:00.000Z,KSU1,X,variation,channel,37154.55077013097,nT
2026-04-13T03:41:00.000Z,KSU1,X,variation,channel,37154.398295851526,nT
2026-04-13T03:42:00.000Z,KSU1,X,variation,channel,37154.086082102054,nT
2026-04-13T03:43:00.000Z,KSU1,X,variation,channel,37154.03292091024,nT
2026-04-13T03:44:00.000Z,KSU1,X,variation,channel,37154.0736417081,nT
2026-04-13T03:45:00.000Z,KSU1,X,variation,channel,37154.07828522734,nT
2026-04-13T03:46:00.000Z,KSU1,X,variation,channel,37154.12652520158,nT
2026-04-13T03:47:00.000Z,KSU1,X,variation,channel,37154.33820204524,nT
2026-04-13T03:48:00.000Z,KSU1,X,variation,channel,37154.62630549233,nT
2026-04-13T03:49:00.000Z,KSU1,X,variation,channel,37154.45518276302,nT
2026-04-13T03:50:00.000Z,KSU1,X,variation,channel,37154.23422952235,nT
2026-04-13T03:51:00.000Z,KSU1,X,variation,channel,37154.22446806631,nT
2026-04-13T03:52:00.000Z,KSU1,X,variation,channel,37154.12765967537,nT
2026-04-13T03:53:00.000Z,KSU1,X,variation,channel,37154.18908014437,nT
2026-04-13T03:54:00.000Z,KSU1,X,variation,channel,37154.29921580486,nT
2026-04-13T03:55:00.000Z,KSU1,X,variation,channel,37154.28555677592,nT
2026-04-13T03:56:00.000Z,KSU1,X,variation,channel,37154.65806939592,nT
2026-04-13T03:57:00.000Z,KSU1,X,variation,channel,37154.36639671524,nT
2026-04-13T03:58:00.000Z,KSU1,X,variation,channel,37154.73028102071,nT
2026-04-13T03:59:00.000Z,KSU1,X,variation,channel,37154.36987834353,nT
2026-04-13T04:00:00.000Z,KSU1,X,variation,channel,37154.63201763099,nT
2026-04-13T04:01:00.000Z,KSU1,X,variation,channel,37154.62369047769,nT
2026-04-13T04:02:00.000Z,KSU1,X,variation,channel,37154.39001835209,nT
2026-04-13T04:03:00.000Z,KSU1,X,variation,channel,37154.13881362443,nT
2026-04-13T04:04:00.000Z,KSU1,X,variation,channel,37153.9288934495,nT
2026-04-13T04:05:00.000Z,KSU1,X,variation,channel,37153.80988518762,nT
2026-04-13T04:06:00.000Z,KSU1,X,variation,channel,37153.84965019772,nT
2026-04-13T04:07:00.000Z,KSU1,X,variation,channel,37153.57217994193,nT
2026-04-13T04:08:00.000Z,KSU1,X,variation,channel,37153.643120954315,nT
2026-04-13T04:09:00.000Z,KSU1,X,variation,channel,37153.57750344976,nT
2026-04-13T04:10:00.000Z,KSU1,X,variation,channel,37152.509104799414,nT
2026-04-13T04:11:00.000Z,KSU1,X,variation,channel,37152.31414169298,nT
2026-04-13T04:12:00.000Z,KSU1,X,variation,channel,37152.7299760012,nT
2026-04-13T04:13:00.000Z,KSU1,X,variation,channel,37152.59391758236,nT
2026-04-13T04:14:00.000Z,KSU1,X,variation,channel,37152.43811791362,nT
2026-04-13T04:15:00.000Z,KSU1,X,variation,channel,37152.19466150464,nT
2026-04-13T04:16:00.000Z,KSU1,X,variation,channel,37152.340307899714,nT
2026-04-13T04:17:00.000Z,KSU1,X,variation,channel,37151.96027078261,nT
2026-04-13T04:18:00.000Z,KSU1,X,variation,channel,37152.08426859347,nT
2026-04-13T04:19:00.000Z,KSU1,X,variation,channel,37152.06572976033,nT
2026-04-13T04:20:00.000Z,KSU1,X,variation,channel,37151.745494200666,nT
2026-04-13T04:21:00.000Z,KSU1,X,variation,channel,37151.75822349077,nT
2026-04-13T04:22:00.000Z,KSU1,X,variation,channel,37151.2599093734,nT
2026-04-13T04:23:00.000Z,KSU1,X,variation,channel,37151.24068057277,nT
2026-04-13T04:24:00.000Z,KSU1,X,variation,channel,37151.38051813468,nT
2026-04-13T04:25:00.000Z,KSU1,X,variation,channel,37151.46638762428,nT
2026-04-13T04:26:00.000Z,KSU1,X,variation,channel,37151.85133856834,nT
2026-04-13T04:27:00.000Z,KSU1,X,variation,channel,37151.85409968103,nT
2026-04-13T04:28:00.000Z,KSU1,X,variation,channel,37152.34517610742,nT
2026-04-13T04:29:00.000Z,KSU1,X,variation,channel,37152.96126502806,nT
2026-04-13T04:30:00.000Z,KSU1,X,variation,channel,37152.16983753962,nT
2026-04-13T04:31:00.000Z,KSU1,X,variation,channel,37146.50860015119,nT
2026-04-13T04:32:00.000Z,KSU1,X,variation,channel,37146.03800715543,nT
2026-04-13T04:33:00.000Z,KSU1,X,variation,channel,37145.960760994014,nT
2026-04-13T04:34:00.000Z,KSU1,X,variation,channel,37145.21033231603,nT
2026-04-13T04:35:00.000Z,KSU1,X,variation,channel,37145.767763548145,nT
2026-04-13T04:36:00.000Z,KSU1,X,variation,channel,37145.99777806622,nT
2026-04-13T04:37:00.000Z,KSU1,X,variation,channel,37145.6465178708,nT
2026-04-13T04:38:00.000Z,KSU1,X,variation,channel,37145.473145868185,nT
2026-04-13T04:39:00.000Z,KSU1,X,variation,channel,37145.65054974345,nT
2026-04-13T04:40:00.000Z,KSU1,X,variation,channel,37145.30531335641,nT
2026-04-13T04:41:00.000Z,KSU1,X,variation,channel,37145.26934621209,nT
2026-04-13T04:42:00.000Z,KSU1,X,variation,channel,37145.231788644895,nT
2026-04-13T04:43:00.000Z,KSU1,X,variation,channel,37144.90162199001,nT
2026-04-13T04:44:00.000Z,KSU1,X,variation,channel,37144.795474656894,nT
2026-04-13T04:45:00.000Z,KSU1,X,variation,channel,37144.49066498308,nT
2026-04-13T04:46:00.000Z,KSU1,X,variation,channel,37144.51096710897,nT
2026-04-13T04:47:00.000Z,KSU1,X,variation,channel,37144.31710432594,nT
2026-04-13T04:48:00.000Z,KSU1,X,variation,channel,37144.701909375675,nT
2026-04-13T04:49:00.000Z,KSU1,X,variation,channel,37145.10888755494,nT
2026-04-13T04:50:00.000Z,KSU1,X,variation,channel,37145.19125940016,nT
2026-04-13T04:51:00.000Z,KSU1,X,variation,channel,37145.02288056232,nT
2026-04-13T04:52:00.000Z,KSU1,X,variation,channel,37144.8820239039,nT
2026-04-13T04:53:00.000Z,KSU1,X,variation,channel,37144.63424771523,nT
2026-04-13T04:54:00.000Z,KSU1,X,variation,channel,37144.19325750284,nT
2026-04-13T04:55:00.000Z,KSU1,X,variation,channel,37144.51089845576,nT
2026-04-13T04:56:00.000Z,KSU1,X,variation,channel,37144.375787801175,nT
2026-04-13T04:57:00.000Z,KSU1,X,variation,channel,37144.41460640259,nT
2026-04-13T04:58:00.000Z,KSU1,X,variation,channel,37144.363920308024,nT
2026-04-13T04:59:00.000Z,KSU1,X,variation,channel,37144.45824428871,nT
2026-04-13T05:00:00.000Z,KSU1,X,variation,channel,37144.179998516694,nT
2026-04-13T05:01:00.000Z,KSU1,X,variation,channel,37143.971661529795,nT
2026-04-13T05:02:00.000Z,KSU1,X,variation,channel,37144.49146306412,nT
2026-04-13T05:03:00.000Z,KSU1,X,variation,channel,37145.05259163723,nT
2026-04-13T05:04:00.000Z,KSU1,X,variation,channel,37145.79254574223,nT
2026-04-13T05:05:00.000Z,KSU1,X,variation,channel,37146.145141454,nT
2026-04-13T05:06:00.000Z,KSU1,X,variation,channel,37146.43986961389,nT
2026-04-13T05:07:00.000Z,KSU1,X,variation,channel,37146.01590219208,nT
2026-04-13T05:08:00.000Z,KSU1,X,variation,channel,37145.99155009423,nT
2026-04-13T05:09:00.000Z,KSU1,X,variation,channel,37145.83390325154,nT
2026-04-13T05:10:00.000Z,KSU1,X,variation,channel,37145.621447449135,nT
2026-04-13T05:11:00.000Z,KSU1,X,variation,channel,37145.21600957823,nT
2026-04-13T05:12:00.000Z,KSU1,X,variation,channel,37145.0948399754,nT
2026-04-13T05:13:00.000Z,KSU1,X,variation,channel,37144.87884140156,nT
2026-04-13T05:14:00.000Z,KSU1,X,variation,channel,37144.872197206285,nT
2026-04-13T05:15:00.000Z,KSU1,X,variation,channel,37144.728259002935,nT
2026-04-13T05:16:00.000Z,KSU1,X,variation,channel,37144.56806212505,nT
2026-04-13T05:17:00.000Z,KSU1,X,variation,channel,37144.27836974023,nT
2026-04-13T05:18:00.000Z,KSU1,X,variation,channel,37144.333301542756,nT
2026-04-13T05:19:00.000Z,KSU1,X,variation,channel,37144.44121422646,nT
2026-04-13T05:20:00.000Z,KSU1,X,variation,channel,37144.442302492185,nT
2026-04-13T05:21:00.000Z,KSU1,X,variation,channel,37144.268595120295,nT
2026-04-13T05:22:00.000Z,KSU1,X,variation,channel,37144.49203450563,nT
2026-04-13T05:23:00.000Z,KSU1,X,variation,channel,37144.713794263,nT
2026-04-13T05:24:00.000Z,KSU1,X,variation,channel,37144.44703102773,nT
2026-04-13T05:25:00.000Z,KSU1,X,variation,channel,37144.44321684083,nT
2026-04-13T05:26:00.000Z,KSU1,X,variation,channel,37144.27711765352,nT
2026-04-13T05:27:00.000Z,KSU1,X,variation,channel,37144.44325121071,nT
2026-04-13T05:28:00.000Z,KSU1,X,variation,channel,37144.36093762458,nT
2026-04-13T05:29:00.000Z,KSU1,X,variation,channel,37144.81588674957,nT
2026-04-13T05:30:00.000Z,KSU1,X,variation,channel,37144.854426051825,nT
2026-04-13T05:31:00.000Z,KSU1,X,variation,channel,37144.986810727874,nT
2026-04-13T05:32:00.000Z,KSU1,X,variation,channel,37145.26805604477,nT
2026-04-13T05:33:00.000Z,KSU1,X,variation,channel,37145.75303591445,nT
2026-04-13T05:34:00.000Z,KSU1,X,variation,channel,37146.07195438832,nT
2026-04-13T05:35:00.000Z,KSU1,X,variation,channel,37145.334367209405,nT
2026-04-13T05:36:00.000Z,KSU1,X,variation,channel,37146.025002393966,nT
2026-04-13T05:37:00.000Z,KSU1,X,variation,channel,37146.87182462774,nT
2026-04-13T05:38:00.000Z,KSU1,X,variation,channel,37146.80466450947,nT
2026-04-13T05:39:00.000Z,KSU1,X,variation,channel,37147.113710610975,nT
2026-04-13T05:40:00.000Z,KSU1,X,variation,channel,37147.72227871158,nT
2026-04-13T05:41:00.000Z,KSU1,X,variation,channel,37148.015222044174,nT
2026-04-13T05:42:00.000Z,KSU1,X,variation,channel,37148.225949878055,nT
2026-04-13T05:43:00.000Z,KSU1,X,variation,channel,37148.999782277555,nT
2026-04-13T05:44:00.000Z,KSU1,X,variation,channel,37149.41002750297,nT
2026-04-13T05:45:00.000Z,KSU1,X,variation,channel,37148.85697797327,nT
2026-04-13T05:46:00.000Z,KSU1,X,variation,channel,37149.336219303805,nT
2026-04-13T05:47:00.000Z,KSU1,X,variation,channel,37149.44384185262,nT
2026-04-13T05:48:00.000Z,KSU1,X,variation,channel,37149.178419274576,nT
2026-04-13T05:49:00.000Z,KSU1,X,variation,channel,37149.091153031324,nT
2026-04-13T05:50:00.000Z,KSU1,X,variation,channel,37149.63991790209,nT
2026-04-13T05:51:00.000Z,KSU1,X,variation,channel,37149.203135311735,nT
2026-04-13T05:52:00.000Z,KSU1,X,variation,channel,37149.48779340818,nT
2026-04-13T05:53:00.000Z,KSU1,X,variation,channel,37150.400592934086,nT
2026-04-13T05:54:00.000Z,KSU1,X,variation,channel,37151.100596050295,nT
2026-04-13T05:55:00.000Z,KSU1,X,variation,channel,37150.9988493198,nT
2026-04-13T05:56:00.000Z,KSU1,X,variation,channel,37151.72920779961,nT
2026-04-13T05:57:00.000Z,KSU1,X,variation,channel,37151.85143851393,nT
2026-04-13T05:58:00.000Z,KSU1,X,variation,channel,37153.8638659735,nT
2026-04-13T05:59:00.000Z,KSU1,X,variation,channel,37153.764137663056,nT
2026-04-13T06:00:00.000Z,KSU1,X,variation,channel,37153.676004882494,nT
2026-04-13T06:01:00.000Z,KSU1,X,variation,channel,37154.082115300174,nT
2026-04-13T06:02:00.000Z,KSU1,X,variation,channel,37154.00463372758,nT
2026-04-13T06:03:00.000Z,KSU1,X,variation,channel,37155.13764522885,nT
2026-04-13T06:04:00.000Z,KSU1,X,variation,channel,37155.193622237464,nT
2026-04-13T06:05:00.000Z,KSU1,X,variation,channel,37155.421593382816,nT
2026-04-13T06:06:00.000Z,KSU1,X,variation,channel,37155.39718089118,nT
2026-04-13T06:07:00.000Z,KSU1,X,variation,channel,37156.12551158712,nT
2026-04-13T06:08:00.000Z,KSU1,X,variation,channel,37155.849900536516,nT
2026-04-13T06:09:00.000Z,KSU1,X,variation,channel,37156.595248439065,nT
2026-04-13T06:10:00.000Z,KSU1,X,variation,channel,37156.19763361054,nT
2026-04-13T06:11:00.000Z,KSU1,X,variation,channel,37156.02418921439,nT
2026-04-13T06:12:00.000Z,KSU1,X,variation,channel,37156.137011254614,nT
2026-04-13T06:13:00.000Z,KSU1,X,variation,channel,37156.02302118972,nT
2026-04-13T06:14:00.000Z,KSU1,X,variation,channel,37155.44235289534,nT
2026-04-13T06:15:00.000Z,KSU1,X,variation,channel,37155.01704799264,nT
2026-04-13T06:16:00.000Z,KSU1,X,variation,channel,37154.71931281706,nT
2026-04-13T06:17:00.000Z,KSU1,X,variation,channel,37154.083843133005,nT
2026-04-13T06:18:00.000Z,KSU1,X,variation,channel,37153.72970542781,nT
2026-04-13T06:19:00.000Z,KSU1,X,variation,channel,37153.24947849974,nT
2026-04-13T06:20:00.000Z,KSU1,X,variation,channel,37153.18217642191,nT
2026-04-13T06:21:00.000Z,KSU1,X,variation,channel,37152.689596464996,nT
2026-04-13T06:22:00.000Z,KSU1,X,variation,channel,37152.74208647702,nT
2026-04-13T06:23:00.000Z,KSU1,X,variation,channel,37152.78112860684,nT
2026-04-13T06:24:00.000Z,KSU1,X,variation,channel,37152.9411882132,nT
2026-04-13T06:25:00.000Z,KSU1,X,variation,channel,37153.03183377118,nT
2026-04-13T06:26:00.000Z,KSU1,X,variation,channel,37152.98878160169,nT
2026-04-13T06:27:00.000Z,KSU1,X,variation,channel,37152.82195695655,nT
2026-04-13T06:28:00.000Z,KSU1,X,variation,channel,37152.647102034556,nT
2026-04-13T06:29:00.000Z,KSU1,X,variation,channel,37152.427930262624,nT
2026-04-13T06:30:00.000Z,KSU1,X,variation,channel,37152.46922153346,nT
2026-04-13T06:31:00.000Z,KSU1,X,variation,channel,37152.58397729597,nT
2026-04-13T06:32:00.000Z,KSU1,X,variation,channel,37152.52186084505,nT
2026-04-13T06:33:00.000Z,KSU1,X,variation,channel,37152.29623136085,nT
2026-04-13T06:34:00.000Z,KSU1,X,variation,channel,37151.92083134989,nT
2026-04-13T06:35:00.000Z,KSU1,X,variation,channel,37151.779838944974,nT
2026-04-13T06:36:00.000Z,KSU1,X,variation,channel,37151.71526450995,nT
2026-04-13T06:37:00.000Z,KSU1,X,variation,channel,37151.758152670605,nT
2026-04-13T06:38:00.000Z,KSU1,X,variation,channel,37151.895004035505,nT
2026-04-13T06:39:00.000Z,KSU1,X,variation,channel,37152.33458079739,nT
2026-04-13T06:40:00.000Z,KSU1,X,variation,channel,37151.61799367174,nT
2026-04-13T06:41:00.000Z,KSU1,X,variation,channel,37151.909772869476,nT
2026-04-13T06:42:00.000Z,KSU1,X,variation,channel,37151.849650639626,nT
2026-04-13T06:43:00.000Z,KSU1,X,variation,channel,37152.07556637014,nT
2026-04-13T06:44:00.000Z,KSU1,X,variation,channel,37152.099449005174,nT
2026-04-13T06:45:00.000Z,KSU1,X,variation,channel,37152.04726370509,nT
2026-04-13T06:46:00.000Z,KSU1,X,variation,channel,37152.17820845924,nT
2026-04-13T06:47:00.000Z,KSU1,X,variation,channel,37152.089815339175,nT
2026-04-13T06:48:00.000Z,KSU1,X,variation,channel,37152.04425325994,nT
2026-04-13T06:49:00.000Z,KSU1,X,variation,channel,37151.93999902447,nT
2026-04-13T06:50:00.000Z,KSU1,X,variation,channel,37151.2951560089,nT
2026-04-13T06:51:00.000Z,KSU1,X,variation,channel,37150.65613877071,nT
2026-04-13T06:52:00.000Z,KSU1,X,variation,channel,37150.872578487746,nT
2026-04-13T06:53:00.000Z,KSU1,X,variation,channel,37151.426503551585,nT
2026-04-13T06:54:00.000Z,KSU1,X,variation,channel,37151.29597762953,nT
2026-04-13T06:55:00.000Z,KSU1,X,variation,channel,37150.87566595248,nT
2026-04-13T06:56:00.000Z,KSU1,X,variation,channel,37150.80082480255,nT
2026-04-13T06:57:00.000Z,KSU1,X,variation,channel,37150.90318034586,nT
2026-04-13T06:58:00.000Z,KSU1,X,variation,channel,37151.0127462167,nT
2026-04-13T06:59:00.000Z,KSU1,X,variation,channel,37151.43078257222,nT
2026-04-13T07:00:00.000Z,KSU1,X,variation,channel,37151.503181930304,nT
2026-04-13T07:01:00.000Z,KSU1,X,variation,channel,37151.459970604024,nT
2026-04-13T07:02:00.000Z,KSU1,X,variation,channel,37151.44450253397,nT
2026-04-13T07:03:00.000Z,KSU1,X,variation,channel,37151.34726552623,nT
2026-04-13T07:04:00.000Z,KSU1,X,variation,channel,37151.4997755689,nT
2026-04-13T07:05:00.000Z,KSU1,X,variation,channel,37151.41607990079,nT
2026-04-13T07:06:00.000Z,KSU1,X,variation,channel,37151.46043002365,nT
2026-04-13T07:07:00.000Z,KSU1,X,variation,channel,37151.687354558206,nT
2026-04-13T07:08:00.000Z,KSU1,X,variation,channel,37151.45501679428,nT
2026-04-13T07:09:00.000Z,KSU1,X,variation,channel,37151.499108764125,nT
2026-04-13T07:10:00.000Z,KSU1,X,variation,channel,37151.27606359593,nT
2026-04-13T07:11:00.000Z,KSU1,X,variation,channel,37151.23117192733,nT
2026-04-13T07:12:00.000Z,KSU1,X,variation,channel,37151.52120742803,nT
2026-04-13T07:13:00.000Z,KSU1,X,variation,channel,37151.552459925995,nT
2026-04-13T07:14:00.000Z,KSU1,X,variation,channel,37152.487791841886,nT
2026-04-13T07:15:00.000Z,KSU1,X,variation,channel,37152.424891098,nT
2026-04-13T07:16:00.000Z,KSU1,X,variation,channel,37153.53904226479,nT
2026-04-13T07:17:00.000Z,KSU1,X,variation,channel,37153.587557985426,nT
2026-04-13T07:18:00.000Z,KSU1,X,variation,channel,37153.73961999159,nT
2026-04-13T07:19:00.000Z,KSU1,X,variation,channel,37153.777332392616,nT
2026-04-13T07:20:00.000Z,KSU1,X,variation,channel,37154.11376243784,nT
2026-04-13T07:21:00.000Z,KSU1,X,variation,channel,37154.58598739008,nT
2026-04-13T07:22:00.000Z,KSU1,X,variation,channel,37154.82604366675,nT
2026-04-13T07:23:00.000Z,KSU1,X,variation,channel,37154.71669653944,nT
2026-04-13T07:24:00.000Z,KSU1,X,variation,channel,37154.84313872034,nT
2026-04-13T07:25:00.000Z,KSU1,X,variation,channel,37155.11696995286,nT
2026-04-13T07:26:00.000Z,KSU1,X,variation,channel,37154.927553770496,nT
2026-04-13T07:27:00.000Z,KSU1,X,variation,channel,37155.21844633986,nT
2026-04-13T07:28:00.000Z,KSU1,X,variation,channel,37155.01695945933,nT
2026-04-13T07:29:00.000Z,KSU1,X,variation,channel,37154.937627976826,nT
2026-04-13T07:30:00.000Z,KSU1,X,variation,channel,37154.80142287437,nT
2026-04-13T07:31:00.000Z,KSU1,X,variation,channel,37154.43935289858,nT
2026-04-13T07:32:00.000Z,KSU1,X,variation,channel,37154.505441042216,nT
2026-04-13T07:33:00.000Z,KSU1,X,variation,channel,37154.2594753301,nT
2026-04-13T07:34:00.000Z,KSU1,X,variation,channel,37154.15419283425,nT
2026-04-13T07:35:00.000Z,KSU1,X,variation,channel,37153.74522773796,nT
2026-04-13T07:36:00.000Z,KSU1,X,variation,channel,37153.4097930491,nT
2026-04-13T07:37:00.000Z,KSU1,X,variation,channel,37153.20786952465,nT
2026-04-13T07:38:00.000Z,KSU1,X,variation,channel,37153.16216907196,nT
2026-04-13T07:39:00.000Z,KSU1,X,variation,channel,37153.12804287622,nT
2026-04-13T07:40:00.000Z,KSU1,X,variation,channel,37152.64228877846,nT
2026-04-13T07:41:00.000Z,KSU1,X,variation,channel,37152.43081576609,nT
2026-04-13T07:42:00.000Z,KSU1,X,variation,channel,37152.225038732824,nT
2026-04-13T07:43:00.000Z,KSU1,X,variation,channel,37152.24191445342,nT
2026-04-13T07:44:00.000Z,KSU1,X,variation,channel,37152.02673534793,nT
2026-04-13T07:45:00.000Z,KSU1,X,variation,channel,37152.06117101685,nT
2026-04-13T07:46:00.000Z,KSU1,X,variation,channel,37152.48778836467,nT
2026-04-13T07:47:00.000Z,KSU1,X,variation,channel,37152.254623381035,nT
2026-04-13T07:48:00.000Z,KSU1,X,variation,channel,37152.15820197245,nT
2026-04-13T07:49:00.000Z,KSU1,X,variation,channel,37152.00684127277,nT
2026-04-13T07:50:00.000Z,KSU1,X,variation,channel,37151.9956641541,nT
2026-04-13T07:51:00.000Z,KSU1,X,variation,channel,37151.91064946591,nT
2026-04-13T07:52:00.000Z,KSU1,X,variation,channel,37151.86008242868,nT
2026-04-13T07:53:00.000Z,KSU1,X,variation,channel,37151.77431841079,nT
2026-04-13T07:54:00.000Z,KSU1,X,variation,channel,37151.7957379982,nT
2026-04-13T07:55:00.000Z,KSU1,X,variation,channel,37151.69391273281,nT
2026-04-13T07:56:00.000Z,KSU1,X,variation,channel,37151.49753849307,nT
2026-04-13T07:57:00.000Z,KSU1,X,variation,channel,37151.20641654449,nT
2026-04-13T07:58:00.000Z,KSU1,X,variation,channel,37150.68138148582,nT
2026-04-13T07:59:00.000Z,KSU1,X,variation,channel,37150.544010301026,nT
2026-04-13T08:00:00.000Z,KSU1,X,variation,channel,37150.68104850434,nT
2026-04-13T08:01:00.000Z,KSU1,X,variation,channel,37150.661716424496,nT
2026-04-13T08:02:00.000Z,KSU1,X,variation,channel,37150.773102830404,nT
2026-04-13T08:03:00.000Z,KSU1,X,variation,channel,37150.6109377808,nT
2026-04-13T08:04:00.000Z,KSU1,X,variation,channel,37150.29830111253,nT
2026-04-13T08:05:00.000Z,KSU1,X,variation,channel,37150.32507509011,nT
2026-04-13T08:06:00.000Z,KSU1,X,variation,channel,37150.279989983435,nT
2026-04-13T08:07:00.000Z,KSU1,X,variation,channel,37150.26752076694,nT
2026-04-13T08:08:00.000Z,KSU1,X,variation,channel,37149.97356858778,nT
2026-04-13T08:09:00.000Z,KSU1,X,variation,channel,37149.432317576684,nT
2026-04-13T08:10:00.000Z,KSU1,X,variation,channel,37150.05629985252,nT
2026-04-13T08:11:00.000Z,KSU1,X,variation,channel,37150.22637354914,nT
2026-04-13T08:12:00.000Z,KSU1,X,variation,channel,37150.11718402884,nT
2026-04-13T08:13:00.000Z,KSU1,X,variation,channel,37149.94411161787,nT
2026-04-13T08:14:00.000Z,KSU1,X,variation,channel,37149.871091907895,nT
2026-04-13T08:15:00.000Z,KSU1,X,variation,channel,37150.02844209556,nT
2026-04-13T08:16:00.000Z,KSU1,X,variation,channel,37150.00545688889,nT
2026-04-13T08:17:00.000Z,KSU1,X,variation,channel,37150.25217615113,nT
2026-04-13T08:18:00.000Z,KSU1,X,variation,channel,37150.11927810111,nT
2026-04-13T08:19:00.000Z,KSU1,X,variation,channel,37149.97417232458,nT
2026-04-13T08:20:00.000Z,KSU1,X,variation,channel,37150.314085365215,nT
2026-04-13T08:21:00.000Z,KSU1,X,variation,channel,37149.807794311164,nT
2026-04-13T08:22:00.000Z,KSU1,X,variation,channel,37149.7665569563,nT
2026-04-13T08:23:00.000Z,KSU1,X,variation,channel,37149.81223768947,nT
2026-04-13T08:24:00.000Z,KSU1,X,variation,channel,37149.83176595318,nT
2026-04-13T08:25:00.000Z,KSU1,X,variation,channel,37149.816563513166,nT
2026-04-13T08:26:00.000Z,KSU1,X,variation,channel,37149.723687790065,nT
2026-04-13T08:27:00.000Z,KSU1,X,variation,channel,37149.53149495832,nT
2026-04-13T08:28:00.000Z,KSU1,X,variation,channel,37149.513184295065,nT
2026-04-13T08:29:00.000Z,KSU1,X,variation,channel,37149.76248889323,nT
2026-04-13T08:30:00.000Z,KSU1,X,variation,channel,37149.31674530727,nT
2026-04-13T08:31:00.000Z,KSU1,X,variation,channel,37149.465953768005,nT
2026-04-13T08:32:00.000Z,KSU1,X,variation,channel,37149.65454019687,nT
2026-04-13T08:33:00.000Z,KSU1,X,variation,channel,37149.68595959171,nT
2026-04-13T08:34:00.000Z,KSU1,X,variation,channel,37150.05176021535,nT
2026-04-13T08:35:00.000Z,KSU1,X,variation,channel,37150.15430148889,nT
2026-04-13T08:36:00.000Z,KSU1,X,variation,channel,37150.0445221941,nT
2026-04-13T08:37:00.000Z,KSU1,X,variation,channel,37150.098015511874,nT
2026-04-13T08:38:00.000Z,KSU1,X,variation,channel,37150.11417666821,nT
2026-04-13T08:39:00.000Z,KSU1,X,variation,channel,37150.37245695213,nT
2026-04-13T08:40:00.000Z,KSU1,X,variation,channel,37150.335687833016,nT
2026-04-13T08:41:00.000Z,KSU1,X,variation,channel,37150.28531290794,nT
2026-04-13T08:42:00.000Z,KSU1,X,variation,channel,37150.187768284464,nT
2026-04-13T08:43:00.000Z,KSU1,X,variation,channel,37150.303803244526,nT
2026-04-13T08:44:00.000Z,KSU1,X,variation,channel,37150.7662325398,nT
2026-04-13T08:45:00.000Z,KSU1,X,variation,channel,37151.04921760072,nT
2026-04-13T08:46:00.000Z,KSU1,X,variation,channel,37151.564791438424,nT
2026-04-13T08:47:00.000Z,KSU1,X,variation,channel,37151.922367723455,nT
2026-04-13T08:48:00.000Z,KSU1,X,variation,channel,37152.07609819362,nT
2026-04-13T08:49:00.000Z,KSU1,X,variation,channel,37152.22566130836,nT
2026-04-13T08:50:00.000Z,KSU1,X,variation,channel,37152.17070299895,nT
2026-04-13T08:51:00.000Z,KSU1,X,variation,channel,37151.969187009265,nT
2026-04-13T08:52:00.000Z,KSU1,X,variation,channel,37151.800635624,nT
2026-04-13T08:53:00.000Z,KSU1,X,variation,channel,37151.681523411644,nT
2026-04-13T08:54:00.000Z,KSU1,X,variation,channel,37151.34698729295,nT
2026-04-13T08:55:00.000Z,KSU1,X,variation,channel,37151.52768674523,nT
2026-04-13T08:56:00.000Z,KSU1,X,variation,channel,37151.13465416651,nT
2026-04-13T08:57:00.000Z,KSU1,X,variation,channel,37150.842344686986,nT
2026-04-13T08:58:00.000Z,KSU1,X,variation,channel,37150.72338586114,nT
2026-04-13T08:59:00.000Z,KSU1,X,variation,channel,37150.576999894285,nT
2026-04-13T09:00:00.000Z,KSU1,X,variation,channel,37150.18918550576,nT
2026-04-13T09:01:00.000Z,KSU1,X,variation,channel,37149.948269551096,nT
2026-04-13T09:02:00.000Z,KSU1,X,variation,channel,37150.00375005515,nT
2026-04-13T09:03:00.000Z,KSU1,X,variation,channel,37149.353895887485,nT
2026-04-13T09:04:00.000Z,KSU1,X,variation,channel,37149.21388068149,nT
2026-04-13T09:05:00.000Z,KSU1,X,variation,channel,37148.89183399543,nT
2026-04-13T09:06:00.000Z,KSU1,X,variation,channel,37148.45425489702,nT
2026-04-13T09:07:00.000Z,KSU1,X,variation,channel,37148.1704176222,nT
2026-04-13T09:08:00.000Z,KSU1,X,variation,channel,37148.13224649677,nT
2026-04-13T09:09:00.000Z,KSU1,X,variation,channel,37147.70090485667,nT
2026-04-13T09:10:00.000Z,KSU1,X,variation,channel,37147.4494018692,nT
2026-04-13T09:11:00.000Z,KSU1,X,variation,channel,37147.58781750029,nT
2026-04-13T09:12:00.000Z,KSU1,X,variation,channel,37147.356687075706,nT
2026-04-13T09:13:00.000Z,KSU1,X,variation,channel,37147.12569981635,nT
2026-04-13T09:14:00.000Z,KSU1,X,variation,channel,37147.233548725046,nT
2026-04-13T09:15:00.000Z,KSU1,X,variation,channel,37147.12249606915,nT
2026-04-13T09:16:00.000Z,KSU1,X,variation,channel,37147.14503123687,nT
2026-04-13T09:17:00.000Z,KSU1,X,variation,channel,37146.92086886861,nT
2026-04-13T09:18:00.000Z,KSU1,X,variation,channel,37147.15420455267,nT
2026-04-13T09:19:00.000Z,KSU1,X,variation,channel,37147.00620244369,nT
2026-04-13T09:20:00.000Z,KSU1,X,variation,channel,37147.35955030591,nT
2026-04-13T09:21:00.000Z,KSU1,X,variation,channel,37146.78266816155,nT
2026-04-13T09:22:00.000Z,KSU1,X,variation,channel,37147.009470799225,nT
2026-04-13T09:23:00.000Z,KSU1,X,variation,channel,37146.984535681855,nT
2026-04-13T09:24:00.000Z,KSU1,X,variation,channel,37145.97181760018,nT
2026-04-13T09:25:00.000Z,KSU1,X,variation,channel,37145.966974406896,nT
2026-04-13T09:26:00.000Z,KSU1,X,variation,channel,37147.17315484734,nT
2026-04-13T09:27:00.000Z,KSU1,X,variation,channel,37147.351201251244,nT
2026-04-13T09:28:00.000Z,KSU1,X,variation,channel,37147.170392127715,nT
2026-04-13T09:29:00.000Z,KSU1,X,variation,channel,37146.90636199418,nT
2026-04-13T09:30:00.000Z,KSU1,X,variation,channel,37147.434530546685,nT
2026-04-13T09:31:00.000Z,KSU1,X,variation,channel,37147.64142745301,nT
2026-04-13T09:32:00.000Z,KSU1,X,variation,channel,37147.73738925073,nT
2026-04-13T09:33:00.000Z,KSU1,X,variation,channel,37147.93342873371,nT
2026-04-13T09:34:00.000Z,KSU1,X,variation,channel,37147.98446694524,nT
2026-04-13T09:35:00.000Z,KSU1,X,variation,channel,37148.25932557426,nT
2026-04-13T09:36:00.000Z,KSU1,X,variation,channel,37148.719665925324,nT
2026-04-13T09:37:00.000Z,KSU1,X,variation,channel,37149.074421896476,nT
2026-04-13T09:38:00.000Z,KSU1,X,variation,channel,37149.2346107378,nT
2026-04-13T09:39:00.000Z,KSU1,X,variation,channel,37149.61173199724,nT
2026-04-13T09:40:00.000Z,KSU1,X,variation,channel,37149.985520768685,nT
2026-04-13T09:41:00.000Z,KSU1,X,variation,channel,37150.61329940047,nT
2026-04-13T09:42:00.000Z,KSU1,X,variation,channel,37150.73526233686,nT
2026-04-13T09:43:00.000Z,KSU1,X,variation,channel,37150.59916244196,nT
2026-04-13T09:44:00.000Z,KSU1,X,variation,channel,37150.51423867238,nT
2026-04-13T09:45:00.000Z,KSU1,X,variation,channel,37151.06838508395,nT
2026-04-13T09:46:00.000Z,KSU1,X,variation,channel,37151.22831895068,nT
2026-04-13T09:47:00.000Z,KSU1,X,variation,channel,37151.46410244103,nT
2026-04-13T09:48:00.000Z,KSU1,X,variation,channel,37151.22232802614,nT
2026-04-13T09:49:00.000Z,KSU1,X,variation,channel,37151.38847842468,nT
2026-04-13T09:50:00.000Z,KSU1,X,variation,channel,37151.50839538271,nT
2026-04-13T09:51:00.000Z,KSU1,X,variation,channel,37150.70364218218,nT
2026-04-13T09:52:00.000Z,KSU1,X,variation,channel,37150.84727443939,nT
2026-04-13T09:53:00.000Z,KSU1,X,variation,channel,37151.396067345275,nT
2026-04-13T09:54:00.000Z,KSU1,X,variation,channel,37151.198560738696,nT
2026-04-13T09:55:00.000Z,KSU1,X,variation,channel,37151.187886563835,nT
2026-04-13T09:56:00.000Z,KSU1,X,variation,channel,37151.16258498374,nT
2026-04-13T09:57:00.000Z,KSU1,X,variation,channel,37151.13291004831,nT
2026-04-13T09:58:00.000Z,KSU1,X,variation,channel,37151.06212110541,nT
2026-04-13T09:59:00.000Z,KSU1,X,variation,channel,37150.91895176327,nT
2026-04-13T10:00:00.000Z,KSU1,X,variation,channel,37150.680599554886,nT
2026-04-13T10:01:00.000Z,KSU1,X,variation,channel,37150.89059767925,nT
2026-04-13T10:02:00.000Z,KSU1,X,variation,channel,37150.78913477927,nT
2026-04-13T10:03:00.000Z,KSU1,X,variation,channel,37150.40234481124,nT
2026-04-13T10:04:00.000Z,KSU1,X,variation,channel,37150.36004117719,nT
2026-04-13T10:05:00.000Z,KSU1,X,variation,channel,37150.46216438851,nT
2026-04-13T10:06:00.000Z,KSU1,X,variation,channel,37150.29982336497,nT
2026-04-13T10:07:00.000Z,KSU1,X,variation,channel,37150.58724561331,nT
2026-04-13T10:08:00.000Z,KSU1,X,variation,channel,37150.83922829279,nT
2026-04-13T10:09:00.000Z,KSU1,X,variation,channel,37150.88957877925,nT
2026-04-13T10:10:00.000Z,KSU1,X,variation,channel,37151.0216113475,nT
2026-04-13T10:11:00.000Z,KSU1,X,variation,channel,37150.88362648635,nT
2026-04-13T10:12:00.000Z,KSU1,X,variation,channel,37150.88618327116,nT
2026-04-13T10:13:00.000Z,KSU1,X,variation,channel,37151.057833670355,nT
2026-04-13T10:14:00.000Z,KSU1,X,variation,channel,37151.235617501334,nT
2026-04-13T10:15:00.000Z,KSU1,X,variation,channel,37151.41353675501,nT
2026-04-13T10:16:00.000Z,KSU1,X,variation,channel,37151.356015936784,nT
2026-04-13T10:17:00.000Z,KSU1,X,variation,channel,37151.39869192936,nT
2026-04-13T10:18:00.000Z,KSU1,X,variation,channel,37151.118263557604,nT
2026-04-13T10:19:00.000Z,KSU1,X,variation,channel,37151.04094306515,nT
2026-04-13T10:20:00.000Z,KSU1,X,variation,channel,37150.89677911767,nT
2026-04-13T10:21:00.000Z,KSU1,X,variation,channel,37151.17314735045,nT
2026-04-13T10:22:00.000Z,KSU1,X,variation,channel,37151.18011804626,nT
2026-04-13T10:23:00.000Z,KSU1,X,variation,channel,37151.296363734626,nT
2026-04-13T10:24:00.000Z,KSU1,X,variation,channel,37151.1906488206,nT
2026-04-13T10:25:00.000Z,KSU1,X,variation,channel,37151.19411115297,nT
2026-04-13T10:26:00.000Z,KSU1,X,variation,channel,37151.27414520379,nT
2026-04-13T10:27:00.000Z,KSU1,X,variation,channel,37151.05200608149,nT
2026-04-13T10:28:00.000Z,KSU1,X,variation,channel,37151.049937280695,nT
2026-04-13T10:29:00.000Z,KSU1,X,variation,channel,37150.73271008614,nT
2026-04-13T10:30:00.000Z,KSU1,X,variation,channel,37150.737998937344,nT
2026-04-13T10:31:00.000Z,KSU1,X,variation,channel,37150.97891829716,nT
2026-04-13T10:32:00.000Z,KSU1,X,variation,channel,37150.4920764847,nT
2026-04-13T10:33:00.000Z,KSU1,X,variation,channel,37150.05798851686,nT
2026-04-13T10:34:00.000Z,KSU1,X,variation,channel,37149.73039601422,nT
2026-04-13T10:35:00.000Z,KSU1,X,variation,channel,37149.78444299124,nT
2026-04-13T10:36:00.000Z,KSU1,X,variation,channel,37149.64806818524,nT
2026-04-13T10:37:00.000Z,KSU1,X,variation,channel,37149.80750991497,nT
2026-04-13T10:38:00.000Z,KSU1,X,variation,channel,37149.90967600272,nT
2026-04-13T10:39:00.000Z,KSU1,X,variation,channel,37149.78787493609,nT
2026-04-13T10:40:00.000Z,KSU1,X,variation,channel,37149.400551477775,nT
2026-04-13T10:41:00.000Z,KSU1,X,variation,channel,37149.59988109733,nT
2026-04-13T10:42:00.000Z,KSU1,X,variation,channel,37150.12272184165,nT
2026-04-13T10:43:00.000Z,KSU1,X,variation,channel,37150.16373736768,nT
2026-04-13T10:44:00.000Z,KSU1,X,variation,channel,37150.0502158197,nT
2026-04-13T10:45:00.000Z,KSU1,X,variation,channel,37150.178117223244,nT
2026-04-13T10:46:00.000Z,KSU1,X,variation,channel,37150.24473874171,nT
2026-04-13T10:47:00.000Z,KSU1,X,variation,channel,37150.09237722586,nT
2026-04-13T10:48:00.000Z,KSU1,X,variation,channel,37149.96805752853,nT
2026-04-13T10:49:00.000Z,KSU1,X,variation,channel,37149.74675485586,nT
2026-04-13T10:50:00.000Z,KSU1,X,variation,channel,37149.70420029692,nT
2026-04-13T10:51:00.000Z,KSU1,X,variation,channel,37149.86575274263,nT
2026-04-13T10:52:00.000Z,KSU1,X,variation,channel,37149.89750062124,nT
2026-04-13T10:53:00.000Z,KSU1,X,variation,channel,37149.56708439661,nT
2026-04-13T10:54:00.000Z,KSU1,X,variation,channel,37149.45321864325,nT
2026-04-13T10:55:00.000Z,KSU1,X,variation,channel,37149.54306001196,nT
2026-04-13T10:56:00.000Z,KSU1,X,variation,channel,37149.30033416895,nT
2026-04-13T10:57:00.000Z,KSU1,X,variation,channel,37149.43831282119,nT
2026-04-13T10:58:00.000Z,KSU1,X,variation,channel,37149.38029373568,nT
2026-04-13T10:59:00.000Z,KSU1,X,variation,channel,37149.302394725266,nT
2026-04-13T11:00:00.000Z,KSU1,X,variation,channel,37149.33641354342,nT
2026-04-13T11:01:00.000Z,KSU1,X,variation,channel,37149.342639025876,nT
2026-04-13T11:02:00.000Z,KSU1,X,variation,channel,37149.47766907401,nT
2026-04-13T11:03:00.000Z,KSU1,X,variation,channel,37149.528914219765,nT
2026-04-13T11:04:00.000Z,KSU1,X,variation,channel,37149.6713649301,nT
2026-04-13T11:05:00.000Z,KSU1,X,variation,channel,37150.222193706875,nT
2026-04-13T11:06:00.000Z,KSU1,X,variation,channel,37150.062594246934,nT
2026-04-13T11:07:00.000Z,KSU1,X,variation,channel,37150.37300999813,nT
2026-04-13T11:08:00.000Z,KSU1,X,variation,channel,37150.5128474503,nT
2026-04-13T11:09:00.000Z,KSU1,X,variation,channel,37150.78027736321,nT
2026-04-13T11:10:00.000Z,KSU1,X,variation,channel,37150.32898779063,nT
2026-04-13T11:11:00.000Z,KSU1,X,variation,channel,37150.556945225355,nT
2026-04-13T11:12:00.000Z,KSU1,X,variation,channel,37150.13749515114,nT
2026-04-13T11:13:00.000Z,KSU1,X,variation,channel,37149.58234260823,nT
2026-04-13T11:14:00.000Z,KSU1,X,variation,channel,37149.49632742978,nT
2026-04-13T11:15:00.000Z,KSU1,X,variation,channel,37149.12875770312,nT
2026-04-13T11:16:00.000Z,KSU1,X,variation,channel,37149.10723684645,nT
2026-04-13T11:17:00.000Z,KSU1,X,variation,channel,37149.0265119252,nT
2026-04-13T11:18:00.000Z,KSU1,X,variation,channel,37149.20041371633,nT
2026-04-13T11:19:00.000Z,KSU1,X,variation,channel,37149.358756997746,nT
2026-04-13T11:20:00.000Z,KSU1,X,variation,channel,37149.24921148176,nT
2026-04-13T11:21:00.000Z,KSU1,X,variation,channel,37149.320974408365,nT
2026-04-13T11:22:00.000Z,KSU1,X,variation,channel,37149.287593797526,nT
2026-04-13T11:23:00.000Z,KSU1,X,variation,channel,37149.44653942765,nT
2026-04-13T11:24:00.000Z,KSU1,X,variation,channel,37149.272900026386,nT
2026-04-13T11:25:00.000Z,KSU1,X,variation,channel,37149.389506307016,nT
2026-04-13T11:26:00.000Z,KSU1,X,variation,channel,37149.403462693714,nT
2026-04-13T11:27:00.000Z,KSU1,X,variation,channel,37149.47627249587,nT
2026-04-13T11:28:00.000Z,KSU1,X,variation,channel,37149.40209170791,nT
2026-04-13T11:29:00.000Z,KSU1,X,variation,channel,37149.542958550184,nT
2026-04-13T11:30:00.000Z,KSU1,X,variation,channel,37149.7439906338,nT
2026-04-13T11:31:00.000Z,KSU1,X,variation,channel,37149.73230834884,nT
2026-04-13T11:32:00.000Z,KSU1,X,variation,channel,37150.12129810423,nT
2026-04-13T11:33:00.000Z,KSU1,X,variation,channel,37150.21313773135,nT
2026-04-13T11:34:00.000Z,KSU1,X,variation,channel,37150.15106129613,nT
2026-04-13T11:35:00.000Z,KSU1,X,variation,channel,37150.038208578975,nT
2026-04-13T11:36:00.000Z,KSU1,X,variation,channel,37150.03815920757,nT
2026-04-13T11:37:00.000Z,KSU1,X,variation,channel,37150.44290567897,nT
2026-04-13T11:38:00.000Z,KSU1,X,variation,channel,37150.551527000986,nT
2026-04-13T11:39:00.000Z,KSU1,X,variation,channel,37150.49744106691,nT
2026-04-13T11:40:00.000Z,KSU1,X,variation,channel,37150.481605880515,nT
2026-04-13T11:41:00.000Z,KSU1,X,variation,channel,37150.38750291173,nT
2026-04-13T11:42:00.000Z,KSU1,X,variation,channel,37150.25541086268,nT
2026-04-13T11:43:00.000Z,KSU1,X,variation,channel,37150.3177942026,nT
2026-04-13T11:44:00.000Z,KSU1,X,variation,channel,37150.084935895444,nT
2026-04-13T11:45:00.000Z,KSU1,X,variation,channel,37150.27096034683,nT
2026-04-13T11:46:00.000Z,KSU1,X,variation,channel,37149.91251699693,nT
2026-04-13T11:47:00.000Z,KSU1,X,variation,channel,37149.63867813575,nT
2026-04-13T11:48:00.000Z,KSU1,X,variation,channel,37149.569456887264,nT
2026-04-13T11:49:00.000Z,KSU1,X,variation,channel,37149.52525723497,nT
2026-04-13T11:50:00.000Z,KSU1,X,variation,channel,37149.1344698001,nT
2026-04-13T11:51:00.000Z,KSU1,X,variation,channel,37148.93815533141,nT
2026-04-13T11:52:00.000Z,KSU1,X,variation,channel,37148.791865939726,nT
2026-04-13T11:53:00.000Z,KSU1,X,variation,channel,37147.63727861204,nT
2026-04-13T11:54:00.000Z,KSU1,X,variation,channel,37147.95381377685,nT
2026-04-13T11:55:00.000Z,KSU1,X,variation,channel,37148.47577207832,nT
2026-04-13T11:56:00.000Z,KSU1,X,variation,channel,37148.43368866983,nT
2026-04-13T11:57:00.000Z,KSU1,X,variation,channel,37148.45961095275,nT
2026-04-13T11:58:00.000Z,KSU1,X,variation,channel,37148.091658403166,nT
2026-04-13T11:59:00.000Z,KSU1,X,variation,channel,37147.99628214482,nT
2026-04-13T12:00:00.000Z,KSU1,X,variation,channel,37147.88844564615,nT
2026-04-13T12:01:00.000Z,KSU1,X,variation,channel,37147.73108177237,nT
2026-04-13T12:02:00.000Z,KSU1,X,variation,channel,37147.838953131104,nT
2026-04-13T12:03:00.000Z,KSU1,X,variation,channel,37148.557057546626,nT
2026-04-13T12:04:00.000Z,KSU1,X,variation,channel,37148.288211772626,nT
2026-04-13T12:05:00.000Z,KSU1,X,variation,channel,37148.60314690413,nT
2026-04-13T12:06:00.000Z,KSU1,X,variation,channel,37148.55750530917,nT
2026-04-13T12:07:00.000Z,KSU1,X,variation,channel,37148.786252684455,nT
2026-04-13T12:08:00.000Z,KSU1,X,variation,channel,37149.137936656734,nT
2026-04-13T12:09:00.000Z,KSU1,X,variation,channel,37149.092179004336,nT
2026-04-13T12:10:00.000Z,KSU1,X,variation,channel,37149.114239361224,nT
2026-04-13T12:11:00.000Z,KSU1,X,variation,channel,37149.18254905396,nT
2026-04-13T12:12:00.000Z,KSU1,X,variation,channel,37148.87056050369,nT
2026-04-13T12:13:00.000Z,KSU1,X,variation,channel,37148.564774414626,nT
2026-04-13T12:14:00.000Z,KSU1,X,variation,channel,37148.383960268446,nT
2026-04-13T12:15:00.000Z,KSU1,X,variation,channel,37148.347595206185,nT
2026-04-13T12:16:00.000Z,KSU1,X,variation,channel,37148.15451264073,nT
2026-04-13T12:17:00.000Z,KSU1,X,variation,channel,37147.94948765147,nT
2026-04-13T12:18:00.000Z,KSU1,X,variation,channel,37148.037249339264,nT
2026-04-13T12:19:00.000Z,KSU1,X,variation,channel,37148.08319936601,nT
2026-04-13T12:20:00.000Z,KSU1,X,variation,channel,37148.16141771714,nT
2026-04-13T12:21:00.000Z,KSU1,X,variation,channel,37148.0489993141,nT
2026-04-13T12:22:00.000Z,KSU1,X,variation,channel,37147.77204246343,nT
2026-04-13T12:23:00.000Z,KSU1,X,variation,channel,37147.69058115723,nT
2026-04-13T12:24:00.000Z,KSU1,X,variation,channel,37147.69871405833,nT
2026-04-13T12:25:00.000Z,KSU1,X,variation,channel,37147.567074400205,nT
2026-04-13T12:26:00.000Z,KSU1,X,variation,channel,37147.59271144797,nT
2026-04-13T12:27:00.000Z,KSU1,X,variation,channel,37147.298332388484,nT
2026-04-13T12:28:00.000Z,KSU1,X,variation,channel,37147.159814996645,nT
2026-04-13T12:29:00.000Z,KSU1,X,variation,channel,37146.94618752152,nT
2026-04-13T12:30:00.000Z,KSU1,X,variation,channel,37146.902027776756,nT
2026-04-13T12:31:00.000Z,KSU1,X,variation,channel,37147.17984461361,nT
2026-04-13T12:32:00.000Z,KSU1,X,variation,channel,37146.766261524695,nT
2026-04-13T12:33:00.000Z,KSU1,X,variation,channel,37146.54174991554,nT
2026-04-13T12:34:00.000Z,KSU1,X,variation,channel,37146.76497818043,nT
2026-04-13T12:35:00.000Z,KSU1,X,variation,channel,37146.668510347,nT
2026-04-13T12:36:00.000Z,KSU1,X,variation,channel,37146.637434751545,nT
2026-04-13T12:37:00.000Z,KSU1,X,variation,channel,37146.6687107235,nT
2026-04-13T12:38:00.000Z,KSU1,X,variation,channel,37146.60832075452,nT
2026-04-13T12:39:00.000Z,KSU1,X,variation,channel,37146.61973644336,nT
2026-04-13T12:40:00.000Z,KSU1,X,variation,channel,37147.015643362574,nT
2026-04-13T12:41:00.000Z,KSU1,X,variation,channel,37146.85707931741,nT
2026-04-13T12:42:00.000Z,KSU1,X,variation,channel,37146.81610136311,nT
2026-04-13T12:43:00.000Z,KSU1,X,variation,channel,37146.94953156677,nT
2026-04-13T12:44:00.000Z,KSU1,X,variation,channel,37147.06575020703,nT
2026-04-13T12:45:00.000Z,KSU1,X,variation,channel,37147.115665105026,nT
2026-04-13T12:46:00.000Z,KSU1,X,variation,channel,37146.82488828707,nT
2026-04-13T12:47:00.000Z,KSU1,X,variation,channel,37146.78420380715,nT
2026-04-13T12:48:00.000Z,KSU1,X,variation,channel,37146.080055286926,nT
2026-04-13T12:49:00.000Z,KSU1,X,variation,channel,37145.82136046412,nT
2026-04-13T12:50:00.000Z,KSU1,X,variation,channel,37145.97243987195,nT
2026-04-13T12:51:00.000Z,KSU1,X,variation,channel,37146.09235484058,nT
2026-04-13T12:52:00.000Z,KSU1,X,variation,channel,37146.17539155899,nT
2026-04-13T12:53:00.000Z,KSU1,X,variation,channel,37146.12573922705,nT
2026-04-13T12:54:00.000Z,KSU1,X,variation,channel,37145.86769636427,nT
2026-04-13T12:55:00.000Z,KSU1,X,variation,channel,37145.97860015069,nT
2026-04-13T12:56:00.000Z,KSU1,X,variation,channel,37145.902642994,nT
2026-04-13T12:57:00.000Z,KSU1,X,variation,channel,37145.8591062388,nT
2026-04-13T12:58:00.000Z,KSU1,X,variation,channel,37145.65262568666,nT
2026-04-13T12:59:00.000Z,KSU1,X,variation,channel,37145.3679346527,nT
2026-04-13T13:00:00.000Z,KSU1,X,variation,channel,37145.42554277662,nT
2026-04-13T13:01:00.000Z,KSU1,X,variation,channel,37145.10145186154,nT
2026-04-13T13:02:00.000Z,KSU1,X,variation,channel,37145.043569634334,nT
2026-04-13T13:03:00.000Z,KSU1,X,variation,channel,37144.05241932065,nT
2026-04-13T13:04:00.000Z,KSU1,X,variation,channel,37144.141258183474,nT
2026-04-13T13:05:00.000Z,KSU1,X,variation,channel,37145.001583691635,nT
2026-04-13T13:06:00.000Z,KSU1,X,variation,channel,37144.950065643265,nT
2026-04-13T13:07:00.000Z,KSU1,X,variation,channel,37144.71932957098,nT
2026-04-13T13:08:00.000Z,KSU1,X,variation,channel,37145.21931905613,nT
2026-04-13T13:09:00.000Z,KSU1,X,variation,channel,37144.5749653138,nT
2026-04-13T13:10:00.000Z,KSU1,X,variation,channel,37144.40963706149,nT
2026-04-13T13:11:00.000Z,KSU1,X,variation,channel,37143.957793812326,nT
2026-04-13T13:12:00.000Z,KSU1,X,variation,channel,37143.675799112796,nT
2026-04-13T13:13:00.000Z,KSU1,X,variation,channel,37143.229534775186,nT
2026-04-13T13:14:00.000Z,KSU1,X,variation,channel,37143.433002696365,nT
2026-04-13T13:15:00.000Z,KSU1,X,variation,channel,37143.721155703526,nT
2026-04-13T13:16:00.000Z,KSU1,X,variation,channel,37143.707583462376,nT
2026-04-13T13:17:00.000Z,KSU1,X,variation,channel,37143.59943321072,nT
2026-04-13T13:18:00.000Z,KSU1,X,variation,channel,37144.220603322494,nT
2026-04-13T13:19:00.000Z,KSU1,X,variation,channel,37144.24222199668,nT
2026-04-13T13:20:00.000Z,KSU1,X,variation,channel,37144.32274965662,nT
2026-04-13T13:21:00.000Z,KSU1,X,variation,channel,37144.40928201775,nT
2026-04-13T13:22:00.000Z,KSU1,X,variation,channel,37143.92111193328,nT
2026-04-13T13:23:00.000Z,KSU1,X,variation,channel,37143.79057714577,nT
2026-04-13T13:24:00.000Z,KSU1,X,variation,channel,37143.93800656383,nT
2026-04-13T13:25:00.000Z,KSU1,X,variation,channel,37143.58242314134,nT
2026-04-13T13:26:00.000Z,KSU1,X,variation,channel,37143.77760604522,nT
2026-04-13T13:27:00.000Z,KSU1,X,variation,channel,37143.84397604337,nT
2026-04-13T13:28:00.000Z,KSU1,X,variation,channel,37143.97461978466,nT
2026-04-13T13:29:00.000Z,KSU1,X,variation,channel,37144.3267153227,nT
2026-04-13T13:30:00.000Z,KSU1,X,variation,channel,37143.876571914225,nT
2026-04-13T13:31:00.000Z,KSU1,X,variation,channel,37143.60178562191,nT
2026-04-13T13:32:00.000Z,KSU1,X,variation,channel,37144.094056610425,nT
2026-04-13T13:33:00.000Z,KSU1,X,variation,channel,37144.965485543486,nT
2026-04-13T13:34:00.000Z,KSU1,X,variation,channel,37145.46642036765,nT
2026-04-13T13:35:00.000Z,KSU1,X,variation,channel,37145.545003907464,nT
2026-04-13T13:36:00.000Z,KSU1,X,variation,channel,37145.720282875474,nT
2026-04-13T13:37:00.000Z,KSU1,X,variation,channel,37145.86282485009,nT
2026-04-13T13:38:00.000Z,KSU1,X,variation,channel,37145.10763650362,nT
2026-04-13T13:39:00.000Z,KSU1,X,variation,channel,37144.582650112185,nT
2026-04-13T13:40:00.000Z,KSU1,X,variation,channel,37144.16641951223,nT
2026-04-13T13:41:00.000Z,KSU1,X,variation,channel,37144.22307929907,nT
2026-04-13T13:42:00.000Z,KSU1,X,variation,channel,37144.6059935106,nT
2026-04-13T13:43:00.000Z,KSU1,X,variation,channel,37144.62098449928,nT
2026-04-13T13:44:00.000Z,KSU1,X,variation,channel,37144.582014067266,nT
2026-04-13T13:45:00.000Z,KSU1,X,variation,channel,37144.53457468933,nT
2026-04-13T13:46:00.000Z,KSU1,X,variation,channel,37144.68672206702,nT
2026-04-13T13:47:00.000Z,KSU1,X,variation,channel,37144.7608012445,nT
2026-04-13T13:48:00.000Z,KSU1,X,variation,channel,37144.463631765975,nT
2026-04-13T13:49:00.000Z,KSU1,X,variation,channel,37144.72249180524,nT
2026-04-13T13:50:00.000Z,KSU1,X,variation,channel,37144.98684654808,nT
2026-04-13T13:51:00.000Z,KSU1,X,variation,channel,37144.71111964223,nT
2026-04-13T13:52:00.000Z,KSU1,X,variation,channel,37144.52972489198,nT
2026-04-13T13:53:00.000Z,KSU1,X,variation,channel,37144.62982700058,nT
2026-04-13T13:54:00.000Z,KSU1,X,variation,channel,37144.51775073934,nT
2026-04-13T13:55:00.000Z,KSU1,X,variation,channel,37144.684583812974,nT
2026-04-13T13:56:00.000Z,KSU1,X,variation,channel,37144.45570013992,nT
2026-04-13T13:57:00.000Z,KSU1,X,variation,channel,37143.864010179335,nT
2026-04-13T13:58:00.000Z,KSU1,X,variation,channel,37143.62631128674,nT
2026-04-13T13:59:00.000Z,KSU1,X,variation,channel,37143.14449136765,nT
2026-04-13T14:00:00.000Z,KSU1,X,variation,channel,37142.82311695838,nT
2026-04-13T14:01:00.000Z,KSU1,X,variation,channel,37142.743925098555,nT
2026-04-13T14:02:00.000Z,KSU1,X,variation,channel,37142.3443554648,nT
2026-04-13T14:03:00.000Z,KSU1,X,variation,channel,37142.06666366065,nT
2026-04-13T14:04:00.000Z,KSU1,X,variation,channel,37141.81608789592,nT
2026-04-13T14:05:00.000Z,KSU1,X,variation,channel,37141.42073888184,nT
2026-04-13T14:06:00.000Z,KSU1,X,variation,channel,37141.3192557769,nT
2026-04-13T14:07:00.000Z,KSU1,X,variation,channel,37141.263869146096,nT
2026-04-13T14:08:00.000Z,KSU1,X,variation,channel,37141.34876983411,nT
2026-04-13T14:09:00.000Z,KSU1,X,variation,channel,37141.42403345233,nT
2026-04-13T14:10:00.000Z,KSU1,X,variation,channel,37141.41261377298,nT
2026-04-13T14:11:00.000Z,KSU1,X,variation,channel,37140.6683409524,nT
2026-04-13T14:12:00.000Z,KSU1,X,variation,channel,37139.94367836764,nT
2026-04-13T14:13:00.000Z,KSU1,X,variation,channel,37140.322658120065,nT
2026-04-13T14:14:00.000Z,KSU1,X,variation,channel,37140.25202865396,nT
2026-04-13T14:15:00.000Z,KSU1,X,variation,channel,37139.773350125295,nT
2026-04-13T14:16:00.000Z,KSU1,X,variation,channel,37139.66105392556,nT
2026-04-13T14:17:00.000Z,KSU1,X,variation,channel,37139.65217807725,nT
2026-04-13T14:18:00.000Z,KSU1,X,variation,channel,37139.59790340729,nT
2026-04-13T14:19:00.000Z,KSU1,X,variation,channel,37139.44544053821,nT
2026-04-13T14:20:00.000Z,KSU1,X,variation,channel,37139.28062085809,nT
2026-04-13T14:21:00.000Z,KSU1,X,variation,channel,37139.14663368554,nT
2026-04-13T14:22:00.000Z,KSU1,X,variation,channel,37138.8425702986,nT
2026-04-13T14:23:00.000Z,KSU1,X,variation,channel,37138.275763412195,nT
2026-04-13T14:24:00.000Z,KSU1,X,variation,channel,37138.07498409387,nT
2026-04-13T14:25:00.000Z,KSU1,X,variation,channel,37137.79147660992,nT
2026-04-13T14:26:00.000Z,KSU1,X,variation,channel,37137.5779844808,nT
2026-04-13T14:27:00.000Z,KSU1,X,variation,channel,37137.55575260423,nT
2026-04-13T14:28:00.000Z,KSU1,X,variation,channel,37137.47351545526,nT
2026-04-13T14:29:00.000Z,KSU1,X,variation,channel,37137.39882499815,nT
2026-04-13T14:30:00.000Z,KSU1,X,variation,channel,37137.13765577713,nT
2026-04-13T14:31:00.000Z,KSU1,X,variation,channel,37136.93750256132,nT
2026-04-13T14:32:00.000Z,KSU1,X,variation,channel,37136.57118255039,nT
2026-04-13T14:33:00.000Z,KSU1,X,variation,channel,37136.29047780588,nT
2026-04-13T14:34:00.000Z,KSU1,X,variation,channel,37136.03218389139,nT
2026-04-13T14:35:00.000Z,KSU1,X,variation,channel,37135.88563037202,nT
2026-04-13T14:36:00.000Z,KSU1,X,variation,channel,37135.607145419875,nT
2026-04-13T14:37:00.000Z,KSU1,X,variation,channel,37135.519365407235,nT
2026-04-13T14:38:00.000Z,KSU1,X,variation,channel,37135.11663950117,nT
2026-04-13T14:39:00.000Z,KSU1,X,variation,channel,37134.97138695972,nT
2026-04-13T14:40:00.000Z,KSU1,X,variation,channel,37134.740238784376,nT
2026-04-13T14:41:00.000Z,KSU1,X,variation,channel,37134.46989556252,nT
2026-04-13T14:42:00.000Z,KSU1,X,variation,channel,37134.23544493056,nT
2026-04-13T14:43:00.000Z,KSU1,X,variation,channel,37133.964943915504,nT
2026-04-13T14:44:00.000Z,KSU1,X,variation,channel,37133.426737021924,nT
2026-04-13T14:45:00.000Z,KSU1,X,variation,channel,37133.33100970459,nT
2026-04-13T14:46:00.000Z,KSU1,X,variation,channel,37132.87526004895,nT
2026-04-13T14:47:00.000Z,KSU1,X,variation,channel,37132.64253393274,nT
2026-04-13T14:48:00.000Z,KSU1,X,variation,channel,37132.732137854386,nT
2026-04-13T14:49:00.000Z,KSU1,X,variation,channel,37132.276361589174,nT
2026-04-13T14:50:00.000Z,KSU1,X,variation,channel,37132.0309265896,nT
2026-04-13T14:51:00.000Z,KSU1,X,variation,channel,37131.9769479593,nT
2026-04-13T14:52:00.000Z,KSU1,X,variation,channel,37137.14190801044,nT
2026-04-13T14:53:00.000Z,KSU1,X,variation,channel,37140.266230689595,nT
2026-04-13T14:54:00.000Z,KSU1,X,variation,channel,37140.15130566736,nT
2026-04-13T14:55:00.000Z,KSU1,X,variation,channel,37140.266501480146,nT
2026-04-13T14:56:00.000Z,KSU1,X,variation,channel,37139.9135063811,nT
2026-04-13T14:57:00.000Z,KSU1,X,variation,channel,37139.62548450844,nT
2026-04-13T14:58:00.000Z,KSU1,X,variation,channel,37139.5279902733,nT
2026-04-13T14:59:00.000Z,KSU1,X,variation,channel,37139.85422597491,nT
2026-04-13T15:00:00.000Z,KSU1,X,variation,channel,37139.99097716225,nT
2026-04-13T15:01:00.000Z,KSU1,X,variation,channel,37139.584863541386,nT
2026-04-13T15:02:00.000Z,KSU1,X,variation,channel,37139.33215192452,nT
2026-04-13T15:03:00.000Z,KSU1,X,variation,channel,37139.286286088914,nT
2026-04-13T15:04:00.000Z,KSU1,X,variation,channel,37139.555251519865,nT
2026-04-13T15:05:00.000Z,KSU1,X,variation,channel,37139.0649466885,nT
2026-04-13T15:06:00.000Z,KSU1,X,variation,channel,37139.019859405016,nT
2026-04-13T15:07:00.000Z,KSU1,X,variation,channel,37138.95394436286,nT
2026-04-13T15:08:00.000Z,KSU1,X,variation,channel,37139.14157160344,nT
2026-04-13T15:09:00.000Z,KSU1,X,variation,channel,37138.6569201406,nT
2026-04-13T15:10:00.000Z,KSU1,X,variation,channel,37138.660582266966,nT
2026-04-13T15:11:00.000Z,KSU1,X,variation,channel,37138.53136379609,nT
2026-04-13T15:12:00.000Z,KSU1,X,variation,channel,37138.24536468586,nT
2026-04-13T15:13:00.000Z,KSU1,X,variation,channel,37138.39291216622,nT
2026-04-13T15:14:00.000Z,KSU1,X,variation,channel,37138.29616490594,nT
2026-04-13T15:15:00.000Z,KSU1,X,variation,channel,37138.16704683369,nT
2026-04-13T15:16:00.000Z,KSU1,X,variation,channel,37138.28971793176,nT
2026-04-13T15:17:00.000Z,KSU1,X,variation,channel,37138.45684583496,nT
2026-04-13T15:18:00.000Z,KSU1,X,variation,channel,37138.53162901568,nT
2026-04-13T15:19:00.000Z,KSU1,X,variation,channel,37137.48737272848,nT
2026-04-13T15:20:00.000Z,KSU1,X,variation,channel,37137.5444410083,nT
2026-04-13T15:21:00.000Z,KSU1,X,variation,channel,37137.836786267006,nT
2026-04-13T15:22:00.000Z,KSU1,X,variation,channel,37137.75719535247,nT
2026-04-13T15:23:00.000Z,KSU1,X,variation,channel,37137.70049745516,nT
2026-04-13T15:24:00.000Z,KSU1,X,variation,channel,37137.63120349402,nT
2026-04-13T15:25:00.000Z,KSU1,X,variation,channel,37137.76297192601,nT
2026-04-13T15:26:00.000Z,KSU1,X,variation,channel,37137.95093288365,nT
2026-04-13T15:27:00.000Z,KSU1,X,variation,channel,37138.228002557364,nT
2026-04-13T15:28:00.000Z,KSU1,X,variation,channel,37138.26561363483,nT
2026-04-13T15:29:00.000Z,KSU1,X,variation,channel,37137.94881060049,nT
2026-04-13T15:30:00.000Z,KSU1,X,variation,channel,37137.63751867582,nT
2026-04-13T15:31:00.000Z,KSU1,X,variation,channel,37137.401341360215,nT
2026-04-13T15:32:00.000Z,KSU1,X,variation,channel,37137.27929848244,nT
2026-04-13T15:33:00.000Z,KSU1,X,variation,channel,37137.40064411076,nT
2026-04-13T15:34:00.000Z,KSU1,X,variation,channel,37137.87004777615,nT
2026-04-13T15:35:00.000Z,KSU1,X,variation,channel,37137.43182753723,nT
2026-04-13T15:36:00.000Z,KSU1,X,variation,channel,37137.13766852158,nT
2026-04-13T15:37:00.000Z,KSU1,X,variation,channel,37137.833411515196,nT
2026-04-13T15:38:00.000Z,KSU1,X,variation,channel,37137.28563954376,nT
2026-04-13T15:39:00.000Z,KSU1,X,variation,channel,37136.350161046095,nT
2026-04-13T15:40:00.000Z,KSU1,X,variation,channel,37135.242094338515,nT
2026-04-13T15:41:00.000Z,KSU1,X,variation,channel,37134.94537719196,nT
2026-04-13T15:42:00.000Z,KSU1,X,variation,channel,37133.990511925214,nT
2026-04-13T15:43:00.000Z,KSU1,X,variation,channel,37133.26401454298,nT
2026-04-13T15:44:00.000Z,KSU1,X,variation,channel,37133.54273500389,nT
2026-04-13T15:45:00.000Z,KSU1,X,variation,channel,37134.20053353604,nT
2026-04-13T15:46:00.000Z,KSU1,X,variation,channel,37134.17695967799,nT
2026-04-13T15:47:00.000Z,KSU1,X,variation,channel,37134.34745246293,nT
2026-04-13T15:48:00.000Z,KSU1,X,variation,channel,37134.681783950844,nT
2026-04-13T15:49:00.000Z,KSU1,X,variation,channel,37134.7649644334,nT
2026-04-13T15:50:00.000Z,KSU1,X,variation,channel,37134.8635104536,nT
2026-04-13T15:51:00.000Z,KSU1,X,variation,channel,37134.738070090614,nT
2026-04-13T15:52:00.000Z,KSU1,X,variation,channel,37134.91695181192,nT
2026-04-13T15:53:00.000Z,KSU1,X,variation,channel,37135.015225974144,nT
2026-04-13T15:54:00.000Z,KSU1,X,variation,channel,37135.79822413984,nT
2026-04-13T15:55:00.000Z,KSU1,X,variation,channel,37136.71547881564,nT
2026-04-13T15:56:00.000Z,KSU1,X,variation,channel,37137.21160139331,nT
2026-04-13T15:57:00.000Z,KSU1,X,variation,channel,37137.55499367857,nT
2026-04-13T15:58:00.000Z,KSU1,X,variation,channel,37137.61902648585,nT
2026-04-13T15:59:00.000Z,KSU1,X,variation,channel,37137.64547807494,nT
2026-04-13T16:00:00.000Z,KSU1,X,variation,channel,37137.847819918454,nT
2026-04-13T16:01:00.000Z,KSU1,X,variation,channel,37137.98132478823,nT
2026-04-13T16:02:00.000Z,KSU1,X,variation,channel,37138.290079940125,nT
2026-04-13T16:03:00.000Z,KSU1,X,variation,channel,37138.1243159719,nT
2026-04-13T16:04:00.000Z,KSU1,X,variation,channel,37138.18172708719,nT
2026-04-13T16:05:00.000Z,KSU1,X,variation,channel,37138.17289915939,nT
2026-04-13T16:06:00.000Z,KSU1,X,variation,channel,37137.35316456568,nT
2026-04-13T16:07:00.000Z,KSU1,X,variation,channel,37137.91218534492,nT
2026-04-13T16:08:00.000Z,KSU1,X,variation,channel,37138.64887656002,nT
2026-04-13T16:09:00.000Z,KSU1,X,variation,channel,37138.80619229929,nT
2026-04-13T16:10:00.000Z,KSU1,X,variation,channel,37138.85213672467,nT
2026-04-13T16:11:00.000Z,KSU1,X,variation,channel,37139.0380223858,nT
2026-04-13T16:12:00.000Z,KSU1,X,variation,channel,37139.116939466716,nT
2026-04-13T16:13:00.000Z,KSU1,X,variation,channel,37139.18965479536,nT
2026-04-13T16:14:00.000Z,KSU1,X,variation,channel,37139.41014966215,nT
2026-04-13T16:15:00.000Z,KSU1,X,variation,channel,37139.57166564928,nT
2026-04-13T16:16:00.000Z,KSU1,X,variation,channel,37139.366593665174,nT
2026-04-13T16:17:00.000Z,KSU1,X,variation,channel,37139.387894046726,nT
2026-04-13T16:18:00.000Z,KSU1,X,variation,channel,37139.86857104644,nT
2026-04-13T16:19:00.000Z,KSU1,X,variation,channel,37139.73650029638,nT
2026-04-13T16:20:00.000Z,KSU1,X,variation,channel,37140.142058896956,nT
2026-04-13T16:21:00.000Z,KSU1,X,variation,channel,37140.068764215015,nT
2026-04-13T16:22:00.000Z,KSU1,X,variation,channel,37140.239336296,nT
2026-04-13T16:23:00.000Z,KSU1,X,variation,channel,37140.240047076484,nT
2026-04-13T16:24:00.000Z,KSU1,X,variation,channel,37140.59883356554,nT
2026-04-13T16:25:00.000Z,KSU1,X,variation,channel,37141.03780822312,nT
2026-04-13T16:26:00.000Z,KSU1,X,variation,channel,37141.025161698235,nT
2026-04-13T16:27:00.000Z,KSU1,X,variation,channel,37140.22079724299,nT
2026-04-13T16:28:00.000Z,KSU1,X,variation,channel,37141.40454710719,nT
2026-04-13T16:29:00.000Z,KSU1,X,variation,channel,37142.64457336456,nT
2026-04-13T16:30:00.000Z,KSU1,X,variation,channel,37143.38819023204,nT
2026-04-13T16:31:00.000Z,KSU1,X,variation,channel,37143.11912394458,nT
2026-04-13T16:32:00.000Z,KSU1,X,variation,channel,37143.697270135235,nT
2026-04-13T16:33:00.000Z,KSU1,X,variation,channel,37143.92457235941,nT
2026-04-13T16:34:00.000Z,KSU1,X,variation,channel,37143.82795642862,nT
2026-04-13T16:35:00.000Z,KSU1,X,variation,channel,37143.91407590355,nT
2026-04-13T16:36:00.000Z,KSU1,X,variation,channel,37144.15102978718,nT
2026-04-13T16:37:00.000Z,KSU1,X,variation,channel,37144.13612798343,nT
2026-04-13T16:38:00.000Z,KSU1,X,variation,channel,37144.188205950784,nT
2026-04-13T16:39:00.000Z,KSU1,X,variation,channel,37144.26796503607,nT
2026-04-13T16:40:00.000Z,KSU1,X,variation,channel,37144.76987234095,nT
2026-04-13T16:41:00.000Z,KSU1,X,variation,channel,37144.88152762614,nT
2026-04-13T16:42:00.000Z,KSU1,X,variation,channel,37144.97219142465,nT
2026-04-13T16:43:00.000Z,KSU1,X,variation,channel,37144.87029157601,nT
2026-04-13T16:44:00.000Z,KSU1,X,variation,channel,37144.71575314016,nT
2026-04-13T16:45:00.000Z,KSU1,X,variation,channel,37144.642859442356,nT
2026-04-13T16:46:00.000Z,KSU1,X,variation,channel,37144.83698126845,nT
2026-04-13T16:47:00.000Z,KSU1,X,variation,channel,37144.97377441949,nT
2026-04-13T16:48:00.000Z,KSU1,X,variation,channel,37145.239333140235,nT
2026-04-13T16:49:00.000Z,KSU1,X,variation,channel,37145.77119730748,nT
2026-04-13T16:50:00.000Z,KSU1,X,variation,channel,37145.70922919867,nT
2026-04-13T16:51:00.000Z,KSU1,X,variation,channel,37145.88626100529,nT
2026-04-13T16:52:00.000Z,KSU1,X,variation,channel,37146.42604845564,nT
2026-04-13T16:53:00.000Z,KSU1,X,variation,channel,37147.15847091153,nT
2026-04-13T16:54:00.000Z,KSU1,X,variation,channel,37147.410050120874,nT
2026-04-13T16:55:00.000Z,KSU1,X,variation,channel,37147.95891600342,nT
2026-04-13T16:56:00.000Z,KSU1,X,variation,channel,37148.030516103456,nT
2026-04-13T16:57:00.000Z,KSU1,X,variation,channel,37148.14714141869,nT
2026-04-13T16:58:00.000Z,KSU1,X,variation,channel,37148.329577787954,nT
2026-04-13T16:59:00.000Z,KSU1,X,variation,channel,37148.216483346245,nT
2026-04-13T17:00:00.000Z,KSU1,X,variation,channel,37148.53083192187,nT
2026-04-13T17:01:00.000Z,KSU1,X,variation,channel,37148.879243421936,nT
2026-04-13T17:02:00.000Z,KSU1,X,variation,channel,37148.74813310495,nT
2026-04-13T17:03:00.000Z,KSU1,X,variation,channel,37148.6345912804,nT
2026-04-13T17:04:00.000Z,KSU1,X,variation,channel,37148.476160609825,nT
2026-04-13T17:05:00.000Z,KSU1,X,variation,channel,37148.92963555822,nT
2026-04-13T17:06:00.000Z,KSU1,X,variation,channel,37149.05445161778,nT
2026-04-13T17:07:00.000Z,KSU1,X,variation,channel,37149.22670532026,nT
2026-04-13T17:08:00.000Z,KSU1,X,variation,channel,37149.395008468804,nT
2026-04-13T17:09:00.000Z,KSU1,X,variation,channel,37149.78404293569,nT
2026-04-13T17:10:00.000Z,KSU1,X,variation,channel,37150.009705431235,nT
2026-04-13T17:11:00.000Z,KSU1,X,variation,channel,37150.07031278201,nT
2026-04-13T17:12:00.000Z,KSU1,X,variation,channel,37150.373974749025,nT
2026-04-13T17:13:00.000Z,KSU1,X,variation,channel,37150.47730473745,nT
2026-04-13T17:14:00.000Z,KSU1,X,variation,channel,37150.65382279618,nT
2026-04-13T17:15:00.000Z,KSU1,X,variation,channel,37150.6111616315,nT
2026-04-13T17:16:00.000Z,KSU1,X,variation,channel,37150.91678174799,nT
2026-04-13T17:17:00.000Z,KSU1,X,variation,channel,37151.25399374745,nT
2026-04-13T17:18:00.000Z,KSU1,X,variation,channel,37151.352312218085,nT
2026-04-13T17:19:00.000Z,KSU1,X,variation,channel,37151.39529069389,nT
2026-04-13T17:20:00.000Z,KSU1,X,variation,channel,37151.56288841594,nT
2026-04-13T17:21:00.000Z,KSU1,X,variation,channel,37151.40167196126,nT
2026-04-13T17:22:00.000Z,KSU1,X,variation,channel,37151.52597249864,nT
2026-04-13T17:23:00.000Z,KSU1,X,variation,channel,37151.48020027893,nT
2026-04-13T17:24:00.000Z,KSU1,X,variation,channel,37151.76445045641,nT
2026-04-13T17:25:00.000Z,KSU1,X,variation,channel,37152.07459587303,nT
2026-04-13T17:26:00.000Z,KSU1,X,variation,channel,37152.29284855635,nT
2026-04-13T17:27:00.000Z,KSU1,X,variation,channel,37152.31288961556,nT
2026-04-13T17:28:00.000Z,KSU1,X,variation,channel,37152.680429139036,nT
2026-04-13T17:29:00.000Z,KSU1,X,variation,channel,37153.06163003766,nT
2026-04-13T17:30:00.000Z,KSU1,X,variation,channel,37153.4595433729,nT
2026-04-13T17:31:00.000Z,KSU1,X,variation,channel,37153.450312834655,nT
2026-04-13T17:32:00.000Z,KSU1,X,variation,channel,37153.07021419387,nT
2026-04-13T17:33:00.000Z,KSU1,X,variation,channel,37152.89408439954,nT
2026-04-13T17:34:00.000Z,KSU1,X,variation,channel,37153.5171365716,nT
2026-04-13T17:35:00.000Z,KSU1,X,variation,channel,37153.39416039145,nT
2026-04-13T17:36:00.000Z,KSU1,X,variation,channel,37153.10998120684,nT
2026-04-13T17:37:00.000Z,KSU1,X,variation,channel,37153.45216324575,nT
2026-04-13T17:38:00.000Z,KSU1,X,variation,channel,37153.51767390932,nT
2026-04-13T17:39:00.000Z,KSU1,X,variation,channel,37153.645830383335,nT
2026-04-13T17:40:00.000Z,KSU1,X,variation,channel,37153.98967658565,nT
2026-04-13T17:41:00.000Z,KSU1,X,variation,channel,37154.36292252841,nT
2026-04-13T17:42:00.000Z,KSU1,X,variation,channel,37154.510563250624,nT
2026-04-13T17:43:00.000Z,KSU1,X,variation,channel,37154.63502862942,nT
2026-04-13T17:44:00.000Z,KSU1,X,variation,channel,37154.72232675714,nT
2026-04-13T17:45:00.000Z,KSU1,X,variation,channel,37155.13425967377,nT
2026-04-13T17:46:00.000Z,KSU1,X,variation,channel,37155.481341430524,nT
2026-04-13T17:47:00.000Z,KSU1,X,variation,channel,37155.74828017513,nT
2026-04-13T17:48:00.000Z,KSU1,X,variation,channel,37156.057365144414,nT
2026-04-13T17:49:00.000Z,KSU1,X,variation,channel,37156.52278856007,nT
2026-04-13T17:50:00.000Z,KSU1,X,variation,channel,37157.08336197196,nT
2026-04-13T17:51:00.000Z,KSU1,X,variation,channel,37157.28929409677,nT
2026-04-13T17:52:00.000Z,KSU1,X,variation,channel,37157.549835914455,nT
2026-04-13T17:53:00.000Z,KSU1,X,variation,channel,37157.92894589885,nT
2026-04-13T17:54:00.000Z,KSU1,X,variation,channel,37158.13381261881,nT
2026-04-13T17:55:00.000Z,KSU1,X,variation,channel,37158.23475863811,nT
2026-04-13T17:56:00.000Z,KSU1,X,variation,channel,37158.00548979867,nT
2026-04-13T17:57:00.000Z,KSU1,X,variation,channel,37157.98563734363,nT
2026-04-13T17:58:00.000Z,KSU1,X,variation,channel,37158.297116258786,nT
2026-04-13T17:59:00.000Z,KSU1,X,variation,channel,37158.193532216916,nT
2026-04-13T18:00:00.000Z,KSU1,X,variation,channel,37158.50953732182,nT
2026-04-13T18:01:00.000Z,KSU1,X,variation,channel,37158.74210856712,nT
2026-04-13T18:02:00.000Z,KSU1,X,variation,channel,37158.67358783313,nT
2026-04-13T18:03:00.000Z,KSU1,X,variation,channel,37159.12772334135,nT
2026-04-13T18:04:00.000Z,KSU1,X,variation,channel,37159.4042945332,nT
2026-04-13T18:05:00.000Z,KSU1,X,variation,channel,37159.5020267215,nT
2026-04-13T18:06:00.000Z,KSU1,X,variation,channel,37159.50153072991,nT
2026-04-13T18:07:00.000Z,KSU1,X,variation,channel,37159.34936102487,nT
2026-04-13T18:08:00.000Z,KSU1,X,variation,channel,37159.392473211956,nT
2026-04-13T18:09:00.000Z,KSU1,X,variation,channel,37159.43212955627,nT
2026-04-13T18:10:00.000Z,KSU1,X,variation,channel,37159.25556893932,nT
2026-04-13T18:11:00.000Z,KSU1,X,variation,channel,37159.39820318583,nT
2026-04-13T18:12:00.000Z,KSU1,X,variation,channel,37159.28497347167,nT
2026-04-13T18:13:00.000Z,KSU1,X,variation,channel,37159.237852453305,nT
2026-04-13T18:14:00.000Z,KSU1,X,variation,channel,37159.53299968974,nT
2026-04-13T18:15:00.000Z,KSU1,X,variation,channel,37159.58010903473,nT
2026-04-13T18:16:00.000Z,KSU1,X,variation,channel,37159.53253577834,nT
2026-04-13T18:17:00.000Z,KSU1,X,variation,channel,37159.2813833816,nT
2026-04-13T18:18:00.000Z,KSU1,X,variation,channel,37159.27929712706,nT
2026-04-13T18:19:00.000Z,KSU1,X,variation,channel,37159.30647293236,nT
2026-04-13T18:20:00.000Z,KSU1,X,variation,channel,37159.161994574766,nT
2026-04-13T18:21:00.000Z,KSU1,X,variation,channel,37159.2679169297,nT
2026-04-13T18:22:00.000Z,KSU1,X,variation,channel,37159.227259565,nT
2026-04-13T18:23:00.000Z,KSU1,X,variation,channel,37159.07441656095,nT
2026-04-13T18:24:00.000Z,KSU1,X,variation,channel,37159.14010292976,nT
2026-04-13T18:25:00.000Z,KSU1,X,variation,channel,37159.226506302235,nT
2026-04-13T18:26:00.000Z,KSU1,X,variation,channel,37159.36292872093,nT
2026-04-13T18:27:00.000Z,KSU1,X,variation,channel,37159.47080237426,nT
2026-04-13T18:28:00.000Z,KSU1,X,variation,channel,37159.41911558245,nT
2026-04-13T18:29:00.000Z,KSU1,X,variation,channel,37159.307232436564,nT
2026-04-13T18:30:00.000Z,KSU1,X,variation,channel,37159.56011450068,nT
2026-04-13T18:31:00.000Z,KSU1,X,variation,channel,37159.8548940834,nT
2026-04-13T18:32:00.000Z,KSU1,X,variation,channel,37159.853328919635,nT
2026-04-13T18:33:00.000Z,KSU1,X,variation,channel,37160.039958014575,nT
2026-04-13T18:34:00.000Z,KSU1,X,variation,channel,37160.17037074307,nT
2026-04-13T18:35:00.000Z,KSU1,X,variation,channel,37160.181725093076,nT
2026-04-13T18:36:00.000Z,KSU1,X,variation,channel,37159.68474970822,nT
2026-04-13T18:37:00.000Z,KSU1,X,variation,channel,37159.9658597411,nT
2026-04-13T18:38:00.000Z,KSU1,X,variation,channel,37160.70686849252,nT
2026-04-13T18:39:00.000Z,KSU1,X,variation,channel,37161.01928273767,nT
2026-04-13T18:40:00.000Z,KSU1,X,variation,channel,37161.09524348791,nT
2026-04-13T18:41:00.000Z,KSU1,X,variation,channel,37160.84658109211,nT
2026-04-13T18:42:00.000Z,KSU1,X,variation,channel,37160.92241390011,nT
2026-04-13T18:43:00.000Z,KSU1,X,variation,channel,37161.06914120116,nT
2026-04-13T18:44:00.000Z,KSU1,X,variation,channel,37161.06047030684,nT
2026-04-13T18:45:00.000Z,KSU1,X,variation,channel,37160.85882862062,nT
2026-04-13T18:46:00.000Z,KSU1,X,variation,channel,37160.71363349758,nT
2026-04-13T18:47:00.000Z,KSU1,X,variation,channel,37160.424862523985,nT
2026-04-13T18:48:00.000Z,KSU1,X,variation,channel,37160.183150303004,nT
2026-04-13T18:49:00.000Z,KSU1,X,variation,channel,37160.077621984085,nT
2026-04-13T18:50:00.000Z,KSU1,X,variation,channel,37160.168108576254,nT
2026-04-13T18:51:00.000Z,KSU1,X,variation,channel,37159.97193077849,nT
2026-04-13T18:52:00.000Z,KSU1,X,variation,channel,37159.91545792651,nT
2026-04-13T18:53:00.000Z,KSU1,X,variation,channel,37159.89071400948,nT
2026-04-13T18:54:00.000Z,KSU1,X,variation,channel,37159.27460199922,nT
2026-04-13T18:55:00.000Z,KSU1,X,variation,channel,37158.73978069066,nT
2026-04-13T18:56:00.000Z,KSU1,X,variation,channel,37158.24532103446,nT
2026-04-13T18:57:00.000Z,KSU1,X,variation,channel,37157.9363209121,nT
2026-04-13T18:58:00.000Z,KSU1,X,variation,channel,37157.77344283828,nT
2026-04-13T18:59:00.000Z,KSU1,X,variation,channel,37157.83783347384,nT
2026-04-13T19:00:00.000Z,KSU1,X,variation,channel,37157.69449966846,nT
2026-04-13T19:01:00.000Z,KSU1,X,variation,channel,37157.37326500859,nT
2026-04-13T19:02:00.000Z,KSU1,X,variation,channel,37157.34407895158,nT
2026-04-13T19:03:00.000Z,KSU1,X,variation,channel,37157.451886371,nT
2026-04-13T19:04:00.000Z,KSU1,X,variation,channel,37157.81509169482,nT
2026-04-13T19:05:00.000Z,KSU1,X,variation,channel,37158.27939587468,nT
2026-04-13T19:06:00.000Z,KSU1,X,variation,channel,37158.38340272867,nT
2026-04-13T19:07:00.000Z,KSU1,X,variation,channel,37158.54149485693,nT
2026-04-13T19:08:00.000Z,KSU1,X,variation,channel,37158.81246577416,nT
2026-04-13T19:09:00.000Z,KSU1,X,variation,channel,37158.865839209895,nT
2026-04-13T19:10:00.000Z,KSU1,X,variation,channel,37158.89406233184,nT
2026-04-13T19:11:00.000Z,KSU1,X,variation,channel,37159.402423788524,nT
2026-04-13T19:12:00.000Z,KSU1,X,variation,channel,37159.71157110433,nT
2026-04-13T19:13:00.000Z,KSU1,X,variation,channel,37159.64080467072,nT
2026-04-13T19:14:00.000Z,KSU1,X,variation,channel,37159.64391522954,nT
2026-04-13T19:15:00.000Z,KSU1,X,variation,channel,37160.03543416567,nT
2026-04-13T19:16:00.000Z,KSU1,X,variation,channel,37160.3142496183,nT
2026-04-13T19:17:00.000Z,KSU1,X,variation,channel,37160.581529895964,nT
2026-04-13T19:18:00.000Z,KSU1,X,variation,channel,37160.77411204303,nT
2026-04-13T19:19:00.000Z,KSU1,X,variation,channel,37160.78772716661,nT
2026-04-13T19:20:00.000Z,KSU1,X,variation,channel,37160.675095086626,nT
2026-04-13T19:21:00.000Z,KSU1,X,variation,channel,37160.75603621159,nT
2026-04-13T19:22:00.000Z,KSU1,X,variation,channel,37160.746770515485,nT
2026-04-13T19:23:00.000Z,KSU1,X,variation,channel,37160.464292002296,nT
2026-04-13T19:24:00.000Z,KSU1,X,variation,channel,37160.19934102725,nT
2026-04-13T19:25:00.000Z,KSU1,X,variation,channel,37160.340351246414,nT
2026-04-13T19:26:00.000Z,KSU1,X,variation,channel,37160.01035751788,nT
2026-04-13T19:27:00.000Z,KSU1,X,variation,channel,37160.01951802288,nT
2026-04-13T19:28:00.000Z,KSU1,X,variation,channel,37160.04016701467,nT
2026-04-13T19:29:00.000Z,KSU1,X,variation,channel,37159.904734082214,nT
2026-04-13T19:30:00.000Z,KSU1,X,variation,channel,37159.46563669491,nT
2026-04-13T19:31:00.000Z,KSU1,X,variation,channel,37159.375509096135,nT
2026-04-13T19:32:00.000Z,KSU1,X,variation,channel,37159.61805240089,nT
2026-04-13T19:33:00.000Z,KSU1,X,variation,channel,37160.00037833128,nT
2026-04-13T19:34:00.000Z,KSU1,X,variation,channel,37160.926571204276,nT
2026-04-13T19:35:00.000Z,KSU1,X,variation,channel,37161.31317104587,nT
2026-04-13T19:36:00.000Z,KSU1,X,variation,channel,37162.01236561461,nT
2026-04-13T19:37:00.000Z,KSU1,X,variation,channel,37161.06217603066,nT
2026-04-13T19:38:00.000Z,KSU1,X,variation,channel,37161.46535034246,nT
2026-04-13T19:39:00.000Z,KSU1,X,variation,channel,37162.212221372254,nT
2026-04-13T19:40:00.000Z,KSU1,X,variation,channel,37162.31390929882,nT
2026-04-13T19:41:00.000Z,KSU1,X,variation,channel,37162.406005743,nT
2026-04-13T19:42:00.000Z,KSU1,X,variation,channel,37162.43637209388,nT
2026-04-13T19:43:00.000Z,KSU1,X,variation,channel,37162.2505683518,nT
2026-04-13T19:44:00.000Z,KSU1,X,variation,channel,37162.2090273755,nT
2026-04-13T19:45:00.000Z,KSU1,X,variation,channel,37161.99283222498,nT
2026-04-13T19:46:00.000Z,KSU1,X,variation,channel,37161.44545413369,nT
2026-04-13T19:47:00.000Z,KSU1,X,variation,channel,37161.378274971605,nT
2026-04-13T19:48:00.000Z,KSU1,X,variation,channel,37161.299969099295,nT
2026-04-13T19:49:00.000Z,KSU1,X,variation,channel,37161.042356637074,nT
2026-04-13T19:50:00.000Z,KSU1,X,variation,channel,37161.38260326594,nT
2026-04-13T19:51:00.000Z,KSU1,X,variation,channel,37161.159798430526,nT
2026-04-13T19:52:00.000Z,KSU1,X,variation,channel,37161.11511114875,nT
2026-04-13T19:53:00.000Z,KSU1,X,variation,channel,37160.80983272929,nT
2026-04-13T19:54:00.000Z,KSU1,X,variation,channel,37160.61953177485,nT
2026-04-13T19:55:00.000Z,KSU1,X,variation,channel,37160.869937627765,nT
2026-04-13T19:56:00.000Z,KSU1,X,variation,channel,37161.44539346951,nT
2026-04-13T19:57:00.000Z,KSU1,X,variation,channel,37162.26006862931,nT
2026-04-13T19:58:00.000Z,KSU1,X,variation,channel,37162.9632098606,nT
2026-04-13T19:59:00.000Z,KSU1,X,variation,channel,37163.249522742015,nT
2026-04-13T20:00:00.000Z,KSU1,X,variation,channel,37163.009213035744,nT
2026-04-13T20:01:00.000Z,KSU1,X,variation,channel,37163.25481632122,nT
2026-04-13T20:02:00.000Z,KSU1,X,variation,channel,37162.82239705475,nT
2026-04-13T20:03:00.000Z,KSU1,X,variation,channel,37162.905909345805,nT
2026-04-13T20:04:00.000Z,KSU1,X,variation,channel,37163.35991414469,nT
2026-04-13T20:05:00.000Z,KSU1,X,variation,channel,37163.27395314982,nT
2026-04-13T20:06:00.000Z,KSU1,X,variation,channel,37163.893804351785,nT
2026-04-13T20:07:00.000Z,KSU1,X,variation,channel,37164.21687309955,nT
2026-04-13T20:08:00.000Z,KSU1,X,variation,channel,37164.768946675256,nT
2026-04-13T20:09:00.000Z,KSU1,X,variation,channel,37164.44126038029,nT
2026-04-13T20:10:00.000Z,KSU1,X,variation,channel,37164.970525702,nT
2026-04-13T20:11:00.000Z,KSU1,X,variation,channel,37164.958452439896,nT
2026-04-13T20:12:00.000Z,KSU1,X,variation,channel,37165.07432608496,nT
2026-04-13T20:13:00.000Z,KSU1,X,variation,channel,37165.33359192528,nT
2026-04-13T20:14:00.000Z,KSU1,X,variation,channel,37165.21909383534,nT
2026-04-13T20:15:00.000Z,KSU1,X,variation,channel,37165.50987448731,nT
2026-04-13T20:16:00.000Z,KSU1,X,variation,channel,37165.62471327708,nT
2026-04-13T20:17:00.000Z,KSU1,X,variation,channel,37165.74665490809,nT
2026-04-13T20:18:00.000Z,KSU1,X,variation,channel,37165.99343696606,nT
2026-04-13T20:19:00.000Z,KSU1,X,variation,channel,37166.376290593456,nT
2026-04-13T20:20:00.000Z,KSU1,X,variation,channel,37166.5128492601,nT
2026-04-13T20:21:00.000Z,KSU1,X,variation,channel,37166.896685950844,nT
2026-04-13T20:22:00.000Z,KSU1,X,variation,channel,37167.07579916682,nT
2026-04-13T20:23:00.000Z,KSU1,X,variation,channel,37167.5373270821,nT
2026-04-13T20:24:00.000Z,KSU1,X,variation,channel,37167.27032431281,nT
2026-04-13T20:25:00.000Z,KSU1,X,variation,channel,37167.353089688804,nT
2026-04-13T20:26:00.000Z,KSU1,X,variation,channel,37167.594877181844,nT
2026-04-13T20:27:00.000Z,KSU1,X,variation,channel,37167.48615692334,nT
2026-04-13T20:28:00.000Z,KSU1,X,variation,channel,37167.66336169928,nT
2026-04-13T20:29:00.000Z,KSU1,X,variation,channel,37167.514784974635,nT
2026-04-13T20:30:00.000Z,KSU1,X,variation,channel,37167.37956243654,nT
2026-04-13T20:31:00.000Z,KSU1,X,variation,channel,37167.73230558063,nT
2026-04-13T20:32:00.000Z,KSU1,X,variation,channel,37167.83973293662,nT
2026-04-13T20:33:00.000Z,KSU1,X,variation,channel,37167.9684936467,nT
2026-04-13T20:34:00.000Z,KSU1,X,variation,channel,37168.13481677446,nT
2026-04-13T20:35:00.000Z,KSU1,X,variation,channel,37168.257404455275,nT
2026-04-13T20:36:00.000Z,KSU1,X,variation,channel,37168.61785922862,nT
2026-04-13T20:37:00.000Z,KSU1,X,variation,channel,37168.86093125641,nT
2026-04-13T20:38:00.000Z,KSU1,X,variation,channel,37167.68378130526,nT
2026-04-13T20:39:00.000Z,KSU1,X,variation,channel,37167.73928506644,nT
2026-04-13T20:40:00.000Z,KSU1,X,variation,channel,37168.741791920256,nT
2026-04-13T20:41:00.000Z,KSU1,X,variation,channel,37168.31926160212,nT
2026-04-13T20:42:00.000Z,KSU1,X,variation,channel,37168.193496754204,nT
2026-04-13T20:43:00.000Z,KSU1,X,variation,channel,37167.969617364746,nT
2026-04-13T20:44:00.000Z,KSU1,X,variation,channel,37168.12322721048,nT
2026-04-13T20:45:00.000Z,KSU1,X,variation,channel,37167.98150305718,nT
2026-04-13T20:46:00.000Z,KSU1,X,variation,channel,37167.92732609274,nT
2026-04-13T20:47:00.000Z,KSU1,X,variation,channel,37168.22546509494,nT
2026-04-13T20:48:00.000Z,KSU1,X,variation,channel,37168.83896883902,nT
2026-04-13T20:49:00.000Z,KSU1,X,variation,channel,37169.04136047094,nT
2026-04-13T20:50:00.000Z,KSU1,X,variation,channel,37169.08581125855,nT
2026-04-13T20:51:00.000Z,KSU1,X,variation,channel,37168.40423217184,nT
2026-04-13T20:52:00.000Z,KSU1,X,variation,channel,37168.492351478075,nT
2026-04-13T20:53:00.000Z,KSU1,X,variation,channel,37168.68522329827,nT
2026-04-13T20:54:00.000Z,KSU1,X,variation,channel,37168.61424308148,nT
2026-04-13T20:55:00.000Z,KSU1,X,variation,channel,37168.28206263197,nT
2026-04-13T20:56:00.000Z,KSU1,X,variation,channel,37168.303917643825,nT
2026-04-13T20:57:00.000Z,KSU1,X,variation,channel,37168.34972979949,nT
2026-04-13T20:58:00.000Z,KSU1,X,variation,channel,37168.46040691195,nT
2026-04-13T20:59:00.000Z,KSU1,X,variation,channel,37169.0678223292,nT
2026-04-13T21:00:00.000Z,KSU1,X,variation,channel,37168.79549271632,nT
2026-04-13T21:01:00.000Z,KSU1,X,variation,channel,37168.90348823783,nT
2026-04-13T21:02:00.000Z,KSU1,X,variation,channel,37169.46945884215,nT
2026-04-13T21:03:00.000Z,KSU1,X,variation,channel,37170.12212967766,nT
2026-04-13T21:04:00.000Z,KSU1,X,variation,channel,37170.58803436412,nT
2026-04-13T21:05:00.000Z,KSU1,X,variation,channel,37171.712427837585,nT
2026-04-13T21:06:00.000Z,KSU1,X,variation,channel,37172.18911423365,nT
2026-04-13T21:07:00.000Z,KSU1,X,variation,channel,37172.20592475183,nT
2026-04-13T21:08:00.000Z,KSU1,X,variation,channel,37172.97434127396,nT
2026-04-13T21:09:00.000Z,KSU1,X,variation,channel,37173.233527316166,nT
2026-04-13T21:10:00.000Z,KSU1,X,variation,channel,37173.4760888937,nT
2026-04-13T21:11:00.000Z,KSU1,X,variation,channel,37173.84926399656,nT
2026-04-13T21:12:00.000Z,KSU1,X,variation,channel,37174.4323561746,nT
2026-04-13T21:13:00.000Z,KSU1,X,variation,channel,37173.93000129197,nT
2026-04-13T21:14:00.000Z,KSU1,X,variation,channel,37173.75258663182,nT
2026-04-13T21:15:00.000Z,KSU1,X,variation,channel,37173.80909194403,nT
2026-04-13T21:16:00.000Z,KSU1,X,variation,channel,37172.81905846983,nT
2026-04-13T21:17:00.000Z,KSU1,X,variation,channel,37173.342776678815,nT
2026-04-13T21:18:00.000Z,KSU1,X,variation,channel,37173.25481247243,nT
2026-04-13T21:19:00.000Z,KSU1,X,variation,channel,37173.416896726034,nT
2026-04-13T21:20:00.000Z,KSU1,X,variation,channel,37173.7883547834,nT
2026-04-13T21:21:00.000Z,KSU1,X,variation,channel,37173.4648600613,nT
2026-04-13T21:22:00.000Z,KSU1,X,variation,channel,37173.92862070862,nT
2026-04-13T21:23:00.000Z,KSU1,X,variation,channel,37174.42255151077,nT
2026-04-13T21:24:00.000Z,KSU1,X,variation,channel,37174.27899160541,nT
2026-04-13T21:25:00.000Z,KSU1,X,variation,channel,37174.696796578944,nT
2026-04-13T21:26:00.000Z,KSU1,X,variation,channel,37175.23088635435,nT
2026-04-13T21:27:00.000Z,KSU1,X,variation,channel,37175.69510623073,nT
2026-04-13T21:28:00.000Z,KSU1,X,variation,channel,37176.24321959845,nT
2026-04-13T21:29:00.000Z,KSU1,X,variation,channel,37175.849025361174,nT
2026-04-13T21:30:00.000Z,KSU1,X,variation,channel,37174.94411677761,nT
2026-04-13T21:31:00.000Z,KSU1,X,variation,channel,37174.99532148938,nT
2026-04-13T21:32:00.000Z,KSU1,X,variation,channel,37174.94391849614,nT
2026-04-13T21:33:00.000Z,KSU1,X,variation,channel,37174.56433088806,nT
2026-04-13T21:34:00.000Z,KSU1,X,variation,channel,37174.742175539584,nT
2026-04-13T21:35:00.000Z,KSU1,X,variation,channel,37174.84783069157,nT
2026-04-13T21:36:00.000Z,KSU1,X,variation,channel,37175.33056481222,nT
2026-04-13T21:37:00.000Z,KSU1,X,variation,channel,37175.283491888564,nT
2026-04-13T21:38:00.000Z,KSU1,X,variation,channel,37175.3565468927,nT
2026-04-13T21:39:00.000Z,KSU1,X,variation,channel,37175.77191609841,nT
2026-04-13T21:40:00.000Z,KSU1,X,variation,channel,37174.53312556496,nT
2026-04-13T21:41:00.000Z,KSU1,X,variation,channel,37174.30692809306,nT
2026-04-13T21:42:00.000Z,KSU1,X,variation,channel,37175.342645427925,nT
2026-04-13T21:43:00.000Z,KSU1,X,variation,channel,37174.93132075781,nT
2026-04-13T21:44:00.000Z,KSU1,X,variation,channel,37174.96519083173,nT
2026-04-13T21:45:00.000Z,KSU1,X,variation,channel,37174.6365480061,nT
2026-04-13T21:46:00.000Z,KSU1,X,variation,channel,37174.75510988322,nT
2026-04-13T21:47:00.000Z,KSU1,X,variation,channel,37175.16961593813,nT
2026-04-13T21:48:00.000Z,KSU1,X,variation,channel,37175.501451232674,nT
2026-04-13T21:49:00.000Z,KSU1,X,variation,channel,37175.94205398047,nT
2026-04-13T21:50:00.000Z,KSU1,X,variation,channel,37176.862239612725,nT
2026-04-13T21:51:00.000Z,KSU1,X,variation,channel,37177.49364606328,nT
2026-04-13T21:52:00.000Z,KSU1,X,variation,channel,37177.589388710374,nT
2026-04-13T21:53:00.000Z,KSU1,X,variation,channel,37178.42945556737,nT
2026-04-13T21:54:00.000Z,KSU1,X,variation,channel,37178.34459723995,nT
2026-04-13T21:55:00.000Z,KSU1,X,variation,channel,37178.89106787464,nT
2026-04-13T21:56:00.000Z,KSU1,X,variation,channel,37179.52295011787,nT
2026-04-13T21:57:00.000Z,KSU1,X,variation,channel,37179.55571668041,nT
2026-04-13T21:58:00.000Z,KSU1,X,variation,channel,37180.63162163739,nT
2026-04-13T21:59:00.000Z,KSU1,X,variation,channel,37180.70605510226,nT
2026-04-13T22:00:00.000Z,KSU1,X,variation,channel,37180.61414669239,nT
2026-04-13T22:01:00.000Z,KSU1,X,variation,channel,37180.369658675314,nT
2026-04-13T22:02:00.000Z,KSU1,X,variation,channel,37179.573036973234,nT
2026-04-13T22:03:00.000Z,KSU1,X,variation,channel,37179.54027172272,nT
2026-04-13T22:04:00.000Z,KSU1,X,variation,channel,37179.554308975545,nT
2026-04-13T22:05:00.000Z,KSU1,X,variation,channel,37179.70241412262,nT
2026-04-13T22:06:00.000Z,KSU1,X,variation,channel,37179.38511759644,nT
2026-04-13T22:07:00.000Z,KSU1,X,variation,channel,37178.91156393224,nT
2026-04-13T22:08:00.000Z,KSU1,X,variation,channel,37178.77508131724,nT
2026-04-13T22:09:00.000Z,KSU1,X,variation,channel,37177.73539547277,nT
2026-04-13T22:10:00.000Z,KSU1,X,variation,channel,37177.930603377674,nT
2026-04-13T22:11:00.000Z,KSU1,X,variation,channel,37177.50284260489,nT
2026-04-13T22:12:00.000Z,KSU1,X,variation,channel,37176.85602340468,nT
2026-04-13T22:13:00.000Z,KSU1,X,variation,channel,37177.5613289322,nT
2026-04-13T22:14:00.000Z,KSU1,X,variation,channel,37177.45801061589,nT
2026-04-13T22:15:00.000Z,KSU1,X,variation,channel,37177.8071606026,nT
2026-04-13T22:16:00.000Z,KSU1,X,variation,channel,37177.62492307681,nT
2026-04-13T22:17:00.000Z,KSU1,X,variation,channel,37177.86106058087,nT
2026-04-13T22:18:00.000Z,KSU1,X,variation,channel,37178.23256660369,nT
2026-04-13T22:19:00.000Z,KSU1,X,variation,channel,37177.78028162526,nT
2026-04-13T22:20:00.000Z,KSU1,X,variation,channel,37177.7957808985,nT
2026-04-13T22:21:00.000Z,KSU1,X,variation,channel,37178.11595637159,nT
2026-04-13T22:22:00.000Z,KSU1,X,variation,channel,37177.82860200191,nT
2026-04-13T22:23:00.000Z,KSU1,X,variation,channel,37178.38396018104,nT
2026-04-13T22:24:00.000Z,KSU1,X,variation,channel,37180.080127588466,nT
2026-04-13T22:25:00.000Z,KSU1,X,variation,channel,37180.27892363887,nT
2026-04-13T22:26:00.000Z,KSU1,X,variation,channel,37179.63773394102,nT
2026-04-13T22:27:00.000Z,KSU1,X,variation,channel,37179.17451183342,nT
2026-04-13T22:28:00.000Z,KSU1,X,variation,channel,37178.864128707886,nT
2026-04-13T22:29:00.000Z,KSU1,X,variation,channel,37178.84545221244,nT
2026-04-13T22:30:00.000Z,KSU1,X,variation,channel,37178.95825216782,nT
2026-04-13T22:31:00.000Z,KSU1,X,variation,channel,37179.38158964153,nT
2026-04-13T22:32:00.000Z,KSU1,X,variation,channel,37180.25659651087,nT
2026-04-13T22:33:00.000Z,KSU1,X,variation,channel,37180.19909811947,nT
2026-04-13T22:34:00.000Z,KSU1,X,variation,channel,37180.74993205857,nT
2026-04-13T22:35:00.000Z,KSU1,X,variation,channel,37180.71731155655,nT
2026-04-13T22:36:00.000Z,KSU1,X,variation,channel,37181.79201731709,nT
2026-04-13T22:37:00.000Z,KSU1,X,variation,channel,37182.030323508356,nT
2026-04-13T22:38:00.000Z,KSU1,X,variation,channel,37181.56278002411,nT
2026-04-13T22:39:00.000Z,KSU1,X,variation,channel,37181.0077629974,nT
2026-04-13T22:40:00.000Z,KSU1,X,variation,channel,37181.1062505511,nT
2026-04-13T22:41:00.000Z,KSU1,X,variation,channel,37181.249615951514,nT
2026-04-13T22:42:00.000Z,KSU1,X,variation,channel,37181.7437916323,nT
2026-04-13T22:43:00.000Z,KSU1,X,variation,channel,37181.42751483459,nT
2026-04-13T22:44:00.000Z,KSU1,X,variation,channel,37181.325540452875,nT
2026-04-13T22:45:00.000Z,KSU1,X,variation,channel,37181.53975727276,nT
2026-04-13T22:46:00.000Z,KSU1,X,variation,channel,37182.492185266536,nT
2026-04-13T22:47:00.000Z,KSU1,X,variation,channel,37182.3790984589,nT
2026-04-13T22:48:00.000Z,KSU1,X,variation,channel,37182.20240985237,nT
2026-04-13T22:49:00.000Z,KSU1,X,variation,channel,37182.1888024052,nT
2026-04-13T22:50:00.000Z,KSU1,X,variation,channel,37181.97560242559,nT
2026-04-13T22:51:00.000Z,KSU1,X,variation,channel,37182.808270562964,nT
2026-04-13T22:52:00.000Z,KSU1,X,variation,channel,37182.83090914427,nT
2026-04-13T22:53:00.000Z,KSU1,X,variation,channel,37183.358466625235,nT
2026-04-13T22:54:00.000Z,KSU1,X,variation,channel,37183.45802663629,nT
2026-04-13T22:55:00.000Z,KSU1,X,variation,channel,37183.03778618603,nT
2026-04-13T22:56:00.000Z,KSU1,X,variation,channel,37183.00702675832,nT
2026-04-13T22:57:00.000Z,KSU1,X,variation,channel,37182.63795457968,nT
2026-04-13T22:58:00.000Z,KSU1,X,variation,channel,37182.26215603891,nT
2026-04-13T22:59:00.000Z,KSU1,X,variation,channel,37182.08608370689,nT
2026-04-13T23:00:00.000Z,KSU1,X,variation,channel,37181.90062791943,nT
2026-04-13T23:01:00.000Z,KSU1,X,variation,channel,37181.60291194712,nT
2026-04-13T23:02:00.000Z,KSU1,X,variation,channel,37180.644063613545,nT
2026-04-13T23:03:00.000Z,KSU1,X,variation,channel,37180.25364692968,nT
2026-04-13T23:04:00.000Z,KSU1,X,variation,channel,37180.012827772254,nT
2026-04-13T23:05:00.000Z,KSU1,X,variation,channel,37180.04922144553,nT
2026-04-13T23:06:00.000Z,KSU1,X,variation,channel,37179.256651398944,nT
2026-04-13T23:07:00.000Z,KSU1,X,variation,channel,37178.95305763687,nT
2026-04-13T23:08:00.000Z,KSU1,X,variation,channel,37178.26790143897,nT
2026-04-13T23:09:00.000Z,KSU1,X,variation,channel,37177.716041876345,nT
2026-04-13T23:10:00.000Z,KSU1,X,variation,channel,37177.93062843546,nT
2026-04-13T23:11:00.000Z,KSU1,X,variation,channel,37178.19646589052,nT
2026-04-13T23:12:00.000Z,KSU1,X,variation,channel,37177.764805812316,nT
2026-04-13T23:13:00.000Z,KSU1,X,variation,channel,37177.799099862146,nT
2026-04-13T23:14:00.000Z,KSU1,X,variation,channel,37177.84660355629,nT
2026-04-13T23:15:00.000Z,KSU1,X,variation,channel,37178.26844453245,nT
2026-04-13T23:16:00.000Z,KSU1,X,variation,channel,37178.38397400075,nT
2026-04-13T23:17:00.000Z,KSU1,X,variation,channel,37178.71065089859,nT
2026-04-13T23:18:00.000Z,KSU1,X,variation,channel,37178.66088144903,nT
2026-04-13T23:19:00.000Z,KSU1,X,variation,channel,37178.55770944464,nT
2026-04-13T23:20:00.000Z,KSU1,X,variation,channel,37178.65929350724,nT
2026-04-13T23:21:00.000Z,KSU1,X,variation,channel,37179.18608400999,nT
2026-04-13T23:22:00.000Z,KSU1,X,variation,channel,37179.62929655964,nT
2026-04-13T23:23:00.000Z,KSU1,X,variation,channel,37179.84798516347,nT
2026-04-13T23:24:00.000Z,KSU1,X,variation,channel,37179.31991351277,nT
2026-04-13T23:25:00.000Z,KSU1,X,variation,channel,37178.78833218257,nT
2026-04-13T23:26:00.000Z,KSU1,X,variation,channel,37177.757954347864,nT
2026-04-13T23:27:00.000Z,KSU1,X,variation,channel,37176.97084644162,nT
2026-04-13T23:28:00.000Z,KSU1,X,variation,channel,37176.90827008453,nT
2026-04-13T23:29:00.000Z,KSU1,X,variation,channel,37176.55917681942,nT
2026-04-13T23:30:00.000Z,KSU1,X,variation,channel,37177.03067096532,nT
2026-04-13T23:31:00.000Z,KSU1,X,variation,channel,37176.998302549335,nT
2026-04-13T23:32:00.000Z,KSU1,X,variation,channel,37176.8095181558,nT
2026-04-13T23:33:00.000Z,KSU1,X,variation,channel,37176.70009448161,nT
2026-04-13T23:34:00.000Z,KSU1,X,variation,channel,37176.18579992991,nT
2026-04-13T23:35:00.000Z,KSU1,X,variation,channel,37175.97332780926,nT
2026-04-13T23:36:00.000Z,KSU1,X,variation,channel,37175.766747697526,nT
2026-04-13T23:37:00.000Z,KSU1,X,variation,channel,37175.517318968465,nT
2026-04-13T23:38:00.000Z,KSU1,X,variation,channel,37175.542437896795,nT
2026-04-13T23:39:00.000Z,KSU1,X,variation,channel,37174.8842569542,nT
2026-04-13T23:40:00.000Z,KSU1,X,variation,channel,37174.77633882486,nT
2026-04-13T23:41:00.000Z,KSU1,X,variation,channel,37174.2200194072,nT
2026-04-13T23:42:00.000Z,KSU1,X,variation,channel,37173.71929752187,nT
2026-04-13T23:43:00.000Z,KSU1,X,variation,channel,37173.138780483714,nT
2026-04-13T23:44:00.000Z,KSU1,X,variation,channel,37172.934423344625,nT
2026-04-13T23:45:00.000Z,KSU1,X,variation,channel,37173.18481678572,nT
2026-04-13T23:46:00.000Z,KSU1,X,variation,channel,37173.3223220981,nT
2026-04-13T23:47:00.000Z,KSU1,X,variation,channel,37173.52719520443,nT
2026-04-13T23:48:00.000Z,KSU1,X,variation,channel,37173.402686431036,nT
2026-04-13T23:49:00.000Z,KSU1,X,variation,channel,37173.654921928675,nT
2026-04-13T23:50:00.000Z,KSU1,X,variation,channel,37172.88551261325,nT
2026-04-13T23:51:00.000Z,KSU1,X,variation,channel,37172.20545395324,nT
2026-04-13T23:52:00.000Z,KSU1,X,variation,channel,37171.857743088745,nT
2026-04-13T23:53:00.000Z,KSU1,X,variation,channel,37171.449225491306,nT
2026-04-13T23:54:00.000Z,KSU1,X,variation,channel,37170.494946566476,nT
2026-04-13T23:55:00.000Z,KSU1,X,variation,channel,37170.73365456443,nT
2026-04-13T23:56:00.000Z,KSU1,X,variation,channel,37171.77307259464,nT
2026-04-13T23:57:00.000Z,KSU1,X,variation,channel,37172.27903200193,nT
2026-04-13T23:58:00.000Z,KSU1,X,variation,channel,37172.611794698605,nT
2026-04-13T23:59:00.000Z,KSU1,X,variation,channel,37172.93900718235,nT
2026-04-14T00:00:00.000Z,KSU1,X,variation,channel,37172.55709136204,nT
2026-04-14T00:01:00.000Z,KSU1,X,variation,channel,37172.574306691386,nT
2026-04-14T00:02:00.000Z,KSU1,X,variation,channel,37172.36580444176,nT
2026-04-14T00:03:00.000Z,KSU1,X,variation,channel,37172.261292459436,nT
2026-04-14T00:04:00.000Z,KSU1,X,variation,channel,37172.65481773361,nT
2026-04-14T00:05:00.000Z,KSU1,X,variation,channel,37173.33820864879,nT
2026-04-14T00:06:00.000Z,KSU1,X,variation,channel,37173.947392441005,nT
2026-04-14T00:07:00.000Z,KSU1,X,variation,channel,37174.25437741649,nT
2026-04-14T00:08:00.000Z,KSU1,X,variation,channel,37174.44598058612,nT
2026-04-14T00:09:00.000Z,KSU1,X,variation,channel,37173.92577203741,nT
2026-04-14T00:10:00.000Z,KSU1,X,variation,channel,37173.23272430149,nT
2026-04-14T00:11:00.000Z,KSU1,X,variation,channel,37172.51486573211,nT
2026-04-14T00:12:00.000Z,KSU1,X,variation,channel,37172.11847359757,nT
2026-04-14T00:13:00.000Z,KSU1,X,variation,channel,37171.2631143577,nT
2026-04-14T00:14:00.000Z,KSU1,X,variation,channel,37170.868528179504,nT
2026-04-14T00:15:00.000Z,KSU1,X,variation,channel,37171.05587797634,nT
2026-04-14T00:16:00.000Z,KSU1,X,variation,channel,37171.28318367164,nT
2026-04-14T00:17:00.000Z,KSU1,X,variation,channel,37171.6081246966,nT
2026-04-14T00:18:00.000Z,KSU1,X,variation,channel,37171.862796800124,nT
2026-04-14T00:19:00.000Z,KSU1,X,variation,channel,37171.526584991836,nT
2026-04-14T00:20:00.000Z,KSU1,X,variation,channel,37171.12461860744,nT
2026-04-14T00:21:00.000Z,KSU1,X,variation,channel,37170.69674549305,nT
2026-04-14T00:22:00.000Z,KSU1,X,variation,channel,37171.120897897024,nT
2026-04-14T00:23:00.000Z,KSU1,X,variation,channel,37171.22637417281,nT
2026-04-14T00:24:00.000Z,KSU1,X,variation,channel,37170.89814361101,nT
2026-04-14T00:25:00.000Z,KSU1,X,variation,channel,37170.04931082793,nT
2026-04-14T00:26:00.000Z,KSU1,X,variation,channel,37169.88873165712,nT
2026-04-14T00:27:00.000Z,KSU1,X,variation,channel,37169.93990712196,nT
2026-04-14T00:28:00.000Z,KSU1,X,variation,channel,37169.26865892349,nT
2026-04-14T00:29:00.000Z,KSU1,X,variation,channel,37169.58856997827,nT
2026-04-14T00:30:00.000Z,KSU1,X,variation,channel,37169.292251299725,nT
2026-04-14T00:31:00.000Z,KSU1,X,variation,channel,37168.52951948143,nT
2026-04-14T00:32:00.000Z,KSU1,X,variation,channel,37168.87367082897,nT
2026-04-14T00:33:00.000Z,KSU1,X,variation,channel,37169.05873332846,nT
2026-04-14T00:34:00.000Z,KSU1,X,variation,channel,37168.64274016728,nT
2026-04-14T00:35:00.000Z,KSU1,X,variation,channel,37168.372799237106,nT
2026-04-14T00:36:00.000Z,KSU1,X,variation,channel,37168.45262523051,nT
2026-04-14T00:37:00.000Z,KSU1,X,variation,channel,37168.33753362937,nT
2026-04-14T00:38:00.000Z,KSU1,X,variation,channel,37167.70784547831,nT
2026-04-14T00:39:00.000Z,KSU1,X,variation,channel,37167.00246923643,nT
2026-04-14T00:40:00.000Z,KSU1,X,variation,channel,37166.76212047079,nT
2026-04-14T00:41:00.000Z,KSU1,X,variation,channel,37166.5795660951,nT
2026-04-14T00:42:00.000Z,KSU1,X,variation,channel,37165.622981927736,nT
2026-04-14T00:43:00.000Z,KSU1,X,variation,channel,37165.46399528541,nT
2026-04-14T00:44:00.000Z,KSU1,X,variation,channel,37165.09816346831,nT
2026-04-14T00:45:00.000Z,KSU1,X,variation,channel,37165.44099183189,nT
2026-04-14T00:46:00.000Z,KSU1,X,variation,channel,37165.7839990533,nT
2026-04-14T00:47:00.000Z,KSU1,X,variation,channel,37165.59562652003,nT
2026-04-14T00:48:00.000Z,KSU1,X,variation,channel,37166.031740863305,nT
2026-04-14T00:49:00.000Z,KSU1,X,variation,channel,37166.074415816984,nT
2026-04-14T00:50:00.000Z,KSU1,X,variation,channel,37166.56077622285,nT
2026-04-14T00:51:00.000Z,KSU1,X,variation,channel,37166.41248295065,nT
2026-04-14T00:52:00.000Z,KSU1,X,variation,channel,37166.940830004234,nT
2026-04-14T00:53:00.000Z,KSU1,X,variation,channel,37167.20681203358,nT
2026-04-14T00:54:00.000Z,KSU1,X,variation,channel,37167.61920788709,nT
2026-04-14T00:55:00.000Z,KSU1,X,variation,channel,37167.86155819842,nT
2026-04-14T00:56:00.000Z,KSU1,X,variation,channel,37167.52903059477,nT
2026-04-14T00:57:00.000Z,KSU1,X,variation,channel,37167.42906701504,nT
2026-04-14T00:58:00.000Z,KSU1,X,variation,channel,37167.14589488641,nT
2026-04-14T00:59:00.000Z,KSU1,X,variation,channel,37167.40449044718,nT
2026-04-14T01:00:00.000Z,KSU1,X,variation,channel,37167.18563990943,nT
2026-04-14T01:01:00.000Z,KSU1,X,variation,channel,37167.51810982968,nT
2026-04-14T01:02:00.000Z,KSU1,X,variation,channel,37167.74889507226,nT
2026-04-14T01:03:00.000Z,KSU1,X,variation,channel,37167.719250090595,nT
2026-04-14T01:04:00.000Z,KSU1,X,variation,channel,37167.38592791305,nT
2026-04-14T01:05:00.000Z,KSU1,X,variation,channel,37167.67827758454,nT
2026-04-14T01:06:00.000Z,KSU1,X,variation,channel,37167.22043717876,nT
2026-04-14T01:07:00.000Z,KSU1,X,variation,channel,37167.131375156176,nT
2026-04-14T01:08:00.000Z,KSU1,X,variation,channel,37166.418797244616,nT
2026-04-14T01:09:00.000Z,KSU1,X,variation,channel,37165.98604288593,nT
2026-04-14T01:10:00.000Z,KSU1,X,variation,channel,37165.65799517777,nT
2026-04-14T01:11:00.000Z,KSU1,X,variation,channel,37165.458331737434,nT
2026-04-14T01:12:00.000Z,KSU1,X,variation,channel,37165.50416424869,nT
2026-04-14T01:13:00.000Z,KSU1,X,variation,channel,37165.0725747195,nT
2026-04-14T01:14:00.000Z,KSU1,X,variation,channel,37164.6638863356,nT
2026-04-14T01:15:00.000Z,KSU1,X,variation,channel,37165.32004587658,nT
2026-04-14T01:16:00.000Z,KSU1,X,variation,channel,37165.82273282065,nT
2026-04-14T01:17:00.000Z,KSU1,X,variation,channel,37165.85137036843,nT
2026-04-14T01:18:00.000Z,KSU1,X,variation,channel,37165.947887225266,nT
2026-04-14T01:19:00.000Z,KSU1,X,variation,channel,37165.90267330006,nT
2026-04-14T01:20:00.000Z,KSU1,X,variation,channel,37165.815170553244,nT
2026-04-14T01:21:00.000Z,KSU1,X,variation,channel,37165.92480328786,nT
2026-04-14T01:22:00.000Z,KSU1,X,variation,channel,37165.48772231205,nT
2026-04-14T01:23:00.000Z,KSU1,X,variation,channel,37165.438536887516,nT
2026-04-14T01:24:00.000Z,KSU1,X,variation,channel,37165.2464587371,nT
2026-04-14T01:25:00.000Z,KSU1,X,variation,channel,37165.373610610324,nT
2026-04-14T01:26:00.000Z,KSU1,X,variation,channel,37164.90465013034,nT
2026-04-14T01:27:00.000Z,KSU1,X,variation,channel,37164.842097356974,nT
2026-04-14T01:28:00.000Z,KSU1,X,variation,channel,37164.27895156754,nT
2026-04-14T01:29:00.000Z,KSU1,X,variation,channel,37164.04948016819,nT
2026-04-14T01:30:00.000Z,KSU1,X,variation,channel,37163.7513395469,nT
2026-04-14T01:31:00.000Z,KSU1,X,variation,channel,37163.30719123347,nT
2026-04-14T01:32:00.000Z,KSU1,X,variation,channel,37163.55002169082,nT
2026-04-14T01:33:00.000Z,KSU1,X,variation,channel,37163.46388270318,nT
2026-04-14T01:34:00.000Z,KSU1,X,variation,channel,37163.44837976691,nT
2026-04-14T01:35:00.000Z,KSU1,X,variation,channel,37163.087038098325,nT
2026-04-14T01:36:00.000Z,KSU1,X,variation,channel,37163.261735966604,nT
2026-04-14T01:37:00.000Z,KSU1,X,variation,channel,37163.19604242847,nT
2026-04-14T01:38:00.000Z,KSU1,X,variation,channel,37163.099538702045,nT
2026-04-14T01:39:00.000Z,KSU1,X,variation,channel,37163.05028513367,nT
2026-04-14T01:40:00.000Z,KSU1,X,variation,channel,37162.94823568027,nT
2026-04-14T01:41:00.000Z,KSU1,X,variation,channel,37162.89386036985,nT
2026-04-14T01:42:00.000Z,KSU1,X,variation,channel,37162.70554270564,nT
2026-04-14T01:43:00.000Z,KSU1,X,variation,channel,37162.9577688567,nT
2026-04-14T01:44:00.000Z,KSU1,X,variation,channel,37162.67186935367,nT
2026-04-14T01:45:00.000Z,KSU1,X,variation,channel,37162.826950884715,nT
2026-04-14T01:46:00.000Z,KSU1,X,variation,channel,37162.696973192076,nT
2026-04-14T01:47:00.000Z,KSU1,X,variation,channel,37162.48456174011,nT
2026-04-14T01:48:00.000Z,KSU1,X,variation,channel,37162.26120356324,nT
2026-04-14T01:49:00.000Z,KSU1,X,variation,channel,37162.39163697106,nT
2026-04-14T01:50:00.000Z,KSU1,X,variation,channel,37162.77338703944,nT
2026-04-14T01:51:00.000Z,KSU1,X,variation,channel,37162.430254448314,nT
2026-04-14T01:52:00.000Z,KSU1,X,variation,channel,37162.26398487936,nT
2026-04-14T01:53:00.000Z,KSU1,X,variation,channel,37162.36559792443,nT
2026-04-14T01:54:00.000Z,KSU1,X,variation,channel,37162.362693552415,nT
2026-04-14T01:55:00.000Z,KSU1,X,variation,channel,37162.2751463521,nT
2026-04-14T01:56:00.000Z,KSU1,X,variation,channel,37161.6512028364,nT
2026-04-14T01:57:00.000Z,KSU1,X,variation,channel,37161.50491080176,nT
2026-04-14T01:58:00.000Z,KSU1,X,variation,channel,37162.03335960554,nT
2026-04-14T01:59:00.000Z,KSU1,X,variation,channel,37161.42231086699,nT
2026-04-14T02:00:00.000Z,KSU1,X,variation,channel,37161.49181898072,nT
2026-04-14T02:01:00.000Z,KSU1,X,variation,channel,37161.16933117398,nT
2026-04-14T02:02:00.000Z,KSU1,X,variation,channel,37161.13069588562,nT
2026-04-14T02:03:00.000Z,KSU1,X,variation,channel,37160.452263619125,nT
2026-04-14T02:04:00.000Z,KSU1,X,variation,channel,37160.83869634992,nT
2026-04-14T02:05:00.000Z,KSU1,X,variation,channel,37160.173052790116,nT
2026-04-14T02:06:00.000Z,KSU1,X,variation,channel,37160.03952702203,nT
2026-04-14T02:07:00.000Z,KSU1,X,variation,channel,37159.837885847395,nT
2026-04-14T02:08:00.000Z,KSU1,X,variation,channel,37159.57861451757,nT
2026-04-14T02:09:00.000Z,KSU1,X,variation,channel,37159.36389632589,nT
2026-04-14T02:10:00.000Z,KSU1,X,variation,channel,37159.470912256635,nT
2026-04-14T02:11:00.000Z,KSU1,X,variation,channel,37159.48062922912,nT
2026-04-14T02:12:00.000Z,KSU1,X,variation,channel,37159.974845619065,nT
2026-04-14T02:13:00.000Z,KSU1,X,variation,channel,37159.91362105207,nT
2026-04-14T02:14:00.000Z,KSU1,X,variation,channel,37160.45820578749,nT
2026-04-14T02:15:00.000Z,KSU1,X,variation,channel,37160.78499211129,nT
2026-04-14T02:16:00.000Z,KSU1,X,variation,channel,37160.871814843544,nT
2026-04-14T02:17:00.000Z,KSU1,X,variation,channel,37161.25358181294,nT
2026-04-14T02:18:00.000Z,KSU1,X,variation,channel,37161.17728745925,nT
2026-04-14T02:19:00.000Z,KSU1,X,variation,channel,37161.666915418384,nT
2026-04-14T02:20:00.000Z,KSU1,X,variation,channel,37161.7812587742,nT
2026-04-14T02:21:00.000Z,KSU1,X,variation,channel,37161.66340746326,nT
2026-04-14T02:22:00.000Z,KSU1,X,variation,channel,37161.83249573104,nT
2026-04-14T02:23:00.000Z,KSU1,X,variation,channel,37161.31044196868,nT
2026-04-14T02:24:00.000Z,KSU1,X,variation,channel,37161.22047412026,nT
2026-04-14T02:25:00.000Z,KSU1,X,variation,channel,37161.05766511948,nT
2026-04-14T02:26:00.000Z,KSU1,X,variation,channel,37161.168765367904,nT
2026-04-14T02:27:00.000Z,KSU1,X,variation,channel,37161.03455869906,nT
2026-04-14T02:28:00.000Z,KSU1,X,variation,channel,37160.914299449905,nT
2026-04-14T02:29:00.000Z,KSU1,X,variation,channel,37160.77394870268,nT
2026-04-14T02:30:00.000Z,KSU1,X,variation,channel,37160.738913014495,nT
2026-04-14T02:31:00.000Z,KSU1,X,variation,channel,37159.910051439394,nT
2026-04-14T02:32:00.000Z,KSU1,X,variation,channel,37160.345561745205,nT
2026-04-14T02:33:00.000Z,KSU1,X,variation,channel,37160.59751447889,nT
2026-04-14T02:34:00.000Z,KSU1,X,variation,channel,37160.63891325767,nT
2026-04-14T02:35:00.000Z,KSU1,X,variation,channel,37160.46382340845,nT
2026-04-14T02:36:00.000Z,KSU1,X,variation,channel,37160.41533555476,nT
2026-04-14T02:37:00.000Z,KSU1,X,variation,channel,37160.44505002845,nT
2026-04-14T02:38:00.000Z,KSU1,X,variation,channel,37160.4208299475,nT
2026-04-14T02:39:00.000Z,KSU1,X,variation,channel,37160.45304577281,nT
2026-04-14T02:40:00.000Z,KSU1,X,variation,channel,37160.341053318305,nT
2026-04-14T02:41:00.000Z,KSU1,X,variation,channel,37160.23335902795,nT
2026-04-14T02:42:00.000Z,KSU1,X,variation,channel,37160.357405399125,nT
2026-04-14T02:43:00.000Z,KSU1,X,variation,channel,37160.3954836987,nT
2026-04-14T02:44:00.000Z,KSU1,X,variation,channel,37160.372816583535,nT
2026-04-14T02:45:00.000Z,KSU1,X,variation,channel,37160.220535296125,nT
2026-04-14T02:46:00.000Z,KSU1,X,variation,channel,37160.482264765196,nT
2026-04-14T02:47:00.000Z,KSU1,X,variation,channel,37160.644506011195,nT
2026-04-14T02:48:00.000Z,KSU1,X,variation,channel,37160.80871982158,nT
2026-04-14T02:49:00.000Z,KSU1,X,variation,channel,37160.876967036886,nT
2026-04-14T02:50:00.000Z,KSU1,X,variation,channel,37160.78577810096,nT
2026-04-14T02:51:00.000Z,KSU1,X,variation,channel,37160.82323120868,nT
2026-04-14T02:52:00.000Z,KSU1,X,variation,channel,37160.90375708013,nT
2026-04-14T02:53:00.000Z,KSU1,X,variation,channel,37161.01664201804,nT
2026-04-14T02:54:00.000Z,KSU1,X,variation,channel,37161.07629776899,nT
2026-04-14T02:55:00.000Z,KSU1,X,variation,channel,37160.85679245479,nT
2026-04-14T02:56:00.000Z,KSU1,X,variation,channel,37160.527927283765,nT
2026-04-14T02:57:00.000Z,KSU1,X,variation,channel,37160.3364026383,nT
2026-04-14T02:58:00.000Z,KSU1,X,variation,channel,37160.35857859514,nT
2026-04-14T02:59:00.000Z,KSU1,X,variation,channel,37160.31805323554,nT
2026-04-14T03:00:00.000Z,KSU1,X,variation,channel,37160.6080645921,nT
2026-04-14T03:01:00.000Z,KSU1,X,variation,channel,37160.84490472955,nT
2026-04-14T03:02:00.000Z,KSU1,X,variation,channel,37160.98769494796,nT
2026-04-14T03:03:00.000Z,KSU1,X,variation,channel,37161.15144637763,nT
2026-04-14T03:04:00.000Z,KSU1,X,variation,channel,37161.06671233179,nT
2026-04-14T03:05:00.000Z,KSU1,X,variation,channel,37160.6942900084,nT
2026-04-14T03:06:00.000Z,KSU1,X,variation,channel,37160.72496109866,nT
2026-04-14T03:07:00.000Z,KSU1,X,variation,channel,37160.738696409404,nT
2026-04-14T03:08:00.000Z,KSU1,X,variation,channel,37160.57900914407,nT
2026-04-14T03:09:00.000Z,KSU1,X,variation,channel,37160.31160566663,nT
2026-04-14T03:10:00.000Z,KSU1,X,variation,channel,37160.14892001825,nT
2026-04-14T03:11:00.000Z,KSU1,X,variation,channel,37160.248421549695,nT
2026-04-14T03:12:00.000Z,KSU1,X,variation,channel,37160.10244987087,nT
2026-04-14T03:13:00.000Z,KSU1,X,variation,channel,37160.0772140958,nT
2026-04-14T03:14:00.000Z,KSU1,X,variation,channel,37160.11953204688,nT
2026-04-14T03:15:00.000Z,KSU1,X,variation,channel,37160.1565217422,nT
2026-04-14T03:16:00.000Z,KSU1,X,variation,channel,37159.92412385476,nT
2026-04-14T03:17:00.000Z,KSU1,X,variation,channel,37159.484904119505,nT
2026-04-14T03:18:00.000Z,KSU1,X,variation,channel,37159.247644351206,nT
2026-04-14T03:19:00.000Z,KSU1,X,variation,channel,37159.1546854295,nT
2026-04-14T03:20:00.000Z,KSU1,X,variation,channel,37159.32130860272,nT
2026-04-14T03:21:00.000Z,KSU1,X,variation,channel,37159.40924122885,nT
2026-04-14T03:22:00.000Z,KSU1,X,variation,channel,37159.585170386315,nT
2026-04-14T03:23:00.000Z,KSU1,X,variation,channel,37159.47310847604,nT
2026-04-14T03:24:00.000Z,KSU1,X,variation,channel,37159.38866710603,nT
2026-04-14T03:25:00.000Z,KSU1,X,variation,channel,37159.30572523222,nT
2026-04-14T03:26:00.000Z,KSU1,X,variation,channel,37159.347810777675,nT
2026-04-14T03:27:00.000Z,KSU1,X,variation,channel,37159.42132893267,nT
2026-04-14T03:28:00.000Z,KSU1,X,variation,channel,37159.3350803987,nT
2026-04-14T03:29:00.000Z,KSU1,X,variation,channel,37159.09347037326,nT
2026-04-14T03:30:00.000Z,KSU1,X,variation,channel,37158.804584737576,nT
2026-04-14T03:31:00.000Z,KSU1,X,variation,channel,37158.82102249956,nT
2026-04-14T03:32:00.000Z,KSU1,X,variation,channel,37158.7571919413,nT
2026-04-14T03:33:00.000Z,KSU1,X,variation,channel,37158.50150498716,nT
2026-04-14T03:34:00.000Z,KSU1,X,variation,channel,37158.40755616782,nT
2026-04-14T03:35:00.000Z,KSU1,X,variation,channel,37158.65628878271,nT
2026-04-14T03:36:00.000Z,KSU1,X,variation,channel,37158.43816038677,nT
2026-04-14T03:37:00.000Z,KSU1,X,variation,channel,37158.25565660011,nT
2026-04-14T03:38:00.000Z,KSU1,X,variation,channel,37158.165840083995,nT
2026-04-14T03:39:00.000Z,KSU1,X,variation,channel,37158.164952655774,nT
2026-04-14T03:40:00.000Z,KSU1,X,variation,channel,37157.79015667991,nT
2026-04-14T03:41:00.000Z,KSU1,X,variation,channel,37156.89725898972,nT
2026-04-14T03:42:00.000Z,KSU1,X,variation,channel,37156.873868163544,nT
2026-04-14T03:43:00.000Z,KSU1,X,variation,channel,37156.96448293528,nT
2026-04-14T03:44:00.000Z,KSU1,X,variation,channel,37157.16457587537,nT
2026-04-14T03:45:00.000Z,KSU1,X,variation,channel,37157.05665579566,nT
2026-04-14T03:46:00.000Z,KSU1,X,variation,channel,37156.80620444055,nT
2026-04-14T03:47:00.000Z,KSU1,X,variation,channel,37156.837731150845,nT
2026-04-14T03:48:00.000Z,KSU1,X,variation,channel,37156.64992574124,nT
2026-04-14T03:49:00.000Z,KSU1,X,variation,channel,37156.47821979487,nT
2026-04-14T03:50:00.000Z,KSU1,X,variation,channel,37155.82316080155,nT
2026-04-14T03:51:00.000Z,KSU1,X,variation,channel,37155.74231921329,nT
2026-04-14T03:52:00.000Z,KSU1,X,variation,channel,37156.482765779045,nT
2026-04-14T03:53:00.000Z,KSU1,X,variation,channel,37156.80915953206,nT
2026-04-14T03:54:00.000Z,KSU1,X,variation,channel,37156.600189638826,nT
2026-04-14T03:55:00.000Z,KSU1,X,variation,channel,37156.549317147765,nT
2026-04-14T03:56:00.000Z,KSU1,X,variation,channel,37156.55980164299,nT
2026-04-14T03:57:00.000Z,KSU1,X,variation,channel,37155.937323298516,nT
2026-04-14T03:58:00.000Z,KSU1,X,variation,channel,37155.59530489769,nT
2026-04-14T03:59:00.000Z,KSU1,X,variation,channel,37155.321759018836,nT
2026-04-14T04:00:00.000Z,KSU1,X,variation,channel,37155.11155479539,nT
2026-04-14T04:01:00.000Z,KSU1,X,variation,channel,37155.07821335243,nT
2026-04-14T04:02:00.000Z,KSU1,X,variation,channel,37155.053707671046,nT
2026-04-14T04:03:00.000Z,KSU1,X,variation,channel,37155.071743446,nT
2026-04-14T04:04:00.000Z,KSU1,X,variation,channel,37155.2222161824,nT
2026-04-14T04:05:00.000Z,KSU1,X,variation,channel,37155.43116654073,nT
2026-04-14T04:06:00.000Z,KSU1,X,variation,channel,37155.32418110777,nT
2026-04-14T04:07:00.000Z,KSU1,X,variation,channel,37155.28948778132,nT
2026-04-14T04:08:00.000Z,KSU1,X,variation,channel,37155.2277959232,nT
2026-04-14T04:09:00.000Z,KSU1,X,variation,channel,37155.19936745151,nT
2026-04-14T04:10:00.000Z,KSU1,X,variation,channel,37155.097066850394,nT
2026-04-14T04:11:00.000Z,KSU1,X,variation,channel,37154.80254633222,nT
2026-04-14T04:12:00.000Z,KSU1,X,variation,channel,37154.62935591627,nT
2026-04-14T04:13:00.000Z,KSU1,X,variation,channel,37154.40358052543,nT
2026-04-14T04:14:00.000Z,KSU1,X,variation,channel,37154.493842056756,nT
2026-04-14T04:15:00.000Z,KSU1,X,variation,channel,37154.34978546226,nT
2026-04-14T04:16:00.000Z,KSU1,X,variation,channel,37154.22271395869,nT
2026-04-14T04:17:00.000Z,KSU1,X,variation,channel,37154.387077759326,nT
2026-04-14T04:18:00.000Z,KSU1,X,variation,channel,37154.36421514429,nT
2026-04-14T04:19:00.000Z,KSU1,X,variation,channel,37154.71305139222,nT
2026-04-14T04:20:00.000Z,KSU1,X,variation,channel,37154.575103392934,nT
2026-04-14T04:21:00.000Z,KSU1,X,variation,channel,37154.30859492295,nT
2026-04-14T04:22:00.000Z,KSU1,X,variation,channel,37154.32260064345,nT
2026-04-14T04:23:00.000Z,KSU1,X,variation,channel,37154.25136338976,nT
2026-04-14T04:24:00.000Z,KSU1,X,variation,channel,37154.10926315655,nT
2026-04-14T04:25:00.000Z,KSU1,X,variation,channel,37154.11576795961,nT
2026-04-14T04:26:00.000Z,KSU1,X,variation,channel,37154.131295470106,nT
2026-04-14T04:27:00.000Z,KSU1,X,variation,channel,37154.31338795463,nT
2026-04-14T04:28:00.000Z,KSU1,X,variation,channel,37154.489248123806,nT
2026-04-14T04:29:00.000Z,KSU1,X,variation,channel,37154.691005076165,nT
2026-04-14T04:30:00.000Z,KSU1,X,variation,channel,37154.81259003188,nT
2026-04-14T04:31:00.000Z,KSU1,X,variation,channel,37154.72824440704,nT
2026-04-14T04:32:00.000Z,KSU1,X,variation,channel,37154.61819524842,nT
2026-04-14T04:33:00.000Z,KSU1,X,variation,channel,37154.79600057938,nT
2026-04-14T04:34:00.000Z,KSU1,X,variation,channel,37154.60525333439,nT
2026-04-14T04:35:00.000Z,KSU1,X,variation,channel,37154.61926617387,nT
2026-04-14T04:36:00.000Z,KSU1,X,variation,channel,37154.37846254829,nT
2026-04-14T04:37:00.000Z,KSU1,X,variation,channel,37153.14011059301,nT
2026-04-14T04:38:00.000Z,KSU1,X,variation,channel,37153.590136251834,nT
2026-04-14T04:39:00.000Z,KSU1,X,variation,channel,37153.9277715886,nT
2026-04-14T04:40:00.000Z,KSU1,X,variation,channel,37153.90349312238,nT
2026-04-14T04:41:00.000Z,KSU1,X,variation,channel,37153.77000978935,nT
2026-04-14T04:42:00.000Z,KSU1,X,variation,channel,37153.81055914947,nT
2026-04-14T04:43:00.000Z,KSU1,X,variation,channel,37153.65376324515,nT
2026-04-14T04:44:00.000Z,KSU1,X,variation,channel,37153.4975313928,nT
2026-04-14T04:45:00.000Z,KSU1,X,variation,channel,37153.49120429011,nT
2026-04-14T04:46:00.000Z,KSU1,X,variation,channel,37153.04806746962,nT
2026-04-14T04:47:00.000Z,KSU1,X,variation,channel,37153.27074365771,nT
2026-04-14T04:48:00.000Z,KSU1,X,variation,channel,37153.01089474351,nT
2026-04-14T04:49:00.000Z,KSU1,X,variation,channel,37153.216648869515,nT
2026-04-14T04:50:00.000Z,KSU1,X,variation,channel,37152.95590876014,nT
2026-04-14T04:51:00.000Z,KSU1,X,variation,channel,37152.41502379294,nT
2026-04-14T04:52:00.000Z,KSU1,X,variation,channel,37152.61560397421,nT
2026-04-14T04:53:00.000Z,KSU1,X,variation,channel,37151.948854138296,nT
2026-04-14T04:54:00.000Z,KSU1,X,variation,channel,37151.420481861656,nT
2026-04-14T04:55:00.000Z,KSU1,X,variation,channel,37151.50377536831,nT
2026-04-14T04:56:00.000Z,KSU1,X,variation,channel,37151.276634717295,nT
2026-04-14T04:57:00.000Z,KSU1,X,variation,channel,37151.52670196749,nT
2026-04-14T04:58:00.000Z,KSU1,X,variation,channel,37151.27028837094,nT
2026-04-14T04:59:00.000Z,KSU1,X,variation,channel,37151.34072771233,nT
2026-04-14T05:00:00.000Z,KSU1,X,variation,channel,37151.34342638561,nT
2026-04-14T05:01:00.000Z,KSU1,X,variation,channel,37151.43151104943,nT
2026-04-14T05:02:00.000Z,KSU1,X,variation,channel,37151.54855247522,nT
2026-04-14T05:03:00.000Z,KSU1,X,variation,channel,37151.526077696224,nT
2026-04-14T05:04:00.000Z,KSU1,X,variation,channel,37151.62438266246,nT
2026-04-14T05:05:00.000Z,KSU1,X,variation,channel,37151.56240104584,nT
2026-04-14T05:06:00.000Z,KSU1,X,variation,channel,37150.57175854118,nT
2026-04-14T05:07:00.000Z,KSU1,X,variation,channel,37150.77735963303,nT
2026-04-14T05:08:00.000Z,KSU1,X,variation,channel,37151.20631177202,nT
2026-04-14T05:09:00.000Z,KSU1,X,variation,channel,37151.241069897434,nT
2026-04-14T05:10:00.000Z,KSU1,X,variation,channel,37150.95859995743,nT
2026-04-14T05:11:00.000Z,KSU1,X,variation,channel,37150.77260159944,nT
2026-04-14T05:12:00.000Z,KSU1,X,variation,channel,37150.998231609556,nT
2026-04-14T05:13:00.000Z,KSU1,X,variation,channel,37150.67321665227,nT
2026-04-14T05:14:00.000Z,KSU1,X,variation,channel,37150.90646780914,nT
2026-04-14T05:15:00.000Z,KSU1,X,variation,channel,37150.66638290143,nT
2026-04-14T05:16:00.000Z,KSU1,X,variation,channel,37150.55401787322,nT
2026-04-14T05:17:00.000Z,KSU1,X,variation,channel,37150.505823591535,nT
2026-04-14T05:18:00.000Z,KSU1,X,variation,channel,37150.14133761155,nT
2026-04-14T05:19:00.000Z,KSU1,X,variation,channel,37150.470215879046,nT
2026-04-14T05:20:00.000Z,KSU1,X,variation,channel,37150.24983360376,nT
2026-04-14T05:21:00.000Z,KSU1,X,variation,channel,37150.24628442567,nT
2026-04-14T05:22:00.000Z,KSU1,X,variation,channel,37150.64206813512,nT
2026-04-14T05:23:00.000Z,KSU1,X,variation,channel,37150.28414843208,nT
2026-04-14T05:24:00.000Z,KSU1,X,variation,channel,37150.37085305087,nT
2026-04-14T05:25:00.000Z,KSU1,X,variation,channel,37150.30257991213,nT
2026-04-14T05:26:00.000Z,KSU1,X,variation,channel,37150.24380700867,nT
2026-04-14T05:27:00.000Z,KSU1,X,variation,channel,37150.54434423385,nT
2026-04-14T05:28:00.000Z,KSU1,X,variation,channel,37150.59398330923,nT
2026-04-14T05:29:00.000Z,KSU1,X,variation,channel,37150.63062401377,nT
2026-04-14T05:30:00.000Z,KSU1,X,variation,channel,37150.564667876024,nT
2026-04-14T05:31:00.000Z,KSU1,X,variation,channel,37150.443304135435,nT
2026-04-14T05:32:00.000Z,KSU1,X,variation,channel,37150.25061489191,nT
2026-04-14T05:33:00.000Z,KSU1,X,variation,channel,37150.460975342634,nT
2026-04-14T05:34:00.000Z,KSU1,X,variation,channel,37150.65083830867,nT
2026-04-14T05:35:00.000Z,KSU1,X,variation,channel,37150.8653793734,nT
2026-04-14T05:36:00.000Z,KSU1,X,variation,channel,37151.071591010696,nT
2026-04-14T05:37:00.000Z,KSU1,X,variation,channel,37151.37472375587,nT
2026-04-14T05:38:00.000Z,KSU1,X,variation,channel,37151.45485545175,nT
2026-04-14T05:39:00.000Z,KSU1,X,variation,channel,37152.09961180637,nT
2026-04-14T05:40:00.000Z,KSU1,X,variation,channel,37152.61764529932,nT
2026-04-14T05:41:00.000Z,KSU1,X,variation,channel,37152.8042390874,nT
2026-04-14T05:42:00.000Z,KSU1,X,variation,channel,37152.76309764472,nT
2026-04-14T05:43:00.000Z,KSU1,X,variation,channel,37152.79179068426,nT
2026-04-14T05:44:00.000Z,KSU1,X,variation,channel,37152.6065744295,nT
2026-04-14T05:45:00.000Z,KSU1,X,variation,channel,37152.463638566216,nT
2026-04-14T05:46:00.000Z,KSU1,X,variation,channel,37152.41779769375,nT
2026-04-14T05:47:00.000Z,KSU1,X,variation,channel,37152.46837705951,nT
2026-04-14T05:48:00.000Z,KSU1,X,variation,channel,37152.39370287648,nT
2026-04-14T05:49:00.000Z,KSU1,X,variation,channel,37152.2895655995,nT
2026-04-14T05:50:00.000Z,KSU1,X,variation,channel,37152.28668881332,nT
2026-04-14T05:51:00.000Z,KSU1,X,variation,channel,37152.29388061293,nT
2026-04-14T05:52:00.000Z,KSU1,X,variation,channel,37152.22444460877,nT
2026-04-14T05:53:00.000Z,KSU1,X,variation,channel,37151.82537953214,nT
2026-04-14T05:54:00.000Z,KSU1,X,variation,channel,37151.72584875404,nT
2026-04-14T05:55:00.000Z,KSU1,X,variation,channel,37151.76742045157,nT
2026-04-14T05:56:00.000Z,KSU1,X,variation,channel,37151.61712748756,nT
2026-04-14T05:57:00.000Z,KSU1,X,variation,channel,37151.712543000205,nT
2026-04-14T05:58:00.000Z,KSU1,X,variation,channel,37151.61783877999,nT
2026-04-14T05:59:00.000Z,KSU1,X,variation,channel,37151.5677672537,nT
2026-04-14T06:00:00.000Z,KSU1,X,variation,channel,37151.402405500296,nT
2026-04-14T06:01:00.000Z,KSU1,X,variation,channel,37151.37893688767,nT
2026-04-14T06:02:00.000Z,KSU1,X,variation,channel,37151.20290037907,nT
2026-04-14T06:03:00.000Z,KSU1,X,variation,channel,37151.17908817048,nT
2026-04-14T06:04:00.000Z,KSU1,X,variation,channel,37151.179676235646,nT
2026-04-14T06:05:00.000Z,KSU1,X,variation,channel,37151.24158711102,nT
2026-04-14T06:06:00.000Z,KSU1,X,variation,channel,37151.32022479847,nT
2026-04-14T06:07:00.000Z,KSU1,X,variation,channel,37151.01685140714,nT
2026-04-14T06:08:00.000Z,KSU1,X,variation,channel,37150.84117822285,nT
2026-04-14T06:09:00.000Z,KSU1,X,variation,channel,37151.51243399143,nT
2026-04-14T06:10:00.000Z,KSU1,X,variation,channel,37151.15937667656,nT
2026-04-14T06:11:00.000Z,KSU1,X,variation,channel,37150.96674867138,nT
2026-04-14T06:12:00.000Z,KSU1,X,variation,channel,37150.82298768952,nT
2026-04-14T06:13:00.000Z,KSU1,X,variation,channel,37150.76377830123,nT
2026-04-14T06:14:00.000Z,KSU1,X,variation,channel,37150.96336620844,nT
2026-04-14T06:15:00.000Z,KSU1,X,variation,channel,37150.78443288809,nT
2026-04-14T06:16:00.000Z,KSU1,X,variation,channel,37150.68194059124,nT
2026-04-14T06:17:00.000Z,KSU1,X,variation,channel,37150.63072585386,nT
2026-04-14T06:18:00.000Z,KSU1,X,variation,channel,37150.00363476856,nT
2026-04-14T06:19:00.000Z,KSU1,X,variation,channel,37149.76430932204,nT
2026-04-14T06:20:00.000Z,KSU1,X,variation,channel,37150.55585135933,nT
2026-04-14T06:21:00.000Z,KSU1,X,variation,channel,37150.37206405541,nT
2026-04-14T06:22:00.000Z,KSU1,X,variation,channel,37150.45693488393,nT
2026-04-14T06:23:00.000Z,KSU1,X,variation,channel,37150.503463014524,nT
2026-04-14T06:24:00.000Z,KSU1,X,variation,channel,37150.41849944432,nT
2026-04-14T06:25:00.000Z,KSU1,X,variation,channel,37150.377167867904,nT
2026-04-14T06:26:00.000Z,KSU1,X,variation,channel,37150.332622446775,nT
2026-04-14T06:27:00.000Z,KSU1,X,variation,channel,37150.47583275861,nT
2026-04-14T06:28:00.000Z,KSU1,X,variation,channel,37150.10984898165,nT
2026-04-14T06:29:00.000Z,KSU1,X,variation,channel,37150.12847807406,nT
2026-04-14T06:30:00.000Z,KSU1,X,variation,channel,37150.064070337256,nT
2026-04-14T06:31:00.000Z,KSU1,X,variation,channel,37149.873117380834,nT
2026-04-14T06:32:00.000Z,KSU1,X,variation,channel,37149.86930000049,nT
2026-04-14T06:33:00.000Z,KSU1,X,variation,channel,37149.7039369016,nT
2026-04-14T06:34:00.000Z,KSU1,X,variation,channel,37149.69507430733,nT
2026-04-14T06:35:00.000Z,KSU1,X,variation,channel,37149.764057108,nT
2026-04-14T06:36:00.000Z,KSU1,X,variation,channel,37149.71390091531,nT
2026-04-14T06:37:00.000Z,KSU1,X,variation,channel,37149.75371179701,nT
2026-04-14T06:38:00.000Z,KSU1,X,variation,channel,37149.708562702894,nT
2026-04-14T06:39:00.000Z,KSU1,X,variation,channel,37149.52045958248,nT
2026-04-14T06:40:00.000Z,KSU1,X,variation,channel,37149.61304355395,nT
2026-04-14T06:41:00.000Z,KSU1,X,variation,channel,37149.30932830111,nT
2026-04-14T06:42:00.000Z,KSU1,X,variation,channel,37149.20399412373,nT
2026-04-14T06:43:00.000Z,KSU1,X,variation,channel,37149.30335158601,nT
2026-04-14T06:44:00.000Z,KSU1,X,variation,channel,37149.39795546846,nT
2026-04-14T06:45:00.000Z,KSU1,X,variation,channel,37149.29538521095,nT
2026-04-14T06:46:00.000Z,KSU1,X,variation,channel,37149.33606667305,nT
2026-04-14T06:47:00.000Z,KSU1,X,variation,channel,37149.18051802178,nT
2026-04-14T06:48:00.000Z,KSU1,X,variation,channel,37149.184819347916,nT
2026-04-14T06:49:00.000Z,KSU1,X,variation,channel,37149.631120859056,nT
2026-04-14T06:50:00.000Z,KSU1,X,variation,channel,37150.22545797914,nT
2026-04-14T06:51:00.000Z,KSU1,X,variation,channel,37150.38939613501,nT
2026-04-14T06:52:00.000Z,KSU1,X,variation,channel,37150.23674048065,nT
2026-04-14T06:53:00.000Z,KSU1,X,variation,channel,37150.36397846419,nT
2026-04-14T06:54:00.000Z,KSU1,X,variation,channel,37150.511781038505,nT
2026-04-14T06:55:00.000Z,KSU1,X,variation,channel,37150.75693671969,nT
2026-04-14T06:56:00.000Z,KSU1,X,variation,channel,37151.02341865759,nT
2026-04-14T06:57:00.000Z,KSU1,X,variation,channel,37151.156129732655,nT
2026-04-14T06:58:00.000Z,KSU1,X,variation,channel,37151.32642847672,nT
2026-04-14T06:59:00.000Z,KSU1,X,variation,channel,37151.25209827152,nT
2026-04-14T07:00:00.000Z,KSU1,X,variation,channel,37151.06970250208,nT
2026-04-14T07:01:00.000Z,KSU1,X,variation,channel,37150.945131099,nT
2026-04-14T07:02:00.000Z,KSU1,X,variation,channel,37150.70571106793,nT
2026-04-14T07:03:00.000Z,KSU1,X,variation,channel,37150.599391781994,nT
2026-04-14T07:04:00.000Z,KSU1,X,variation,channel,37150.573022043245,nT
2026-04-14T07:05:00.000Z,KSU1,X,variation,channel,37150.35797023941,nT
2026-04-14T07:06:00.000Z,KSU1,X,variation,channel,37150.25615398404,nT
2026-04-14T07:07:00.000Z,KSU1,X,variation,channel,37150.29178389841,nT
2026-04-14T07:08:00.000Z,KSU1,X,variation,channel,37150.175116062106,nT
2026-04-14T07:09:00.000Z,KSU1,X,variation,channel,37150.36012767828,nT
2026-04-14T07:10:00.000Z,KSU1,X,variation,channel,37150.439956464674,nT
2026-04-14T07:11:00.000Z,KSU1,X,variation,channel,37150.38195332249,nT
2026-04-14T07:12:00.000Z,KSU1,X,variation,channel,37150.0701086693,nT
2026-04-14T07:13:00.000Z,KSU1,X,variation,channel,37149.979001290994,nT
2026-04-14T07:14:00.000Z,KSU1,X,variation,channel,37149.96464325191,nT
2026-04-14T07:15:00.000Z,KSU1,X,variation,channel,37150.05550531712,nT
2026-04-14T07:16:00.000Z,KSU1,X,variation,channel,37150.03731452688,nT
2026-04-14T07:17:00.000Z,KSU1,X,variation,channel,37150.15136268344,nT
2026-04-14T07:18:00.000Z,KSU1,X,variation,channel,37150.392928030014,nT
2026-04-14T07:19:00.000Z,KSU1,X,variation,channel,37150.45681707596,nT
2026-04-14T07:20:00.000Z,KSU1,X,variation,channel,37150.67824583883,nT
2026-04-14T07:21:00.000Z,KSU1,X,variation,channel,37150.645460794905,nT
2026-04-14T07:22:00.000Z,KSU1,X,variation,channel,37150.678711815686,nT
2026-04-14T07:23:00.000Z,KSU1,X,variation,channel,37150.713067094875,nT
2026-04-14T07:24:00.000Z,KSU1,X,variation,channel,37150.49497438857,nT
2026-04-14T07:25:00.000Z,KSU1,X,variation,channel,37150.451245177996,nT
2026-04-14T07:26:00.000Z,KSU1,X,variation,channel,37150.00967484452,nT
2026-04-14T07:27:00.000Z,KSU1,X,variation,channel,37149.75418299642,nT
2026-04-14T07:28:00.000Z,KSU1,X,variation,channel,37149.571160558786,nT
2026-04-14T07:29:00.000Z,KSU1,X,variation,channel,37149.39721343536,nT
2026-04-14T07:30:00.000Z,KSU1,X,variation,channel,37149.20514979361,nT
2026-04-14T07:31:00.000Z,KSU1,X,variation,channel,37149.03774828729,nT
2026-04-14T07:32:00.000Z,KSU1,X,variation,channel,37149.22697196024,nT
2026-04-14T07:33:00.000Z,KSU1,X,variation,channel,37149.0889942261,nT
2026-04-14T07:34:00.000Z,KSU1,X,variation,channel,37148.40405373507,nT
2026-04-14T07:35:00.000Z,KSU1,X,variation,channel,37149.02004944029,nT
2026-04-14T07:36:00.000Z,KSU1,X,variation,channel,37149.485416680975,nT
2026-04-14T07:37:00.000Z,KSU1,X,variation,channel,37149.821720923224,nT
2026-04-14T07:38:00.000Z,KSU1,X,variation,channel,37150.07651984649,nT
2026-04-14T07:39:00.000Z,KSU1,X,variation,channel,37150.64999189966,nT
2026-04-14T07:40:00.000Z,KSU1,X,variation,channel,37150.92387536507,nT
2026-04-14T07:41:00.000Z,KSU1,X,variation,channel,37150.35763898747,nT
2026-04-14T07:42:00.000Z,KSU1,X,variation,channel,37150.77075040722,nT
2026-04-14T07:43:00.000Z,KSU1,X,variation,channel,37151.71808642019,nT
2026-04-14T07:44:00.000Z,KSU1,X,variation,channel,37151.34047222893,nT
2026-04-14T07:45:00.000Z,KSU1,X,variation,channel,37151.629540416565,nT
2026-04-14T07:46:00.000Z,KSU1,X,variation,channel,37150.96175109269,nT
2026-04-14T07:47:00.000Z,KSU1,X,variation,channel,37151.4694316256,nT
2026-04-14T07:48:00.000Z,KSU1,X,variation,channel,37151.15241946259,nT
2026-04-14T07:49:00.000Z,KSU1,X,variation,channel,37151.120319104724,nT
2026-04-14T07:50:00.000Z,KSU1,X,variation,channel,37150.78586086447,nT
2026-04-14T07:51:00.000Z,KSU1,X,variation,channel,37151.5023452116,nT
2026-04-14T07:52:00.000Z,KSU1,X,variation,channel,37150.882879589764,nT
2026-04-14T07:53:00.000Z,KSU1,X,variation,channel,37151.05498221662,nT
2026-04-14T07:54:00.000Z,KSU1,X,variation,channel,37151.14300973106,nT
2026-04-14T07:55:00.000Z,KSU1,X,variation,channel,37150.90814804857,nT
2026-04-14T07:56:00.000Z,KSU1,X,variation,channel,37150.9187416155,nT
2026-04-14T07:57:00.000Z,KSU1,X,variation,channel,37150.46947738318,nT
2026-04-14T07:58:00.000Z,KSU1,X,variation,channel,37151.103658080705,nT
2026-04-14T07:59:00.000Z,KSU1,X,variation,channel,37150.82424791877,nT
2026-04-14T08:00:00.000Z,KSU1,X,variation,channel,37151.02880218287,nT
2026-04-14T08:01:00.000Z,KSU1,X,variation,channel,37151.28933160925,nT
2026-04-14T08:02:00.000Z,KSU1,X,variation,channel,37151.93149257587,nT
2026-04-14T08:03:00.000Z,KSU1,X,variation,channel,37151.47017939829,nT
2026-04-14T08:04:00.000Z,KSU1,X,variation,channel,37151.44729845131,nT
2026-04-14T08:05:00.000Z,KSU1,X,variation,channel,37151.34193991676,nT
2026-04-14T08:06:00.000Z,KSU1,X,variation,channel,37151.50612542156,nT
2026-04-14T08:07:00.000Z,KSU1,X,variation,channel,37151.33990429439,nT
2026-04-14T08:08:00.000Z,KSU1,X,variation,channel,37151.1600951654,nT
2026-04-14T08:09:00.000Z,KSU1,X,variation,channel,37150.832027400305,nT
2026-04-14T08:10:00.000Z,KSU1,X,variation,channel,37150.74321237845,nT
2026-04-14T08:11:00.000Z,KSU1,X,variation,channel,37150.448177244434,nT
2026-04-14T08:12:00.000Z,KSU1,X,variation,channel,37150.63944782587,nT
2026-04-14T08:13:00.000Z,KSU1,X,variation,channel,37150.323671689206,nT
2026-04-14T08:14:00.000Z,KSU1,X,variation,channel,37150.618009847785,nT
2026-04-14T08:15:00.000Z,KSU1,X,variation,channel,37150.77139514684,nT
2026-04-14T08:16:00.000Z,KSU1,X,variation,channel,37150.847315621104,nT
2026-04-14T08:17:00.000Z,KSU1,X,variation,channel,37150.58343157867,nT
2026-04-14T08:18:00.000Z,KSU1,X,variation,channel,37150.549616186465,nT
2026-04-14T08:19:00.000Z,KSU1,X,variation,channel,37150.52445147516,nT
2026-04-14T08:20:00.000Z,KSU1,X,variation,channel,37150.0081757653,nT
2026-04-14T08:21:00.000Z,KSU1,X,variation,channel,37150.14407778607,nT
2026-04-14T08:22:00.000Z,KSU1,X,variation,channel,37149.716691233225,nT
2026-04-14T08:23:00.000Z,KSU1,X,variation,channel,37149.73248842703,nT
2026-04-14T08:24:00.000Z,KSU1,X,variation,channel,37149.81329623706,nT
2026-04-14T08:25:00.000Z,KSU1,X,variation,channel,37150.081702033225,nT
2026-04-14T08:26:00.000Z,KSU1,X,variation,channel,37149.94313863042,nT
2026-04-14T08:27:00.000Z,KSU1,X,variation,channel,37149.57065515383,nT
2026-04-14T08:28:00.000Z,KSU1,X,variation,channel,37149.37499085156,nT
2026-04-14T08:29:00.000Z,KSU1,X,variation,channel,37149.07973396143,nT
2026-04-14T08:30:00.000Z,KSU1,X,variation,channel,37149.27920503758,nT
2026-04-14T08:31:00.000Z,KSU1,X,variation,channel,37149.017240865316,nT
2026-04-14T08:32:00.000Z,KSU1,X,variation,channel,37149.15448660712,nT
2026-04-14T08:33:00.000Z,KSU1,X,variation,channel,37149.16921525309,nT
2026-04-14T08:34:00.000Z,KSU1,X,variation,channel,37149.01892693534,nT
2026-04-14T08:35:00.000Z,KSU1,X,variation,channel,37149.32137660393,nT
2026-04-14T08:36:00.000Z,KSU1,X,variation,channel,37147.0780510953,nT
2026-04-14T08:37:00.000Z,KSU1,X,variation,channel,37142.69951820557,nT
2026-04-14T08:38:00.000Z,KSU1,X,variation,channel,37142.60486949441,nT
2026-04-14T08:39:00.000Z,KSU1,X,variation,channel,37142.26444785261,nT
2026-04-14T08:40:00.000Z,KSU1,X,variation,channel,37142.30991968458,nT
2026-04-14T08:41:00.000Z,KSU1,X,variation,channel,37142.44089075858,nT
2026-04-14T08:42:00.000Z,KSU1,X,variation,channel,37142.54315494387,nT
2026-04-14T08:43:00.000Z,KSU1,X,variation,channel,37142.59536253958,nT
2026-04-14T08:44:00.000Z,KSU1,X,variation,channel,37141.678415121416,nT
2026-04-14T08:45:00.000Z,KSU1,X,variation,channel,37142.352730687126,nT
2026-04-14T08:46:00.000Z,KSU1,X,variation,channel,37143.19059458494,nT
2026-04-14T08:47:00.000Z,KSU1,X,variation,channel,37143.35988296327,nT
2026-04-14T08:48:00.000Z,KSU1,X,variation,channel,37143.48154845894,nT
2026-04-14T08:49:00.000Z,KSU1,X,variation,channel,37143.54357451336,nT
2026-04-14T08:50:00.000Z,KSU1,X,variation,channel,37143.51921133135,nT
2026-04-14T08:51:00.000Z,KSU1,X,variation,channel,37143.451468526946,nT
2026-04-14T08:52:00.000Z,KSU1,X,variation,channel,37143.64077183119,nT
2026-04-14T08:53:00.000Z,KSU1,X,variation,channel,37143.47342353782,nT
2026-04-14T08:54:00.000Z,KSU1,X,variation,channel,37143.734244915715,nT
2026-04-14T08:55:00.000Z,KSU1,X,variation,channel,37143.830303075025,nT
2026-04-14T08:56:00.000Z,KSU1,X,variation,channel,37143.55775297263,nT
2026-04-14T08:57:00.000Z,KSU1,X,variation,channel,37143.651016824086,nT
2026-04-14T08:58:00.000Z,KSU1,X,variation,channel,37143.49133779981,nT
2026-04-14T08:59:00.000Z,KSU1,X,variation,channel,37143.1487136771,nT
2026-04-14T09:00:00.000Z,KSU1,X,variation,channel,37143.21821027197,nT
2026-04-14T09:01:00.000Z,KSU1,X,variation,channel,37142.87041314527,nT
2026-04-14T09:02:00.000Z,KSU1,X,variation,channel,37142.50067619883,nT
2026-04-14T09:03:00.000Z,KSU1,X,variation,channel,37142.56526280499,nT
2026-04-14T09:04:00.000Z,KSU1,X,variation,channel,37142.32633822004,nT
2026-04-14T09:05:00.000Z,KSU1,X,variation,channel,37142.54502834823,nT
2026-04-14T09:06:00.000Z,KSU1,X,variation,channel,37142.628666843244,nT
2026-04-14T09:07:00.000Z,KSU1,X,variation,channel,37142.39560987792,nT
2026-04-14T09:08:00.000Z,KSU1,X,variation,channel,37142.15157817652,nT
2026-04-14T09:09:00.000Z,KSU1,X,variation,channel,37141.97950154524,nT
2026-04-14T09:10:00.000Z,KSU1,X,variation,channel,37141.53710599581,nT
2026-04-14T09:11:00.000Z,KSU1,X,variation,channel,37141.176682667596,nT
2026-04-14T09:12:00.000Z,KSU1,X,variation,channel,37141.12822703767,nT
2026-04-14T09:13:00.000Z,KSU1,X,variation,channel,37141.50767624624,nT
2026-04-14T09:14:00.000Z,KSU1,X,variation,channel,37141.405062893056,nT
2026-04-14T09:15:00.000Z,KSU1,X,variation,channel,37141.08282647721,nT
2026-04-14T09:16:00.000Z,KSU1,X,variation,channel,37140.900061182605,nT
2026-04-14T09:17:00.000Z,KSU1,X,variation,channel,37140.99274543592,nT
2026-04-14T09:18:00.000Z,KSU1,X,variation,channel,37141.07276458574,nT
2026-04-14T09:19:00.000Z,KSU1,X,variation,channel,37140.82973091104,nT
2026-04-14T09:20:00.000Z,KSU1,X,variation,channel,37140.773936148944,nT
2026-04-14T09:21:00.000Z,KSU1,X,variation,channel,37140.74481682751,nT
2026-04-14T09:22:00.000Z,KSU1,X,variation,channel,37140.57610389817,nT
2026-04-14T09:23:00.000Z,KSU1,X,variation,channel,37140.918769896045,nT
2026-04-14T09:24:00.000Z,KSU1,X,variation,channel,37140.87086067126,nT
2026-04-14T09:25:00.000Z,KSU1,X,variation,channel,37140.78306003604,nT
2026-04-14T09:26:00.000Z,KSU1,X,variation,channel,37140.82469071623,nT
2026-04-14T09:27:00.000Z,KSU1,X,variation,channel,37140.66791994123,nT
2026-04-14T09:28:00.000Z,KSU1,X,variation,channel,37140.77835567945,nT
2026-04-14T09:29:00.000Z,KSU1,X,variation,channel,37140.92608903382,nT
2026-04-14T09:30:00.000Z,KSU1,X,variation,channel,37141.02332189784,nT
2026-04-14T09:31:00.000Z,KSU1,X,variation,channel,37141.2735001912,nT
2026-04-14T09:32:00.000Z,KSU1,X,variation,channel,37141.61063201938,nT
2026-04-14T09:33:00.000Z,KSU1,X,variation,channel,37141.40406757132,nT
2026-04-14T09:34:00.000Z,KSU1,X,variation,channel,37141.38298731849,nT
2026-04-14T09:35:00.000Z,KSU1,X,variation,channel,37141.519264112605,nT
2026-04-14T09:36:00.000Z,KSU1,X,variation,channel,37141.69131682003,nT
2026-04-14T09:37:00.000Z,KSU1,X,variation,channel,37141.89486650955,nT
2026-04-14T09:38:00.000Z,KSU1,X,variation,channel,37142.23162289537,nT
2026-04-14T09:39:00.000Z,KSU1,X,variation,channel,37142.43630365318,nT
2026-04-14T09:40:00.000Z,KSU1,X,variation,channel,37142.58698168405,nT
2026-04-14T09:41:00.000Z,KSU1,X,variation,channel,37142.73004695805,nT
2026-04-14T09:42:00.000Z,KSU1,X,variation,channel,37142.8732605135,nT
2026-04-14T09:43:00.000Z,KSU1,X,variation,channel,37143.15308127659,nT
2026-04-14T09:44:00.000Z,KSU1,X,variation,channel,37143.262101198,nT
2026-04-14T09:45:00.000Z,KSU1,X,variation,channel,37143.252620280145,nT
2026-04-14T09:46:00.000Z,KSU1,X,variation,channel,37143.429167164555,nT
2026-04-14T09:47:00.000Z,KSU1,X,variation,channel,37143.65849049307,nT
2026-04-14T09:48:00.000Z,KSU1,X,variation,channel,37144.113751688004,nT
2026-04-14T09:49:00.000Z,KSU1,X,variation,channel,37144.12088562831,nT
2026-04-14T09:50:00.000Z,KSU1,X,variation,channel,37144.33435824096,nT
2026-04-14T09:51:00.000Z,KSU1,X,variation,channel,37144.536667755594,nT
2026-04-14T09:52:00.000Z,KSU1,X,variation,channel,37144.79190621142,nT
2026-04-14T09:53:00.000Z,KSU1,X,variation,channel,37145.12825993351,nT
2026-04-14T09:54:00.000Z,KSU1,X,variation,channel,37145.351019042595,nT
2026-04-14T09:55:00.000Z,KSU1,X,variation,channel,37144.928407269,nT
2026-04-14T09:56:00.000Z,KSU1,X,variation,channel,37144.364281728536,nT
2026-04-14T09:57:00.000Z,KSU1,X,variation,channel,37145.092579973665,nT
2026-04-14T09:58:00.000Z,KSU1,X,variation,channel,37145.17754691546,nT
2026-04-14T09:59:00.000Z,KSU1,X,variation,channel,37145.184283496426,nT
2026-04-14T10:00:00.000Z,KSU1,X,variation,channel,37145.26257655797,nT
2026-04-14T10:01:00.000Z,KSU1,X,variation,channel,37145.11072190647,nT
2026-04-14T10:02:00.000Z,KSU1,X,variation,channel,37145.11226651999,nT
2026-04-14T10:03:00.000Z,KSU1,X,variation,channel,37145.47976788546,nT
2026-04-14T10:04:00.000Z,KSU1,X,variation,channel,37145.6486657836,nT
2026-04-14T10:05:00.000Z,KSU1,X,variation,channel,37145.50327254556,nT
2026-04-14T10:06:00.000Z,KSU1,X,variation,channel,37145.541405253105,nT
2026-04-14T10:07:00.000Z,KSU1,X,variation,channel,37145.67162528399,nT
2026-04-14T10:08:00.000Z,KSU1,X,variation,channel,37145.512263008175,nT
2026-04-14T10:09:00.000Z,KSU1,X,variation,channel,37145.872799453304,nT
2026-04-14T10:10:00.000Z,KSU1,X,variation,channel,37145.92194795094,nT
2026-04-14T10:11:00.000Z,KSU1,X,variation,channel,37145.75256846548,nT
2026-04-14T10:12:00.000Z,KSU1,X,variation,channel,37145.58019535853,nT
2026-04-14T10:13:00.000Z,KSU1,X,variation,channel,37145.276700347415,nT
2026-04-14T10:14:00.000Z,KSU1,X,variation,channel,37145.60014704398,nT
2026-04-14T10:15:00.000Z,KSU1,X,variation,channel,37145.625534863306,nT
2026-04-14T10:16:00.000Z,KSU1,X,variation,channel,37145.738051951565,nT
2026-04-14T10:17:00.000Z,KSU1,X,variation,channel,37145.78401952136,nT
2026-04-14T10:18:00.000Z,KSU1,X,variation,channel,37145.45767437723,nT
2026-04-14T10:19:00.000Z,KSU1,X,variation,channel,37145.291434948536,nT
2026-04-14T10:20:00.000Z,KSU1,X,variation,channel,37144.98076716666,nT
2026-04-14T10:21:00.000Z,KSU1,X,variation,channel,37144.78053462657,nT
2026-04-14T10:22:00.000Z,KSU1,X,variation,channel,37144.90395732176,nT
2026-04-14T10:23:00.000Z,KSU1,X,variation,channel,37144.83380452384,nT
2026-04-14T10:24:00.000Z,KSU1,X,variation,channel,37144.656856906695,nT
2026-04-14T10:25:00.000Z,KSU1,X,variation,channel,37144.80901610425,nT
2026-04-14T10:26:00.000Z,KSU1,X,variation,channel,37144.73060824206,nT
2026-04-14T10:27:00.000Z,KSU1,X,variation,channel,37144.95317420376,nT
2026-04-14T10:28:00.000Z,KSU1,X,variation,channel,37145.150049042066,nT
2026-04-14T10:29:00.000Z,KSU1,X,variation,channel,37144.749185623456,nT
2026-04-14T10:30:00.000Z,KSU1,X,variation,channel,37144.67328215087,nT
2026-04-14T10:31:00.000Z,KSU1,X,variation,channel,37144.58458463551,nT
2026-04-14T10:32:00.000Z,KSU1,X,variation,channel,37144.57903042452,nT
2026-04-14T10:33:00.000Z,KSU1,X,variation,channel,37144.24121300924,nT
2026-04-14T10:34:00.000Z,KSU1,X,variation,channel,37144.28789753194,nT
2026-04-14T10:35:00.000Z,KSU1,X,variation,channel,37144.14927418658,nT
2026-04-14T10:36:00.000Z,KSU1,X,variation,channel,37144.07493435582,nT
2026-04-14T10:37:00.000Z,KSU1,X,variation,channel,37144.09294058753,nT
2026-04-14T10:38:00.000Z,KSU1,X,variation,channel,37143.86869554256,nT
2026-04-14T10:39:00.000Z,KSU1,X,variation,channel,37143.74540210826,nT
2026-04-14T10:40:00.000Z,KSU1,X,variation,channel,37143.84286842553,nT
2026-04-14T10:41:00.000Z,KSU1,X,variation,channel,37144.06032987659,nT
2026-04-14T10:42:00.000Z,KSU1,X,variation,channel,37143.97275217312,nT
2026-04-14T10:43:00.000Z,KSU1,X,variation,channel,37143.86410158389,nT
2026-04-14T10:44:00.000Z,KSU1,X,variation,channel,37143.7955347522,nT
2026-04-14T10:45:00.000Z,KSU1,X,variation,channel,37143.69953010721,nT
2026-04-14T10:46:00.000Z,KSU1,X,variation,channel,37143.505847283544,nT
2026-04-14T10:47:00.000Z,KSU1,X,variation,channel,37143.213456449084,nT
2026-04-14T10:48:00.000Z,KSU1,X,variation,channel,37143.067429599396,nT
2026-04-14T10:49:00.000Z,KSU1,X,variation,channel,37142.83626691259,nT
2026-04-14T10:50:00.000Z,KSU1,X,variation,channel,37142.53036265425,nT
2026-04-14T10:51:00.000Z,KSU1,X,variation,channel,37142.44135505951,nT
2026-04-14T10:52:00.000Z,KSU1,X,variation,channel,37141.509277038705,nT
2026-04-14T10:53:00.000Z,KSU1,X,variation,channel,37142.04008820932,nT
2026-04-14T10:54:00.000Z,KSU1,X,variation,channel,37142.45838609829,nT
2026-04-14T10:55:00.000Z,KSU1,X,variation,channel,37142.32138768083,nT
2026-04-14T10:56:00.000Z,KSU1,X,variation,channel,37142.29594636304,nT
2026-04-14T10:57:00.000Z,KSU1,X,variation,channel,37142.267710836066,nT
2026-04-14T10:58:00.000Z,KSU1,X,variation,channel,37142.20320963189,nT
2026-04-14T10:59:00.000Z,KSU1,X,variation,channel,37141.99795363862,nT
2026-04-14T11:00:00.000Z,KSU1,X,variation,channel,37141.851244050566,nT
2026-04-14T11:01:00.000Z,KSU1,X,variation,channel,37141.976952925594,nT
2026-04-14T11:02:00.000Z,KSU1,X,variation,channel,37141.8229312988,nT
2026-04-14T11:03:00.000Z,KSU1,X,variation,channel,37141.76167644629,nT
2026-04-14T11:04:00.000Z,KSU1,X,variation,channel,37141.46994214715,nT
2026-04-14T11:05:00.000Z,KSU1,X,variation,channel,37141.49681549085,nT
2026-04-14T11:06:00.000Z,KSU1,X,variation,channel,37141.4442256516,nT
2026-04-14T11:07:00.000Z,KSU1,X,variation,channel,37141.4748323544,nT
2026-04-14T11:08:00.000Z,KSU1,X,variation,channel,37140.5951393411,nT
2026-04-14T11:09:00.000Z,KSU1,X,variation,channel,37140.80185330676,nT
2026-04-14T11:10:00.000Z,KSU1,X,variation,channel,37141.35475443084,nT
2026-04-14T11:11:00.000Z,KSU1,X,variation,channel,37141.71474315369,nT
2026-04-14T11:12:00.000Z,KSU1,X,variation,channel,37141.655273852375,nT
2026-04-14T11:13:00.000Z,KSU1,X,variation,channel,37141.61358789601,nT
2026-04-14T11:14:00.000Z,KSU1,X,variation,channel,37141.493960710184,nT
2026-04-14T11:15:00.000Z,KSU1,X,variation,channel,37141.464823045724,nT
2026-04-14T11:16:00.000Z,KSU1,X,variation,channel,37141.293226440175,nT
2026-04-14T11:17:00.000Z,KSU1,X,variation,channel,37141.434352919576,nT
2026-04-14T11:18:00.000Z,KSU1,X,variation,channel,37141.16095726483,nT
2026-04-14T11:19:00.000Z,KSU1,X,variation,channel,37141.16212008906,nT
2026-04-14T11:20:00.000Z,KSU1,X,variation,channel,37141.43307056766,nT
2026-04-14T11:21:00.000Z,KSU1,X,variation,channel,37141.15704229146,nT
2026-04-14T11:22:00.000Z,KSU1,X,variation,channel,37141.34194099248,nT
2026-04-14T11:23:00.000Z,KSU1,X,variation,channel,37141.09773818264,nT
2026-04-14T11:24:00.000Z,KSU1,X,variation,channel,37141.08496414018,nT
2026-04-14T11:25:00.000Z,KSU1,X,variation,channel,37141.258749134984,nT
2026-04-14T11:26:00.000Z,KSU1,X,variation,channel,37141.06687042385,nT
2026-04-14T11:27:00.000Z,KSU1,X,variation,channel,37141.13138814874,nT
2026-04-14T11:28:00.000Z,KSU1,X,variation,channel,37141.18194414457,nT
2026-04-14T11:29:00.000Z,KSU1,X,variation,channel,37141.117938910604,nT
2026-04-14T11:30:00.000Z,KSU1,X,variation,channel,37141.01233552138,nT
2026-04-14T11:31:00.000Z,KSU1,X,variation,channel,37141.26286533575,nT
2026-04-14T11:32:00.000Z,KSU1,X,variation,channel,37142.20660164155,nT
2026-04-14T11:33:00.000Z,KSU1,X,variation,channel,37142.29371432323,nT
2026-04-14T11:34:00.000Z,KSU1,X,variation,channel,37141.59763802979,nT
2026-04-14T11:35:00.000Z,KSU1,X,variation,channel,37141.68072068742,nT
2026-04-14T11:36:00.000Z,KSU1,X,variation,channel,37141.61390068227,nT
2026-04-14T11:37:00.000Z,KSU1,X,variation,channel,37142.07071367932,nT
2026-04-14T11:38:00.000Z,KSU1,X,variation,channel,37142.333988617385,nT
2026-04-14T11:39:00.000Z,KSU1,X,variation,channel,37142.1564392496,nT
2026-04-14T11:40:00.000Z,KSU1,X,variation,channel,37141.71421344361,nT
2026-04-14T11:41:00.000Z,KSU1,X,variation,channel,37141.68981489583,nT
2026-04-14T11:42:00.000Z,KSU1,X,variation,channel,37141.65591468768,nT
2026-04-14T11:43:00.000Z,KSU1,X,variation,channel,37141.76057944641,nT
2026-04-14T11:44:00.000Z,KSU1,X,variation,channel,37141.853747250476,nT
2026-04-14T11:45:00.000Z,KSU1,X,variation,channel,37141.61949323874,nT
2026-04-14T11:46:00.000Z,KSU1,X,variation,channel,37141.596866560474,nT
2026-04-14T11:47:00.000Z,KSU1,X,variation,channel,37141.58688546398,nT
2026-04-14T11:48:00.000Z,KSU1,X,variation,channel,37141.91279418235,nT
2026-04-14T11:49:00.000Z,KSU1,X,variation,channel,37141.52642030048,nT
2026-04-14T11:50:00.000Z,KSU1,X,variation,channel,37141.66511053577,nT
2026-04-14T11:51:00.000Z,KSU1,X,variation,channel,37141.43419993709,nT
2026-04-14T11:52:00.000Z,KSU1,X,variation,channel,37141.397254170675,nT
2026-04-14T11:53:00.000Z,KSU1,X,variation,channel,37141.849050358935,nT
2026-04-14T11:54:00.000Z,KSU1,X,variation,channel,37142.02673878824,nT
2026-04-14T11:55:00.000Z,KSU1,X,variation,channel,37142.302209373665,nT
2026-04-14T11:56:00.000Z,KSU1,X,variation,channel,37142.72729417136,nT
2026-04-14T11:57:00.000Z,KSU1,X,variation,channel,37143.0152048188,nT
2026-04-14T11:58:00.000Z,KSU1,X,variation,channel,37142.93996797018,nT
2026-04-14T11:59:00.000Z,KSU1,X,variation,channel,37142.89197656742,nT
2026-04-14T12:00:00.000Z,KSU1,X,variation,channel,37143.41066024541,nT
2026-04-14T12:01:00.000Z,KSU1,X,variation,channel,37143.31527396785,nT
2026-04-14T12:02:00.000Z,KSU1,X,variation,channel,37143.35738339391,nT
2026-04-14T12:03:00.000Z,KSU1,X,variation,channel,37143.54922951697,nT
2026-04-14T12:04:00.000Z,KSU1,X,variation,channel,37143.66193448076,nT
2026-04-14T12:05:00.000Z,KSU1,X,variation,channel,37143.696685753785,nT
2026-04-14T12:06:00.000Z,KSU1,X,variation,channel,37143.736643952965,nT
2026-04-14T12:07:00.000Z,KSU1,X,variation,channel,37143.921925028626,nT
2026-04-14T12:08:00.000Z,KSU1,X,variation,channel,37143.9338335852,nT
2026-04-14T12:09:00.000Z,KSU1,X,variation,channel,37143.78685006637,nT
2026-04-14T12:10:00.000Z,KSU1,X,variation,channel,37143.80599342636,nT
2026-04-14T12:11:00.000Z,KSU1,X,variation,channel,37143.89292691345,nT
2026-04-14T12:12:00.000Z,KSU1,X,variation,channel,37143.72125869084,nT
2026-04-14T12:13:00.000Z,KSU1,X,variation,channel,37143.73159026312,nT
2026-04-14T12:14:00.000Z,KSU1,X,variation,channel,37143.73144260414,nT
2026-04-14T12:15:00.000Z,KSU1,X,variation,channel,37143.65977553037,nT
2026-04-14T12:16:00.000Z,KSU1,X,variation,channel,37143.69443589076,nT
2026-04-14T12:17:00.000Z,KSU1,X,variation,channel,37144.17782035593,nT
2026-04-14T12:18:00.000Z,KSU1,X,variation,channel,37144.40487643984,nT
2026-04-14T12:19:00.000Z,KSU1,X,variation,channel,37144.342102076145,nT
2026-04-14T12:20:00.000Z,KSU1,X,variation,channel,37144.03908805354,nT
2026-04-14T12:21:00.000Z,KSU1,X,variation,channel,37143.36152487995,nT
2026-04-14T12:22:00.000Z,KSU1,X,variation,channel,37143.91218614811,nT
2026-04-14T12:23:00.000Z,KSU1,X,variation,channel,37144.35823633857,nT
2026-04-14T12:24:00.000Z,KSU1,X,variation,channel,37144.30156184135,nT
2026-04-14T12:25:00.000Z,KSU1,X,variation,channel,37144.15533923547,nT
2026-04-14T12:26:00.000Z,KSU1,X,variation,channel,37144.04778405116,nT
2026-04-14T12:27:00.000Z,KSU1,X,variation,channel,37144.19409776021,nT
2026-04-14T12:28:00.000Z,KSU1,X,variation,channel,37144.08889351639,nT
2026-04-14T12:29:00.000Z,KSU1,X,variation,channel,37144.070607837835,nT
2026-04-14T12:30:00.000Z,KSU1,X,variation,channel,37144.051082028345,nT
2026-04-14T12:31:00.000Z,KSU1,X,variation,channel,37143.62911340871,nT
2026-04-14T12:32:00.000Z,KSU1,X,variation,channel,37143.34465192533,nT
2026-04-14T12:33:00.000Z,KSU1,X,variation,channel,37143.35283179542,nT
2026-04-14T12:34:00.000Z,KSU1,X,variation,channel,37143.4808825344,nT
2026-04-14T12:35:00.000Z,KSU1,X,variation,channel,37143.31396844296,nT
2026-04-14T12:36:00.000Z,KSU1,X,variation,channel,37143.14289829867,nT
2026-04-14T12:37:00.000Z,KSU1,X,variation,channel,37143.19377780798,nT
2026-04-14T12:38:00.000Z,KSU1,X,variation,channel,37143.20329320987,nT
2026-04-14T12:39:00.000Z,KSU1,X,variation,channel,37143.100769195844,nT
2026-04-14T12:40:00.000Z,KSU1,X,variation,channel,37142.93985939192,nT
2026-04-14T12:41:00.000Z,KSU1,X,variation,channel,37142.85653719936,nT
2026-04-14T12:42:00.000Z,KSU1,X,variation,channel,37142.63865176315,nT
2026-04-14T12:43:00.000Z,KSU1,X,variation,channel,37142.421401566135,nT
2026-04-14T12:44:00.000Z,KSU1,X,variation,channel,37142.41747326427,nT
2026-04-14T12:45:00.000Z,KSU1,X,variation,channel,37142.595298343804,nT
2026-04-14T12:46:00.000Z,KSU1,X,variation,channel,37142.16411787107,nT
2026-04-14T12:47:00.000Z,KSU1,X,variation,channel,37141.97826587232,nT
2026-04-14T12:48:00.000Z,KSU1,X,variation,channel,37141.55397806133,nT
2026-04-14T12:49:00.000Z,KSU1,X,variation,channel,37141.08961575778,nT
2026-04-14T12:50:00.000Z,KSU1,X,variation,channel,37140.965627701065,nT
2026-04-14T12:51:00.000Z,KSU1,X,variation,channel,37140.835956310926,nT
2026-04-14T12:52:00.000Z,KSU1,X,variation,channel,37140.97287582509,nT
2026-04-14T12:53:00.000Z,KSU1,X,variation,channel,37141.042801259595,nT
2026-04-14T12:54:00.000Z,KSU1,X,variation,channel,37140.64264485597,nT
2026-04-14T12:55:00.000Z,KSU1,X,variation,channel,37140.23636177216,nT
2026-04-14T12:56:00.000Z,KSU1,X,variation,channel,37139.7031811806,nT
2026-04-14T12:57:00.000Z,KSU1,X,variation,channel,37139.48174114015,nT
2026-04-14T12:58:00.000Z,KSU1,X,variation,channel,37139.432913251694,nT
2026-04-14T12:59:00.000Z,KSU1,X,variation,channel,37139.16516228859,nT
2026-04-14T13:00:00.000Z,KSU1,X,variation,channel,37138.819080136935,nT
2026-04-14T13:01:00.000Z,KSU1,X,variation,channel,37138.61689225992,nT
2026-04-14T13:02:00.000Z,KSU1,X,variation,channel,37138.53771002116,nT
2026-04-14T13:03:00.000Z,KSU1,X,variation,channel,37138.446267361745,nT
2026-04-14T13:04:00.000Z,KSU1,X,variation,channel,37138.32671751521,nT
2026-04-14T13:05:00.000Z,KSU1,X,variation,channel,37138.2607483719,nT
2026-04-14T13:06:00.000Z,KSU1,X,variation,channel,37138.10408312455,nT
2026-04-14T13:07:00.000Z,KSU1,X,variation,channel,37137.9907696697,nT
2026-04-14T13:08:00.000Z,KSU1,X,variation,channel,37137.59371289709,nT
2026-04-14T13:09:00.000Z,KSU1,X,variation,channel,37137.358802422204,nT
2026-04-14T13:10:00.000Z,KSU1,X,variation,channel,37137.021393818846,nT
2026-04-14T13:11:00.000Z,KSU1,X,variation,channel,37137.22795605515,nT
2026-04-14T13:12:00.000Z,KSU1,X,variation,channel,37137.09970613855,nT
2026-04-14T13:13:00.000Z,KSU1,X,variation,channel,37137.02834658616,nT
2026-04-14T13:14:00.000Z,KSU1,X,variation,channel,37136.57050830777,nT
2026-04-14T13:15:00.000Z,KSU1,X,variation,channel,37136.23011834008,nT
2026-04-14T13:16:00.000Z,KSU1,X,variation,channel,37135.93560845003,nT
2026-04-14T13:17:00.000Z,KSU1,X,variation,channel,37135.811986804285,nT
2026-04-14T13:18:00.000Z,KSU1,X,variation,channel,37135.48446926615,nT
2026-04-14T13:19:00.000Z,KSU1,X,variation,channel,37135.51098829653,nT
2026-04-14T13:20:00.000Z,KSU1,X,variation,channel,37135.39561444765,nT
2026-04-14T13:21:00.000Z,KSU1,X,variation,channel,37134.98589661322,nT
2026-04-14T13:22:00.000Z,KSU1,X,variation,channel,37134.51505674434,nT
2026-04-14T13:23:00.000Z,KSU1,X,variation,channel,37134.26338776134,nT
2026-04-14T13:24:00.000Z,KSU1,X,variation,channel,37134.21878843702,nT
2026-04-14T13:25:00.000Z,KSU1,X,variation,channel,37134.10983206607,nT
2026-04-14T13:26:00.000Z,KSU1,X,variation,channel,37134.21618220646,nT
2026-04-14T13:27:00.000Z,KSU1,X,variation,channel,37134.06735502591,nT
2026-04-14T13:28:00.000Z,KSU1,X,variation,channel,37134.04749382353,nT
2026-04-14T13:29:00.000Z,KSU1,X,variation,channel,37133.69131234709,nT
2026-04-14T13:30:00.000Z,KSU1,X,variation,channel,37133.03292680537,nT
2026-04-14T13:31:00.000Z,KSU1,X,variation,channel,37131.96987369406,nT
2026-04-14T13:32:00.000Z,KSU1,X,variation,channel,37138.330456199306,nT
2026-04-14T13:33:00.000Z,KSU1,X,variation,channel,37141.4206573463,nT
2026-04-14T13:34:00.000Z,KSU1,X,variation,channel,37140.96618606983,nT
2026-04-14T13:35:00.000Z,KSU1,X,variation,channel,37140.710190569,nT
2026-04-14T13:36:00.000Z,KSU1,X,variation,channel,37140.47549700851,nT
2026-04-14T13:37:00.000Z,KSU1,X,variation,channel,37140.07914309712,nT
2026-04-14T13:38:00.000Z,KSU1,X,variation,channel,37140.130954277345,nT
2026-04-14T13:39:00.000Z,KSU1,X,variation,channel,37139.96295213273,nT
2026-04-14T13:40:00.000Z,KSU1,X,variation,channel,37140.05112795504,nT
2026-04-14T13:41:00.000Z,KSU1,X,variation,channel,37139.978430000425,nT
2026-04-14T13:42:00.000Z,KSU1,X,variation,channel,37140.231729940155,nT
2026-04-14T13:43:00.000Z,KSU1,X,variation,channel,37139.780087090265,nT
2026-04-14T13:44:00.000Z,KSU1,X,variation,channel,37139.73149411106,nT
2026-04-14T13:45:00.000Z,KSU1,X,variation,channel,37139.62560320811,nT
2026-04-14T13:46:00.000Z,KSU1,X,variation,channel,37139.7295430748,nT
2026-04-14T13:47:00.000Z,KSU1,X,variation,channel,37139.6924279052,nT
2026-04-14T13:48:00.000Z,KSU1,X,variation,channel,37139.42239166174,nT
2026-04-14T13:49:00.000Z,KSU1,X,variation,channel,37139.203878528366,nT
2026-04-14T13:50:00.000Z,KSU1,X,variation,channel,37139.03418950326,nT
2026-04-14T13:51:00.000Z,KSU1,X,variation,channel,37139.02748890983,nT
2026-04-14T13:52:00.000Z,KSU1,X,variation,channel,37139.13273251855,nT
2026-04-14T13:53:00.000Z,KSU1,X,variation,channel,37139.09989438001,nT
2026-04-14T13:54:00.000Z,KSU1,X,variation,channel,37138.5856542206,nT
2026-04-14T13:55:00.000Z,KSU1,X,variation,channel,37138.05917066733,nT
2026-04-14T13:56:00.000Z,KSU1,X,variation,channel,37137.92495099394,nT
2026-04-14T13:57:00.000Z,KSU1,X,variation,channel,37137.8885360647,nT
2026-04-14T13:58:00.000Z,KSU1,X,variation,channel,37137.55607515246,nT
2026-04-14T13:59:00.000Z,KSU1,X,variation,channel,37137.04554424692,nT
2026-04-14T14:00:00.000Z,KSU1,X,variation,channel,37136.84269788672,nT
2026-04-14T14:01:00.000Z,KSU1,X,variation,channel,37136.834977856524,nT
2026-04-14T14:02:00.000Z,KSU1,X,variation,channel,37136.911051882365,nT
2026-04-14T14:03:00.000Z,KSU1,X,variation,channel,37137.145714772014,nT
2026-04-14T14:04:00.000Z,KSU1,X,variation,channel,37136.857703638794,nT
2026-04-14T14:05:00.000Z,KSU1,X,variation,channel,37136.602169801525,nT
2026-04-14T14:06:00.000Z,KSU1,X,variation,channel,37136.613591651265,nT
2026-04-14T14:07:00.000Z,KSU1,X,variation,channel,37136.35160712741,nT
2026-04-14T14:08:00.000Z,KSU1,X,variation,channel,37135.88849352536,nT
2026-04-14T14:09:00.000Z,KSU1,X,variation,channel,37135.39488081053,nT
2026-04-14T14:10:00.000Z,KSU1,X,variation,channel,37134.781507846135,nT
2026-04-14T14:11:00.000Z,KSU1,X,variation,channel,37133.95331307044,nT
2026-04-14T14:12:00.000Z,KSU1,X,variation,channel,37134.00259321457,nT
2026-04-14T14:13:00.000Z,KSU1,X,variation,channel,37133.66760784781,nT
2026-04-14T14:14:00.000Z,KSU1,X,variation,channel,37133.349170893605,nT
2026-04-14T14:15:00.000Z,KSU1,X,variation,channel,37133.3894928729,nT
2026-04-14T14:16:00.000Z,KSU1,X,variation,channel,37133.27819803495,nT
2026-04-14T14:17:00.000Z,KSU1,X,variation,channel,37133.45012909488,nT
2026-04-14T14:18:00.000Z,KSU1,X,variation,channel,37133.70052171838,nT
2026-04-14T14:19:00.000Z,KSU1,X,variation,channel,37134.40922329777,nT
2026-04-14T14:20:00.000Z,KSU1,X,variation,channel,37135.269249138786,nT
2026-04-14T14:21:00.000Z,KSU1,X,variation,channel,37134.476445684784,nT
2026-04-14T14:22:00.000Z,KSU1,X,variation,channel,37135.28550160156,nT
2026-04-14T14:23:00.000Z,KSU1,X,variation,channel,37135.33464715721,nT
2026-04-14T14:24:00.000Z,KSU1,X,variation,channel,37135.39605827589,nT
2026-04-14T14:25:00.000Z,KSU1,X,variation,channel,37135.289153122656,nT
2026-04-14T14:26:00.000Z,KSU1,X,variation,channel,37135.544910489596,nT
2026-04-14T14:27:00.000Z,KSU1,X,variation,channel,37135.75323386836,nT
2026-04-14T14:28:00.000Z,KSU1,X,variation,channel,37136.140449077015,nT
2026-04-14T14:29:00.000Z,KSU1,X,variation,channel,37136.58072160693,nT
2026-04-14T14:30:00.000Z,KSU1,X,variation,channel,37136.96678269811,nT
2026-04-14T14:31:00.000Z,KSU1,X,variation,channel,37136.66889185906,nT
2026-04-14T14:32:00.000Z,KSU1,X,variation,channel,37137.01901624325,nT
2026-04-14T14:33:00.000Z,KSU1,X,variation,channel,37136.64029591178,nT
2026-04-14T14:34:00.000Z,KSU1,X,variation,channel,37137.081574218464,nT
2026-04-14T14:35:00.000Z,KSU1,X,variation,channel,37136.82032953786,nT
2026-04-14T14:36:00.000Z,KSU1,X,variation,channel,37136.62874678109,nT
2026-04-14T14:37:00.000Z,KSU1,X,variation,channel,37136.72460794119,nT
2026-04-14T14:38:00.000Z,KSU1,X,variation,channel,37136.50838773255,nT
2026-04-14T14:39:00.000Z,KSU1,X,variation,channel,37135.52398137039,nT
2026-04-14T14:40:00.000Z,KSU1,X,variation,channel,37135.734027738006,nT
2026-04-14T14:41:00.000Z,KSU1,X,variation,channel,37136.625063182655,nT
2026-04-14T14:42:00.000Z,KSU1,X,variation,channel,37136.87413597114,nT
2026-04-14T14:43:00.000Z,KSU1,X,variation,channel,37136.99615896343,nT
2026-04-14T14:44:00.000Z,KSU1,X,variation,channel,37136.633923678295,nT
2026-04-14T14:45:00.000Z,KSU1,X,variation,channel,37136.64404829763,nT
2026-04-14T14:46:00.000Z,KSU1,X,variation,channel,37136.71821020017,nT
2026-04-14T14:47:00.000Z,KSU1,X,variation,channel,37136.646374288604,nT
2026-04-14T14:48:00.000Z,KSU1,X,variation,channel,37136.82810999801,nT
2026-04-14T14:49:00.000Z,KSU1,X,variation,channel,37137.13685275205,nT
2026-04-14T14:50:00.000Z,KSU1,X,variation,channel,37137.29395814988,nT
2026-04-14T14:51:00.000Z,KSU1,X,variation,channel,37137.178544599796,nT
2026-04-14T14:52:00.000Z,KSU1,X,variation,channel,37136.59091903446,nT
2026-04-14T14:53:00.000Z,KSU1,X,variation,channel,37136.73640646914,nT
2026-04-14T14:54:00.000Z,KSU1,X,variation,channel,37137.110461897144,nT
2026-04-14T14:55:00.000Z,KSU1,X,variation,channel,37137.13457332535,nT
2026-04-14T14:56:00.000Z,KSU1,X,variation,channel,37136.8883581639,nT
2026-04-14T14:57:00.000Z,KSU1,X,variation,channel,37136.96243321848,nT
2026-04-14T14:58:00.000Z,KSU1,X,variation,channel,37136.955027376294,nT
2026-04-14T14:59:00.000Z,KSU1,X,variation,channel,37137.107259766155,nT
2026-04-14T15:00:00.000Z,KSU1,X,variation,channel,37137.07648207467,nT
2026-04-14T15:01:00.000Z,KSU1,X,variation,channel,37137.0398342684,nT
2026-04-14T15:02:00.000Z,KSU1,X,variation,channel,37137.10663595478,nT
2026-04-14T15:03:00.000Z,KSU1,X,variation,channel,37137.31182417999,nT
2026-04-14T15:04:00.000Z,KSU1,X,variation,channel,37137.11144856492,nT
2026-04-14T15:05:00.000Z,KSU1,X,variation,channel,37137.15051467035,nT
2026-04-14T15:06:00.000Z,KSU1,X,variation,channel,37137.104081230995,nT
2026-04-14T15:07:00.000Z,KSU1,X,variation,channel,37137.06159642987,nT
2026-04-14T15:08:00.000Z,KSU1,X,variation,channel,37136.78642226648,nT
2026-04-14T15:09:00.000Z,KSU1,X,variation,channel,37137.00008682723,nT
2026-04-14T15:10:00.000Z,KSU1,X,variation,channel,37137.159679126424,nT
2026-04-14T15:11:00.000Z,KSU1,X,variation,channel,37136.873655140356,nT
2026-04-14T15:12:00.000Z,KSU1,X,variation,channel,37136.88718873766,nT
2026-04-14T15:13:00.000Z,KSU1,X,variation,channel,37136.68077467493,nT
2026-04-14T15:14:00.000Z,KSU1,X,variation,channel,37136.82250615498,nT
2026-04-14T15:15:00.000Z,KSU1,X,variation,channel,37136.79752775208,nT
2026-04-14T15:16:00.000Z,KSU1,X,variation,channel,37136.7494359945,nT
2026-04-14T15:17:00.000Z,KSU1,X,variation,channel,37136.816766819175,nT
2026-04-14T15:18:00.000Z,KSU1,X,variation,channel,37137.13336115117,nT
2026-04-14T15:19:00.000Z,KSU1,X,variation,channel,37137.27827520821,nT
2026-04-14T15:20:00.000Z,KSU1,X,variation,channel,37137.492647006904,nT
2026-04-14T15:21:00.000Z,KSU1,X,variation,channel,37137.53810419027,nT
2026-04-14T15:22:00.000Z,KSU1,X,variation,channel,37137.675089957374,nT
2026-04-14T15:23:00.000Z,KSU1,X,variation,channel,37137.6113724851,nT
2026-04-14T15:24:00.000Z,KSU1,X,variation,channel,37137.23448095715,nT
2026-04-14T15:25:00.000Z,KSU1,X,variation,channel,37137.19277698793,nT
2026-04-14T15:26:00.000Z,KSU1,X,variation,channel,37137.084822920195,nT
2026-04-14T15:27:00.000Z,KSU1,X,variation,channel,37137.12996447165,nT
2026-04-14T15:28:00.000Z,KSU1,X,variation,channel,37137.08874101729,nT
2026-04-14T15:29:00.000Z,KSU1,X,variation,channel,37137.13398544073,nT
2026-04-14T15:30:00.000Z,KSU1,X,variation,channel,37136.82412636372,nT
2026-04-14T15:31:00.000Z,KSU1,X,variation,channel,37136.32282407775,nT
2026-04-14T15:32:00.000Z,KSU1,X,variation,channel,37136.88603833635,nT
2026-04-14T15:33:00.000Z,KSU1,X,variation,channel,37137.02331234254,nT
2026-04-14T15:34:00.000Z,KSU1,X,variation,channel,37137.87990820259,nT
2026-04-14T15:35:00.000Z,KSU1,X,variation,channel,37138.14679375251,nT
2026-04-14T15:36:00.000Z,KSU1,X,variation,channel,37138.40825598193,nT
2026-04-14T15:37:00.000Z,KSU1,X,variation,channel,37138.78466550267,nT
2026-04-14T15:38:00.000Z,KSU1,X,variation,channel,37138.891443842855,nT
2026-04-14T15:39:00.000Z,KSU1,X,variation,channel,37138.81036790942,nT
2026-04-14T15:40:00.000Z,KSU1,X,variation,channel,37138.89622442821,nT
2026-04-14T15:41:00.000Z,KSU1,X,variation,channel,37138.890685206505,nT
2026-04-14T15:42:00.000Z,KSU1,X,variation,channel,37138.64251922263,nT
2026-04-14T15:43:00.000Z,KSU1,X,variation,channel,37138.30170023354,nT
2026-04-14T15:44:00.000Z,KSU1,X,variation,channel,37138.37885021818,nT
2026-04-14T15:45:00.000Z,KSU1,X,variation,channel,37137.896631554395,nT
2026-04-14T15:46:00.000Z,KSU1,X,variation,channel,37137.79466042998,nT
2026-04-14T15:47:00.000Z,KSU1,X,variation,channel,37137.1492103898,nT
2026-04-14T15:48:00.000Z,KSU1,X,variation,channel,37136.678815603365,nT
2026-04-14T15:49:00.000Z,KSU1,X,variation,channel,37136.94770536626,nT
2026-04-14T15:50:00.000Z,KSU1,X,variation,channel,37136.3562375779,nT
2026-04-14T15:51:00.000Z,KSU1,X,variation,channel,37136.561989007045,nT
2026-04-14T15:52:00.000Z,KSU1,X,variation,channel,37137.150349321775,nT
2026-04-14T15:53:00.000Z,KSU1,X,variation,channel,37137.4904166615,nT
2026-04-14T15:54:00.000Z,KSU1,X,variation,channel,37137.95726772546,nT
2026-04-14T15:55:00.000Z,KSU1,X,variation,channel,37138.47538471709,nT
2026-04-14T15:56:00.000Z,KSU1,X,variation,channel,37138.88254922869,nT
2026-04-14T15:57:00.000Z,KSU1,X,variation,channel,37139.06990663087,nT
2026-04-14T15:58:00.000Z,KSU1,X,variation,channel,37139.07543413302,nT
2026-04-14T15:59:00.000Z,KSU1,X,variation,channel,37139.4085520549,nT
2026-04-14T16:00:00.000Z,KSU1,X,variation,channel,37139.56745180235,nT
2026-04-14T16:01:00.000Z,KSU1,X,variation,channel,37140.02034962369,nT
2026-04-14T16:02:00.000Z,KSU1,X,variation,channel,37140.40661966962,nT
2026-04-14T16:03:00.000Z,KSU1,X,variation,channel,37140.88849608905,nT
2026-04-14T16:04:00.000Z,KSU1,X,variation,channel,37141.325487282484,nT
2026-04-14T16:05:00.000Z,KSU1,X,variation,channel,37141.306856889314,nT
2026-04-14T16:06:00.000Z,KSU1,X,variation,channel,37141.41602031113,nT
2026-04-14T16:07:00.000Z,KSU1,X,variation,channel,37141.83899279607,nT
2026-04-14T16:08:00.000Z,KSU1,X,variation,channel,37142.585217154,nT
2026-04-14T16:09:00.000Z,KSU1,X,variation,channel,37142.648952854994,nT
2026-04-14T16:10:00.000Z,KSU1,X,variation,channel,37142.54553817982,nT
2026-04-14T16:11:00.000Z,KSU1,X,variation,channel,37143.05386883174,nT
2026-04-14T16:12:00.000Z,KSU1,X,variation,channel,37142.96622498545,nT
2026-04-14T16:13:00.000Z,KSU1,X,variation,channel,37143.227619073106,nT
2026-04-14T16:14:00.000Z,KSU1,X,variation,channel,37142.81109577127,nT
2026-04-14T16:15:00.000Z,KSU1,X,variation,channel,37142.809120769205,nT
2026-04-14T16:16:00.000Z,KSU1,X,variation,channel,37142.558021232704,nT
2026-04-14T16:17:00.000Z,KSU1,X,variation,channel,37142.2408169457,nT
2026-04-14T16:18:00.000Z,KSU1,X,variation,channel,37142.16283050047,nT
2026-04-14T16:19:00.000Z,KSU1,X,variation,channel,37142.12389359956,nT
2026-04-14T16:20:00.000Z,KSU1,X,variation,channel,37142.107354991764,nT
2026-04-14T16:21:00.000Z,KSU1,X,variation,channel,37141.83967137781,nT
2026-04-14T16:22:00.000Z,KSU1,X,variation,channel,37141.807895388054,nT
2026-04-14T16:23:00.000Z,KSU1,X,variation,channel,37141.86671860595,nT
2026-04-14T16:24:00.000Z,KSU1,X,variation,channel,37142.21152765601,nT
2026-04-14T16:25:00.000Z,KSU1,X,variation,channel,37143.01241904893,nT
2026-04-14T16:26:00.000Z,KSU1,X,variation,channel,37143.210412161134,nT
2026-04-14T16:27:00.000Z,KSU1,X,variation,channel,37143.13950570858,nT
2026-04-14T16:28:00.000Z,KSU1,X,variation,channel,37142.89302875347,nT
2026-04-14T16:29:00.000Z,KSU1,X,variation,channel,37142.964923118285,nT
2026-04-14T16:30:00.000Z,KSU1,X,variation,channel,37143.00678016144,nT
2026-04-14T16:31:00.000Z,KSU1,X,variation,channel,37143.263394933834,nT
2026-04-14T16:32:00.000Z,KSU1,X,variation,channel,37143.7809024732,nT
2026-04-14T16:33:00.000Z,KSU1,X,variation,channel,37144.01466972437,nT
2026-04-14T16:34:00.000Z,KSU1,X,variation,channel,37144.313319098605,nT
2026-04-14T16:35:00.000Z,KSU1,X,variation,channel,37144.483498713234,nT
2026-04-14T16:36:00.000Z,KSU1,X,variation,channel,37144.38801963533,nT
2026-04-14T16:37:00.000Z,KSU1,X,variation,channel,37144.69435512615,nT
2026-04-14T16:38:00.000Z,KSU1,X,variation,channel,37144.67750823557,nT
2026-04-14T16:39:00.000Z,KSU1,X,variation,channel,37144.67584553637,nT
2026-04-14T16:40:00.000Z,KSU1,X,variation,channel,37144.78383397504,nT
2026-04-14T16:41:00.000Z,KSU1,X,variation,channel,37144.83141120107,nT
2026-04-14T16:42:00.000Z,KSU1,X,variation,channel,37144.84956083845,nT
2026-04-14T16:43:00.000Z,KSU1,X,variation,channel,37144.509548465125,nT
2026-04-14T16:44:00.000Z,KSU1,X,variation,channel,37144.21978147053,nT
2026-04-14T16:45:00.000Z,KSU1,X,variation,channel,37144.47415805482,nT
2026-04-14T16:46:00.000Z,KSU1,X,variation,channel,37144.66751586173,nT
2026-04-14T16:47:00.000Z,KSU1,X,variation,channel,37144.60369388463,nT
2026-04-14T16:48:00.000Z,KSU1,X,variation,channel,37144.72559644842,nT
2026-04-14T16:49:00.000Z,KSU1,X,variation,channel,37144.89509663902,nT
2026-04-14T16:50:00.000Z,KSU1,X,variation,channel,37144.813887291515,nT
2026-04-14T16:51:00.000Z,KSU1,X,variation,channel,37145.08921112749,nT
2026-04-14T16:52:00.000Z,KSU1,X,variation,channel,37144.93186718053,nT
2026-04-14T16:53:00.000Z,KSU1,X,variation,channel,37145.50483708855,nT
2026-04-14T16:54:00.000Z,KSU1,X,variation,channel,37146.29651519639,nT
2026-04-14T16:55:00.000Z,KSU1,X,variation,channel,37146.45158329217,nT
2026-04-14T16:56:00.000Z,KSU1,X,variation,channel,37146.639230796194,nT
2026-04-14T16:57:00.000Z,KSU1,X,variation,channel,37146.63167313065,nT
2026-04-14T16:58:00.000Z,KSU1,X,variation,channel,37146.474777566444,nT
2026-04-14T16:59:00.000Z,KSU1,X,variation,channel,37146.26982442467,nT
2026-04-14T17:00:00.000Z,KSU1,X,variation,channel,37146.19639450629,nT
2026-04-14T17:01:00.000Z,KSU1,X,variation,channel,37146.25994287433,nT
2026-04-14T17:02:00.000Z,KSU1,X,variation,channel,37146.25723420112,nT
2026-04-14T17:03:00.000Z,KSU1,X,variation,channel,37146.94565575255,nT
2026-04-14T17:04:00.000Z,KSU1,X,variation,channel,37147.098163091825,nT
2026-04-14T17:05:00.000Z,KSU1,X,variation,channel,37147.29807566804,nT
2026-04-14T17:06:00.000Z,KSU1,X,variation,channel,37147.35870613338,nT
2026-04-14T17:07:00.000Z,KSU1,X,variation,channel,37147.692693904624,nT
2026-04-14T17:08:00.000Z,KSU1,X,variation,channel,37146.80940501452,nT
2026-04-14T17:09:00.000Z,KSU1,X,variation,channel,37147.44706343503,nT
2026-04-14T17:10:00.000Z,KSU1,X,variation,channel,37148.33364885446,nT
2026-04-14T17:11:00.000Z,KSU1,X,variation,channel,37148.657948827255,nT
2026-04-14T17:12:00.000Z,KSU1,X,variation,channel,37148.940753384355,nT
2026-04-14T17:13:00.000Z,KSU1,X,variation,channel,37149.45102954038,nT
2026-04-14T17:14:00.000Z,KSU1,X,variation,channel,37149.694229050365,nT
2026-04-14T17:15:00.000Z,KSU1,X,variation,channel,37150.19922467366,nT
2026-04-14T17:16:00.000Z,KSU1,X,variation,channel,37150.399216121,nT
2026-04-14T17:17:00.000Z,KSU1,X,variation,channel,37150.10376320475,nT
2026-04-14T17:18:00.000Z,KSU1,X,variation,channel,37150.35918527511,nT
2026-04-14T17:19:00.000Z,KSU1,X,variation,channel,37150.12669822209,nT
2026-04-14T17:20:00.000Z,KSU1,X,variation,channel,37150.386949317326,nT
2026-04-14T17:21:00.000Z,KSU1,X,variation,channel,37150.68924701497,nT
2026-04-14T17:22:00.000Z,KSU1,X,variation,channel,37151.0648633728,nT
2026-04-14T17:23:00.000Z,KSU1,X,variation,channel,37151.65395683895,nT
2026-04-14T17:24:00.000Z,KSU1,X,variation,channel,37151.9540798327,nT
2026-04-14T17:25:00.000Z,KSU1,X,variation,channel,37152.27226935844,nT
2026-04-14T17:26:00.000Z,KSU1,X,variation,channel,37152.572646810666,nT
2026-04-14T17:27:00.000Z,KSU1,X,variation,channel,37152.072044680615,nT
2026-04-14T17:28:00.000Z,KSU1,X,variation,channel,37151.732564859565,nT
2026-04-14T17:29:00.000Z,KSU1,X,variation,channel,37151.189412853026,nT
2026-04-14T17:30:00.000Z,KSU1,X,variation,channel,37150.552572764995,nT
2026-04-14T17:31:00.000Z,KSU1,X,variation,channel,37150.36558582752,nT
2026-04-14T17:32:00.000Z,KSU1,X,variation,channel,37151.4625086067,nT
2026-04-14T17:33:00.000Z,KSU1,X,variation,channel,37153.340610407395,nT
2026-04-14T17:34:00.000Z,KSU1,X,variation,channel,37154.417091454794,nT
2026-04-14T17:35:00.000Z,KSU1,X,variation,channel,37155.337276197606,nT
2026-04-14T17:36:00.000Z,KSU1,X,variation,channel,37155.5679625033,nT
2026-04-14T17:37:00.000Z,KSU1,X,variation,channel,37155.638216668245,nT
2026-04-14T17:38:00.000Z,KSU1,X,variation,channel,37155.97317357648,nT
2026-04-14T17:39:00.000Z,KSU1,X,variation,channel,37156.642707778294,nT
2026-04-14T17:40:00.000Z,KSU1,X,variation,channel,37157.286798599904,nT
2026-04-14T17:41:00.000Z,KSU1,X,variation,channel,37157.57870095417,nT
2026-04-14T17:42:00.000Z,KSU1,X,variation,channel,37157.71671326231,nT
2026-04-14T17:43:00.000Z,KSU1,X,variation,channel,37158.06381071593,nT
2026-04-14T17:44:00.000Z,KSU1,X,variation,channel,37158.26150337919,nT
2026-04-14T17:45:00.000Z,KSU1,X,variation,channel,37158.299761557384,nT
2026-04-14T17:46:00.000Z,KSU1,X,variation,channel,37158.42370038772,nT
2026-04-14T17:47:00.000Z,KSU1,X,variation,channel,37158.4288160604,nT
2026-04-14T17:48:00.000Z,KSU1,X,variation,channel,37158.35449377908,nT
2026-04-14T17:49:00.000Z,KSU1,X,variation,channel,37158.07932639118,nT
2026-04-14T17:50:00.000Z,KSU1,X,variation,channel,37157.82064105616,nT
2026-04-14T17:51:00.000Z,KSU1,X,variation,channel,37157.66290317286,nT
2026-04-14T17:52:00.000Z,KSU1,X,variation,channel,37157.92861816026,nT
2026-04-14T17:53:00.000Z,KSU1,X,variation,channel,37158.16550205246,nT
2026-04-14T17:54:00.000Z,KSU1,X,variation,channel,37157.695119052114,nT
2026-04-14T17:55:00.000Z,KSU1,X,variation,channel,37157.10373323802,nT
2026-04-14T17:56:00.000Z,KSU1,X,variation,channel,37158.013278173756,nT
2026-04-14T17:57:00.000Z,KSU1,X,variation,channel,37158.47709941466,nT
2026-04-14T17:58:00.000Z,KSU1,X,variation,channel,37158.87999327693,nT
2026-04-14T17:59:00.000Z,KSU1,X,variation,channel,37159.26375756522,nT
2026-04-14T18:00:00.000Z,KSU1,X,variation,channel,37159.89135254087,nT
2026-04-14T18:01:00.000Z,KSU1,X,variation,channel,37160.11972974742,nT
2026-04-14T18:02:00.000Z,KSU1,X,variation,channel,37160.12979225945,nT
2026-04-14T18:03:00.000Z,KSU1,X,variation,channel,37160.08750907093,nT
2026-04-14T18:04:00.000Z,KSU1,X,variation,channel,37160.055591696844,nT
2026-04-14T18:05:00.000Z,KSU1,X,variation,channel,37159.95489348129,nT
2026-04-14T18:06:00.000Z,KSU1,X,variation,channel,37160.00628846454,nT
2026-04-14T18:07:00.000Z,KSU1,X,variation,channel,37160.27866030398,nT
2026-04-14T18:08:00.000Z,KSU1,X,variation,channel,37160.43262550492,nT
2026-04-14T18:09:00.000Z,KSU1,X,variation,channel,37160.858338072125,nT
2026-04-14T18:10:00.000Z,KSU1,X,variation,channel,37161.287973576946,nT
2026-04-14T18:11:00.000Z,KSU1,X,variation,channel,37161.685056749426,nT
2026-04-14T18:12:00.000Z,KSU1,X,variation,channel,37161.90322424136,nT
2026-04-14T18:13:00.000Z,KSU1,X,variation,channel,37161.853830705935,nT
2026-04-14T18:14:00.000Z,KSU1,X,variation,channel,37161.867962867706,nT
2026-04-14T18:15:00.000Z,KSU1,X,variation,channel,37161.72105765744,nT
2026-04-14T18:16:00.000Z,KSU1,X,variation,channel,37161.61428869403,nT
2026-04-14T18:17:00.000Z,KSU1,X,variation,channel,37161.580389939525,nT
2026-04-14T18:18:00.000Z,KSU1,X,variation,channel,37161.96144417459,nT
2026-04-14T18:19:00.000Z,KSU1,X,variation,channel,37162.02025884959,nT
2026-04-14T18:20:00.000Z,KSU1,X,variation,channel,37162.1744400904,nT
2026-04-14T18:21:00.000Z,KSU1,X,variation,channel,37162.43919167091,nT
2026-04-14T18:22:00.000Z,KSU1,X,variation,channel,37162.200709338074,nT
2026-04-14T18:23:00.000Z,KSU1,X,variation,channel,37161.94332747143,nT
2026-04-14T18:24:00.000Z,KSU1,X,variation,channel,37161.9761338873,nT
2026-04-14T18:25:00.000Z,KSU1,X,variation,channel,37162.35069247399,nT
2026-04-14T18:26:00.000Z,KSU1,X,variation,channel,37162.24574245827,nT
2026-04-14T18:27:00.000Z,KSU1,X,variation,channel,37162.324953938565,nT
2026-04-14T18:28:00.000Z,KSU1,X,variation,channel,37162.69043602909,nT
2026-04-14T18:29:00.000Z,KSU1,X,variation,channel,37163.13801223503,nT
2026-04-14T18:30:00.000Z,KSU1,X,variation,channel,37163.4085372859,nT
2026-04-14T18:31:00.000Z,KSU1,X,variation,channel,37163.504938327744,nT
2026-04-14T18:32:00.000Z,KSU1,X,variation,channel,37164.05504388877,nT
2026-04-14T18:33:00.000Z,KSU1,X,variation,channel,37164.633408569374,nT
2026-04-14T18:34:00.000Z,KSU1,X,variation,channel,37165.166222229964,nT
2026-04-14T18:35:00.000Z,KSU1,X,variation,channel,37165.56163272819,nT
2026-04-14T18:36:00.000Z,KSU1,X,variation,channel,37166.04600941813,nT
2026-04-14T18:37:00.000Z,KSU1,X,variation,channel,37166.36771787067,nT
2026-04-14T18:38:00.000Z,KSU1,X,variation,channel,37166.47110279945,nT
2026-04-14T18:39:00.000Z,KSU1,X,variation,channel,37166.655815131184,nT
2026-04-14T18:40:00.000Z,KSU1,X,variation,channel,37166.99079467906,nT
2026-04-14T18:41:00.000Z,KSU1,X,variation,channel,37167.2199279146,nT
2026-04-14T18:42:00.000Z,KSU1,X,variation,channel,37167.352244244765,nT
2026-04-14T18:43:00.000Z,KSU1,X,variation,channel,37167.50019091441,nT
2026-04-14T18:44:00.000Z,KSU1,X,variation,channel,37167.652588174795,nT
2026-04-14T18:45:00.000Z,KSU1,X,variation,channel,37167.94841742702,nT
2026-04-14T18:46:00.000Z,KSU1,X,variation,channel,37168.141025025194,nT
2026-04-14T18:47:00.000Z,KSU1,X,variation,channel,37168.46102114708,nT
2026-04-14T18:48:00.000Z,KSU1,X,variation,channel,37168.744399940515,nT
2026-04-14T18:49:00.000Z,KSU1,X,variation,channel,37169.15430291285,nT
2026-04-14T18:50:00.000Z,KSU1,X,variation,channel,37169.27003722273,nT
2026-04-14T18:51:00.000Z,KSU1,X,variation,channel,37169.43265182027,nT
2026-04-14T18:52:00.000Z,KSU1,X,variation,channel,37169.467469493145,nT
2026-04-14T18:53:00.000Z,KSU1,X,variation,channel,37169.543457665146,nT
2026-04-14T18:54:00.000Z,KSU1,X,variation,channel,37169.89313129357,nT
2026-04-14T18:55:00.000Z,KSU1,X,variation,channel,37170.02699685594,nT
2026-04-14T18:56:00.000Z,KSU1,X,variation,channel,37169.15837474064,nT
2026-04-14T18:57:00.000Z,KSU1,X,variation,channel,37169.915104002874,nT
2026-04-14T18:58:00.000Z,KSU1,X,variation,channel,37170.63862415343,nT
2026-04-14T18:59:00.000Z,KSU1,X,variation,channel,37170.88557228874,nT
2026-04-14T19:00:00.000Z,KSU1,X,variation,channel,37171.16203359177,nT
2026-04-14T19:01:00.000Z,KSU1,X,variation,channel,37171.34969761934,nT
2026-04-14T19:02:00.000Z,KSU1,X,variation,channel,37171.552397169275,nT
2026-04-14T19:03:00.000Z,KSU1,X,variation,channel,37171.61677924198,nT
2026-04-14T19:04:00.000Z,KSU1,X,variation,channel,37171.58886968959,nT
2026-04-14T19:05:00.000Z,KSU1,X,variation,channel,37171.69238150149,nT
2026-04-14T19:06:00.000Z,KSU1,X,variation,channel,37171.6509513325,nT
2026-04-14T19:07:00.000Z,KSU1,X,variation,channel,37171.888951311535,nT
2026-04-14T19:08:00.000Z,KSU1,X,variation,channel,37172.07580361846,nT
2026-04-14T19:09:00.000Z,KSU1,X,variation,channel,37172.30036101496,nT
2026-04-14T19:10:00.000Z,KSU1,X,variation,channel,37172.00050294795,nT
2026-04-14T19:11:00.000Z,KSU1,X,variation,channel,37172.19772167538,nT
2026-04-14T19:12:00.000Z,KSU1,X,variation,channel,37172.36914508558,nT
2026-04-14T19:13:00.000Z,KSU1,X,variation,channel,37172.630995119325,nT
2026-04-14T19:14:00.000Z,KSU1,X,variation,channel,37172.997944822135,nT
2026-04-14T19:15:00.000Z,KSU1,X,variation,channel,37173.28434312236,nT
2026-04-14T19:16:00.000Z,KSU1,X,variation,channel,37173.63710348396,nT
2026-04-14T19:17:00.000Z,KSU1,X,variation,channel,37173.70784499738,nT
2026-04-14T19:18:00.000Z,KSU1,X,variation,channel,37173.939122056545,nT
2026-04-14T19:19:00.000Z,KSU1,X,variation,channel,37174.26207805364,nT
2026-04-14T19:20:00.000Z,KSU1,X,variation,channel,37174.55434358985,nT
2026-04-14T19:21:00.000Z,KSU1,X,variation,channel,37174.79330535003,nT
2026-04-14T19:22:00.000Z,KSU1,X,variation,channel,37174.97922054997,nT
2026-04-14T19:23:00.000Z,KSU1,X,variation,channel,37175.32985928004,nT
2026-04-14T19:24:00.000Z,KSU1,X,variation,channel,37175.4716916502,nT
2026-04-14T19:25:00.000Z,KSU1,X,variation,channel,37175.410786296794,nT
2026-04-14T19:26:00.000Z,KSU1,X,variation,channel,37175.56700117736,nT
2026-04-14T19:27:00.000Z,KSU1,X,variation,channel,37175.67763740954,nT
2026-04-14T19:28:00.000Z,KSU1,X,variation,channel,37175.66637159905,nT
2026-04-14T19:29:00.000Z,KSU1,X,variation,channel,37175.5955548856,nT
2026-04-14T19:30:00.000Z,KSU1,X,variation,channel,37175.514524504906,nT
2026-04-14T19:31:00.000Z,KSU1,X,variation,channel,37175.730233514005,nT
2026-04-14T19:32:00.000Z,KSU1,X,variation,channel,37175.87139986232,nT
2026-04-14T19:33:00.000Z,KSU1,X,variation,channel,37175.97910193223,nT
2026-04-14T19:34:00.000Z,KSU1,X,variation,channel,37176.4645829703,nT
2026-04-14T19:35:00.000Z,KSU1,X,variation,channel,37176.97522397835,nT
2026-04-14T19:36:00.000Z,KSU1,X,variation,channel,37177.25548382987,nT
2026-04-14T19:37:00.000Z,KSU1,X,variation,channel,37177.27431651087,nT
2026-04-14T19:38:00.000Z,KSU1,X,variation,channel,37177.41400852682,nT
2026-04-14T19:39:00.000Z,KSU1,X,variation,channel,37177.750686954336,nT
2026-04-14T19:40:00.000Z,KSU1,X,variation,channel,37177.754035746984,nT
2026-04-14T19:41:00.000Z,KSU1,X,variation,channel,37177.66751149146,nT
2026-04-14T19:42:00.000Z,KSU1,X,variation,channel,37177.44892666014,nT
2026-04-14T19:43:00.000Z,KSU1,X,variation,channel,37177.399620278855,nT
2026-04-14T19:44:00.000Z,KSU1,X,variation,channel,37177.516261081204,nT
2026-04-14T19:45:00.000Z,KSU1,X,variation,channel,37177.543748028744,nT
2026-04-14T19:46:00.000Z,KSU1,X,variation,channel,37177.572462592965,nT
2026-04-14T19:47:00.000Z,KSU1,X,variation,channel,37177.802236992786,nT
2026-04-14T19:48:00.000Z,KSU1,X,variation,channel,37178.381558647845,nT
2026-04-14T19:49:00.000Z,KSU1,X,variation,channel,37178.133772652676,nT
2026-04-14T19:50:00.000Z,KSU1,X,variation,channel,37178.231708172716,nT
2026-04-14T19:51:00.000Z,KSU1,X,variation,channel,37178.25950323218,nT
2026-04-14T19:52:00.000Z,KSU1,X,variation,channel,37178.23083321007,nT
2026-04-14T19:53:00.000Z,KSU1,X,variation,channel,37178.055214846034,nT
2026-04-14T19:54:00.000Z,KSU1,X,variation,channel,37177.78083784799,nT
2026-04-14T19:55:00.000Z,KSU1,X,variation,channel,37177.4837416771,nT
2026-04-14T19:56:00.000Z,KSU1,X,variation,channel,37177.135905838324,nT
2026-04-14T19:57:00.000Z,KSU1,X,variation,channel,37176.34116211011,nT
2026-04-14T19:58:00.000Z,KSU1,X,variation,channel,37176.23286739124,nT
2026-04-14T19:59:00.000Z,KSU1,X,variation,channel,37176.793628074774,nT
2026-04-14T20:00:00.000Z,KSU1,X,variation,channel,37176.80811547913,nT
2026-04-14T20:01:00.000Z,KSU1,X,variation,channel,37176.720744430386,nT
2026-04-14T20:02:00.000Z,KSU1,X,variation,channel,37176.4219606281,nT
2026-04-14T20:03:00.000Z,KSU1,X,variation,channel,37176.13029315209,nT
2026-04-14T20:04:00.000Z,KSU1,X,variation,channel,37176.11884951201,nT
2026-04-14T20:05:00.000Z,KSU1,X,variation,channel,37175.927274567985,nT
2026-04-14T20:06:00.000Z,KSU1,X,variation,channel,37175.808191362674,nT
2026-04-14T20:07:00.000Z,KSU1,X,variation,channel,37175.68323687281,nT
2026-04-14T20:08:00.000Z,KSU1,X,variation,channel,37175.63683231739,nT
2026-04-14T20:09:00.000Z,KSU1,X,variation,channel,37175.90976393015,nT
2026-04-14T20:10:00.000Z,KSU1,X,variation,channel,37176.42156716613,nT
2026-04-14T20:11:00.000Z,KSU1,X,variation,channel,37176.59321883512,nT
2026-04-14T20:12:00.000Z,KSU1,X,variation,channel,37176.83785428858,nT
2026-04-14T20:13:00.000Z,KSU1,X,variation,channel,37177.22727166845,nT
2026-04-14T20:14:00.000Z,KSU1,X,variation,channel,37177.4639953287,nT
2026-04-14T20:15:00.000Z,KSU1,X,variation,channel,37177.348924231825,nT
2026-04-14T20:16:00.000Z,KSU1,X,variation,channel,37177.572951466835,nT
2026-04-14T20:17:00.000Z,KSU1,X,variation,channel,37177.88328632414,nT
2026-04-14T20:18:00.000Z,KSU1,X,variation,channel,37178.09817992257,nT
2026-04-14T20:19:00.000Z,KSU1,X,variation,channel,37178.38573662159,nT
2026-04-14T20:20:00.000Z,KSU1,X,variation,channel,37178.52362609216,nT
2026-04-14T20:21:00.000Z,KSU1,X,variation,channel,37178.33853075334,nT
2026-04-14T20:22:00.000Z,KSU1,X,variation,channel,37178.16849577019,nT
2026-04-14T20:23:00.000Z,KSU1,X,variation,channel,37178.4578538451,nT
2026-04-14T20:24:00.000Z,KSU1,X,variation,channel,37178.38842373537,nT
2026-04-14T20:25:00.000Z,KSU1,X,variation,channel,37178.25054985887,nT
2026-04-14T20:26:00.000Z,KSU1,X,variation,channel,37178.34882898243,nT
2026-04-14T20:27:00.000Z,KSU1,X,variation,channel,37178.449973976996,nT
2026-04-14T20:28:00.000Z,KSU1,X,variation,channel,37178.352053588584,nT
2026-04-14T20:29:00.000Z,KSU1,X,variation,channel,37178.40911489646,nT
2026-04-14T20:30:00.000Z,KSU1,X,variation,channel,37178.6193301673,nT
2026-04-14T20:31:00.000Z,KSU1,X,variation,channel,37178.34427691561,nT
2026-04-14T20:32:00.000Z,KSU1,X,variation,channel,37178.35549268555,nT
2026-04-14T20:33:00.000Z,KSU1,X,variation,channel,37178.324112439,nT
2026-04-14T20:34:00.000Z,KSU1,X,variation,channel,37178.295359415366,nT
2026-04-14T20:35:00.000Z,KSU1,X,variation,channel,37178.042971024435,nT
2026-04-14T20:36:00.000Z,KSU1,X,variation,channel,37178.00813256875,nT
2026-04-14T20:37:00.000Z,KSU1,X,variation,channel,37178.02010546121,nT
2026-04-14T20:38:00.000Z,KSU1,X,variation,channel,37178.1622432901,nT
2026-04-14T20:39:00.000Z,KSU1,X,variation,channel,37178.126404476105,nT
2026-04-14T20:40:00.000Z,KSU1,X,variation,channel,37178.27964125915,nT
2026-04-14T20:41:00.000Z,KSU1,X,variation,channel,37178.13955029642,nT
2026-04-14T20:42:00.000Z,KSU1,X,variation,channel,37177.99459052891,nT
2026-04-14T20:43:00.000Z,KSU1,X,variation,channel,37177.8251217872,nT
2026-04-14T20:44:00.000Z,KSU1,X,variation,channel,37178.12193127276,nT
2026-04-14T20:45:00.000Z,KSU1,X,variation,channel,37178.144937378755,nT
2026-04-14T20:46:00.000Z,KSU1,X,variation,channel,37178.24226729892,nT
2026-04-14T20:47:00.000Z,KSU1,X,variation,channel,37178.26946953916,nT
2026-04-14T20:48:00.000Z,KSU1,X,variation,channel,37178.54987824598,nT
2026-04-14T20:49:00.000Z,KSU1,X,variation,channel,37178.63635535974,nT
2026-04-14T20:50:00.000Z,KSU1,X,variation,channel,37178.82095611627,nT
2026-04-14T20:51:00.000Z,KSU1,X,variation,channel,37179.07771825363,nT
2026-04-14T20:52:00.000Z,KSU1,X,variation,channel,37179.09080210652,nT
2026-04-14T20:53:00.000Z,KSU1,X,variation,channel,37179.01047892922,nT
2026-04-14T20:54:00.000Z,KSU1,X,variation,channel,37178.73472842261,nT
2026-04-14T20:55:00.000Z,KSU1,X,variation,channel,37178.9885304879,nT
2026-04-14T20:56:00.000Z,KSU1,X,variation,channel,37179.09391086281,nT
2026-04-14T20:57:00.000Z,KSU1,X,variation,channel,37179.30148153902,nT
2026-04-14T20:58:00.000Z,KSU1,X,variation,channel,37179.26755096295,nT
2026-04-14T20:59:00.000Z,KSU1,X,variation,channel,37178.44627684334,nT
2026-04-14T21:00:00.000Z,KSU1,X,variation,channel,37178.635886227945,nT
2026-04-14T21:01:00.000Z,KSU1,X,variation,channel,37179.50775542493,nT
2026-04-14T21:02:00.000Z,KSU1,X,variation,channel,37179.81335868652,nT
2026-04-14T21:03:00.000Z,KSU1,X,variation,channel,37180.11657464809,nT
2026-04-14T21:04:00.000Z,KSU1,X,variation,channel,37180.52310395814,nT
2026-04-14T21:05:00.000Z,KSU1,X,variation,channel,37181.0125241514,nT
2026-04-14T21:06:00.000Z,KSU1,X,variation,channel,37181.29857758985,nT
2026-04-14T21:07:00.000Z,KSU1,X,variation,channel,37181.2265981202,nT
2026-04-14T21:08:00.000Z,KSU1,X,variation,channel,37181.20452357131,nT
2026-04-14T21:09:00.000Z,KSU1,X,variation,channel,37181.104180519185,nT
2026-04-14T21:10:00.000Z,KSU1,X,variation,channel,37181.074680622434,nT
2026-04-14T21:11:00.000Z,KSU1,X,variation,channel,37180.99843113373,nT
2026-04-14T21:12:00.000Z,KSU1,X,variation,channel,37181.20833065525,nT
2026-04-14T21:13:00.000Z,KSU1,X,variation,channel,37181.22646191426,nT
2026-04-14T21:14:00.000Z,KSU1,X,variation,channel,37181.273008267286,nT
2026-04-14T21:15:00.000Z,KSU1,X,variation,channel,37181.21725926765,nT
2026-04-14T21:16:00.000Z,KSU1,X,variation,channel,37181.03592671197,nT
2026-04-14T21:17:00.000Z,KSU1,X,variation,channel,37180.85590885719,nT
2026-04-14T21:18:00.000Z,KSU1,X,variation,channel,37181.13174590422,nT
2026-04-14T21:19:00.000Z,KSU1,X,variation,channel,37180.66415837386,nT
2026-04-14T21:20:00.000Z,KSU1,X,variation,channel,37180.72997926351,nT
2026-04-14T21:21:00.000Z,KSU1,X,variation,channel,37180.47946826927,nT
2026-04-14T21:22:00.000Z,KSU1,X,variation,channel,37180.180670640206,nT
2026-04-14T21:23:00.000Z,KSU1,X,variation,channel,37180.48950465493,nT
2026-04-14T21:24:00.000Z,KSU1,X,variation,channel,37180.83842056786,nT
2026-04-14T21:25:00.000Z,KSU1,X,variation,channel,37180.93122410949,nT
2026-04-14T21:26:00.000Z,KSU1,X,variation,channel,37181.36306834857,nT
2026-04-14T21:27:00.000Z,KSU1,X,variation,channel,37181.8479081603,nT
2026-04-14T21:28:00.000Z,KSU1,X,variation,channel,37181.940854106164,nT
2026-04-14T21:29:00.000Z,KSU1,X,variation,channel,37182.03972925902,nT
2026-04-14T21:30:00.000Z,KSU1,X,variation,channel,37182.3618062725,nT
2026-04-14T21:31:00.000Z,KSU1,X,variation,channel,37182.89015851724,nT
2026-04-14T21:32:00.000Z,KSU1,X,variation,channel,37182.802445534486,nT
2026-04-14T21:33:00.000Z,KSU1,X,variation,channel,37182.890515882405,nT
2026-04-14T21:34:00.000Z,KSU1,X,variation,channel,37183.11156132464,nT
2026-04-14T21:35:00.000Z,KSU1,X,variation,channel,37183.058009614135,nT
2026-04-14T21:36:00.000Z,KSU1,X,variation,channel,37182.839974746385,nT
2026-04-14T21:37:00.000Z,KSU1,X,variation,channel,37182.991948940886,nT
2026-04-14T21:38:00.000Z,KSU1,X,variation,channel,37183.13765685369,nT
2026-04-14T21:39:00.000Z,KSU1,X,variation,channel,37183.03128317539,nT
2026-04-14T21:40:00.000Z,KSU1,X,variation,channel,37182.88912425794,nT
2026-04-14T21:41:00.000Z,KSU1,X,variation,channel,37182.70643578753,nT
2026-04-14T21:42:00.000Z,KSU1,X,variation,channel,37182.472125685206,nT
2026-04-14T21:43:00.000Z,KSU1,X,variation,channel,37182.33589250639,nT
2026-04-14T21:44:00.000Z,KSU1,X,variation,channel,37182.4003965845,nT
2026-04-14T21:45:00.000Z,KSU1,X,variation,channel,37182.37712688249,nT
2026-04-14T21:46:00.000Z,KSU1,X,variation,channel,37182.08022770991,nT
2026-04-14T21:47:00.000Z,KSU1,X,variation,channel,37182.42402331553,nT
2026-04-14T21:48:00.000Z,KSU1,X,variation,channel,37182.47309978831,nT
2026-04-14T21:49:00.000Z,KSU1,X,variation,channel,37182.5598975209,nT
2026-04-14T21:50:00.000Z,KSU1,X,variation,channel,37182.73749142632,nT
2026-04-14T21:51:00.000Z,KSU1,X,variation,channel,37182.77861224545,nT
2026-04-14T21:52:00.000Z,KSU1,X,variation,channel,37182.88384966126,nT
2026-04-14T21:53:00.000Z,KSU1,X,variation,channel,37182.6290642076,nT
2026-04-14T21:54:00.000Z,KSU1,X,variation,channel,37182.653427780846,nT
2026-04-14T21:55:00.000Z,KSU1,X,variation,channel,37182.84964525368,nT
2026-04-14T21:56:00.000Z,KSU1,X,variation,channel,37182.67326940302,nT
2026-04-14T21:57:00.000Z,KSU1,X,variation,channel,37182.74979994081,nT
2026-04-14T21:58:00.000Z,KSU1,X,variation,channel,37183.01325121636,nT
2026-04-14T21:59:00.000Z,KSU1,X,variation,channel,37183.06333566146,nT
2026-04-14T22:00:00.000Z,KSU1,X,variation,channel,37183.00316666279,nT
2026-04-14T22:01:00.000Z,KSU1,X,variation,channel,37183.23337657884,nT
2026-04-14T22:02:00.000Z,KSU1,X,variation,channel,37183.18170018851,nT
2026-04-14T22:03:00.000Z,KSU1,X,variation,channel,37182.20462377765,nT
2026-04-14T22:04:00.000Z,KSU1,X,variation,channel,37182.472574506,nT
2026-04-14T22:05:00.000Z,KSU1,X,variation,channel,37182.912259393015,nT
2026-04-14T22:06:00.000Z,KSU1,X,variation,channel,37183.09748296013,nT
2026-04-14T22:07:00.000Z,KSU1,X,variation,channel,37183.18293769153,nT
2026-04-14T22:08:00.000Z,KSU1,X,variation,channel,37183.000192627434,nT
2026-04-14T22:09:00.000Z,KSU1,X,variation,channel,37182.841736673334,nT
2026-04-14T22:10:00.000Z,KSU1,X,variation,channel,37182.72225133293,nT
2026-04-14T22:11:00.000Z,KSU1,X,variation,channel,37182.47685468253,nT
2026-04-14T22:12:00.000Z,KSU1,X,variation,channel,37182.62198885785,nT
2026-04-14T22:13:00.000Z,KSU1,X,variation,channel,37182.89070084574,nT
2026-04-14T22:14:00.000Z,KSU1,X,variation,channel,37183.479278350664,nT
2026-04-14T22:15:00.000Z,KSU1,X,variation,channel,37183.59106294145,nT
2026-04-14T22:16:00.000Z,KSU1,X,variation,channel,37183.63021605331,nT
2026-04-14T22:17:00.000Z,KSU1,X,variation,channel,37183.78699345683,nT
2026-04-14T22:18:00.000Z,KSU1,X,variation,channel,37183.585808036645,nT
2026-04-14T22:19:00.000Z,KSU1,X,variation,channel,37183.30308080564,nT
2026-04-14T22:20:00.000Z,KSU1,X,variation,channel,37183.29469129343,nT
2026-04-14T22:21:00.000Z,KSU1,X,variation,channel,37184.048870777915,nT
2026-04-14T22:22:00.000Z,KSU1,X,variation,channel,37184.22155597703,nT
2026-04-14T22:23:00.000Z,KSU1,X,variation,channel,37184.852110252694,nT
2026-04-14T22:24:00.000Z,KSU1,X,variation,channel,37185.367421874085,nT
2026-04-14T22:25:00.000Z,KSU1,X,variation,channel,37186.08150355908,nT
2026-04-14T22:26:00.000Z,KSU1,X,variation,channel,37186.45509548284,nT
2026-04-14T22:27:00.000Z,KSU1,X,variation,channel,37186.4435552921,nT
2026-04-14T22:28:00.000Z,KSU1,X,variation,channel,37186.44737387555,nT
2026-04-14T22:29:00.000Z,KSU1,X,variation,channel,37186.34582218885,nT
2026-04-14T22:30:00.000Z,KSU1,X,variation,channel,37186.38524930028,nT
2026-04-14T22:31:00.000Z,KSU1,X,variation,channel,37185.80847865526,nT
2026-04-14T22:32:00.000Z,KSU1,X,variation,channel,37185.735069272945,nT
2026-04-14T22:33:00.000Z,KSU1,X,variation,channel,37185.69051619559,nT
2026-04-14T22:34:00.000Z,KSU1,X,variation,channel,37185.61366610382,nT
2026-04-14T22:35:00.000Z,KSU1,X,variation,channel,37185.57709641493,nT
2026-04-14T22:36:00.000Z,KSU1,X,variation,channel,37185.33429209301,nT
2026-04-14T22:37:00.000Z,KSU1,X,variation,channel,37185.33729209363,nT
2026-04-14T22:38:00.000Z,KSU1,X,variation,channel,37185.25360659531,nT
2026-04-14T22:39:00.000Z,KSU1,X,variation,channel,37185.22499896695,nT
2026-04-14T22:40:00.000Z,KSU1,X,variation,channel,37185.62459416974,nT
2026-04-14T22:41:00.000Z,KSU1,X,variation,channel,37185.68811649632,nT
2026-04-14T22:42:00.000Z,KSU1,X,variation,channel,37186.1513472955,nT
2026-04-14T22:43:00.000Z,KSU1,X,variation,channel,37186.14270017096,nT
2026-04-14T22:44:00.000Z,KSU1,X,variation,channel,37185.99439407022,nT
2026-04-14T22:45:00.000Z,KSU1,X,variation,channel,37185.878987041666,nT
2026-04-14T22:46:00.000Z,KSU1,X,variation,channel,37185.96115925154,nT
2026-04-14T22:47:00.000Z,KSU1,X,variation,channel,37185.7632556334,nT
2026-04-14T22:48:00.000Z,KSU1,X,variation,channel,37186.07148593849,nT
2026-04-14T22:49:00.000Z,KSU1,X,variation,channel,37186.396404766834,nT
2026-04-14T22:50:00.000Z,KSU1,X,variation,channel,37186.42889686856,nT
2026-04-14T22:51:00.000Z,KSU1,X,variation,channel,37186.58835374408,nT
2026-04-14T22:52:00.000Z,KSU1,X,variation,channel,37187.08078641937,nT
2026-04-14T22:53:00.000Z,KSU1,X,variation,channel,37187.074183890305,nT
2026-04-14T22:54:00.000Z,KSU1,X,variation,channel,37187.09799869682,nT
2026-04-14T22:55:00.000Z,KSU1,X,variation,channel,37187.506991085844,nT
2026-04-14T22:56:00.000Z,KSU1,X,variation,channel,37187.964919456,nT
2026-04-14T22:57:00.000Z,KSU1,X,variation,channel,37187.850661202305,nT
2026-04-14T22:58:00.000Z,KSU1,X,variation,channel,37187.6541824988,nT
2026-04-14T22:59:00.000Z,KSU1,X,variation,channel,37187.708975883084,nT
2026-04-14T23:00:00.000Z,KSU1,X,variation,channel,37187.38356679193,nT
2026-04-14T23:01:00.000Z,KSU1,X,variation,channel,37186.93694732297,nT
2026-04-14T23:02:00.000Z,KSU1,X,variation,channel,37186.95956994311,nT
2026-04-14T23:03:00.000Z,KSU1,X,variation,channel,37187.08965485089,nT
2026-04-14T23:04:00.000Z,KSU1,X,variation,channel,37186.90713195892,nT
2026-04-14T23:05:00.000Z,KSU1,X,variation,channel,37186.55152805068,nT
2026-04-14T23:06:00.000Z,KSU1,X,variation,channel,37186.193057329256,nT
2026-04-14T23:07:00.000Z,KSU1,X,variation,channel,37185.86377522567,nT
2026-04-14T23:08:00.000Z,KSU1,X,variation,channel,37185.46523661061,nT
2026-04-14T23:09:00.000Z,KSU1,X,variation,channel,37184.457290735794,nT
2026-04-14T23:10:00.000Z,KSU1,X,variation,channel,37184.72667755782,nT
2026-04-14T23:11:00.000Z,KSU1,X,variation,channel,37185.250202016716,nT
2026-04-14T23:12:00.000Z,KSU1,X,variation,channel,37185.236988261786,nT
2026-04-14T23:13:00.000Z,KSU1,X,variation,channel,37185.41192723995,nT
2026-04-14T23:14:00.000Z,KSU1,X,variation,channel,37185.423170283946,nT
2026-04-14T23:15:00.000Z,KSU1,X,variation,channel,37185.372588424616,nT
2026-04-14T23:16:00.000Z,KSU1,X,variation,channel,37185.47140490478,nT
2026-04-14T23:17:00.000Z,KSU1,X,variation,channel,37185.48558587262,nT
2026-04-14T23:18:00.000Z,KSU1,X,variation,channel,37185.388479076166,nT
2026-04-14T23:19:00.000Z,KSU1,X,variation,channel,37185.1053539766,nT
2026-04-14T23:20:00.000Z,KSU1,X,variation,channel,37184.597670418225,nT
2026-04-14T23:21:00.000Z,KSU1,X,variation,channel,37184.20781254454,nT
2026-04-14T23:22:00.000Z,KSU1,X,variation,channel,37183.97927328048,nT
2026-04-14T23:23:00.000Z,KSU1,X,variation,channel,37183.88371294055,nT
2026-04-14T23:24:00.000Z,KSU1,X,variation,channel,37182.63102132331,nT
2026-04-14T23:25:00.000Z,KSU1,X,variation,channel,37182.52685775842,nT
2026-04-14T23:26:00.000Z,KSU1,X,variation,channel,37183.16774586163,nT
2026-04-14T23:27:00.000Z,KSU1,X,variation,channel,37182.74509637799,nT
2026-04-14T23:28:00.000Z,KSU1,X,variation,channel,37182.52188997417,nT
2026-04-14T23:29:00.000Z,KSU1,X,variation,channel,37182.1957518165,nT
2026-04-14T23:30:00.000Z,KSU1,X,variation,channel,37181.74441514031,nT
2026-04-14T23:31:00.000Z,KSU1,X,variation,channel,37181.362077235186,nT
2026-04-14T23:32:00.000Z,KSU1,X,variation,channel,37181.01462145596,nT
2026-04-14T23:33:00.000Z,KSU1,X,variation,channel,37180.80885640335,nT
2026-04-14T23:34:00.000Z,KSU1,X,variation,channel,37180.755595560855,nT
2026-04-14T23:35:00.000Z,KSU1,X,variation,channel,37180.87927902207,nT
2026-04-14T23:36:00.000Z,KSU1,X,variation,channel,37180.59352103173,nT
2026-04-14T23:37:00.000Z,KSU1,X,variation,channel,37180.281093284,nT
2026-04-14T23:38:00.000Z,KSU1,X,variation,channel,37180.11423102823,nT
2026-04-14T23:39:00.000Z,KSU1,X,variation,channel,37179.82233687301,nT
2026-04-14T23:40:00.000Z,KSU1,X,variation,channel,37179.70279118931,nT
2026-04-14T23:41:00.000Z,KSU1,X,variation,channel,37179.43164072724,nT
2026-04-14T23:42:00.000Z,KSU1,X,variation,channel,37179.338036919136,nT
2026-04-14T23:43:00.000Z,KSU1,X,variation,channel,37179.03898757977,nT
2026-04-14T23:44:00.000Z,KSU1,X,variation,channel,37178.7809732993,nT
2026-04-14T23:45:00.000Z,KSU1,X,variation,channel,37178.73957460865,nT
2026-04-14T23:46:00.000Z,KSU1,X,variation,channel,37178.731855942206,nT
2026-04-14T23:47:00.000Z,KSU1,X,variation,channel,37178.51282523054,nT
2026-04-14T23:48:00.000Z,KSU1,X,variation,channel,37178.36477293514,nT
2026-04-14T23:49:00.000Z,KSU1,X,variation,channel,37178.32275602893,nT
2026-04-14T23:50:00.000Z,KSU1,X,variation,channel,37178.3165682208,nT
2026-04-14T23:51:00.000Z,KSU1,X,variation,channel,37178.32256518287,nT
2026-04-14T23:52:00.000Z,KSU1,X,variation,channel,37178.06957786017,nT
2026-04-14T23:53:00.000Z,KSU1,X,variation,channel,37177.923990088624,nT
2026-04-14T23:54:00.000Z,KSU1,X,variation,channel,37177.71275627901,nT
2026-04-14T23:55:00.000Z,KSU1,X,variation,channel,37177.95259168718,nT
2026-04-14T23:56:00.000Z,KSU1,X,variation,channel,37177.73412067273,nT
2026-04-14T23:57:00.000Z,KSU1,X,variation,channel,37177.60063514147,nT
2026-04-14T23:58:00.000Z,KSU1,X,variation,channel,37177.63653881099,nT
2026-04-14T23:59:00.000Z,KSU1,X,variation,channel,37177.46768472745,nT
2026-04-15T00:00:00.000Z,KSU1,X,variation,channel,37177.12063692915,nT
2026-04-15T00:01:00.000Z,KSU1,X,variation,channel,37176.80500230158,nT
2026-04-15T00:02:00.000Z,KSU1,X,variation,channel,37176.46875328056,nT
2026-04-15T00:03:00.000Z,KSU1,X,variation,channel,37176.21801455269,nT
2026-04-15T00:04:00.000Z,KSU1,X,variation,channel,37175.98823148186,nT
2026-04-15T00:05:00.000Z,KSU1,X,variation,channel,37175.764941184716,nT
2026-04-15T00:06:00.000Z,KSU1,X,variation,channel,37175.57771974653,nT
2026-04-15T00:07:00.000Z,KSU1,X,variation,channel,37175.55451152716,nT
2026-04-15T00:08:00.000Z,KSU1,X,variation,channel,37175.47483689458,nT
2026-04-15T00:09:00.000Z,KSU1,X,variation,channel,37175.438565341974,nT
2026-04-15T00:10:00.000Z,KSU1,X,variation,channel,37175.41822204822,nT
2026-04-15T00:11:00.000Z,KSU1,X,variation,channel,37175.37570487251,nT
2026-04-15T00:12:00.000Z,KSU1,X,variation,channel,37175.444362869486,nT
2026-04-15T00:13:00.000Z,KSU1,X,variation,channel,37175.17603552349,nT
2026-04-15T00:14:00.000Z,KSU1,X,variation,channel,37174.56754432126,nT
2026-04-15T00:15:00.000Z,KSU1,X,variation,channel,37175.16807544013,nT
2026-04-15T00:16:00.000Z,KSU1,X,variation,channel,37175.24203993811,nT
2026-04-15T00:17:00.000Z,KSU1,X,variation,channel,37175.19195191179,nT
2026-04-15T00:18:00.000Z,KSU1,X,variation,channel,37174.92344424979,nT
2026-04-15T00:19:00.000Z,KSU1,X,variation,channel,37174.85606939976,nT
2026-04-15T00:20:00.000Z,KSU1,X,variation,channel,37174.799431596715,nT
2026-04-15T00:21:00.000Z,KSU1,X,variation,channel,37174.64261153621,nT
2026-04-15T00:22:00.000Z,KSU1,X,variation,channel,37174.38623044478,nT
2026-04-15T00:23:00.000Z,KSU1,X,variation,channel,37174.17861241582,nT
2026-04-15T00:24:00.000Z,KSU1,X,variation,channel,37174.43363382412,nT
2026-04-15T00:25:00.000Z,KSU1,X,variation,channel,37174.38175479361,nT
2026-04-15T00:26:00.000Z,KSU1,X,variation,channel,37173.645200146915,nT
2026-04-15T00:27:00.000Z,KSU1,X,variation,channel,37173.90151576858,nT
2026-04-15T00:28:00.000Z,KSU1,X,variation,channel,37173.74319665077,nT
2026-04-15T00:29:00.000Z,KSU1,X,variation,channel,37173.444724215056,nT
2026-04-15T00:30:00.000Z,KSU1,X,variation,channel,37173.57267961261,nT
2026-04-15T00:31:00.000Z,KSU1,X,variation,channel,37173.233780151284,nT
2026-04-15T00:32:00.000Z,KSU1,X,variation,channel,37172.5464657316,nT
2026-04-15T00:33:00.000Z,KSU1,X,variation,channel,37172.91986637419,nT
2026-04-15T00:34:00.000Z,KSU1,X,variation,channel,37172.40645290271,nT
2026-04-15T00:35:00.000Z,KSU1,X,variation,channel,37172.38271258994,nT
2026-04-15T00:36:00.000Z,KSU1,X,variation,channel,37172.67090136618,nT
2026-04-15T00:37:00.000Z,KSU1,X,variation,channel,37172.52104204379,nT
2026-04-15T00:38:00.000Z,KSU1,X,variation,channel,37172.949451575194,nT
2026-04-15T00:39:00.000Z,KSU1,X,variation,channel,37172.576387728164,nT
2026-04-15T00:40:00.000Z,KSU1,X,variation,channel,37172.00542440431,nT
2026-04-15T00:41:00.000Z,KSU1,X,variation,channel,37171.831286363944,nT
2026-04-15T00:42:00.000Z,KSU1,X,variation,channel,37171.43881311135,nT
2026-04-15T00:43:00.000Z,KSU1,X,variation,channel,37171.44895915209,nT
2026-04-15T00:44:00.000Z,KSU1,X,variation,channel,37171.01462522676,nT
2026-04-15T00:45:00.000Z,KSU1,X,variation,channel,37171.11088087144,nT
2026-04-15T00:46:00.000Z,KSU1,X,variation,channel,37171.03414575236,nT
2026-04-15T00:47:00.000Z,KSU1,X,variation,channel,37170.60402433544,nT
2026-04-15T00:48:00.000Z,KSU1,X,variation,channel,37170.52777335734,nT
2026-04-15T00:49:00.000Z,KSU1,X,variation,channel,37170.48291071659,nT
2026-04-15T00:50:00.000Z,KSU1,X,variation,channel,37169.89639911846,nT
2026-04-15T00:51:00.000Z,KSU1,X,variation,channel,37169.750035235855,nT
2026-04-15T00:52:00.000Z,KSU1,X,variation,channel,37169.42858804141,nT
2026-04-15T00:53:00.000Z,KSU1,X,variation,channel,37169.449886075905,nT
2026-04-15T00:54:00.000Z,KSU1,X,variation,channel,37169.091155878756,nT
2026-04-15T00:55:00.000Z,KSU1,X,variation,channel,37168.96095468719,nT
2026-04-15T00:56:00.000Z,KSU1,X,variation,channel,37168.92422097203,nT
2026-04-15T00:57:00.000Z,KSU1,X,variation,channel,37168.82751176103,nT
2026-04-15T00:58:00.000Z,KSU1,X,variation,channel,37168.74646060659,nT
2026-04-15T00:59:00.000Z,KSU1,X,variation,channel,37168.92779538241,nT
2026-04-15T01:00:00.000Z,KSU1,X,variation,channel,37168.98564528354,nT
2026-04-15T01:01:00.000Z,KSU1,X,variation,channel,37168.599493943955,nT
2026-04-15T01:02:00.000Z,KSU1,X,variation,channel,37168.72519141791,nT
2026-04-15T01:03:00.000Z,KSU1,X,variation,channel,37168.60289477684,nT
2026-04-15T01:04:00.000Z,KSU1,X,variation,channel,37168.37274302644,nT
2026-04-15T01:05:00.000Z,KSU1,X,variation,channel,37168.26751625851,nT
2026-04-15T01:06:00.000Z,KSU1,X,variation,channel,37168.147791546224,nT
2026-04-15T01:07:00.000Z,KSU1,X,variation,channel,37167.853465002,nT
2026-04-15T01:08:00.000Z,KSU1,X,variation,channel,37167.60483531122,nT
2026-04-15T01:09:00.000Z,KSU1,X,variation,channel,37167.446685834686,nT
2026-04-15T01:10:00.000Z,KSU1,X,variation,channel,37167.20423152952,nT
2026-04-15T01:11:00.000Z,KSU1,X,variation,channel,37167.011769748315,nT
2026-04-15T01:12:00.000Z,KSU1,X,variation,channel,37166.76488561828,nT
2026-04-15T01:13:00.000Z,KSU1,X,variation,channel,37166.99882160159,nT
2026-04-15T01:14:00.000Z,KSU1,X,variation,channel,37166.939158096066,nT
2026-04-15T01:15:00.000Z,KSU1,X,variation,channel,37186.83954709991,nT
2026-04-15T01:16:00.000Z,KSU1,X,variation,channel,37187.28253512957,nT
2026-04-15T01:17:00.000Z,KSU1,X,variation,channel,37185.455235585985,nT
2026-04-15T01:18:00.000Z,KSU1,X,variation,channel,37183.68821281738,nT
2026-04-15T01:19:00.000Z,KSU1,X,variation,channel,37181.850808476556,nT
2026-04-15T01:20:00.000Z,KSU1,X,variation,channel,37180.369315877906,nT
2026-04-15T01:21:00.000Z,KSU1,X,variation,channel,37178.862061298474,nT
2026-04-15T01:22:00.000Z,KSU1,X,variation,channel,37177.878766131165,nT
2026-04-15T01:23:00.000Z,KSU1,X,variation,channel,37176.42743146433,nT
2026-04-15T01:24:00.000Z,KSU1,X,variation,channel,37176.39880101929,nT
2026-04-15T01:25:00.000Z,KSU1,X,variation,channel,37176.02845425088,nT
2026-04-15T01:26:00.000Z,KSU1,X,variation,channel,37175.58643578261,nT
2026-04-15T01:27:00.000Z,KSU1,X,variation,channel,37175.06758817682,nT
2026-04-15T01:28:00.000Z,KSU1,X,variation,channel,37174.342822442566,nT
2026-04-15T01:29:00.000Z,KSU1,X,variation,channel,37174.0135630388,nT
2026-04-15T01:30:00.000Z,KSU1,X,variation,channel,37173.74753612563,nT
2026-04-15T01:31:00.000Z,KSU1,X,variation,channel,37173.54308958594,nT
2026-04-15T01:32:00.000Z,KSU1,X,variation,channel,37173.397691453734,nT
2026-04-15T01:33:00.000Z,KSU1,X,variation,channel,37173.16662257001,nT
2026-04-15T01:34:00.000Z,KSU1,X,variation,channel,37172.95187154489,nT
2026-04-15T01:35:00.000Z,KSU1,X,variation,channel,37172.72437868406,nT
2026-04-15T01:36:00.000Z,KSU1,X,variation,channel,37172.590284914906,nT
2026-04-15T01:37:00.000Z,KSU1,X,variation,channel,37172.434364488494,nT
2026-04-15T01:38:00.000Z,KSU1,X,variation,channel,37172.35419252111,nT
2026-04-15T01:39:00.000Z,KSU1,X,variation,channel,37172.14830752398,nT
2026-04-15T01:40:00.000Z,KSU1,X,variation,channel,37172.023472451525,nT
2026-04-15T01:41:00.000Z,KSU1,X,variation,channel,37171.80108922495,nT
2026-04-15T01:42:00.000Z,KSU1,X,variation,channel,37171.59455886645,nT
2026-04-15T01:43:00.000Z,KSU1,X,variation,channel,37171.350681462165,nT
2026-04-15T01:44:00.000Z,KSU1,X,variation,channel,37171.06658427687,nT
2026-04-15T01:45:00.000Z,KSU1,X,variation,channel,37170.6024944789,nT
2026-04-15T01:46:00.000Z,KSU1,X,variation,channel,37170.519860653534,nT
2026-04-15T01:47:00.000Z,KSU1,X,variation,channel,37170.45333113316,nT
2026-04-15T01:48:00.000Z,KSU1,X,variation,channel,37170.666684445554,nT
2026-04-15T01:49:00.000Z,KSU1,X,variation,channel,37170.54271279173,nT
2026-04-15T01:50:00.000Z,KSU1,X,variation,channel,37170.70375046304,nT
2026-04-15T01:51:00.000Z,KSU1,X,variation,channel,37170.593036752936,nT
2026-04-15T01:52:00.000Z,KSU1,X,variation,channel,37170.482187521266,nT
2026-04-15T01:53:00.000Z,KSU1,X,variation,channel,37170.09390323803,nT
2026-04-15T01:54:00.000Z,KSU1,X,variation,channel,37169.78406774762,nT
2026-04-15T01:55:00.000Z,KSU1,X,variation,channel,37169.589679393226,nT
2026-04-15T01:56:00.000Z,KSU1,X,variation,channel,37169.467453910096,nT
2026-04-15T01:57:00.000Z,KSU1,X,variation,channel,37169.333562020925,nT
2026-04-15T01:58:00.000Z,KSU1,X,variation,channel,37169.181036839356,nT
2026-04-15T01:59:00.000Z,KSU1,X,variation,channel,37168.76480357231,nT
2026-04-15T02:00:00.000Z,KSU1,X,variation,channel,37168.70338820072,nT
2026-04-15T02:01:00.000Z,KSU1,X,variation,channel,37168.69107657334,nT
2026-04-15T02:02:00.000Z,KSU1,X,variation,channel,37168.352332831564,nT
2026-04-15T02:03:00.000Z,KSU1,X,variation,channel,37167.94676218458,nT
2026-04-15T02:04:00.000Z,KSU1,X,variation,channel,37167.718119365425,nT
2026-04-15T02:05:00.000Z,KSU1,X,variation,channel,37167.606929864734,nT
2026-04-15T02:06:00.000Z,KSU1,X,variation,channel,37167.75305191078,nT
2026-04-15T02:07:00.000Z,KSU1,X,variation,channel,37167.977760359456,nT
2026-04-15T02:08:00.000Z,KSU1,X,variation,channel,37168.144011587494,nT
2026-04-15T02:09:00.000Z,KSU1,X,variation,channel,37167.762087665986,nT
2026-04-15T02:10:00.000Z,KSU1,X,variation,channel,37167.383798690884,nT
2026-04-15T02:11:00.000Z,KSU1,X,variation,channel,37167.305776110894,nT
2026-04-15T02:12:00.000Z,KSU1,X,variation,channel,37167.21037684349,nT
2026-04-15T02:13:00.000Z,KSU1,X,variation,channel,37166.98204845102,nT
2026-04-15T02:14:00.000Z,KSU1,X,variation,channel,37166.54535480516,nT
2026-04-15T02:15:00.000Z,KSU1,X,variation,channel,37166.08985784077,nT
2026-04-15T02:16:00.000Z,KSU1,X,variation,channel,37165.75759013941,nT
2026-04-15T02:17:00.000Z,KSU1,X,variation,channel,37165.51761309106,nT
2026-04-15T02:18:00.000Z,KSU1,X,variation,channel,37165.19551258842,nT
2026-04-15T02:19:00.000Z,KSU1,X,variation,channel,37164.928990617955,nT
2026-04-15T02:20:00.000Z,KSU1,X,variation,channel,37164.743497411284,nT
2026-04-15T02:21:00.000Z,KSU1,X,variation,channel,37164.377724286234,nT
2026-04-15T02:22:00.000Z,KSU1,X,variation,channel,37163.99222514713,nT
2026-04-15T02:23:00.000Z,KSU1,X,variation,channel,37163.85503937191,nT
2026-04-15T02:24:00.000Z,KSU1,X,variation,channel,37163.49176000652,nT
2026-04-15T02:25:00.000Z,KSU1,X,variation,channel,37163.04513355839,nT
2026-04-15T02:26:00.000Z,KSU1,X,variation,channel,37162.575732027726,nT
2026-04-15T02:27:00.000Z,KSU1,X,variation,channel,37162.63090939475,nT
2026-04-15T02:28:00.000Z,KSU1,X,variation,channel,37162.524604411796,nT
2026-04-15T02:29:00.000Z,KSU1,X,variation,channel,37162.530075978924,nT
2026-04-15T02:30:00.000Z,KSU1,X,variation,channel,37162.758360504646,nT
2026-04-15T02:31:00.000Z,KSU1,X,variation,channel,37162.33409974826,nT
2026-04-15T02:32:00.000Z,KSU1,X,variation,channel,37162.44856284728,nT
2026-04-15T02:33:00.000Z,KSU1,X,variation,channel,37162.53627628029,nT
2026-04-15T02:34:00.000Z,KSU1,X,variation,channel,37162.59287785412,nT
2026-04-15T02:35:00.000Z,KSU1,X,variation,channel,37162.22721244315,nT
2026-04-15T02:36:00.000Z,KSU1,X,variation,channel,37161.15980864861,nT
2026-04-15T02:37:00.000Z,KSU1,X,variation,channel,37161.447961985155,nT
2026-04-15T02:38:00.000Z,KSU1,X,variation,channel,37161.79205053097,nT
2026-04-15T02:39:00.000Z,KSU1,X,variation,channel,37161.606988014726,nT
2026-04-15T02:40:00.000Z,KSU1,X,variation,channel,37161.714491575054,nT
2026-04-15T02:41:00.000Z,KSU1,X,variation,channel,37161.62969021003,nT
2026-04-15T02:42:00.000Z,KSU1,X,variation,channel,37161.72400697558,nT
2026-04-15T02:43:00.000Z,KSU1,X,variation,channel,37161.64256900378,nT
2026-04-15T02:44:00.000Z,KSU1,X,variation,channel,37161.6452476774,nT
2026-04-15T02:45:00.000Z,KSU1,X,variation,channel,37161.403857677804,nT
2026-04-15T02:46:00.000Z,KSU1,X,variation,channel,37161.17934839438,nT
2026-04-15T02:47:00.000Z,KSU1,X,variation,channel,37161.079905689185,nT
2026-04-15T02:48:00.000Z,KSU1,X,variation,channel,37160.908271698914,nT
2026-04-15T02:49:00.000Z,KSU1,X,variation,channel,37160.906649815915,nT
2026-04-15T02:50:00.000Z,KSU1,X,variation,channel,37161.24728892679,nT
2026-04-15T02:51:00.000Z,KSU1,X,variation,channel,37161.418603105405,nT
2026-04-15T02:52:00.000Z,KSU1,X,variation,channel,37161.35721496991,nT
2026-04-15T02:53:00.000Z,KSU1,X,variation,channel,37161.289303877595,nT
2026-04-15T02:54:00.000Z,KSU1,X,variation,channel,37161.36995704318,nT
2026-04-15T02:55:00.000Z,KSU1,X,variation,channel,37161.50190075925,nT
2026-04-15T02:56:00.000Z,KSU1,X,variation,channel,37161.31453125323,nT
2026-04-15T02:57:00.000Z,KSU1,X,variation,channel,37161.083276215846,nT
2026-04-15T02:58:00.000Z,KSU1,X,variation,channel,37161.09923161078,nT
2026-04-15T02:59:00.000Z,KSU1,X,variation,channel,37160.657375379786,nT
2026-04-15T03:00:00.000Z,KSU1,X,variation,channel,37160.89412001286,nT
2026-04-15T03:01:00.000Z,KSU1,X,variation,channel,37160.82619919872,nT
2026-04-15T03:02:00.000Z,KSU1,X,variation,channel,37160.89570326155,nT
2026-04-15T03:03:00.000Z,KSU1,X,variation,channel,37160.84804764316,nT
2026-04-15T03:04:00.000Z,KSU1,X,variation,channel,37160.88718713432,nT
2026-04-15T03:05:00.000Z,KSU1,X,variation,channel,37161.05390748041,nT
2026-04-15T03:06:00.000Z,KSU1,X,variation,channel,37161.050334199725,nT
2026-04-15T03:07:00.000Z,KSU1,X,variation,channel,37160.85614926161,nT
2026-04-15T03:08:00.000Z,KSU1,X,variation,channel,37160.85707999729,nT
2026-04-15T03:09:00.000Z,KSU1,X,variation,channel,37160.67631022391,nT
2026-04-15T03:10:00.000Z,KSU1,X,variation,channel,37160.75176272777,nT
2026-04-15T03:11:00.000Z,KSU1,X,variation,channel,37160.68427947787,nT
2026-04-15T03:12:00.000Z,KSU1,X,variation,channel,37160.69428165376,nT
2026-04-15T03:13:00.000Z,KSU1,X,variation,channel,37160.5712949686,nT
2026-04-15T03:14:00.000Z,KSU1,X,variation,channel,37160.45198938661,nT
2026-04-15T03:15:00.000Z,KSU1,X,variation,channel,37160.15869604001,nT
2026-04-15T03:16:00.000Z,KSU1,X,variation,channel,37160.17987109323,nT
2026-04-15T03:17:00.000Z,KSU1,X,variation,channel,37160.29415336386,nT
2026-04-15T03:18:00.000Z,KSU1,X,variation,channel,37160.386492970894,nT
2026-04-15T03:19:00.000Z,KSU1,X,variation,channel,37160.32029165171,nT
2026-04-15T03:20:00.000Z,KSU1,X,variation,channel,37160.4817395459,nT
2026-04-15T03:21:00.000Z,KSU1,X,variation,channel,37160.44857709393,nT
2026-04-15T03:22:00.000Z,KSU1,X,variation,channel,37160.23086850872,nT
2026-04-15T03:23:00.000Z,KSU1,X,variation,channel,37160.17430484402,nT
2026-04-15T03:24:00.000Z,KSU1,X,variation,channel,37160.258294953244,nT
2026-04-15T03:25:00.000Z,KSU1,X,variation,channel,37160.18158294108,nT
2026-04-15T03:26:00.000Z,KSU1,X,variation,channel,37159.9756830337,nT
2026-04-15T03:27:00.000Z,KSU1,X,variation,channel,37160.05230491283,nT
2026-04-15T03:28:00.000Z,KSU1,X,variation,channel,37160.229061950085,nT
2026-04-15T03:29:00.000Z,KSU1,X,variation,channel,37160.16364980961,nT
2026-04-15T03:30:00.000Z,KSU1,X,variation,channel,37160.208820160784,nT
2026-04-15T03:31:00.000Z,KSU1,X,variation,channel,37160.24486979943,nT
2026-04-15T03:32:00.000Z,KSU1,X,variation,channel,37160.29491738091,nT
2026-04-15T03:33:00.000Z,KSU1,X,variation,channel,37160.28834043654,nT
2026-04-15T03:34:00.000Z,KSU1,X,variation,channel,37160.392212811494,nT
2026-04-15T03:35:00.000Z,KSU1,X,variation,channel,37160.269685300416,nT
2026-04-15T03:36:00.000Z,KSU1,X,variation,channel,37160.270842150436,nT
2026-04-15T03:37:00.000Z,KSU1,X,variation,channel,37160.36309997604,nT
2026-04-15T03:38:00.000Z,KSU1,X,variation,channel,37160.57259520624,nT
2026-04-15T03:39:00.000Z,KSU1,X,variation,channel,37160.50856313921,nT
2026-04-15T03:40:00.000Z,KSU1,X,variation,channel,37160.50859534438,nT
2026-04-15T03:41:00.000Z,KSU1,X,variation,channel,37160.464872290984,nT
2026-04-15T03:42:00.000Z,KSU1,X,variation,channel,37160.58387557192,nT
2026-04-15T03:43:00.000Z,KSU1,X,variation,channel,37160.2659517326,nT
2026-04-15T03:44:00.000Z,KSU1,X,variation,channel,37159.461244354636,nT
2026-04-15T03:45:00.000Z,KSU1,X,variation,channel,37159.81845133606,nT
2026-04-15T03:46:00.000Z,KSU1,X,variation,channel,37159.734739723455,nT
2026-04-15T03:47:00.000Z,KSU1,X,variation,channel,37159.626471225805,nT
2026-04-15T03:48:00.000Z,KSU1,X,variation,channel,37159.852661189216,nT
2026-04-15T03:49:00.000Z,KSU1,X,variation,channel,37159.89021358423,nT
2026-04-15T03:50:00.000Z,KSU1,X,variation,channel,37159.92078952542,nT
2026-04-15T03:51:00.000Z,KSU1,X,variation,channel,37160.11205536443,nT
2026-04-15T03:52:00.000Z,KSU1,X,variation,channel,37159.95056499016,nT
2026-04-15T03:53:00.000Z,KSU1,X,variation,channel,37159.652059102365,nT
2026-04-15T03:54:00.000Z,KSU1,X,variation,channel,37159.6009174841,nT
2026-04-15T03:55:00.000Z,KSU1,X,variation,channel,37159.26628368173,nT
2026-04-15T03:56:00.000Z,KSU1,X,variation,channel,37159.05616302508,nT
2026-04-15T03:57:00.000Z,KSU1,X,variation,channel,37159.00186521564,nT
2026-04-15T03:58:00.000Z,KSU1,X,variation,channel,37159.01475428259,nT
2026-04-15T03:59:00.000Z,KSU1,X,variation,channel,37158.816561530075,nT
2026-04-15T04:00:00.000Z,KSU1,X,variation,channel,37158.933623120036,nT
2026-04-15T04:01:00.000Z,KSU1,X,variation,channel,37158.88090744368,nT
2026-04-15T04:02:00.000Z,KSU1,X,variation,channel,37158.59951644126,nT
2026-04-15T04:03:00.000Z,KSU1,X,variation,channel,37158.554974461375,nT
2026-04-15T04:04:00.000Z,KSU1,X,variation,channel,37158.708692311106,nT
2026-04-15T04:05:00.000Z,KSU1,X,variation,channel,37158.41467449427,nT
2026-04-15T04:06:00.000Z,KSU1,X,variation,channel,37158.59606956268,nT
2026-04-15T04:07:00.000Z,KSU1,X,variation,channel,37158.818687189916,nT
2026-04-15T04:08:00.000Z,KSU1,X,variation,channel,37158.350611788774,nT
2026-04-15T04:09:00.000Z,KSU1,X,variation,channel,37158.34396249128,nT
2026-04-15T04:10:00.000Z,KSU1,X,variation,channel,37158.36661331986,nT
2026-04-15T04:11:00.000Z,KSU1,X,variation,channel,37157.9765522635,nT
2026-04-15T04:12:00.000Z,KSU1,X,variation,channel,37158.14255267677,nT
2026-04-15T04:13:00.000Z,KSU1,X,variation,channel,37157.887558404436,nT
2026-04-15T04:14:00.000Z,KSU1,X,variation,channel,37157.87831299914,nT
2026-04-15T04:15:00.000Z,KSU1,X,variation,channel,37158.02994698078,nT
2026-04-15T04:16:00.000Z,KSU1,X,variation,channel,37157.56929431303,nT
2026-04-15T04:17:00.000Z,KSU1,X,variation,channel,37157.51573442311,nT
2026-04-15T04:18:00.000Z,KSU1,X,variation,channel,37157.61452625,nT
2026-04-15T04:19:00.000Z,KSU1,X,variation,channel,37157.7339964893,nT
2026-04-15T04:20:00.000Z,KSU1,X,variation,channel,37157.416900026335,nT
2026-04-15T04:21:00.000Z,KSU1,X,variation,channel,37157.24760945117,nT
2026-04-15T04:22:00.000Z,KSU1,X,variation,channel,37157.79565817446,nT
2026-04-15T04:23:00.000Z,KSU1,X,variation,channel,37157.08666001698,nT
2026-04-15T04:24:00.000Z,KSU1,X,variation,channel,37157.50431891289,nT
2026-04-15T04:25:00.000Z,KSU1,X,variation,channel,37157.19261449495,nT
2026-04-15T04:26:00.000Z,KSU1,X,variation,channel,37157.03841184683,nT
2026-04-15T04:27:00.000Z,KSU1,X,variation,channel,37157.30002101254,nT
2026-04-15T04:28:00.000Z,KSU1,X,variation,channel,37156.76342528356,nT
2026-04-15T04:29:00.000Z,KSU1,X,variation,channel,37157.215841693884,nT
2026-04-15T04:30:00.000Z,KSU1,X,variation,channel,37157.05465574694,nT
2026-04-15T04:31:00.000Z,KSU1,X,variation,channel,37157.162266846935,nT
2026-04-15T04:32:00.000Z,KSU1,X,variation,channel,37157.14065381668,nT
2026-04-15T04:33:00.000Z,KSU1,X,variation,channel,37157.17694582495,nT
2026-04-15T04:34:00.000Z,KSU1,X,variation,channel,37157.323702003225,nT
2026-04-15T04:35:00.000Z,KSU1,X,variation,channel,37157.063181853744,nT
2026-04-15T04:36:00.000Z,KSU1,X,variation,channel,37156.98833165625,nT
2026-04-15T04:37:00.000Z,KSU1,X,variation,channel,37157.13336387673,nT
2026-04-15T04:38:00.000Z,KSU1,X,variation,channel,37158.16721875937,nT
2026-04-15T04:39:00.000Z,KSU1,X,variation,channel,37157.49722958547,nT
2026-04-15T04:40:00.000Z,KSU1,X,variation,channel,37158.3977540765,nT
2026-04-15T04:41:00.000Z,KSU1,X,variation,channel,37157.99650679933,nT
2026-04-15T04:42:00.000Z,KSU1,X,variation,channel,37158.33735422624,nT
2026-04-15T04:43:00.000Z,KSU1,X,variation,channel,37158.660859400006,nT
2026-04-15T04:44:00.000Z,KSU1,X,variation,channel,37158.410387858596,nT
2026-04-15T04:45:00.000Z,KSU1,X,variation,channel,37158.33560310703,nT
2026-04-15T04:46:00.000Z,KSU1,X,variation,channel,37158.786208010715,nT
2026-04-15T04:47:00.000Z,KSU1,X,variation,channel,37158.72223305178,nT
2026-04-15T04:48:00.000Z,KSU1,X,variation,channel,37158.422960766584,nT
2026-04-15T04:49:00.000Z,KSU1,X,variation,channel,37158.83606660964,nT
2026-04-15T04:50:00.000Z,KSU1,X,variation,channel,37158.46002861287,nT
2026-04-15T04:51:00.000Z,KSU1,X,variation,channel,37158.37458193865,nT
2026-04-15T04:52:00.000Z,KSU1,X,variation,channel,37157.68313866285,nT
2026-04-15T04:53:00.000Z,KSU1,X,variation,channel,37158.55790918275,nT
2026-04-15T04:54:00.000Z,KSU1,X,variation,channel,37158.53326210765,nT
2026-04-15T04:55:00.000Z,KSU1,X,variation,channel,37159.58196488523,nT
2026-04-15T04:56:00.000Z,KSU1,X,variation,channel,37159.04118487304,nT
2026-04-15T04:57:00.000Z,KSU1,X,variation,channel,37159.63573532161,nT
2026-04-15T04:58:00.000Z,KSU1,X,variation,channel,37159.4037600153,nT
2026-04-15T04:59:00.000Z,KSU1,X,variation,channel,37160.184583264185,nT
2026-04-15T05:00:00.000Z,KSU1,X,variation,channel,37161.18983653192,nT
2026-04-15T05:01:00.000Z,KSU1,X,variation,channel,37161.829185735245,nT
2026-04-15T05:02:00.000Z,KSU1,X,variation,channel,37149.60563247807,nT
2026-04-15T05:03:00.000Z,KSU1,X,variation,channel,37141.29663115067,nT
2026-04-15T05:04:00.000Z,KSU1,X,variation,channel,37141.26266545655,nT
2026-04-15T05:05:00.000Z,KSU1,X,variation,channel,37141.54683481378,nT
2026-04-15T05:06:00.000Z,KSU1,X,variation,channel,37142.00349526402,nT
2026-04-15T05:07:00.000Z,KSU1,X,variation,channel,37142.34509696889,nT
2026-04-15T05:08:00.000Z,KSU1,X,variation,channel,37143.30467492138,nT
2026-04-15T05:09:00.000Z,KSU1,X,variation,channel,37142.715405923154,nT
2026-04-15T05:10:00.000Z,KSU1,X,variation,channel,37143.1945578425,nT
2026-04-15T05:11:00.000Z,KSU1,X,variation,channel,37142.62091564547,nT
2026-04-15T05:12:00.000Z,KSU1,X,variation,channel,37142.95496310031,nT
2026-04-15T05:13:00.000Z,KSU1,X,variation,channel,37142.702354664456,nT
2026-04-15T05:14:00.000Z,KSU1,X,variation,channel,37143.4215361701,nT
2026-04-15T05:15:00.000Z,KSU1,X,variation,channel,37142.941539334955,nT
2026-04-15T05:16:00.000Z,KSU1,X,variation,channel,37143.098695083405,nT
2026-04-15T05:17:00.000Z,KSU1,X,variation,channel,37142.97888138003,nT
2026-04-15T05:18:00.000Z,KSU1,X,variation,channel,37144.11842988657,nT
2026-04-15T05:19:00.000Z,KSU1,X,variation,channel,37143.86617496119,nT
2026-04-15T05:20:00.000Z,KSU1,X,variation,channel,37144.61677060337,nT
2026-04-15T05:21:00.000Z,KSU1,X,variation,channel,37144.800999633524,nT
2026-04-15T05:22:00.000Z,KSU1,X,variation,channel,37144.89754269815,nT
2026-04-15T05:23:00.000Z,KSU1,X,variation,channel,37145.19012178896,nT
2026-04-15T05:24:00.000Z,KSU1,X,variation,channel,37145.13470733775,nT
2026-04-15T05:25:00.000Z,KSU1,X,variation,channel,37145.14464834489,nT
2026-04-15T05:26:00.000Z,KSU1,X,variation,channel,37144.91366468389,nT
2026-04-15T05:27:00.000Z,KSU1,X,variation,channel,37144.84858995039,nT
2026-04-15T05:28:00.000Z,KSU1,X,variation,channel,37145.39405651671,nT
2026-04-15T05:29:00.000Z,KSU1,X,variation,channel,37145.14226624025,nT
2026-04-15T05:30:00.000Z,KSU1,X,variation,channel,37145.07256671584,nT
2026-04-15T05:31:00.000Z,KSU1,X,variation,channel,37144.903595596596,nT
2026-04-15T05:32:00.000Z,KSU1,X,variation,channel,37145.169723363506,nT
2026-04-15T05:33:00.000Z,KSU1,X,variation,channel,37145.285574740315,nT
2026-04-15T05:34:00.000Z,KSU1,X,variation,channel,37144.90885849485,nT
2026-04-15T05:35:00.000Z,KSU1,X,variation,channel,37144.99644618439,nT
2026-04-15T05:36:00.000Z,KSU1,X,variation,channel,37145.10036665544,nT
2026-04-15T05:37:00.000Z,KSU1,X,variation,channel,37145.87467782296,nT
2026-04-15T05:38:00.000Z,KSU1,X,variation,channel,37145.39674667011,nT
2026-04-15T05:39:00.000Z,KSU1,X,variation,channel,37145.247200346676,nT
2026-04-15T05:40:00.000Z,KSU1,X,variation,channel,37145.48078595025,nT
2026-04-15T05:41:00.000Z,KSU1,X,variation,channel,37146.930355079094,nT
2026-04-15T05:42:00.000Z,KSU1,X,variation,channel,37146.38633627966,nT
2026-04-15T05:43:00.000Z,KSU1,X,variation,channel,37147.03133006554,nT
2026-04-15T05:44:00.000Z,KSU1,X,variation,channel,37146.8010620346,nT
2026-04-15T05:45:00.000Z,KSU1,X,variation,channel,37146.99073379808,nT
2026-04-15T05:46:00.000Z,KSU1,X,variation,channel,37146.89218532013,nT
2026-04-15T05:47:00.000Z,KSU1,X,variation,channel,37147.36318206538,nT
2026-04-15T05:48:00.000Z,KSU1,X,variation,channel,37147.462431022286,nT
2026-04-15T05:49:00.000Z,KSU1,X,variation,channel,37148.00145115024,nT
2026-04-15T05:50:00.000Z,KSU1,X,variation,channel,37147.718759428084,nT
2026-04-15T05:51:00.000Z,KSU1,X,variation,channel,37149.114803529796,nT
2026-04-15T05:52:00.000Z,KSU1,X,variation,channel,37149.57082726052,nT
2026-04-15T05:53:00.000Z,KSU1,X,variation,channel,37149.783053578096,nT
2026-04-15T05:54:00.000Z,KSU1,X,variation,channel,37150.06072937122,nT
2026-04-15T05:55:00.000Z,KSU1,X,variation,channel,37149.61684477443,nT
2026-04-15T05:56:00.000Z,KSU1,X,variation,channel,37150.01117309271,nT
2026-04-15T05:57:00.000Z,KSU1,X,variation,channel,37150.29672477541,nT
2026-04-15T05:58:00.000Z,KSU1,X,variation,channel,37149.10799487662,nT
2026-04-15T05:59:00.000Z,KSU1,X,variation,channel,37149.53036621099,nT
2026-04-15T06:00:00.000Z,KSU1,X,variation,channel,37150.07984596986,nT
2026-04-15T06:01:00.000Z,KSU1,X,variation,channel,37150.91981454687,nT
2026-04-15T06:02:00.000Z,KSU1,X,variation,channel,37150.63692888272,nT
2026-04-15T06:03:00.000Z,KSU1,X,variation,channel,37151.292776481416,nT
2026-04-15T06:04:00.000Z,KSU1,X,variation,channel,37150.7449461439,nT
2026-04-15T06:05:00.000Z,KSU1,X,variation,channel,37150.52043020111,nT
2026-04-15T06:06:00.000Z,KSU1,X,variation,channel,37150.34264958596,nT
2026-04-15T06:07:00.000Z,KSU1,X,variation,channel,37150.394375830474,nT
2026-04-15T06:08:00.000Z,KSU1,X,variation,channel,37150.121332322975,nT
2026-04-15T06:09:00.000Z,KSU1,X,variation,channel,37149.910384659976,nT
2026-04-15T06:10:00.000Z,KSU1,X,variation,channel,37149.53485579136,nT
2026-04-15T06:11:00.000Z,KSU1,X,variation,channel,37149.5692244453,nT
2026-04-15T06:12:00.000Z,KSU1,X,variation,channel,37149.33499889915,nT
2026-04-15T06:13:00.000Z,KSU1,X,variation,channel,37148.82600625432,nT
2026-04-15T06:14:00.000Z,KSU1,X,variation,channel,37148.47662375274,nT
2026-04-15T06:15:00.000Z,KSU1,X,variation,channel,37148.3484549782,nT
2026-04-15T06:16:00.000Z,KSU1,X,variation,channel,37147.921494549024,nT
2026-04-15T06:17:00.000Z,KSU1,X,variation,channel,37148.24805311579,nT
2026-04-15T06:18:00.000Z,KSU1,X,variation,channel,37148.04430014632,nT
2026-04-15T06:19:00.000Z,KSU1,X,variation,channel,37147.899413816325,nT
2026-04-15T06:20:00.000Z,KSU1,X,variation,channel,37147.595538444955,nT
2026-04-15T06:21:00.000Z,KSU1,X,variation,channel,37147.19284584854,nT
2026-04-15T06:22:00.000Z,KSU1,X,variation,channel,37147.01708711827,nT
2026-04-15T06:23:00.000Z,KSU1,X,variation,channel,37146.89312652906,nT
2026-04-15T06:24:00.000Z,KSU1,X,variation,channel,37147.31605168493,nT
2026-04-15T06:25:00.000Z,KSU1,X,variation,channel,37147.13810360529,nT
2026-04-15T06:26:00.000Z,KSU1,X,variation,channel,37147.10944670158,nT
2026-04-15T06:27:00.000Z,KSU1,X,variation,channel,37147.143646979916,nT
2026-04-15T06:28:00.000Z,KSU1,X,variation,channel,37146.94549479582,nT
2026-04-15T06:29:00.000Z,KSU1,X,variation,channel,37146.698937798705,nT
2026-04-15T06:30:00.000Z,KSU1,X,variation,channel,37146.83757358222,nT
2026-04-15T06:31:00.000Z,KSU1,X,variation,channel,37147.15965620577,nT
2026-04-15T06:32:00.000Z,KSU1,X,variation,channel,37147.13010802676,nT
2026-04-15T06:33:00.000Z,KSU1,X,variation,channel,37147.04474119362,nT
2026-04-15T06:34:00.000Z,KSU1,X,variation,channel,37147.12285318723,nT
2026-04-15T06:35:00.000Z,KSU1,X,variation,channel,37147.35793676511,nT
2026-04-15T06:36:00.000Z,KSU1,X,variation,channel,37147.21858310166,nT
2026-04-15T06:37:00.000Z,KSU1,X,variation,channel,37147.24206101013,nT
2026-04-15T06:38:00.000Z,KSU1,X,variation,channel,37147.62137135012,nT
2026-04-15T06:39:00.000Z,KSU1,X,variation,channel,37147.466993753565,nT
2026-04-15T06:40:00.000Z,KSU1,X,variation,channel,37147.52291953451,nT
2026-04-15T06:41:00.000Z,KSU1,X,variation,channel,37148.2828394808,nT
2026-04-15T06:42:00.000Z,KSU1,X,variation,channel,37148.72660324737,nT
2026-04-15T06:43:00.000Z,KSU1,X,variation,channel,37149.23406064799,nT
2026-04-15T06:44:00.000Z,KSU1,X,variation,channel,37150.04018089635,nT
2026-04-15T06:45:00.000Z,KSU1,X,variation,channel,37150.91524889601,nT
2026-04-15T06:46:00.000Z,KSU1,X,variation,channel,37151.54110041851,nT
2026-04-15T06:47:00.000Z,KSU1,X,variation,channel,37151.786106309206,nT
2026-04-15T06:48:00.000Z,KSU1,X,variation,channel,37151.73226099197,nT
2026-04-15T06:49:00.000Z,KSU1,X,variation,channel,37151.91035139914,nT
2026-04-15T06:50:00.000Z,KSU1,X,variation,channel,37151.703724705825,nT
2026-04-15T06:51:00.000Z,KSU1,X,variation,channel,37151.729566606664,nT
2026-04-15T06:52:00.000Z,KSU1,X,variation,channel,37151.55421052239,nT
2026-04-15T06:53:00.000Z,KSU1,X,variation,channel,37151.190343825554,nT
2026-04-15T06:54:00.000Z,KSU1,X,variation,channel,37151.06984747237,nT
2026-04-15T06:55:00.000Z,KSU1,X,variation,channel,37151.208293799864,nT
2026-04-15T06:56:00.000Z,KSU1,X,variation,channel,37150.55231242931,nT
2026-04-15T06:57:00.000Z,KSU1,X,variation,channel,37150.49896234069,nT
2026-04-15T06:58:00.000Z,KSU1,X,variation,channel,37150.55421879998,nT
2026-04-15T06:59:00.000Z,KSU1,X,variation,channel,37150.346746715906,nT
2026-04-15T07:00:00.000Z,KSU1,X,variation,channel,37150.86249697659,nT
2026-04-15T07:01:00.000Z,KSU1,X,variation,channel,37151.12178336071,nT
2026-04-15T07:02:00.000Z,KSU1,X,variation,channel,37151.33385651593,nT
2026-04-15T07:03:00.000Z,KSU1,X,variation,channel,37151.108347799694,nT
2026-04-15T07:04:00.000Z,KSU1,X,variation,channel,37151.20803761334,nT
2026-04-15T07:05:00.000Z,KSU1,X,variation,channel,37151.34043816384,nT
2026-04-15T07:06:00.000Z,KSU1,X,variation,channel,37151.47145179322,nT
2026-04-15T07:07:00.000Z,KSU1,X,variation,channel,37150.62879052011,nT
2026-04-15T07:08:00.000Z,KSU1,X,variation,channel,37151.34428441196,nT
2026-04-15T07:09:00.000Z,KSU1,X,variation,channel,37151.94843719093,nT
2026-04-15T07:10:00.000Z,KSU1,X,variation,channel,37152.12964485915,nT
2026-04-15T07:11:00.000Z,KSU1,X,variation,channel,37152.23090467456,nT
2026-04-15T07:12:00.000Z,KSU1,X,variation,channel,37152.22301342141,nT
2026-04-15T07:13:00.000Z,KSU1,X,variation,channel,37152.35235318506,nT
2026-04-15T07:14:00.000Z,KSU1,X,variation,channel,37152.17221212136,nT
2026-04-15T07:15:00.000Z,KSU1,X,variation,channel,37152.398455266484,nT
2026-04-15T07:16:00.000Z,KSU1,X,variation,channel,37152.57093197568,nT
2026-04-15T07:17:00.000Z,KSU1,X,variation,channel,37152.54378482179,nT
2026-04-15T07:18:00.000Z,KSU1,X,variation,channel,37152.895671549726,nT
2026-04-15T07:19:00.000Z,KSU1,X,variation,channel,37153.55269338655,nT
2026-04-15T07:20:00.000Z,KSU1,X,variation,channel,37153.67500359933,nT
2026-04-15T07:21:00.000Z,KSU1,X,variation,channel,37153.45450218197,nT
2026-04-15T07:22:00.000Z,KSU1,X,variation,channel,37153.47828431323,nT
2026-04-15T07:23:00.000Z,KSU1,X,variation,channel,37153.762849894214,nT
2026-04-15T07:24:00.000Z,KSU1,X,variation,channel,37154.19244840295,nT
2026-04-15T07:25:00.000Z,KSU1,X,variation,channel,37154.04332744001,nT
2026-04-15T07:26:00.000Z,KSU1,X,variation,channel,37153.954085025725,nT
2026-04-15T07:27:00.000Z,KSU1,X,variation,channel,37154.03832777263,nT
2026-04-15T07:28:00.000Z,KSU1,X,variation,channel,37153.978141970874,nT
2026-04-15T07:29:00.000Z,KSU1,X,variation,channel,37153.95540274775,nT
2026-04-15T07:30:00.000Z,KSU1,X,variation,channel,37153.80477059877,nT
2026-04-15T07:31:00.000Z,KSU1,X,variation,channel,37153.62963321938,nT
2026-04-15T07:32:00.000Z,KSU1,X,variation,channel,37153.520430779434,nT
2026-04-15T07:33:00.000Z,KSU1,X,variation,channel,37153.465950569866,nT
2026-04-15T07:34:00.000Z,KSU1,X,variation,channel,37153.277279001915,nT
2026-04-15T07:35:00.000Z,KSU1,X,variation,channel,37153.375831288795,nT
2026-04-15T07:36:00.000Z,KSU1,X,variation,channel,37153.538102835075,nT
2026-04-15T07:37:00.000Z,KSU1,X,variation,channel,37153.81358228796,nT
2026-04-15T07:38:00.000Z,KSU1,X,variation,channel,37153.947081100545,nT
2026-04-15T07:39:00.000Z,KSU1,X,variation,channel,37154.05982534849,nT
2026-04-15T07:40:00.000Z,KSU1,X,variation,channel,37154.09664502824,nT
2026-04-15T07:41:00.000Z,KSU1,X,variation,channel,37154.3033370926,nT
2026-04-15T07:42:00.000Z,KSU1,X,variation,channel,37154.33977189129,nT
2026-04-15T07:43:00.000Z,KSU1,X,variation,channel,37154.49808791326,nT
2026-04-15T07:44:00.000Z,KSU1,X,variation,channel,37154.453377669975,nT
2026-04-15T07:45:00.000Z,KSU1,X,variation,channel,37154.577468881645,nT
2026-04-15T07:46:00.000Z,KSU1,X,variation,channel,37154.55324575643,nT
2026-04-15T07:47:00.000Z,KSU1,X,variation,channel,37154.811317388056,nT
2026-04-15T07:48:00.000Z,KSU1,X,variation,channel,37155.16167493848,nT
2026-04-15T07:49:00.000Z,KSU1,X,variation,channel,37155.270231506096,nT
2026-04-15T07:50:00.000Z,KSU1,X,variation,channel,37155.52355096567,nT
2026-04-15T07:51:00.000Z,KSU1,X,variation,channel,37155.22974141622,nT
2026-04-15T07:52:00.000Z,KSU1,X,variation,channel,37155.394672938186,nT
2026-04-15T07:53:00.000Z,KSU1,X,variation,channel,37155.021299464526,nT
2026-04-15T07:54:00.000Z,KSU1,X,variation,channel,37154.66640548201,nT
2026-04-15T07:55:00.000Z,KSU1,X,variation,channel,37154.756418360535,nT
2026-04-15T07:56:00.000Z,KSU1,X,variation,channel,37154.66528293205,nT
2026-04-15T07:57:00.000Z,KSU1,X,variation,channel,37154.68242482554,nT
2026-04-15T07:58:00.000Z,KSU1,X,variation,channel,37154.8763265337,nT
2026-04-15T07:59:00.000Z,KSU1,X,variation,channel,37154.872547912135,nT
2026-04-15T08:00:00.000Z,KSU1,X,variation,channel,37155.06279845312,nT
2026-04-15T08:01:00.000Z,KSU1,X,variation,channel,37154.830747369175,nT
2026-04-15T08:02:00.000Z,KSU1,X,variation,channel,37154.79515577699,nT
2026-04-15T08:03:00.000Z,KSU1,X,variation,channel,37154.98177119998,nT
2026-04-15T08:04:00.000Z,KSU1,X,variation,channel,37154.81675244495,nT
2026-04-15T08:05:00.000Z,KSU1,X,variation,channel,37154.87393181484,nT
2026-04-15T08:06:00.000Z,KSU1,X,variation,channel,37154.87170558889,nT
2026-04-15T08:07:00.000Z,KSU1,X,variation,channel,37154.875318732884,nT
2026-04-15T08:08:00.000Z,KSU1,X,variation,channel,37154.925738091195,nT
2026-04-15T08:09:00.000Z,KSU1,X,variation,channel,37154.865622870544,nT
2026-04-15T08:10:00.000Z,KSU1,X,variation,channel,37154.121885482935,nT
2026-04-15T08:11:00.000Z,KSU1,X,variation,channel,37153.75819685423,nT
2026-04-15T08:12:00.000Z,KSU1,X,variation,channel,37154.41650621061,nT
2026-04-15T08:13:00.000Z,KSU1,X,variation,channel,37154.704349240485,nT
2026-04-15T08:14:00.000Z,KSU1,X,variation,channel,37154.753679875685,nT
2026-04-15T08:15:00.000Z,KSU1,X,variation,channel,37154.39556958757,nT
2026-04-15T08:16:00.000Z,KSU1,X,variation,channel,37154.39580617805,nT
2026-04-15T08:17:00.000Z,KSU1,X,variation,channel,37154.50962306869,nT
2026-04-15T08:18:00.000Z,KSU1,X,variation,channel,37154.57461979455,nT
2026-04-15T08:19:00.000Z,KSU1,X,variation,channel,37155.2515728213,nT
2026-04-15T08:20:00.000Z,KSU1,X,variation,channel,37154.95747095418,nT
2026-04-15T08:21:00.000Z,KSU1,X,variation,channel,37154.74360955704,nT
2026-04-15T08:22:00.000Z,KSU1,X,variation,channel,37154.71548985905,nT
2026-04-15T08:23:00.000Z,KSU1,X,variation,channel,37154.8227561935,nT
2026-04-15T08:24:00.000Z,KSU1,X,variation,channel,37155.011873874704,nT
2026-04-15T08:25:00.000Z,KSU1,X,variation,channel,37155.34524824488,nT
2026-04-15T08:26:00.000Z,KSU1,X,variation,channel,37155.22095740415,nT
2026-04-15T08:27:00.000Z,KSU1,X,variation,channel,37155.34486167633,nT
2026-04-15T08:28:00.000Z,KSU1,X,variation,channel,37155.402845030556,nT
2026-04-15T08:29:00.000Z,KSU1,X,variation,channel,37155.769589562435,nT
2026-04-15T08:30:00.000Z,KSU1,X,variation,channel,37155.59186754195,nT
2026-04-15T08:31:00.000Z,KSU1,X,variation,channel,37155.32487450898,nT
2026-04-15T08:32:00.000Z,KSU1,X,variation,channel,37155.24000839713,nT
2026-04-15T08:33:00.000Z,KSU1,X,variation,channel,37154.97120709252,nT
2026-04-15T08:34:00.000Z,KSU1,X,variation,channel,37154.71037225449,nT
2026-04-15T08:35:00.000Z,KSU1,X,variation,channel,37154.46966145387,nT
2026-04-15T08:36:00.000Z,KSU1,X,variation,channel,37154.419405532295,nT
2026-04-15T08:37:00.000Z,KSU1,X,variation,channel,37154.42890400619,nT
2026-04-15T08:38:00.000Z,KSU1,X,variation,channel,37154.24207331497,nT
2026-04-15T08:39:00.000Z,KSU1,X,variation,channel,37154.337623753774,nT
2026-04-15T08:40:00.000Z,KSU1,X,variation,channel,37154.47117023915,nT
2026-04-15T08:41:00.000Z,KSU1,X,variation,channel,37154.3662816011,nT
2026-04-15T08:42:00.000Z,KSU1,X,variation,channel,37154.36088555426,nT
2026-04-15T08:43:00.000Z,KSU1,X,variation,channel,37154.10711908183,nT
2026-04-15T08:44:00.000Z,KSU1,X,variation,channel,37154.32267494385,nT
2026-04-15T08:45:00.000Z,KSU1,X,variation,channel,37153.90778004112,nT
2026-04-15T08:46:00.000Z,KSU1,X,variation,channel,37153.64077864019,nT
2026-04-15T08:47:00.000Z,KSU1,X,variation,channel,37153.735027683986,nT
2026-04-15T08:48:00.000Z,KSU1,X,variation,channel,37153.53044024204,nT
2026-04-15T08:49:00.000Z,KSU1,X,variation,channel,37153.58396371013,nT
2026-04-15T08:50:00.000Z,KSU1,X,variation,channel,37153.142515107334,nT
2026-04-15T08:51:00.000Z,KSU1,X,variation,channel,37153.27487074002,nT
2026-04-15T08:52:00.000Z,KSU1,X,variation,channel,37153.3103533241,nT
2026-04-15T08:53:00.000Z,KSU1,X,variation,channel,37153.44354969153,nT
2026-04-15T08:54:00.000Z,KSU1,X,variation,channel,37153.39223377545,nT
2026-04-15T08:55:00.000Z,KSU1,X,variation,channel,37153.27344635713,nT
2026-04-15T08:56:00.000Z,KSU1,X,variation,channel,37152.8675745916,nT
2026-04-15T08:57:00.000Z,KSU1,X,variation,channel,37152.79698332523,nT
2026-04-15T08:58:00.000Z,KSU1,X,variation,channel,37152.74016207911,nT
2026-04-15T08:59:00.000Z,KSU1,X,variation,channel,37152.576189629544,nT
2026-04-15T09:00:00.000Z,KSU1,X,variation,channel,37152.35150057758,nT
2026-04-15T09:01:00.000Z,KSU1,X,variation,channel,37152.17413321908,nT
2026-04-15T09:02:00.000Z,KSU1,X,variation,channel,37152.08418406645,nT
2026-04-15T09:03:00.000Z,KSU1,X,variation,channel,37152.09266850843,nT
2026-04-15T09:04:00.000Z,KSU1,X,variation,channel,37152.15562522054,nT
2026-04-15T09:05:00.000Z,KSU1,X,variation,channel,37152.28362110319,nT
2026-04-15T09:06:00.000Z,KSU1,X,variation,channel,37152.15579513857,nT
2026-04-15T09:07:00.000Z,KSU1,X,variation,channel,37152.05371417392,nT
2026-04-15T09:08:00.000Z,KSU1,X,variation,channel,37151.90991172336,nT
2026-04-15T09:09:00.000Z,KSU1,X,variation,channel,37152.015601827254,nT
2026-04-15T09:10:00.000Z,KSU1,X,variation,channel,37151.8325192395,nT
2026-04-15T09:11:00.000Z,KSU1,X,variation,channel,37152.22445979957,nT
2026-04-15T09:12:00.000Z,KSU1,X,variation,channel,37152.36452968189,nT
2026-04-15T09:13:00.000Z,KSU1,X,variation,channel,37152.60135117779,nT
2026-04-15T09:14:00.000Z,KSU1,X,variation,channel,37153.146559390916,nT
2026-04-15T09:15:00.000Z,KSU1,X,variation,channel,37153.37629589544,nT
2026-04-15T09:16:00.000Z,KSU1,X,variation,channel,37153.262638310465,nT
2026-04-15T09:17:00.000Z,KSU1,X,variation,channel,37153.53446959199,nT
2026-04-15T09:18:00.000Z,KSU1,X,variation,channel,37153.457100857515,nT
2026-04-15T09:19:00.000Z,KSU1,X,variation,channel,37153.630059717936,nT
2026-04-15T09:20:00.000Z,KSU1,X,variation,channel,37152.80733614639,nT
2026-04-15T09:21:00.000Z,KSU1,X,variation,channel,37153.030132746695,nT
2026-04-15T09:22:00.000Z,KSU1,X,variation,channel,37153.432866975316,nT
2026-04-15T09:23:00.000Z,KSU1,X,variation,channel,37153.43292747414,nT
2026-04-15T09:24:00.000Z,KSU1,X,variation,channel,37153.52311599253,nT
2026-04-15T09:25:00.000Z,KSU1,X,variation,channel,37153.64841097037,nT
2026-04-15T09:26:00.000Z,KSU1,X,variation,channel,37153.68318989123,nT
2026-04-15T09:27:00.000Z,KSU1,X,variation,channel,37153.460516880914,nT
2026-04-15T09:28:00.000Z,KSU1,X,variation,channel,37153.6643459513,nT
2026-04-15T09:29:00.000Z,KSU1,X,variation,channel,37153.9374474865,nT
2026-04-15T09:30:00.000Z,KSU1,X,variation,channel,37153.67697460888,nT
2026-04-15T09:31:00.000Z,KSU1,X,variation,channel,37153.73877082986,nT
2026-04-15T09:32:00.000Z,KSU1,X,variation,channel,37153.69363054716,nT
2026-04-15T09:33:00.000Z,KSU1,X,variation,channel,37153.40217688162,nT
2026-04-15T09:34:00.000Z,KSU1,X,variation,channel,37153.66506508126,nT
2026-04-15T09:35:00.000Z,KSU1,X,variation,channel,37153.56759098939,nT
2026-04-15T09:36:00.000Z,KSU1,X,variation,channel,37153.802267002866,nT
2026-04-15T09:37:00.000Z,KSU1,X,variation,channel,37153.48053783174,nT
2026-04-15T09:38:00.000Z,KSU1,X,variation,channel,37153.322533033104,nT
2026-04-15T09:39:00.000Z,KSU1,X,variation,channel,37153.20761224075,nT
2026-04-15T09:40:00.000Z,KSU1,X,variation,channel,37153.39939055346,nT
2026-04-15T09:41:00.000Z,KSU1,X,variation,channel,37153.59845251115,nT
2026-04-15T09:42:00.000Z,KSU1,X,variation,channel,37153.386489081495,nT
2026-04-15T09:43:00.000Z,KSU1,X,variation,channel,37153.679469983756,nT
2026-04-15T09:44:00.000Z,KSU1,X,variation,channel,37153.93725767807,nT
2026-04-15T09:45:00.000Z,KSU1,X,variation,channel,37153.856711127126,nT
2026-04-15T09:46:00.000Z,KSU1,X,variation,channel,37153.66074127209,nT
2026-04-15T09:47:00.000Z,KSU1,X,variation,channel,37153.84157195572,nT
2026-04-15T09:48:00.000Z,KSU1,X,variation,channel,37153.6515488245,nT
2026-04-15T09:49:00.000Z,KSU1,X,variation,channel,37153.62209276449,nT
2026-04-15T09:50:00.000Z,KSU1,X,variation,channel,37153.14591206468,nT
2026-04-15T09:51:00.000Z,KSU1,X,variation,channel,37152.894085928376,nT
2026-04-15T09:52:00.000Z,KSU1,X,variation,channel,37152.76975999821,nT
2026-04-15T09:53:00.000Z,KSU1,X,variation,channel,37152.699920196676,nT
2026-04-15T09:54:00.000Z,KSU1,X,variation,channel,37152.67994574769,nT
2026-04-15T09:55:00.000Z,KSU1,X,variation,channel,37152.5365523527,nT
2026-04-15T09:56:00.000Z,KSU1,X,variation,channel,37152.38469516902,nT
2026-04-15T09:57:00.000Z,KSU1,X,variation,channel,37152.471801788335,nT
2026-04-15T09:58:00.000Z,KSU1,X,variation,channel,37152.56013063514,nT
2026-04-15T09:59:00.000Z,KSU1,X,variation,channel,37152.74499002019,nT
2026-04-15T10:00:00.000Z,KSU1,X,variation,channel,37152.80442235274,nT
2026-04-15T10:01:00.000Z,KSU1,X,variation,channel,37152.56677303522,nT
2026-04-15T10:02:00.000Z,KSU1,X,variation,channel,37152.46941448756,nT
2026-04-15T10:03:00.000Z,KSU1,X,variation,channel,37152.41791272414,nT
2026-04-15T10:04:00.000Z,KSU1,X,variation,channel,37152.24280636291,nT
2026-04-15T10:05:00.000Z,KSU1,X,variation,channel,37152.39634539747,nT
2026-04-15T10:06:00.000Z,KSU1,X,variation,channel,37152.021564214556,nT
2026-04-15T10:07:00.000Z,KSU1,X,variation,channel,37152.13998729589,nT
2026-04-15T10:08:00.000Z,KSU1,X,variation,channel,37152.16205886785,nT
2026-04-15T10:09:00.000Z,KSU1,X,variation,channel,37152.058623086516,nT
2026-04-15T10:10:00.000Z,KSU1,X,variation,channel,37152.090378299,nT
2026-04-15T10:11:00.000Z,KSU1,X,variation,channel,37152.09187121839,nT
2026-04-15T10:12:00.000Z,KSU1,X,variation,channel,37152.15359737494,nT
2026-04-15T10:13:00.000Z,KSU1,X,variation,channel,37152.08284350914,nT
2026-04-15T10:14:00.000Z,KSU1,X,variation,channel,37151.94045174453,nT
2026-04-15T10:15:00.000Z,KSU1,X,variation,channel,37151.76136470275,nT
2026-04-15T10:16:00.000Z,KSU1,X,variation,channel,37151.88141270629,nT
2026-04-15T10:17:00.000Z,KSU1,X,variation,channel,37151.72223404069,nT
2026-04-15T10:18:00.000Z,KSU1,X,variation,channel,37151.51669292884,nT
2026-04-15T10:19:00.000Z,KSU1,X,variation,channel,37151.58255681484,nT
2026-04-15T10:20:00.000Z,KSU1,X,variation,channel,37151.71604994244,nT
2026-04-15T10:21:00.000Z,KSU1,X,variation,channel,37151.46883978064,nT
2026-04-15T10:22:00.000Z,KSU1,X,variation,channel,37151.67386021448,nT
2026-04-15T10:23:00.000Z,KSU1,X,variation,channel,37151.371885357396,nT
2026-04-15T10:24:00.000Z,KSU1,X,variation,channel,37151.24357397973,nT
2026-04-15T10:25:00.000Z,KSU1,X,variation,channel,37151.2620869512,nT
2026-04-15T10:26:00.000Z,KSU1,X,variation,channel,37151.49036043938,nT
2026-04-15T10:27:00.000Z,KSU1,X,variation,channel,37151.2023766177,nT
2026-04-15T10:28:00.000Z,KSU1,X,variation,channel,37150.98464804682,nT
2026-04-15T10:29:00.000Z,KSU1,X,variation,channel,37150.93851154028,nT
2026-04-15T10:30:00.000Z,KSU1,X,variation,channel,37151.09871828296,nT
2026-04-15T10:31:00.000Z,KSU1,X,variation,channel,37151.05090291537,nT
2026-04-15T10:32:00.000Z,KSU1,X,variation,channel,37151.1100528512,nT
2026-04-15T10:33:00.000Z,KSU1,X,variation,channel,37150.99344646308,nT
2026-04-15T10:34:00.000Z,KSU1,X,variation,channel,37150.0840227876,nT
2026-04-15T10:35:00.000Z,KSU1,X,variation,channel,37150.97566902596,nT
2026-04-15T10:36:00.000Z,KSU1,X,variation,channel,37151.52609430685,nT
2026-04-15T10:37:00.000Z,KSU1,X,variation,channel,37151.63910656301,nT
2026-04-15T10:38:00.000Z,KSU1,X,variation,channel,37151.70059742206,nT
2026-04-15T10:39:00.000Z,KSU1,X,variation,channel,37151.57386501588,nT
2026-04-15T10:40:00.000Z,KSU1,X,variation,channel,37151.710647950174,nT
2026-04-15T10:41:00.000Z,KSU1,X,variation,channel,37151.48131983684,nT
2026-04-15T10:42:00.000Z,KSU1,X,variation,channel,37151.51191283736,nT
2026-04-15T10:43:00.000Z,KSU1,X,variation,channel,37151.752760160445,nT
2026-04-15T10:44:00.000Z,KSU1,X,variation,channel,37151.390388974454,nT
2026-04-15T10:45:00.000Z,KSU1,X,variation,channel,37151.041335294125,nT
2026-04-15T10:46:00.000Z,KSU1,X,variation,channel,37150.98569226647,nT
2026-04-15T10:47:00.000Z,KSU1,X,variation,channel,37151.04837901486,nT
2026-04-15T10:48:00.000Z,KSU1,X,variation,channel,37150.992792555226,nT
2026-04-15T10:49:00.000Z,KSU1,X,variation,channel,37151.09286654949,nT
2026-04-15T10:50:00.000Z,KSU1,X,variation,channel,37150.9758159624,nT
2026-04-15T10:51:00.000Z,KSU1,X,variation,channel,37150.92847657782,nT
2026-04-15T10:52:00.000Z,KSU1,X,variation,channel,37150.90568539592,nT
2026-04-15T10:53:00.000Z,KSU1,X,variation,channel,37150.917083439956,nT
2026-04-15T10:54:00.000Z,KSU1,X,variation,channel,37150.971540732935,nT
2026-04-15T10:55:00.000Z,KSU1,X,variation,channel,37150.98164919047,nT
2026-04-15T10:56:00.000Z,KSU1,X,variation,channel,37150.816728191516,nT
2026-04-15T10:57:00.000Z,KSU1,X,variation,channel,37150.55122537763,nT
2026-04-15T10:58:00.000Z,KSU1,X,variation,channel,37150.489231838386,nT
2026-04-15T10:59:00.000Z,KSU1,X,variation,channel,37150.59787627911,nT
2026-04-15T11:00:00.000Z,KSU1,X,variation,channel,37150.69697592209,nT
2026-04-15T11:01:00.000Z,KSU1,X,variation,channel,37150.52940508657,nT
2026-04-15T11:02:00.000Z,KSU1,X,variation,channel,37150.70049929545,nT
2026-04-15T11:03:00.000Z,KSU1,X,variation,channel,37150.82787558203,nT
2026-04-15T11:04:00.000Z,KSU1,X,variation,channel,37150.607696916326,nT
2026-04-15T11:05:00.000Z,KSU1,X,variation,channel,37150.60763816499,nT
2026-04-15T11:06:00.000Z,KSU1,X,variation,channel,37150.53152514152,nT
2026-04-15T11:07:00.000Z,KSU1,X,variation,channel,37150.67958764258,nT
2026-04-15T11:08:00.000Z,KSU1,X,variation,channel,37150.26537637692,nT
2026-04-15T11:09:00.000Z,KSU1,X,variation,channel,37150.240164268514,nT
2026-04-15T11:10:00.000Z,KSU1,X,variation,channel,37150.0605969401,nT
2026-04-15T11:11:00.000Z,KSU1,X,variation,channel,37150.06634250484,nT
2026-04-15T11:12:00.000Z,KSU1,X,variation,channel,37150.13634442572,nT
2026-04-15T11:13:00.000Z,KSU1,X,variation,channel,37149.75751411034,nT
2026-04-15T11:14:00.000Z,KSU1,X,variation,channel,37149.61637946527,nT
2026-04-15T11:15:00.000Z,KSU1,X,variation,channel,37149.72635589989,nT
2026-04-15T11:16:00.000Z,KSU1,X,variation,channel,37149.65572100248,nT
2026-04-15T11:17:00.000Z,KSU1,X,variation,channel,37149.57186946523,nT
2026-04-15T11:18:00.000Z,KSU1,X,variation,channel,37149.27427686713,nT
2026-04-15T11:19:00.000Z,KSU1,X,variation,channel,37149.125981681915,nT
2026-04-15T11:20:00.000Z,KSU1,X,variation,channel,37149.33313355744,nT
2026-04-15T11:21:00.000Z,KSU1,X,variation,channel,37149.21731705485,nT
2026-04-15T11:22:00.000Z,KSU1,X,variation,channel,37148.93421044919,nT
2026-04-15T11:23:00.000Z,KSU1,X,variation,channel,37149.13890487625,nT
2026-04-15T11:24:00.000Z,KSU1,X,variation,channel,37149.394692334216,nT
2026-04-15T11:25:00.000Z,KSU1,X,variation,channel,37149.18409574364,nT
2026-04-15T11:26:00.000Z,KSU1,X,variation,channel,37149.08724348316,nT
2026-04-15T11:27:00.000Z,KSU1,X,variation,channel,37148.69244039099,nT
2026-04-15T11:28:00.000Z,KSU1,X,variation,channel,37148.92234628334,nT
2026-04-15T11:29:00.000Z,KSU1,X,variation,channel,37148.9903401931,nT
2026-04-15T11:30:00.000Z,KSU1,X,variation,channel,37148.764674768296,nT
2026-04-15T11:31:00.000Z,KSU1,X,variation,channel,37148.77219927833,nT
2026-04-15T11:32:00.000Z,KSU1,X,variation,channel,37148.51643776628,nT
2026-04-15T11:33:00.000Z,KSU1,X,variation,channel,37148.77916730719,nT
2026-04-15T11:34:00.000Z,KSU1,X,variation,channel,37148.46358187231,nT
2026-04-15T11:35:00.000Z,KSU1,X,variation,channel,37148.47727443537,nT
2026-04-15T11:36:00.000Z,KSU1,X,variation,channel,37148.6524676711,nT
2026-04-15T11:37:00.000Z,KSU1,X,variation,channel,37148.45169000783,nT
2026-04-15T11:38:00.000Z,KSU1,X,variation,channel,37148.80295138222,nT
2026-04-15T11:39:00.000Z,KSU1,X,variation,channel,37148.814202900154,nT
2026-04-15T11:40:00.000Z,KSU1,X,variation,channel,37148.634821618456,nT
2026-04-15T11:41:00.000Z,KSU1,X,variation,channel,37149.06809879334,nT
2026-04-15T11:42:00.000Z,KSU1,X,variation,channel,37148.80298414682,nT
2026-04-15T11:43:00.000Z,KSU1,X,variation,channel,37148.54572095578,nT
2026-04-15T11:44:00.000Z,KSU1,X,variation,channel,37148.049258236846,nT
2026-04-15T11:45:00.000Z,KSU1,X,variation,channel,37147.79679019831,nT
2026-04-15T11:46:00.000Z,KSU1,X,variation,channel,37148.858915359975,nT
2026-04-15T11:47:00.000Z,KSU1,X,variation,channel,37148.880735423256,nT
2026-04-15T11:48:00.000Z,KSU1,X,variation,channel,37148.86347406004,nT
2026-04-15T11:49:00.000Z,KSU1,X,variation,channel,37148.67547267914,nT
2026-04-15T11:50:00.000Z,KSU1,X,variation,channel,37148.60352787507,nT
2026-04-15T11:51:00.000Z,KSU1,X,variation,channel,37148.48087658531,nT
2026-04-15T11:52:00.000Z,KSU1,X,variation,channel,37148.378858342076,nT
2026-04-15T11:53:00.000Z,KSU1,X,variation,channel,37148.45323517054,nT
2026-04-15T11:54:00.000Z,KSU1,X,variation,channel,37148.331649679945,nT
2026-04-15T11:55:00.000Z,KSU1,X,variation,channel,37147.43903626804,nT
2026-04-15T11:56:00.000Z,KSU1,X,variation,channel,37147.403981627125,nT
2026-04-15T11:57:00.000Z,KSU1,X,variation,channel,37148.15022649187,nT
2026-04-15T11:58:00.000Z,KSU1,X,variation,channel,37148.15015149182,nT
2026-04-15T11:59:00.000Z,KSU1,X,variation,channel,37147.93252709216,nT
2026-04-15T12:00:00.000Z,KSU1,X,variation,channel,37148.070834979626,nT
2026-04-15T12:01:00.000Z,KSU1,X,variation,channel,37147.948302641234,nT
2026-04-15T12:02:00.000Z,KSU1,X,variation,channel,37148.03283145464,nT
2026-04-15T12:03:00.000Z,KSU1,X,variation,channel,37147.57162479316,nT
2026-04-15T12:04:00.000Z,KSU1,X,variation,channel,37147.86667413417,nT
2026-04-15T12:05:00.000Z,KSU1,X,variation,channel,37147.797164153795,nT
2026-04-15T12:06:00.000Z,KSU1,X,variation,channel,37147.57529163834,nT
2026-04-15T12:07:00.000Z,KSU1,X,variation,channel,37147.901451714024,nT
2026-04-15T12:08:00.000Z,KSU1,X,variation,channel,37147.97156254535,nT
2026-04-15T12:09:00.000Z,KSU1,X,variation,channel,37147.84557585185,nT
2026-04-15T12:10:00.000Z,KSU1,X,variation,channel,37147.91416592909,nT
2026-04-15T12:11:00.000Z,KSU1,X,variation,channel,37147.5699749315,nT
2026-04-15T12:12:00.000Z,KSU1,X,variation,channel,37147.8280192939,nT
2026-04-15T12:13:00.000Z,KSU1,X,variation,channel,37147.85908362366,nT
2026-04-15T12:14:00.000Z,KSU1,X,variation,channel,37148.04785618198,nT
2026-04-15T12:15:00.000Z,KSU1,X,variation,channel,37147.97547381669,nT
2026-04-15T12:16:00.000Z,KSU1,X,variation,channel,37148.14361501872,nT
2026-04-15T12:17:00.000Z,KSU1,X,variation,channel,37148.19006529353,nT
2026-04-15T12:18:00.000Z,KSU1,X,variation,channel,37148.30538564996,nT
2026-04-15T12:19:00.000Z,KSU1,X,variation,channel,37148.44085353695,nT
2026-04-15T12:20:00.000Z,KSU1,X,variation,channel,37148.245674596794,nT
2026-04-15T12:21:00.000Z,KSU1,X,variation,channel,37148.098158408044,nT
2026-04-15T12:22:00.000Z,KSU1,X,variation,channel,37147.935994326006,nT
2026-04-15T12:23:00.000Z,KSU1,X,variation,channel,37147.67045533927,nT
2026-04-15T12:24:00.000Z,KSU1,X,variation,channel,37147.533065502874,nT
2026-04-15T12:25:00.000Z,KSU1,X,variation,channel,37147.66005235841,nT
2026-04-15T12:26:00.000Z,KSU1,X,variation,channel,37147.549729240534,nT
2026-04-15T12:27:00.000Z,KSU1,X,variation,channel,37147.51414542317,nT
2026-04-15T12:28:00.000Z,KSU1,X,variation,channel,37147.535658717534,nT
2026-04-15T12:29:00.000Z,KSU1,X,variation,channel,37147.328108715235,nT
2026-04-15T12:30:00.000Z,KSU1,X,variation,channel,37147.08902925091,nT
2026-04-15T12:31:00.000Z,KSU1,X,variation,channel,37147.15592114592,nT
2026-04-15T12:32:00.000Z,KSU1,X,variation,channel,37147.23853239832,nT
2026-04-15T12:33:00.000Z,KSU1,X,variation,channel,37147.042142413724,nT
2026-04-15T12:34:00.000Z,KSU1,X,variation,channel,37147.24170200253,nT
2026-04-15T12:35:00.000Z,KSU1,X,variation,channel,37146.860121899845,nT
2026-04-15T12:36:00.000Z,KSU1,X,variation,channel,37146.80258096843,nT
2026-04-15T12:37:00.000Z,KSU1,X,variation,channel,37147.43106272709,nT
2026-04-15T12:38:00.000Z,KSU1,X,variation,channel,37146.84727567904,nT
2026-04-15T12:39:00.000Z,KSU1,X,variation,channel,37146.57087470443,nT
2026-04-15T12:40:00.000Z,KSU1,X,variation,channel,37146.83261244309,nT
2026-04-15T12:41:00.000Z,KSU1,X,variation,channel,37146.760137739366,nT
2026-04-15T12:42:00.000Z,KSU1,X,variation,channel,37146.280037366465,nT
2026-04-15T12:43:00.000Z,KSU1,X,variation,channel,37146.274241493404,nT
2026-04-15T12:44:00.000Z,KSU1,X,variation,channel,37146.65552934945,nT
2026-04-15T12:45:00.000Z,KSU1,X,variation,channel,37146.67089110392,nT
2026-04-15T12:46:00.000Z,KSU1,X,variation,channel,37146.575109851154,nT
2026-04-15T12:47:00.000Z,KSU1,X,variation,channel,37146.554056573106,nT
2026-04-15T12:48:00.000Z,KSU1,X,variation,channel,37146.46595906291,nT
2026-04-15T12:49:00.000Z,KSU1,X,variation,channel,37146.597108829395,nT
2026-04-15T12:50:00.000Z,KSU1,X,variation,channel,37146.488789629606,nT
2026-04-15T12:51:00.000Z,KSU1,X,variation,channel,37146.45612756188,nT
2026-04-15T12:52:00.000Z,KSU1,X,variation,channel,37146.22897154501,nT
2026-04-15T12:53:00.000Z,KSU1,X,variation,channel,37146.0294182721,nT
2026-04-15T12:54:00.000Z,KSU1,X,variation,channel,37145.922396211296,nT
2026-04-15T12:55:00.000Z,KSU1,X,variation,channel,37146.12338546349,nT
2026-04-15T12:56:00.000Z,KSU1,X,variation,channel,37146.23316630964,nT
2026-04-15T12:57:00.000Z,KSU1,X,variation,channel,37145.17729607101,nT
2026-04-15T12:58:00.000Z,KSU1,X,variation,channel,37145.581102261116,nT
2026-04-15T12:59:00.000Z,KSU1,X,variation,channel,37145.9426562425,nT
2026-04-15T13:00:00.000Z,KSU1,X,variation,channel,37146.1269172193,nT
2026-04-15T13:01:00.000Z,KSU1,X,variation,channel,37146.02037009635,nT
2026-04-15T13:02:00.000Z,KSU1,X,variation,channel,37145.89663007192,nT
2026-04-15T13:03:00.000Z,KSU1,X,variation,channel,37145.82901003861,nT
2026-04-15T13:04:00.000Z,KSU1,X,variation,channel,37146.020428840326,nT
2026-04-15T13:05:00.000Z,KSU1,X,variation,channel,37145.61277388738,nT
2026-04-15T13:06:00.000Z,KSU1,X,variation,channel,37145.717548160486,nT
2026-04-15T13:07:00.000Z,KSU1,X,variation,channel,37145.953825047894,nT
2026-04-15T13:08:00.000Z,KSU1,X,variation,channel,37145.987957644335,nT
2026-04-15T13:09:00.000Z,KSU1,X,variation,channel,37145.88249948851,nT
2026-04-15T13:10:00.000Z,KSU1,X,variation,channel,37146.21361346633,nT
2026-04-15T13:11:00.000Z,KSU1,X,variation,channel,37145.88401362903,nT
2026-04-15T13:12:00.000Z,KSU1,X,variation,channel,37146.12415403851,nT
2026-04-15T13:13:00.000Z,KSU1,X,variation,channel,37146.221251743395,nT
2026-04-15T13:14:00.000Z,KSU1,X,variation,channel,37146.11673892686,nT
2026-04-15T13:15:00.000Z,KSU1,X,variation,channel,37146.26541744513,nT
2026-04-15T13:16:00.000Z,KSU1,X,variation,channel,37145.91608311598,nT
2026-04-15T13:17:00.000Z,KSU1,X,variation,channel,37145.86463412995,nT
2026-04-15T13:18:00.000Z,KSU1,X,variation,channel,37145.6992333567,nT
2026-04-15T13:19:00.000Z,KSU1,X,variation,channel,37145.80265621258,nT
2026-04-15T13:20:00.000Z,KSU1,X,variation,channel,37146.14913396773,nT
2026-04-15T13:21:00.000Z,KSU1,X,variation,channel,37146.03479508309,nT
2026-04-15T13:22:00.000Z,KSU1,X,variation,channel,37146.083658391064,nT
2026-04-15T13:23:00.000Z,KSU1,X,variation,channel,37145.85057555967,nT
2026-04-15T13:24:00.000Z,KSU1,X,variation,channel,37146.02795112868,nT
2026-04-15T13:25:00.000Z,KSU1,X,variation,channel,37145.90719219396,nT
2026-04-15T13:26:00.000Z,KSU1,X,variation,channel,37145.5898882848,nT
2026-04-15T13:27:00.000Z,KSU1,X,variation,channel,37145.917572642276,nT
2026-04-15T13:28:00.000Z,KSU1,X,variation,channel,37145.493539944255,nT
2026-04-15T13:29:00.000Z,KSU1,X,variation,channel,37145.12826027953,nT
2026-04-15T13:30:00.000Z,KSU1,X,variation,channel,37144.63453027645,nT
2026-04-15T13:31:00.000Z,KSU1,X,variation,channel,37144.271431421475,nT
2026-04-15T13:32:00.000Z,KSU1,X,variation,channel,37144.22381212455,nT
2026-04-15T13:33:00.000Z,KSU1,X,variation,channel,37143.749957508284,nT
2026-04-15T13:34:00.000Z,KSU1,X,variation,channel,37143.64573124923,nT
2026-04-15T13:35:00.000Z,KSU1,X,variation,channel,37143.994122744036,nT
2026-04-15T13:36:00.000Z,KSU1,X,variation,channel,37143.793496300015,nT
2026-04-15T13:37:00.000Z,KSU1,X,variation,channel,37143.315126231886,nT
2026-04-15T13:38:00.000Z,KSU1,X,variation,channel,37143.459278439106,nT
2026-04-15T13:39:00.000Z,KSU1,X,variation,channel,37142.6548604857,nT
2026-04-15T13:40:00.000Z,KSU1,X,variation,channel,37142.22178048134,nT
2026-04-15T13:41:00.000Z,KSU1,X,variation,channel,37142.323880204305,nT
2026-04-15T13:42:00.000Z,KSU1,X,variation,channel,37141.97297229269,nT
2026-04-15T13:43:00.000Z,KSU1,X,variation,channel,37142.31210928435,nT
2026-04-15T13:44:00.000Z,KSU1,X,variation,channel,37142.49271914623,nT
2026-04-15T13:45:00.000Z,KSU1,X,variation,channel,37142.537837481665,nT
2026-04-15T13:46:00.000Z,KSU1,X,variation,channel,37142.598916394636,nT
2026-04-15T13:47:00.000Z,KSU1,X,variation,channel,37142.45949146711,nT
2026-04-15T13:48:00.000Z,KSU1,X,variation,channel,37142.49280080715,nT
2026-04-15T13:49:00.000Z,KSU1,X,variation,channel,37142.45283420527,nT
2026-04-15T13:50:00.000Z,KSU1,X,variation,channel,37142.36029989448,nT
2026-04-15T13:51:00.000Z,KSU1,X,variation,channel,37142.5711196648,nT
2026-04-15T13:52:00.000Z,KSU1,X,variation,channel,37142.181485125686,nT
2026-04-15T13:53:00.000Z,KSU1,X,variation,channel,37142.77316057751,nT
2026-04-15T13:54:00.000Z,KSU1,X,variation,channel,37142.587866954986,nT
2026-04-15T13:55:00.000Z,KSU1,X,variation,channel,37142.08250514568,nT
2026-04-15T13:56:00.000Z,KSU1,X,variation,channel,37142.59248338202,nT
2026-04-15T13:57:00.000Z,KSU1,X,variation,channel,37141.464176706315,nT
2026-04-15T13:58:00.000Z,KSU1,X,variation,channel,37140.66455755993,nT
2026-04-15T13:59:00.000Z,KSU1,X,variation,channel,37140.43329798619,nT
2026-04-15T14:00:00.000Z,KSU1,X,variation,channel,37139.87528847973,nT
2026-04-15T14:01:00.000Z,KSU1,X,variation,channel,37139.308934703105,nT
2026-04-15T14:02:00.000Z,KSU1,X,variation,channel,37139.84397133148,nT
2026-04-15T14:03:00.000Z,KSU1,X,variation,channel,37139.70869944511,nT
2026-04-15T14:04:00.000Z,KSU1,X,variation,channel,37140.16663891935,nT
2026-04-15T14:05:00.000Z,KSU1,X,variation,channel,37139.830166512766,nT
2026-04-15T14:06:00.000Z,KSU1,X,variation,channel,37138.94508097858,nT
2026-04-15T14:07:00.000Z,KSU1,X,variation,channel,37138.21932726029,nT
2026-04-15T14:08:00.000Z,KSU1,X,variation,channel,37136.10997589863,nT
2026-04-15T14:09:00.000Z,KSU1,X,variation,channel,37136.42036007041,nT
2026-04-15T14:10:00.000Z,KSU1,X,variation,channel,37135.63418272197,nT
2026-04-15T14:11:00.000Z,KSU1,X,variation,channel,37135.63329858687,nT
2026-04-15T14:12:00.000Z,KSU1,X,variation,channel,37135.42613717661,nT
2026-04-15T14:13:00.000Z,KSU1,X,variation,channel,37134.58627148536,nT
2026-04-15T14:14:00.000Z,KSU1,X,variation,channel,37135.34877282883,nT
2026-04-15T14:15:00.000Z,KSU1,X,variation,channel,37135.464822597954,nT
2026-04-15T14:16:00.000Z,KSU1,X,variation,channel,37135.379426353466,nT
2026-04-15T14:17:00.000Z,KSU1,X,variation,channel,37135.48267775437,nT
2026-04-15T14:18:00.000Z,KSU1,X,variation,channel,37135.607292296125,nT
2026-04-15T14:19:00.000Z,KSU1,X,variation,channel,37135.81852969795,nT
2026-04-15T14:20:00.000Z,KSU1,X,variation,channel,37136.51175293327,nT
2026-04-15T14:21:00.000Z,KSU1,X,variation,channel,37135.62452445952,nT
2026-04-15T14:22:00.000Z,KSU1,X,variation,channel,37135.909601560095,nT
2026-04-15T14:23:00.000Z,KSU1,X,variation,channel,37136.99765746576,nT
2026-04-15T14:24:00.000Z,KSU1,X,variation,channel,37137.31101446076,nT
2026-04-15T14:25:00.000Z,KSU1,X,variation,channel,37137.52122631377,nT
2026-04-15T14:26:00.000Z,KSU1,X,variation,channel,37137.0049299335,nT
2026-04-15T14:27:00.000Z,KSU1,X,variation,channel,37136.713867815764,nT
2026-04-15T14:28:00.000Z,KSU1,X,variation,channel,37136.44946983239,nT
2026-04-15T14:29:00.000Z,KSU1,X,variation,channel,37136.22790919942,nT
2026-04-15T14:30:00.000Z,KSU1,X,variation,channel,37136.40090370369,nT
2026-04-15T14:31:00.000Z,KSU1,X,variation,channel,37136.466136314026,nT
2026-04-15T14:32:00.000Z,KSU1,X,variation,channel,37136.301011687574,nT
2026-04-15T14:33:00.000Z,KSU1,X,variation,channel,37135.9131490836,nT
2026-04-15T14:34:00.000Z,KSU1,X,variation,channel,37135.85319832829,nT
2026-04-15T14:35:00.000Z,KSU1,X,variation,channel,37135.69342264082,nT
2026-04-15T14:36:00.000Z,KSU1,X,variation,channel,37135.32542848394,nT
2026-04-15T14:37:00.000Z,KSU1,X,variation,channel,37134.89163050253,nT
2026-04-15T14:38:00.000Z,KSU1,X,variation,channel,37134.93549782243,nT
2026-04-15T14:39:00.000Z,KSU1,X,variation,channel,37134.907276083155,nT
2026-04-15T14:40:00.000Z,KSU1,X,variation,channel,37134.77042343151,nT
2026-04-15T14:41:00.000Z,KSU1,X,variation,channel,37134.39512304361,nT
2026-04-15T14:42:00.000Z,KSU1,X,variation,channel,37134.490440765665,nT
2026-04-15T14:43:00.000Z,KSU1,X,variation,channel,37134.27435265264,nT
2026-04-15T14:44:00.000Z,KSU1,X,variation,channel,37133.96108978174,nT
2026-04-15T14:45:00.000Z,KSU1,X,variation,channel,37134.07883141747,nT
2026-04-15T14:46:00.000Z,KSU1,X,variation,channel,37133.88937004526,nT
2026-04-15T14:47:00.000Z,KSU1,X,variation,channel,37133.86409546478,nT
2026-04-15T14:48:00.000Z,KSU1,X,variation,channel,37133.31549313458,nT
2026-04-15T14:49:00.000Z,KSU1,X,variation,channel,37132.59994843848,nT
2026-04-15T14:50:00.000Z,KSU1,X,variation,channel,37132.20119972289,nT
2026-04-15T14:51:00.000Z,KSU1,X,variation,channel,37139.6606009548,nT
2026-04-15T14:52:00.000Z,KSU1,X,variation,channel,37139.21880749554,nT
2026-04-15T14:53:00.000Z,KSU1,X,variation,channel,37138.83871349283,nT
2026-04-15T14:54:00.000Z,KSU1,X,variation,channel,37138.63165543507,nT
2026-04-15T14:55:00.000Z,KSU1,X,variation,channel,37138.64082725594,nT
2026-04-15T14:56:00.000Z,KSU1,X,variation,channel,37138.567438139085,nT
2026-04-15T14:57:00.000Z,KSU1,X,variation,channel,37138.77427493269,nT
2026-04-15T14:58:00.000Z,KSU1,X,variation,channel,37138.51838985266,nT
2026-04-15T14:59:00.000Z,KSU1,X,variation,channel,37138.35362463407,nT
2026-04-15T15:00:00.000Z,KSU1,X,variation,channel,37138.68897270501,nT
2026-04-15T15:01:00.000Z,KSU1,X,variation,channel,37138.294704876076,nT
2026-04-15T15:02:00.000Z,KSU1,X,variation,channel,37138.407324885724,nT
2026-04-15T15:03:00.000Z,KSU1,X,variation,channel,37138.62296361614,nT
2026-04-15T15:04:00.000Z,KSU1,X,variation,channel,37138.12707312366,nT
2026-04-15T15:05:00.000Z,KSU1,X,variation,channel,37137.921378064006,nT
2026-04-15T15:06:00.000Z,KSU1,X,variation,channel,37137.928965005514,nT
2026-04-15T15:07:00.000Z,KSU1,X,variation,channel,37137.37406330253,nT
2026-04-15T15:08:00.000Z,KSU1,X,variation,channel,37137.57713473165,nT
2026-04-15T15:09:00.000Z,KSU1,X,variation,channel,37137.564131911575,nT
2026-04-15T15:10:00.000Z,KSU1,X,variation,channel,37137.72434381601,nT
2026-04-15T15:11:00.000Z,KSU1,X,variation,channel,37138.47866867608,nT
2026-04-15T15:12:00.000Z,KSU1,X,variation,channel,37138.55426391955,nT
2026-04-15T15:13:00.000Z,KSU1,X,variation,channel,37139.375177132395,nT
2026-04-15T15:14:00.000Z,KSU1,X,variation,channel,37139.67071926855,nT
2026-04-15T15:15:00.000Z,KSU1,X,variation,channel,37139.793019033335,nT
2026-04-15T15:16:00.000Z,KSU1,X,variation,channel,37139.82590154117,nT
2026-04-15T15:17:00.000Z,KSU1,X,variation,channel,37138.654159624995,nT
2026-04-15T15:18:00.000Z,KSU1,X,variation,channel,37137.600975742025,nT
2026-04-15T15:19:00.000Z,KSU1,X,variation,channel,37136.13247065723,nT
2026-04-15T15:20:00.000Z,KSU1,X,variation,channel,37135.54783565382,nT
2026-04-15T15:21:00.000Z,KSU1,X,variation,channel,37135.97265964856,nT
2026-04-15T15:22:00.000Z,KSU1,X,variation,channel,37136.57376136628,nT
2026-04-15T15:23:00.000Z,KSU1,X,variation,channel,37136.97404776312,nT
2026-04-15T15:24:00.000Z,KSU1,X,variation,channel,37136.869563269924,nT
2026-04-15T15:25:00.000Z,KSU1,X,variation,channel,37136.00302117753,nT
2026-04-15T15:26:00.000Z,KSU1,X,variation,channel,37136.15119590163,nT
2026-04-15T15:27:00.000Z,KSU1,X,variation,channel,37137.00707809673,nT
2026-04-15T15:28:00.000Z,KSU1,X,variation,channel,37137.116524138284,nT
2026-04-15T15:29:00.000Z,KSU1,X,variation,channel,37136.96198787622,nT
2026-04-15T15:30:00.000Z,KSU1,X,variation,channel,37136.99068963052,nT
2026-04-15T15:31:00.000Z,KSU1,X,variation,channel,37137.18488844769,nT
2026-04-15T15:32:00.000Z,KSU1,X,variation,channel,37136.88169621723,nT
2026-04-15T15:33:00.000Z,KSU1,X,variation,channel,37136.47680289833,nT
2026-04-15T15:34:00.000Z,KSU1,X,variation,channel,37135.8555853225,nT
2026-04-15T15:35:00.000Z,KSU1,X,variation,channel,37135.80290105229,nT
2026-04-15T15:36:00.000Z,KSU1,X,variation,channel,37135.873788634475,nT
2026-04-15T15:37:00.000Z,KSU1,X,variation,channel,37135.092733952326,nT
2026-04-15T15:38:00.000Z,KSU1,X,variation,channel,37135.03787970257,nT
2026-04-15T15:39:00.000Z,KSU1,X,variation,channel,37135.12912281859,nT
2026-04-15T15:40:00.000Z,KSU1,X,variation,channel,37135.18027345652,nT
2026-04-15T15:41:00.000Z,KSU1,X,variation,channel,37135.482457448525,nT
2026-04-15T15:42:00.000Z,KSU1,X,variation,channel,37134.594894864254,nT
2026-04-15T15:43:00.000Z,KSU1,X,variation,channel,37133.45564413555,nT
2026-04-15T15:44:00.000Z,KSU1,X,variation,channel,37133.40201937099,nT
2026-04-15T15:45:00.000Z,KSU1,X,variation,channel,37132.387474577095,nT
2026-04-15T15:46:00.000Z,KSU1,X,variation,channel,37131.754689438545,nT
2026-04-15T15:47:00.000Z,KSU1,X,variation,channel,37131.16694311918,nT
2026-04-15T15:48:00.000Z,KSU1,X,variation,channel,37131.07938478891,nT
2026-04-15T15:49:00.000Z,KSU1,X,variation,channel,37130.673552424705,nT
2026-04-15T15:50:00.000Z,KSU1,X,variation,channel,37130.37538878334,nT
2026-04-15T15:51:00.000Z,KSU1,X,variation,channel,37130.70140155941,nT
2026-04-15T15:52:00.000Z,KSU1,X,variation,channel,37130.57364404409,nT
2026-04-15T15:53:00.000Z,KSU1,X,variation,channel,37130.20245385741,nT
2026-04-15T15:54:00.000Z,KSU1,X,variation,channel,37130.22559726016,nT
2026-04-15T15:55:00.000Z,KSU1,X,variation,channel,37129.92367942404,nT
2026-04-15T15:56:00.000Z,KSU1,X,variation,channel,37130.25989947284,nT
2026-04-15T15:57:00.000Z,KSU1,X,variation,channel,37130.749034833985,nT
2026-04-15T15:58:00.000Z,KSU1,X,variation,channel,37130.7075473839,nT
2026-04-15T15:59:00.000Z,KSU1,X,variation,channel,37130.85475130546,nT
2026-04-15T16:00:00.000Z,KSU1,X,variation,channel,37130.98699275243,nT
2026-04-15T16:01:00.000Z,KSU1,X,variation,channel,37130.66641920036,nT
2026-04-15T16:02:00.000Z,KSU1,X,variation,channel,37129.92966896996,nT
2026-04-15T16:03:00.000Z,KSU1,X,variation,channel,37129.75013524189,nT
2026-04-15T16:04:00.000Z,KSU1,X,variation,channel,37129.682006691495,nT
2026-04-15T16:05:00.000Z,KSU1,X,variation,channel,37129.59567547554,nT
2026-04-15T16:06:00.000Z,KSU1,X,variation,channel,37129.93952877714,nT
2026-04-15T16:07:00.000Z,KSU1,X,variation,channel,37129.407871798256,nT
2026-04-15T16:08:00.000Z,KSU1,X,variation,channel,37128.97844670937,nT
2026-04-15T16:09:00.000Z,KSU1,X,variation,channel,37128.560166758005,nT
2026-04-15T16:10:00.000Z,KSU1,X,variation,channel,37128.201525644065,nT
2026-04-15T16:11:00.000Z,KSU1,X,variation,channel,37128.35879483015,nT
2026-04-15T16:12:00.000Z,KSU1,X,variation,channel,37128.00223943213,nT
2026-04-15T16:13:00.000Z,KSU1,X,variation,channel,37127.77145229322,nT
2026-04-15T16:14:00.000Z,KSU1,X,variation,channel,37128.413730063854,nT
2026-04-15T16:15:00.000Z,KSU1,X,variation,channel,37128.6641172232,nT
2026-04-15T16:16:00.000Z,KSU1,X,variation,channel,37128.69694162272,nT
2026-04-15T16:17:00.000Z,KSU1,X,variation,channel,37129.24751219658,nT
2026-04-15T16:18:00.000Z,KSU1,X,variation,channel,37129.34360862098,nT
2026-04-15T16:19:00.000Z,KSU1,X,variation,channel,37129.94469014955,nT
2026-04-15T16:20:00.000Z,KSU1,X,variation,channel,37130.701415793104,nT
2026-04-15T16:21:00.000Z,KSU1,X,variation,channel,37129.93892742323,nT
2026-04-15T16:22:00.000Z,KSU1,X,variation,channel,37129.76593416764,nT
2026-04-15T16:23:00.000Z,KSU1,X,variation,channel,37129.975785763614,nT
2026-04-15T16:24:00.000Z,KSU1,X,variation,channel,37130.17170307127,nT
2026-04-15T16:25:00.000Z,KSU1,X,variation,channel,37130.47307994188,nT
2026-04-15T16:26:00.000Z,KSU1,X,variation,channel,37130.97601222844,nT
2026-04-15T16:27:00.000Z,KSU1,X,variation,channel,37130.95979256109,nT
2026-04-15T16:28:00.000Z,KSU1,X,variation,channel,37130.61578271258,nT
2026-04-15T16:29:00.000Z,KSU1,X,variation,channel,37130.11910190396,nT
2026-04-15T16:30:00.000Z,KSU1,X,variation,channel,37129.39802526157,nT
2026-04-15T16:31:00.000Z,KSU1,X,variation,channel,37129.42093131509,nT
2026-04-15T16:32:00.000Z,KSU1,X,variation,channel,37129.15726618617,nT
2026-04-15T16:33:00.000Z,KSU1,X,variation,channel,37129.23232126881,nT
2026-04-15T16:34:00.000Z,KSU1,X,variation,channel,37129.15218036945,nT
2026-04-15T16:35:00.000Z,KSU1,X,variation,channel,37129.153220733264,nT
2026-04-15T16:36:00.000Z,KSU1,X,variation,channel,37128.303236436346,nT
2026-04-15T16:37:00.000Z,KSU1,X,variation,channel,37127.564234533835,nT
2026-04-15T16:38:00.000Z,KSU1,X,variation,channel,37127.043810688265,nT
2026-04-15T16:39:00.000Z,KSU1,X,variation,channel,37127.508206012375,nT
2026-04-15T16:40:00.000Z,KSU1,X,variation,channel,37128.13725140426,nT
2026-04-15T16:41:00.000Z,KSU1,X,variation,channel,37128.32760751242,nT
2026-04-15T16:42:00.000Z,KSU1,X,variation,channel,37128.16897931765,nT
2026-04-15T16:43:00.000Z,KSU1,X,variation,channel,37127.90029791054,nT
2026-04-15T16:44:00.000Z,KSU1,X,variation,channel,37127.61265478391,nT
2026-04-15T16:45:00.000Z,KSU1,X,variation,channel,37127.94997243683,nT
2026-04-15T16:46:00.000Z,KSU1,X,variation,channel,37127.894710533874,nT
2026-04-15T16:47:00.000Z,KSU1,X,variation,channel,37127.98336596275,nT
2026-04-15T16:48:00.000Z,KSU1,X,variation,channel,37127.69935092762,nT
2026-04-15T16:49:00.000Z,KSU1,X,variation,channel,37127.77106554261,nT
2026-04-15T16:50:00.000Z,KSU1,X,variation,channel,37127.75159215148,nT
2026-04-15T16:51:00.000Z,KSU1,X,variation,channel,37127.68169975446,nT
2026-04-15T16:52:00.000Z,KSU1,X,variation,channel,37128.19416891596,nT
2026-04-15T16:53:00.000Z,KSU1,X,variation,channel,37128.44910257026,nT
2026-04-15T16:54:00.000Z,KSU1,X,variation,channel,37128.02342904479,nT
2026-04-15T16:55:00.000Z,KSU1,X,variation,channel,37128.14530183906,nT
2026-04-15T16:56:00.000Z,KSU1,X,variation,channel,37129.1703151698,nT
2026-04-15T16:57:00.000Z,KSU1,X,variation,channel,37129.28023956752,nT
2026-04-15T16:58:00.000Z,KSU1,X,variation,channel,37128.67588363509,nT
2026-04-15T16:59:00.000Z,KSU1,X,variation,channel,37128.825363542586,nT
2026-04-15T17:00:00.000Z,KSU1,X,variation,channel,37128.67382514109,nT
2026-04-15T17:01:00.000Z,KSU1,X,variation,channel,37128.13364288212,nT
2026-04-15T17:02:00.000Z,KSU1,X,variation,channel,37128.22660086885,nT
2026-04-15T17:03:00.000Z,KSU1,X,variation,channel,37128.5958163517,nT
2026-04-15T17:04:00.000Z,KSU1,X,variation,channel,37129.2252034546,nT
2026-04-15T17:05:00.000Z,KSU1,X,variation,channel,37129.43801670258,nT
2026-04-15T17:06:00.000Z,KSU1,X,variation,channel,37129.86758040095,nT
2026-04-15T17:07:00.000Z,KSU1,X,variation,channel,37129.69497138095,nT
2026-04-15T17:08:00.000Z,KSU1,X,variation,channel,37129.58238914483,nT
2026-04-15T17:09:00.000Z,KSU1,X,variation,channel,37129.86622072892,nT
2026-04-15T17:10:00.000Z,KSU1,X,variation,channel,37130.119893625444,nT
2026-04-15T17:11:00.000Z,KSU1,X,variation,channel,37130.308082592914,nT
2026-04-15T17:12:00.000Z,KSU1,X,variation,channel,37130.31534744807,nT
2026-04-15T17:13:00.000Z,KSU1,X,variation,channel,37130.350111636544,nT
2026-04-15T17:14:00.000Z,KSU1,X,variation,channel,37129.58839408598,nT
2026-04-15T17:15:00.000Z,KSU1,X,variation,channel,37129.4928473222,nT
2026-04-15T17:16:00.000Z,KSU1,X,variation,channel,37129.480814182694,nT
2026-04-15T17:17:00.000Z,KSU1,X,variation,channel,37129.52759626662,nT
2026-04-15T17:18:00.000Z,KSU1,X,variation,channel,37130.06662909131,nT
2026-04-15T17:19:00.000Z,KSU1,X,variation,channel,37130.00923882172,nT
2026-04-15T17:20:00.000Z,KSU1,X,variation,channel,37130.59942169433,nT
2026-04-15T17:21:00.000Z,KSU1,X,variation,channel,37130.723806911825,nT
2026-04-15T17:22:00.000Z,KSU1,X,variation,channel,37130.81432530051,nT
2026-04-15T17:23:00.000Z,KSU1,X,variation,channel,37130.68995080931,nT
2026-04-15T17:24:00.000Z,KSU1,X,variation,channel,37130.610052747244,nT
2026-04-15T17:25:00.000Z,KSU1,X,variation,channel,37130.29782060361,nT
2026-04-15T17:26:00.000Z,KSU1,X,variation,channel,37130.32638445866,nT
2026-04-15T17:27:00.000Z,KSU1,X,variation,channel,37129.94362648137,nT
2026-04-15T17:28:00.000Z,KSU1,X,variation,channel,37130.20873399286,nT
2026-04-15T17:29:00.000Z,KSU1,X,variation,channel,37129.93993523027,nT
2026-04-15T17:30:00.000Z,KSU1,X,variation,channel,37130.15078272645,nT